;sequence;code_div_1;label_div_1;score_div_1;code_div_2;label_div_2;score_div_2;code_div_3;label_div_3;score_div_3;code_gr_1;label_gr_1;score_gr_1;code_gr_2;label_gr_2;score_gr_2;code_gr_3;label_gr_3;score_gr_3;code_gr_4;label_gr_4;score_gr_4;code_gr_5;label_gr_5;score_gr_5
0;Quelles sont les mathématiques utilisées par les ingénieurs au quotidien? Une étude sur les pratiques des ingénieurs pour déterminer leurs besoins mathématiques (Education and social work);RDF20-21;Engineering and technology;0.4032253921031952;RDF10;Natural sciences;0.36929839849472046;RDF50;Social sciences;0.07658205926418304;RDF204;Mechanical engineering;0.9977786540985107;RDF203;Electrical engineering, computer engineering, and information engineering;0.9933589100837708;RDF102;Computer and information sciences;0.993248462677002;RDF103;Physical sciences;0.9931627511978149;RDF201;Civil engineering, maritime engineering, transport engineering, and mining engineering;0.9884250164031982
1;High-tech paper: Security printing and the aesthetics of trust (Communications, media studies, gender studies, library and information science, related fields);RDF20-21;Engineering and technology;0.29623109102249146;RDF50;Social sciences;0.2262427806854248;RDF30;Medical, health and life sciences;0.1551908403635025;RDF508;Media and communications;0.9990800619125366;RDF201;Civil engineering, maritime engineering, transport engineering, and mining engineering;0.9989677667617798;RDF203;Electrical engineering, computer engineering, and information engineering;0.9985191822052002;RDF102;Computer and information sciences;0.9985134601593018;RDF604;Arts (arts, history of arts, performing arts, music), architecture and design;0.998513400554657
2;Integrin Alpha8 is a novel mediator of T lymphocyte migration across the CNS barriers (Systems & Circuits Neurosciences);RDF20-21;Engineering and technology;0.5223236680030823;RDF10;Natural sciences;0.27150771021842957;RDF30;Medical, health and life sciences;0.0626574158668518;RDF102;Computer and information sciences;0.9933136701583862;RDF303;Health sciences;0.9923415184020996;RDF604;Arts (arts, history of arts, performing arts, music), architecture and design;0.9873384833335876;RDF508;Media and communications;0.9707432985305786;RDF106;Biological sciences;0.9682464003562927
3;Growing up trans: A qualitative, international, and longitudinal investigation of trans youth access to gender affirming medical care, gender affirmation and well-being (Social & Developmental Aspects of Children's & Youth's Health);RDF30;Medical, health and life sciences;0.2645655572414398;RDF10;Natural sciences;0.2604638338088989;RDF20-21;Engineering and technology;0.24853633344173431;RDF604;Arts (arts, history of arts, performing arts, music), architecture and design;0.9984899759292603;RDF102;Computer and information sciences;0.9980543851852417;RDF105;Earth and related environmental sciences;0.9969125986099243;RDF201;Civil engineering, maritime engineering, transport engineering, and mining engineering;0.9955229163169861;RDF103;Physical sciences;0.9950563311576843
4;Programmable DNA-based switches and nanomachines for sensing and drug delivery applications (Chemistry);RDF10;Natural sciences;0.26786255836486816;RDF20-21;Engineering and technology;0.2586091160774231;RDF30;Medical, health and life sciences;0.20820453763008118;RDF604;Arts (arts, history of arts, performing arts, music), architecture and design;0.9984207153320312;RDF201;Civil engineering, maritime engineering, transport engineering, and mining engineering;0.9981933236122131;RDF203;Electrical engineering, computer engineering, and information engineering;0.9981649518013;RDF202;Industrial, systems and processes engineering;0.9980199337005615;RDF205;Chemical engineering;0.9976494908332825
5;Interactions between attention, perception and reaching movements (Biological Systems and Functions);RDF40;Agricultural and veterinary sciences;0.2876562476158142;RDF10;Natural sciences;0.2167106419801712;RDF50;Social sciences;0.1754976361989975;RDF604;Arts (arts, history of arts, performing arts, music), architecture and design;0.9990871548652649;RDF508;Media and communications;0.9985017776489258;RDF201;Civil engineering, maritime engineering, transport engineering, and mining engineering;0.997279703617096;RDF302;Clinical medicine;0.9964550137519836;RDF203;Electrical engineering, computer engineering, and information engineering;0.9962345957756042
6;Design and Management of Fog Networks (Computer Science);RDF20-21;Engineering and technology;0.2891579270362854;RDF40;Agricultural and veterinary sciences;0.1924327164888382;RDF30;Medical, health and life sciences;0.15538087487220764;RDF604;Arts (arts, history of arts, performing arts, music), architecture and design;0.9989309310913086;RDF102;Computer and information sciences;0.9963994026184082;RDF201;Civil engineering, maritime engineering, transport engineering, and mining engineering;0.9929472804069519;RDF202;Industrial, systems and processes engineering;0.98873370885849;RDF203;Electrical engineering, computer engineering, and information engineering;0.9878058433532715
7;Polymer Porous Fibrous Structures with Antiviral Properties (Materials and Chemical Engineering);RDF20-21;Engineering and technology;0.2531316876411438;RDF10;Natural sciences;0.21778737008571625;RDF30;Medical, health and life sciences;0.18519510328769684;RDF604;Arts (arts, history of arts, performing arts, music), architecture and design;0.9985619187355042;RDF201;Civil engineering, maritime engineering, transport engineering, and mining engineering;0.998513400554657;RDF508;Media and communications;0.9976677298545837;RDF202;Industrial, systems and processes engineering;0.9957020282745361;RDF105;Earth and related environmental sciences;0.9947084188461304
8;L'art Noir: cartographies for an emerging field (Multidisciplinary or interdisciplinary humanities);RDF50;Social sciences;0.26200273633003235;RDF20-21;Engineering and technology;0.19432398676872253;RDF30;Medical, health and life sciences;0.15432457625865936;RDF604;Arts (arts, history of arts, performing arts, music), architecture and design;0.9988213181495667;RDF201;Civil engineering, maritime engineering, transport engineering, and mining engineering;0.9978510141372681;RDF102;Computer and information sciences;0.9966036081314087;RDF203;Electrical engineering, computer engineering, and information engineering;0.9963924288749695;RDF508;Media and communications;0.9963358044624329
9;System Identification of Human Postural Control: A Multimodal Sensory Stimulation Approach for Diagnosing Balance Disorders;RDF20-21;Engineering and technology;0.3519883453845978;RDF30;Medical, health and life sciences;0.2085462063550949;RDF10;Natural sciences;0.19438643753528595;RDF604;Arts (arts, history of arts, performing arts, music), architecture and design;0.99903404712677;RDF508;Media and communications;0.9988818168640137;RDF102;Computer and information sciences;0.9984176158905029;RDF103;Physical sciences;0.9967077970504761;RDF202;Industrial, systems and processes engineering;0.9940196871757507
10;Transitioning patients with advanced chronic kidney disease to home or facility dialysis: understanding the experience and quality of life for patients and their caregivers (TRANSIT-CARE);RDF30;Medical, health and life sciences;0.30380427837371826;RDF20-21;Engineering and technology;0.2876361012458801;RDF10;Natural sciences;0.2639497220516205;RDF508;Media and communications;0.9984452128410339;RDF102;Computer and information sciences;0.9983190894126892;RDF604;Arts (arts, history of arts, performing arts, music), architecture and design;0.9982281923294067;RDF103;Physical sciences;0.9957104325294495;RDF105;Earth and related environmental sciences;0.9952030181884766
11;Tenrikyo and the Rise and Fall of New Religions in Japan (Philosophy, medieval studies, classics, religious);RDF20-21;Engineering and technology;0.22133822739124298;RDF10;Natural sciences;0.22004511952400208;RDF50;Social sciences;0.19647817313671112;RDF601;History, archaeology and related studies;0.9992445707321167;RDF604;Arts (arts, history of arts, performing arts, music), architecture and design;0.9985978603363037;RDF508;Media and communications;0.9977872371673584;RDF201;Civil engineering, maritime engineering, transport engineering, and mining engineering;0.9963071346282959;RDF105;Earth and related environmental sciences;0.9959771037101746
12;Systems biology of size control in eukaryotes (Genes, Cells and Molecules);RDF20-21;Engineering and technology;0.2827315032482147;RDF10;Natural sciences;0.2783481776714325;RDF50;Social sciences;0.16427288949489594;RDF604;Arts (arts, history of arts, performing arts, music), architecture and design;0.9987910389900208;RDF201;Civil engineering, maritime engineering, transport engineering, and mining engineering;0.996851921081543;RDF202;Industrial, systems and processes engineering;0.9968087673187256;RDF302;Clinical medicine;0.9941800832748413;RDF102;Computer and information sciences;0.9931095242500305
13;Drop-based microfluidics (DBM) for single cell studies and ultrahigh-throughput phenotypic screens and lab evolution (Genes, Cells and Molecules);RDF20-21;Engineering and technology;0.386836439371109;RDF10;Natural sciences;0.2178448736667633;RDF50;Social sciences;0.13008111715316772;RDF604;Arts (arts, history of arts, performing arts, music), architecture and design;0.9941118955612183;RDF302;Clinical medicine;0.9903290271759033;RDF201;Civil engineering, maritime engineering, transport engineering, and mining engineering;0.9884918332099915;RDF303;Health sciences;0.9871664047241211;RDF102;Computer and information sciences;0.9861113429069519
14;Neural repair in glaucoma: the role of insulin signaling (Cell Biology – Disease);RDF20-21;Engineering and technology;0.29255977272987366;RDF10;Natural sciences;0.2468416690826416;RDF30;Medical, health and life sciences;0.24636003375053406;RDF604;Arts (arts, history of arts, performing arts, music), architecture and design;0.998510479927063;RDF201;Civil engineering, maritime engineering, transport engineering, and mining engineering;0.9982926249504089;RDF102;Computer and information sciences;0.9976449608802795;RDF508;Media and communications;0.9974491000175476;RDF203;Electrical engineering, computer engineering, and information engineering;0.9973060488700867
15;Impacts des mesures de protection contre la COVID-19 sur la communication des personnes malentendantes;RDF10;Natural sciences;0.2606313228607178;RDF20-21;Engineering and technology;0.23916871845722198;RDF40;Agricultural and veterinary sciences;0.2127210646867752;RDF508;Media and communications;0.9995121359825134;RDF203;Electrical engineering, computer engineering, and information engineering;0.9994069337844849;RDF604;Arts (arts, history of arts, performing arts, music), architecture and design;0.9993857741355896;RDF102;Computer and information sciences;0.9993188381195068;RDF103;Physical sciences;0.9989677667617798
16;Mixité sociale et scolaire en classe : perception des exigences professionnelles des étudiant·e·s en formation à l'enseignement au Québec et en Suisse (Education and social work);RDF20-21;Engineering and technology;0.34327495098114014;RDF10;Natural sciences;0.22600631415843964;RDF40;Agricultural and veterinary sciences;0.15855011343955994;RDF604;Arts (arts, history of arts, performing arts, music), architecture and design;0.9984811544418335;RDF102;Computer and information sciences;0.9965704083442688;RDF105;Earth and related environmental sciences;0.994168758392334;RDF201;Civil engineering, maritime engineering, transport engineering, and mining engineering;0.9935368895530701;RDF204;Mechanical engineering;0.9927250742912292
17;Discharges at/near gas-liquid and liquid-liquid interfaces: fundamental investigation and application in liquid processing and nanomaterial synthesis (Physics);RDF20-21;Engineering and technology;0.3526497483253479;RDF10;Natural sciences;0.24001699686050415;RDF30;Medical, health and life sciences;0.1252509206533432;RDF604;Arts (arts, history of arts, performing arts, music), architecture and design;0.9985505938529968;RDF103;Physical sciences;0.9981541037559509;RDF508;Media and communications;0.9977481365203857;RDF102;Computer and information sciences;0.9977038502693176;RDF201;Civil engineering, maritime engineering, transport engineering, and mining engineering;0.9969366192817688
18;Fully-Lagrangian three-dimensional modelling of river ice jam initiation;RDF20-21;Engineering and technology;0.5729162096977234;RDF40;Agricultural and veterinary sciences;0.09593108296394348;RDF10;Natural sciences;0.08578237891197205;RDF604;Arts (arts, history of arts, performing arts, music), architecture and design;0.9985277652740479;RDF102;Computer and information sciences;0.9879112839698792;RDF201;Civil engineering, maritime engineering, transport engineering, and mining engineering;0.9565936326980591;RDF105;Earth and related environmental sciences;0.9540517330169678;RDF203;Electrical engineering, computer engineering, and information engineering;0.9375547170639038
19;Juger l'homosexualité, attribuer l'asile: le traitement des demandes d'asile OSIG au Canada (Political science and public administration);RDF20-21;Engineering and technology;0.3007616698741913;RDF10;Natural sciences;0.22747068107128143;RDF50;Social sciences;0.22614173591136932;RDF604;Arts (arts, history of arts, performing arts, music), architecture and design;0.9978718757629395;RDF102;Computer and information sciences;0.9967269897460938;RDF105;Earth and related environmental sciences;0.9947289228439331;RDF508;Media and communications;0.9943908452987671;RDF201;Civil engineering, maritime engineering, transport engineering, and mining engineering;0.9926256537437439
20;Intentions or affect: Which is a key driver of physical activity? Using ecological momentary assessment to understand the intention-behaviour gap in schizophrenia spectrum disorders (Multidisciplinary or interdisciplinary social sciences);RDF20-21;Engineering and technology;0.376677930355072;RDF10;Natural sciences;0.2578774094581604;RDF50;Social sciences;0.22143752872943878;RDF103;Physical sciences;0.9948604106903076;RDF604;Arts (arts, history of arts, performing arts, music), architecture and design;0.9945836067199707;RDF105;Earth and related environmental sciences;0.9932941198348999;RDF102;Computer and information sciences;0.9916761517524719;RDF203;Electrical engineering, computer engineering, and information engineering;0.9910492300987244
21;Biophysical and genetic control of root growth;RDF40;Agricultural and veterinary sciences;0.23512384295463562;RDF50;Social sciences;0.1979941427707672;RDF20-21;Engineering and technology;0.1820448338985443;RDF508;Media and communications;0.9992958307266235;RDF201;Civil engineering, maritime engineering, transport engineering, and mining engineering;0.9992342591285706;RDF604;Arts (arts, history of arts, performing arts, music), architecture and design;0.9990187883377075;RDF203;Electrical engineering, computer engineering, and information engineering;0.9988664984703064;RDF202;Industrial, systems and processes engineering;0.9975939393043518
22;Open-source numerical strategy for the analysis and redesign of turbomachine blades accounting for nonlinear structural interactions;RDF20-21;Engineering and technology;0.5228719115257263;RDF10;Natural sciences;0.17876897752285004;RDF40;Agricultural and veterinary sciences;0.10146237909793854;RDF604;Arts (arts, history of arts, performing arts, music), architecture and design;0.9983770251274109;RDF102;Computer and information sciences;0.9917564392089844;RDF103;Physical sciences;0.9873018264770508;RDF204;Mechanical engineering;0.984752357006073;RDF203;Electrical engineering, computer engineering, and information engineering;0.9782811403274536
23;Application of Boltzmann Transport Equation solutions to nuclear reactor physics and radiotherapy applications (Physics);RDF20-21;Engineering and technology;0.28632497787475586;RDF10;Natural sciences;0.22827817499637604;RDF30;Medical, health and life sciences;0.2265017032623291;RDF604;Arts (arts, history of arts, performing arts, music), architecture and design;0.9976032972335815;RDF508;Media and communications;0.997104823589325;RDF103;Physical sciences;0.9970592856407166;RDF202;Industrial, systems and processes engineering;0.9954083561897278;RDF201;Civil engineering, maritime engineering, transport engineering, and mining engineering;0.9944933652877808
24;La théorie des graphes : analyse structurelle, algorithmique et applications dans les sciences de l'ingénieur;RDF10;Natural sciences;0.2840581238269806;RDF20-21;Engineering and technology;0.2396685779094696;RDF50;Social sciences;0.21316564083099365;RDF201;Civil engineering, maritime engineering, transport engineering, and mining engineering;0.9991507530212402;RDF604;Arts (arts, history of arts, performing arts, music), architecture and design;0.99903404712677;RDF102;Computer and information sciences;0.9988926649093628;RDF302;Clinical medicine;0.9985506534576416;RDF105;Earth and related environmental sciences;0.9985306262969971
25;Interdisciplinary Canadian Collaborative ME Research Network;RDF40;Agricultural and veterinary sciences;0.4712888300418854;RDF30;Medical, health and life sciences;0.17783601582050323;RDF20-21;Engineering and technology;0.13822858035564423;RDF204;Mechanical engineering;0.9993988275527954;RDF604;Arts (arts, history of arts, performing arts, music), architecture and design;0.9987697005271912;RDF508;Media and communications;0.9986954927444458;RDF208;Environmental engineering and related engineering;0.9981469511985779;RDF201;Civil engineering, maritime engineering, transport engineering, and mining engineering;0.9975177049636841
26;La nouvelle politique de la redistribution (Political science and public administration);RDF40;Agricultural and veterinary sciences;0.24816599488258362;RDF50;Social sciences;0.21772624552249908;RDF10;Natural sciences;0.19478772580623627;RDF604;Arts (arts, history of arts, performing arts, music), architecture and design;0.9991703629493713;RDF201;Civil engineering, maritime engineering, transport engineering, and mining engineering;0.9984928965568542;RDF508;Media and communications;0.9983707070350647;RDF203;Electrical engineering, computer engineering, and information engineering;0.9973528981208801;RDF102;Computer and information sciences;0.9973165988922119
27;Extracellular vesicles and their miR cargo to enhance ischemia-induced neovascularization in peripheral artery disease (Cardiovascular System – Vascular System);RDF20-21;Engineering and technology;0.2678743004798889;RDF10;Natural sciences;0.23825232684612274;RDF30;Medical, health and life sciences;0.19906727969646454;RDF604;Arts (arts, history of arts, performing arts, music), architecture and design;0.9989514946937561;RDF201;Civil engineering, maritime engineering, transport engineering, and mining engineering;0.9985392689704895;RDF202;Industrial, systems and processes engineering;0.9979251027107239;RDF508;Media and communications;0.9977393746376038;RDF102;Computer and information sciences;0.9973580837249756
28;Low-Dimensional Organic Materials for Energy, Electronic and Environment Applications;RDF40;Agricultural and veterinary sciences;0.3067750632762909;RDF50;Social sciences;0.19691167771816254;RDF30;Medical, health and life sciences;0.18354187905788422;RDF604;Arts (arts, history of arts, performing arts, music), architecture and design;0.998886227607727;RDF508;Media and communications;0.9986141920089722;RDF203;Electrical engineering, computer engineering, and information engineering;0.9980006217956543;RDF201;Civil engineering, maritime engineering, transport engineering, and mining engineering;0.9979169964790344;RDF601;History, archaeology and related studies;0.996314287185669
29;Histone protein supply and demand: life on a knife's edge (Genes, Cells and Molecules);RDF20-21;Engineering and technology;0.27900204062461853;RDF10;Natural sciences;0.2752135097980499;RDF30;Medical, health and life sciences;0.14963099360466003;RDF604;Arts (arts, history of arts, performing arts, music), architecture and design;0.9990817904472351;RDF508;Media and communications;0.9973938465118408;RDF102;Computer and information sciences;0.9971826672554016;RDF201;Civil engineering, maritime engineering, transport engineering, and mining engineering;0.9962491989135742;RDF202;Industrial, systems and processes engineering;0.9962199330329895
30;Bayesian deep-learning prediction with sparse graphs (Mathematics and Statistics);RDF20-21;Engineering and technology;0.49809175729751587;RDF10;Natural sciences;0.1529514044523239;RDF40;Agricultural and veterinary sciences;0.13737279176712036;RDF604;Arts (arts, history of arts, performing arts, music), architecture and design;0.9978172779083252;RDF102;Computer and information sciences;0.9948253631591797;RDF201;Civil engineering, maritime engineering, transport engineering, and mining engineering;0.9871787428855896;RDF105;Earth and related environmental sciences;0.9849563241004944;RDF203;Electrical engineering, computer engineering, and information engineering;0.9787532687187195
31;At the Edge of Soft Power: French Saint-Simonians and Nineteenth-Century Visions of Development (History);RDF10;Natural sciences;0.23026306927204132;RDF40;Agricultural and veterinary sciences;0.18610887229442596;RDF20-21;Engineering and technology;0.1807355433702469;RDF604;Arts (arts, history of arts, performing arts, music), architecture and design;0.9992114305496216;RDF508;Media and communications;0.9990673661231995;RDF201;Civil engineering, maritime engineering, transport engineering, and mining engineering;0.9986954927444458;RDF203;Electrical engineering, computer engineering, and information engineering;0.9984542727470398;RDF102;Computer and information sciences;0.9983158111572266
32;Random walks on random graphs in high dimensions (Mathematics and Statistics);RDF20-21;Engineering and technology;0.28003257513046265;RDF40;Agricultural and veterinary sciences;0.24520471692085266;RDF30;Medical, health and life sciences;0.18097926676273346;RDF604;Arts (arts, history of arts, performing arts, music), architecture and design;0.9972207546234131;RDF201;Civil engineering, maritime engineering, transport engineering, and mining engineering;0.9959849119186401;RDF102;Computer and information sciences;0.9922218918800354;RDF203;Electrical engineering, computer engineering, and information engineering;0.9879229664802551;RDF202;Industrial, systems and processes engineering;0.9866748452186584
33;Roles, mechanisms of action and regulation of Hippo signaling in the testis (Biological Systems and Functions);RDF30;Medical, health and life sciences;0.2610045075416565;RDF20-21;Engineering and technology;0.20208296179771423;RDF50;Social sciences;0.18762768805027008;RDF604;Arts (arts, history of arts, performing arts, music), architecture and design;0.9984782338142395;RDF201;Civil engineering, maritime engineering, transport engineering, and mining engineering;0.9978635907173157;RDF508;Media and communications;0.9976948499679565;RDF203;Electrical engineering, computer engineering, and information engineering;0.9969721436500549;RDF102;Computer and information sciences;0.9961755275726318
34;The role of the TGFB-SOX9 signaling pathway in brain angiogenesis (Biological Systems and Functions);RDF20-21;Engineering and technology;0.47333094477653503;RDF30;Medical, health and life sciences;0.21713034808635712;RDF10;Natural sciences;0.1741287112236023;RDF604;Arts (arts, history of arts, performing arts, music), architecture and design;0.9971990585327148;RDF508;Media and communications;0.9970821738243103;RDF102;Computer and information sciences;0.9951231479644775;RDF202;Industrial, systems and processes engineering;0.9908123016357422;RDF303;Health sciences;0.9895311594009399
35;A randomized controlled trial comparing Virtual Reality Therapy to Supportive Therapy to reduce cannabis use in patients with psychotic disorders;RDF20-21;Engineering and technology;0.42649975419044495;RDF10;Natural sciences;0.22562922537326813;RDF50;Social sciences;0.12906283140182495;RDF604;Arts (arts, history of arts, performing arts, music), architecture and design;0.9981104731559753;RDF203;Electrical engineering, computer engineering, and information engineering;0.9978760480880737;RDF102;Computer and information sciences;0.9978299736976624;RDF201;Civil engineering, maritime engineering, transport engineering, and mining engineering;0.9957766532897949;RDF103;Physical sciences;0.995345413684845
36;Le contrat didactique en sciences humaines au primaire : mieux comprendre les pratiques enseignantes et leurs effets sur l'apprentissage (Education and social work);RDF20-21;Engineering and technology;0.3910563886165619;RDF10;Natural sciences;0.3471341133117676;RDF50;Social sciences;0.12870509922504425;RDF604;Arts (arts, history of arts, performing arts, music), architecture and design;0.9982590079307556;RDF102;Computer and information sciences;0.9973060488700867;RDF201;Civil engineering, maritime engineering, transport engineering, and mining engineering;0.9950659275054932;RDF105;Earth and related environmental sciences;0.993333101272583;RDF203;Electrical engineering, computer engineering, and information engineering;0.9923933744430542
37;Impact of insects by-products and phytogenics on the piglet's intestinal health;RDF20-21;Engineering and technology;0.30678024888038635;RDF30;Medical, health and life sciences;0.20920594036579132;RDF40;Agricultural and veterinary sciences;0.19538262486457825;RDF604;Arts (arts, history of arts, performing arts, music), architecture and design;0.9987355470657349;RDF508;Media and communications;0.9986356496810913;RDF203;Electrical engineering, computer engineering, and information engineering;0.9962199330329895;RDF202;Industrial, systems and processes engineering;0.9947186708450317;RDF102;Computer and information sciences;0.9933459758758545
38;Response of the continental water cycle to greenhouse warming: evaluating, understanding and constraining Earth System Model projections (Geosciences);RDF20-21;Engineering and technology;0.40490439534187317;RDF10;Natural sciences;0.1779291331768036;RDF50;Social sciences;0.1527865082025528;RDF604;Arts (arts, history of arts, performing arts, music), architecture and design;0.9986060261726379;RDF508;Media and communications;0.9978635907173157;RDF601;History, archaeology and related studies;0.9974291324615479;RDF201;Civil engineering, maritime engineering, transport engineering, and mining engineering;0.9973580241203308;RDF203;Electrical engineering, computer engineering, and information engineering;0.9972743988037109
39;Why Do Green Products Suffer from Low Consumer Preference? An Explanation Based on Ease of Benefit Visualization and Price Fairness Perceptions;RDF20-21;Engineering and technology;0.6850956678390503;RDF40;Agricultural and veterinary sciences;0.08744104206562042;RDF10;Natural sciences;0.06605231761932373;RDF604;Arts (arts, history of arts, performing arts, music), architecture and design;0.9958093166351318;RDF202;Industrial, systems and processes engineering;0.9785902500152588;RDF208;Environmental engineering and related engineering;0.9739684462547302;RDF508;Media and communications;0.9665844440460205;RDF102;Computer and information sciences;0.9658029675483704
40;Architecture comme tissu spatial et social: perspectives japonaises pour promouvoir les relations multi échelles (Geography, urban planning and related fields);RDF20-21;Engineering and technology;0.37657108902931213;RDF50;Social sciences;0.24360790848731995;RDF10;Natural sciences;0.19612713158130646;RDF604;Arts (arts, history of arts, performing arts, music), architecture and design;0.9990339875221252;RDF201;Civil engineering, maritime engineering, transport engineering, and mining engineering;0.9984722137451172;RDF105;Earth and related environmental sciences;0.9975703358650208;RDF102;Computer and information sciences;0.9963214993476868;RDF202;Industrial, systems and processes engineering;0.9888527989387512
41;Femmes mémorialistes sous l'Ancien Régime (XVIe-XVIIIe siècles);RDF50;Social sciences;0.24424614012241364;RDF10;Natural sciences;0.19587433338165283;RDF40;Agricultural and veterinary sciences;0.1865399181842804;RDF604;Arts (arts, history of arts, performing arts, music), architecture and design;0.9992129802703857;RDF201;Civil engineering, maritime engineering, transport engineering, and mining engineering;0.9988991022109985;RDF508;Media and communications;0.9974639415740967;RDF102;Computer and information sciences;0.9970535635948181;RDF202;Industrial, systems and processes engineering;0.9966496229171753
42;Répit Une Heure pour Moi : Ethnographie ciblée d'un programme de soutien familial à domicile pour les familles dont un enfant a des problèmes de santé mentale;RDF20-21;Engineering and technology;0.6036905646324158;RDF10;Natural sciences;0.12385077029466629;RDF40;Agricultural and veterinary sciences;0.08765199035406113;RDF604;Arts (arts, history of arts, performing arts, music), architecture and design;0.9966820478439331;RDF102;Computer and information sciences;0.991635799407959;RDF105;Earth and related environmental sciences;0.9851433038711548;RDF103;Physical sciences;0.9832788705825806;RDF201;Civil engineering, maritime engineering, transport engineering, and mining engineering;0.9672560095787048
43;The ethical challenges of Artificial Intelligence for start-ups;RDF40;Agricultural and veterinary sciences;0.49362584948539734;RDF20-21;Engineering and technology;0.1392335593700409;RDF30;Medical, health and life sciences;0.12876999378204346;RDF604;Arts (arts, history of arts, performing arts, music), architecture and design;0.9991671442985535;RDF508;Media and communications;0.9986826777458191;RDF103;Physical sciences;0.9974589943885803;RDF208;Environmental engineering and related engineering;0.9948051571846008;RDF201;Civil engineering, maritime engineering, transport engineering, and mining engineering;0.9946774244308472
44;Integrating impacts from marine plastics in Life Cycle Assessment (Civil, Industrial and Systems Engineering);RDF20-21;Engineering and technology;0.2506013810634613;RDF50;Social sciences;0.181562140583992;RDF40;Agricultural and veterinary sciences;0.1692345142364502;RDF604;Arts (arts, history of arts, performing arts, music), architecture and design;0.9989737868309021;RDF508;Media and communications;0.9983157515525818;RDF203;Electrical engineering, computer engineering, and information engineering;0.9977569580078125;RDF102;Computer and information sciences;0.99156254529953;RDF201;Civil engineering, maritime engineering, transport engineering, and mining engineering;0.9909272193908691
45;A Semantic Parsing Approach to Open-world Knowledge Graph Question Answering;RDF40;Agricultural and veterinary sciences;0.3739100396633148;RDF20-21;Engineering and technology;0.32868799567222595;RDF50;Social sciences;0.09154115617275238;RDF604;Arts (arts, history of arts, performing arts, music), architecture and design;0.9989877343177795;RDF508;Media and communications;0.9980006217956543;RDF102;Computer and information sciences;0.9974441528320312;RDF203;Electrical engineering, computer engineering, and information engineering;0.9928370118141174;RDF103;Physical sciences;0.9895210862159729
46;Appropriation et déploiement d'une approche pédagogique antiraciste chez des formateurs en sciences de la santé (Indigenous research);RDF10;Natural sciences;0.34881943464279175;RDF20-21;Engineering and technology;0.16933824121952057;RDF30;Medical, health and life sciences;0.16736538708209991;RDF102;Computer and information sciences;0.9992649555206299;RDF302;Clinical medicine;0.9989657402038574;RDF604;Arts (arts, history of arts, performing arts, music), architecture and design;0.9984988570213318;RDF503;Education;0.9978966116905212;RDF303;Health sciences;0.9974934458732605
47;Pathways for the digital economy: Adolescent digital literacies and InstaPoetry;RDF20-21;Engineering and technology;0.38322293758392334;RDF40;Agricultural and veterinary sciences;0.27441248297691345;RDF10;Natural sciences;0.16037631034851074;RDF604;Arts (arts, history of arts, performing arts, music), architecture and design;0.9985335469245911;RDF201;Civil engineering, maritime engineering, transport engineering, and mining engineering;0.9967962503433228;RDF203;Electrical engineering, computer engineering, and information engineering;0.9958820343017578;RDF102;Computer and information sciences;0.9925969839096069;RDF103;Physical sciences;0.9894499182701111
48;Les discours en matière de pauvreté dans les revues scientifiques francophones du travail social : ce qu'ils nous disent du travail social et de ses rapports à la science et à la théorie (Multidisciplinary or interdisciplinary social sciences);RDF20-21;Engineering and technology;0.42249879240989685;RDF50;Social sciences;0.24692314863204956;RDF10;Natural sciences;0.18493691086769104;RDF102;Computer and information sciences;0.9976813793182373;RDF604;Arts (arts, history of arts, performing arts, music), architecture and design;0.9972955584526062;RDF105;Earth and related environmental sciences;0.9962418675422668;RDF201;Civil engineering, maritime engineering, transport engineering, and mining engineering;0.9959535598754883;RDF508;Media and communications;0.9896318912506104
49;Bilingualism and attentional processes in the age and language proficiency continuum (Biological Systems and Functions);RDF40;Agricultural and veterinary sciences;0.23793144524097443;RDF50;Social sciences;0.22482940554618835;RDF10;Natural sciences;0.1999674141407013;RDF604;Arts (arts, history of arts, performing arts, music), architecture and design;0.9982178211212158;RDF201;Civil engineering, maritime engineering, transport engineering, and mining engineering;0.9969366192817688;RDF102;Computer and information sciences;0.9943526387214661;RDF202;Industrial, systems and processes engineering;0.9935368895530701;RDF103;Physical sciences;0.9934865236282349
50;Arts de la scène, innovations technologiques et clowns pour le renouvellement de l'opéra;RDF40;Agricultural and veterinary sciences;0.2660483717918396;RDF20-21;Engineering and technology;0.19578897953033447;RDF10;Natural sciences;0.19464513659477234;RDF604;Arts (arts, history of arts, performing arts, music), architecture and design;0.9990619421005249;RDF201;Civil engineering, maritime engineering, transport engineering, and mining engineering;0.9989837408065796;RDF508;Media and communications;0.9987791776657104;RDF203;Electrical engineering, computer engineering, and information engineering;0.9975225925445557;RDF102;Computer and information sciences;0.9957848787307739
51;"""Domestic art galleries"" in Cuba, Russia, and China after 1989: a(n) (imagined) trans-socialist network (Fine Arts, Research-Creation)";RDF20-21;Engineering and technology;0.360079824924469;RDF40;Agricultural and veterinary sciences;0.16876600682735443;RDF60;Humanities and the arts;0.14591224491596222;RDF604;Arts (arts, history of arts, performing arts, music), architecture and design;0.9990673661231995;RDF201;Civil engineering, maritime engineering, transport engineering, and mining engineering;0.9945625066757202;RDF203;Electrical engineering, computer engineering, and information engineering;0.9903476238250732;RDF102;Computer and information sciences;0.9882107973098755;RDF202;Industrial, systems and processes engineering;0.9829710721969604
52;Advancing the understanding of fundamental principles of motor control (Biological Systems and Functions);RDF10;Natural sciences;0.24560774862766266;RDF50;Social sciences;0.19967767596244812;RDF40;Agricultural and veterinary sciences;0.16716311872005463;RDF604;Arts (arts, history of arts, performing arts, music), architecture and design;0.998795747756958;RDF302;Clinical medicine;0.9959377646446228;RDF103;Physical sciences;0.995309054851532;RDF102;Computer and information sciences;0.9952908158302307;RDF508;Media and communications;0.9931362271308899
53;Impact Award: Insight;RDF40;Agricultural and veterinary sciences;0.3880388140678406;RDF50;Social sciences;0.154652938246727;RDF10;Natural sciences;0.1504814475774765;RDF508;Media and communications;0.9994917511940002;RDF604;Arts (arts, history of arts, performing arts, music), architecture and design;0.9990673661231995;RDF204;Mechanical engineering;0.9990302324295044;RDF201;Civil engineering, maritime engineering, transport engineering, and mining engineering;0.9989514946937561;RDF203;Electrical engineering, computer engineering, and information engineering;0.9987672567367554
54;New Methods for the Stereoselective Synthesis of Organic Compounds (Chemistry);RDF20-21;Engineering and technology;0.48944705724716187;RDF10;Natural sciences;0.18613635003566742;RDF30;Medical, health and life sciences;0.1187785342335701;RDF604;Arts (arts, history of arts, performing arts, music), architecture and design;0.9987106323242188;RDF508;Media and communications;0.9974391460418701;RDF205;Chemical engineering;0.9959060549736023;RDF303;Health sciences;0.9957766532897949;RDF302;Clinical medicine;0.9954261779785156
55;Capturer le rythme de la vie moderne : le montage rapide comme symptôme et modèle pour les sociétés du début du XXe siècle jusqu'à aujourd'hui (Fine Arts, Research-Creation);RDF20-21;Engineering and technology;0.3471277356147766;RDF10;Natural sciences;0.2635655701160431;RDF30;Medical, health and life sciences;0.1375395506620407;RDF604;Arts (arts, history of arts, performing arts, music), architecture and design;0.9989494681358337;RDF102;Computer and information sciences;0.9981577396392822;RDF201;Civil engineering, maritime engineering, transport engineering, and mining engineering;0.9976078867912292;RDF203;Electrical engineering, computer engineering, and information engineering;0.997512936592102;RDF508;Media and communications;0.9967396855354309
56;Environnement, médias, archives : une anatomie contemporaine de la mélancolie et de la nostalgie (Fine Arts, Research-Creation);RDF20-21;Engineering and technology;0.5248096585273743;RDF10;Natural sciences;0.3824620544910431;RDF50;Social sciences;0.0454338900744915;RDF508;Media and communications;0.9990471601486206;RDF604;Arts (arts, history of arts, performing arts, music), architecture and design;0.9987863302230835;RDF105;Earth and related environmental sciences;0.9940428733825684;RDF201;Civil engineering, maritime engineering, transport engineering, and mining engineering;0.9879926443099976;RDF103;Physical sciences;0.9849997162818909
57;Multimode determination of gene transcription and metabolic labeling (Genes, Cells and Molecules);RDF20-21;Engineering and technology;0.3046101927757263;RDF10;Natural sciences;0.2049054056406021;RDF30;Medical, health and life sciences;0.19976823031902313;RDF604;Arts (arts, history of arts, performing arts, music), architecture and design;0.9985951781272888;RDF201;Civil engineering, maritime engineering, transport engineering, and mining engineering;0.9979372024536133;RDF102;Computer and information sciences;0.9952448010444641;RDF202;Industrial, systems and processes engineering;0.9934738874435425;RDF105;Earth and related environmental sciences;0.9928854703903198
58;SLAMF7 in innate immune cells and anti-cancer immunotherapy;RDF20-21;Engineering and technology;0.438162624835968;RDF30;Medical, health and life sciences;0.1822969615459442;RDF10;Natural sciences;0.1449146270751953;RDF201;Civil engineering, maritime engineering, transport engineering, and mining engineering;0.9979531764984131;RDF604;Arts (arts, history of arts, performing arts, music), architecture and design;0.9976357817649841;RDF508;Media and communications;0.9970131516456604;RDF202;Industrial, systems and processes engineering;0.9950177073478699;RDF102;Computer and information sciences;0.9936054944992065
59;À votre service : figures ambivalentes du care dans le Roman français de 1870 à 1945 (Literature);RDF10;Natural sciences;0.2774127125740051;RDF20-21;Engineering and technology;0.23269417881965637;RDF50;Social sciences;0.1955658197402954;RDF604;Arts (arts, history of arts, performing arts, music), architecture and design;0.9983770251274109;RDF508;Media and communications;0.9971328377723694;RDF102;Computer and information sciences;0.996720552444458;RDF201;Civil engineering, maritime engineering, transport engineering, and mining engineering;0.9965837001800537;RDF105;Earth and related environmental sciences;0.9962999820709229
60;Using a point-of-care electrophysiological method to study the impact of neuro-sacral function on recovery after acute spinal cord injury;RDF20-21;Engineering and technology;0.5021671056747437;RDF30;Medical, health and life sciences;0.15739785134792328;RDF40;Agricultural and veterinary sciences;0.10650071501731873;RDF604;Arts (arts, history of arts, performing arts, music), architecture and design;0.9977699518203735;RDF102;Computer and information sciences;0.9943030476570129;RDF105;Earth and related environmental sciences;0.9907140135765076;RDF202;Industrial, systems and processes engineering;0.986558735370636;RDF508;Media and communications;0.9842154383659363
61;Local intersectoral networks and institutional transformations: how can local actors promote social innovations? (Education);RDF40;Agricultural and veterinary sciences;0.29353389143943787;RDF30;Medical, health and life sciences;0.2185623198747635;RDF20-21;Engineering and technology;0.20814669132232666;RDF604;Arts (arts, history of arts, performing arts, music), architecture and design;0.9986827373504639;RDF203;Electrical engineering, computer engineering, and information engineering;0.9969956874847412;RDF201;Civil engineering, maritime engineering, transport engineering, and mining engineering;0.9960775375366211;RDF204;Mechanical engineering;0.9948753118515015;RDF102;Computer and information sciences;0.9937040209770203
62;Plasma biomarkers of Alzheimer's disease in insomnia before and after cognitive behavioral therapy for insomnia;RDF20-21;Engineering and technology;0.2574124038219452;RDF10;Natural sciences;0.23529398441314697;RDF40;Agricultural and veterinary sciences;0.15951912105083466;RDF201;Civil engineering, maritime engineering, transport engineering, and mining engineering;0.9991506934165955;RDF508;Media and communications;0.9991323947906494;RDF203;Electrical engineering, computer engineering, and information engineering;0.9986827373504639;RDF604;Arts (arts, history of arts, performing arts, music), architecture and design;0.9986276626586914;RDF102;Computer and information sciences;0.9984781742095947
63;Developing algorithm aided fabrication methods for polyhedral structures (Civil, Industrial and Systems Engineering);RDF20-21;Engineering and technology;0.3192389905452728;RDF40;Agricultural and veterinary sciences;0.20571400225162506;RDF10;Natural sciences;0.13491055369377136;RDF604;Arts (arts, history of arts, performing arts, music), architecture and design;0.9982038140296936;RDF203;Electrical engineering, computer engineering, and information engineering;0.9972262382507324;RDF102;Computer and information sciences;0.9931296110153198;RDF508;Media and communications;0.9876042604446411;RDF201;Civil engineering, maritime engineering, transport engineering, and mining engineering;0.9862179160118103
64;SARS-CoV-2 Spike conformation: impact on Fc-mediated effector functions (Virology & Viral Pathogenesis);RDF20-21;Engineering and technology;0.3606759011745453;RDF10;Natural sciences;0.2374628186225891;RDF30;Medical, health and life sciences;0.17441146075725555;RDF102;Computer and information sciences;0.9990302324295044;RDF201;Civil engineering, maritime engineering, transport engineering, and mining engineering;0.9989287853240967;RDF604;Arts (arts, history of arts, performing arts, music), architecture and design;0.9988236427307129;RDF508;Media and communications;0.9985674619674683;RDF303;Health sciences;0.9972797632217407
65;Questions in number theory (Mathematics and Statistics);RDF40;Agricultural and veterinary sciences;0.2877545654773712;RDF20-21;Engineering and technology;0.22807763516902924;RDF10;Natural sciences;0.16047264635562897;RDF604;Arts (arts, history of arts, performing arts, music), architecture and design;0.998121440410614;RDF102;Computer and information sciences;0.9964203238487244;RDF201;Civil engineering, maritime engineering, transport engineering, and mining engineering;0.9935992956161499;RDF508;Media and communications;0.9911354780197144;RDF202;Industrial, systems and processes engineering;0.9886353611946106
66;The mammalian target of rapamycin provides the female rodent heart sex-dependent resistance to ischemic damage (Gender, Sex & Health);RDF20-21;Engineering and technology;0.29425257444381714;RDF30;Medical, health and life sciences;0.2511964440345764;RDF10;Natural sciences;0.2411019206047058;RDF604;Arts (arts, history of arts, performing arts, music), architecture and design;0.9989556670188904;RDF201;Civil engineering, maritime engineering, transport engineering, and mining engineering;0.99757981300354;RDF102;Computer and information sciences;0.9971495270729065;RDF508;Media and communications;0.9969484806060791;RDF202;Industrial, systems and processes engineering;0.9969186782836914
67;The CAnadian Mother-ChIld COLlaborative Training Platform - The CAMCCO-L Training Platform (Health Research Training Platform);RDF40;Agricultural and veterinary sciences;0.26182571053504944;RDF20-21;Engineering and technology;0.22482793033123016;RDF10;Natural sciences;0.18065431714057922;RDF604;Arts (arts, history of arts, performing arts, music), architecture and design;0.9983643293380737;RDF102;Computer and information sciences;0.9978925585746765;RDF201;Civil engineering, maritime engineering, transport engineering, and mining engineering;0.9955576062202454;RDF208;Environmental engineering and related engineering;0.9944342970848083;RDF508;Media and communications;0.990767776966095
68;Life course body fatness and physical activity, and ovarian cancer etiology (Gender, Sex & Health);RDF20-21;Engineering and technology;0.21906770765781403;RDF30;Medical, health and life sciences;0.20700442790985107;RDF10;Natural sciences;0.2014208436012268;RDF201;Civil engineering, maritime engineering, transport engineering, and mining engineering;0.9990978240966797;RDF604;Arts (arts, history of arts, performing arts, music), architecture and design;0.9988259077072144;RDF203;Electrical engineering, computer engineering, and information engineering;0.9977393746376038;RDF202;Industrial, systems and processes engineering;0.9968149662017822;RDF508;Media and communications;0.9964272975921631
69;Modeling cue-triggered relapse to cocaine use in rats (Behavioural Sciences – Neurobiological Basis of Behavioural Processes);RDF20-21;Engineering and technology;0.3303198218345642;RDF10;Natural sciences;0.2587651014328003;RDF50;Social sciences;0.12897668778896332;RDF604;Arts (arts, history of arts, performing arts, music), architecture and design;0.9982316493988037;RDF102;Computer and information sciences;0.9969838857650757;RDF201;Civil engineering, maritime engineering, transport engineering, and mining engineering;0.9941913485527039;RDF103;Physical sciences;0.9938668012619019;RDF202;Industrial, systems and processes engineering;0.9933265447616577
70;Exploring emotional underpinnings of audit work amidst the rise of the digital age;RDF40;Agricultural and veterinary sciences;0.2922230660915375;RDF20-21;Engineering and technology;0.28267964720726013;RDF30;Medical, health and life sciences;0.15279237926006317;RDF604;Arts (arts, history of arts, performing arts, music), architecture and design;0.9987056255340576;RDF508;Media and communications;0.9963853359222412;RDF201;Civil engineering, maritime engineering, transport engineering, and mining engineering;0.9936856031417847;RDF203;Electrical engineering, computer engineering, and information engineering;0.9924227595329285;RDF501;Psychology and cognitive sciences;0.987301766872406
71;Moving towards culturally safe services for Indigenous people in forensic mental health: A Partnership Development Programme;RDF30;Medical, health and life sciences;0.2559756636619568;RDF10;Natural sciences;0.23999768495559692;RDF40;Agricultural and veterinary sciences;0.18911361694335938;RDF508;Media and communications;0.9991272687911987;RDF604;Arts (arts, history of arts, performing arts, music), architecture and design;0.9989515542984009;RDF203;Electrical engineering, computer engineering, and information engineering;0.9987256526947021;RDF102;Computer and information sciences;0.9977216720581055;RDF103;Physical sciences;0.9971990585327148
72;Development of functional language brain networks: a multimodal neuroimaging approach (Physics);RDF20-21;Engineering and technology;0.3227032721042633;RDF30;Medical, health and life sciences;0.1976502239704132;RDF10;Natural sciences;0.1723935753107071;RDF508;Media and communications;0.9992519617080688;RDF604;Arts (arts, history of arts, performing arts, music), architecture and design;0.9986878633499146;RDF103;Physical sciences;0.998586893081665;RDF102;Computer and information sciences;0.9983707070350647;RDF203;Electrical engineering, computer engineering, and information engineering;0.9976723194122314
73;Une deuxième peau à vif: vêtement, genre et violence dans la Bible hébraïque (Philosophy, medieval studies, classics, religious);RDF20-21;Engineering and technology;0.39618173241615295;RDF10;Natural sciences;0.18677784502506256;RDF60;Humanities and the arts;0.15348929166793823;RDF604;Arts (arts, history of arts, performing arts, music), architecture and design;0.9970593452453613;RDF201;Civil engineering, maritime engineering, transport engineering, and mining engineering;0.9955316185951233;RDF102;Computer and information sciences;0.9948802590370178;RDF105;Earth and related environmental sciences;0.9944125413894653;RDF203;Electrical engineering, computer engineering, and information engineering;0.9921992421150208
74;Social Innovation through Participatory Art and Design with Youth at the Margins - Solutions for Engaging and Empowering Youth with Trans-Atlantic Mirroring (Social Innovation);RDF20-21;Engineering and technology;0.25303685665130615;RDF40;Agricultural and veterinary sciences;0.2515585422515869;RDF10;Natural sciences;0.19977805018424988;RDF604;Arts (arts, history of arts, performing arts, music), architecture and design;0.9992357492446899;RDF102;Computer and information sciences;0.9984421133995056;RDF508;Media and communications;0.9978299736976624;RDF203;Electrical engineering, computer engineering, and information engineering;0.997065007686615;RDF201;Civil engineering, maritime engineering, transport engineering, and mining engineering;0.9967963099479675
75;Assessment of renal function in adults born preterm: The HAPI-Kidney study (Clinical Investigation – Reproduction, Maternal, Child and Youth Health);RDF20-21;Engineering and technology;0.32480841875076294;RDF10;Natural sciences;0.29058825969696045;RDF30;Medical, health and life sciences;0.20445437729358673;RDF302;Clinical medicine;0.9963143467903137;RDF102;Computer and information sciences;0.9933459758758545;RDF103;Physical sciences;0.9929609298706055;RDF105;Earth and related environmental sciences;0.9919924736022949;RDF604;Arts (arts, history of arts, performing arts, music), architecture and design;0.9918910264968872
76;Unveiling the Role of Cellular Aging in Postmenopausal Syndrome: Rationale for Senolytic-Based Strategies to Enhance Women's Health;RDF20-21;Engineering and technology;0.2784339189529419;RDF10;Natural sciences;0.22285573184490204;RDF30;Medical, health and life sciences;0.21390007436275482;RDF508;Media and communications;0.998495876789093;RDF604;Arts (arts, history of arts, performing arts, music), architecture and design;0.9980807304382324;RDF102;Computer and information sciences;0.9965165853500366;RDF203;Electrical engineering, computer engineering, and information engineering;0.9951041340827942;RDF103;Physical sciences;0.9943690299987793
77;Optimizing the Ageing Brain? Situating Ethical Aspects of Dementia Prevention (BEAD);RDF20-21;Engineering and technology;0.3467770516872406;RDF10;Natural sciences;0.2042582631111145;RDF50;Social sciences;0.13034260272979736;RDF508;Media and communications;0.998039186000824;RDF102;Computer and information sciences;0.9975321888923645;RDF604;Arts (arts, history of arts, performing arts, music), architecture and design;0.9973938465118408;RDF203;Electrical engineering, computer engineering, and information engineering;0.9968762993812561;RDF103;Physical sciences;0.9954967498779297
78;Multicommunicating during team meetings and its effect on team functioning;RDF40;Agricultural and veterinary sciences;0.3471333980560303;RDF20-21;Engineering and technology;0.18472158908843994;RDF10;Natural sciences;0.165907084941864;RDF604;Arts (arts, history of arts, performing arts, music), architecture and design;0.9987453818321228;RDF203;Electrical engineering, computer engineering, and information engineering;0.9982657432556152;RDF201;Civil engineering, maritime engineering, transport engineering, and mining engineering;0.9982178211212158;RDF103;Physical sciences;0.9975177645683289;RDF508;Media and communications;0.9965097308158875
79;Transitioning from late adolescence into emerging adulthood: The role of past and current parenting (Psychology);RDF10;Natural sciences;0.28393110632896423;RDF20-21;Engineering and technology;0.26362112164497375;RDF50;Social sciences;0.1840371936559677;RDF203;Electrical engineering, computer engineering, and information engineering;0.9984899759292603;RDF508;Media and communications;0.9983288645744324;RDF604;Arts (arts, history of arts, performing arts, music), architecture and design;0.9982691407203674;RDF201;Civil engineering, maritime engineering, transport engineering, and mining engineering;0.998136043548584;RDF103;Physical sciences;0.9979411959648132
80;Plateforme intégrée de caractérisation expérimentale/numérique pour la conception de matériaux poreux innovants (Mechanical Engineering);RDF20-21;Engineering and technology;0.5075874328613281;RDF10;Natural sciences;0.17593219876289368;RDF30;Medical, health and life sciences;0.11381242424249649;RDF604;Arts (arts, history of arts, performing arts, music), architecture and design;0.9908742904663086;RDF204;Mechanical engineering;0.989957332611084;RDF102;Computer and information sciences;0.987616240978241;RDF105;Earth and related environmental sciences;0.9858412146568298;RDF103;Physical sciences;0.9801673293113708
81;How Peers in Healthcare Teams Transform Homelessness Prevention and Care Practices: A Participatory Multiple Case Study;RDF20-21;Engineering and technology;0.3104490637779236;RDF30;Medical, health and life sciences;0.22801832854747772;RDF40;Agricultural and veterinary sciences;0.17932353913784027;RDF604;Arts (arts, history of arts, performing arts, music), architecture and design;0.9987131357192993;RDF508;Media and communications;0.9971771836280823;RDF302;Clinical medicine;0.987375020980835;RDF102;Computer and information sciences;0.9855242967605591;RDF103;Physical sciences;0.9760151505470276
82;Online stochastic optimization for dynamic operations management systems (Civil, Industrial and Systems Engineering);RDF20-21;Engineering and technology;0.4903714060783386;RDF50;Social sciences;0.13764187693595886;RDF30;Medical, health and life sciences;0.11005964875221252;RDF604;Arts (arts, history of arts, performing arts, music), architecture and design;0.9983833432197571;RDF203;Electrical engineering, computer engineering, and information engineering;0.9975985884666443;RDF102;Computer and information sciences;0.9915870428085327;RDF105;Earth and related environmental sciences;0.981788158416748;RDF202;Industrial, systems and processes engineering;0.9691786766052246
83;Assessing latent-structure models in natural language processing with artificial datasets (Computer Science);RDF20-21;Engineering and technology;0.3603990077972412;RDF10;Natural sciences;0.2845427691936493;RDF50;Social sciences;0.1496509462594986;RDF604;Arts (arts, history of arts, performing arts, music), architecture and design;0.9983124732971191;RDF102;Computer and information sciences;0.9974737763404846;RDF201;Civil engineering, maritime engineering, transport engineering, and mining engineering;0.9949199557304382;RDF103;Physical sciences;0.9932024478912354;RDF203;Electrical engineering, computer engineering, and information engineering;0.9897810816764832
84;Electroactive Self-Assembled Monolayers: Putting Surface-Confined Redox Reactions to Work (Chemistry);RDF20-21;Engineering and technology;0.5137469172477722;RDF10;Natural sciences;0.2222582846879959;RDF30;Medical, health and life sciences;0.09247025847434998;RDF604;Arts (arts, history of arts, performing arts, music), architecture and design;0.9970821738243103;RDF202;Industrial, systems and processes engineering;0.9925826787948608;RDF104;Chemical sciences;0.9924666881561279;RDF102;Computer and information sciences;0.9913306832313538;RDF201;Civil engineering, maritime engineering, transport engineering, and mining engineering;0.9910319447517395
85;Role of SCPPPQ1, a junctional epithelium protein, in maintaining periodontal integrity and health (Clinical Investigation – Arthritis, Bone, Skin and Cartilage);RDF20-21;Engineering and technology;0.4898990988731384;RDF30;Medical, health and life sciences;0.26120176911354065;RDF10;Natural sciences;0.1660299450159073;RDF604;Arts (arts, history of arts, performing arts, music), architecture and design;0.9942697882652283;RDF202;Industrial, systems and processes engineering;0.9890870451927185;RDF105;Earth and related environmental sciences;0.9870421290397644;RDF303;Health sciences;0.9839861989021301;RDF302;Clinical medicine;0.9830362796783447
86;What dreams may come: How cinema shapes the language, experience, and images of dreaming (Multidisciplinary or interdisciplinary social sciences);RDF50;Social sciences;0.3475674092769623;RDF20-21;Engineering and technology;0.2820189595222473;RDF10;Natural sciences;0.19803795218467712;RDF508;Media and communications;0.9995121955871582;RDF604;Arts (arts, history of arts, performing arts, music), architecture and design;0.9990072846412659;RDF201;Civil engineering, maritime engineering, transport engineering, and mining engineering;0.9954172372817993;RDF203;Electrical engineering, computer engineering, and information engineering;0.995207667350769;RDF102;Computer and information sciences;0.994455873966217
87;Supramolecular strategies to target cellular membranes (Chemistry);RDF40;Agricultural and veterinary sciences;0.3036332428455353;RDF20-21;Engineering and technology;0.2753833830356598;RDF30;Medical, health and life sciences;0.17470279335975647;RDF604;Arts (arts, history of arts, performing arts, music), architecture and design;0.9983865022659302;RDF508;Media and communications;0.9973061084747314;RDF201;Civil engineering, maritime engineering, transport engineering, and mining engineering;0.9972044825553894;RDF202;Industrial, systems and processes engineering;0.9938009977340698;RDF302;Clinical medicine;0.9898303747177124
88;Geopolitics, bargaining, and firm selection along the Belt and Road;RDF40;Agricultural and veterinary sciences;0.29029038548469543;RDF50;Social sciences;0.2627682387828827;RDF10;Natural sciences;0.20344851911067963;RDF604;Arts (arts, history of arts, performing arts, music), architecture and design;0.9990925192832947;RDF508;Media and communications;0.9989616870880127;RDF203;Electrical engineering, computer engineering, and information engineering;0.9986698031425476;RDF201;Civil engineering, maritime engineering, transport engineering, and mining engineering;0.9982624053955078;RDF102;Computer and information sciences;0.9965233206748962
89;Role of neuron-glia interactions in sensori-motor integration in mastication (Movement & Exercise);RDF20-21;Engineering and technology;0.2744406461715698;RDF10;Natural sciences;0.23246027529239655;RDF30;Medical, health and life sciences;0.16228343546390533;RDF604;Arts (arts, history of arts, performing arts, music), architecture and design;0.9988948702812195;RDF102;Computer and information sciences;0.9988120794296265;RDF508;Media and communications;0.9987503290176392;RDF201;Civil engineering, maritime engineering, transport engineering, and mining engineering;0.9982724785804749;RDF302;Clinical medicine;0.9977959394454956
90;Dual-Energy Cone-Beam CT as an online quantitative imaging modality for adaptive radiotherapy (Physics);RDF20-21;Engineering and technology;0.5008068084716797;RDF10;Natural sciences;0.15066343545913696;RDF30;Medical, health and life sciences;0.14125904440879822;RDF604;Arts (arts, history of arts, performing arts, music), architecture and design;0.9974090456962585;RDF103;Physical sciences;0.9969781041145325;RDF102;Computer and information sciences;0.9964962005615234;RDF303;Health sciences;0.9929609298706055;RDF201;Civil engineering, maritime engineering, transport engineering, and mining engineering;0.9912716746330261
91;"Le ""patient expert"": enjeux épistémiques et normatifs (Philosophy, medieval studies, classics, religious)";RDF20-21;Engineering and technology;0.2583383619785309;RDF30;Medical, health and life sciences;0.2426864355802536;RDF10;Natural sciences;0.16582132875919342;RDF601;History, archaeology and related studies;0.9983190298080444;RDF201;Civil engineering, maritime engineering, transport engineering, and mining engineering;0.998039186000824;RDF604;Arts (arts, history of arts, performing arts, music), architecture and design;0.997730553150177;RDF105;Earth and related environmental sciences;0.994830310344696;RDF202;Industrial, systems and processes engineering;0.9933330416679382
92;Les données numériques en santé: peut-on bâtir la confiance;RDF20-21;Engineering and technology;0.22415319085121155;RDF40;Agricultural and veterinary sciences;0.22327931225299835;RDF30;Medical, health and life sciences;0.2048926055431366;RDF102;Computer and information sciences;0.9988530874252319;RDF604;Arts (arts, history of arts, performing arts, music), architecture and design;0.9986775517463684;RDF201;Civil engineering, maritime engineering, transport engineering, and mining engineering;0.9984083771705627;RDF302;Clinical medicine;0.9976311326026917;RDF508;Media and communications;0.9973477125167847
93;Role of ARF1 as a key GTPAse regulating immune surveillance in breast cancer;RDF20-21;Engineering and technology;0.3607347011566162;RDF30;Medical, health and life sciences;0.1994112730026245;RDF40;Agricultural and veterinary sciences;0.18769578635692596;RDF604;Arts (arts, history of arts, performing arts, music), architecture and design;0.9983738660812378;RDF508;Media and communications;0.9941573739051819;RDF202;Industrial, systems and processes engineering;0.9920697212219238;RDF201;Civil engineering, maritime engineering, transport engineering, and mining engineering;0.9915707111358643;RDF103;Physical sciences;0.9904220700263977
94;Critical Replacement of Thermogravimetric Analyzer to Leverage Materials Discovery and Innovation (Chemistry);RDF40;Agricultural and veterinary sciences;0.25599393248558044;RDF20-21;Engineering and technology;0.22197739779949188;RDF10;Natural sciences;0.21430908143520355;RDF508;Media and communications;0.9984632730484009;RDF604;Arts (arts, history of arts, performing arts, music), architecture and design;0.9979251027107239;RDF201;Civil engineering, maritime engineering, transport engineering, and mining engineering;0.9961155652999878;RDF202;Industrial, systems and processes engineering;0.9952907562255859;RDF104;Chemical sciences;0.9939788579940796
95;Partnering with Canadian Youth to Co-Design a Toolkit to Support Youth who Experience Climate-Related Distress;RDF20-21;Engineering and technology;0.4425601065158844;RDF40;Agricultural and veterinary sciences;0.31382209062576294;RDF10;Natural sciences;0.07252871245145798;RDF604;Arts (arts, history of arts, performing arts, music), architecture and design;0.9988840222358704;RDF508;Media and communications;0.9957270622253418;RDF208;Environmental engineering and related engineering;0.994820237159729;RDF201;Civil engineering, maritime engineering, transport engineering, and mining engineering;0.9908920526504517;RDF102;Computer and information sciences;0.9868913292884827
96;Family Acculturation: Identity, Legitimacy, and the Marketplace;RDF20-21;Engineering and technology;0.22708700597286224;RDF40;Agricultural and veterinary sciences;0.22096170485019684;RDF10;Natural sciences;0.19048090279102325;RDF604;Arts (arts, history of arts, performing arts, music), architecture and design;0.9992548227310181;RDF508;Media and communications;0.9988213181495667;RDF201;Civil engineering, maritime engineering, transport engineering, and mining engineering;0.9980807900428772;RDF203;Electrical engineering, computer engineering, and information engineering;0.9973269701004028;RDF102;Computer and information sciences;0.996182918548584
97;Low-Resource Text Understanding (Computer Science);RDF20-21;Engineering and technology;0.2355538159608841;RDF30;Medical, health and life sciences;0.19262927770614624;RDF10;Natural sciences;0.17990125715732574;RDF604;Arts (arts, history of arts, performing arts, music), architecture and design;0.9985191822052002;RDF102;Computer and information sciences;0.9971328377723694;RDF201;Civil engineering, maritime engineering, transport engineering, and mining engineering;0.9962125420570374;RDF203;Electrical engineering, computer engineering, and information engineering;0.9958174824714661;RDF508;Media and communications;0.9948000907897949
98;Privilège des minoritaires et inégalités épistémiques: une perspective féministe et décoloniale sur la reconnaissance des savoirs expérientiels dans la lutte contre la pauvreté au Québec et en Belgique francophone (Sociology, demography and related fields);RDF50;Social sciences;0.344970166683197;RDF20-21;Engineering and technology;0.28879687190055847;RDF10;Natural sciences;0.15011875331401825;RDF604;Arts (arts, history of arts, performing arts, music), architecture and design;0.9990545511245728;RDF102;Computer and information sciences;0.9977959394454956;RDF105;Earth and related environmental sciences;0.9977958798408508;RDF508;Media and communications;0.9969186186790466;RDF201;Civil engineering, maritime engineering, transport engineering, and mining engineering;0.9969066381454468
99;L'esthétique moyenne ou la coupe régulière (Sociology, demography and related fields);RDF50;Social sciences;0.5923224687576294;RDF20-21;Engineering and technology;0.1303703635931015;RDF10;Natural sciences;0.10475552827119827;RDF604;Arts (arts, history of arts, performing arts, music), architecture and design;0.998586893081665;RDF201;Civil engineering, maritime engineering, transport engineering, and mining engineering;0.9982692003250122;RDF504;Sociology and related studies;0.9969305992126465;RDF105;Earth and related environmental sciences;0.9959298968315125;RDF501;Psychology and cognitive sciences;0.9940196871757507
100;Deepening understanding on infant and child mortality disparities in low- and middle-income countries: untangling the direct and indirect effects of gender inequality (Multidisciplinary or interdisciplinary social sciences);RDF10;Natural sciences;0.2623455822467804;RDF50;Social sciences;0.244055837392807;RDF20-21;Engineering and technology;0.21834337711334229;RDF604;Arts (arts, history of arts, performing arts, music), architecture and design;0.9992833733558655;RDF102;Computer and information sciences;0.9992099404335022;RDF508;Media and communications;0.9990527033805847;RDF203;Electrical engineering, computer engineering, and information engineering;0.9987331032752991;RDF105;Earth and related environmental sciences;0.9987305998802185
101;Isolating the role of the raphe-ventral hippocampus serotonergic pathway in anxiety (Behavioural Sciences – Neurobiological Basis of Behavioural Processes);RDF20-21;Engineering and technology;0.48586559295654297;RDF10;Natural sciences;0.23357662558555603;RDF30;Medical, health and life sciences;0.10548705607652664;RDF604;Arts (arts, history of arts, performing arts, music), architecture and design;0.998091995716095;RDF508;Media and communications;0.9969186782836914;RDF102;Computer and information sciences;0.995354413986206;RDF203;Electrical engineering, computer engineering, and information engineering;0.994225025177002;RDF202;Industrial, systems and processes engineering;0.9928786158561707
102;Facing pain is effortful: a multidisciplinary approach to investigate the effects of pain on perception of effort and performance (Biological Systems and Functions);RDF10;Natural sciences;0.37544751167297363;RDF30;Medical, health and life sciences;0.268320232629776;RDF20-21;Engineering and technology;0.1250244528055191;RDF604;Arts (arts, history of arts, performing arts, music), architecture and design;0.9987791776657104;RDF103;Physical sciences;0.9972208142280579;RDF302;Clinical medicine;0.9965029954910278;RDF508;Media and communications;0.9955575466156006;RDF102;Computer and information sciences;0.9955402612686157
103;Enjeux émergents liés à la présence de manganèse dans les eaux potables (Civil, Industrial and Systems Engineering);RDF20-21;Engineering and technology;0.25317057967185974;RDF10;Natural sciences;0.2182466834783554;RDF30;Medical, health and life sciences;0.2182466834783554;RDF604;Arts (arts, history of arts, performing arts, music), architecture and design;0.9992160797119141;RDF508;Media and communications;0.9991168975830078;RDF208;Environmental engineering and related engineering;0.9972691535949707;RDF102;Computer and information sciences;0.9970877766609192;RDF105;Earth and related environmental sciences;0.9968580007553101
104;Élaboration d'un procédé de stockage de CO2 par minéralisation visant à réduire les émissions des Gaz à Effet de Serre du secteur agricole;RDF20-21;Engineering and technology;0.6410743594169617;RDF60;Humanities and the arts;0.09603454172611237;RDF30;Medical, health and life sciences;0.08508188277482986;RDF604;Arts (arts, history of arts, performing arts, music), architecture and design;0.9985896348953247;RDF102;Computer and information sciences;0.995479166507721;RDF105;Earth and related environmental sciences;0.9909797310829163;RDF204;Mechanical engineering;0.9888203740119934;RDF203;Electrical engineering, computer engineering, and information engineering;0.9813106656074524
105;Factor models for forecasting and macroeconomic applications (Economics);RDF40;Agricultural and veterinary sciences;0.48413604497909546;RDF30;Medical, health and life sciences;0.15413589775562286;RDF20-21;Engineering and technology;0.14852085709571838;RDF604;Arts (arts, history of arts, performing arts, music), architecture and design;0.9987356066703796;RDF201;Civil engineering, maritime engineering, transport engineering, and mining engineering;0.9964342713356018;RDF203;Electrical engineering, computer engineering, and information engineering;0.995132565498352;RDF508;Media and communications;0.9940312504768372;RDF202;Industrial, systems and processes engineering;0.9928992390632629
106;Une histoire écrite avec des si. Les devenirs romanesques des idéaux libertaires (1898-1940) (Literature);RDF10;Natural sciences;0.3540855944156647;RDF20-21;Engineering and technology;0.21434471011161804;RDF50;Social sciences;0.15378481149673462;RDF604;Arts (arts, history of arts, performing arts, music), architecture and design;0.9984053373336792;RDF201;Civil engineering, maritime engineering, transport engineering, and mining engineering;0.9949592351913452;RDF102;Computer and information sciences;0.9908389449119568;RDF105;Earth and related environmental sciences;0.9904590249061584;RDF508;Media and communications;0.9900827407836914
107;Jean-Marc Vallée : de Montréal à Hollywood;RDF40;Agricultural and veterinary sciences;0.318405419588089;RDF20-21;Engineering and technology;0.1969316452741623;RDF30;Medical, health and life sciences;0.17447176575660706;RDF508;Media and communications;0.9994395971298218;RDF604;Arts (arts, history of arts, performing arts, music), architecture and design;0.9992519021034241;RDF201;Civil engineering, maritime engineering, transport engineering, and mining engineering;0.9991065859794617;RDF204;Mechanical engineering;0.9982624053955078;RDF202;Industrial, systems and processes engineering;0.997908890247345
108;Prebiotics to modify the gut microbiome and enhance immune checkpoint blockers (Cancer Progression & Therapeutics);RDF20-21;Engineering and technology;0.3167513608932495;RDF30;Medical, health and life sciences;0.21600565314292908;RDF10;Natural sciences;0.20976915955543518;RDF604;Arts (arts, history of arts, performing arts, music), architecture and design;0.9986749887466431;RDF102;Computer and information sciences;0.9977872967720032;RDF105;Earth and related environmental sciences;0.9968458414077759;RDF201;Civil engineering, maritime engineering, transport engineering, and mining engineering;0.9963994026184082;RDF508;Media and communications;0.9958980679512024
109;Words Matter, Numbers Matter, Ways Matter: Establishing a Data and Resource Platform to Guide Equitable Healthcare for Women Living with Female Genital Mutilation/Cutting in Canada (Public, Community & Population Health);RDF20-21;Engineering and technology;0.3666499853134155;RDF30;Medical, health and life sciences;0.24663838744163513;RDF10;Natural sciences;0.1567729115486145;RDF102;Computer and information sciences;0.9990415573120117;RDF508;Media and communications;0.9990110993385315;RDF604;Arts (arts, history of arts, performing arts, music), architecture and design;0.9983770251274109;RDF203;Electrical engineering, computer engineering, and information engineering;0.9982959032058716;RDF105;Earth and related environmental sciences;0.9966756105422974
110;"Dynamiques de cohabitation à l'ère de la ""super-diversité"" (Anthropology and archaeology)";RDF10;Natural sciences;0.2505302429199219;RDF20-21;Engineering and technology;0.24329695105552673;RDF50;Social sciences;0.14989089965820312;RDF604;Arts (arts, history of arts, performing arts, music), architecture and design;0.9989916086196899;RDF105;Earth and related environmental sciences;0.996570348739624;RDF201;Civil engineering, maritime engineering, transport engineering, and mining engineering;0.9964272975921631;RDF203;Electrical engineering, computer engineering, and information engineering;0.9963783025741577;RDF508;Media and communications;0.9951230883598328
111;Dependence Modelling for Arbitrary Distributions (Mathematics and Statistics);RDF20-21;Engineering and technology;0.29264718294143677;RDF40;Agricultural and veterinary sciences;0.22880586981773376;RDF50;Social sciences;0.18170875310897827;RDF604;Arts (arts, history of arts, performing arts, music), architecture and design;0.9987156987190247;RDF508;Media and communications;0.9981287717819214;RDF203;Electrical engineering, computer engineering, and information engineering;0.9961903691291809;RDF102;Computer and information sciences;0.996134340763092;RDF105;Earth and related environmental sciences;0.9957270622253418
112;CONTACT BY SEA: : Basques et Autochtones dans le golfe Saint-Laurent, XVIe-XVIIIe siècle (Anthropology and archaeology);RDF20-21;Engineering and technology;0.4212561249732971;RDF30;Medical, health and life sciences;0.16569280624389648;RDF60;Humanities and the arts;0.1600470095872879;RDF604;Arts (arts, history of arts, performing arts, music), architecture and design;0.9955054521560669;RDF201;Civil engineering, maritime engineering, transport engineering, and mining engineering;0.9862444400787354;RDF508;Media and communications;0.9773924350738525;RDF105;Earth and related environmental sciences;0.9408441185951233;RDF202;Industrial, systems and processes engineering;0.940626323223114
113;The impact of genetic variation on genome biology and function (Genes, Cells and Molecules);RDF10;Natural sciences;0.2886529266834259;RDF50;Social sciences;0.18276363611221313;RDF20-21;Engineering and technology;0.1635085940361023;RDF201;Civil engineering, maritime engineering, transport engineering, and mining engineering;0.9996273517608643;RDF302;Clinical medicine;0.9993953108787537;RDF604;Arts (arts, history of arts, performing arts, music), architecture and design;0.9993650317192078;RDF508;Media and communications;0.9993294477462769;RDF303;Health sciences;0.9990358948707581
114;Orphan Nuclear Receptor Regulation of Fertility (Clinical Investigation – Reproduction, Maternal, Child and Youth Health);RDF20-21;Engineering and technology;0.2554934322834015;RDF10;Natural sciences;0.23907814919948578;RDF30;Medical, health and life sciences;0.22371752560138702;RDF302;Clinical medicine;0.9992958307266235;RDF604;Arts (arts, history of arts, performing arts, music), architecture and design;0.9987281560897827;RDF102;Computer and information sciences;0.9986724257469177;RDF201;Civil engineering, maritime engineering, transport engineering, and mining engineering;0.9985813498497009;RDF508;Media and communications;0.9985786080360413
115;Identifying the roles of atypical MAP kinases ERK3 and ERK4 in cardiac remodelling (Cardiovascular System – Heart and Circulation);RDF20-21;Engineering and technology;0.7099590301513672;RDF60;Humanities and the arts;0.08554104715585709;RDF30;Medical, health and life sciences;0.0829092264175415;RDF604;Arts (arts, history of arts, performing arts, music), architecture and design;0.9979211091995239;RDF508;Media and communications;0.9864417314529419;RDF202;Industrial, systems and processes engineering;0.9610797762870789;RDF102;Computer and information sciences;0.9263703227043152;RDF303;Health sciences;0.9262703657150269
116;Valorisation des données industrielles (Civil, Industrial and Systems Engineering);RDF40;Agricultural and veterinary sciences;0.3252851963043213;RDF20-21;Engineering and technology;0.27338314056396484;RDF10;Natural sciences;0.1464744210243225;RDF604;Arts (arts, history of arts, performing arts, music), architecture and design;0.998248815536499;RDF203;Electrical engineering, computer engineering, and information engineering;0.9962345957756042;RDF102;Computer and information sciences;0.9945783019065857;RDF105;Earth and related environmental sciences;0.9883914589881897;RDF508;Media and communications;0.9881766438484192
117;Multiphysics and multiscale modeling for the intensification of chemical engineering processes (Materials and Chemical Engineering);RDF20-21;Engineering and technology;0.4128943085670471;RDF10;Natural sciences;0.21843159198760986;RDF40;Agricultural and veterinary sciences;0.1272856444120407;RDF604;Arts (arts, history of arts, performing arts, music), architecture and design;0.9974982738494873;RDF205;Chemical engineering;0.9942026138305664;RDF201;Civil engineering, maritime engineering, transport engineering, and mining engineering;0.9916195869445801;RDF104;Chemical sciences;0.9896917939186096;RDF103;Physical sciences;0.9892855882644653
118;Targeting BMP signaling in the tumor endothelium to improve cancer immunotherapy (Cancer Progression & Therapeutics);RDF20-21;Engineering and technology;0.41133543848991394;RDF30;Medical, health and life sciences;0.20804791152477264;RDF10;Natural sciences;0.17622344195842743;RDF508;Media and communications;0.9990925192832947;RDF604;Arts (arts, history of arts, performing arts, music), architecture and design;0.9989350438117981;RDF102;Computer and information sciences;0.9979966878890991;RDF201;Civil engineering, maritime engineering, transport engineering, and mining engineering;0.9951041340827942;RDF202;Industrial, systems and processes engineering;0.9949983358383179
119;The Impact of Job Transformations on Frontline Employees' Burnout and Performance: Examining the Roles of Manager Support and Empathy;RDF20-21;Engineering and technology;0.37528640031814575;RDF40;Agricultural and veterinary sciences;0.21635231375694275;RDF10;Natural sciences;0.15192584693431854;RDF604;Arts (arts, history of arts, performing arts, music), architecture and design;0.999191164970398;RDF102;Computer and information sciences;0.9988373517990112;RDF203;Electrical engineering, computer engineering, and information engineering;0.9987231492996216;RDF508;Media and communications;0.9970420598983765;RDF103;Physical sciences;0.9968702793121338
120;Structural design and rehabilitation of bridge superstructure and foundation elements utilizing fibre reinforced concrete and ultra-high performance fibre reinforced concrete with conventional reinforcement;RDF20-21;Engineering and technology;0.6681926250457764;RDF40;Agricultural and veterinary sciences;0.08420778810977936;RDF10;Natural sciences;0.07614972442388535;RDF604;Arts (arts, history of arts, performing arts, music), architecture and design;0.9980314373970032;RDF201;Civil engineering, maritime engineering, transport engineering, and mining engineering;0.9897909164428711;RDF105;Earth and related environmental sciences;0.9800912141799927;RDF202;Industrial, systems and processes engineering;0.9711564779281616;RDF302;Clinical medicine;0.9671009182929993
121;Des dispositifs de développement professionnels transformateurs pour les enseignants du postsecondaire (Education and social work);RDF40;Agricultural and veterinary sciences;0.38792136311531067;RDF20-21;Engineering and technology;0.2052202671766281;RDF10;Natural sciences;0.1738283336162567;RDF604;Arts (arts, history of arts, performing arts, music), architecture and design;0.9986196160316467;RDF201;Civil engineering, maritime engineering, transport engineering, and mining engineering;0.998136043548584;RDF203;Electrical engineering, computer engineering, and information engineering;0.9970535635948181;RDF103;Physical sciences;0.9966299533843994;RDF202;Industrial, systems and processes engineering;0.995685338973999
122;High-fidelity simulations of turbulent combustion relevant to gas turbines and compression ignition engines (Mechanical Engineering);RDF20-21;Engineering and technology;0.5303958058357239;RDF30;Medical, health and life sciences;0.11259743571281433;RDF50;Social sciences;0.11183034628629684;RDF604;Arts (arts, history of arts, performing arts, music), architecture and design;0.9981324672698975;RDF105;Earth and related environmental sciences;0.9786310791969299;RDF201;Civil engineering, maritime engineering, transport engineering, and mining engineering;0.9642204642295837;RDF102;Computer and information sciences;0.9612801671028137;RDF204;Mechanical engineering;0.9507949948310852
123;Responsible Conduct in Research: From Norms to Practice;RDF40;Agricultural and veterinary sciences;0.4360027611255646;RDF30;Medical, health and life sciences;0.16875194013118744;RDF10;Natural sciences;0.14405953884124756;RDF604;Arts (arts, history of arts, performing arts, music), architecture and design;0.9987768530845642;RDF508;Media and communications;0.9979332089424133;RDF203;Electrical engineering, computer engineering, and information engineering;0.9975513815879822;RDF201;Civil engineering, maritime engineering, transport engineering, and mining engineering;0.9968396425247192;RDF208;Environmental engineering and related engineering;0.996563732624054
124;Integrity of the cellular transformation barriers in reprogrammed cell (Genes, Cells and Molecules);RDF20-21;Engineering and technology;0.2956036925315857;RDF10;Natural sciences;0.26291537284851074;RDF40;Agricultural and veterinary sciences;0.15275929868221283;RDF604;Arts (arts, history of arts, performing arts, music), architecture and design;0.9985618591308594;RDF102;Computer and information sciences;0.9975985884666443;RDF302;Clinical medicine;0.9970421195030212;RDF203;Electrical engineering, computer engineering, and information engineering;0.9964756965637207;RDF103;Physical sciences;0.9964481592178345
125;Deuterostome extracellular matrix structures (ossicles and tubes): Evolution, composition, function and development (Evolution and Ecology);RDF20-21;Engineering and technology;0.2980162501335144;RDF10;Natural sciences;0.24754714965820312;RDF50;Social sciences;0.23391561210155487;RDF604;Arts (arts, history of arts, performing arts, music), architecture and design;0.998661994934082;RDF201;Civil engineering, maritime engineering, transport engineering, and mining engineering;0.996720552444458;RDF102;Computer and information sciences;0.9964756965637207;RDF105;Earth and related environmental sciences;0.995866060256958;RDF202;Industrial, systems and processes engineering;0.9945836067199707
126;Finding Order in Chaos: Vibrational Spectroscopy Study of Oriented Soft Materials (Chemistry);RDF20-21;Engineering and technology;0.30787336826324463;RDF10;Natural sciences;0.24932347238063812;RDF50;Social sciences;0.16447120904922485;RDF508;Media and communications;0.9984021782875061;RDF604;Arts (arts, history of arts, performing arts, music), architecture and design;0.9978761076927185;RDF102;Computer and information sciences;0.996720552444458;RDF201;Civil engineering, maritime engineering, transport engineering, and mining engineering;0.9936240911483765;RDF103;Physical sciences;0.9934738874435425
127;COVID-19 seroepidemiology in children Using Retrieved POPCORN site Leftover Samples (CURNLS);RDF20-21;Engineering and technology;0.4977957308292389;RDF10;Natural sciences;0.15679141879081726;RDF30;Medical, health and life sciences;0.15572324395179749;RDF604;Arts (arts, history of arts, performing arts, music), architecture and design;0.996936559677124;RDF508;Media and communications;0.9939261078834534;RDF102;Computer and information sciences;0.9909272193908691;RDF201;Civil engineering, maritime engineering, transport engineering, and mining engineering;0.9903103113174438;RDF105;Earth and related environmental sciences;0.9831337332725525
128;COVIH study: COVID-19 burden in HIV infected individuals;RDF20-21;Engineering and technology;0.2293664813041687;RDF40;Agricultural and veterinary sciences;0.19888822734355927;RDF10;Natural sciences;0.18466146290302277;RDF604;Arts (arts, history of arts, performing arts, music), architecture and design;0.9989718198776245;RDF201;Civil engineering, maritime engineering, transport engineering, and mining engineering;0.9983833432197571;RDF203;Electrical engineering, computer engineering, and information engineering;0.9969005584716797;RDF102;Computer and information sciences;0.9963357448577881;RDF508;Media and communications;0.9960160255432129
129;Unravelling the physiological function of a highly conserved HNRNPA1 splice variant (Genes, Cells and Molecules);RDF20-21;Engineering and technology;0.48165163397789;RDF10;Natural sciences;0.17563921213150024;RDF30;Medical, health and life sciences;0.10789162665605545;RDF604;Arts (arts, history of arts, performing arts, music), architecture and design;0.9979170560836792;RDF302;Clinical medicine;0.9919847846031189;RDF102;Computer and information sciences;0.9886024594306946;RDF103;Physical sciences;0.9877232313156128;RDF208;Environmental engineering and related engineering;0.9862444996833801
130;Valorisation des données de production manufacturière pour une prise de décision personnalisée et décentralisée;RDF40;Agricultural and veterinary sciences;0.2847561538219452;RDF10;Natural sciences;0.21244104206562042;RDF20-21;Engineering and technology;0.1904309242963791;RDF203;Electrical engineering, computer engineering, and information engineering;0.9985533952713013;RDF604;Arts (arts, history of arts, performing arts, music), architecture and design;0.998542070388794;RDF201;Civil engineering, maritime engineering, transport engineering, and mining engineering;0.998451292514801;RDF102;Computer and information sciences;0.998248815536499;RDF508;Media and communications;0.9980430006980896
131;Uncovering causal complexities and trade-offs in the acceptance of mobile apps used to protect communities: the case of emergency response and contact tracing technologies;RDF20-21;Engineering and technology;0.3841980993747711;RDF10;Natural sciences;0.22019590437412262;RDF30;Medical, health and life sciences;0.11948484182357788;RDF604;Arts (arts, history of arts, performing arts, music), architecture and design;0.9983674883842468;RDF102;Computer and information sciences;0.996570348739624;RDF103;Physical sciences;0.996314287185669;RDF508;Media and communications;0.9960927367210388;RDF203;Electrical engineering, computer engineering, and information engineering;0.9945730566978455
132;Acquisition of an ultracentrifuge to support research in the field of veterinary infectious diseases (Biological Systems and Functions);RDF40;Agricultural and veterinary sciences;0.3025866150856018;RDF30;Medical, health and life sciences;0.2836991846561432;RDF10;Natural sciences;0.14703752100467682;RDF604;Arts (arts, history of arts, performing arts, music), architecture and design;0.9979251027107239;RDF508;Media and communications;0.9969484806060791;RDF403;Veterinary sciences;0.9963923692703247;RDF102;Computer and information sciences;0.9907050728797913;RDF601;History, archaeology and related studies;0.983769416809082
133;Penser et agir pour la paix au Québec (Multidisciplinary or interdisciplinary humanities);RDF50;Social sciences;0.27962377667427063;RDF10;Natural sciences;0.2212006151676178;RDF20-21;Engineering and technology;0.15457378327846527;RDF604;Arts (arts, history of arts, performing arts, music), architecture and design;0.9985162615776062;RDF508;Media and communications;0.997468888759613;RDF201;Civil engineering, maritime engineering, transport engineering, and mining engineering;0.9970764517784119;RDF203;Electrical engineering, computer engineering, and information engineering;0.9936487674713135;RDF102;Computer and information sciences;0.9929882287979126
134;Towards a visualization-assisted international history of videogame culture (Fine Arts, Research-Creation);RDF20-21;Engineering and technology;0.2901237905025482;RDF40;Agricultural and veterinary sciences;0.2233162522315979;RDF10;Natural sciences;0.16402111947536469;RDF604;Arts (arts, history of arts, performing arts, music), architecture and design;0.998905599117279;RDF201;Civil engineering, maritime engineering, transport engineering, and mining engineering;0.998248815536499;RDF102;Computer and information sciences;0.9965029358863831;RDF508;Media and communications;0.996271014213562;RDF203;Electrical engineering, computer engineering, and information engineering;0.9960082769393921
135;Modélisation et optimisation biomécanique d'orthèses et d'instrumentation de modulation de croissance pour le traitement de la scoliose pédiatrique;RDF20-21;Engineering and technology;0.3701954185962677;RDF30;Medical, health and life sciences;0.2214859426021576;RDF10;Natural sciences;0.16395269334316254;RDF604;Arts (arts, history of arts, performing arts, music), architecture and design;0.9987131953239441;RDF302;Clinical medicine;0.9971991181373596;RDF201;Civil engineering, maritime engineering, transport engineering, and mining engineering;0.9968762993812561;RDF508;Media and communications;0.9955576062202454;RDF102;Computer and information sciences;0.9948403835296631
136;Randomized controlled trial to evaluate the effect of a postural re-education intervention compared to standard care on scoliosis progression in adolescent (Clinical Investigation – Arthritis, Bone, Skin and Cartilage);RDF20-21;Engineering and technology;0.4970911741256714;RDF30;Medical, health and life sciences;0.20681411027908325;RDF10;Natural sciences;0.1678106039762497;RDF105;Earth and related environmental sciences;0.9972423911094666;RDF604;Arts (arts, history of arts, performing arts, music), architecture and design;0.9956516027450562;RDF201;Civil engineering, maritime engineering, transport engineering, and mining engineering;0.9945306777954102;RDF302;Clinical medicine;0.9938070178031921;RDF102;Computer and information sciences;0.9927250146865845
137;Sommeil après une commotion cérébrale : impact sur le bien-être et le fonctionnement familial (Multidisciplinary or interdisciplinary social sciences);RDF20-21;Engineering and technology;0.3105573356151581;RDF50;Social sciences;0.2348792850971222;RDF10;Natural sciences;0.22500057518482208;RDF102;Computer and information sciences;0.9989916086196899;RDF203;Electrical engineering, computer engineering, and information engineering;0.9984602928161621;RDF201;Civil engineering, maritime engineering, transport engineering, and mining engineering;0.9982281923294067;RDF508;Media and communications;0.9980238080024719;RDF604;Arts (arts, history of arts, performing arts, music), architecture and design;0.9978342056274414
138;Few-Mode Optical Coherence Tomography (FM-OCT);RDF20-21;Engineering and technology;0.46285906434059143;RDF40;Agricultural and veterinary sciences;0.1400654911994934;RDF10;Natural sciences;0.1320943385362625;RDF604;Arts (arts, history of arts, performing arts, music), architecture and design;0.9966233968734741;RDF201;Civil engineering, maritime engineering, transport engineering, and mining engineering;0.9923192858695984;RDF103;Physical sciences;0.9917803406715393;RDF102;Computer and information sciences;0.9913474321365356;RDF202;Industrial, systems and processes engineering;0.9889171719551086
139;(IN)VISIBILISATION : Le design au prisme de l'itinérance;RDF40;Agricultural and veterinary sciences;0.2587074339389801;RDF20-21;Engineering and technology;0.22476890683174133;RDF10;Natural sciences;0.19187989830970764;RDF604;Arts (arts, history of arts, performing arts, music), architecture and design;0.9983450770378113;RDF201;Civil engineering, maritime engineering, transport engineering, and mining engineering;0.9977216720581055;RDF102;Computer and information sciences;0.997236967086792;RDF508;Media and communications;0.9955142140388489;RDF105;Earth and related environmental sciences;0.9946202635765076
140;Targeting SMOC2-induced epithelial-to-mesenchymal transition inhibits senescence in mouse models of kidney fibrosis (Hematology, Digestive Disease & Kidney);RDF20-21;Engineering and technology;0.634255588054657;RDF30;Medical, health and life sciences;0.17681573331356049;RDF10;Natural sciences;0.07762317359447479;RDF604;Arts (arts, history of arts, performing arts, music), architecture and design;0.9988166689872742;RDF508;Media and communications;0.9973938465118408;RDF102;Computer and information sciences;0.9951796531677246;RDF302;Clinical medicine;0.9950370788574219;RDF202;Industrial, systems and processes engineering;0.9944342374801636
141;Modèle explicatif des liens drogues-crimes des jeunes femmes adultes: une nouvelle perspective (Law and criminology);RDF20-21;Engineering and technology;0.5605226159095764;RDF10;Natural sciences;0.15413887798786163;RDF30;Medical, health and life sciences;0.11015808582305908;RDF604;Arts (arts, history of arts, performing arts, music), architecture and design;0.9979007244110107;RDF102;Computer and information sciences;0.9861112833023071;RDF201;Civil engineering, maritime engineering, transport engineering, and mining engineering;0.9856076836585999;RDF105;Earth and related environmental sciences;0.9808576703071594;RDF103;Physical sciences;0.9784053564071655
142;Mégadonnées et techniques avancées démystifiées;RDF40;Agricultural and veterinary sciences;0.3521234691143036;RDF30;Medical, health and life sciences;0.1873769909143448;RDF10;Natural sciences;0.16829201579093933;RDF201;Civil engineering, maritime engineering, transport engineering, and mining engineering;0.9991638660430908;RDF604;Arts (arts, history of arts, performing arts, music), architecture and design;0.9989876747131348;RDF203;Electrical engineering, computer engineering, and information engineering;0.9989677667617798;RDF508;Media and communications;0.9987767934799194;RDF204;Mechanical engineering;0.9987256526947021
143;Developing neurocomputational tools for the prediction and modulation of consciousness (Electrical and Computer Engineering);RDF20-21;Engineering and technology;0.2613738477230072;RDF30;Medical, health and life sciences;0.21416203677654266;RDF10;Natural sciences;0.18389946222305298;RDF203;Electrical engineering, computer engineering, and information engineering;0.9994558095932007;RDF201;Civil engineering, maritime engineering, transport engineering, and mining engineering;0.9988418817520142;RDF604;Arts (arts, history of arts, performing arts, music), architecture and design;0.9987256526947021;RDF508;Media and communications;0.9986801147460938;RDF601;History, archaeology and related studies;0.9976993799209595
144;Description et analyse des interactions orales entre adulte (enseignante/parent) et enfant en lien avec les habiletés narratives lors de la lecture d'albums plurilingues dans une perspective de collaboration école-famille en milieu pluriethnique (Education and social work);RDF20-21;Engineering and technology;0.36780083179473877;RDF10;Natural sciences;0.24144534766674042;RDF60;Humanities and the arts;0.10957442224025726;RDF604;Arts (arts, history of arts, performing arts, music), architecture and design;0.9937829375267029;RDF508;Media and communications;0.9921385645866394;RDF105;Earth and related environmental sciences;0.9915133714675903;RDF102;Computer and information sciences;0.9893165826797485;RDF503;Education;0.9855660200119019
145;Contribuer au développement d'écoles plus justes et inclusives du personnel scolaire de groupes racisés : quels cadres de référence éthique pour les directions d'établissement d'enseignement? (Education and social work);RDF20-21;Engineering and technology;0.4868810772895813;RDF10;Natural sciences;0.20335905253887177;RDF40;Agricultural and veterinary sciences;0.10417037457227707;RDF604;Arts (arts, history of arts, performing arts, music), architecture and design;0.9982522130012512;RDF102;Computer and information sciences;0.9976677894592285;RDF105;Earth and related environmental sciences;0.9953454732894897;RDF103;Physical sciences;0.9915051460266113;RDF201;Civil engineering, maritime engineering, transport engineering, and mining engineering;0.9876282215118408
146;Manipulating methionine metabolism to shape immune responses and modify disease progression in both sexes in MS (Systems & Circuits Neurosciences);RDF20-21;Engineering and technology;0.31729939579963684;RDF30;Medical, health and life sciences;0.22412177920341492;RDF10;Natural sciences;0.15646222233772278;RDF604;Arts (arts, history of arts, performing arts, music), architecture and design;0.9979730844497681;RDF508;Media and communications;0.9962927103042603;RDF102;Computer and information sciences;0.993636429309845;RDF201;Civil engineering, maritime engineering, transport engineering, and mining engineering;0.992408037185669;RDF601;History, archaeology and related studies;0.9918831586837769
147;Lymphatic vessel function in atherosclerosis (Clinical Investigation – Cardiovascular Systems);RDF10;Natural sciences;0.2394135594367981;RDF30;Medical, health and life sciences;0.19050467014312744;RDF50;Social sciences;0.18213623762130737;RDF604;Arts (arts, history of arts, performing arts, music), architecture and design;0.998888373374939;RDF508;Media and communications;0.998603343963623;RDF201;Civil engineering, maritime engineering, transport engineering, and mining engineering;0.9983091950416565;RDF302;Clinical medicine;0.9981287717819214;RDF102;Computer and information sciences;0.997730553150177
148;Théorie de l'improvisation comme pratique de vulnérabilité en recherche-création (Literature);RDF10;Natural sciences;0.25319215655326843;RDF20-21;Engineering and technology;0.2230052947998047;RDF50;Social sciences;0.21196354925632477;RDF604;Arts (arts, history of arts, performing arts, music), architecture and design;0.9981897473335266;RDF201;Civil engineering, maritime engineering, transport engineering, and mining engineering;0.9969780445098877;RDF103;Physical sciences;0.9952815771102905;RDF102;Computer and information sciences;0.9941913485527039;RDF508;Media and communications;0.9939143061637878
149;Potentialiser le leadership normatif de l'Organisation mondiale de la santé: une étude internationale (Law and criminology);RDF10;Natural sciences;0.3300376236438751;RDF20-21;Engineering and technology;0.27846288681030273;RDF30;Medical, health and life sciences;0.20896680653095245;RDF102;Computer and information sciences;0.9987106919288635;RDF604;Arts (arts, history of arts, performing arts, music), architecture and design;0.9978129863739014;RDF103;Physical sciences;0.9967523217201233;RDF201;Civil engineering, maritime engineering, transport engineering, and mining engineering;0.9965503215789795;RDF105;Earth and related environmental sciences;0.996314287185669
150;PARCS en Santé: Contrôler les agents pathogènes transmis par les tiques tout en protégeant la biodiversité des parcs nature péri-urbains;RDF30;Medical, health and life sciences;0.38278982043266296;RDF20-21;Engineering and technology;0.2900758385658264;RDF10;Natural sciences;0.1200978010892868;RDF604;Arts (arts, history of arts, performing arts, music), architecture and design;0.9982993006706238;RDF105;Earth and related environmental sciences;0.988558292388916;RDF102;Computer and information sciences;0.9799189567565918;RDF208;Environmental engineering and related engineering;0.9731898307800293;RDF508;Media and communications;0.9669452905654907
151;Appréhender la colère sociale : une enquête comparative auprès des jeunes NEET au Québec et en Ontario (Sociology, demography and related fields);RDF50;Social sciences;0.43131008744239807;RDF20-21;Engineering and technology;0.42131879925727844;RDF30;Medical, health and life sciences;0.052792198956012726;RDF604;Arts (arts, history of arts, performing arts, music), architecture and design;0.9886901378631592;RDF504;Sociology and related studies;0.9537080526351929;RDF105;Earth and related environmental sciences;0.9232815504074097;RDF201;Civil engineering, maritime engineering, transport engineering, and mining engineering;0.8962967395782471;RDF102;Computer and information sciences;0.8687154650688171
152;La professionnalisation des enseignants d'éducation physique et à la santé à l'école primaire et secondaire : l'enjeu stratégique du savoir professionnel au Québec et en Ontario (Education and social work);RDF30;Medical, health and life sciences;0.2794850766658783;RDF10;Natural sciences;0.2735445499420166;RDF20-21;Engineering and technology;0.2534819543361664;RDF302;Clinical medicine;0.9981756210327148;RDF102;Computer and information sciences;0.9977349042892456;RDF103;Physical sciences;0.9976540803909302;RDF604;Arts (arts, history of arts, performing arts, music), architecture and design;0.9968334436416626;RDF105;Earth and related environmental sciences;0.9956133961677551
153;Two-phase flow numerical model development based on experimental characterization (Mechanical Engineering);RDF20-21;Engineering and technology;0.3182893395423889;RDF10;Natural sciences;0.2268057018518448;RDF50;Social sciences;0.1465798318386078;RDF604;Arts (arts, history of arts, performing arts, music), architecture and design;0.996523380279541;RDF204;Mechanical engineering;0.9932287931442261;RDF103;Physical sciences;0.9917163252830505;RDF201;Civil engineering, maritime engineering, transport engineering, and mining engineering;0.9887663125991821;RDF105;Earth and related environmental sciences;0.9819100499153137
154;Idea vitality and group idea elaboration;RDF40;Agricultural and veterinary sciences;0.5241867899894714;RDF50;Social sciences;0.1487225443124771;RDF10;Natural sciences;0.11537367850542068;RDF604;Arts (arts, history of arts, performing arts, music), architecture and design;0.9991186261177063;RDF508;Media and communications;0.9989697933197021;RDF201;Civil engineering, maritime engineering, transport engineering, and mining engineering;0.998957633972168;RDF204;Mechanical engineering;0.9987695813179016;RDF203;Electrical engineering, computer engineering, and information engineering;0.9978925585746765
155;La réorganisation des services institutionnels et communautaires auprès des personnes en situation d'itinérance et les besoins des personnes en situation d'itinérance pour faire face à la pandémie de COVID-19;RDF20-21;Engineering and technology;0.27390506863594055;RDF10;Natural sciences;0.19651727378368378;RDF30;Medical, health and life sciences;0.1796313375234604;RDF604;Arts (arts, history of arts, performing arts, music), architecture and design;0.9993999600410461;RDF203;Electrical engineering, computer engineering, and information engineering;0.9992372393608093;RDF102;Computer and information sciences;0.9990378022193909;RDF201;Civil engineering, maritime engineering, transport engineering, and mining engineering;0.9989758133888245;RDF508;Media and communications;0.998742938041687
156;Contribution of 17beta-estradiol in pregnancy-related cardiac arrhythmias (Cardiovascular System – Cells and Tissues);RDF20-21;Engineering and technology;0.3607662320137024;RDF10;Natural sciences;0.19197610020637512;RDF50;Social sciences;0.16134464740753174;RDF508;Media and communications;0.999127209186554;RDF604;Arts (arts, history of arts, performing arts, music), architecture and design;0.9989474415779114;RDF102;Computer and information sciences;0.9984481930732727;RDF201;Civil engineering, maritime engineering, transport engineering, and mining engineering;0.9978552460670471;RDF303;Health sciences;0.997188150882721
157;Le vivant à l'aune de l'Anthropocène. Étude des enjeux matériels, sociaux, culturels, éthiques et épistémologiques des représentations du vivant et des imaginaires sociotechniques des biotechnologies (Mutidisciplinary or interdisciplinary social sciences);RDF10;Natural sciences;0.26813146471977234;RDF50;Social sciences;0.19809426367282867;RDF20-21;Engineering and technology;0.19087783992290497;RDF604;Arts (arts, history of arts, performing arts, music), architecture and design;0.9991457462310791;RDF601;History, archaeology and related studies;0.9987056255340576;RDF106;Biological sciences;0.998299241065979;RDF105;Earth and related environmental sciences;0.9980276823043823;RDF103;Physical sciences;0.9980238676071167
158;Connectivité intelligente des véhicules urbains dans un réseau hétérogène d'ondes millimétriques (Electrical and Computer Engineering);RDF20-21;Engineering and technology;0.46488553285598755;RDF10;Natural sciences;0.1816965639591217;RDF30;Medical, health and life sciences;0.1716911792755127;RDF604;Arts (arts, history of arts, performing arts, music), architecture and design;0.998432993888855;RDF203;Electrical engineering, computer engineering, and information engineering;0.998432993888855;RDF102;Computer and information sciences;0.9971550703048706;RDF201;Civil engineering, maritime engineering, transport engineering, and mining engineering;0.9948802590370178;RDF508;Media and communications;0.9940774440765381
159;How spokespersons stand for, act for, and speak for a collective: Understanding the communicative inner workings of political representation and its organizing effects (Communications, media studies, gender studies, library and information science, related fields);RDF20-21;Engineering and technology;0.3419812321662903;RDF50;Social sciences;0.2581409811973572;RDF10;Natural sciences;0.18996982276439667;RDF508;Media and communications;0.9996987581253052;RDF102;Computer and information sciences;0.9993040561676025;RDF604;Arts (arts, history of arts, performing arts, music), architecture and design;0.9992129802703857;RDF105;Earth and related environmental sciences;0.9990188479423523;RDF601;History, archaeology and related studies;0.9986222982406616
160;Coconstruire un modèle théorique de l'objection de conscience : approfondir sa compréhension afin de mieux l'intégrer à la formation et la pratique infirmière;RDF10;Natural sciences;0.2817983329296112;RDF20-21;Engineering and technology;0.24245132505893707;RDF30;Medical, health and life sciences;0.16405077278614044;RDF604;Arts (arts, history of arts, performing arts, music), architecture and design;0.9982281923294067;RDF302;Clinical medicine;0.9981827139854431;RDF102;Computer and information sciences;0.9967994093894958;RDF303;Health sciences;0.9951420426368713;RDF103;Physical sciences;0.9926184415817261
161;Acceptability, user experience and effect of a new mobile app, 'OUPS!', a FemTech solution designed for the treatment of urinary incontinence in menopausal women: a mixed method study;RDF20-21;Engineering and technology;0.6637211441993713;RDF30;Medical, health and life sciences;0.13018490374088287;RDF10;Natural sciences;0.09759926050901413;RDF604;Arts (arts, history of arts, performing arts, music), architecture and design;0.9970934987068176;RDF102;Computer and information sciences;0.996364176273346;RDF203;Electrical engineering, computer engineering, and information engineering;0.9935368895530701;RDF508;Media and communications;0.9935117363929749;RDF105;Earth and related environmental sciences;0.9903196692466736
162;Traduction et journalisme/Translation and Journalism/Traducción y periodismo;RDF40;Agricultural and veterinary sciences;0.298751562833786;RDF20-21;Engineering and technology;0.21267573535442352;RDF50;Social sciences;0.16824033856391907;RDF508;Media and communications;0.9997273087501526;RDF201;Civil engineering, maritime engineering, transport engineering, and mining engineering;0.9991912245750427;RDF604;Arts (arts, history of arts, performing arts, music), architecture and design;0.9989535808563232;RDF102;Computer and information sciences;0.9982892870903015;RDF501;Psychology and cognitive sciences;0.9974933862686157
163;Réponse différentielle à l'évaluation formelle en protection de la jeunesse en contexte de diversité ethnoculturelle: portrait de la situation et perspectives des familles et des intervenants (Education and social work);RDF20-21;Engineering and technology;0.42204856872558594;RDF10;Natural sciences;0.29291602969169617;RDF50;Social sciences;0.10733767598867416;RDF102;Computer and information sciences;0.9988144040107727;RDF604;Arts (arts, history of arts, performing arts, music), architecture and design;0.9982143640518188;RDF105;Earth and related environmental sciences;0.9979210495948792;RDF103;Physical sciences;0.9976218342781067;RDF201;Civil engineering, maritime engineering, transport engineering, and mining engineering;0.9959378242492676
164;Grey box optimization (Civil, Industrial and Systems Engineering);RDF40;Agricultural and veterinary sciences;0.2833319902420044;RDF20-21;Engineering and technology;0.22282461822032928;RDF50;Social sciences;0.19721896946430206;RDF604;Arts (arts, history of arts, performing arts, music), architecture and design;0.998490035533905;RDF508;Media and communications;0.9957684278488159;RDF203;Electrical engineering, computer engineering, and information engineering;0.9956685304641724;RDF202;Industrial, systems and processes engineering;0.9890554547309875;RDF201;Civil engineering, maritime engineering, transport engineering, and mining engineering;0.9876520037651062
165;Polymers for realizing energetic materials with tailored performance (Materials and Chemical Engineering);RDF40;Agricultural and veterinary sciences;0.21201586723327637;RDF30;Medical, health and life sciences;0.20710453391075134;RDF20-21;Engineering and technology;0.19800686836242676;RDF604;Arts (arts, history of arts, performing arts, music), architecture and design;0.9985221028327942;RDF201;Civil engineering, maritime engineering, transport engineering, and mining engineering;0.9977872967720032;RDF508;Media and communications;0.9967837929725647;RDF601;History, archaeology and related studies;0.9952632784843445;RDF202;Industrial, systems and processes engineering;0.9941744208335876
166;How does the interplay between mandatory and voluntary regulation shape industry practice change for the better?;RDF20-21;Engineering and technology;0.2533760964870453;RDF40;Agricultural and veterinary sciences;0.2150374948978424;RDF10;Natural sciences;0.185373917222023;RDF604;Arts (arts, history of arts, performing arts, music), architecture and design;0.9988598227500916;RDF204;Mechanical engineering;0.9983288645744324;RDF201;Civil engineering, maritime engineering, transport engineering, and mining engineering;0.9976677894592285;RDF102;Computer and information sciences;0.9963853359222412;RDF203;Electrical engineering, computer engineering, and information engineering;0.9960430860519409
167;Unité de liaison pour la recherche internationale sur le conseil scientifique;RDF40;Agricultural and veterinary sciences;0.4012841582298279;RDF20-21;Engineering and technology;0.2363639920949936;RDF10;Natural sciences;0.18955321609973907;RDF604;Arts (arts, history of arts, performing arts, music), architecture and design;0.9979210495948792;RDF102;Computer and information sciences;0.9974738359451294;RDF201;Civil engineering, maritime engineering, transport engineering, and mining engineering;0.9974241256713867;RDF103;Physical sciences;0.9956346154212952;RDF202;Industrial, systems and processes engineering;0.9937283992767334
168;La téléologie naturelle au 18e siècle (Philosophy);RDF50;Social sciences;0.22432124614715576;RDF40;Agricultural and veterinary sciences;0.20226192474365234;RDF10;Natural sciences;0.17884449660778046;RDF604;Arts (arts, history of arts, performing arts, music), architecture and design;0.998703122138977;RDF508;Media and communications;0.9982826113700867;RDF201;Civil engineering, maritime engineering, transport engineering, and mining engineering;0.9980543851852417;RDF103;Physical sciences;0.9946774244308472;RDF102;Computer and information sciences;0.9940485954284668
169;Mouvements sociaux, droits sociaux et démocratie. Une théorie normative (Philosophy);RDF10;Natural sciences;0.26229768991470337;RDF50;Social sciences;0.2430599480867386;RDF20-21;Engineering and technology;0.16510628163814545;RDF604;Arts (arts, history of arts, performing arts, music), architecture and design;0.998703122138977;RDF201;Civil engineering, maritime engineering, transport engineering, and mining engineering;0.9985730051994324;RDF102;Computer and information sciences;0.9969126582145691;RDF105;Earth and related environmental sciences;0.9966820478439331;RDF508;Media and communications;0.9964133501052856
170;Modeling the thermodynamic and physical properties of Deep Eutectic Solvents (Materials and Chemical Engineering);RDF20-21;Engineering and technology;0.3134508430957794;RDF10;Natural sciences;0.22532962262630463;RDF30;Medical, health and life sciences;0.16453300416469574;RDF604;Arts (arts, history of arts, performing arts, music), architecture and design;0.9984299540519714;RDF201;Civil engineering, maritime engineering, transport engineering, and mining engineering;0.9922894239425659;RDF302;Clinical medicine;0.9913306832313538;RDF202;Industrial, systems and processes engineering;0.9897909164428711;RDF303;Health sciences;0.9871416091918945
171;La qualité des relations employé-superviseur : Un modèle processuel des antécédents, conséquences, et modérateurs des évaluations comparatives;RDF20-21;Engineering and technology;0.4580523669719696;RDF10;Natural sciences;0.16883748769760132;RDF40;Agricultural and veterinary sciences;0.1273208111524582;RDF604;Arts (arts, history of arts, performing arts, music), architecture and design;0.9970478415489197;RDF102;Computer and information sciences;0.9921992421150208;RDF302;Clinical medicine;0.979393482208252;RDF103;Physical sciences;0.9749883413314819;RDF105;Earth and related environmental sciences;0.9724408984184265
172;Mathésis, mimésis, sémiosis : la littérarité des genres populaires dans les littératures francophones d'Afrique subsaharienne, du Maghreb et des Caraïbes (Literature);RDF10;Natural sciences;0.29135680198669434;RDF20-21;Engineering and technology;0.22690892219543457;RDF50;Social sciences;0.20260685682296753;RDF604;Arts (arts, history of arts, performing arts, music), architecture and design;0.9988372921943665;RDF102;Computer and information sciences;0.9970420598983765;RDF201;Civil engineering, maritime engineering, transport engineering, and mining engineering;0.9965837001800537;RDF105;Earth and related environmental sciences;0.9965770840644836;RDF103;Physical sciences;0.9943581223487854
173;Regime Change and Resilience of Maya peoples at the end of the Classic period (ca. 800-1000 CE) (Anthropology and archaeology);RDF20-21;Engineering and technology;0.2445068508386612;RDF50;Social sciences;0.23149444162845612;RDF10;Natural sciences;0.17611168324947357;RDF201;Civil engineering, maritime engineering, transport engineering, and mining engineering;0.9981324076652527;RDF604;Arts (arts, history of arts, performing arts, music), architecture and design;0.9976993799209595;RDF105;Earth and related environmental sciences;0.9932811260223389;RDF601;History, archaeology and related studies;0.9915380477905273;RDF203;Electrical engineering, computer engineering, and information engineering;0.9904959201812744
174;Recommendations for culturally sensitive and intersectional practice in suicide prevention intervention for public safety personnel : a qualitative approach (Crisis/Suicide Line and App-based Support Models for post traum. stress in public safety personnel (PSP));RDF20-21;Engineering and technology;0.5051469802856445;RDF10;Natural sciences;0.1858331859111786;RDF30;Medical, health and life sciences;0.13113360106945038;RDF604;Arts (arts, history of arts, performing arts, music), architecture and design;0.9961381554603577;RDF102;Computer and information sciences;0.9930152893066406;RDF103;Physical sciences;0.9922595024108887;RDF105;Earth and related environmental sciences;0.9727532267570496;RDF203;Electrical engineering, computer engineering, and information engineering;0.9632996916770935
175;Varieties of Valuings (Philosophy);RDF40;Agricultural and veterinary sciences;0.31144651770591736;RDF50;Social sciences;0.19001194834709167;RDF10;Natural sciences;0.15814197063446045;RDF604;Arts (arts, history of arts, performing arts, music), architecture and design;0.9988004565238953;RDF508;Media and communications;0.9985162615776062;RDF201;Civil engineering, maritime engineering, transport engineering, and mining engineering;0.9960851669311523;RDF203;Electrical engineering, computer engineering, and information engineering;0.9959927201271057;RDF102;Computer and information sciences;0.9952724575996399
176;Pilotage en temps réel des systèmes à l'ère de l'industrie 4.0 (Civil, Industrial and Systems Engineering);RDF20-21;Engineering and technology;0.4214158356189728;RDF10;Natural sciences;0.17430517077445984;RDF40;Agricultural and veterinary sciences;0.15307451784610748;RDF203;Electrical engineering, computer engineering, and information engineering;0.9983354210853577;RDF604;Arts (arts, history of arts, performing arts, music), architecture and design;0.9981251358985901;RDF102;Computer and information sciences;0.9974039793014526;RDF508;Media and communications;0.9962198734283447;RDF105;Earth and related environmental sciences;0.9931561946868896
177;Understanding Esophageal Atresia using Induced Pluripotent Stem Cells;RDF20-21;Engineering and technology;0.4281965494155884;RDF30;Medical, health and life sciences;0.1500178426504135;RDF10;Natural sciences;0.13712739944458008;RDF508;Media and communications;0.9991101026535034;RDF604;Arts (arts, history of arts, performing arts, music), architecture and design;0.9987503290176392;RDF102;Computer and information sciences;0.9943690299987793;RDF202;Industrial, systems and processes engineering;0.9935117363929749;RDF304;Medical biotechnology;0.9932941198348999
178;Discovery and characterization of novel genetic-exchange and drug-resistance mechanisms in Leishmania parasites (Microbiology & Infectious Diseases);RDF20-21;Engineering and technology;0.4254487454891205;RDF30;Medical, health and life sciences;0.2391217052936554;RDF60;Humanities and the arts;0.12284912168979645;RDF604;Arts (arts, history of arts, performing arts, music), architecture and design;0.9991340637207031;RDF508;Media and communications;0.9976677298545837;RDF303;Health sciences;0.9965301156044006;RDF201;Civil engineering, maritime engineering, transport engineering, and mining engineering;0.9960004687309265;RDF102;Computer and information sciences;0.9952632188796997
179;From Perception and Learning to Understanding and Action (Computer Science);RDF40;Agricultural and veterinary sciences;0.28317567706108093;RDF10;Natural sciences;0.22665096819400787;RDF20-21;Engineering and technology;0.16810403764247894;RDF508;Media and communications;0.9994115829467773;RDF604;Arts (arts, history of arts, performing arts, music), architecture and design;0.99919593334198;RDF201;Civil engineering, maritime engineering, transport engineering, and mining engineering;0.9990415573120117;RDF203;Electrical engineering, computer engineering, and information engineering;0.9989678263664246;RDF102;Computer and information sciences;0.9989597201347351
180;Novel mechanisms of theca cell growth in the ovarian follicle of cattle (Biological Systems and Functions);RDF20-21;Engineering and technology;0.26640936732292175;RDF40;Agricultural and veterinary sciences;0.2082918882369995;RDF30;Medical, health and life sciences;0.16884469985961914;RDF604;Arts (arts, history of arts, performing arts, music), architecture and design;0.9985278248786926;RDF103;Physical sciences;0.9943690299987793;RDF102;Computer and information sciences;0.9938129782676697;RDF508;Media and communications;0.9936733841896057;RDF203;Electrical engineering, computer engineering, and information engineering;0.9933717846870422
181;An OCT-controlled system for precise and reproducible subretinal drug injection in mice;RDF20-21;Engineering and technology;0.5786029696464539;RDF30;Medical, health and life sciences;0.1598896086215973;RDF40;Agricultural and veterinary sciences;0.09436213970184326;RDF604;Arts (arts, history of arts, performing arts, music), architecture and design;0.9983385801315308;RDF203;Electrical engineering, computer engineering, and information engineering;0.9928508996963501;RDF102;Computer and information sciences;0.9890448451042175;RDF103;Physical sciences;0.9840477108955383;RDF202;Industrial, systems and processes engineering;0.982938289642334
182;Bioenergetic role of astrocytes in neuronal plasticity and behaviour (Genes, Cells and Molecules);RDF10;Natural sciences;0.3274368643760681;RDF20-21;Engineering and technology;0.266204297542572;RDF30;Medical, health and life sciences;0.16496749222278595;RDF302;Clinical medicine;0.9989956021308899;RDF201;Civil engineering, maritime engineering, transport engineering, and mining engineering;0.9989391565322876;RDF604;Arts (arts, history of arts, performing arts, music), architecture and design;0.9984360933303833;RDF102;Computer and information sciences;0.9983865022659302;RDF303;Health sciences;0.9983738660812378
183;In Democracy we trust, do we? (Sociology, demography and related fields);RDF50;Social sciences;0.645477831363678;RDF20-21;Engineering and technology;0.09802526980638504;RDF40;Agricultural and veterinary sciences;0.08533233404159546;RDF604;Arts (arts, history of arts, performing arts, music), architecture and design;0.9987256526947021;RDF201;Civil engineering, maritime engineering, transport engineering, and mining engineering;0.9978300333023071;RDF105;Earth and related environmental sciences;0.9965903162956238;RDF508;Media and communications;0.9961903691291809;RDF202;Industrial, systems and processes engineering;0.9956005811691284
184;Minimally-invasive monitoring of renal health in reptiles (Biological Systems and Functions);RDF30;Medical, health and life sciences;0.26994675397872925;RDF20-21;Engineering and technology;0.23729842901229858;RDF50;Social sciences;0.176517516374588;RDF604;Arts (arts, history of arts, performing arts, music), architecture and design;0.99847811460495;RDF508;Media and communications;0.9975465536117554;RDF203;Electrical engineering, computer engineering, and information engineering;0.9948803186416626;RDF102;Computer and information sciences;0.9930827021598816;RDF201;Civil engineering, maritime engineering, transport engineering, and mining engineering;0.9900444149971008
185;Le réenchantement à contretemps ? Irrationalité et postmodernité littéraire;RDF10;Natural sciences;0.2307925671339035;RDF20-21;Engineering and technology;0.22456730902194977;RDF40;Agricultural and veterinary sciences;0.2147025614976883;RDF604;Arts (arts, history of arts, performing arts, music), architecture and design;0.998380184173584;RDF508;Media and communications;0.9970131516456604;RDF201;Civil engineering, maritime engineering, transport engineering, and mining engineering;0.9968457818031311;RDF102;Computer and information sciences;0.9958980679512024;RDF203;Electrical engineering, computer engineering, and information engineering;0.9946359395980835
186;Structure-functional property-device performance relationships in electronic and energy materials and devices;RDF40;Agricultural and veterinary sciences;0.41787490248680115;RDF20-21;Engineering and technology;0.16142010688781738;RDF30;Medical, health and life sciences;0.14273124933242798;RDF203;Electrical engineering, computer engineering, and information engineering;0.9991440773010254;RDF604;Arts (arts, history of arts, performing arts, music), architecture and design;0.9988213181495667;RDF204;Mechanical engineering;0.9986593723297119;RDF508;Media and communications;0.9986489415168762;RDF302;Clinical medicine;0.9984238147735596
187;AI augmented pilot;RDF40;Agricultural and veterinary sciences;0.4800119400024414;RDF20-21;Engineering and technology;0.17249590158462524;RDF30;Medical, health and life sciences;0.133816197514534;RDF604;Arts (arts, history of arts, performing arts, music), architecture and design;0.9988418221473694;RDF203;Electrical engineering, computer engineering, and information engineering;0.9982556104660034;RDF201;Civil engineering, maritime engineering, transport engineering, and mining engineering;0.9978468418121338;RDF508;Media and communications;0.9967649579048157;RDF102;Computer and information sciences;0.9947595000267029
188;Transfert, appropriation et rétention des pratiques associées à l'approvisionnement valorisant l'innovation dans le réseau québécois de la santé : le cas de l'approche fonctionnelle;RDF20-21;Engineering and technology;0.5008290410041809;RDF10;Natural sciences;0.13109636306762695;RDF30;Medical, health and life sciences;0.12237437814474106;RDF604;Arts (arts, history of arts, performing arts, music), architecture and design;0.9950274229049683;RDF302;Clinical medicine;0.9834545850753784;RDF102;Computer and information sciences;0.9768686294555664;RDF303;Health sciences;0.9672868251800537;RDF103;Physical sciences;0.9589817523956299
189;Le patrimoine des groupes ethnoculturels de Montréal: le cas de Montréal-Nord;RDF40;Agricultural and veterinary sciences;0.318316787481308;RDF20-21;Engineering and technology;0.25980257987976074;RDF10;Natural sciences;0.14208228886127472;RDF604;Arts (arts, history of arts, performing arts, music), architecture and design;0.9990226030349731;RDF201;Civil engineering, maritime engineering, transport engineering, and mining engineering;0.9940773844718933;RDF102;Computer and information sciences;0.9914224743843079;RDF105;Earth and related environmental sciences;0.9901687502861023;RDF202;Industrial, systems and processes engineering;0.9888204336166382
190;Documenting forager adaptations to dramatic climate change at the Pleistocene-Holocene transition in Liguria (Italy) (Anthropology and archaeology);RDF20-21;Engineering and technology;0.4418560862541199;RDF10;Natural sciences;0.14974786341190338;RDF30;Medical, health and life sciences;0.11259493231773376;RDF604;Arts (arts, history of arts, performing arts, music), architecture and design;0.9974491000175476;RDF201;Civil engineering, maritime engineering, transport engineering, and mining engineering;0.9935493469238281;RDF508;Media and communications;0.9918279647827148;RDF105;Earth and related environmental sciences;0.9864547252655029;RDF203;Electrical engineering, computer engineering, and information engineering;0.9849563241004944
191;Abordabilité intégrée: état des connaissances sur les interactions entre coûts d'habitation et de transport;RDF20-21;Engineering and technology;0.3235994279384613;RDF40;Agricultural and veterinary sciences;0.23767700791358948;RDF10;Natural sciences;0.20092745125293732;RDF604;Arts (arts, history of arts, performing arts, music), architecture and design;0.9988926649093628;RDF102;Computer and information sciences;0.9976540803909302;RDF201;Civil engineering, maritime engineering, transport engineering, and mining engineering;0.997295618057251;RDF203;Electrical engineering, computer engineering, and information engineering;0.9952907562255859;RDF103;Physical sciences;0.9950466752052307
192;High definition digital microscope for accelerating Québec entomological research (Environmental Sciences);RDF20-21;Engineering and technology;0.6380831003189087;RDF10;Natural sciences;0.18317128717899323;RDF30;Medical, health and life sciences;0.06870980560779572;RDF604;Arts (arts, history of arts, performing arts, music), architecture and design;0.9950466752052307;RDF508;Media and communications;0.9814711809158325;RDF201;Civil engineering, maritime engineering, transport engineering, and mining engineering;0.958692729473114;RDF202;Industrial, systems and processes engineering;0.9579712748527527;RDF102;Computer and information sciences;0.9458011984825134
193;Envisioning and Enacting UX Evaluation of Augmented Reality: A Multimethod Approach (Civil, Industrial and Systems Engineering);RDF20-21;Engineering and technology;0.29127007722854614;RDF10;Natural sciences;0.2277291864156723;RDF30;Medical, health and life sciences;0.1531890630722046;RDF203;Electrical engineering, computer engineering, and information engineering;0.9992297291755676;RDF604;Arts (arts, history of arts, performing arts, music), architecture and design;0.9990359544754028;RDF508;Media and communications;0.9986382722854614;RDF102;Computer and information sciences;0.9983353614807129;RDF105;Earth and related environmental sciences;0.9964824318885803
194;Kinematic-specific proprioceptive stimulations to better understand sensory control of gait movements (Mechanical Engineering);RDF40;Agricultural and veterinary sciences;0.24338185787200928;RDF30;Medical, health and life sciences;0.22597241401672363;RDF10;Natural sciences;0.21269644796848297;RDF604;Arts (arts, history of arts, performing arts, music), architecture and design;0.9980391263961792;RDF508;Media and communications;0.9980353713035583;RDF201;Civil engineering, maritime engineering, transport engineering, and mining engineering;0.9977700114250183;RDF103;Physical sciences;0.9970015287399292;RDF105;Earth and related environmental sciences;0.9966234564781189
195;Attentional processes in the human insula (Biological Systems and Functions);RDF40;Agricultural and veterinary sciences;0.2388385683298111;RDF50;Social sciences;0.21036303043365479;RDF10;Natural sciences;0.1831238865852356;RDF604;Arts (arts, history of arts, performing arts, music), architecture and design;0.9988818168640137;RDF102;Computer and information sciences;0.9975417852401733;RDF203;Electrical engineering, computer engineering, and information engineering;0.9972044825553894;RDF508;Media and communications;0.9963924288749695;RDF302;Clinical medicine;0.9960469007492065
196;Towards More Autonomous and Safer Unmanned Aerial Vehicle Systems (Mechanical Engineering);RDF30;Medical, health and life sciences;0.27421170473098755;RDF40;Agricultural and veterinary sciences;0.21776831150054932;RDF10;Natural sciences;0.16405940055847168;RDF508;Media and communications;0.9989495277404785;RDF604;Arts (arts, history of arts, performing arts, music), architecture and design;0.9985306859016418;RDF204;Mechanical engineering;0.9982282519340515;RDF601;History, archaeology and related studies;0.9976264834403992;RDF103;Physical sciences;0.9967774748802185
197;Subsea and terrestrial permafrost of the central and eastern Canadian Arctic Archipelago (Geosciences);RDF20-21;Engineering and technology;0.3118058443069458;RDF50;Social sciences;0.18856656551361084;RDF10;Natural sciences;0.17202746868133545;RDF201;Civil engineering, maritime engineering, transport engineering, and mining engineering;0.9994183778762817;RDF604;Arts (arts, history of arts, performing arts, music), architecture and design;0.9988236427307129;RDF203;Electrical engineering, computer engineering, and information engineering;0.9982003569602966;RDF202;Industrial, systems and processes engineering;0.9960775375366211;RDF105;Earth and related environmental sciences;0.9940370321273804
198;Global Centers Track 2: Heat Adaptation;RDF40;Agricultural and veterinary sciences;0.49252939224243164;RDF20-21;Engineering and technology;0.15021298825740814;RDF30;Medical, health and life sciences;0.11976023018360138;RDF604;Arts (arts, history of arts, performing arts, music), architecture and design;0.9990226626396179;RDF508;Media and communications;0.9984781742095947;RDF201;Civil engineering, maritime engineering, transport engineering, and mining engineering;0.9956516027450562;RDF204;Mechanical engineering;0.9954261183738708;RDF203;Electrical engineering, computer engineering, and information engineering;0.9945730566978455
199;Immunovirological determinants of breakthrough COVID-19 disease in vaccinated or previously infected individuals (Virology & Viral Pathogenesis);RDF20-21;Engineering and technology;0.3714277148246765;RDF10;Natural sciences;0.25478020310401917;RDF30;Medical, health and life sciences;0.17071756720542908;RDF604;Arts (arts, history of arts, performing arts, music), architecture and design;0.9983865022659302;RDF201;Civil engineering, maritime engineering, transport engineering, and mining engineering;0.9973322153091431;RDF202;Industrial, systems and processes engineering;0.9948902726173401;RDF102;Computer and information sciences;0.9942585825920105;RDF508;Media and communications;0.9918910264968872
200;Hormonal control of stamen filament growth;RDF40;Agricultural and veterinary sciences;0.3297885060310364;RDF20-21;Engineering and technology;0.2262178212404251;RDF50;Social sciences;0.1472027599811554;RDF604;Arts (arts, history of arts, performing arts, music), architecture and design;0.9988948106765747;RDF201;Civil engineering, maritime engineering, transport engineering, and mining engineering;0.998432993888855;RDF508;Media and communications;0.998121440410614;RDF202;Industrial, systems and processes engineering;0.9974440932273865;RDF302;Clinical medicine;0.99318927526474
201;Investigate features and dynamics of intron RNP biology and its role in modulating RNA metabolism (Biochemistry & Molecular Biology);RDF20-21;Engineering and technology;0.33174094557762146;RDF10;Natural sciences;0.3215343654155731;RDF30;Medical, health and life sciences;0.12628409266471863;RDF508;Media and communications;0.9990227222442627;RDF604;Arts (arts, history of arts, performing arts, music), architecture and design;0.9987056255340576;RDF303;Health sciences;0.9961456656455994;RDF302;Clinical medicine;0.9948001503944397;RDF601;History, archaeology and related studies;0.99260413646698
202;CircRNAome in childhood TCF3-PBX1 ALL: Biomaker potential and mechanisms of circRNA dysregulation and function;RDF20-21;Engineering and technology;0.3608870208263397;RDF10;Natural sciences;0.22805355489253998;RDF30;Medical, health and life sciences;0.13419675827026367;RDF604;Arts (arts, history of arts, performing arts, music), architecture and design;0.9976449608802795;RDF102;Computer and information sciences;0.9925826787948608;RDF508;Media and communications;0.9912039041519165;RDF103;Physical sciences;0.9906418919563293;RDF201;Civil engineering, maritime engineering, transport engineering, and mining engineering;0.9897711873054504
203;Additive manufacturing technologies for high-performance and high-productivity of multifunctional composite structures and their sustainability for aerospace applications;RDF20-21;Engineering and technology;0.27607348561286926;RDF30;Medical, health and life sciences;0.22269950807094574;RDF40;Agricultural and veterinary sciences;0.20476007461547852;RDF203;Electrical engineering, computer engineering, and information engineering;0.9993575811386108;RDF604;Arts (arts, history of arts, performing arts, music), architecture and design;0.9984391331672668;RDF201;Civil engineering, maritime engineering, transport engineering, and mining engineering;0.9979848861694336;RDF204;Mechanical engineering;0.9979170560836792;RDF102;Computer and information sciences;0.997231662273407
204;Computational methods and frameworks for unsupervised machine learning;RDF40;Agricultural and veterinary sciences;0.36363208293914795;RDF10;Natural sciences;0.18864984810352325;RDF50;Social sciences;0.18213285505771637;RDF604;Arts (arts, history of arts, performing arts, music), architecture and design;0.9977786540985107;RDF102;Computer and information sciences;0.9969839453697205;RDF203;Electrical engineering, computer engineering, and information engineering;0.9963994026184082;RDF103;Physical sciences;0.9938548803329468;RDF201;Civil engineering, maritime engineering, transport engineering, and mining engineering;0.9937587380409241
205;Au coeur du cosmos TRYSPACES: Colloque, exposition et bibliothèque numérique;RDF40;Agricultural and veterinary sciences;0.31212902069091797;RDF20-21;Engineering and technology;0.21790115535259247;RDF10;Natural sciences;0.19267305731773376;RDF604;Arts (arts, history of arts, performing arts, music), architecture and design;0.9989897012710571;RDF508;Media and communications;0.9973938465118408;RDF201;Civil engineering, maritime engineering, transport engineering, and mining engineering;0.9962051510810852;RDF102;Computer and information sciences;0.9960004687309265;RDF103;Physical sciences;0.9927250146865845
206;Understanding Attitudes toward Artists with a Physical Disability;RDF40;Agricultural and veterinary sciences;0.3366585671901703;RDF20-21;Engineering and technology;0.25313249230384827;RDF50;Social sciences;0.14736278355121613;RDF508;Media and communications;0.999260663986206;RDF604;Arts (arts, history of arts, performing arts, music), architecture and design;0.9984811544418335;RDF201;Civil engineering, maritime engineering, transport engineering, and mining engineering;0.9952815771102905;RDF204;Mechanical engineering;0.9931095838546753;RDF202;Industrial, systems and processes engineering;0.9891710877418518
207;Non-target analysis of radicals in sonochemical and advanced oxidation processes (AOPs) (Materials and Chemical Engineering);RDF20-21;Engineering and technology;0.41769349575042725;RDF10;Natural sciences;0.2528495788574219;RDF30;Medical, health and life sciences;0.11932110786437988;RDF604;Arts (arts, history of arts, performing arts, music), architecture and design;0.9967585802078247;RDF201;Civil engineering, maritime engineering, transport engineering, and mining engineering;0.9921080470085144;RDF102;Computer and information sciences;0.9879112243652344;RDF105;Earth and related environmental sciences;0.983955442905426;RDF508;Media and communications;0.9824568033218384
208;La cyberviolence dans les relations amoureuses des jeunes : identifier les facteurs de risque et de protection ainsi que leurs impacts différenciés selon le genre;RDF20-21;Engineering and technology;0.4849695563316345;RDF10;Natural sciences;0.17325928807258606;RDF30;Medical, health and life sciences;0.10106124728918076;RDF604;Arts (arts, history of arts, performing arts, music), architecture and design;0.9987231492996216;RDF102;Computer and information sciences;0.9985105395317078;RDF105;Earth and related environmental sciences;0.9961456060409546;RDF508;Media and communications;0.9957020282745361;RDF201;Civil engineering, maritime engineering, transport engineering, and mining engineering;0.9940659403800964
209;"""Sentometrics"": Econometrics of textual sentiment with applications in economics and finance";RDF20-21;Engineering and technology;0.37969955801963806;RDF40;Agricultural and veterinary sciences;0.16523174941539764;RDF30;Medical, health and life sciences;0.14160650968551636;RDF604;Arts (arts, history of arts, performing arts, music), architecture and design;0.9986489415168762;RDF508;Media and communications;0.9961003661155701;RDF201;Civil engineering, maritime engineering, transport engineering, and mining engineering;0.9940889477729797;RDF102;Computer and information sciences;0.9775857925415039;RDF105;Earth and related environmental sciences;0.975923478603363
210;Clean Energy transition, Market Design and Industry Dynamics;RDF40;Agricultural and veterinary sciences;0.4181493818759918;RDF50;Social sciences;0.1624753475189209;RDF10;Natural sciences;0.13762198388576508;RDF508;Media and communications;0.9992692470550537;RDF201;Civil engineering, maritime engineering, transport engineering, and mining engineering;0.999172031879425;RDF203;Electrical engineering, computer engineering, and information engineering;0.9991117715835571;RDF604;Arts (arts, history of arts, performing arts, music), architecture and design;0.99903404712677;RDF208;Environmental engineering and related engineering;0.9980353116989136
211;Conférence de l'International Society for the Study of Drug Policy;RDF40;Agricultural and veterinary sciences;0.34553632140159607;RDF10;Natural sciences;0.22309501469135284;RDF50;Social sciences;0.1379828006029129;RDF508;Media and communications;0.9989514946937561;RDF604;Arts (arts, history of arts, performing arts, music), architecture and design;0.9988004565238953;RDF204;Mechanical engineering;0.9980121850967407;RDF102;Computer and information sciences;0.9978510141372681;RDF201;Civil engineering, maritime engineering, transport engineering, and mining engineering;0.9976264834403992
212;Methods development for the measurement of single-cell molecular state (Genes, Cells and Molecules);RDF20-21;Engineering and technology;0.33319470286369324;RDF10;Natural sciences;0.25697052478790283;RDF50;Social sciences;0.15862445533275604;RDF604;Arts (arts, history of arts, performing arts, music), architecture and design;0.9989678263664246;RDF102;Computer and information sciences;0.9986646175384521;RDF103;Physical sciences;0.9971047639846802;RDF302;Clinical medicine;0.9965503215789795;RDF303;Health sciences;0.9964687824249268
213;Multifunctional Engineering Structures via Embodied Intelligence;RDF40;Agricultural and veterinary sciences;0.44939473271369934;RDF30;Medical, health and life sciences;0.16957448422908783;RDF20-21;Engineering and technology;0.12675760686397552;RDF203;Electrical engineering, computer engineering, and information engineering;0.999347448348999;RDF604;Arts (arts, history of arts, performing arts, music), architecture and design;0.9990636706352234;RDF508;Media and communications;0.9989798069000244;RDF201;Civil engineering, maritime engineering, transport engineering, and mining engineering;0.9989514946937561;RDF204;Mechanical engineering;0.9986827373504639
214;Spin waves in ferromagnetic metallic wires (Physics);RDF40;Agricultural and veterinary sciences;0.33236950635910034;RDF30;Medical, health and life sciences;0.2051672339439392;RDF20-21;Engineering and technology;0.1849914789199829;RDF508;Media and communications;0.9990853667259216;RDF604;Arts (arts, history of arts, performing arts, music), architecture and design;0.9988097548484802;RDF203;Electrical engineering, computer engineering, and information engineering;0.9986827373504639;RDF201;Civil engineering, maritime engineering, transport engineering, and mining engineering;0.9985505938529968;RDF202;Industrial, systems and processes engineering;0.9978510737419128
215;Molecular Chronobiology and regulation of gene expression in dinoflagellates (Genes, Cells and Molecules);RDF10;Natural sciences;0.27212658524513245;RDF20-21;Engineering and technology;0.23921461403369904;RDF50;Social sciences;0.16667285561561584;RDF604;Arts (arts, history of arts, performing arts, music), architecture and design;0.9989309310913086;RDF201;Civil engineering, maritime engineering, transport engineering, and mining engineering;0.9988027811050415;RDF302;Clinical medicine;0.9978635311126709;RDF303;Health sciences;0.9972099661827087;RDF102;Computer and information sciences;0.9966948628425598
216;Combiner l’hypnose, la réalité virtuelle, la neurophysiologie et l’intelligence artificielle dans la gestion non-pharmacologique et personnalisée de la douleur chronique;RDF20-21;Engineering and technology;0.26595523953437805;RDF10;Natural sciences;0.22439460456371307;RDF30;Medical, health and life sciences;0.19572044909000397;RDF102;Computer and information sciences;0.9991457462310791;RDF201;Civil engineering, maritime engineering, transport engineering, and mining engineering;0.9987156987190247;RDF604;Arts (arts, history of arts, performing arts, music), architecture and design;0.9986541271209717;RDF508;Media and communications;0.9970821738243103;RDF105;Earth and related environmental sciences;0.9969305992126465
217;Les théories inédites de la foi des penseurs dominicains des années 1250-1350 (Philosophy);RDF10;Natural sciences;0.2909940183162689;RDF60;Humanities and the arts;0.22974605858325958;RDF20-21;Engineering and technology;0.18192166090011597;RDF604;Arts (arts, history of arts, performing arts, music), architecture and design;0.9967523217201233;RDF103;Physical sciences;0.9908742904663086;RDF105;Earth and related environmental sciences;0.9891291856765747;RDF201;Civil engineering, maritime engineering, transport engineering, and mining engineering;0.9880273342132568;RDF102;Computer and information sciences;0.9865328073501587
218;Computationally efficient multiphysics and multiscale modeling approaches applied to porous materials engineering;RDF40;Agricultural and veterinary sciences;0.3104636073112488;RDF20-21;Engineering and technology;0.25289857387542725;RDF10;Natural sciences;0.16392268240451813;RDF604;Arts (arts, history of arts, performing arts, music), architecture and design;0.9989308714866638;RDF204;Mechanical engineering;0.9983483552932739;RDF203;Electrical engineering, computer engineering, and information engineering;0.9982556700706482;RDF201;Civil engineering, maritime engineering, transport engineering, and mining engineering;0.998217761516571;RDF103;Physical sciences;0.9976125955581665
219;Marriage, Sorting, and Segregation Across U.S. Cities (Economics);RDF20-21;Engineering and technology;0.2428566962480545;RDF10;Natural sciences;0.2349255084991455;RDF40;Agricultural and veterinary sciences;0.1872989386320114;RDF604;Arts (arts, history of arts, performing arts, music), architecture and design;0.9989266991615295;RDF508;Media and communications;0.9984602928161621;RDF203;Electrical engineering, computer engineering, and information engineering;0.9962051510810852;RDF201;Civil engineering, maritime engineering, transport engineering, and mining engineering;0.9958093762397766;RDF102;Computer and information sciences;0.995718777179718
220;Highly versatile benchtop Flow Cytometry Analyzer (Materials and Chemical Engineering);RDF30;Medical, health and life sciences;0.2768746316432953;RDF20-21;Engineering and technology;0.26626771688461304;RDF10;Natural sciences;0.2156301885843277;RDF508;Media and communications;0.9983025789260864;RDF604;Arts (arts, history of arts, performing arts, music), architecture and design;0.9981898069381714;RDF201;Civil engineering, maritime engineering, transport engineering, and mining engineering;0.9932550191879272;RDF202;Industrial, systems and processes engineering;0.9926256537437439;RDF102;Computer and information sciences;0.9886572957038879
221;Analysis of Extreme Values;RDF40;Agricultural and veterinary sciences;0.49731969833374023;RDF50;Social sciences;0.15197047591209412;RDF20-21;Engineering and technology;0.15049360692501068;RDF604;Arts (arts, history of arts, performing arts, music), architecture and design;0.9991135001182556;RDF508;Media and communications;0.9980199337005615;RDF201;Civil engineering, maritime engineering, transport engineering, and mining engineering;0.9975031018257141;RDF202;Industrial, systems and processes engineering;0.9941800832748413;RDF102;Computer and information sciences;0.9925754070281982
222;Frontlines to Headlines: The Politics of Memory, War and the Press in interwar Germany (History);RDF20-21;Engineering and technology;0.4023955166339874;RDF10;Natural sciences;0.24263934791088104;RDF40;Agricultural and veterinary sciences;0.13038380444049835;RDF508;Media and communications;0.9984269142150879;RDF604;Arts (arts, history of arts, performing arts, music), architecture and design;0.9982317090034485;RDF201;Civil engineering, maritime engineering, transport engineering, and mining engineering;0.9960927963256836;RDF102;Computer and information sciences;0.9942474961280823;RDF203;Electrical engineering, computer engineering, and information engineering;0.9935243129730225
223;Mechanistic Investigations of Nickel-Promoted C-Heteroatom Bond Making Reactions (Chemistry);RDF20-21;Engineering and technology;0.33713191747665405;RDF10;Natural sciences;0.26051536202430725;RDF30;Medical, health and life sciences;0.17151884734630585;RDF604;Arts (arts, history of arts, performing arts, music), architecture and design;0.9980807900428772;RDF508;Media and communications;0.9960392117500305;RDF102;Computer and information sciences;0.9952999353408813;RDF201;Civil engineering, maritime engineering, transport engineering, and mining engineering;0.9939378499984741;RDF302;Clinical medicine;0.9935368895530701
224;Manipulated Procurement;RDF40;Agricultural and veterinary sciences;0.4922849237918854;RDF30;Medical, health and life sciences;0.17382380366325378;RDF50;Social sciences;0.13223816454410553;RDF604;Arts (arts, history of arts, performing arts, music), architecture and design;0.9989617466926575;RDF203;Electrical engineering, computer engineering, and information engineering;0.9982692003250122;RDF508;Media and communications;0.9982419610023499;RDF201;Civil engineering, maritime engineering, transport engineering, and mining engineering;0.9980619549751282;RDF208;Environmental engineering and related engineering;0.9952999353408813
225;Functionalized Bilayer Graphene Devices: Achieving Selectivity and Sensitivity;RDF20-21;Engineering and technology;0.435757040977478;RDF40;Agricultural and veterinary sciences;0.18668611347675323;RDF30;Medical, health and life sciences;0.136849507689476;RDF604;Arts (arts, history of arts, performing arts, music), architecture and design;0.9986954927444458;RDF508;Media and communications;0.9981141686439514;RDF203;Electrical engineering, computer engineering, and information engineering;0.9979372024536133;RDF201;Civil engineering, maritime engineering, transport engineering, and mining engineering;0.9976126551628113;RDF102;Computer and information sciences;0.9971103668212891
226;Le rôle de la résilience sur la santé et le bien-être des équipes interprofessionnelles: validation d'une démarche managériale participative;RDF10;Natural sciences;0.2311164289712906;RDF20-21;Engineering and technology;0.22576260566711426;RDF40;Agricultural and veterinary sciences;0.21838967502117157;RDF604;Arts (arts, history of arts, performing arts, music), architecture and design;0.9991289377212524;RDF102;Computer and information sciences;0.9990414977073669;RDF203;Electrical engineering, computer engineering, and information engineering;0.9986435770988464;RDF103;Physical sciences;0.9981933236122131;RDF204;Mechanical engineering;0.9978426694869995
227;Les jeunes en difficulté et faisant l'objet d'une double prise en charge judiciaire : parcours de vie, trajectoires dans les services et pratiques professionnelles (Law and criminology);RDF20-21;Engineering and technology;0.3934588134288788;RDF10;Natural sciences;0.20855668187141418;RDF30;Medical, health and life sciences;0.15635435283184052;RDF604;Arts (arts, history of arts, performing arts, music), architecture and design;0.9968211054801941;RDF201;Civil engineering, maritime engineering, transport engineering, and mining engineering;0.9955834150314331;RDF103;Physical sciences;0.9920157194137573;RDF105;Earth and related environmental sciences;0.9908212423324585;RDF102;Computer and information sciences;0.989108145236969
228;"Before the ""Great Divide"": The Shared Language(s) of Art and Science in the Early Modern Period (Fine Arts, Research-Creation)";RDF20-21;Engineering and technology;0.25144219398498535;RDF10;Natural sciences;0.2302861213684082;RDF50;Social sciences;0.17180392146110535;RDF604;Arts (arts, history of arts, performing arts, music), architecture and design;0.9992191195487976;RDF201;Civil engineering, maritime engineering, transport engineering, and mining engineering;0.9990434050559998;RDF508;Media and communications;0.9989955425262451;RDF102;Computer and information sciences;0.9985730648040771;RDF203;Electrical engineering, computer engineering, and information engineering;0.9985533952713013
229;MID-INFRARED QUANTUM TECHNOLOGY FOR SENSING (MIRAQLS);RDF20-21;Engineering and technology;0.38053736090660095;RDF10;Natural sciences;0.1501893550157547;RDF50;Social sciences;0.14872980117797852;RDF604;Arts (arts, history of arts, performing arts, music), architecture and design;0.9985674619674683;RDF102;Computer and information sciences;0.9956091642379761;RDF201;Civil engineering, maritime engineering, transport engineering, and mining engineering;0.9954349994659424;RDF508;Media and communications;0.9941003918647766;RDF103;Physical sciences;0.9910492897033691
230;Exploiting minor histocompatibility antigens for personalized cancer immunotherapy (Cancer Progression & Therapeutics);RDF20-21;Engineering and technology;0.3432246446609497;RDF30;Medical, health and life sciences;0.2198779433965683;RDF10;Natural sciences;0.20736466348171234;RDF604;Arts (arts, history of arts, performing arts, music), architecture and design;0.9985978603363037;RDF201;Civil engineering, maritime engineering, transport engineering, and mining engineering;0.9983091354370117;RDF508;Media and communications;0.9981251358985901;RDF102;Computer and information sciences;0.9974884986877441;RDF103;Physical sciences;0.995075523853302
231;Investment incentives in matching markets: on the foundations of competitive models (Economics);RDF40;Agricultural and veterinary sciences;0.4168659448623657;RDF20-21;Engineering and technology;0.18282800912857056;RDF10;Natural sciences;0.17582398653030396;RDF604;Arts (arts, history of arts, performing arts, music), architecture and design;0.9990283250808716;RDF203;Electrical engineering, computer engineering, and information engineering;0.998755156993866;RDF204;Mechanical engineering;0.9981251358985901;RDF102;Computer and information sciences;0.9978551864624023;RDF508;Media and communications;0.9977699518203735
232;Advancing Machine Learning with Causal Models (Computer Science);RDF40;Agricultural and veterinary sciences;0.29494014382362366;RDF50;Social sciences;0.20996244251728058;RDF20-21;Engineering and technology;0.1440233588218689;RDF508;Media and communications;0.9989758133888245;RDF604;Arts (arts, history of arts, performing arts, music), architecture and design;0.9989718198776245;RDF102;Computer and information sciences;0.9984482526779175;RDF201;Civil engineering, maritime engineering, transport engineering, and mining engineering;0.9976403117179871;RDF203;Electrical engineering, computer engineering, and information engineering;0.9973887801170349
233;The Brahma Kumari Tradition in Canada and the United States (Medieval, classics, religious studies);RDF40;Agricultural and veterinary sciences;0.24862921237945557;RDF50;Social sciences;0.21643511950969696;RDF30;Medical, health and life sciences;0.20134608447551727;RDF601;History, archaeology and related studies;0.9993320107460022;RDF201;Civil engineering, maritime engineering, transport engineering, and mining engineering;0.9988730549812317;RDF604;Arts (arts, history of arts, performing arts, music), architecture and design;0.9987182021141052;RDF508;Media and communications;0.9978677034378052;RDF203;Electrical engineering, computer engineering, and information engineering;0.9974982738494873
234;Social polarization in high schools during COVID-19: A mixed-method Positive Youth Development research to inform how to promote well-being and reduce violence among adolescents (Education and social work);RDF20-21;Engineering and technology;0.4568524956703186;RDF10;Natural sciences;0.18136879801750183;RDF50;Social sciences;0.14180299639701843;RDF604;Arts (arts, history of arts, performing arts, music), architecture and design;0.9981577396392822;RDF102;Computer and information sciences;0.997434139251709;RDF105;Earth and related environmental sciences;0.9954438805580139;RDF103;Physical sciences;0.9937950372695923;RDF508;Media and communications;0.9930153489112854
235;Assessing the community needs of Canadians with limb loss: Building the foundation for community action;RDF40;Agricultural and veterinary sciences;0.3517603278160095;RDF30;Medical, health and life sciences;0.16104760766029358;RDF50;Social sciences;0.16010673344135284;RDF604;Arts (arts, history of arts, performing arts, music), architecture and design;0.9990302324295044;RDF508;Media and communications;0.9947595596313477;RDF201;Civil engineering, maritime engineering, transport engineering, and mining engineering;0.992864727973938;RDF102;Computer and information sciences;0.9914308190345764;RDF203;Electrical engineering, computer engineering, and information engineering;0.9895108938217163
236;Addition of high dose Stimulant and engagement-focused Contingency management, alone and in combination, to treatment as usual for the management of MEthamphetamine use disorder (ASCME): a pan-Canadian multisite randomized controlled trial;RDF20-21;Engineering and technology;0.4646230638027191;RDF30;Medical, health and life sciences;0.1895669400691986;RDF10;Natural sciences;0.18123966455459595;RDF604;Arts (arts, history of arts, performing arts, music), architecture and design;0.9973528981208801;RDF102;Computer and information sciences;0.9962125420570374;RDF203;Electrical engineering, computer engineering, and information engineering;0.9937647581100464;RDF302;Clinical medicine;0.9927952885627747;RDF204;Mechanical engineering;0.9913641810417175
237;Écrire / Traduire / Visualiser les humanités numériques;RDF20-21;Engineering and technology;0.2841126024723053;RDF40;Agricultural and veterinary sciences;0.24926365911960602;RDF50;Social sciences;0.1686602234840393;RDF604;Arts (arts, history of arts, performing arts, music), architecture and design;0.998870849609375;RDF508;Media and communications;0.998742938041687;RDF201;Civil engineering, maritime engineering, transport engineering, and mining engineering;0.9973374009132385;RDF102;Computer and information sciences;0.9972153306007385;RDF602;Languages and literature;0.9934927821159363
238;Smart Electrolytes for a New Perspective on Electrochemical Energy Storage (Chemistry);RDF20-21;Engineering and technology;0.5418943166732788;RDF30;Medical, health and life sciences;0.14916184544563293;RDF40;Agricultural and veterinary sciences;0.12221883237361908;RDF604;Arts (arts, history of arts, performing arts, music), architecture and design;0.9982522130012512;RDF508;Media and communications;0.9957104325294495;RDF202;Industrial, systems and processes engineering;0.9906328320503235;RDF102;Computer and information sciences;0.9865458011627197;RDF105;Earth and related environmental sciences;0.9862179160118103
239;Femmes et pouvoirs dans le bailliage de Montréal (1644-1693) (History);RDF20-21;Engineering and technology;0.2783076763153076;RDF40;Agricultural and veterinary sciences;0.2519215941429138;RDF10;Natural sciences;0.22102117538452148;RDF604;Arts (arts, history of arts, performing arts, music), architecture and design;0.9985813498497009;RDF201;Civil engineering, maritime engineering, transport engineering, and mining engineering;0.9936978816986084;RDF102;Computer and information sciences;0.9913474321365356;RDF103;Physical sciences;0.9888420104980469;RDF202;Industrial, systems and processes engineering;0.9888095855712891
240;Entre pressions socioculturelles et insatisfaction à l'égard de l'image corporelle : le rôle médiateur de caractéristiques personnelles chez les adolescents et jeunes hommes. (Psychology);RDF20-21;Engineering and technology;0.3820136785507202;RDF10;Natural sciences;0.26306718587875366;RDF50;Social sciences;0.21766482293605804;RDF103;Physical sciences;0.9991974830627441;RDF102;Computer and information sciences;0.9988839626312256;RDF105;Earth and related environmental sciences;0.9988373517990112;RDF604;Arts (arts, history of arts, performing arts, music), architecture and design;0.9983353614807129;RDF201;Civil engineering, maritime engineering, transport engineering, and mining engineering;0.9972045421600342
241;Multi-Precision Optimization and Methods with Inaccurate Functions and Derivatives (Computer Science);RDF20-21;Engineering and technology;0.2664521336555481;RDF50;Social sciences;0.23376940190792084;RDF10;Natural sciences;0.2301451414823532;RDF102;Computer and information sciences;0.998420774936676;RDF604;Arts (arts, history of arts, performing arts, music), architecture and design;0.997941255569458;RDF203;Electrical engineering, computer engineering, and information engineering;0.9975513815879822;RDF201;Civil engineering, maritime engineering, transport engineering, and mining engineering;0.996882438659668;RDF508;Media and communications;0.9960082769393921
242;Adaptive FEM for Analysis, Design, and Control of Complex Flows (Mechanical Engineering);RDF20-21;Engineering and technology;0.3909970819950104;RDF40;Agricultural and veterinary sciences;0.2534347474575043;RDF30;Medical, health and life sciences;0.1086820513010025;RDF604;Arts (arts, history of arts, performing arts, music), architecture and design;0.9979210495948792;RDF508;Media and communications;0.9967586398124695;RDF202;Industrial, systems and processes engineering;0.992760181427002;RDF201;Civil engineering, maritime engineering, transport engineering, and mining engineering;0.9925393462181091;RDF204;Mechanical engineering;0.9905234575271606
243;Diagnosis of Aggressive Prostate Cancer Using Key Features of Raman Spectroscopy (Cancer Progression & Therapeutics);RDF20-21;Engineering and technology;0.4439355134963989;RDF30;Medical, health and life sciences;0.2529468238353729;RDF50;Social sciences;0.10140443593263626;RDF508;Media and communications;0.9981613159179688;RDF604;Arts (arts, history of arts, performing arts, music), architecture and design;0.9980122447013855;RDF102;Computer and information sciences;0.9964893460273743;RDF201;Civil engineering, maritime engineering, transport engineering, and mining engineering;0.9928231239318848;RDF303;Health sciences;0.9919692277908325
244;Maintaining balance in an unstable environment: A central role for the vestibular system (Biological Systems and Functions);RDF50;Social sciences;0.235453262925148;RDF10;Natural sciences;0.23225608468055725;RDF20-21;Engineering and technology;0.19519761204719543;RDF604;Arts (arts, history of arts, performing arts, music), architecture and design;0.9982859492301941;RDF103;Physical sciences;0.9972476959228516;RDF508;Media and communications;0.9961680173873901;RDF208;Environmental engineering and related engineering;0.994830310344696;RDF203;Electrical engineering, computer engineering, and information engineering;0.9947900176048279
245;Multifarious roles of the smallest Arabidopsis thaliana MAPKKKs clade (MAPKKK19, 20 and 21) as an integrative hub for plant pathogen interactions, growth, development and reproduction (Biological Systems and Functions);RDF20-21;Engineering and technology;0.31830325722694397;RDF30;Medical, health and life sciences;0.23470209538936615;RDF10;Natural sciences;0.23061254620552063;RDF604;Arts (arts, history of arts, performing arts, music), architecture and design;0.998513400554657;RDF508;Media and communications;0.9974090456962585;RDF601;History, archaeology and related studies;0.996685266494751;RDF201;Civil engineering, maritime engineering, transport engineering, and mining engineering;0.9945360422134399;RDF302;Clinical medicine;0.9942474365234375
246;Occurrence et contrôle des bactéries opportunistes et bioaérosols issus des systèmes de traitement des eaux usées (Civil, Industrial and Systems Engineering);RDF20-21;Engineering and technology;0.5612584948539734;RDF10;Natural sciences;0.18689970672130585;RDF30;Medical, health and life sciences;0.09984500706195831;RDF604;Arts (arts, history of arts, performing arts, music), architecture and design;0.9964273571968079;RDF208;Environmental engineering and related engineering;0.9881765842437744;RDF102;Computer and information sciences;0.980431318283081;RDF202;Industrial, systems and processes engineering;0.9799765348434448;RDF105;Earth and related environmental sciences;0.9783226251602173
247;Le confinement : étude comparée du choix d'un instrument de politique publique extrême (Political science and public administration);RDF20-21;Engineering and technology;0.36447444558143616;RDF50;Social sciences;0.22763724625110626;RDF10;Natural sciences;0.14640064537525177;RDF604;Arts (arts, history of arts, performing arts, music), architecture and design;0.9989837408065796;RDF102;Computer and information sciences;0.9980956315994263;RDF508;Media and communications;0.9979007244110107;RDF105;Earth and related environmental sciences;0.995372474193573;RDF201;Civil engineering, maritime engineering, transport engineering, and mining engineering;0.9947391748428345
248;Valorisation des noirs de carbone recyclés de pneus usagés;RDF20-21;Engineering and technology;0.3561449944972992;RDF40;Agricultural and veterinary sciences;0.2964101731777191;RDF50;Social sciences;0.11732952296733856;RDF604;Arts (arts, history of arts, performing arts, music), architecture and design;0.9987429976463318;RDF508;Media and communications;0.9983255863189697;RDF201;Civil engineering, maritime engineering, transport engineering, and mining engineering;0.9977261424064636;RDF102;Computer and information sciences;0.9929540753364563;RDF202;Industrial, systems and processes engineering;0.9906690120697021
249;"""Managing AI in Health Ecosystems"" Masterclass";RDF40;Agricultural and veterinary sciences;0.39820531010627747;RDF20-21;Engineering and technology;0.2747533917427063;RDF30;Medical, health and life sciences;0.12061838805675507;RDF604;Arts (arts, history of arts, performing arts, music), architecture and design;0.9990527033805847;RDF508;Media and communications;0.993661105632782;RDF102;Computer and information sciences;0.9885140061378479;RDF202;Industrial, systems and processes engineering;0.9747491478919983;RDF103;Physical sciences;0.9706878066062927
250;Novel regulatory mechanisms of the mammalian nuclear proteasome through liquid-liquid phase separation (Cell Biology – Molecular/Fundamental);RDF20-21;Engineering and technology;0.5002700090408325;RDF10;Natural sciences;0.2677752375602722;RDF50;Social sciences;0.08592108637094498;RDF604;Arts (arts, history of arts, performing arts, music), architecture and design;0.9983928203582764;RDF302;Clinical medicine;0.9971384406089783;RDF102;Computer and information sciences;0.9935179948806763;RDF303;Health sciences;0.9928300380706787;RDF202;Industrial, systems and processes engineering;0.992191731929779
251;Integrating early neuromonitoring biomarkers to better define eligibility for therapeutic hypothermia after perinatal hypoxia-ischemia;RDF20-21;Engineering and technology;0.3791208267211914;RDF10;Natural sciences;0.17493551969528198;RDF40;Agricultural and veterinary sciences;0.13465267419815063;RDF604;Arts (arts, history of arts, performing arts, music), architecture and design;0.9986904263496399;RDF508;Media and communications;0.9979130029678345;RDF203;Electrical engineering, computer engineering, and information engineering;0.9979007244110107;RDF201;Civil engineering, maritime engineering, transport engineering, and mining engineering;0.9978384375572205;RDF102;Computer and information sciences;0.9973165988922119
252;Metasurface and Metamaterial-Inspired Devices for 5G, IoT, Sensing and Space Applications;RDF20-21;Engineering and technology;0.2435314804315567;RDF40;Agricultural and veterinary sciences;0.22877664864063263;RDF30;Medical, health and life sciences;0.1720164269208908;RDF203;Electrical engineering, computer engineering, and information engineering;0.9992296695709229;RDF604;Arts (arts, history of arts, performing arts, music), architecture and design;0.9989013075828552;RDF201;Civil engineering, maritime engineering, transport engineering, and mining engineering;0.998708188533783;RDF508;Media and communications;0.9984021782875061;RDF102;Computer and information sciences;0.9981684684753418
253;Cross-frequency coupling and machine learning for electrophysiological signal analysis;RDF40;Agricultural and veterinary sciences;0.3394322991371155;RDF20-21;Engineering and technology;0.20427395403385162;RDF50;Social sciences;0.1795683205127716;RDF604;Arts (arts, history of arts, performing arts, music), architecture and design;0.9985306262969971;RDF201;Civil engineering, maritime engineering, transport engineering, and mining engineering;0.9983190298080444;RDF203;Electrical engineering, computer engineering, and information engineering;0.9978635311126709;RDF508;Media and communications;0.9975797533988953;RDF102;Computer and information sciences;0.9973321557044983
254;Uncovering a New Cytotoxic Mechanism of Natural Killer Cells (Genes, Cells and Molecules);RDF20-21;Engineering and technology;0.46463483572006226;RDF30;Medical, health and life sciences;0.1453496813774109;RDF10;Natural sciences;0.11464469134807587;RDF604;Arts (arts, history of arts, performing arts, music), architecture and design;0.998809814453125;RDF508;Media and communications;0.9986436367034912;RDF302;Clinical medicine;0.9979047775268555;RDF102;Computer and information sciences;0.9973270297050476;RDF303;Health sciences;0.9958820343017578
255;Actualisation de la formation sur les pratiques d'affiliation dans les Auberges du coeur du Québec;RDF20-21;Engineering and technology;0.37510979175567627;RDF40;Agricultural and veterinary sciences;0.24077415466308594;RDF10;Natural sciences;0.138535276055336;RDF604;Arts (arts, history of arts, performing arts, music), architecture and design;0.9986141920089722;RDF508;Media and communications;0.9890342354774475;RDF102;Computer and information sciences;0.9888957142829895;RDF103;Physical sciences;0.987628161907196;RDF201;Civil engineering, maritime engineering, transport engineering, and mining engineering;0.9832949042320251
256;Evidence for Impact: The Quebec Experience of Designing Evidence-Based Public Policy Solutions to Reform Home Care;RDF30;Medical, health and life sciences;0.3545430302619934;RDF20-21;Engineering and technology;0.2289101779460907;RDF40;Agricultural and veterinary sciences;0.16327552497386932;RDF604;Arts (arts, history of arts, performing arts, music), architecture and design;0.9989309310913086;RDF203;Electrical engineering, computer engineering, and information engineering;0.9962125420570374;RDF508;Media and communications;0.9942025542259216;RDF208;Environmental engineering and related engineering;0.990449845790863;RDF102;Computer and information sciences;0.9896917939186096
257;Replicative stress as a primary determinant of chemotherapeutic outcome in ovarian cancer;RDF10;Natural sciences;0.2641068696975708;RDF20-21;Engineering and technology;0.23307348787784576;RDF40;Agricultural and veterinary sciences;0.19284769892692566;RDF604;Arts (arts, history of arts, performing arts, music), architecture and design;0.9984022378921509;RDF201;Civil engineering, maritime engineering, transport engineering, and mining engineering;0.9972584843635559;RDF203;Electrical engineering, computer engineering, and information engineering;0.9967333078384399;RDF102;Computer and information sciences;0.9967013001441956;RDF508;Media and communications;0.9960392117500305
258;Improved representation, impact assessment, and adaptive management of water resource systems under changing natural and anthropogenic conditions (Civil, Industrial and Systems Engineering);RDF30;Medical, health and life sciences;0.21819351613521576;RDF20-21;Engineering and technology;0.2094252109527588;RDF10;Natural sciences;0.16341939568519592;RDF508;Media and communications;0.9993094801902771;RDF604;Arts (arts, history of arts, performing arts, music), architecture and design;0.9992777109146118;RDF208;Environmental engineering and related engineering;0.9987281560897827;RDF203;Electrical engineering, computer engineering, and information engineering;0.9982038140296936;RDF201;Civil engineering, maritime engineering, transport engineering, and mining engineering;0.9968885183334351
259;Le travail ensemble comme stratégie de réponse aux besoins complexes des jeunes en difficulté : comprendre les processus d'émergence de la collaboration (Education and social work);RDF20-21;Engineering and technology;0.30596572160720825;RDF10;Natural sciences;0.2601774036884308;RDF40;Agricultural and veterinary sciences;0.14651751518249512;RDF604;Arts (arts, history of arts, performing arts, music), architecture and design;0.9986141324043274;RDF102;Computer and information sciences;0.9981791377067566;RDF105;Earth and related environmental sciences;0.9964824914932251;RDF103;Physical sciences;0.9963783025741577;RDF201;Civil engineering, maritime engineering, transport engineering, and mining engineering;0.9961680173873901
260;Interneuronopathies and neurodevelopmental disorders (Genetics);RDF10;Natural sciences;0.2973365783691406;RDF30;Medical, health and life sciences;0.20118799805641174;RDF50;Social sciences;0.17789489030838013;RDF201;Civil engineering, maritime engineering, transport engineering, and mining engineering;0.9994673728942871;RDF508;Media and communications;0.9992037415504456;RDF604;Arts (arts, history of arts, performing arts, music), architecture and design;0.9987767934799194;RDF203;Electrical engineering, computer engineering, and information engineering;0.998553454875946;RDF202;Industrial, systems and processes engineering;0.9982003569602966
261;Prevention / treatment of the choroidal neovascularization by kinin receptors antagonists (Pharmacology & Toxicology);RDF30;Medical, health and life sciences;0.2925189137458801;RDF20-21;Engineering and technology;0.26426881551742554;RDF10;Natural sciences;0.22870559990406036;RDF508;Media and communications;0.9991655349731445;RDF604;Arts (arts, history of arts, performing arts, music), architecture and design;0.9989515542984009;RDF201;Civil engineering, maritime engineering, transport engineering, and mining engineering;0.9986141920089722;RDF102;Computer and information sciences;0.9979730844497681;RDF203;Electrical engineering, computer engineering, and information engineering;0.9979691505432129
262;Entre vie et mort: images de médiation (Fine Arts, Research-Creation);RDF40;Agricultural and veterinary sciences;0.23407749831676483;RDF20-21;Engineering and technology;0.21606388688087463;RDF10;Natural sciences;0.21105876564979553;RDF604;Arts (arts, history of arts, performing arts, music), architecture and design;0.9989936351776123;RDF508;Media and communications;0.9987863898277283;RDF201;Civil engineering, maritime engineering, transport engineering, and mining engineering;0.9981030821800232;RDF102;Computer and information sciences;0.9970247745513916;RDF105;Earth and related environmental sciences;0.9931429028511047
263;Identification of microbial factors to modulate immune dysregulation and treat post-COVID-19 syndrome;RDF20-21;Engineering and technology;0.42345893383026123;RDF30;Medical, health and life sciences;0.1554778665304184;RDF40;Agricultural and veterinary sciences;0.1345548778772354;RDF604;Arts (arts, history of arts, performing arts, music), architecture and design;0.9984299540519714;RDF201;Civil engineering, maritime engineering, transport engineering, and mining engineering;0.996610164642334;RDF203;Electrical engineering, computer engineering, and information engineering;0.9956516027450562;RDF508;Media and communications;0.9951608777046204;RDF102;Computer and information sciences;0.9945307374000549
264;Les effets de la pandémie de COVID-19 sur les conditions de travail et les trajectoires d'emploi des femmes au Québec: recul, maintien ou avancée? (Business, management and related fields);RDF20-21;Engineering and technology;0.470687597990036;RDF10;Natural sciences;0.17047174274921417;RDF40;Agricultural and veterinary sciences;0.11750715970993042;RDF604;Arts (arts, history of arts, performing arts, music), architecture and design;0.9983190894126892;RDF102;Computer and information sciences;0.9974391460418701;RDF105;Earth and related environmental sciences;0.9953634142875671;RDF201;Civil engineering, maritime engineering, transport engineering, and mining engineering;0.9953181147575378;RDF103;Physical sciences;0.9932941794395447
265;Data-driven Optimization of Transport Systems (Civil, Industrial and Systems Engineering);RDF20-21;Engineering and technology;0.28448280692100525;RDF50;Social sciences;0.18913663923740387;RDF10;Natural sciences;0.15864808857440948;RDF604;Arts (arts, history of arts, performing arts, music), architecture and design;0.9989798069000244;RDF203;Electrical engineering, computer engineering, and information engineering;0.9987792372703552;RDF508;Media and communications;0.998595118522644;RDF102;Computer and information sciences;0.997236967086792;RDF601;History, archaeology and related studies;0.9955576062202454
266;Le tournant éclectique en architecture à travers les procès-verbaux du Conseil des Bâtiments civils (projet pilote) (Fine Arts, Research-Creation);RDF20-21;Engineering and technology;0.5196157097816467;RDF10;Natural sciences;0.22744709253311157;RDF50;Social sciences;0.11903965473175049;RDF604;Arts (arts, history of arts, performing arts, music), architecture and design;0.9987281560897827;RDF105;Earth and related environmental sciences;0.9926968216896057;RDF201;Civil engineering, maritime engineering, transport engineering, and mining engineering;0.9889064431190491;RDF102;Computer and information sciences;0.9807288646697998;RDF203;Electrical engineering, computer engineering, and information engineering;0.9621075391769409
267;Évolution de l'organisation du travail des directions d'établissements d'enseignement du Québec dans le contexte de la transformation des commissions scolaires en centres de services;RDF20-21;Engineering and technology;0.39764702320098877;RDF40;Agricultural and veterinary sciences;0.16837435960769653;RDF10;Natural sciences;0.1606639325618744;RDF604;Arts (arts, history of arts, performing arts, music), architecture and design;0.9987281560897827;RDF102;Computer and information sciences;0.9981505870819092;RDF201;Civil engineering, maritime engineering, transport engineering, and mining engineering;0.9958093166351318;RDF203;Electrical engineering, computer engineering, and information engineering;0.9953544735908508;RDF302;Clinical medicine;0.9950850009918213
268;Integrating interdisciplinary perspectives on circular economy;RDF40;Agricultural and veterinary sciences;0.40558913350105286;RDF30;Medical, health and life sciences;0.21124042570590973;RDF10;Natural sciences;0.11895891278982162;RDF604;Arts (arts, history of arts, performing arts, music), architecture and design;0.9992663860321045;RDF508;Media and communications;0.9988395571708679;RDF501;Psychology and cognitive sciences;0.9985646605491638;RDF208;Environmental engineering and related engineering;0.9981649518013;RDF201;Civil engineering, maritime engineering, transport engineering, and mining engineering;0.9981067776679993
269;Homeostasis of the respiratory epithelial tissue: regulatory mechanisms by ion channels (Genes, Cells and Molecules);RDF10;Natural sciences;0.3082110285758972;RDF20-21;Engineering and technology;0.29931241273880005;RDF30;Medical, health and life sciences;0.18767111003398895;RDF604;Arts (arts, history of arts, performing arts, music), architecture and design;0.9986827373504639;RDF302;Clinical medicine;0.9973580241203308;RDF303;Health sciences;0.9966949224472046;RDF102;Computer and information sciences;0.9961829781532288;RDF105;Earth and related environmental sciences;0.9951514005661011
270;Vascular events in patients undergoing same-day noncardiac surgery (VALIANCE) - a prospective cohort and nested biobank study (Clinical Investigation – Cardiovascular Systems);RDF20-21;Engineering and technology;0.5332101583480835;RDF30;Medical, health and life sciences;0.20758818089962006;RDF10;Natural sciences;0.16761824488639832;RDF604;Arts (arts, history of arts, performing arts, music), architecture and design;0.9926825761795044;RDF302;Clinical medicine;0.9894703030586243;RDF201;Civil engineering, maritime engineering, transport engineering, and mining engineering;0.985327959060669;RDF105;Earth and related environmental sciences;0.9836127161979675;RDF103;Physical sciences;0.9755536317825317
271;Mental health Recovery from Youth Right-based Perspectives (Education and social work);RDF10;Natural sciences;0.2328277975320816;RDF40;Agricultural and veterinary sciences;0.2111656367778778;RDF50;Social sciences;0.192268505692482;RDF604;Arts (arts, history of arts, performing arts, music), architecture and design;0.9985334873199463;RDF203;Electrical engineering, computer engineering, and information engineering;0.9977172613143921;RDF201;Civil engineering, maritime engineering, transport engineering, and mining engineering;0.997607946395874;RDF508;Media and communications;0.9965300559997559;RDF102;Computer and information sciences;0.996292769908905
272;Ecosystem functioning in the landscape: a meta-ecosystem perspective (Evolution and Ecology);RDF20-21;Engineering and technology;0.27982985973358154;RDF40;Agricultural and veterinary sciences;0.20155389606952667;RDF50;Social sciences;0.18823617696762085;RDF604;Arts (arts, history of arts, performing arts, music), architecture and design;0.9992431402206421;RDF508;Media and communications;0.9979411959648132;RDF201;Civil engineering, maritime engineering, transport engineering, and mining engineering;0.9967141151428223;RDF203;Electrical engineering, computer engineering, and information engineering;0.9958174824714661;RDF102;Computer and information sciences;0.995080292224884
273;Multi-Fidelity Zonal Approaches to Multi-Disciplinary Aerodynamic Analysis of Transonic Aircraft;RDF20-21;Engineering and technology;0.329353392124176;RDF30;Medical, health and life sciences;0.24619297683238983;RDF40;Agricultural and veterinary sciences;0.14672169089317322;RDF604;Arts (arts, history of arts, performing arts, music), architecture and design;0.9985923767089844;RDF508;Media and communications;0.9982454180717468;RDF102;Computer and information sciences;0.9971383810043335;RDF203;Electrical engineering, computer engineering, and information engineering;0.9912123680114746;RDF103;Physical sciences;0.9911183714866638
274;Defining the functions and mechanisms of centrosomal RNA localization;RDF20-21;Engineering and technology;0.32605597376823425;RDF10;Natural sciences;0.21976038813591003;RDF40;Agricultural and veterinary sciences;0.20483919978141785;RDF604;Arts (arts, history of arts, performing arts, music), architecture and design;0.998498797416687;RDF102;Computer and information sciences;0.9964203238487244;RDF508;Media and communications;0.9957930445671082;RDF202;Industrial, systems and processes engineering;0.9943195581436157;RDF103;Physical sciences;0.9939495921134949
275;Collaborative improvement of moral deliberation methods: An exercise in living ethics (Mutidisciplinary or interdisciplinary social sciences);RDF10;Natural sciences;0.2832619249820709;RDF50;Social sciences;0.2681869864463806;RDF20-21;Engineering and technology;0.22939248383045197;RDF604;Arts (arts, history of arts, performing arts, music), architecture and design;0.9984176158905029;RDF102;Computer and information sciences;0.997434139251709;RDF203;Electrical engineering, computer engineering, and information engineering;0.9962999820709229;RDF508;Media and communications;0.9961380958557129;RDF105;Earth and related environmental sciences;0.9958981275558472
276;The role of GABA signaling in nervous system formation and homeostasis (Genes, Cells and Molecules);RDF10;Natural sciences;0.25764283537864685;RDF20-21;Engineering and technology;0.2571401298046112;RDF40;Agricultural and veterinary sciences;0.15116487443447113;RDF201;Civil engineering, maritime engineering, transport engineering, and mining engineering;0.9991990327835083;RDF508;Media and communications;0.9987887144088745;RDF604;Arts (arts, history of arts, performing arts, music), architecture and design;0.9987696409225464;RDF102;Computer and information sciences;0.9986593723297119;RDF202;Industrial, systems and processes engineering;0.9985869526863098
277;Elimination of senescent endothelial cells to prevent vascular dementia in aging atherosclerotic mice (Biological and Clinical Aspects of Aging);RDF20-21;Engineering and technology;0.3631806969642639;RDF30;Medical, health and life sciences;0.19861829280853271;RDF10;Natural sciences;0.1913827657699585;RDF604;Arts (arts, history of arts, performing arts, music), architecture and design;0.9984602332115173;RDF102;Computer and information sciences;0.9984114766120911;RDF508;Media and communications;0.9972637891769409;RDF302;Clinical medicine;0.997231662273407;RDF105;Earth and related environmental sciences;0.9965970516204834
278;Understanding and treating osteoarthritic pain in pet animals: An approach based on neurogenomics and neuropeptidomics manipulation (Biological Systems and Functions);RDF30;Medical, health and life sciences;0.3078003227710724;RDF20-21;Engineering and technology;0.2359987050294876;RDF10;Natural sciences;0.22387591004371643;RDF604;Arts (arts, history of arts, performing arts, music), architecture and design;0.9984052777290344;RDF508;Media and communications;0.9977872967720032;RDF102;Computer and information sciences;0.997617244720459;RDF105;Earth and related environmental sciences;0.9963993430137634;RDF103;Physical sciences;0.9952448606491089
279;Optimizing risk averse decisions in data-driven problems;RDF40;Agricultural and veterinary sciences;0.4157014489173889;RDF20-21;Engineering and technology;0.20180685818195343;RDF50;Social sciences;0.12324164807796478;RDF604;Arts (arts, history of arts, performing arts, music), architecture and design;0.9980993270874023;RDF203;Electrical engineering, computer engineering, and information engineering;0.9953272938728333;RDF102;Computer and information sciences;0.9948853254318237;RDF201;Civil engineering, maritime engineering, transport engineering, and mining engineering;0.9940659403800964;RDF103;Physical sciences;0.9918752908706665
280;Understanding the genesis of the spliced immunopeptidome (Genes, Cells and Molecules);RDF20-21;Engineering and technology;0.3058871328830719;RDF10;Natural sciences;0.23962508141994476;RDF50;Social sciences;0.15501606464385986;RDF604;Arts (arts, history of arts, performing arts, music), architecture and design;0.9987767934799194;RDF508;Media and communications;0.998095691204071;RDF201;Civil engineering, maritime engineering, transport engineering, and mining engineering;0.9967586994171143;RDF102;Computer and information sciences;0.9965970516204834;RDF302;Clinical medicine;0.9956600666046143
281;Fundamental drivers of plant spectral diversity (Evolution and Ecology);RDF20-21;Engineering and technology;0.29375311732292175;RDF40;Agricultural and veterinary sciences;0.2617802023887634;RDF10;Natural sciences;0.19491885602474213;RDF604;Arts (arts, history of arts, performing arts, music), architecture and design;0.9988818168640137;RDF203;Electrical engineering, computer engineering, and information engineering;0.9960851669311523;RDF508;Media and communications;0.9956261515617371;RDF201;Civil engineering, maritime engineering, transport engineering, and mining engineering;0.9944450259208679;RDF202;Industrial, systems and processes engineering;0.9937888979911804
282;Systematics, biogeography and evolution of northern floras (Evolution and Ecology);RDF50;Social sciences;0.42546766996383667;RDF10;Natural sciences;0.20097669959068298;RDF20-21;Engineering and technology;0.1759810745716095;RDF604;Arts (arts, history of arts, performing arts, music), architecture and design;0.9983927607536316;RDF201;Civil engineering, maritime engineering, transport engineering, and mining engineering;0.9965029954910278;RDF508;Media and communications;0.9963994026184082;RDF202;Industrial, systems and processes engineering;0.9943251013755798;RDF105;Earth and related environmental sciences;0.9939906001091003
283;Development of Additive Manufacturing Superalloys with high ?' volume fraction (Materials and Chemical Engineering);RDF20-21;Engineering and technology;0.38855063915252686;RDF10;Natural sciences;0.1803402602672577;RDF30;Medical, health and life sciences;0.16292384266853333;RDF604;Arts (arts, history of arts, performing arts, music), architecture and design;0.9982003569602966;RDF201;Civil engineering, maritime engineering, transport engineering, and mining engineering;0.9960775375366211;RDF508;Media and communications;0.9954967498779297;RDF601;History, archaeology and related studies;0.9920774102210999;RDF105;Earth and related environmental sciences;0.9884696006774902
284;Judiciarisation des personnes souffrant de troubles mentaux : une recherche en théorisation ancrée sur la perception des patients judiciarisés et le personnel soignant (Psychosocial, Sociocultural & Behavioural Determinants of Health);RDF20-21;Engineering and technology;0.2510610818862915;RDF10;Natural sciences;0.23493057489395142;RDF30;Medical, health and life sciences;0.22993706166744232;RDF604;Arts (arts, history of arts, performing arts, music), architecture and design;0.9980353116989136;RDF102;Computer and information sciences;0.9968580603599548;RDF105;Earth and related environmental sciences;0.9944397211074829;RDF302;Clinical medicine;0.9932811260223389;RDF508;Media and communications;0.9926542043685913
285;Methods of initiation and mitigation of thermal runaway in lithium-ion batteries;RDF20-21;Engineering and technology;0.43272969126701355;RDF40;Agricultural and veterinary sciences;0.21844175457954407;RDF30;Medical, health and life sciences;0.11233443021774292;RDF604;Arts (arts, history of arts, performing arts, music), architecture and design;0.9973836541175842;RDF203;Electrical engineering, computer engineering, and information engineering;0.9941118955612183;RDF102;Computer and information sciences;0.9938309788703918;RDF508;Media and communications;0.992974579334259;RDF103;Physical sciences;0.9909446835517883
286;Automated AI-supported methane plume detection from satellite and aircraft images;RDF20-21;Engineering and technology;0.48275938630104065;RDF40;Agricultural and veterinary sciences;0.20045948028564453;RDF30;Medical, health and life sciences;0.1116815134882927;RDF604;Arts (arts, history of arts, performing arts, music), architecture and design;0.9985951781272888;RDF102;Computer and information sciences;0.9954172968864441;RDF508;Media and communications;0.9940080046653748;RDF203;Electrical engineering, computer engineering, and information engineering;0.9938787221908569;RDF201;Civil engineering, maritime engineering, transport engineering, and mining engineering;0.9930288791656494
287;From domain-specific languages to domain-specific environments (Computer Science);RDF40;Agricultural and veterinary sciences;0.25824037194252014;RDF20-21;Engineering and technology;0.24786275625228882;RDF50;Social sciences;0.1635076105594635;RDF604;Arts (arts, history of arts, performing arts, music), architecture and design;0.9987576007843018;RDF201;Civil engineering, maritime engineering, transport engineering, and mining engineering;0.9982993006706238;RDF508;Media and communications;0.9976903796195984;RDF203;Electrical engineering, computer engineering, and information engineering;0.997279703617096;RDF102;Computer and information sciences;0.9972423911094666
288;Magnetic Field Characterization and Mapping for Artifact Mitigation in MRI;RDF20-21;Engineering and technology;0.2845940589904785;RDF40;Agricultural and veterinary sciences;0.21863242983818054;RDF50;Social sciences;0.16152460873126984;RDF604;Arts (arts, history of arts, performing arts, music), architecture and design;0.9989897012710571;RDF508;Media and communications;0.9989757537841797;RDF102;Computer and information sciences;0.9974836707115173;RDF201;Civil engineering, maritime engineering, transport engineering, and mining engineering;0.9970707297325134;RDF203;Electrical engineering, computer engineering, and information engineering;0.9955054521560669
289;La médiatisation de l'opinion publique au Canada (Political science and public administration);RDF40;Agricultural and veterinary sciences;0.28021469712257385;RDF50;Social sciences;0.19562138617038727;RDF10;Natural sciences;0.18997341394424438;RDF508;Media and communications;0.9995215535163879;RDF201;Civil engineering, maritime engineering, transport engineering, and mining engineering;0.9985978603363037;RDF604;Arts (arts, history of arts, performing arts, music), architecture and design;0.9982624053955078;RDF203;Electrical engineering, computer engineering, and information engineering;0.9968396425247192;RDF102;Computer and information sciences;0.9955403208732605
290;Entrepreneuring as Relational Process: Tracing the Trajectories of Entrepreneurial Projects (Communications, media studies, gender studies, library and information science, related fields);RDF20-21;Engineering and technology;0.3012312352657318;RDF50;Social sciences;0.27427414059638977;RDF10;Natural sciences;0.12779869139194489;RDF508;Media and communications;0.9991896152496338;RDF604;Arts (arts, history of arts, performing arts, music), architecture and design;0.9989413022994995;RDF102;Computer and information sciences;0.998553454875946;RDF201;Civil engineering, maritime engineering, transport engineering, and mining engineering;0.9980314373970032;RDF105;Earth and related environmental sciences;0.996924638748169
291;Physiotherapy care in Emergency Departments for Patients with Musculoskeletal Disorders: A Pragmatic Cluster Randomized Controlled Trial and Cost Analysis (Clinical Investigation – Arthritis, Bone, Skin and Cartilage);RDF20-21;Engineering and technology;0.5605560541152954;RDF30;Medical, health and life sciences;0.21951690316200256;RDF10;Natural sciences;0.14911390841007233;RDF105;Earth and related environmental sciences;0.9936856627464294;RDF604;Arts (arts, history of arts, performing arts, music), architecture and design;0.9935494065284729;RDF103;Physical sciences;0.978425920009613;RDF102;Computer and information sciences;0.9777563810348511;RDF201;Civil engineering, maritime engineering, transport engineering, and mining engineering;0.9544355273246765
292;Le numérique et les études médiévales : enjeux pédagogiques et formation par la recherche;RDF20-21;Engineering and technology;0.2610653340816498;RDF40;Agricultural and veterinary sciences;0.23677599430084229;RDF10;Natural sciences;0.22243045270442963;RDF508;Media and communications;0.999032199382782;RDF604;Arts (arts, history of arts, performing arts, music), architecture and design;0.9989412426948547;RDF201;Civil engineering, maritime engineering, transport engineering, and mining engineering;0.9986541271209717;RDF102;Computer and information sciences;0.998031497001648;RDF105;Earth and related environmental sciences;0.9948102235794067
293;High power density motors for aeronautics manufactured by cold spraying;RDF20-21;Engineering and technology;0.3463694751262665;RDF40;Agricultural and veterinary sciences;0.22938381135463715;RDF50;Social sciences;0.13603819906711578;RDF604;Arts (arts, history of arts, performing arts, music), architecture and design;0.9988663792610168;RDF508;Media and communications;0.996292769908905;RDF203;Electrical engineering, computer engineering, and information engineering;0.995718777179718;RDF201;Civil engineering, maritime engineering, transport engineering, and mining engineering;0.9917163252830505;RDF202;Industrial, systems and processes engineering;0.9915133714675903
294;Cholesterol metabolism and regulation of the senescence-associated secretory phenotype in retinopathy (Systems & Circuits Neurosciences);RDF10;Natural sciences;0.28842201828956604;RDF50;Social sciences;0.2198488712310791;RDF20-21;Engineering and technology;0.1787358671426773;RDF201;Civil engineering, maritime engineering, transport engineering, and mining engineering;0.9990871548652649;RDF604;Arts (arts, history of arts, performing arts, music), architecture and design;0.9987281560897827;RDF203;Electrical engineering, computer engineering, and information engineering;0.9981433153152466;RDF102;Computer and information sciences;0.9980161190032959;RDF202;Industrial, systems and processes engineering;0.9974390864372253
295;Second-order Hessian-free methods for statistical learning and stochastic optimization (Civil, Industrial and Systems Engineering);RDF20-21;Engineering and technology;0.434444397687912;RDF10;Natural sciences;0.17113065719604492;RDF50;Social sciences;0.14076824486255646;RDF604;Arts (arts, history of arts, performing arts, music), architecture and design;0.9977481365203857;RDF203;Electrical engineering, computer engineering, and information engineering;0.9967460036277771;RDF102;Computer and information sciences;0.9950321912765503;RDF105;Earth and related environmental sciences;0.992046594619751;RDF103;Physical sciences;0.9914059638977051
296;Ecosystemic thinking: integrating ecosystem assessment to the strategic thinking process;RDF40;Agricultural and veterinary sciences;0.3556903600692749;RDF20-21;Engineering and technology;0.26329612731933594;RDF30;Medical, health and life sciences;0.11798352748155594;RDF604;Arts (arts, history of arts, performing arts, music), architecture and design;0.9991322755813599;RDF201;Civil engineering, maritime engineering, transport engineering, and mining engineering;0.9961305856704712;RDF508;Media and communications;0.9959614276885986;RDF203;Electrical engineering, computer engineering, and information engineering;0.9954349994659424;RDF202;Industrial, systems and processes engineering;0.9947186708450317
297;Brain-body interactions during bipedalism (Biological Systems and Functions);RDF40;Agricultural and veterinary sciences;0.22514350712299347;RDF50;Social sciences;0.19791385531425476;RDF10;Natural sciences;0.1975276619195938;RDF604;Arts (arts, history of arts, performing arts, music), architecture and design;0.9988144636154175;RDF102;Computer and information sciences;0.996882438659668;RDF201;Civil engineering, maritime engineering, transport engineering, and mining engineering;0.9965435862541199;RDF103;Physical sciences;0.9964618682861328;RDF508;Media and communications;0.9960082769393921
298;Multiaxial electro-mechanical tensile tester for stretchable electronics (Materials and Chemical Engineering);RDF20-21;Engineering and technology;0.5790641903877258;RDF10;Natural sciences;0.14842580258846283;RDF50;Social sciences;0.09686589241027832;RDF604;Arts (arts, history of arts, performing arts, music), architecture and design;0.9930692911148071;RDF105;Earth and related environmental sciences;0.9783433079719543;RDF201;Civil engineering, maritime engineering, transport engineering, and mining engineering;0.9614614844322205;RDF104;Chemical sciences;0.9589048624038696;RDF102;Computer and information sciences;0.9456509351730347
299;Development and Update of Quantitative Pharmacology Concepts and Computational Models for a Better Understanding of Drug Fate and Action (Mathematics and Statistics);RDF20-21;Engineering and technology;0.26352012157440186;RDF30;Medical, health and life sciences;0.25145262479782104;RDF10;Natural sciences;0.1786552220582962;RDF604;Arts (arts, history of arts, performing arts, music), architecture and design;0.9987207055091858;RDF508;Media and communications;0.9986645579338074;RDF302;Clinical medicine;0.9985978603363037;RDF201;Civil engineering, maritime engineering, transport engineering, and mining engineering;0.9979251027107239;RDF102;Computer and information sciences;0.9977700114250183
300;Frontières vécues dans les institutions éducatives québécoises. Discours des cégépiennes musulmanes issues de l'immigration à Montréal (Education and social work);RDF20-21;Engineering and technology;0.3465290367603302;RDF10;Natural sciences;0.21706418693065643;RDF40;Agricultural and veterinary sciences;0.16193975508213043;RDF105;Earth and related environmental sciences;0.9871416687965393;RDF604;Arts (arts, history of arts, performing arts, music), architecture and design;0.9863893985748291;RDF102;Computer and information sciences;0.9832788705825806;RDF103;Physical sciences;0.9763330817222595;RDF104;Chemical sciences;0.9560635089874268
301;Non-invasive 4D thoracic imaging infrastructure to support decision-making in the management of lung diseases in intensive care units (ICU) (Electrical and Computer Engineering);RDF20-21;Engineering and technology;0.39445367455482483;RDF30;Medical, health and life sciences;0.22519232332706451;RDF10;Natural sciences;0.2086760252714157;RDF203;Electrical engineering, computer engineering, and information engineering;0.9986697435379028;RDF604;Arts (arts, history of arts, performing arts, music), architecture and design;0.9961230754852295;RDF102;Computer and information sciences;0.9952448010444641;RDF601;History, archaeology and related studies;0.9887228012084961;RDF201;Civil engineering, maritime engineering, transport engineering, and mining engineering;0.988346517086029
302;La participation à la société québécoise : exploration de la perception des jeunes issus de l'immigration, de première et de deuxième génération (JIPDG), élèves et étudiants au secondaire et au cegep francophones (Education and social work);RDF20-21;Engineering and technology;0.4513530135154724;RDF50;Social sciences;0.15937089920043945;RDF10;Natural sciences;0.15266795456409454;RDF604;Arts (arts, history of arts, performing arts, music), architecture and design;0.9982692003250122;RDF102;Computer and information sciences;0.9968149662017822;RDF105;Earth and related environmental sciences;0.9957020282745361;RDF201;Civil engineering, maritime engineering, transport engineering, and mining engineering;0.9932024478912354;RDF103;Physical sciences;0.9877113699913025
303;Reshaping the urban water management paradigm: towards a new decision-support framework for the sustainable design of hybrid systems;RDF20-21;Engineering and technology;0.34709155559539795;RDF10;Natural sciences;0.24278268218040466;RDF30;Medical, health and life sciences;0.16427497565746307;RDF604;Arts (arts, history of arts, performing arts, music), architecture and design;0.9994150400161743;RDF103;Physical sciences;0.9975128769874573;RDF203;Electrical engineering, computer engineering, and information engineering;0.9974786639213562;RDF102;Computer and information sciences;0.9965903162956238;RDF202;Industrial, systems and processes engineering;0.9939730763435364
304;L'activité musculaire des pianistes au service de la production sonore et de l'expression musicale (Multidisciplinary or interdisciplinary humanities);RDF20-21;Engineering and technology;0.32924985885620117;RDF50;Social sciences;0.1981460601091385;RDF10;Natural sciences;0.18041403591632843;RDF604;Arts (arts, history of arts, performing arts, music), architecture and design;0.9987056255340576;RDF508;Media and communications;0.9977787137031555;RDF201;Civil engineering, maritime engineering, transport engineering, and mining engineering;0.9948504567146301;RDF105;Earth and related environmental sciences;0.9944933652877808;RDF102;Computer and information sciences;0.9939495921134949
305;Extraction, migration et mise en place de granite-pegmatite orogénique: construire les vecteurs d'exploration de métaux critiques;RDF20-21;Engineering and technology;0.3090158998966217;RDF40;Agricultural and veterinary sciences;0.20068812370300293;RDF10;Natural sciences;0.1783214956521988;RDF604;Arts (arts, history of arts, performing arts, music), architecture and design;0.9967775344848633;RDF201;Civil engineering, maritime engineering, transport engineering, and mining engineering;0.9937466382980347;RDF102;Computer and information sciences;0.9895412921905518;RDF103;Physical sciences;0.9893268942832947;RDF105;Earth and related environmental sciences;0.9855799078941345
306;Mon genou pourrait aller mieux;RDF40;Agricultural and veterinary sciences;0.4073186218738556;RDF20-21;Engineering and technology;0.18323466181755066;RDF30;Medical, health and life sciences;0.18145397305488586;RDF604;Arts (arts, history of arts, performing arts, music), architecture and design;0.9987503290176392;RDF202;Industrial, systems and processes engineering;0.994025468826294;RDF508;Media and communications;0.9932680726051331;RDF204;Mechanical engineering;0.9906418323516846;RDF208;Environmental engineering and related engineering;0.9904221296310425
307;Learning sensorimotor maps through curiosity (Biological Systems and Functions);RDF40;Agricultural and veterinary sciences;0.3467101454734802;RDF10;Natural sciences;0.17847108840942383;RDF30;Medical, health and life sciences;0.15750019252300262;RDF604;Arts (arts, history of arts, performing arts, music), architecture and design;0.9986087679862976;RDF201;Civil engineering, maritime engineering, transport engineering, and mining engineering;0.9977829456329346;RDF102;Computer and information sciences;0.996936559677124;RDF202;Industrial, systems and processes engineering;0.9961904287338257;RDF508;Media and communications;0.9950850605964661
308;Improving the Quality Assurance of Machine-Learning Software Applications (Computer Science);RDF40;Agricultural and veterinary sciences;0.24226966500282288;RDF20-21;Engineering and technology;0.23573485016822815;RDF10;Natural sciences;0.1886797994375229;RDF508;Media and communications;0.9990746378898621;RDF604;Arts (arts, history of arts, performing arts, music), architecture and design;0.9989697337150574;RDF203;Electrical engineering, computer engineering, and information engineering;0.9985868334770203;RDF103;Physical sciences;0.9984482526779175;RDF201;Civil engineering, maritime engineering, transport engineering, and mining engineering;0.998275876045227
309;Mobilizing evidence into the effective treatment of sexual offenders: A feasibility study;RDF40;Agricultural and veterinary sciences;0.2407146841287613;RDF20-21;Engineering and technology;0.22175677120685577;RDF30;Medical, health and life sciences;0.2145146280527115;RDF604;Arts (arts, history of arts, performing arts, music), architecture and design;0.9987768530845642;RDF203;Electrical engineering, computer engineering, and information engineering;0.9982212781906128;RDF103;Physical sciences;0.9977349638938904;RDF508;Media and communications;0.9975608587265015;RDF102;Computer and information sciences;0.9960698485374451
310;Simulation of large scale MaaS;RDF40;Agricultural and veterinary sciences;0.4385610818862915;RDF30;Medical, health and life sciences;0.1875208020210266;RDF20-21;Engineering and technology;0.1443399041891098;RDF604;Arts (arts, history of arts, performing arts, music), architecture and design;0.998807430267334;RDF204;Mechanical engineering;0.997739315032959;RDF508;Media and communications;0.9971495270729065;RDF203;Electrical engineering, computer engineering, and information engineering;0.9970189332962036;RDF201;Civil engineering, maritime engineering, transport engineering, and mining engineering;0.9956685304641724
311;PRevention of COVID-19 with high dose Oral Vitamin D supplemental Therapy in Essential healthCare Teams (PROTECT);RDF20-21;Engineering and technology;0.2975803017616272;RDF10;Natural sciences;0.21559864282608032;RDF30;Medical, health and life sciences;0.1745970994234085;RDF508;Media and communications;0.9990168809890747;RDF604;Arts (arts, history of arts, performing arts, music), architecture and design;0.9990130066871643;RDF201;Civil engineering, maritime engineering, transport engineering, and mining engineering;0.9989956021308899;RDF102;Computer and information sciences;0.9989140033721924;RDF203;Electrical engineering, computer engineering, and information engineering;0.9984330534934998
312;Decrypting nociceptive signaling pathways in Caenorhabditis elegans using behavioral analysis and mass spectrometry-based proteomics (Genes, Cells and Molecules);RDF20-21;Engineering and technology;0.415656715631485;RDF10;Natural sciences;0.2077842801809311;RDF30;Medical, health and life sciences;0.14878703653812408;RDF604;Arts (arts, history of arts, performing arts, music), architecture and design;0.9986249208450317;RDF508;Media and communications;0.9982073307037354;RDF201;Civil engineering, maritime engineering, transport engineering, and mining engineering;0.9962855577468872;RDF102;Computer and information sciences;0.9952999353408813;RDF202;Industrial, systems and processes engineering;0.9947596192359924
313;Suivre les affaires et les auteurs de violence conjugale : vers une meilleure compréhension du cheminement pénal et de la récidive (Law and criminology);RDF20-21;Engineering and technology;0.48303234577178955;RDF10;Natural sciences;0.267277330160141;RDF30;Medical, health and life sciences;0.09209835529327393;RDF604;Arts (arts, history of arts, performing arts, music), architecture and design;0.9969839453697205;RDF508;Media and communications;0.9941232204437256;RDF102;Computer and information sciences;0.9920465350151062;RDF201;Civil engineering, maritime engineering, transport engineering, and mining engineering;0.9919535517692566;RDF203;Electrical engineering, computer engineering, and information engineering;0.9890342354774475
314;Dissection of non-canonical DNA damage response mechanisms controlling the senescence program (Genes, Cells and Molecules);RDF20-21;Engineering and technology;0.49047762155532837;RDF10;Natural sciences;0.18220734596252441;RDF60;Humanities and the arts;0.0993550643324852;RDF604;Arts (arts, history of arts, performing arts, music), architecture and design;0.9983450770378113;RDF508;Media and communications;0.9899281859397888;RDF102;Computer and information sciences;0.988469660282135;RDF302;Clinical medicine;0.9849563241004944;RDF202;Industrial, systems and processes engineering;0.9836127161979675
315;Comment habiter le territoire québécois de façon sobre et résiliente dans un contexte de transition écologique?;RDF20-21;Engineering and technology;0.3104550540447235;RDF40;Agricultural and veterinary sciences;0.2384995073080063;RDF10;Natural sciences;0.16912147402763367;RDF604;Arts (arts, history of arts, performing arts, music), architecture and design;0.9983482956886292;RDF102;Computer and information sciences;0.9961004257202148;RDF508;Media and communications;0.9932550191879272;RDF203;Electrical engineering, computer engineering, and information engineering;0.9919847846031189;RDF105;Earth and related environmental sciences;0.991263210773468
316;Deafness Induced Brain Reorganization: a research program to examine how deafness modifies cortical functions and affects compensatory vision and auditory performance following cochlear implantation (Behavioural Sciences – Behavioural Studies, Neuroscience and Cognition);RDF20-21;Engineering and technology;0.43929553031921387;RDF50;Social sciences;0.1871025264263153;RDF10;Natural sciences;0.17958365380764008;RDF102;Computer and information sciences;0.9984052181243896;RDF604;Arts (arts, history of arts, performing arts, music), architecture and design;0.9983157515525818;RDF501;Psychology and cognitive sciences;0.997393786907196;RDF105;Earth and related environmental sciences;0.9965165257453918;RDF508;Media and communications;0.9955748915672302
317;Multiscale modeling of multiphase flows in chemical engineering processes (Materials and Chemical Engineering);RDF20-21;Engineering and technology;0.4730271100997925;RDF10;Natural sciences;0.21237878501415253;RDF50;Social sciences;0.1058562844991684;RDF604;Arts (arts, history of arts, performing arts, music), architecture and design;0.9958740472793579;RDF205;Chemical engineering;0.9875442981719971;RDF102;Computer and information sciences;0.9789554476737976;RDF104;Chemical sciences;0.9770445227622986;RDF103;Physical sciences;0.9724931716918945
318;Soutien à la mobilisation des milieux scolaires pour la mise en oeuvre de mesures intégrées et structurées favorisant la socialisation des élèves, leur bien-être psychologique, ainsi que la prévention de la violence;RDF20-21;Engineering and technology;0.318451464176178;RDF10;Natural sciences;0.2871355712413788;RDF60;Humanities and the arts;0.12791432440280914;RDF604;Arts (arts, history of arts, performing arts, music), architecture and design;0.999362587928772;RDF102;Computer and information sciences;0.9993333220481873;RDF503;Education;0.9984300136566162;RDF105;Earth and related environmental sciences;0.9982143640518188;RDF103;Physical sciences;0.998031497001648
319;La Trajectoire du mouvement debussyste (1895-1923) : Style, réception, implantation institutionnelle (Fine Arts, Research-Creation);RDF10;Natural sciences;0.23012994229793549;RDF50;Social sciences;0.20953570306301117;RDF20-21;Engineering and technology;0.2026926726102829;RDF604;Arts (arts, history of arts, performing arts, music), architecture and design;0.9988121390342712;RDF201;Civil engineering, maritime engineering, transport engineering, and mining engineering;0.9973682761192322;RDF105;Earth and related environmental sciences;0.9960699081420898;RDF102;Computer and information sciences;0.9958740472793579;RDF103;Physical sciences;0.9944880604743958
320;High-order Geometry, Mesh and Adaptivity for Fluid-Structure Interaction Simulations (Mechanical Engineering);RDF20-21;Engineering and technology;0.35482296347618103;RDF10;Natural sciences;0.21353624761104584;RDF50;Social sciences;0.19595186412334442;RDF604;Arts (arts, history of arts, performing arts, music), architecture and design;0.998510479927063;RDF201;Civil engineering, maritime engineering, transport engineering, and mining engineering;0.9973373413085938;RDF204;Mechanical engineering;0.9964619278907776;RDF508;Media and communications;0.9959613680839539;RDF102;Computer and information sciences;0.9957436323165894
321;Computational analysis and modeling of ribonucleic acid structure, function, and dynamics (Genes, Cells and Molecules);RDF20-21;Engineering and technology;0.32408758997917175;RDF10;Natural sciences;0.2137908637523651;RDF50;Social sciences;0.19966457784175873;RDF604;Arts (arts, history of arts, performing arts, music), architecture and design;0.9988709092140198;RDF102;Computer and information sciences;0.9979809522628784;RDF201;Civil engineering, maritime engineering, transport engineering, and mining engineering;0.9965837597846985;RDF302;Clinical medicine;0.9964481592178345;RDF303;Health sciences;0.9957684278488159
322;Stratégies d'épargne transfusionnelle et de prévention de la pénurie de produits sanguins labiles : de l'utilisation clinique appropriée à l'élargissement du pool de donneurs;RDF20-21;Engineering and technology;0.32765933871269226;RDF10;Natural sciences;0.2622552514076233;RDF30;Medical, health and life sciences;0.13368551433086395;RDF302;Clinical medicine;0.9991306066513062;RDF102;Computer and information sciences;0.9989697933197021;RDF604;Arts (arts, history of arts, performing arts, music), architecture and design;0.9988396167755127;RDF105;Earth and related environmental sciences;0.9980844855308533;RDF103;Physical sciences;0.9975892305374146
323;Relaxation, friction interne et ondes gravitationnelles (Physics);RDF40;Agricultural and veterinary sciences;0.26892155408859253;RDF20-21;Engineering and technology;0.24153099954128265;RDF10;Natural sciences;0.17194145917892456;RDF201;Civil engineering, maritime engineering, transport engineering, and mining engineering;0.9986827373504639;RDF604;Arts (arts, history of arts, performing arts, music), architecture and design;0.9984602332115173;RDF508;Media and communications;0.9980160593986511;RDF103;Physical sciences;0.996906578540802;RDF202;Industrial, systems and processes engineering;0.9955920577049255
324;Penser la citoyenneté vécue des femmes dans les pratiques participatives du care au quotidien en Amérique latine : Le cas des cuisines communautaires de la ville de Mexico (Political science and public administration);RDF20-21;Engineering and technology;0.5005608797073364;RDF10;Natural sciences;0.17097382247447968;RDF50;Social sciences;0.11788202077150345;RDF604;Arts (arts, history of arts, performing arts, music), architecture and design;0.8842393755912781;RDF105;Earth and related environmental sciences;0.8722929954528809;RDF103;Physical sciences;0.7828700542449951;RDF102;Computer and information sciences;0.50177001953125;RDF202;Industrial, systems and processes engineering;0.4936240613460541
325;Statistical analysis of microbiome longitudinal data with multiplex networks (Evolution and Ecology);RDF20-21;Engineering and technology;0.3746381998062134;RDF10;Natural sciences;0.25398847460746765;RDF50;Social sciences;0.13358137011528015;RDF604;Arts (arts, history of arts, performing arts, music), architecture and design;0.9969006180763245;RDF105;Earth and related environmental sciences;0.9893062710762024;RDF102;Computer and information sciences;0.9879578351974487;RDF201;Civil engineering, maritime engineering, transport engineering, and mining engineering;0.985772967338562;RDF103;Physical sciences;0.9813464879989624
326;Reaction mechanisms of catalytic reactions using earth-abundant metals (Chemistry);RDF20-21;Engineering and technology;0.26968491077423096;RDF10;Natural sciences;0.23892758786678314;RDF50;Social sciences;0.17651858925819397;RDF604;Arts (arts, history of arts, performing arts, music), architecture and design;0.9983124732971191;RDF201;Civil engineering, maritime engineering, transport engineering, and mining engineering;0.9971495270729065;RDF302;Clinical medicine;0.9968945384025574;RDF202;Industrial, systems and processes engineering;0.9952908158302307;RDF508;Media and communications;0.9952447414398193
327;Investigation of a novel tumor suppressor mechanism in medulloblastoma;RDF20-21;Engineering and technology;0.46937865018844604;RDF30;Medical, health and life sciences;0.1321360021829605;RDF10;Natural sciences;0.11335351318120956;RDF508;Media and communications;0.9990710020065308;RDF604;Arts (arts, history of arts, performing arts, music), architecture and design;0.9990053772926331;RDF102;Computer and information sciences;0.9948603510856628;RDF203;Electrical engineering, computer engineering, and information engineering;0.9945200681686401;RDF103;Physical sciences;0.9922894239425659
328;Autonomous security for complex systems (Computer Science);RDF40;Agricultural and veterinary sciences;0.36978447437286377;RDF30;Medical, health and life sciences;0.16186271607875824;RDF50;Social sciences;0.1584222912788391;RDF203;Electrical engineering, computer engineering, and information engineering;0.9990655779838562;RDF604;Arts (arts, history of arts, performing arts, music), architecture and design;0.9985278248786926;RDF102;Computer and information sciences;0.9974738359451294;RDF202;Industrial, systems and processes engineering;0.9970536231994629;RDF508;Media and communications;0.9970247745513916
329;Résonance et altération audiovisuelles: pour une pensée sonore de la vidéo et du cinéma expérimental (Fine arts, research-creation);RDF20-21;Engineering and technology;0.3676525354385376;RDF10;Natural sciences;0.2516985237598419;RDF50;Social sciences;0.16410356760025024;RDF604;Arts (arts, history of arts, performing arts, music), architecture and design;0.9987934231758118;RDF508;Media and communications;0.9985278248786926;RDF102;Computer and information sciences;0.9972690343856812;RDF105;Earth and related environmental sciences;0.9964961409568787;RDF201;Civil engineering, maritime engineering, transport engineering, and mining engineering;0.9896718859672546
330;Concentration of measure on quantum states (Computer Science);RDF20-21;Engineering and technology;0.28587108850479126;RDF10;Natural sciences;0.2196134626865387;RDF50;Social sciences;0.1896887868642807;RDF604;Arts (arts, history of arts, performing arts, music), architecture and design;0.9982624053955078;RDF203;Electrical engineering, computer engineering, and information engineering;0.9966496229171753;RDF201;Civil engineering, maritime engineering, transport engineering, and mining engineering;0.9966233968734741;RDF102;Computer and information sciences;0.9960660934448242;RDF103;Physical sciences;0.9933459758758545
331;The use of facial information from developmental prosopagnosics to super-recognizers (Biological Systems and Functions);RDF30;Medical, health and life sciences;0.24661801755428314;RDF10;Natural sciences;0.2004990428686142;RDF50;Social sciences;0.17902550101280212;RDF508;Media and communications;0.9988839626312256;RDF203;Electrical engineering, computer engineering, and information engineering;0.9988530874252319;RDF604;Arts (arts, history of arts, performing arts, music), architecture and design;0.9987768530845642;RDF201;Civil engineering, maritime engineering, transport engineering, and mining engineering;0.9982281923294067;RDF102;Computer and information sciences;0.9980238080024719
332;Raman spectroscopy platform integrating highly sensitive photonic devices, nanostructured surfaces and machine learning for on-site detection of multiple diseases;RDF20-21;Engineering and technology;0.4741400480270386;RDF10;Natural sciences;0.13744467496871948;RDF30;Medical, health and life sciences;0.13243767619132996;RDF102;Computer and information sciences;0.995718777179718;RDF604;Arts (arts, history of arts, performing arts, music), architecture and design;0.9956936836242676;RDF303;Health sciences;0.9912208914756775;RDF201;Civil engineering, maritime engineering, transport engineering, and mining engineering;0.9900635480880737;RDF202;Industrial, systems and processes engineering;0.980280876159668
333;Capillary stalling and hypoxic micropockets: two sides of the same phenomena? (Cardiovascular System – Vascular System);RDF20-21;Engineering and technology;0.4806342124938965;RDF10;Natural sciences;0.163208469748497;RDF30;Medical, health and life sciences;0.14744657278060913;RDF604;Arts (arts, history of arts, performing arts, music), architecture and design;0.997398853302002;RDF508;Media and communications;0.9918121099472046;RDF202;Industrial, systems and processes engineering;0.9913222193717957;RDF102;Computer and information sciences;0.9905600547790527;RDF103;Physical sciences;0.9895513653755188
334;Crime sans châtiment : compétences et réussite criminelle (Law and criminology);RDF20-21;Engineering and technology;0.33120250701904297;RDF40;Agricultural and veterinary sciences;0.19584809243679047;RDF10;Natural sciences;0.185063436627388;RDF604;Arts (arts, history of arts, performing arts, music), architecture and design;0.9981470108032227;RDF201;Civil engineering, maritime engineering, transport engineering, and mining engineering;0.997791588306427;RDF508;Media and communications;0.9957519769668579;RDF102;Computer and information sciences;0.9929336309432983;RDF203;Electrical engineering, computer engineering, and information engineering;0.9911355376243591
335;Crop rhizosphere response to environmental stress (Biological Systems and Functions);RDF40;Agricultural and veterinary sciences;0.278873085975647;RDF20-21;Engineering and technology;0.2048264443874359;RDF50;Social sciences;0.17795631289482117;RDF604;Arts (arts, history of arts, performing arts, music), architecture and design;0.9990889430046082;RDF201;Civil engineering, maritime engineering, transport engineering, and mining engineering;0.9978300333023071;RDF508;Media and communications;0.9974140524864197;RDF203;Electrical engineering, computer engineering, and information engineering;0.9972902536392212;RDF601;History, archaeology and related studies;0.997236967086792
336;Towards remission and full recovery from obsessive-compulsive disorder: Investigating the efficacy of Inference-Based Cognitive-Behavioral Therapy when standard treatment has failed;RDF20-21;Engineering and technology;0.405146986246109;RDF10;Natural sciences;0.23863926529884338;RDF30;Medical, health and life sciences;0.13865438103675842;RDF604;Arts (arts, history of arts, performing arts, music), architecture and design;0.9992067813873291;RDF102;Computer and information sciences;0.9989955425262451;RDF508;Media and communications;0.9989896416664124;RDF203;Electrical engineering, computer engineering, and information engineering;0.9984870553016663;RDF201;Civil engineering, maritime engineering, transport engineering, and mining engineering;0.9978001713752747
337;Soft coral flexibility: its impact on hydrodynamic loads, feeding and a way to measure flow velocity;RDF20-21;Engineering and technology;0.4947744607925415;RDF10;Natural sciences;0.14272759854793549;RDF30;Medical, health and life sciences;0.1405148208141327;RDF201;Civil engineering, maritime engineering, transport engineering, and mining engineering;0.9983385801315308;RDF604;Arts (arts, history of arts, performing arts, music), architecture and design;0.9979211091995239;RDF103;Physical sciences;0.9917324185371399;RDF203;Electrical engineering, computer engineering, and information engineering;0.991439163684845;RDF102;Computer and information sciences;0.9899864792823792
338;Sexual selection and the evolution of cognition (Evolution and Ecology);RDF50;Social sciences;0.23514695465564728;RDF40;Agricultural and veterinary sciences;0.2337731570005417;RDF10;Natural sciences;0.1806458979845047;RDF201;Civil engineering, maritime engineering, transport engineering, and mining engineering;0.9989897012710571;RDF508;Media and communications;0.9989798069000244;RDF604;Arts (arts, history of arts, performing arts, music), architecture and design;0.9988372921943665;RDF203;Electrical engineering, computer engineering, and information engineering;0.998121440410614;RDF102;Computer and information sciences;0.997398853302002
339;Characterization of lincRNA-miRNA networks (Genes, Cells and Molecules);RDF20-21;Engineering and technology;0.5279334783554077;RDF10;Natural sciences;0.11665312200784683;RDF30;Medical, health and life sciences;0.09929268807172775;RDF604;Arts (arts, history of arts, performing arts, music), architecture and design;0.9977261424064636;RDF102;Computer and information sciences;0.9942026138305664;RDF302;Clinical medicine;0.9921841025352478;RDF508;Media and communications;0.9895108938217163;RDF201;Civil engineering, maritime engineering, transport engineering, and mining engineering;0.9826743006706238
340;Rétroaction corrective écrite : à quel moment et pour qui? (Education and social work);RDF20-21;Engineering and technology;0.3789367377758026;RDF40;Agricultural and veterinary sciences;0.2020394653081894;RDF10;Natural sciences;0.15087789297103882;RDF604;Arts (arts, history of arts, performing arts, music), architecture and design;0.9964133501052856;RDF102;Computer and information sciences;0.9841850399971008;RDF105;Earth and related environmental sciences;0.9836598634719849;RDF201;Civil engineering, maritime engineering, transport engineering, and mining engineering;0.982557475566864;RDF508;Media and communications;0.9767358303070068
341;EDITH: Efficient Design for Intelligent devices exploiting emerging TecHnologies (Electrical and Computer Engineering);RDF20-21;Engineering and technology;0.39698341488838196;RDF30;Medical, health and life sciences;0.22443406283855438;RDF10;Natural sciences;0.12154696136713028;RDF203;Electrical engineering, computer engineering, and information engineering;0.9986006021499634;RDF604;Arts (arts, history of arts, performing arts, music), architecture and design;0.9982073307037354;RDF201;Civil engineering, maritime engineering, transport engineering, and mining engineering;0.9981324672698975;RDF102;Computer and information sciences;0.9964480996131897;RDF105;Earth and related environmental sciences;0.9941912889480591
342;When Pain Drives you N. U. T. S.: A mixed methods approach to investigating triggers of the stress response and multidimensional pain outcomes in a sample of individuals suffering from chronic low back pain (Psychosocial, Sociocultural & Behavioural Determinants of Health);RDF30;Medical, health and life sciences;0.3508608639240265;RDF20-21;Engineering and technology;0.2897398769855499;RDF10;Natural sciences;0.14683301746845245;RDF102;Computer and information sciences;0.9984176754951477;RDF604;Arts (arts, history of arts, performing arts, music), architecture and design;0.9983959197998047;RDF501;Psychology and cognitive sciences;0.9970934391021729;RDF601;History, archaeology and related studies;0.9969663023948669;RDF203;Electrical engineering, computer engineering, and information engineering;0.9964756369590759
343;Preclinical development of highly potent and orally bioavailable PCSK9 inhibitors for patients at high cardiovascular risk;RDF20-21;Engineering and technology;0.5361570715904236;RDF30;Medical, health and life sciences;0.18420840799808502;RDF10;Natural sciences;0.12960679829120636;RDF604;Arts (arts, history of arts, performing arts, music), architecture and design;0.9980199933052063;RDF201;Civil engineering, maritime engineering, transport engineering, and mining engineering;0.9946046471595764;RDF203;Electrical engineering, computer engineering, and information engineering;0.9937222599983215;RDF102;Computer and information sciences;0.989065945148468;RDF303;Health sciences;0.988558292388916
344;Targeting 14-3-3zeta to promote human pancreatic beta-cell proliferation (Diabetes, Obesity, Lipid & Lipoprotein Disorders);RDF20-21;Engineering and technology;0.4215143918991089;RDF10;Natural sciences;0.1606149971485138;RDF30;Medical, health and life sciences;0.15874378383159637;RDF201;Civil engineering, maritime engineering, transport engineering, and mining engineering;0.9987306594848633;RDF508;Media and communications;0.9984691739082336;RDF604;Arts (arts, history of arts, performing arts, music), architecture and design;0.9983770847320557;RDF102;Computer and information sciences;0.9977216720581055;RDF303;Health sciences;0.9961380958557129
345;Colloque scientifique annuel de l'Équipe de recherche interdisciplinaire sur les familles réfugiées et demandeuses d'asile;RDF20-21;Engineering and technology;0.41258901357650757;RDF10;Natural sciences;0.1948932558298111;RDF40;Agricultural and veterinary sciences;0.12694336473941803;RDF604;Arts (arts, history of arts, performing arts, music), architecture and design;0.9983769655227661;RDF102;Computer and information sciences;0.9953364133834839;RDF105;Earth and related environmental sciences;0.9889171719551086;RDF508;Media and communications;0.9865458607673645;RDF201;Civil engineering, maritime engineering, transport engineering, and mining engineering;0.9860039353370667
346;Machine Learning in the Presence of Model-Dependent Data (Computer Science);RDF40;Agricultural and veterinary sciences;0.23770703375339508;RDF50;Social sciences;0.221567302942276;RDF10;Natural sciences;0.2211350053548813;RDF604;Arts (arts, history of arts, performing arts, music), architecture and design;0.9991135001182556;RDF201;Civil engineering, maritime engineering, transport engineering, and mining engineering;0.9989224672317505;RDF102;Computer and information sciences;0.9986567497253418;RDF203;Electrical engineering, computer engineering, and information engineering;0.9983223080635071;RDF202;Industrial, systems and processes engineering;0.9977172017097473
347;Sustainable mobility in Canadian cities: Towards an integrated measurement and understanding of the performance of land use and transport systems and their impacts on travel behavior (Civil, Industrial and Systems Engineering);RDF20-21;Engineering and technology;0.3741788864135742;RDF30;Medical, health and life sciences;0.20185436308383942;RDF10;Natural sciences;0.15162549912929535;RDF604;Arts (arts, history of arts, performing arts, music), architecture and design;0.9987005591392517;RDF203;Electrical engineering, computer engineering, and information engineering;0.9960468411445618;RDF508;Media and communications;0.9949100613594055;RDF105;Earth and related environmental sciences;0.9941630363464355;RDF102;Computer and information sciences;0.992746114730835
348;L'enseignement de l'écriture par les enseignants de littérature et de philosophie du collégial (Education and social work);RDF40;Agricultural and veterinary sciences;0.1967439353466034;RDF10;Natural sciences;0.18518516421318054;RDF20-21;Engineering and technology;0.18410326540470123;RDF201;Civil engineering, maritime engineering, transport engineering, and mining engineering;0.9983927607536316;RDF604;Arts (arts, history of arts, performing arts, music), architecture and design;0.997908890247345;RDF102;Computer and information sciences;0.9974885582923889;RDF203;Electrical engineering, computer engineering, and information engineering;0.9942808747291565;RDF602;Languages and literature;0.9935494065284729
349;Investigating the metabolic determinants of triple-negative breast cancer progression through chromatin dependencies (Cancer Progression & Therapeutics);RDF20-21;Engineering and technology;0.40230023860931396;RDF30;Medical, health and life sciences;0.21407775580883026;RDF10;Natural sciences;0.172352597117424;RDF604;Arts (arts, history of arts, performing arts, music), architecture and design;0.9982624053955078;RDF508;Media and communications;0.9964481592178345;RDF102;Computer and information sciences;0.995833694934845;RDF303;Health sciences;0.9942809343338013;RDF202;Industrial, systems and processes engineering;0.9912038445472717
350;Modélisation et mesure des risques financiers (Mathematics and Statistics);RDF20-21;Engineering and technology;0.3397529125213623;RDF40;Agricultural and veterinary sciences;0.25595855712890625;RDF10;Natural sciences;0.2064734399318695;RDF604;Arts (arts, history of arts, performing arts, music), architecture and design;0.9971771836280823;RDF102;Computer and information sciences;0.9965704083442688;RDF201;Civil engineering, maritime engineering, transport engineering, and mining engineering;0.9929882287979126;RDF103;Physical sciences;0.9859092235565186;RDF105;Earth and related environmental sciences;0.9855383038520813
351;Ecological and evolutionary drivers of host-symbiont associations in the phyllosphere (Evolution and Ecology);RDF20-21;Engineering and technology;0.36568179726600647;RDF50;Social sciences;0.21455377340316772;RDF10;Natural sciences;0.1729046255350113;RDF604;Arts (arts, history of arts, performing arts, music), architecture and design;0.9987671971321106;RDF201;Civil engineering, maritime engineering, transport engineering, and mining engineering;0.9985105395317078;RDF508;Media and communications;0.996271014213562;RDF105;Earth and related environmental sciences;0.9956304430961609;RDF203;Electrical engineering, computer engineering, and information engineering;0.9954615831375122
352;Comment nourrir en santé toujours plus d'humains sans épuiser les ressources terrestres dans un contexte de changements climatiques ?;RDF40;Agricultural and veterinary sciences;0.26169317960739136;RDF30;Medical, health and life sciences;0.23780940473079681;RDF20-21;Engineering and technology;0.19792254269123077;RDF604;Arts (arts, history of arts, performing arts, music), architecture and design;0.9989677667617798;RDF102;Computer and information sciences;0.9978924989700317;RDF201;Civil engineering, maritime engineering, transport engineering, and mining engineering;0.9978044629096985;RDF203;Electrical engineering, computer engineering, and information engineering;0.9976994395256042;RDF508;Media and communications;0.9975079894065857
353;Applications of machine learning in finance and economics;RDF40;Agricultural and veterinary sciences;0.4870743751525879;RDF30;Medical, health and life sciences;0.1468186378479004;RDF10;Natural sciences;0.12906186282634735;RDF201;Civil engineering, maritime engineering, transport engineering, and mining engineering;0.9988304972648621;RDF604;Arts (arts, history of arts, performing arts, music), architecture and design;0.9987791776657104;RDF203;Electrical engineering, computer engineering, and information engineering;0.9981541633605957;RDF508;Media and communications;0.9981288313865662;RDF103;Physical sciences;0.997791588306427
354;Dynamic Games: Theory, Algorithms and Applications (Civil, Industrial and Systems Engineering);RDF20-21;Engineering and technology;0.357369601726532;RDF50;Social sciences;0.1979372799396515;RDF40;Agricultural and veterinary sciences;0.14439035952091217;RDF604;Arts (arts, history of arts, performing arts, music), architecture and design;0.9982826113700867;RDF203;Electrical engineering, computer engineering, and information engineering;0.9957436919212341;RDF201;Civil engineering, maritime engineering, transport engineering, and mining engineering;0.9943140745162964;RDF202;Industrial, systems and processes engineering;0.9926327466964722;RDF102;Computer and information sciences;0.992611289024353
355;In-vitro Oral, Inhalation, and Dermal Bioaccessibility and Bioavailability of Metal(loid)s from Polluted Soils and Mine Tailings;RDF10;Natural sciences;0.26801928877830505;RDF20-21;Engineering and technology;0.2473936676979065;RDF30;Medical, health and life sciences;0.22089768946170807;RDF604;Arts (arts, history of arts, performing arts, music), architecture and design;0.9984421730041504;RDF201;Civil engineering, maritime engineering, transport engineering, and mining engineering;0.9984114766120911;RDF508;Media and communications;0.9972316026687622;RDF105;Earth and related environmental sciences;0.9962855577468872;RDF303;Health sciences;0.9945412874221802
356;Electrochemical biosensors for point-of-care diagnostics (Materials and Chemical Engineering);RDF10;Natural sciences;0.3117647171020508;RDF30;Medical, health and life sciences;0.2381063848733902;RDF20-21;Engineering and technology;0.21935386955738068;RDF604;Arts (arts, history of arts, performing arts, music), architecture and design;0.997295618057251;RDF201;Civil engineering, maritime engineering, transport engineering, and mining engineering;0.9972477555274963;RDF303;Health sciences;0.9965569972991943;RDF508;Media and communications;0.9958741068840027;RDF302;Clinical medicine;0.9950467348098755
357;Look Up!: The Media Logics of Aerial Communication (Communications, media studies, gender studies, library and information science, related fields);RDF50;Social sciences;0.30736449360847473;RDF20-21;Engineering and technology;0.28649523854255676;RDF10;Natural sciences;0.18104352056980133;RDF508;Media and communications;0.9993384480476379;RDF604;Arts (arts, history of arts, performing arts, music), architecture and design;0.9986006617546082;RDF102;Computer and information sciences;0.9984781742095947;RDF201;Civil engineering, maritime engineering, transport engineering, and mining engineering;0.9969186186790466;RDF105;Earth and related environmental sciences;0.9967013597488403
358;Expectation Formation, Excess Currency Returns, and Foreign Exchange Interventions;RDF40;Agricultural and veterinary sciences;0.31582796573638916;RDF20-21;Engineering and technology;0.19725444912910461;RDF50;Social sciences;0.18314456939697266;RDF604;Arts (arts, history of arts, performing arts, music), architecture and design;0.9989758133888245;RDF508;Media and communications;0.9984811544418335;RDF201;Civil engineering, maritime engineering, transport engineering, and mining engineering;0.9975608587265015;RDF203;Electrical engineering, computer engineering, and information engineering;0.997188150882721;RDF202;Industrial, systems and processes engineering;0.9950370788574219
359;Études génétiques et moléculaires de la fonction des Polycomb dans la formation et le maintien de la stabilité de l'hétérochromatine (Genes, Cells and Molecules);RDF20-21;Engineering and technology;0.29443925619125366;RDF10;Natural sciences;0.2782255709171295;RDF50;Social sciences;0.19461247324943542;RDF102;Computer and information sciences;0.9990130662918091;RDF604;Arts (arts, history of arts, performing arts, music), architecture and design;0.9984870553016663;RDF302;Clinical medicine;0.998217761516571;RDF303;Health sciences;0.998084545135498;RDF105;Earth and related environmental sciences;0.9977038502693176
360;Bringing the quantum revolution to fruition (Computer Science);RDF30;Medical, health and life sciences;0.20647768676280975;RDF40;Agricultural and veterinary sciences;0.1932116150856018;RDF50;Social sciences;0.19133397936820984;RDF203;Electrical engineering, computer engineering, and information engineering;0.9990453124046326;RDF201;Civil engineering, maritime engineering, transport engineering, and mining engineering;0.9990321397781372;RDF604;Arts (arts, history of arts, performing arts, music), architecture and design;0.9989474415779114;RDF102;Computer and information sciences;0.9985017776489258;RDF508;Media and communications;0.9984722137451172
361;Apprentissage automatique et optimisation pour les graphes et réseaux (Civil, Industrial and Systems Engineering);RDF40;Agricultural and veterinary sciences;0.3108498156070709;RDF20-21;Engineering and technology;0.20465818047523499;RDF50;Social sciences;0.17133261263370514;RDF203;Electrical engineering, computer engineering, and information engineering;0.9985277652740479;RDF604;Arts (arts, history of arts, performing arts, music), architecture and design;0.9983707070350647;RDF102;Computer and information sciences;0.9978510141372681;RDF201;Civil engineering, maritime engineering, transport engineering, and mining engineering;0.9949297904968262;RDF105;Earth and related environmental sciences;0.9934991002082825
362;Thanatographies: (re)penser la mort en littérature;RDF50;Social sciences;0.1971915364265442;RDF40;Agricultural and veterinary sciences;0.18524429202079773;RDF30;Medical, health and life sciences;0.17954492568969727;RDF604;Arts (arts, history of arts, performing arts, music), architecture and design;0.9982691407203674;RDF508;Media and communications;0.9971495866775513;RDF201;Civil engineering, maritime engineering, transport engineering, and mining engineering;0.9882901906967163;RDF202;Industrial, systems and processes engineering;0.9823216795921326;RDF105;Earth and related environmental sciences;0.9806548953056335
363;Mechanisms of assembly and function of the septin cytoskeleton in Drosophila (Genes, Cells and Molecules);RDF20-21;Engineering and technology;0.39161762595176697;RDF10;Natural sciences;0.23022012412548065;RDF50;Social sciences;0.1255357563495636;RDF604;Arts (arts, history of arts, performing arts, music), architecture and design;0.9982522130012512;RDF201;Civil engineering, maritime engineering, transport engineering, and mining engineering;0.9960160255432129;RDF102;Computer and information sciences;0.9959535598754883;RDF302;Clinical medicine;0.9953544735908508;RDF103;Physical sciences;0.9951515197753906
364;Propagating Marginal Probability Mass Functions in Constraint Programming Solvers: Challenges and Opportunities;RDF20-21;Engineering and technology;0.4388837218284607;RDF40;Agricultural and veterinary sciences;0.21473200619220734;RDF10;Natural sciences;0.09937325119972229;RDF604;Arts (arts, history of arts, performing arts, music), architecture and design;0.9985046982765198;RDF102;Computer and information sciences;0.9958900809288025;RDF508;Media and communications;0.9947798252105713;RDF203;Electrical engineering, computer engineering, and information engineering;0.9915051460266113;RDF201;Civil engineering, maritime engineering, transport engineering, and mining engineering;0.9878175854682922
365;Magnetic resonance navigation of drug eluting beads for liver cancer therapy: in-vitro optimization and preclinical safety efficacy study (Medical Physics & Imaging);RDF20-21;Engineering and technology;0.46878084540367126;RDF30;Medical, health and life sciences;0.20924268662929535;RDF10;Natural sciences;0.1908901035785675;RDF604;Arts (arts, history of arts, performing arts, music), architecture and design;0.9971936345100403;RDF102;Computer and information sciences;0.9963358044624329;RDF302;Clinical medicine;0.996115505695343;RDF508;Media and communications;0.9948703646659851;RDF103;Physical sciences;0.9919847249984741
366;Robotic Perception in Extreme Environments (Electrical and Computer Engineering);RDF20-21;Engineering and technology;0.25697675347328186;RDF40;Agricultural and veterinary sciences;0.20447996258735657;RDF30;Medical, health and life sciences;0.20209769904613495;RDF203;Electrical engineering, computer engineering, and information engineering;0.9993893504142761;RDF508;Media and communications;0.9993135333061218;RDF604;Arts (arts, history of arts, performing arts, music), architecture and design;0.99891197681427;RDF201;Civil engineering, maritime engineering, transport engineering, and mining engineering;0.9979731440544128;RDF202;Industrial, systems and processes engineering;0.9970934987068176
367;Modular and Lifelong Learning for Developing General Purpose Robotic Agents (Computer Science);RDF10;Natural sciences;0.23325616121292114;RDF20-21;Engineering and technology;0.2247588336467743;RDF30;Medical, health and life sciences;0.17919336259365082;RDF203;Electrical engineering, computer engineering, and information engineering;0.9982419610023499;RDF102;Computer and information sciences;0.9981433153152466;RDF604;Arts (arts, history of arts, performing arts, music), architecture and design;0.9981141090393066;RDF508;Media and communications;0.9972903728485107;RDF201;Civil engineering, maritime engineering, transport engineering, and mining engineering;0.996714174747467
368;Algorithmic Fairness in Black-box Machine Learning Models (Computer Science);RDF20-21;Engineering and technology;0.27843859791755676;RDF50;Social sciences;0.2185489684343338;RDF10;Natural sciences;0.19024984538555145;RDF604;Arts (arts, history of arts, performing arts, music), architecture and design;0.9987056851387024;RDF508;Media and communications;0.9984899759292603;RDF102;Computer and information sciences;0.9982725381851196;RDF203;Electrical engineering, computer engineering, and information engineering;0.9975751042366028;RDF201;Civil engineering, maritime engineering, transport engineering, and mining engineering;0.9967522621154785
369;Sex- and hormone-dependent recruitment of inhibitory neurons in rodent sensory cortex (Genes, Cells and Molecules);RDF20-21;Engineering and technology;0.381668359041214;RDF10;Natural sciences;0.24835632741451263;RDF50;Social sciences;0.11939563602209091;RDF604;Arts (arts, history of arts, performing arts, music), architecture and design;0.998248815536499;RDF102;Computer and information sciences;0.9980506300926208;RDF201;Civil engineering, maritime engineering, transport engineering, and mining engineering;0.9961977601051331;RDF203;Electrical engineering, computer engineering, and information engineering;0.9960237741470337;RDF202;Industrial, systems and processes engineering;0.9959456920623779
370;Investigating the Adamts19-dependent mechanisms that regulate valve maturation (Developmental Biology);RDF20-21;Engineering and technology;0.4058092534542084;RDF10;Natural sciences;0.20128290355205536;RDF30;Medical, health and life sciences;0.13500304520130157;RDF604;Arts (arts, history of arts, performing arts, music), architecture and design;0.9985392689704895;RDF508;Media and communications;0.9955403208732605;RDF102;Computer and information sciences;0.9918988943099976;RDF105;Earth and related environmental sciences;0.990532636642456;RDF202;Industrial, systems and processes engineering;0.9902445077896118
371;Social Innovation Processes in and around Multinational Companies: The Role of Social Activists and their Transnational Networks (Social Innovation);RDF40;Agricultural and veterinary sciences;0.298642635345459;RDF10;Natural sciences;0.223236545920372;RDF20-21;Engineering and technology;0.20286259055137634;RDF604;Arts (arts, history of arts, performing arts, music), architecture and design;0.999173641204834;RDF201;Civil engineering, maritime engineering, transport engineering, and mining engineering;0.9984238147735596;RDF102;Computer and information sciences;0.9978719353675842;RDF203;Electrical engineering, computer engineering, and information engineering;0.9973580241203308;RDF302;Clinical medicine;0.9965300559997559
372;Regulation of collective cell migration by the kinase Misshapen (Cell and Developmental Physiology);RDF10;Natural sciences;0.2966495454311371;RDF20-21;Engineering and technology;0.2792212665081024;RDF30;Medical, health and life sciences;0.1358160525560379;RDF604;Arts (arts, history of arts, performing arts, music), architecture and design;0.9982073903083801;RDF201;Civil engineering, maritime engineering, transport engineering, and mining engineering;0.9979169964790344;RDF102;Computer and information sciences;0.9973989129066467;RDF302;Clinical medicine;0.9967962503433228;RDF202;Industrial, systems and processes engineering;0.9962854981422424
373;COHESION Study 2.0: COvid-19, HEalth and Social InteractiOn in Neighbourhoods;RDF10;Natural sciences;0.23452870547771454;RDF20-21;Engineering and technology;0.2216140329837799;RDF40;Agricultural and veterinary sciences;0.18052318692207336;RDF604;Arts (arts, history of arts, performing arts, music), architecture and design;0.9988905191421509;RDF201;Civil engineering, maritime engineering, transport engineering, and mining engineering;0.9987106919288635;RDF102;Computer and information sciences;0.998472273349762;RDF203;Electrical engineering, computer engineering, and information engineering;0.9977656602859497;RDF508;Media and communications;0.9971826672554016
374;Breaking silos: Integrating software development and operations activities in organizations;RDF40;Agricultural and veterinary sciences;0.4138168692588806;RDF20-21;Engineering and technology;0.19547323882579803;RDF30;Medical, health and life sciences;0.18184559047222137;RDF604;Arts (arts, history of arts, performing arts, music), architecture and design;0.998275876045227;RDF508;Media and communications;0.996720552444458;RDF203;Electrical engineering, computer engineering, and information engineering;0.9957766532897949;RDF201;Civil engineering, maritime engineering, transport engineering, and mining engineering;0.9939024448394775;RDF102;Computer and information sciences;0.9931958913803101
375;Differential impact of stress on risk-taking behaviour in individuals using hippocampus versus caudate nucleus-dependent virtual navigation strategies (Biological Systems and Functions);RDF10;Natural sciences;0.246074840426445;RDF50;Social sciences;0.21801020205020905;RDF20-21;Engineering and technology;0.18286728858947754;RDF604;Arts (arts, history of arts, performing arts, music), architecture and design;0.9980581998825073;RDF103;Physical sciences;0.9974689483642578;RDF203;Electrical engineering, computer engineering, and information engineering;0.9964756369590759;RDF102;Computer and information sciences;0.9963071346282959;RDF302;Clinical medicine;0.9949396848678589
376;Gas phase activation of monosaccharides and 5-hydroxymethylfurfural to 2,5 diformylfuran a PEF monomer (Materials and Chemical Engineering);RDF20-21;Engineering and technology;0.5295055508613586;RDF10;Natural sciences;0.16775920987129211;RDF50;Social sciences;0.1022491455078125;RDF604;Arts (arts, history of arts, performing arts, music), architecture and design;0.9968335032463074;RDF201;Civil engineering, maritime engineering, transport engineering, and mining engineering;0.9894804358482361;RDF303;Health sciences;0.9885914325714111;RDF302;Clinical medicine;0.9871416091918945;RDF104;Chemical sciences;0.9783846139907837
377;Critical Edition, Translation and Study of Isaac ibn Latif's Commentary on Ecclesiastes (ca. 1240) (Philosophy, medieval studies, classics, religious);RDF20-21;Engineering and technology;0.34904757142066956;RDF60;Humanities and the arts;0.3196791112422943;RDF10;Natural sciences;0.12715955078601837;RDF604;Arts (arts, history of arts, performing arts, music), architecture and design;0.9981251358985901;RDF601;History, archaeology and related studies;0.9975079894065857;RDF105;Earth and related environmental sciences;0.9925537705421448;RDF201;Civil engineering, maritime engineering, transport engineering, and mining engineering;0.9922745227813721;RDF102;Computer and information sciences;0.9883913993835449
378;Sound Art Documentation : Spatial Audio and Significant Knowledge (Communications, media studies, gender studies, library and information science, related fields);RDF20-21;Engineering and technology;0.25601673126220703;RDF50;Social sciences;0.22770600020885468;RDF40;Agricultural and veterinary sciences;0.20571522414684296;RDF508;Media and communications;0.9989797472953796;RDF604;Arts (arts, history of arts, performing arts, music), architecture and design;0.998504638671875;RDF102;Computer and information sciences;0.9981287717819214;RDF201;Civil engineering, maritime engineering, transport engineering, and mining engineering;0.9976949095726013;RDF203;Electrical engineering, computer engineering, and information engineering;0.9966819882392883
379;Inter-Brain Synchronization: from Measurements to Mechanisms (Biological Systems and Functions);RDF50;Social sciences;0.23365385830402374;RDF20-21;Engineering and technology;0.21357692778110504;RDF10;Natural sciences;0.17061126232147217;RDF604;Arts (arts, history of arts, performing arts, music), architecture and design;0.9989616870880127;RDF102;Computer and information sciences;0.9973785877227783;RDF203;Electrical engineering, computer engineering, and information engineering;0.9947083592414856;RDF201;Civil engineering, maritime engineering, transport engineering, and mining engineering;0.9946568012237549;RDF204;Mechanical engineering;0.9939143061637878
380;Endothelial cell genetics and blood pressure regulation (Genetics);RDF10;Natural sciences;0.28870683908462524;RDF20-21;Engineering and technology;0.2649322748184204;RDF50;Social sciences;0.1648217886686325;RDF604;Arts (arts, history of arts, performing arts, music), architecture and design;0.9991671442985535;RDF201;Civil engineering, maritime engineering, transport engineering, and mining engineering;0.9989535808563232;RDF508;Media and communications;0.9983385801315308;RDF202;Industrial, systems and processes engineering;0.9975273609161377;RDF105;Earth and related environmental sciences;0.9951890110969543
381;ImproviNg rEnal outcomes following coronary angiograPhy and/or percuTaneoUs coroNary intErventions: a pragmatic, adaptive, patient-oriented randomized controlled trial;RDF20-21;Engineering and technology;0.2825782001018524;RDF10;Natural sciences;0.241230309009552;RDF30;Medical, health and life sciences;0.22529096901416779;RDF201;Civil engineering, maritime engineering, transport engineering, and mining engineering;0.9988575577735901;RDF604;Arts (arts, history of arts, performing arts, music), architecture and design;0.9987934231758118;RDF102;Computer and information sciences;0.9982692003250122;RDF203;Electrical engineering, computer engineering, and information engineering;0.9978129863739014;RDF302;Clinical medicine;0.9976586699485779
382;Machine Learning with Tensor Networks (Computer Science);RDF40;Agricultural and veterinary sciences;0.3423871099948883;RDF20-21;Engineering and technology;0.18908411264419556;RDF50;Social sciences;0.1675192415714264;RDF604;Arts (arts, history of arts, performing arts, music), architecture and design;0.9987599849700928;RDF508;Media and communications;0.9986114501953125;RDF102;Computer and information sciences;0.9981030821800232;RDF201;Civil engineering, maritime engineering, transport engineering, and mining engineering;0.9969484806060791;RDF202;Industrial, systems and processes engineering;0.9963571429252625
383;Elucidation of novel intracellular signaling mechanisms underlying uterine function and disease in cows (Biological Systems and Functions);RDF20-21;Engineering and technology;0.3568510115146637;RDF30;Medical, health and life sciences;0.19344894587993622;RDF60;Humanities and the arts;0.14404010772705078;RDF604;Arts (arts, history of arts, performing arts, music), architecture and design;0.9984360933303833;RDF508;Media and communications;0.9966561198234558;RDF102;Computer and information sciences;0.9914721846580505;RDF105;Earth and related environmental sciences;0.9902255535125732;RDF103;Physical sciences;0.9889705181121826
384;Data extraction from videos for the analysis of behaviors in urban scenes (Computer Science);RDF10;Natural sciences;0.27705493569374084;RDF20-21;Engineering and technology;0.24070949852466583;RDF30;Medical, health and life sciences;0.2066955715417862;RDF604;Arts (arts, history of arts, performing arts, music), architecture and design;0.9986276626586914;RDF508;Media and communications;0.9981141090393066;RDF102;Computer and information sciences;0.9977786540985107;RDF201;Civil engineering, maritime engineering, transport engineering, and mining engineering;0.9972316026687622;RDF203;Electrical engineering, computer engineering, and information engineering;0.9933459758758545
385;Inflammatory phenotype, senescence, and viscoelasticity imaging of macrophages in HIV (Medical Physics & Imaging);RDF20-21;Engineering and technology;0.38876134157180786;RDF30;Medical, health and life sciences;0.21764981746673584;RDF10;Natural sciences;0.18689438700675964;RDF604;Arts (arts, history of arts, performing arts, music), architecture and design;0.9979048371315002;RDF201;Civil engineering, maritime engineering, transport engineering, and mining engineering;0.995372474193573;RDF202;Industrial, systems and processes engineering;0.9944126009941101;RDF302;Clinical medicine;0.9943908452987671;RDF102;Computer and information sciences;0.9937949180603027
386;Optimization algorithms for rich vehicle routing problems;RDF40;Agricultural and veterinary sciences;0.3514956831932068;RDF20-21;Engineering and technology;0.2852063775062561;RDF50;Social sciences;0.1863137036561966;RDF604;Arts (arts, history of arts, performing arts, music), architecture and design;0.9988440871238708;RDF102;Computer and information sciences;0.9925609827041626;RDF203;Electrical engineering, computer engineering, and information engineering;0.9917163848876953;RDF508;Media and communications;0.9866490960121155;RDF103;Physical sciences;0.9770225882530212
387;Investigating the Innovation Process in Long-Term Care Facilities: A Research Project on the Adoption, Implementation and Assimilation of Health IT;RDF20-21;Engineering and technology;0.2517864406108856;RDF10;Natural sciences;0.25129514932632446;RDF30;Medical, health and life sciences;0.21620725095272064;RDF604;Arts (arts, history of arts, performing arts, music), architecture and design;0.9990673661231995;RDF102;Computer and information sciences;0.9989098310470581;RDF303;Health sciences;0.997478723526001;RDF203;Electrical engineering, computer engineering, and information engineering;0.9971936345100403;RDF103;Physical sciences;0.9967269897460938
388;KBTBD4 determines key epigenetic marks that govern human hematopoietic stem cell self-renewal (Genetics);RDF20-21;Engineering and technology;0.6155072450637817;RDF10;Natural sciences;0.13922880589962006;RDF30;Medical, health and life sciences;0.07349391281604767;RDF604;Arts (arts, history of arts, performing arts, music), architecture and design;0.9950945973396301;RDF508;Media and communications;0.9820998311042786;RDF201;Civil engineering, maritime engineering, transport engineering, and mining engineering;0.9795114994049072;RDF103;Physical sciences;0.9734686613082886;RDF105;Earth and related environmental sciences;0.9581282734870911
389;Representation learning and exploration of data geometries (Computer Science);RDF10;Natural sciences;0.21761785447597504;RDF50;Social sciences;0.21133482456207275;RDF40;Agricultural and veterinary sciences;0.19891883432865143;RDF604;Arts (arts, history of arts, performing arts, music), architecture and design;0.998553454875946;RDF201;Civil engineering, maritime engineering, transport engineering, and mining engineering;0.998357892036438;RDF102;Computer and information sciences;0.9973887205123901;RDF508;Media and communications;0.9968519806861877;RDF103;Physical sciences;0.9943030476570129
390;Vitamin K1 supplementation to improve cognition of patients with coronary heart disease: a randomized controlled pilot study;RDF20-21;Engineering and technology;0.27013644576072693;RDF30;Medical, health and life sciences;0.2346986085176468;RDF10;Natural sciences;0.2067166417837143;RDF604;Arts (arts, history of arts, performing arts, music), architecture and design;0.9990187883377075;RDF508;Media and communications;0.9981684684753418;RDF103;Physical sciences;0.9976948499679565;RDF302;Clinical medicine;0.9971439838409424;RDF102;Computer and information sciences;0.9971383810043335
391;Simulation of physical processes with Monte Carlo methods in the keV and MeV energy range (Physics);RDF20-21;Engineering and technology;0.4456784129142761;RDF40;Agricultural and veterinary sciences;0.14928355813026428;RDF10;Natural sciences;0.1235189437866211;RDF604;Arts (arts, history of arts, performing arts, music), architecture and design;0.9985702633857727;RDF201;Civil engineering, maritime engineering, transport engineering, and mining engineering;0.9973008632659912;RDF203;Electrical engineering, computer engineering, and information engineering;0.9969186186790466;RDF103;Physical sciences;0.9949397444725037;RDF102;Computer and information sciences;0.9928439259529114
392;Characterizing and targeting lipocalin-type prostaglandin D2 synthase in osteoarthritis (Clinical Investigation – Arthritis, Bone, Skin and Cartilage);RDF20-21;Engineering and technology;0.5098125338554382;RDF30;Medical, health and life sciences;0.1969345062971115;RDF10;Natural sciences;0.14393973350524902;RDF604;Arts (arts, history of arts, performing arts, music), architecture and design;0.9964618682861328;RDF302;Clinical medicine;0.9936487674713135;RDF102;Computer and information sciences;0.9889278411865234;RDF105;Earth and related environmental sciences;0.9860174059867859;RDF201;Civil engineering, maritime engineering, transport engineering, and mining engineering;0.9852572083473206
393;3D Bioprinting of Cardiac Tissues (Materials and Chemical Engineering);RDF30;Medical, health and life sciences;0.2931843400001526;RDF20-21;Engineering and technology;0.2552209496498108;RDF10;Natural sciences;0.18929404020309448;RDF604;Arts (arts, history of arts, performing arts, music), architecture and design;0.9986827373504639;RDF508;Media and communications;0.9982692003250122;RDF201;Civil engineering, maritime engineering, transport engineering, and mining engineering;0.9942474365234375;RDF302;Clinical medicine;0.9842910766601562;RDF303;Health sciences;0.9831499457359314
394;Fiscal Policy Spillovers and Inter-Sectoral Linkages: Theory and Evidence;RDF20-21;Engineering and technology;0.30955302715301514;RDF40;Agricultural and veterinary sciences;0.21694864332675934;RDF10;Natural sciences;0.1892259567975998;RDF604;Arts (arts, history of arts, performing arts, music), architecture and design;0.9987886548042297;RDF201;Civil engineering, maritime engineering, transport engineering, and mining engineering;0.9958980679512024;RDF203;Electrical engineering, computer engineering, and information engineering;0.994929850101471;RDF102;Computer and information sciences;0.9937708973884583;RDF508;Media and communications;0.9937222599983215
395;Advanced Distributed Decision-making framework for Smart grid aggregators (Electrical and Computer Engineering);RDF20-21;Engineering and technology;0.45939522981643677;RDF10;Natural sciences;0.15297913551330566;RDF30;Medical, health and life sciences;0.1494353711605072;RDF604;Arts (arts, history of arts, performing arts, music), architecture and design;0.998492956161499;RDF203;Electrical engineering, computer engineering, and information engineering;0.9982143044471741;RDF105;Earth and related environmental sciences;0.9942474365234375;RDF201;Civil engineering, maritime engineering, transport engineering, and mining engineering;0.9933330416679382;RDF601;History, archaeology and related studies;0.9923267364501953
396;Constitutional Legacies of the Judicial Committee of the Privy Council (Law and criminology);RDF20-21;Engineering and technology;0.32457056641578674;RDF10;Natural sciences;0.28643253445625305;RDF40;Agricultural and veterinary sciences;0.1674012392759323;RDF604;Arts (arts, history of arts, performing arts, music), architecture and design;0.9983158111572266;RDF201;Civil engineering, maritime engineering, transport engineering, and mining engineering;0.9971826076507568;RDF203;Electrical engineering, computer engineering, and information engineering;0.9944342970848083;RDF202;Industrial, systems and processes engineering;0.9923341274261475;RDF102;Computer and information sciences;0.9913892149925232
397;Developing frameworks for climate positive design: Case Study of extraction and processing industries in Nova Scotia and Quebec (Geography, urban planning and related fields);RDF20-21;Engineering and technology;0.5345894694328308;RDF10;Natural sciences;0.15496787428855896;RDF30;Medical, health and life sciences;0.1219925507903099;RDF604;Arts (arts, history of arts, performing arts, music), architecture and design;0.9973477125167847;RDF102;Computer and information sciences;0.9951231479644775;RDF201;Civil engineering, maritime engineering, transport engineering, and mining engineering;0.9917323589324951;RDF203;Electrical engineering, computer engineering, and information engineering;0.9902350306510925;RDF105;Earth and related environmental sciences;0.9809491038322449
398;Re-Imagining Illness: The British Woman Writer's Medical Knowledge, 1660-1820 (Literature);RDF30;Medical, health and life sciences;0.23867598176002502;RDF20-21;Engineering and technology;0.23088131844997406;RDF10;Natural sciences;0.20020176470279694;RDF604;Arts (arts, history of arts, performing arts, music), architecture and design;0.9980807304382324;RDF302;Clinical medicine;0.9962638020515442;RDF102;Computer and information sciences;0.9951419830322266;RDF201;Civil engineering, maritime engineering, transport engineering, and mining engineering;0.9947697520256042;RDF508;Media and communications;0.99318927526474
399;Regulation of thymic selection thresholds and their role in establishing T cell function (Immunology & Transplantation);RDF10;Natural sciences;0.2824918329715729;RDF20-21;Engineering and technology;0.26434192061424255;RDF30;Medical, health and life sciences;0.18671569228172302;RDF604;Arts (arts, history of arts, performing arts, music), architecture and design;0.9989182949066162;RDF201;Civil engineering, maritime engineering, transport engineering, and mining engineering;0.9986356496810913;RDF102;Computer and information sciences;0.998542070388794;RDF203;Electrical engineering, computer engineering, and information engineering;0.9980807304382324;RDF508;Media and communications;0.997961163520813
400;Viral Conjunctures: Pandemics and Planetary Health Narratives (Literature);RDF20-21;Engineering and technology;0.30099672079086304;RDF30;Medical, health and life sciences;0.21469292044639587;RDF10;Natural sciences;0.1561550498008728;RDF508;Media and communications;0.998977780342102;RDF604;Arts (arts, history of arts, performing arts, music), architecture and design;0.9987767934799194;RDF201;Civil engineering, maritime engineering, transport engineering, and mining engineering;0.9979089498519897;RDF102;Computer and information sciences;0.9974141120910645;RDF202;Industrial, systems and processes engineering;0.9956005811691284
401;Companies and States: The Compagnie des Indes occidentales and the Reconfiguration of Authority in the French Atlantic, 1664-1674 (History);RDF20-21;Engineering and technology;0.3748915195465088;RDF10;Natural sciences;0.2318679243326187;RDF40;Agricultural and veterinary sciences;0.16848251223564148;RDF604;Arts (arts, history of arts, performing arts, music), architecture and design;0.998451292514801;RDF201;Civil engineering, maritime engineering, transport engineering, and mining engineering;0.9975080490112305;RDF102;Computer and information sciences;0.9960545897483826;RDF203;Electrical engineering, computer engineering, and information engineering;0.9949788451194763;RDF202;Industrial, systems and processes engineering;0.9942250847816467
402;Produits sanguins provenant de don de sang d'hommes ayant des relations sexuelles avec d'autres hommes (Étude PS-HARSAH) (Public, Community & Population Health);RDF10;Natural sciences;0.3059757649898529;RDF20-21;Engineering and technology;0.2885626554489136;RDF30;Medical, health and life sciences;0.14970432221889496;RDF604;Arts (arts, history of arts, performing arts, music), architecture and design;0.9988282322883606;RDF102;Computer and information sciences;0.9986168742179871;RDF105;Earth and related environmental sciences;0.9979651570320129;RDF201;Civil engineering, maritime engineering, transport engineering, and mining engineering;0.9973836541175842;RDF103;Physical sciences;0.996726930141449
403;Manipulating cytokine pathways to increase T cell stemness during chronic antigen exposure (Immunology & Transplantation);RDF20-21;Engineering and technology;0.41198477149009705;RDF10;Natural sciences;0.22486892342567444;RDF30;Medical, health and life sciences;0.16008004546165466;RDF604;Arts (arts, history of arts, performing arts, music), architecture and design;0.9982003569602966;RDF508;Media and communications;0.9971439838409424;RDF201;Civil engineering, maritime engineering, transport engineering, and mining engineering;0.9963994026184082;RDF202;Industrial, systems and processes engineering;0.9961978197097778;RDF105;Earth and related environmental sciences;0.9957766532897949
404;Sexual dimorphism and menopause in the interaction between immune cells and neurovascular coupling (Cardiovascular System – Vascular System);RDF10;Natural sciences;0.2979229688644409;RDF20-21;Engineering and technology;0.21839123964309692;RDF50;Social sciences;0.19235354661941528;RDF604;Arts (arts, history of arts, performing arts, music), architecture and design;0.998932957649231;RDF201;Civil engineering, maritime engineering, transport engineering, and mining engineering;0.998454213142395;RDF203;Electrical engineering, computer engineering, and information engineering;0.9980238676071167;RDF102;Computer and information sciences;0.9980238080024719;RDF202;Industrial, systems and processes engineering;0.9977656602859497
405;Novel Synthetic Methodologies Exploiting Nitrogen-Containing Molecules (Chemistry);RDF20-21;Engineering and technology;0.3504595458507538;RDF30;Medical, health and life sciences;0.18110719323158264;RDF10;Natural sciences;0.17485076189041138;RDF508;Media and communications;0.9988686442375183;RDF604;Arts (arts, history of arts, performing arts, music), architecture and design;0.9985786080360413;RDF303;Health sciences;0.9973580837249756;RDF302;Clinical medicine;0.9970420598983765;RDF201;Civil engineering, maritime engineering, transport engineering, and mining engineering;0.9968519806861877
406;Towards Systematic and Cost-Effective Monitoring of Large-Scale Software Systems (Computer Science);RDF40;Agricultural and veterinary sciences;0.2933385670185089;RDF20-21;Engineering and technology;0.21169689297676086;RDF10;Natural sciences;0.1704358011484146;RDF604;Arts (arts, history of arts, performing arts, music), architecture and design;0.9984602928161621;RDF102;Computer and information sciences;0.9973165392875671;RDF103;Physical sciences;0.9972637891769409;RDF203;Electrical engineering, computer engineering, and information engineering;0.9965435862541199;RDF201;Civil engineering, maritime engineering, transport engineering, and mining engineering;0.9957930445671082
407;From examples to knowledge to software engineering support and automation (Computer Science);RDF20-21;Engineering and technology;0.32100337743759155;RDF40;Agricultural and veterinary sciences;0.2689952850341797;RDF10;Natural sciences;0.12148270756006241;RDF604;Arts (arts, history of arts, performing arts, music), architecture and design;0.9979372620582581;RDF102;Computer and information sciences;0.9932353496551514;RDF201;Civil engineering, maritime engineering, transport engineering, and mining engineering;0.99156254529953;RDF601;History, archaeology and related studies;0.9896618723869324;RDF203;Electrical engineering, computer engineering, and information engineering;0.9877469539642334
408;B cell intrinsic mechanisms of the germinal centre reaction (Immunology & Transplantation);RDF10;Natural sciences;0.29586681723594666;RDF20-21;Engineering and technology;0.21688398718833923;RDF50;Social sciences;0.16629071533679962;RDF604;Arts (arts, history of arts, performing arts, music), architecture and design;0.9988774657249451;RDF201;Civil engineering, maritime engineering, transport engineering, and mining engineering;0.9970478415489197;RDF202;Industrial, systems and processes engineering;0.9960159659385681;RDF102;Computer and information sciences;0.9953362941741943;RDF105;Earth and related environmental sciences;0.9951089024543762
409;Modifications of newly synthesized histones and the cellular response to DNA replication stress (Genes, Cells and Molecules);RDF20-21;Engineering and technology;0.31239405274391174;RDF10;Natural sciences;0.21681208908557892;RDF30;Medical, health and life sciences;0.16270221769809723;RDF604;Arts (arts, history of arts, performing arts, music), architecture and design;0.9990889430046082;RDF201;Civil engineering, maritime engineering, transport engineering, and mining engineering;0.998932957649231;RDF302;Clinical medicine;0.9980544447898865;RDF102;Computer and information sciences;0.9980391263961792;RDF303;Health sciences;0.9976494908332825
410;Innovative Compressor/Fan Technologies for Reduction of Fossil Fuel Consumption;RDF20-21;Engineering and technology;0.3487413823604584;RDF40;Agricultural and veterinary sciences;0.24729467928409576;RDF50;Social sciences;0.1258133351802826;RDF508;Media and communications;0.9992861747741699;RDF604;Arts (arts, history of arts, performing arts, music), architecture and design;0.9990092515945435;RDF203;Electrical engineering, computer engineering, and information engineering;0.9978510737419128;RDF102;Computer and information sciences;0.9972208142280579;RDF202;Industrial, systems and processes engineering;0.9969663023948669
411;Exploring ancestry in Montréal's Notre-Dame Cemetery (1691-1797), using 3D morphometrics and ancient DNA (Multidisciplinary or interdisciplinary humanities);RDF20-21;Engineering and technology;0.4377714991569519;RDF60;Humanities and the arts;0.1674625128507614;RDF50;Social sciences;0.13614606857299805;RDF604;Arts (arts, history of arts, performing arts, music), architecture and design;0.9962272644042969;RDF508;Media and communications;0.9869794845581055;RDF601;History, archaeology and related studies;0.9847524166107178;RDF105;Earth and related environmental sciences;0.9824568033218384;RDF202;Industrial, systems and processes engineering;0.9791557192802429
412;Individual differences in natural scene semantics investigated with machine learning and neuroimaging (Biological Systems and Functions);RDF10;Natural sciences;0.275415301322937;RDF20-21;Engineering and technology;0.2369595617055893;RDF50;Social sciences;0.1793912649154663;RDF604;Arts (arts, history of arts, performing arts, music), architecture and design;0.9983738660812378;RDF102;Computer and information sciences;0.9971495866775513;RDF201;Civil engineering, maritime engineering, transport engineering, and mining engineering;0.9946150183677673;RDF105;Earth and related environmental sciences;0.991692304611206;RDF103;Physical sciences;0.9890342950820923
413;The Climate Crisis and the Future of Work;RDF40;Agricultural and veterinary sciences;0.4355059564113617;RDF30;Medical, health and life sciences;0.15528441965579987;RDF10;Natural sciences;0.14389540255069733;RDF508;Media and communications;0.9992861747741699;RDF604;Arts (arts, history of arts, performing arts, music), architecture and design;0.9992706775665283;RDF203;Electrical engineering, computer engineering, and information engineering;0.9992415904998779;RDF201;Civil engineering, maritime engineering, transport engineering, and mining engineering;0.9992282390594482;RDF204;Mechanical engineering;0.9985951781272888
414;Grid Transition: New Generation Methodologies and Tools for Reliable Protection;RDF40;Agricultural and veterinary sciences;0.42144492268562317;RDF30;Medical, health and life sciences;0.1643967628479004;RDF20-21;Engineering and technology;0.1485200971364975;RDF604;Arts (arts, history of arts, performing arts, music), architecture and design;0.9991880059242249;RDF203;Electrical engineering, computer engineering, and information engineering;0.9991204142570496;RDF508;Media and communications;0.9987503290176392;RDF102;Computer and information sciences;0.9987453818321228;RDF201;Civil engineering, maritime engineering, transport engineering, and mining engineering;0.9973374009132385
415;Art-thérapie et réadaptation: une perspective transdisciplinaire;RDF30;Medical, health and life sciences;0.22149139642715454;RDF40;Agricultural and veterinary sciences;0.21134856343269348;RDF50;Social sciences;0.19432350993156433;RDF508;Media and communications;0.9991589784622192;RDF604;Arts (arts, history of arts, performing arts, music), architecture and design;0.9991047978401184;RDF201;Civil engineering, maritime engineering, transport engineering, and mining engineering;0.9979048371315002;RDF501;Psychology and cognitive sciences;0.997617244720459;RDF202;Industrial, systems and processes engineering;0.9966168403625488
416;Optimization and game dynamics in machine learning (Computer Science);RDF50;Social sciences;0.2397845983505249;RDF40;Agricultural and veterinary sciences;0.2305985987186432;RDF30;Medical, health and life sciences;0.17715173959732056;RDF201;Civil engineering, maritime engineering, transport engineering, and mining engineering;0.9987305998802185;RDF604;Arts (arts, history of arts, performing arts, music), architecture and design;0.9986541271209717;RDF102;Computer and information sciences;0.9982826113700867;RDF203;Electrical engineering, computer engineering, and information engineering;0.9976449012756348;RDF103;Physical sciences;0.9966299533843994
417;Développement et validation d'un outil sur le climat de genre tel que perçu par les élèves des écoles secondaires (Education and social work);RDF20-21;Engineering and technology;0.444587767124176;RDF10;Natural sciences;0.18174710869789124;RDF40;Agricultural and veterinary sciences;0.13718990981578827;RDF604;Arts (arts, history of arts, performing arts, music), architecture and design;0.9976311326026917;RDF102;Computer and information sciences;0.9954172968864441;RDF105;Earth and related environmental sciences;0.9908389449119568;RDF503;Education;0.9907050728797913;RDF201;Civil engineering, maritime engineering, transport engineering, and mining engineering;0.9903008937835693
418;CMV Dynamics and Transmission in Pregnancy: Comparison Between Women Living with and without HIV (Clinical Investigation – Reproduction, Maternal, Child and Youth Health);RDF20-21;Engineering and technology;0.3423759341239929;RDF10;Natural sciences;0.2855076491832733;RDF30;Medical, health and life sciences;0.20444200932979584;RDF604;Arts (arts, history of arts, performing arts, music), architecture and design;0.9984899759292603;RDF302;Clinical medicine;0.998351514339447;RDF102;Computer and information sciences;0.9970934391021729;RDF103;Physical sciences;0.9967523217201233;RDF508;Media and communications;0.996182918548584
419;Solidarité et entraide dans le contexte de l'autisme et du vieillissement;RDF40;Agricultural and veterinary sciences;0.2525827884674072;RDF10;Natural sciences;0.20454779267311096;RDF30;Medical, health and life sciences;0.1773674339056015;RDF604;Arts (arts, history of arts, performing arts, music), architecture and design;0.9990872144699097;RDF508;Media and communications;0.9989916682243347;RDF201;Civil engineering, maritime engineering, transport engineering, and mining engineering;0.9989350438117981;RDF203;Electrical engineering, computer engineering, and information engineering;0.9988121390342712;RDF102;Computer and information sciences;0.9978258013725281
420;Children with sexual behaviour problems: Do specialized services influence their trajectory within child protection services? (Psychology);RDF20-21;Engineering and technology;0.31090158224105835;RDF30;Medical, health and life sciences;0.23240016400814056;RDF40;Agricultural and veterinary sciences;0.1680467128753662;RDF508;Media and communications;0.9985505938529968;RDF604;Arts (arts, history of arts, performing arts, music), architecture and design;0.9983674883842468;RDF201;Civil engineering, maritime engineering, transport engineering, and mining engineering;0.9977127909660339;RDF203;Electrical engineering, computer engineering, and information engineering;0.9971771836280823;RDF103;Physical sciences;0.9955403208732605
421;Évaluer les pratiques préventives du Centre de prévention et d'intervention pour victimes d'agression sexuelle (CPIVAS) : projet pilote pour le programme de prévention « Clique sur toi! -- primaire »;RDF20-21;Engineering and technology;0.6327530145645142;RDF10;Natural sciences;0.12680599093437195;RDF30;Medical, health and life sciences;0.10502324253320694;RDF604;Arts (arts, history of arts, performing arts, music), architecture and design;0.9942250847816467;RDF102;Computer and information sciences;0.983893632888794;RDF103;Physical sciences;0.9729595184326172;RDF105;Earth and related environmental sciences;0.9661240577697754;RDF302;Clinical medicine;0.930647611618042
422;Understanding what they want and what works: social support and well-being among men experiencing cancer (Multidisciplinary or interdisciplinary social sciences);RDF50;Social sciences;0.3255438804626465;RDF20-21;Engineering and technology;0.31614482402801514;RDF10;Natural sciences;0.16823150217533112;RDF604;Arts (arts, history of arts, performing arts, music), architecture and design;0.9984421730041504;RDF201;Civil engineering, maritime engineering, transport engineering, and mining engineering;0.9974688291549683;RDF508;Media and communications;0.9962565302848816;RDF102;Computer and information sciences;0.9949885606765747;RDF202;Industrial, systems and processes engineering;0.9933846592903137
423;The Burden of Harsh Parenting on Socioemotional and Behavioral Problems: the Role of Chronic Cortisol secretion in the Preschool Years (Social & Developmental Aspects of Children's & Youth's Health);RDF20-21;Engineering and technology;0.34060367941856384;RDF30;Medical, health and life sciences;0.2318183034658432;RDF10;Natural sciences;0.22556538879871368;RDF102;Computer and information sciences;0.9985392689704895;RDF604;Arts (arts, history of arts, performing arts, music), architecture and design;0.9984722137451172;RDF508;Media and communications;0.9977872967720032;RDF302;Clinical medicine;0.9975321888923645;RDF105;Earth and related environmental sciences;0.9971328377723694
424;From amusia to dyslexia: the role of feedback (Biological Systems and Functions);RDF10;Natural sciences;0.22875455021858215;RDF30;Medical, health and life sciences;0.20909857749938965;RDF40;Agricultural and veterinary sciences;0.19604666531085968;RDF604;Arts (arts, history of arts, performing arts, music), architecture and design;0.9986827373504639;RDF508;Media and communications;0.9981577396392822;RDF201;Civil engineering, maritime engineering, transport engineering, and mining engineering;0.9981287717819214;RDF202;Industrial, systems and processes engineering;0.9968823790550232;RDF102;Computer and information sciences;0.9962382912635803
425;Raconter-Cartographier. La scénarisation transmédiale (Fine Arts, Research-Creation);RDF10;Natural sciences;0.23504693806171417;RDF50;Social sciences;0.20183317363262177;RDF40;Agricultural and veterinary sciences;0.19524171948432922;RDF201;Civil engineering, maritime engineering, transport engineering, and mining engineering;0.998977780342102;RDF604;Arts (arts, history of arts, performing arts, music), architecture and design;0.9989182353019714;RDF508;Media and communications;0.9989097714424133;RDF102;Computer and information sciences;0.9985785484313965;RDF601;History, archaeology and related studies;0.9977083206176758
426;Stratégies d'actions de communication innovantes visant une sensibilisation résiliente de la population face aux risques liés aux inondations;RDF20-21;Engineering and technology;0.360314279794693;RDF10;Natural sciences;0.21515347063541412;RDF40;Agricultural and veterinary sciences;0.15481798350811005;RDF604;Arts (arts, history of arts, performing arts, music), architecture and design;0.9990490078926086;RDF508;Media and communications;0.9985618591308594;RDF103;Physical sciences;0.9963783025741577;RDF102;Computer and information sciences;0.9957146048545837;RDF302;Clinical medicine;0.993617832660675
427;Chez soi jusqu'à la fin? Entre désirs et possibilités de mourir à domicile (Sociology, demography and related fields);RDF50;Social sciences;0.49649578332901;RDF10;Natural sciences;0.1378719061613083;RDF20-21;Engineering and technology;0.12250611186027527;RDF604;Arts (arts, history of arts, performing arts, music), architecture and design;0.9985278248786926;RDF201;Civil engineering, maritime engineering, transport engineering, and mining engineering;0.9974391460418701;RDF508;Media and communications;0.9966430068016052;RDF105;Earth and related environmental sciences;0.9955576062202454;RDF504;Sociology and related studies;0.9954966902732849
428;A combined in vivo/ex vivo experimental platform for the thorough 3D investigation of bone fatigue related microdamage (Mechanical Engineering);RDF20-21;Engineering and technology;0.4080265462398529;RDF30;Medical, health and life sciences;0.2649898827075958;RDF10;Natural sciences;0.18355312943458557;RDF604;Arts (arts, history of arts, performing arts, music), architecture and design;0.9945730566978455;RDF102;Computer and information sciences;0.9855660796165466;RDF103;Physical sciences;0.9765800833702087;RDF201;Civil engineering, maritime engineering, transport engineering, and mining engineering;0.9725192785263062;RDF202;Industrial, systems and processes engineering;0.9498790502548218
429;Élaboration et mise à l'essai d'un dispositif d'accompagnement avec, par et pour des conseillers pédagogiques: soutenir le développement professionnel continu des enseignants débutants au regard de l'articulation croyances-pratiques (Education and social work);RDF20-21;Engineering and technology;0.3548709750175476;RDF10;Natural sciences;0.2896372675895691;RDF40;Agricultural and veterinary sciences;0.12928104400634766;RDF604;Arts (arts, history of arts, performing arts, music), architecture and design;0.9985702037811279;RDF102;Computer and information sciences;0.9985335469245911;RDF105;Earth and related environmental sciences;0.9979291558265686;RDF103;Physical sciences;0.9967333078384399;RDF601;History, archaeology and related studies;0.9948203563690186
430;Environmental Footprint of Mutual Funds and Pension Plans;RDF40;Agricultural and veterinary sciences;0.49000030755996704;RDF10;Natural sciences;0.12486317753791809;RDF30;Medical, health and life sciences;0.12316767871379852;RDF508;Media and communications;0.9992749691009521;RDF604;Arts (arts, history of arts, performing arts, music), architecture and design;0.9992692470550537;RDF203;Electrical engineering, computer engineering, and information engineering;0.9989412426948547;RDF201;Civil engineering, maritime engineering, transport engineering, and mining engineering;0.9981104731559753;RDF202;Industrial, systems and processes engineering;0.9969006180763245
431;An Ecology of Wood Cultures in Canada (2003-2020): comparing constructive cultures through awarded architectural designs;RDF20-21;Engineering and technology;0.5987371802330017;RDF50;Social sciences;0.13783714175224304;RDF10;Natural sciences;0.10308413207530975;RDF604;Arts (arts, history of arts, performing arts, music), architecture and design;0.9974141120910645;RDF508;Media and communications;0.9878293871879578;RDF201;Civil engineering, maritime engineering, transport engineering, and mining engineering;0.9787329435348511;RDF102;Computer and information sciences;0.9445871710777283;RDF202;Industrial, systems and processes engineering;0.9313689470291138
432;Improving allocation and supporting clinical decision-making for deceased donor kidney offers;RDF40;Agricultural and veterinary sciences;0.32583168148994446;RDF30;Medical, health and life sciences;0.20191873610019684;RDF10;Natural sciences;0.17271025478839874;RDF604;Arts (arts, history of arts, performing arts, music), architecture and design;0.9987005591392517;RDF508;Media and communications;0.9983124732971191;RDF201;Civil engineering, maritime engineering, transport engineering, and mining engineering;0.9964480996131897;RDF203;Electrical engineering, computer engineering, and information engineering;0.9958580136299133;RDF202;Industrial, systems and processes engineering;0.9956936836242676
433;The many facets of black hole feedback in galaxies (Physics);RDF40;Agricultural and veterinary sciences;0.3466557264328003;RDF20-21;Engineering and technology;0.2186330109834671;RDF50;Social sciences;0.1562499701976776;RDF201;Civil engineering, maritime engineering, transport engineering, and mining engineering;0.9988282322883606;RDF604;Arts (arts, history of arts, performing arts, music), architecture and design;0.9987380504608154;RDF508;Media and communications;0.9986488819122314;RDF203;Electrical engineering, computer engineering, and information engineering;0.9980044364929199;RDF103;Physical sciences;0.997945249080658
434;Tics et syndrome de la Tourette: Bilan et Défis! Avancées des connaissances et discussion des enjeux liés à l'intervention;RDF20-21;Engineering and technology;0.27687373757362366;RDF10;Natural sciences;0.27045997977256775;RDF30;Medical, health and life sciences;0.14877986907958984;RDF604;Arts (arts, history of arts, performing arts, music), architecture and design;0.9989034533500671;RDF102;Computer and information sciences;0.9986878037452698;RDF201;Civil engineering, maritime engineering, transport engineering, and mining engineering;0.9983223080635071;RDF105;Earth and related environmental sciences;0.9971495866775513;RDF508;Media and communications;0.9971328377723694
435;Targeting the SMARCD1-E2A-p53 Molecular Axis in B-Cell Lymphoma (Molecular & Cellular Biology of Cancer);RDF20-21;Engineering and technology;0.5614088177680969;RDF30;Medical, health and life sciences;0.15438257157802582;RDF10;Natural sciences;0.12344565242528915;RDF604;Arts (arts, history of arts, performing arts, music), architecture and design;0.9981468915939331;RDF508;Media and communications;0.9968334436416626;RDF302;Clinical medicine;0.9923340678215027;RDF303;Health sciences;0.9909095764160156;RDF201;Civil engineering, maritime engineering, transport engineering, and mining engineering;0.9893062710762024
436;The biogeochemical heterogeneity of peatlands (Geosciences);RDF20-21;Engineering and technology;0.34796544909477234;RDF50;Social sciences;0.23270218074321747;RDF10;Natural sciences;0.21690227091312408;RDF604;Arts (arts, history of arts, performing arts, music), architecture and design;0.9979492425918579;RDF201;Civil engineering, maritime engineering, transport engineering, and mining engineering;0.9979453086853027;RDF508;Media and communications;0.9930827617645264;RDF105;Earth and related environmental sciences;0.9921309947967529;RDF202;Industrial, systems and processes engineering;0.9912463426589966
437;The role of referral networks on job outcomes (Economics);RDF40;Agricultural and veterinary sciences;0.4798780679702759;RDF20-21;Engineering and technology;0.16746889054775238;RDF10;Natural sciences;0.13325732946395874;RDF604;Arts (arts, history of arts, performing arts, music), architecture and design;0.9985017776489258;RDF508;Media and communications;0.9948902726173401;RDF201;Civil engineering, maritime engineering, transport engineering, and mining engineering;0.9941686987876892;RDF208;Environmental engineering and related engineering;0.9928716421127319;RDF102;Computer and information sciences;0.992774248123169
438;Investigating neuroprotective strategies in genetic models of neurodegeneration;RDF40;Agricultural and veterinary sciences;0.3182869255542755;RDF20-21;Engineering and technology;0.22925347089767456;RDF30;Medical, health and life sciences;0.1457223743200302;RDF604;Arts (arts, history of arts, performing arts, music), architecture and design;0.9986724257469177;RDF508;Media and communications;0.9967837929725647;RDF103;Physical sciences;0.9960005283355713;RDF202;Industrial, systems and processes engineering;0.9957020878791809;RDF203;Electrical engineering, computer engineering, and information engineering;0.995685338973999
439;Plant diversity and ecosystem services in wetlands (Evolution and Ecology);RDF40;Agricultural and veterinary sciences;0.25663694739341736;RDF20-21;Engineering and technology;0.2341274470090866;RDF50;Social sciences;0.19034427404403687;RDF604;Arts (arts, history of arts, performing arts, music), architecture and design;0.9987816214561462;RDF508;Media and communications;0.9980732798576355;RDF202;Industrial, systems and processes engineering;0.9969006180763245;RDF201;Civil engineering, maritime engineering, transport engineering, and mining engineering;0.9968702793121338;RDF203;Electrical engineering, computer engineering, and information engineering;0.9951514601707458
440;How do pioneer factor open chromatin?;RDF20-21;Engineering and technology;0.3115254342556;RDF40;Agricultural and veterinary sciences;0.25475671887397766;RDF50;Social sciences;0.15227080881595612;RDF604;Arts (arts, history of arts, performing arts, music), architecture and design;0.9985046982765198;RDF508;Media and communications;0.9931760430335999;RDF201;Civil engineering, maritime engineering, transport engineering, and mining engineering;0.9887228608131409;RDF202;Industrial, systems and processes engineering;0.9867261052131653;RDF102;Computer and information sciences;0.9809673428535461
441;Integrative physiology of ovarian follicular development and ovulation (Biological Systems and Functions);RDF30;Medical, health and life sciences;0.29838311672210693;RDF20-21;Engineering and technology;0.21745066344738007;RDF50;Social sciences;0.1937827318906784;RDF604;Arts (arts, history of arts, performing arts, music), architecture and design;0.9987863302230835;RDF508;Media and communications;0.9960469007492065;RDF105;Earth and related environmental sciences;0.9909184575080872;RDF102;Computer and information sciences;0.9881079196929932;RDF202;Industrial, systems and processes engineering;0.9851861596107483
442;Intracellular transport of proteins containing di-arginine endoplasmic reticulum-retention motifs (Genes, Cells and Molecules);RDF20-21;Engineering and technology;0.35908961296081543;RDF10;Natural sciences;0.24922038614749908;RDF50;Social sciences;0.1272893249988556;RDF604;Arts (arts, history of arts, performing arts, music), architecture and design;0.9989140629768372;RDF201;Civil engineering, maritime engineering, transport engineering, and mining engineering;0.9988213777542114;RDF302;Clinical medicine;0.9982926249504089;RDF102;Computer and information sciences;0.9982691407203674;RDF202;Industrial, systems and processes engineering;0.997730553150177
443;Plastic Waste Upgrading by Coupling Microwave Heating with Catalytic Pyrolysis (Materials and Chemical Engineering);RDF20-21;Engineering and technology;0.3475012481212616;RDF30;Medical, health and life sciences;0.16350801289081573;RDF10;Natural sciences;0.15770547091960907;RDF604;Arts (arts, history of arts, performing arts, music), architecture and design;0.9979966878890991;RDF508;Media and communications;0.9974738359451294;RDF201;Civil engineering, maritime engineering, transport engineering, and mining engineering;0.9941118359565735;RDF105;Earth and related environmental sciences;0.9891186952590942;RDF202;Industrial, systems and processes engineering;0.9847817420959473
444;Controlling Molecular Organization in Materials (Chemistry);RDF40;Agricultural and veterinary sciences;0.2508671283721924;RDF10;Natural sciences;0.18461689352989197;RDF50;Social sciences;0.18389713764190674;RDF508;Media and communications;0.9992037415504456;RDF604;Arts (arts, history of arts, performing arts, music), architecture and design;0.9988028407096863;RDF201;Civil engineering, maritime engineering, transport engineering, and mining engineering;0.9978258013725281;RDF202;Industrial, systems and processes engineering;0.9974836111068726;RDF102;Computer and information sciences;0.9953544735908508
445;Développement de méthodes d'apprentissage automatique pour la détection d'anomalies à l'échelle d'un ensemble de barrages;RDF20-21;Engineering and technology;0.5409451723098755;RDF10;Natural sciences;0.1408386379480362;RDF30;Medical, health and life sciences;0.0958562046289444;RDF604;Arts (arts, history of arts, performing arts, music), architecture and design;0.9989657402038574;RDF102;Computer and information sciences;0.9978002309799194;RDF103;Physical sciences;0.9949886202812195;RDF302;Clinical medicine;0.9942809343338013;RDF203;Electrical engineering, computer engineering, and information engineering;0.9939905405044556
446;Investigation of the heterogeneity of mitochondrial dysfunction in idiopathic Parkinson's disease using induced neurons derived from patients (Molecular & Cellular Neurosciences);RDF20-21;Engineering and technology;0.5390362739562988;RDF10;Natural sciences;0.2049950808286667;RDF30;Medical, health and life sciences;0.11331963539123535;RDF604;Arts (arts, history of arts, performing arts, music), architecture and design;0.9979453086853027;RDF102;Computer and information sciences;0.9955142140388489;RDF508;Media and communications;0.9939613342285156;RDF105;Earth and related environmental sciences;0.9933589100837708;RDF202;Industrial, systems and processes engineering;0.991355836391449
447;The amyloid precursor protein intracellular domain is an effector molecule of metaplasticity - implications for the regulation of synaptic plasticity in Alzheimer disease (Molecular & Cellular Neurosciences);RDF20-21;Engineering and technology;0.38581007719039917;RDF10;Natural sciences;0.33389079570770264;RDF50;Social sciences;0.11249663680791855;RDF102;Computer and information sciences;0.9987792372703552;RDF604;Arts (arts, history of arts, performing arts, music), architecture and design;0.9983547329902649;RDF303;Health sciences;0.9971272349357605;RDF201;Civil engineering, maritime engineering, transport engineering, and mining engineering;0.9969006180763245;RDF103;Physical sciences;0.996434211730957
448;Regulation of neutrophil antimicrobial defense through the pleiotropic receptor FPR2/ALX (Genes, Cells and Molecules);RDF20-21;Engineering and technology;0.4598170816898346;RDF10;Natural sciences;0.28328511118888855;RDF30;Medical, health and life sciences;0.08341244608163834;RDF604;Arts (arts, history of arts, performing arts, music), architecture and design;0.9965969920158386;RDF102;Computer and information sciences;0.9949396848678589;RDF302;Clinical medicine;0.9895513653755188;RDF303;Health sciences;0.9887554049491882;RDF202;Industrial, systems and processes engineering;0.9880388975143433
449;The neural mechanisms underlying the promotion of motor learning by acute exercise (Biological Systems and Functions);RDF40;Agricultural and veterinary sciences;0.2564449906349182;RDF10;Natural sciences;0.21679353713989258;RDF50;Social sciences;0.1652502715587616;RDF604;Arts (arts, history of arts, performing arts, music), architecture and design;0.9988120794296265;RDF103;Physical sciences;0.9973113536834717;RDF201;Civil engineering, maritime engineering, transport engineering, and mining engineering;0.996434211730957;RDF105;Earth and related environmental sciences;0.9962455630302429;RDF102;Computer and information sciences;0.9961117506027222
450;Scalable, versatile surface engineering through photo-initiated chemical vapour deposition (Materials and Chemical Engineering);RDF20-21;Engineering and technology;0.41592833399772644;RDF10;Natural sciences;0.20751433074474335;RDF40;Agricultural and veterinary sciences;0.1413743495941162;RDF604;Arts (arts, history of arts, performing arts, music), architecture and design;0.9980619549751282;RDF201;Civil engineering, maritime engineering, transport engineering, and mining engineering;0.9976903796195984;RDF104;Chemical sciences;0.9893268346786499;RDF202;Industrial, systems and processes engineering;0.9887010455131531;RDF105;Earth and related environmental sciences;0.9866877198219299
451;Regulation of cytokinesis by the novel and conserved flavin-dependent monooxygenase enzymes OSGN-1/OSGIN (Cell Biology - Molecular/Fundamental);RDF20-21;Engineering and technology;0.5136164426803589;RDF10;Natural sciences;0.3109162747859955;RDF60;Humanities and the arts;0.05298412963747978;RDF604;Arts (arts, history of arts, performing arts, music), architecture and design;0.9960392117500305;RDF302;Clinical medicine;0.9954349994659424;RDF102;Computer and information sciences;0.9913641810417175;RDF303;Health sciences;0.9888849854469299;RDF103;Physical sciences;0.9852288365364075
452;Enabling monitoring of ultra-processed food consumption among Canadians: Development and validation of a screener (Nutrition, Food & Health);RDF20-21;Engineering and technology;0.35986173152923584;RDF40;Agricultural and veterinary sciences;0.22257210314273834;RDF10;Natural sciences;0.15477459132671356;RDF604;Arts (arts, history of arts, performing arts, music), architecture and design;0.9969897866249084;RDF102;Computer and information sciences;0.9968335032463074;RDF105;Earth and related environmental sciences;0.9954835772514343;RDF203;Electrical engineering, computer engineering, and information engineering;0.994920015335083;RDF302;Clinical medicine;0.9942026138305664
453;Les cognitions sociales implicites et les tendances comportementales associées aux émotions hostiles (Psychology);RDF10;Natural sciences;0.2552333176136017;RDF20-21;Engineering and technology;0.20872262120246887;RDF50;Social sciences;0.19531232118606567;RDF201;Civil engineering, maritime engineering, transport engineering, and mining engineering;0.999322772026062;RDF501;Psychology and cognitive sciences;0.9992875456809998;RDF508;Media and communications;0.9992021918296814;RDF103;Physical sciences;0.9991769194602966;RDF604;Arts (arts, history of arts, performing arts, music), architecture and design;0.9990817904472351
454;Heidegger et Gadamer. Correspondance et bilan (Philosophy);RDF40;Agricultural and veterinary sciences;0.2456478625535965;RDF50;Social sciences;0.22497929632663727;RDF10;Natural sciences;0.19971030950546265;RDF201;Civil engineering, maritime engineering, transport engineering, and mining engineering;0.9982316493988037;RDF604;Arts (arts, history of arts, performing arts, music), architecture and design;0.998091995716095;RDF202;Industrial, systems and processes engineering;0.9967712759971619;RDF508;Media and communications;0.9959692358970642;RDF203;Electrical engineering, computer engineering, and information engineering;0.9959535002708435
455;Generic AC-DC load-flow solution method with controllable AC-DC converters (Electrical and Computer Engineering);RDF20-21;Engineering and technology;0.5869638323783875;RDF50;Social sciences;0.11524191498756409;RDF10;Natural sciences;0.09704341739416122;RDF604;Arts (arts, history of arts, performing arts, music), architecture and design;0.9970247745513916;RDF102;Computer and information sciences;0.9939378499984741;RDF302;Clinical medicine;0.9914058446884155;RDF203;Electrical engineering, computer engineering, and information engineering;0.9911526441574097;RDF202;Industrial, systems and processes engineering;0.9871044158935547
456;Étude sur l'apport de l'expérience de l'émotion de la tristesse vécue et exprimée par des enfants endeuillés face à la réalité du processus de deuil tel que vécu au Québec (Education and social work);RDF20-21;Engineering and technology;0.5319145917892456;RDF10;Natural sciences;0.18855194747447968;RDF50;Social sciences;0.10412827134132385;RDF604;Arts (arts, history of arts, performing arts, music), architecture and design;0.9953814744949341;RDF102;Computer and information sciences;0.988458514213562;RDF105;Earth and related environmental sciences;0.9681260585784912;RDF508;Media and communications;0.9638820290565491;RDF103;Physical sciences;0.96065753698349
457;Intelligent video surveillance to detect mobility problems of older adults at home: from fall detection to fall prevention (Electrical and Computer Engineering);RDF20-21;Engineering and technology;0.3823656141757965;RDF30;Medical, health and life sciences;0.2444746494293213;RDF10;Natural sciences;0.19836866855621338;RDF203;Electrical engineering, computer engineering, and information engineering;0.9984811544418335;RDF105;Earth and related environmental sciences;0.995354413986206;RDF102;Computer and information sciences;0.9947289228439331;RDF604;Arts (arts, history of arts, performing arts, music), architecture and design;0.9943141341209412;RDF103;Physical sciences;0.9925394058227539
458;Dynamic Ultrasound Localization Pulsatility Imaging (Medical Physics & Imaging);RDF30;Medical, health and life sciences;0.25088441371917725;RDF20-21;Engineering and technology;0.20476588606834412;RDF40;Agricultural and veterinary sciences;0.1807052493095398;RDF604;Arts (arts, history of arts, performing arts, music), architecture and design;0.9986032843589783;RDF508;Media and communications;0.9983482360839844;RDF201;Civil engineering, maritime engineering, transport engineering, and mining engineering;0.9979809522628784;RDF302;Clinical medicine;0.9978468418121338;RDF102;Computer and information sciences;0.997065007686615
459;Metabolic control of plant non-photosynthetic metabolism (Biological Systems and Functions);RDF20-21;Engineering and technology;0.22623512148857117;RDF50;Social sciences;0.20043319463729858;RDF10;Natural sciences;0.18718953430652618;RDF604;Arts (arts, history of arts, performing arts, music), architecture and design;0.9987839460372925;RDF508;Media and communications;0.9968641996383667;RDF201;Civil engineering, maritime engineering, transport engineering, and mining engineering;0.9964756965637207;RDF302;Clinical medicine;0.9958820939064026;RDF102;Computer and information sciences;0.9954835772514343
460;COLCOT-T2D : Colchicine for Primary Prevention of Cardiovascular Events in Patients with Type 2 Diabetes;RDF20-21;Engineering and technology;0.3097274899482727;RDF10;Natural sciences;0.214541956782341;RDF30;Medical, health and life sciences;0.19081756472587585;RDF102;Computer and information sciences;0.9986330270767212;RDF604;Arts (arts, history of arts, performing arts, music), architecture and design;0.9985017776489258;RDF201;Civil engineering, maritime engineering, transport engineering, and mining engineering;0.9982419610023499;RDF103;Physical sciences;0.9971880912780762;RDF303;Health sciences;0.9962419271469116
461;Major Resource Support at the Université de Montréal for Canada's Subatomic Physics Program;RDF20-21;Engineering and technology;0.4632655680179596;RDF40;Agricultural and veterinary sciences;0.2675943672657013;RDF30;Medical, health and life sciences;0.14393404126167297;RDF103;Physical sciences;0.998795747756958;RDF508;Media and communications;0.9976723194122314;RDF604;Arts (arts, history of arts, performing arts, music), architecture and design;0.9966299533843994;RDF202;Industrial, systems and processes engineering;0.9938786625862122;RDF201;Civil engineering, maritime engineering, transport engineering, and mining engineering;0.9910058379173279
462;Plateforme d'imagerie macroscopique ultra sensible pour l'étude des neurotransmetteurs et des neuromodulateurs in vivo (Biological Systems and Functions);RDF20-21;Engineering and technology;0.39619794487953186;RDF10;Natural sciences;0.2075619101524353;RDF30;Medical, health and life sciences;0.19961033761501312;RDF604;Arts (arts, history of arts, performing arts, music), architecture and design;0.9974141120910645;RDF102;Computer and information sciences;0.9964756965637207;RDF302;Clinical medicine;0.993333101272583;RDF105;Earth and related environmental sciences;0.9917003512382507;RDF303;Health sciences;0.9910839200019836
463;Algorithmes de calcul de dose basé sur des modèles pour des applications avancées en physique médicale (Physics);RDF20-21;Engineering and technology;0.37147092819213867;RDF10;Natural sciences;0.33298441767692566;RDF30;Medical, health and life sciences;0.1276269257068634;RDF604;Arts (arts, history of arts, performing arts, music), architecture and design;0.998451292514801;RDF103;Physical sciences;0.9982385039329529;RDF102;Computer and information sciences;0.9963429570198059;RDF201;Civil engineering, maritime engineering, transport engineering, and mining engineering;0.995345413684845;RDF203;Electrical engineering, computer engineering, and information engineering;0.9948052167892456
464;Logistics and transportation (Civil, Industrial and Systems Engineering);RDF40;Agricultural and veterinary sciences;0.27318045496940613;RDF20-21;Engineering and technology;0.2616908550262451;RDF10;Natural sciences;0.19599738717079163;RDF604;Arts (arts, history of arts, performing arts, music), architecture and design;0.9983990788459778;RDF203;Electrical engineering, computer engineering, and information engineering;0.9964480996131897;RDF601;History, archaeology and related studies;0.9950177073478699;RDF202;Industrial, systems and processes engineering;0.9944450855255127;RDF102;Computer and information sciences;0.9939495921134949
465;Systematic mapping of the global ARF network interactome by BioID coupled to functional studies to reveal novel biological functions (Cell Biology – Molecular/Fundamental);RDF20-21;Engineering and technology;0.48768165707588196;RDF10;Natural sciences;0.24189190566539764;RDF30;Medical, health and life sciences;0.08709562569856644;RDF604;Arts (arts, history of arts, performing arts, music), architecture and design;0.997896671295166;RDF601;History, archaeology and related studies;0.995969295501709;RDF102;Computer and information sciences;0.9928854703903198;RDF508;Media and communications;0.9922369718551636;RDF302;Clinical medicine;0.9909359812736511
466;Measuring Partisan Conflicts on Social Media (Political science and public administration);RDF20-21;Engineering and technology;0.3624083995819092;RDF40;Agricultural and veterinary sciences;0.2476242035627365;RDF10;Natural sciences;0.1700233370065689;RDF604;Arts (arts, history of arts, performing arts, music), architecture and design;0.9985647201538086;RDF508;Media and communications;0.9971990585327148;RDF201;Civil engineering, maritime engineering, transport engineering, and mining engineering;0.9936116933822632;RDF203;Electrical engineering, computer engineering, and information engineering;0.99318927526474;RDF102;Computer and information sciences;0.9919536113739014
467;The emergence of problem clarity in teams and its influence innovation project success;RDF40;Agricultural and veterinary sciences;0.41285860538482666;RDF10;Natural sciences;0.19964537024497986;RDF30;Medical, health and life sciences;0.13325248658657074;RDF604;Arts (arts, history of arts, performing arts, music), architecture and design;0.9991065859794617;RDF201;Civil engineering, maritime engineering, transport engineering, and mining engineering;0.9988685846328735;RDF203;Electrical engineering, computer engineering, and information engineering;0.9987934231758118;RDF204;Mechanical engineering;0.9985840916633606;RDF508;Media and communications;0.9985674619674683
468;The release of carbon and pollutants from eastern canadian watersheds in response to atmospheric deposition and climate change;RDF10;Natural sciences;0.23097862303256989;RDF20-21;Engineering and technology;0.22873394191265106;RDF40;Agricultural and veterinary sciences;0.16832874715328217;RDF604;Arts (arts, history of arts, performing arts, music), architecture and design;0.9985869526863098;RDF201;Civil engineering, maritime engineering, transport engineering, and mining engineering;0.9983896613121033;RDF508;Media and communications;0.9982385039329529;RDF203;Electrical engineering, computer engineering, and information engineering;0.9978215098381042;RDF102;Computer and information sciences;0.9955141544342041
469;Récepteur radiofréquence pour système de caractérisation d'antennes en micro-ondes et ondes millimétriques (Electrical and Computer Engineering);RDF20-21;Engineering and technology;0.6382953524589539;RDF10;Natural sciences;0.14925797283649445;RDF30;Medical, health and life sciences;0.09249555319547653;RDF604;Arts (arts, history of arts, performing arts, music), architecture and design;0.9973887205123901;RDF102;Computer and information sciences;0.9972261786460876;RDF203;Electrical engineering, computer engineering, and information engineering;0.9961531162261963;RDF302;Clinical medicine;0.9928091764450073;RDF105;Earth and related environmental sciences;0.9906418919563293
470;Advanced Simulation Tools for the Design and Operation of Circular Economy Strategies;RDF20-21;Engineering and technology;0.3688978850841522;RDF40;Agricultural and veterinary sciences;0.3186315894126892;RDF10;Natural sciences;0.1046639010310173;RDF604;Arts (arts, history of arts, performing arts, music), architecture and design;0.9990033507347107;RDF102;Computer and information sciences;0.9966430068016052;RDF508;Media and communications;0.9966299533843994;RDF203;Electrical engineering, computer engineering, and information engineering;0.9937708377838135;RDF105;Earth and related environmental sciences;0.9910145998001099
471;Révélations daoustiennes : nouvelles perspectives sur le théâtre francophone du Québec 1895-1940 (Fine Arts, Research-Creation);RDF20-21;Engineering and technology;0.3082607686519623;RDF10;Natural sciences;0.24007372558116913;RDF60;Humanities and the arts;0.17023774981498718;RDF604;Arts (arts, history of arts, performing arts, music), architecture and design;0.9989287853240967;RDF508;Media and communications;0.997607946395874;RDF102;Computer and information sciences;0.9946981072425842;RDF105;Earth and related environmental sciences;0.9921156764030457;RDF201;Civil engineering, maritime engineering, transport engineering, and mining engineering;0.9849852919578552
472;Dormir sans pression: un concept intégrateur pour les patients tétraplégiques et les aidants pour minimiser les plaies de pression, améliorer le sommeil et favoriser la résilience face à la lésion de la moelle épinière;RDF20-21;Engineering and technology;0.45252448320388794;RDF10;Natural sciences;0.22577284276485443;RDF30;Medical, health and life sciences;0.13855233788490295;RDF102;Computer and information sciences;0.9989140629768372;RDF604;Arts (arts, history of arts, performing arts, music), architecture and design;0.9988686442375183;RDF105;Earth and related environmental sciences;0.996924638748169;RDF201;Civil engineering, maritime engineering, transport engineering, and mining engineering;0.9957020878791809;RDF103;Physical sciences;0.9944342970848083
473;Assessment of mechanical and durability performances of NSC to self-healing FRC structural components under combined mechanical and environemental loadings (Civil, Industrial and Systems Engineering);RDF20-21;Engineering and technology;0.5515633225440979;RDF10;Natural sciences;0.1457221806049347;RDF30;Medical, health and life sciences;0.08825559914112091;RDF604;Arts (arts, history of arts, performing arts, music), architecture and design;0.9973785281181335;RDF508;Media and communications;0.9857591986656189;RDF105;Earth and related environmental sciences;0.9856767654418945;RDF102;Computer and information sciences;0.9831013083457947;RDF203;Electrical engineering, computer engineering, and information engineering;0.9811125993728638
474;eNOS regulates endothelial cell polarity and angiogenic sprouting in vascular pathologies (Cardiovascular System – Vascular System);RDF20-21;Engineering and technology;0.3795256018638611;RDF10;Natural sciences;0.19593623280525208;RDF30;Medical, health and life sciences;0.1448982059955597;RDF604;Arts (arts, history of arts, performing arts, music), architecture and design;0.99826580286026;RDF201;Civil engineering, maritime engineering, transport engineering, and mining engineering;0.994541347026825;RDF202;Industrial, systems and processes engineering;0.9877114295959473;RDF102;Computer and information sciences;0.9840169548988342;RDF508;Media and communications;0.9814000129699707
475;Comparative Effectiveness of Repetitive Versus Deep Transcranial Magnetic Stimulation for Major Depression: A Randomized Controlled Trial;RDF20-21;Engineering and technology;0.4364437162876129;RDF10;Natural sciences;0.17326658964157104;RDF30;Medical, health and life sciences;0.1479135900735855;RDF604;Arts (arts, history of arts, performing arts, music), architecture and design;0.9991490840911865;RDF102;Computer and information sciences;0.9990600347518921;RDF203;Electrical engineering, computer engineering, and information engineering;0.9989916682243347;RDF302;Clinical medicine;0.998542070388794;RDF103;Physical sciences;0.9982657432556152
476;Planning and developing Canadian intersectoral partnerships and knowledge sharing for sustainable LD risk mitigation in peri-domestic high-risk areas;RDF40;Agricultural and veterinary sciences;0.3162061274051666;RDF20-21;Engineering and technology;0.30172601342201233;RDF30;Medical, health and life sciences;0.21902959048748016;RDF604;Arts (arts, history of arts, performing arts, music), architecture and design;0.9987305998802185;RDF203;Electrical engineering, computer engineering, and information engineering;0.9982859492301941;RDF208;Environmental engineering and related engineering;0.997992753982544;RDF201;Civil engineering, maritime engineering, transport engineering, and mining engineering;0.9976032972335815;RDF508;Media and communications;0.9974241256713867
477;Du réseau de neurones au circuit logique et réciproquement : le meilleur des deux mondes (Electrical and Computer Engineering);RDF20-21;Engineering and technology;0.35210126638412476;RDF10;Natural sciences;0.2110721617937088;RDF50;Social sciences;0.15292298793792725;RDF604;Arts (arts, history of arts, performing arts, music), architecture and design;0.9990527033805847;RDF203;Electrical engineering, computer engineering, and information engineering;0.9988236427307129;RDF102;Computer and information sciences;0.998399019241333;RDF201;Civil engineering, maritime engineering, transport engineering, and mining engineering;0.9982143044471741;RDF105;Earth and related environmental sciences;0.9972262382507324
478;Faire du virtuel une réalité : l'exploration de l'utilité d'agents virtuels autonomes en contexte de formation à l'évaluation des jeunes contrevenants (Psychology);RDF20-21;Engineering and technology;0.44753238558769226;RDF10;Natural sciences;0.21098683774471283;RDF50;Social sciences;0.1364896595478058;RDF102;Computer and information sciences;0.9980657696723938;RDF604;Arts (arts, history of arts, performing arts, music), architecture and design;0.9978258013725281;RDF105;Earth and related environmental sciences;0.996616780757904;RDF103;Physical sciences;0.9941346645355225;RDF501;Psychology and cognitive sciences;0.9935494065284729
479;Global Corporate Minimum Tax in Canada? Politics, Policy and Practice;RDF40;Agricultural and veterinary sciences;0.3881276547908783;RDF20-21;Engineering and technology;0.19707806408405304;RDF30;Medical, health and life sciences;0.15169639885425568;RDF604;Arts (arts, history of arts, performing arts, music), architecture and design;0.9985618591308594;RDF201;Civil engineering, maritime engineering, transport engineering, and mining engineering;0.9962565302848816;RDF508;Media and communications;0.9945940971374512;RDF102;Computer and information sciences;0.9924812316894531;RDF203;Electrical engineering, computer engineering, and information engineering;0.9906055331230164
480;Briser les silos de recherche : pour l'amélioration des interactions entre les milieux universitaire et professionnel en sciences de l'information;RDF20-21;Engineering and technology;0.28231939673423767;RDF10;Natural sciences;0.24432705342769623;RDF30;Medical, health and life sciences;0.19824892282485962;RDF203;Electrical engineering, computer engineering, and information engineering;0.9993320107460022;RDF102;Computer and information sciences;0.9993280172348022;RDF604;Arts (arts, history of arts, performing arts, music), architecture and design;0.9992460608482361;RDF201;Civil engineering, maritime engineering, transport engineering, and mining engineering;0.999160647392273;RDF501;Psychology and cognitive sciences;0.9988120794296265
481;Simulation numérique des écoulements multi-composants à trois phases par l'approche de Boltzmann sur réseau;RDF20-21;Engineering and technology;0.6244034171104431;RDF10;Natural sciences;0.14402684569358826;RDF40;Agricultural and veterinary sciences;0.06763599812984467;RDF604;Arts (arts, history of arts, performing arts, music), architecture and design;0.99263995885849;RDF102;Computer and information sciences;0.9889384508132935;RDF204;Mechanical engineering;0.9854894280433655;RDF103;Physical sciences;0.9763330817222595;RDF203;Electrical engineering, computer engineering, and information engineering;0.955026388168335
482;Developing an initial understanding of the factors involved in psychological readiness to return to sport following a concussion (Psychology, linguistics and translation);RDF20-21;Engineering and technology;0.49739429354667664;RDF10;Natural sciences;0.19176258146762848;RDF30;Medical, health and life sciences;0.1293734610080719;RDF508;Media and communications;0.9981104731559753;RDF604;Arts (arts, history of arts, performing arts, music), architecture and design;0.9979130029678345;RDF103;Physical sciences;0.9966820478439331;RDF201;Civil engineering, maritime engineering, transport engineering, and mining engineering;0.9965570569038391;RDF105;Earth and related environmental sciences;0.9957929849624634
483;Roles for mitochondrial adaptation in fatty liver disease and associated liver cancer (Cell Biology – Disease);RDF20-21;Engineering and technology;0.2956969439983368;RDF10;Natural sciences;0.20602694153785706;RDF30;Medical, health and life sciences;0.17553715407848358;RDF508;Media and communications;0.9994745850563049;RDF604;Arts (arts, history of arts, performing arts, music), architecture and design;0.9991203546524048;RDF201;Civil engineering, maritime engineering, transport engineering, and mining engineering;0.9988948106765747;RDF203;Electrical engineering, computer engineering, and information engineering;0.9987839460372925;RDF102;Computer and information sciences;0.9980238080024719
484;Lagrangian analyzes of complex and turbulent flows for advanced flow diagnostics (Mechanical Engineering);RDF20-21;Engineering and technology;0.3208947777748108;RDF10;Natural sciences;0.1782563477754593;RDF50;Social sciences;0.17344817519187927;RDF604;Arts (arts, history of arts, performing arts, music), architecture and design;0.9967900514602661;RDF201;Civil engineering, maritime engineering, transport engineering, and mining engineering;0.994213879108429;RDF105;Earth and related environmental sciences;0.9920927286148071;RDF204;Mechanical engineering;0.9904866814613342;RDF508;Media and communications;0.9904406070709229
485;Energy and spectrum opportunistic relaying for sustainable wireless networks;RDF40;Agricultural and veterinary sciences;0.4634833037853241;RDF20-21;Engineering and technology;0.18984203040599823;RDF10;Natural sciences;0.14025439321994781;RDF604;Arts (arts, history of arts, performing arts, music), architecture and design;0.9984841346740723;RDF203;Electrical engineering, computer engineering, and information engineering;0.9969425201416016;RDF202;Industrial, systems and processes engineering;0.9922218918800354;RDF201;Civil engineering, maritime engineering, transport engineering, and mining engineering;0.9897810220718384;RDF103;Physical sciences;0.9890976548194885
486;Plasmonic optophysiology (Chemistry);RDF10;Natural sciences;0.23479799926280975;RDF20-21;Engineering and technology;0.2227368950843811;RDF50;Social sciences;0.17414657771587372;RDF604;Arts (arts, history of arts, performing arts, music), architecture and design;0.9983547329902649;RDF201;Civil engineering, maritime engineering, transport engineering, and mining engineering;0.9950659275054932;RDF508;Media and communications;0.9936240911483765;RDF202;Industrial, systems and processes engineering;0.9878058433532715;RDF105;Earth and related environmental sciences;0.987652063369751
487;A statistical perspective for some challenges in data science;RDF40;Agricultural and veterinary sciences;0.4984537661075592;RDF20-21;Engineering and technology;0.13520920276641846;RDF50;Social sciences;0.12664572894573212;RDF604;Arts (arts, history of arts, performing arts, music), architecture and design;0.9977525472640991;RDF203;Electrical engineering, computer engineering, and information engineering;0.9957354068756104;RDF202;Industrial, systems and processes engineering;0.9925466179847717;RDF201;Civil engineering, maritime engineering, transport engineering, and mining engineering;0.9916195273399353;RDF102;Computer and information sciences;0.9912717938423157
488;Structural and functional characterization of protein-metal interactions (Genes, Cells and Molecules);RDF20-21;Engineering and technology;0.3313758969306946;RDF10;Natural sciences;0.2135348916053772;RDF50;Social sciences;0.1572970747947693;RDF604;Arts (arts, history of arts, performing arts, music), architecture and design;0.9987815618515015;RDF302;Clinical medicine;0.9971771836280823;RDF201;Civil engineering, maritime engineering, transport engineering, and mining engineering;0.9964824914932251;RDF102;Computer and information sciences;0.9948703646659851;RDF508;Media and communications;0.9947595596313477
489;To study the pathogenesis and its underlying mechanisms of an abnormally large Pol II pool size caused by a defective novel ARMC5-containing POLR2A-specific ubiquitin ligase;RDF20-21;Engineering and technology;0.5119875073432922;RDF10;Natural sciences;0.16621801257133484;RDF60;Humanities and the arts;0.0939711481332779;RDF604;Arts (arts, history of arts, performing arts, music), architecture and design;0.9937828779220581;RDF508;Media and communications;0.9760379791259766;RDF202;Industrial, systems and processes engineering;0.9630050659179688;RDF103;Physical sciences;0.9607312679290771;RDF102;Computer and information sciences;0.9591160416603088
490;Perspectives compositionnelles sur la sémiotique musicale, à partir de l'intégration théorique et pratique de la sémiotique deleuzienne du cinéma (Fine arts, research-creation);RDF20-21;Engineering and technology;0.43043947219848633;RDF60;Humanities and the arts;0.1932578831911087;RDF50;Social sciences;0.18658171594142914;RDF604;Arts (arts, history of arts, performing arts, music), architecture and design;0.9984632730484009;RDF508;Media and communications;0.9936240315437317;RDF102;Computer and information sciences;0.9927881956100464;RDF105;Earth and related environmental sciences;0.9886900782585144;RDF201;Civil engineering, maritime engineering, transport engineering, and mining engineering;0.9774138927459717
491;Regulation of germinal center B cell function during antibody responses (Immunology & Transplantation);RDF10;Natural sciences;0.26548096537590027;RDF20-21;Engineering and technology;0.26548096537590027;RDF30;Medical, health and life sciences;0.1727517694234848;RDF201;Civil engineering, maritime engineering, transport engineering, and mining engineering;0.9989288449287415;RDF604;Arts (arts, history of arts, performing arts, music), architecture and design;0.9988282322883606;RDF508;Media and communications;0.9985191822052002;RDF102;Computer and information sciences;0.9983547329902649;RDF202;Industrial, systems and processes engineering;0.9981433153152466
492;Victims, Law and Justice: A Partnership approach to Transformative Justice;RDF20-21;Engineering and technology;0.2766900658607483;RDF40;Agricultural and veterinary sciences;0.2724004089832306;RDF10;Natural sciences;0.223196879029274;RDF508;Media and communications;0.9994503855705261;RDF604;Arts (arts, history of arts, performing arts, music), architecture and design;0.9993293881416321;RDF102;Computer and information sciences;0.9969125986099243;RDF103;Physical sciences;0.9962199330329895;RDF201;Civil engineering, maritime engineering, transport engineering, and mining engineering;0.9959456324577332
493;Dynamic scene processing in humans (Biological Systems and Functions);RDF40;Agricultural and veterinary sciences;0.22662825882434845;RDF30;Medical, health and life sciences;0.22618605196475983;RDF50;Social sciences;0.1976686716079712;RDF604;Arts (arts, history of arts, performing arts, music), architecture and design;0.9990452527999878;RDF203;Electrical engineering, computer engineering, and information engineering;0.9977216720581055;RDF102;Computer and information sciences;0.9975466132164001;RDF508;Media and communications;0.9974241256713867;RDF201;Civil engineering, maritime engineering, transport engineering, and mining engineering;0.9972261786460876
494;Planning for mercury-related vision rehabilitation services for Grassy Narrows First Nation community;RDF40;Agricultural and veterinary sciences;0.30712831020355225;RDF20-21;Engineering and technology;0.20659929513931274;RDF30;Medical, health and life sciences;0.1729576736688614;RDF604;Arts (arts, history of arts, performing arts, music), architecture and design;0.9989877343177795;RDF508;Media and communications;0.9989514946937561;RDF203;Electrical engineering, computer engineering, and information engineering;0.9950945377349854;RDF202;Industrial, systems and processes engineering;0.9919145703315735;RDF102;Computer and information sciences;0.9886791110038757
495;L'intégration des PFÉ dans les stages d'actualisation et de requalification de l'Université de Montréal;RDF20-21;Engineering and technology;0.3128563165664673;RDF40;Agricultural and veterinary sciences;0.2624243497848511;RDF10;Natural sciences;0.17109662294387817;RDF604;Arts (arts, history of arts, performing arts, music), architecture and design;0.9985647201538086;RDF508;Media and communications;0.9966755509376526;RDF103;Physical sciences;0.9965368509292603;RDF201;Civil engineering, maritime engineering, transport engineering, and mining engineering;0.9957684278488159;RDF102;Computer and information sciences;0.9956558346748352
496;Cartographie des sensibilités queer dans la culture audiovisuelle populaire (Communications, media studies, gender studies, library and information science, related fields);RDF20-21;Engineering and technology;0.271808385848999;RDF10;Natural sciences;0.20921838283538818;RDF50;Social sciences;0.16778366267681122;RDF508;Media and communications;0.9995308518409729;RDF102;Computer and information sciences;0.9991880059242249;RDF604;Arts (arts, history of arts, performing arts, music), architecture and design;0.9990245699882507;RDF201;Civil engineering, maritime engineering, transport engineering, and mining engineering;0.9988282322883606;RDF601;History, archaeology and related studies;0.9987816214561462
497;De l'innovation à la nouvelle conformité : les usages complexes des smart drugs (Sociology, demography and related fields);RDF50;Social sciences;0.3203859329223633;RDF20-21;Engineering and technology;0.2432612031698227;RDF10;Natural sciences;0.17283524572849274;RDF102;Computer and information sciences;0.9987257122993469;RDF604;Arts (arts, history of arts, performing arts, music), architecture and design;0.998672366142273;RDF105;Earth and related environmental sciences;0.9984237551689148;RDF201;Civil engineering, maritime engineering, transport engineering, and mining engineering;0.9983770251274109;RDF508;Media and communications;0.9979332089424133
498;Favoriser la participation sociale des aînés présentant des problèmes de mobilité : partenariat pour le codéveloppement d'un service innovant offert en contexte communautaire;RDF20-21;Engineering and technology;0.28471165895462036;RDF10;Natural sciences;0.24400287866592407;RDF40;Agricultural and veterinary sciences;0.20547103881835938;RDF604;Arts (arts, history of arts, performing arts, music), architecture and design;0.9993637800216675;RDF102;Computer and information sciences;0.999180018901825;RDF105;Earth and related environmental sciences;0.9986222982406616;RDF103;Physical sciences;0.9982959628105164;RDF508;Media and communications;0.9981505870819092
499;Chemosensation in Parkinson's disease: Trigeminal sensitivity as a potential marker (Behavioural Sciences);RDF20-21;Engineering and technology;0.311440110206604;RDF10;Natural sciences;0.2318951040506363;RDF30;Medical, health and life sciences;0.1798960119485855;RDF201;Civil engineering, maritime engineering, transport engineering, and mining engineering;0.998221218585968;RDF102;Computer and information sciences;0.9974090456962585;RDF604;Arts (arts, history of arts, performing arts, music), architecture and design;0.997290313243866;RDF203;Electrical engineering, computer engineering, and information engineering;0.9955229163169861;RDF103;Physical sciences;0.9948902726173401
500;Nuclear Factor Erythroid 2-Related Factor 2 (NRF2) and Regulation of Sodium-Glucose Co-Transporter 2 (SGLT2) Expression in Type 2 Diabetes (Diabetes, Obesity, Lipid & Lipoprotein Disorders);RDF20-21;Engineering and technology;0.318434476852417;RDF30;Medical, health and life sciences;0.1950356513261795;RDF10;Natural sciences;0.1912633180618286;RDF201;Civil engineering, maritime engineering, transport engineering, and mining engineering;0.9994547367095947;RDF508;Media and communications;0.999313473701477;RDF604;Arts (arts, history of arts, performing arts, music), architecture and design;0.9989412426948547;RDF601;History, archaeology and related studies;0.9986489415168762;RDF102;Computer and information sciences;0.9986196160316467
501;Identifying and functionally validating IBD genes and variants impacting intestinal epithelial barrier integrity (Genetics);RDF20-21;Engineering and technology;0.3807574510574341;RDF10;Natural sciences;0.21694906055927277;RDF30;Medical, health and life sciences;0.16248734295368195;RDF604;Arts (arts, history of arts, performing arts, music), architecture and design;0.998757541179657;RDF508;Media and communications;0.9983706474304199;RDF201;Civil engineering, maritime engineering, transport engineering, and mining engineering;0.9969305992126465;RDF202;Industrial, systems and processes engineering;0.9959849119186401;RDF103;Physical sciences;0.9949396848678589
502;Structural and functional characterization of type IV secretion system pili (Biochemistry & Molecular Biology);RDF20-21;Engineering and technology;0.38298800587654114;RDF10;Natural sciences;0.232293963432312;RDF30;Medical, health and life sciences;0.14269348978996277;RDF604;Arts (arts, history of arts, performing arts, music), architecture and design;0.9981541633605957;RDF302;Clinical medicine;0.9913725256919861;RDF508;Media and communications;0.991118311882019;RDF303;Health sciences;0.9854964017868042;RDF105;Earth and related environmental sciences;0.9837381839752197
503;Targeting the extracellular adenosine pathway in pancreatic and liver cancers;RDF20-21;Engineering and technology;0.3690871298313141;RDF30;Medical, health and life sciences;0.20224304497241974;RDF50;Social sciences;0.12680789828300476;RDF508;Media and communications;0.9989718198776245;RDF604;Arts (arts, history of arts, performing arts, music), architecture and design;0.9988144636154175;RDF201;Civil engineering, maritime engineering, transport engineering, and mining engineering;0.998248815536499;RDF203;Electrical engineering, computer engineering, and information engineering;0.9969662427902222;RDF102;Computer and information sciences;0.9957020282745361
504;The impact of amyloid-induced neurodegeneration on sleep features and memory processes (Biological and Clinical Aspects of Aging);RDF20-21;Engineering and technology;0.2516435384750366;RDF10;Natural sciences;0.2350161224603653;RDF30;Medical, health and life sciences;0.18160638213157654;RDF201;Civil engineering, maritime engineering, transport engineering, and mining engineering;0.9994493722915649;RDF203;Electrical engineering, computer engineering, and information engineering;0.9993385076522827;RDF102;Computer and information sciences;0.999152421951294;RDF604;Arts (arts, history of arts, performing arts, music), architecture and design;0.9990415573120117;RDF302;Clinical medicine;0.99903404712677
505;Disentangling the Kinematics of the Solar Neighborhood to Calibrate the Ages of Stars and Exoplanets (Physics);RDF20-21;Engineering and technology;0.33973953127861023;RDF50;Social sciences;0.2040599137544632;RDF10;Natural sciences;0.15105324983596802;RDF604;Arts (arts, history of arts, performing arts, music), architecture and design;0.9987280964851379;RDF508;Media and communications;0.997617244720459;RDF103;Physical sciences;0.997617244720459;RDF102;Computer and information sciences;0.9974241256713867;RDF201;Civil engineering, maritime engineering, transport engineering, and mining engineering;0.9973989129066467
506;Towards a Transcultural History and Theory of Heterophony (Fine Arts, Research-Creation);RDF20-21;Engineering and technology;0.27969756722450256;RDF10;Natural sciences;0.17571531236171722;RDF50;Social sciences;0.15236622095108032;RDF604;Arts (arts, history of arts, performing arts, music), architecture and design;0.9992021322250366;RDF508;Media and communications;0.9991540312767029;RDF201;Civil engineering, maritime engineering, transport engineering, and mining engineering;0.9981468915939331;RDF102;Computer and information sciences;0.9961003661155701;RDF601;History, archaeology and related studies;0.9925394058227539
507;What Do Deep Learning Systems Understand? (Philosophy, medieval studies, classics, religious);RDF40;Agricultural and veterinary sciences;0.25315141677856445;RDF60;Humanities and the arts;0.21234376728534698;RDF20-21;Engineering and technology;0.18775908648967743;RDF601;History, archaeology and related studies;0.9987281560897827;RDF604;Arts (arts, history of arts, performing arts, music), architecture and design;0.998136043548584;RDF508;Media and communications;0.9970478415489197;RDF202;Industrial, systems and processes engineering;0.9953993558883667;RDF203;Electrical engineering, computer engineering, and information engineering;0.994551956653595
508;Improving endurance performance using maple syrup;RDF40;Agricultural and veterinary sciences;0.40319961309432983;RDF30;Medical, health and life sciences;0.255789190530777;RDF20-21;Engineering and technology;0.12637776136398315;RDF203;Electrical engineering, computer engineering, and information engineering;0.9992282390594482;RDF604;Arts (arts, history of arts, performing arts, music), architecture and design;0.9991407990455627;RDF508;Media and communications;0.9990526437759399;RDF201;Civil engineering, maritime engineering, transport engineering, and mining engineering;0.9973785877227783;RDF202;Industrial, systems and processes engineering;0.9973734617233276
509;Multi-Omic Primate Adaptation to Local Environments (Evolution and Ecology);RDF20-21;Engineering and technology;0.21150238811969757;RDF40;Agricultural and veterinary sciences;0.20221152901649475;RDF10;Natural sciences;0.1986881047487259;RDF604;Arts (arts, history of arts, performing arts, music), architecture and design;0.9986698031425476;RDF508;Media and communications;0.9986249208450317;RDF203;Electrical engineering, computer engineering, and information engineering;0.9980807900428772;RDF201;Civil engineering, maritime engineering, transport engineering, and mining engineering;0.9979048371315002;RDF202;Industrial, systems and processes engineering;0.9960545897483826
510;The Role of the State for Long-run Economic Development in Europe (Economics);RDF40;Agricultural and veterinary sciences;0.3863145112991333;RDF10;Natural sciences;0.21585796773433685;RDF30;Medical, health and life sciences;0.1573093682527542;RDF604;Arts (arts, history of arts, performing arts, music), architecture and design;0.9991100430488586;RDF203;Electrical engineering, computer engineering, and information engineering;0.9982419013977051;RDF103;Physical sciences;0.9981648921966553;RDF508;Media and communications;0.9980160593986511;RDF201;Civil engineering, maritime engineering, transport engineering, and mining engineering;0.997821569442749
511;Éditions critiques numériques et multilinguisme;RDF40;Agricultural and veterinary sciences;0.40233391523361206;RDF10;Natural sciences;0.1619238257408142;RDF30;Medical, health and life sciences;0.1363535374403;RDF604;Arts (arts, history of arts, performing arts, music), architecture and design;0.9980919361114502;RDF201;Civil engineering, maritime engineering, transport engineering, and mining engineering;0.9976218938827515;RDF508;Media and communications;0.99757981300354;RDF204;Mechanical engineering;0.9951514005661011;RDF202;Industrial, systems and processes engineering;0.994168758392334
512;Metabolic control of vascular regeneration in retinopathy of prematurity (Clinical Investigation – Reproduction, Maternal, Child and Youth Health);RDF20-21;Engineering and technology;0.28624480962753296;RDF10;Natural sciences;0.21649134159088135;RDF30;Medical, health and life sciences;0.2098306119441986;RDF302;Clinical medicine;0.9990111589431763;RDF604;Arts (arts, history of arts, performing arts, music), architecture and design;0.9984021186828613;RDF201;Civil engineering, maritime engineering, transport engineering, and mining engineering;0.9982385039329529;RDF102;Computer and information sciences;0.997478723526001;RDF202;Industrial, systems and processes engineering;0.9970991611480713
513;Mechanics and dynamics of mineral dust production within cold climates (Geosciences);RDF20-21;Engineering and technology;0.3268568217754364;RDF10;Natural sciences;0.25356391072273254;RDF50;Social sciences;0.25109976530075073;RDF604;Arts (arts, history of arts, performing arts, music), architecture and design;0.9982420206069946;RDF201;Civil engineering, maritime engineering, transport engineering, and mining engineering;0.9980919361114502;RDF105;Earth and related environmental sciences;0.9943305850028992;RDF508;Media and communications;0.9902727603912354;RDF202;Industrial, systems and processes engineering;0.9873628616333008
514;Biosecurity in Canadian dairy farms: Unraveling the epidemiology of bovine infectious diseases and refining diagnostic strategies to improve their detection, prevention and control (Biological Systems and Functions);RDF30;Medical, health and life sciences;0.3499148190021515;RDF20-21;Engineering and technology;0.3112207055091858;RDF10;Natural sciences;0.18638360500335693;RDF604;Arts (arts, history of arts, performing arts, music), architecture and design;0.9960237741470337;RDF402;Animal and dairy sciences;0.9896917939186096;RDF105;Earth and related environmental sciences;0.9856767654418945;RDF508;Media and communications;0.9846642017364502;RDF102;Computer and information sciences;0.9803750514984131
515;Mobilité urbaine et ressources langagières à Santiago du Chili (Linguistics and translation);RDF40;Agricultural and veterinary sciences;0.35549190640449524;RDF20-21;Engineering and technology;0.28816738724708557;RDF10;Natural sciences;0.15439559519290924;RDF604;Arts (arts, history of arts, performing arts, music), architecture and design;0.9978883862495422;RDF201;Civil engineering, maritime engineering, transport engineering, and mining engineering;0.9917643666267395;RDF103;Physical sciences;0.9818926453590393;RDF202;Industrial, systems and processes engineering;0.9802430868148804;RDF105;Earth and related environmental sciences;0.9775000214576721
516;Pays perdus, terres promises : deux imaginaires du territoire de l'Antiquité à nos jours;RDF20-21;Engineering and technology;0.36313194036483765;RDF40;Agricultural and veterinary sciences;0.241426020860672;RDF10;Natural sciences;0.1687072068452835;RDF604;Arts (arts, history of arts, performing arts, music), architecture and design;0.9988991618156433;RDF103;Physical sciences;0.9958741068840027;RDF102;Computer and information sciences;0.9953044652938843;RDF201;Civil engineering, maritime engineering, transport engineering, and mining engineering;0.9950080513954163;RDF105;Earth and related environmental sciences;0.9927812814712524
517;Supraionic engineering of liquid electrolytes for electrochemistry and ionometallurgy;RDF20-21;Engineering and technology;0.44178110361099243;RDF30;Medical, health and life sciences;0.14286616444587708;RDF10;Natural sciences;0.12806440889835358;RDF604;Arts (arts, history of arts, performing arts, music), architecture and design;0.9978883862495422;RDF201;Civil engineering, maritime engineering, transport engineering, and mining engineering;0.9972637891769409;RDF508;Media and communications;0.9944126009941101;RDF202;Industrial, systems and processes engineering;0.9931628108024597;RDF203;Electrical engineering, computer engineering, and information engineering;0.9881766438484192
518;Pricing and Profitability in Non-Life Insurance;RDF40;Agricultural and veterinary sciences;0.5598031282424927;RDF50;Social sciences;0.15514838695526123;RDF20-21;Engineering and technology;0.1512586623430252;RDF604;Arts (arts, history of arts, performing arts, music), architecture and design;0.9988709092140198;RDF203;Electrical engineering, computer engineering, and information engineering;0.998380184173584;RDF508;Media and communications;0.997875988483429;RDF201;Civil engineering, maritime engineering, transport engineering, and mining engineering;0.9956684708595276;RDF102;Computer and information sciences;0.9906690120697021
519;Regulation of glycolysis in T cell metabolic reprogramming (Genes, Cells and Molecules);RDF20-21;Engineering and technology;0.3232344686985016;RDF10;Natural sciences;0.2140626162290573;RDF50;Social sciences;0.15090630948543549;RDF604;Arts (arts, history of arts, performing arts, music), architecture and design;0.9985562562942505;RDF302;Clinical medicine;0.9981030225753784;RDF201;Civil engineering, maritime engineering, transport engineering, and mining engineering;0.9976403713226318;RDF102;Computer and information sciences;0.9971439838409424;RDF202;Industrial, systems and processes engineering;0.9967333078384399
520;After-images and urban spaces: lesbian, gay and queer visible presence in Montreal (1950-1990) (Communications, media studies, gender studies, library and information science, related fields);RDF50;Social sciences;0.33571118116378784;RDF20-21;Engineering and technology;0.25390350818634033;RDF10;Natural sciences;0.15072695910930634;RDF508;Media and communications;0.999511182308197;RDF604;Arts (arts, history of arts, performing arts, music), architecture and design;0.9989657402038574;RDF102;Computer and information sciences;0.998703122138977;RDF201;Civil engineering, maritime engineering, transport engineering, and mining engineering;0.9983990788459778;RDF203;Electrical engineering, computer engineering, and information engineering;0.9976357221603394
521;Heterochromatin Protein 1 (HP1) in maternal infertility and embryonic development (Genes, Cells and Molecules);RDF20-21;Engineering and technology;0.33855682611465454;RDF10;Natural sciences;0.2912847399711609;RDF50;Social sciences;0.14363424479961395;RDF604;Arts (arts, history of arts, performing arts, music), architecture and design;0.9981933236122131;RDF102;Computer and information sciences;0.9980657696723938;RDF508;Media and communications;0.9977525472640991;RDF201;Civil engineering, maritime engineering, transport engineering, and mining engineering;0.9969781041145325;RDF302;Clinical medicine;0.9963143467903137
522;Chronic non-cancer pain, substance use, and related harms: Towards an optimal treatment pathway for people who inject drugs in the context of the opioid crisis (Behavioural Sciences – Clinical Behavioural Sciences);RDF20-21;Engineering and technology;0.37436243891716003;RDF30;Medical, health and life sciences;0.2659817039966583;RDF10;Natural sciences;0.1938377171754837;RDF102;Computer and information sciences;0.9979572296142578;RDF604;Arts (arts, history of arts, performing arts, music), architecture and design;0.9968025088310242;RDF508;Media and communications;0.9965165853500366;RDF105;Earth and related environmental sciences;0.9958499073982239;RDF202;Industrial, systems and processes engineering;0.9955748319625854
523;Simulation stochastique à haute résolution spatiale pour les études des risques d'inondation en milieu urbain;RDF20-21;Engineering and technology;0.6028425693511963;RDF30;Medical, health and life sciences;0.13583238422870636;RDF10;Natural sciences;0.0865936428308487;RDF604;Arts (arts, history of arts, performing arts, music), architecture and design;0.9988027811050415;RDF103;Physical sciences;0.9931361675262451;RDF102;Computer and information sciences;0.9926683902740479;RDF105;Earth and related environmental sciences;0.9898598194122314;RDF204;Mechanical engineering;0.9896518588066101
524;Innovative mobile health treatment modality to treat sleep difficulties in healthcare workers working on atypical work schedules;RDF20-21;Engineering and technology;0.2683921456336975;RDF30;Medical, health and life sciences;0.24968087673187256;RDF40;Agricultural and veterinary sciences;0.19256195425987244;RDF604;Arts (arts, history of arts, performing arts, music), architecture and design;0.9986954927444458;RDF203;Electrical engineering, computer engineering, and information engineering;0.9934484958648682;RDF302;Clinical medicine;0.9917324185371399;RDF102;Computer and information sciences;0.9915133714675903;RDF202;Industrial, systems and processes engineering;0.9897315502166748
525;Interpretable Machine Learning Approaches Applied to Omics Datasets (Genes, Cells and Molecules);RDF20-21;Engineering and technology;0.28830742835998535;RDF40;Agricultural and veterinary sciences;0.18541955947875977;RDF10;Natural sciences;0.18469668924808502;RDF102;Computer and information sciences;0.9988027811050415;RDF604;Arts (arts, history of arts, performing arts, music), architecture and design;0.9985786080360413;RDF508;Media and communications;0.9977525472640991;RDF302;Clinical medicine;0.9976677894592285;RDF201;Civil engineering, maritime engineering, transport engineering, and mining engineering;0.9959614276885986
526;Prevention and treatment of preeclampsia using exercise training and Angiotensin-(1-7): determining the mechanisms and clinical potential (Cardiovascular System – Heart and Circulation);RDF20-21;Engineering and technology;0.30104613304138184;RDF10;Natural sciences;0.2746415138244629;RDF30;Medical, health and life sciences;0.20609913766384125;RDF604;Arts (arts, history of arts, performing arts, music), architecture and design;0.9984572529792786;RDF105;Earth and related environmental sciences;0.9981397390365601;RDF302;Clinical medicine;0.9980695247650146;RDF102;Computer and information sciences;0.9978130459785461;RDF201;Civil engineering, maritime engineering, transport engineering, and mining engineering;0.9976677298545837
527;Connecting MRI physics and artificial intelligence to advance novel acquisition and analyses technologies for neuroimaging applications (Physics);RDF20-21;Engineering and technology;0.3874506652355194;RDF10;Natural sciences;0.2531057298183441;RDF30;Medical, health and life sciences;0.17532122135162354;RDF201;Civil engineering, maritime engineering, transport engineering, and mining engineering;0.9985105395317078;RDF604;Arts (arts, history of arts, performing arts, music), architecture and design;0.9977260828018188;RDF103;Physical sciences;0.9973785877227783;RDF508;Media and communications;0.9969898462295532;RDF202;Industrial, systems and processes engineering;0.9966723322868347
528;The Paperology Symposium;RDF40;Agricultural and veterinary sciences;0.3799929916858673;RDF50;Social sciences;0.20903392136096954;RDF20-21;Engineering and technology;0.14621448516845703;RDF604;Arts (arts, history of arts, performing arts, music), architecture and design;0.9979612231254578;RDF201;Civil engineering, maritime engineering, transport engineering, and mining engineering;0.9977261424064636;RDF508;Media and communications;0.9967900514602661;RDF202;Industrial, systems and processes engineering;0.994477391242981;RDF204;Mechanical engineering;0.9933071136474609
529;Mechanisms affecting follicular development and ovulation in the Bovine model;RDF20-21;Engineering and technology;0.39869198203086853;RDF30;Medical, health and life sciences;0.17451614141464233;RDF40;Agricultural and veterinary sciences;0.14767664670944214;RDF604;Arts (arts, history of arts, performing arts, music), architecture and design;0.998742938041687;RDF508;Media and communications;0.9984176754951477;RDF203;Electrical engineering, computer engineering, and information engineering;0.9979291558265686;RDF402;Animal and dairy sciences;0.9958980679512024;RDF302;Clinical medicine;0.9941460490226746
530;Measuring and modeling large-scale electrophysiological brain dynamics: From neural mechanisms to cognitive processes (Biological Systems and Functions);RDF10;Natural sciences;0.22493013739585876;RDF20-21;Engineering and technology;0.1977262645959854;RDF50;Social sciences;0.18466146290302277;RDF604;Arts (arts, history of arts, performing arts, music), architecture and design;0.9988144040107727;RDF102;Computer and information sciences;0.9983288645744324;RDF201;Civil engineering, maritime engineering, transport engineering, and mining engineering;0.9974291324615479;RDF105;Earth and related environmental sciences;0.9966495633125305;RDF302;Clinical medicine;0.996616780757904
531;Apprentissage des jeunes adultes touchés par un cancer du sang : création de solutions à l'aide du co-design;RDF20-21;Engineering and technology;0.29317060112953186;RDF10;Natural sciences;0.19605809450149536;RDF40;Agricultural and veterinary sciences;0.1680252104997635;RDF604;Arts (arts, history of arts, performing arts, music), architecture and design;0.998879611492157;RDF201;Civil engineering, maritime engineering, transport engineering, and mining engineering;0.9985221028327942;RDF102;Computer and information sciences;0.998248815536499;RDF508;Media and communications;0.9980581998825073;RDF203;Electrical engineering, computer engineering, and information engineering;0.9962783455848694
532;Mentalisation parentale non verbale sous la loupe : Valeur ajoutée à la relation parent-enfant et complémentarité avec la mentalisation parentale verbale (Psychology, linguistics and translation);RDF20-21;Engineering and technology;0.5289890170097351;RDF10;Natural sciences;0.16093914210796356;RDF50;Social sciences;0.09378333389759064;RDF604;Arts (arts, history of arts, performing arts, music), architecture and design;0.8785228133201599;RDF105;Earth and related environmental sciences;0.8682588338851929;RDF508;Media and communications;0.7558764219284058;RDF102;Computer and information sciences;0.7279754281044006;RDF602;Languages and literature;0.7191094160079956
533;A multifactorial and integrative approach to investigate spoken discourse in Canadian French (Mutidisciplinary or interdisciplinary social sciences);RDF50;Social sciences;0.275890588760376;RDF20-21;Engineering and technology;0.22649861872196198;RDF10;Natural sciences;0.19166453182697296;RDF604;Arts (arts, history of arts, performing arts, music), architecture and design;0.9950659275054932;RDF102;Computer and information sciences;0.9708816409111023;RDF508;Media and communications;0.9695267677307129;RDF105;Earth and related environmental sciences;0.9684410095214844;RDF201;Civil engineering, maritime engineering, transport engineering, and mining engineering;0.9649212956428528
534;Opening the blackbox on the relation between participation in hackathons and the development of longer-term collaborative capabilities;RDF20-21;Engineering and technology;0.3990336060523987;RDF40;Agricultural and veterinary sciences;0.30061864852905273;RDF10;Natural sciences;0.10855834931135178;RDF604;Arts (arts, history of arts, performing arts, music), architecture and design;0.9982038140296936;RDF201;Civil engineering, maritime engineering, transport engineering, and mining engineering;0.9944558143615723;RDF508;Media and communications;0.992385983467102;RDF202;Industrial, systems and processes engineering;0.9891606569290161;RDF203;Electrical engineering, computer engineering, and information engineering;0.987129271030426
535;A multi-country comparison of COVID-19 response: Planning, implementation, and health system resilience (Canadian 2019 Novel Coronavirus (2019-nCoV) Rapid Research);RDF20-21;Engineering and technology;0.3520776629447937;RDF30;Medical, health and life sciences;0.2953232526779175;RDF10;Natural sciences;0.19481588900089264;RDF604;Arts (arts, history of arts, performing arts, music), architecture and design;0.9984602332115173;RDF102;Computer and information sciences;0.996656060218811;RDF508;Media and communications;0.9948000907897949;RDF201;Civil engineering, maritime engineering, transport engineering, and mining engineering;0.9938787221908569;RDF302;Clinical medicine;0.9916842579841614
536;Participatory Democracy and the Canadian Genetic Non-Discrimination Act (Multidisciplinary or interdisciplinary humanities);RDF20-21;Engineering and technology;0.2274956852197647;RDF50;Social sciences;0.22616660594940186;RDF10;Natural sciences;0.2124638557434082;RDF201;Civil engineering, maritime engineering, transport engineering, and mining engineering;0.999127209186554;RDF604;Arts (arts, history of arts, performing arts, music), architecture and design;0.998932957649231;RDF203;Electrical engineering, computer engineering, and information engineering;0.9987056255340576;RDF103;Physical sciences;0.9978760480880737;RDF102;Computer and information sciences;0.9978552460670471
537;Levelling the Playing Fields: Creating the conditions for free-play to emerge in cities (Public, Community & Population Health);RDF40;Agricultural and veterinary sciences;0.23778094351291656;RDF20-21;Engineering and technology;0.18994611501693726;RDF30;Medical, health and life sciences;0.18883641064167023;RDF604;Arts (arts, history of arts, performing arts, music), architecture and design;0.9991390705108643;RDF203;Electrical engineering, computer engineering, and information engineering;0.9989698529243469;RDF102;Computer and information sciences;0.9985421299934387;RDF508;Media and communications;0.9985191822052002;RDF201;Civil engineering, maritime engineering, transport engineering, and mining engineering;0.9983288645744324
538;Using prospective and observational designs to study support processes and sexual well-being in long-term couples (Psychology);RDF20-21;Engineering and technology;0.3747405409812927;RDF50;Social sciences;0.15229862928390503;RDF40;Agricultural and veterinary sciences;0.14475779235363007;RDF604;Arts (arts, history of arts, performing arts, music), architecture and design;0.9980993270874023;RDF102;Computer and information sciences;0.994820237159729;RDF203;Electrical engineering, computer engineering, and information engineering;0.9945093989372253;RDF501;Psychology and cognitive sciences;0.9942474961280823;RDF103;Physical sciences;0.99405437707901
539;Molecular dissection of mitotic kinase functions using chemogenomics (Genes, Cells and Molecules);RDF20-21;Engineering and technology;0.5092790126800537;RDF10;Natural sciences;0.1849898099899292;RDF50;Social sciences;0.11862470954656601;RDF604;Arts (arts, history of arts, performing arts, music), architecture and design;0.9956769347190857;RDF102;Computer and information sciences;0.9924227595329285;RDF302;Clinical medicine;0.9899476170539856;RDF105;Earth and related environmental sciences;0.9835654497146606;RDF103;Physical sciences;0.9817007184028625
540;Compassion and Collective Care in Long-Term Care Settings: A Communicative Perspective (Communications, media studies, gender studies, library and information science, related fields);RDF20-21;Engineering and technology;0.26754915714263916;RDF50;Social sciences;0.21836726367473602;RDF10;Natural sciences;0.19689343869686127;RDF508;Media and communications;0.9996940493583679;RDF102;Computer and information sciences;0.9990782737731934;RDF604;Arts (arts, history of arts, performing arts, music), architecture and design;0.9988304972648621;RDF203;Electrical engineering, computer engineering, and information engineering;0.9986878037452698;RDF201;Civil engineering, maritime engineering, transport engineering, and mining engineering;0.9981541633605957
541;Towards a better understanding of contaminant bioavailability- urgent replacement of photosynthetic incubators (Geosciences);RDF20-21;Engineering and technology;0.6540386080741882;RDF10;Natural sciences;0.1642402857542038;RDF30;Medical, health and life sciences;0.06574627757072449;RDF604;Arts (arts, history of arts, performing arts, music), architecture and design;0.9976903796195984;RDF508;Media and communications;0.9970014691352844;RDF201;Civil engineering, maritime engineering, transport engineering, and mining engineering;0.996656060218811;RDF105;Earth and related environmental sciences;0.9893988370895386;RDF202;Industrial, systems and processes engineering;0.9880157709121704
542;Marking Monastic Space: The Spatial Iconography of Inscribed Capitals, 1080-1160 (Fine arts, research-creation);RDF20-21;Engineering and technology;0.387440949678421;RDF50;Social sciences;0.14156053960323334;RDF10;Natural sciences;0.13079431653022766;RDF508;Media and communications;0.9986087679862976;RDF604;Arts (arts, history of arts, performing arts, music), architecture and design;0.998490035533905;RDF102;Computer and information sciences;0.9963500499725342;RDF601;History, archaeology and related studies;0.9955055117607117;RDF201;Civil engineering, maritime engineering, transport engineering, and mining engineering;0.9948303699493408
543;Dans l'intérêt du patient : la relation thérapeutique au sein de la Collection hippocratique (Philosophy, medieval studies, classics, religious);RDF10;Natural sciences;0.2308024913072586;RDF30;Medical, health and life sciences;0.22633835673332214;RDF20-21;Engineering and technology;0.15374760329723358;RDF604;Arts (arts, history of arts, performing arts, music), architecture and design;0.997393786907196;RDF201;Civil engineering, maritime engineering, transport engineering, and mining engineering;0.9958418011665344;RDF601;History, archaeology and related studies;0.9939143061637878;RDF102;Computer and information sciences;0.9928785562515259;RDF302;Clinical medicine;0.9918752908706665
544;Advanced methods for depth-based human pose estimation and motion analysis: application to vital signs monitoring in the intensive care unit (Electrical and Computer Engineering);RDF20-21;Engineering and technology;0.36291226744651794;RDF30;Medical, health and life sciences;0.29562243819236755;RDF10;Natural sciences;0.19311806559562683;RDF302;Clinical medicine;0.998095691204071;RDF203;Electrical engineering, computer engineering, and information engineering;0.9979129433631897;RDF303;Health sciences;0.9972262382507324;RDF102;Computer and information sciences;0.9971551299095154;RDF604;Arts (arts, history of arts, performing arts, music), architecture and design;0.9968334436416626
545;RÉAC ! Réactivité de la prise en charge des nouveaux arrivants face à la pandémie de COVID-19 à Montréal, Sherbrooke et Toronto : une recherche mixte participative (Health Policy & Systems Management Research);RDF20-21;Engineering and technology;0.3910050690174103;RDF10;Natural sciences;0.2584385871887207;RDF30;Medical, health and life sciences;0.22807124257087708;RDF102;Computer and information sciences;0.9972531199455261;RDF604;Arts (arts, history of arts, performing arts, music), architecture and design;0.9966819882392883;RDF105;Earth and related environmental sciences;0.9953904151916504;RDF103;Physical sciences;0.9892440438270569;RDF302;Clinical medicine;0.9827406406402588
546;Public School Choice and Refugee Assignment: (Dynamic) Minimal Instability for Non-Unit Capacities and for Lotteries and Weak Priorities (Economics);RDF40;Agricultural and veterinary sciences;0.26876887679100037;RDF20-21;Engineering and technology;0.22281722724437714;RDF10;Natural sciences;0.2093174159526825;RDF203;Electrical engineering, computer engineering, and information engineering;0.9992114901542664;RDF604;Arts (arts, history of arts, performing arts, music), architecture and design;0.9990817904472351;RDF201;Civil engineering, maritime engineering, transport engineering, and mining engineering;0.9988259077072144;RDF102;Computer and information sciences;0.9986954927444458;RDF103;Physical sciences;0.9977612495422363
547;Metabolic and translational dependencies of activated T cells (Genes, Cells and Molecules);RDF10;Natural sciences;0.23798897862434387;RDF20-21;Engineering and technology;0.22010381519794464;RDF30;Medical, health and life sciences;0.1751396507024765;RDF604;Arts (arts, history of arts, performing arts, music), architecture and design;0.9990600347518921;RDF201;Civil engineering, maritime engineering, transport engineering, and mining engineering;0.9990359544754028;RDF302;Clinical medicine;0.9983959197998047;RDF202;Industrial, systems and processes engineering;0.9981932640075684;RDF303;Health sciences;0.9980543851852417
548;Transformer des espaces conventionnels et dysfonctionnels de participation : scénarios pour accroître la participation des citoyens aux comités consultatifs;RDF20-21;Engineering and technology;0.34035778045654297;RDF40;Agricultural and veterinary sciences;0.23807254433631897;RDF10;Natural sciences;0.1786567121744156;RDF604;Arts (arts, history of arts, performing arts, music), architecture and design;0.998661994934082;RDF508;Media and communications;0.9953454732894897;RDF201;Civil engineering, maritime engineering, transport engineering, and mining engineering;0.9942138195037842;RDF102;Computer and information sciences;0.9936672449111938;RDF203;Electrical engineering, computer engineering, and information engineering;0.9936240315437317
549;CITE-sequencing analysis revealed immune cell diversity in colonic mesenteric lymph nodes from IBD patients;RDF20-21;Engineering and technology;0.5030820965766907;RDF30;Medical, health and life sciences;0.16189762949943542;RDF10;Natural sciences;0.10371551662683487;RDF604;Arts (arts, history of arts, performing arts, music), architecture and design;0.9975032210350037;RDF102;Computer and information sciences;0.9855243563652039;RDF105;Earth and related environmental sciences;0.9826743006706238;RDF508;Media and communications;0.9817706942558289;RDF202;Industrial, systems and processes engineering;0.9809308648109436
550;The neglected place of financial information and accountants in Canadian tech startups;RDF40;Agricultural and veterinary sciences;0.4253877103328705;RDF20-21;Engineering and technology;0.38580989837646484;RDF30;Medical, health and life sciences;0.08102825284004211;RDF604;Arts (arts, history of arts, performing arts, music), architecture and design;0.9959771037101746;RDF201;Civil engineering, maritime engineering, transport engineering, and mining engineering;0.9949101209640503;RDF203;Electrical engineering, computer engineering, and information engineering;0.9920157194137573;RDF202;Industrial, systems and processes engineering;0.9890871047973633;RDF103;Physical sciences;0.987508237361908
551;Reinventing the Rash: A Global History of Measles in the Vaccine Era (History);RDF30;Medical, health and life sciences;0.24288591742515564;RDF20-21;Engineering and technology;0.20254281163215637;RDF40;Agricultural and veterinary sciences;0.19326770305633545;RDF508;Media and communications;0.9990800023078918;RDF604;Arts (arts, history of arts, performing arts, music), architecture and design;0.9988818168640137;RDF102;Computer and information sciences;0.9983091354370117;RDF201;Civil engineering, maritime engineering, transport engineering, and mining engineering;0.9978719353675842;RDF203;Electrical engineering, computer engineering, and information engineering;0.9977481365203857
552;A New, Data-Driven Era for Precision Cosmology: Measuring the Expansion Rate of the Universe with Machine Learning (Physics);RDF20-21;Engineering and technology;0.42358529567718506;RDF50;Social sciences;0.16171963512897491;RDF10;Natural sciences;0.1592124104499817;RDF604;Arts (arts, history of arts, performing arts, music), architecture and design;0.9993293881416321;RDF103;Physical sciences;0.9992958307266235;RDF102;Computer and information sciences;0.9991030097007751;RDF508;Media and communications;0.9985421299934387;RDF203;Electrical engineering, computer engineering, and information engineering;0.9980044364929199
553;Créer-Entreprendre ! Trajectoires croisées : arts numériques et école nationale de cirque. Une exploration des reconfigurations des projets créatifs et des modèles de valeur post-Covid;RDF20-21;Engineering and technology;0.4889080822467804;RDF60;Humanities and the arts;0.17483700811862946;RDF10;Natural sciences;0.11069989949464798;RDF604;Arts (arts, history of arts, performing arts, music), architecture and design;0.9981397390365601;RDF102;Computer and information sciences;0.9861380457878113;RDF105;Earth and related environmental sciences;0.9831984043121338;RDF508;Media and communications;0.9775429368019104;RDF201;Civil engineering, maritime engineering, transport engineering, and mining engineering;0.9687971472740173
554;Factors that control translational fidelity in mammalian cells (Genes, Cells and Molecules);RDF20-21;Engineering and technology;0.24312999844551086;RDF40;Agricultural and veterinary sciences;0.1965084969997406;RDF10;Natural sciences;0.18316605687141418;RDF604;Arts (arts, history of arts, performing arts, music), architecture and design;0.9988463521003723;RDF203;Electrical engineering, computer engineering, and information engineering;0.998454213142395;RDF201;Civil engineering, maritime engineering, transport engineering, and mining engineering;0.9977349638938904;RDF302;Clinical medicine;0.9976993203163147;RDF508;Media and communications;0.9975417852401733
555;Exploiting the synthetic-lethal vulnerabilities of stem cells and cancer cells with eroded telomeres (Molecular & Cellular Biology of Cancer);RDF20-21;Engineering and technology;0.34567752480506897;RDF10;Natural sciences;0.23804494738578796;RDF30;Medical, health and life sciences;0.1483839601278305;RDF604;Arts (arts, history of arts, performing arts, music), architecture and design;0.998501718044281;RDF102;Computer and information sciences;0.9961531758308411;RDF303;Health sciences;0.9957848787307739;RDF302;Clinical medicine;0.9955229163169861;RDF508;Media and communications;0.9946046471595764
556;Physicochemical characterization of pre-clinical samples of a bacteriophage therapy spray-on patch for the treatment of COVID-19-related pressure injury resistant infections;RDF20-21;Engineering and technology;0.6517626643180847;RDF30;Medical, health and life sciences;0.11074382066726685;RDF10;Natural sciences;0.09678131341934204;RDF604;Arts (arts, history of arts, performing arts, music), architecture and design;0.9962782859802246;RDF103;Physical sciences;0.9883802533149719;RDF302;Clinical medicine;0.9820654392242432;RDF102;Computer and information sciences;0.9795701503753662;RDF201;Civil engineering, maritime engineering, transport engineering, and mining engineering;0.9744347929954529
557;Dumping of waste rocks (WR) in mine stopes being filled with paste backfill (PB): Experimental and numerical investigations on the natural mixing behavior between WR and PB;RDF20-21;Engineering and technology;0.6793402433395386;RDF10;Natural sciences;0.08322208374738693;RDF50;Social sciences;0.06948374211788177;RDF604;Arts (arts, history of arts, performing arts, music), architecture and design;0.9914722442626953;RDF102;Computer and information sciences;0.9892023801803589;RDF508;Media and communications;0.9789754748344421;RDF208;Environmental engineering and related engineering;0.9521087408065796;RDF103;Physical sciences;0.9474783539772034
558;Deep neural network uncertainty estimation for safe integration into autonomous driving autonomy systems;RDF40;Agricultural and veterinary sciences;0.3768394887447357;RDF20-21;Engineering and technology;0.1939803510904312;RDF30;Medical, health and life sciences;0.15739719569683075;RDF604;Arts (arts, history of arts, performing arts, music), architecture and design;0.9988685846328735;RDF203;Electrical engineering, computer engineering, and information engineering;0.9975845813751221;RDF508;Media and communications;0.9965029954910278;RDF202;Industrial, systems and processes engineering;0.9960545897483826;RDF201;Civil engineering, maritime engineering, transport engineering, and mining engineering;0.9957602024078369
559;Adaptive Mechanical Systems for Physical Embodied Intelligence Robotics;RDF40;Agricultural and veterinary sciences;0.3361234962940216;RDF30;Medical, health and life sciences;0.19682647287845612;RDF20-21;Engineering and technology;0.14343991875648499;RDF508;Media and communications;0.9991390705108643;RDF604;Arts (arts, history of arts, performing arts, music), architecture and design;0.9990563988685608;RDF203;Electrical engineering, computer engineering, and information engineering;0.9987934827804565;RDF202;Industrial, systems and processes engineering;0.9979652166366577;RDF302;Clinical medicine;0.9978384375572205
560;Transnational families and midwifery care: Expectations, challenges and practices during pregnancy, childbirth and postpartum (Evolving Narratives of Cultures and Histories);RDF20-21;Engineering and technology;0.4063878059387207;RDF30;Medical, health and life sciences;0.24361500144004822;RDF10;Natural sciences;0.21207018196582794;RDF604;Arts (arts, history of arts, performing arts, music), architecture and design;0.9983547329902649;RDF508;Media and communications;0.9922294616699219;RDF102;Computer and information sciences;0.990121066570282;RDF105;Earth and related environmental sciences;0.9887663125991821;RDF201;Civil engineering, maritime engineering, transport engineering, and mining engineering;0.9782811999320984
561;Constructing participatory performance: the ecologies and architectures of audience engagement (Communications, media studies, gender studies, library and information science, related fields);RDF50;Social sciences;0.2314692884683609;RDF20-21;Engineering and technology;0.2252257913351059;RDF10;Natural sciences;0.1823934018611908;RDF508;Media and communications;0.9995583891868591;RDF604;Arts (arts, history of arts, performing arts, music), architecture and design;0.9990434050559998;RDF102;Computer and information sciences;0.9989475011825562;RDF203;Electrical engineering, computer engineering, and information engineering;0.998816728591919;RDF601;History, archaeology and related studies;0.9987207055091858
562;Development and implementation of a standardized methodology aiming to optimize the efficacy and reproducibility of findings using non-invasive brain stimulation techniques in the context of motor training (Biological Systems and Functions);RDF20-21;Engineering and technology;0.40478700399398804;RDF10;Natural sciences;0.2513379454612732;RDF30;Medical, health and life sciences;0.14833226799964905;RDF604;Arts (arts, history of arts, performing arts, music), architecture and design;0.9976357221603394;RDF102;Computer and information sciences;0.9972370266914368;RDF103;Physical sciences;0.9955748319625854;RDF204;Mechanical engineering;0.9949543476104736;RDF302;Clinical medicine;0.993358850479126
563;Putting interfaces at work (Materials and Chemical Engineering);RDF20-21;Engineering and technology;0.24516139924526215;RDF10;Natural sciences;0.20725460350513458;RDF40;Agricultural and veterinary sciences;0.196416437625885;RDF604;Arts (arts, history of arts, performing arts, music), architecture and design;0.9978966116905212;RDF508;Media and communications;0.9956684708595276;RDF201;Civil engineering, maritime engineering, transport engineering, and mining engineering;0.9932156205177307;RDF202;Industrial, systems and processes engineering;0.982954740524292;RDF104;Chemical sciences;0.9826409816741943
564;Les outils de l'intersectorialité au niveau régional, comment sont-ils produits et comment opèrent-ils? (Political science and public administration);RDF20-21;Engineering and technology;0.3368672728538513;RDF10;Natural sciences;0.24501751363277435;RDF40;Agricultural and veterinary sciences;0.15773241221904755;RDF604;Arts (arts, history of arts, performing arts, music), architecture and design;0.9979492425918579;RDF201;Civil engineering, maritime engineering, transport engineering, and mining engineering;0.9957354068756104;RDF102;Computer and information sciences;0.9951983094215393;RDF105;Earth and related environmental sciences;0.9929609894752502;RDF202;Industrial, systems and processes engineering;0.9881423711776733
565;Cell biology and function of dopamine neuron connectivity in health and disease (Molecular & Cellular Neurosciences);RDF10;Natural sciences;0.3494243025779724;RDF30;Medical, health and life sciences;0.27587804198265076;RDF20-21;Engineering and technology;0.20824365317821503;RDF604;Arts (arts, history of arts, performing arts, music), architecture and design;0.9988948106765747;RDF201;Civil engineering, maritime engineering, transport engineering, and mining engineering;0.9988236427307129;RDF202;Industrial, systems and processes engineering;0.9970305562019348;RDF302;Clinical medicine;0.9963358044624329;RDF303;Health sciences;0.9951983690261841
566;Exploiting Graphical Optimization Models to Solve Discrete Decision Problems in Healthcare and Supply Chain Logistics (Civil, Industrial and Systems Engineering);RDF20-21;Engineering and technology;0.3629368543624878;RDF30;Medical, health and life sciences;0.18107591569423676;RDF10;Natural sciences;0.1518867313861847;RDF203;Electrical engineering, computer engineering, and information engineering;0.9989677667617798;RDF604;Arts (arts, history of arts, performing arts, music), architecture and design;0.9986249208450317;RDF102;Computer and information sciences;0.9959338307380676;RDF508;Media and communications;0.9936240911483765;RDF105;Earth and related environmental sciences;0.9909797310829163
567;Alliance de recherche et d'action Alternatives inclusives en Santé mentale;RDF50;Social sciences;0.20483367145061493;RDF40;Agricultural and veterinary sciences;0.2004798948764801;RDF20-21;Engineering and technology;0.19129924476146698;RDF201;Civil engineering, maritime engineering, transport engineering, and mining engineering;0.998495876789093;RDF604;Arts (arts, history of arts, performing arts, music), architecture and design;0.9984021782875061;RDF501;Psychology and cognitive sciences;0.9982556104660034;RDF102;Computer and information sciences;0.997285008430481;RDF204;Mechanical engineering;0.9972153902053833
568;The development of a quality benchmark that identifies and addresses the determinants of online information reliability to inform information-seeking by a diverse population (Communications, media studies, gender studies, library and information science, related fields);RDF20-21;Engineering and technology;0.3025393486022949;RDF50;Social sciences;0.27871233224868774;RDF10;Natural sciences;0.17170967161655426;RDF102;Computer and information sciences;0.9991974830627441;RDF604;Arts (arts, history of arts, performing arts, music), architecture and design;0.9991832375526428;RDF508;Media and communications;0.9991540908813477;RDF601;History, archaeology and related studies;0.9984145164489746;RDF203;Electrical engineering, computer engineering, and information engineering;0.9981827139854431
569;Staufen2 and DNA damage (Genes, Cells and Molecules);RDF20-21;Engineering and technology;0.25869086384773254;RDF50;Social sciences;0.21911971271038055;RDF10;Natural sciences;0.15906384587287903;RDF201;Civil engineering, maritime engineering, transport engineering, and mining engineering;0.9986567497253418;RDF604;Arts (arts, history of arts, performing arts, music), architecture and design;0.9983675479888916;RDF508;Media and communications;0.9970592856407166;RDF102;Computer and information sciences;0.9948604106903076;RDF202;Industrial, systems and processes engineering;0.9946359395980835
570;Ultra-high-resolution emission and absorption spectroscopy of non-equilibrium and highly-reactive plasmas applied to complex materials processing (Physics);RDF20-21;Engineering and technology;0.36842626333236694;RDF10;Natural sciences;0.1778116673231125;RDF40;Agricultural and veterinary sciences;0.15630649030208588;RDF201;Civil engineering, maritime engineering, transport engineering, and mining engineering;0.9987815618515015;RDF103;Physical sciences;0.9986462593078613;RDF203;Electrical engineering, computer engineering, and information engineering;0.9985364079475403;RDF604;Arts (arts, history of arts, performing arts, music), architecture and design;0.9985191226005554;RDF202;Industrial, systems and processes engineering;0.9973529577255249
571;Symmetries: Algebra and Physics;RDF10;Natural sciences;0.29734739661216736;RDF20-21;Engineering and technology;0.24554859101772308;RDF40;Agricultural and veterinary sciences;0.23112253844738007;RDF604;Arts (arts, history of arts, performing arts, music), architecture and design;0.9984269142150879;RDF508;Media and communications;0.9964550137519836;RDF103;Physical sciences;0.9948202967643738;RDF202;Industrial, systems and processes engineering;0.9935494065284729;RDF201;Civil engineering, maritime engineering, transport engineering, and mining engineering;0.9933974146842957
572;Mobilizing Women's Entrepreneurship for empowerment and local economic development;RDF40;Agricultural and veterinary sciences;0.48669761419296265;RDF30;Medical, health and life sciences;0.19208838045597076;RDF10;Natural sciences;0.12871040403842926;RDF203;Electrical engineering, computer engineering, and information engineering;0.9994857311248779;RDF508;Media and communications;0.9992875456809998;RDF604;Arts (arts, history of arts, performing arts, music), architecture and design;0.9991374015808105;RDF208;Environmental engineering and related engineering;0.9988752603530884;RDF204;Mechanical engineering;0.9988304972648621
573;Calmodulation of ion channels (Genes, Cells and Molecules);RDF20-21;Engineering and technology;0.31800928711891174;RDF30;Medical, health and life sciences;0.20492160320281982;RDF10;Natural sciences;0.16562676429748535;RDF604;Arts (arts, history of arts, performing arts, music), architecture and design;0.9986436367034912;RDF201;Civil engineering, maritime engineering, transport engineering, and mining engineering;0.9982590079307556;RDF508;Media and communications;0.9979492425918579;RDF302;Clinical medicine;0.9977612495422363;RDF202;Industrial, systems and processes engineering;0.996271014213562
574;A multidimensional approach to study the biophysics of bioadhesin interaction with advanced nanomaterials;RDF20-21;Engineering and technology;0.4165785312652588;RDF50;Social sciences;0.18057341873645782;RDF30;Medical, health and life sciences;0.13198138773441315;RDF604;Arts (arts, history of arts, performing arts, music), architecture and design;0.9990563988685608;RDF508;Media and communications;0.9966233968734741;RDF302;Clinical medicine;0.996563732624054;RDF303;Health sciences;0.9931495785713196;RDF102;Computer and information sciences;0.992046594619751
575;Smart nanostructured optical coatings prepared by pulsed plasma-based techniques (Physics);RDF20-21;Engineering and technology;0.4438422918319702;RDF30;Medical, health and life sciences;0.15949806571006775;RDF10;Natural sciences;0.14213785529136658;RDF604;Arts (arts, history of arts, performing arts, music), architecture and design;0.9983833432197571;RDF201;Civil engineering, maritime engineering, transport engineering, and mining engineering;0.9978299736976624;RDF103;Physical sciences;0.9963143467903137;RDF508;Media and communications;0.9945200681686401;RDF202;Industrial, systems and processes engineering;0.994168758392334
576;Développement de vêtements de protection chimique intelligents à haute performance de filtration (Materials and Chemical Engineering);RDF20-21;Engineering and technology;0.4709472358226776;RDF10;Natural sciences;0.1719035506248474;RDF30;Medical, health and life sciences;0.1715681254863739;RDF604;Arts (arts, history of arts, performing arts, music), architecture and design;0.9986196160316467;RDF508;Media and communications;0.9976171851158142;RDF205;Chemical engineering;0.9951230883598328;RDF105;Earth and related environmental sciences;0.9941118359565735;RDF201;Civil engineering, maritime engineering, transport engineering, and mining engineering;0.987628161907196
577;Context and Culture: Linguistic Anthropology and the Legacy of Michael Silverstein;RDF20-21;Engineering and technology;0.4844954013824463;RDF10;Natural sciences;0.20494800806045532;RDF40;Agricultural and veterinary sciences;0.09210706502199173;RDF604;Arts (arts, history of arts, performing arts, music), architecture and design;0.9986141324043274;RDF201;Civil engineering, maritime engineering, transport engineering, and mining engineering;0.9969246983528137;RDF508;Media and communications;0.9963923692703247;RDF203;Electrical engineering, computer engineering, and information engineering;0.9892647862434387;RDF103;Physical sciences;0.9891186356544495
578;Ultra-trace laboratory for legacy and emerging contaminants (Geosciences);RDF20-21;Engineering and technology;0.5863348841667175;RDF10;Natural sciences;0.18740388751029968;RDF50;Social sciences;0.14868363738059998;RDF201;Civil engineering, maritime engineering, transport engineering, and mining engineering;0.9965969920158386;RDF604;Arts (arts, history of arts, performing arts, music), architecture and design;0.9928509593009949;RDF105;Earth and related environmental sciences;0.9903008937835693;RDF203;Electrical engineering, computer engineering, and information engineering;0.9891396760940552;RDF202;Industrial, systems and processes engineering;0.9812029600143433
579;Improving vulnerable preschoolers' mental health: A superiority trial assessing the How-to Parenting Program;RDF20-21;Engineering and technology;0.35274839401245117;RDF10;Natural sciences;0.16436396539211273;RDF40;Agricultural and veterinary sciences;0.16308486461639404;RDF508;Media and communications;0.9989033937454224;RDF604;Arts (arts, history of arts, performing arts, music), architecture and design;0.9987453818321228;RDF203;Electrical engineering, computer engineering, and information engineering;0.998542070388794;RDF102;Computer and information sciences;0.9972531199455261;RDF103;Physical sciences;0.996249258518219
580;Polymeric Nanoparticles for Delivery of Ribonucleic Acids: Overcoming the Endosomal Barrier and Going Beyond the Liver (Materials and Chemical Engineering);RDF20-21;Engineering and technology;0.28404346108436584;RDF30;Medical, health and life sciences;0.2506674528121948;RDF10;Natural sciences;0.24774709343910217;RDF604;Arts (arts, history of arts, performing arts, music), architecture and design;0.9986515641212463;RDF102;Computer and information sciences;0.9983124732971191;RDF508;Media and communications;0.9982993006706238;RDF303;Health sciences;0.997368335723877;RDF211;Nano-technology;0.9967900514602661
581;Crime in the Decentralized Finance Industry (Law and criminology);RDF40;Agricultural and veterinary sciences;0.3015804886817932;RDF10;Natural sciences;0.25247254967689514;RDF20-21;Engineering and technology;0.20606210827827454;RDF604;Arts (arts, history of arts, performing arts, music), architecture and design;0.9983255863189697;RDF201;Civil engineering, maritime engineering, transport engineering, and mining engineering;0.9981505274772644;RDF203;Electrical engineering, computer engineering, and information engineering;0.9980083107948303;RDF508;Media and communications;0.9973270297050476;RDF102;Computer and information sciences;0.9964133501052856
582;Gravitation, quantum mechanics and quantum field theory;RDF40;Agricultural and veterinary sciences;0.3146498501300812;RDF50;Social sciences;0.23937298357486725;RDF20-21;Engineering and technology;0.17107214033603668;RDF604;Arts (arts, history of arts, performing arts, music), architecture and design;0.9991289377212524;RDF201;Civil engineering, maritime engineering, transport engineering, and mining engineering;0.998977780342102;RDF508;Media and communications;0.9988508820533752;RDF102;Computer and information sciences;0.9977260828018188;RDF103;Physical sciences;0.997231662273407
583;Improving hedging effectiveness in actuarial and financial applications (Mathematics and Statistics);RDF40;Agricultural and veterinary sciences;0.3629956841468811;RDF20-21;Engineering and technology;0.22059842944145203;RDF30;Medical, health and life sciences;0.1595129817724228;RDF604;Arts (arts, history of arts, performing arts, music), architecture and design;0.998472273349762;RDF203;Electrical engineering, computer engineering, and information engineering;0.9976632595062256;RDF201;Civil engineering, maritime engineering, transport engineering, and mining engineering;0.99757981300354;RDF508;Media and communications;0.9969066381454468;RDF601;History, archaeology and related studies;0.9959927201271057
584;Closing the Comorbidity Gap for People Living with HIV : a Randomized Controlled Trial of Fostemsavir to Reduce Inflammaging;RDF20-21;Engineering and technology;0.40098726749420166;RDF30;Medical, health and life sciences;0.21972288191318512;RDF10;Natural sciences;0.18904337286949158;RDF604;Arts (arts, history of arts, performing arts, music), architecture and design;0.9988051652908325;RDF508;Media and communications;0.9976540803909302;RDF102;Computer and information sciences;0.9975561499595642;RDF201;Civil engineering, maritime engineering, transport engineering, and mining engineering;0.9962051510810852;RDF203;Electrical engineering, computer engineering, and information engineering;0.996115505695343
585;Autonomie des acteurs dans les relations asymétriques: États de facto et leur patron entre l'Europe et la Russie (Political science and public administration);RDF20-21;Engineering and technology;0.29742923378944397;RDF10;Natural sciences;0.2475425750017166;RDF40;Agricultural and veterinary sciences;0.16913940012454987;RDF201;Civil engineering, maritime engineering, transport engineering, and mining engineering;0.9985951781272888;RDF604;Arts (arts, history of arts, performing arts, music), architecture and design;0.9985477924346924;RDF203;Electrical engineering, computer engineering, and information engineering;0.9979691505432129;RDF102;Computer and information sciences;0.9974391460418701;RDF105;Earth and related environmental sciences;0.9967837929725647
586;Replacement of the femtosecond laser in the THz spectroscopic microscopy laboratory (Electrical and Computer Engineering);RDF20-21;Engineering and technology;0.4492913484573364;RDF30;Medical, health and life sciences;0.20211632549762726;RDF10;Natural sciences;0.11709024012088776;RDF604;Arts (arts, history of arts, performing arts, music), architecture and design;0.9977916479110718;RDF203;Electrical engineering, computer engineering, and information engineering;0.9973631501197815;RDF201;Civil engineering, maritime engineering, transport engineering, and mining engineering;0.9966365098953247;RDF102;Computer and information sciences;0.9946411848068237;RDF202;Industrial, systems and processes engineering;0.9935117363929749
587;Bringing nutrition to life among vulnerable populations: experiences from Latin America and Canada;RDF40;Agricultural and veterinary sciences;0.33966320753097534;RDF10;Natural sciences;0.19429174065589905;RDF20-21;Engineering and technology;0.1652156412601471;RDF604;Arts (arts, history of arts, performing arts, music), architecture and design;0.9988861680030823;RDF203;Electrical engineering, computer engineering, and information engineering;0.9974440932273865;RDF508;Media and communications;0.9967268705368042;RDF103;Physical sciences;0.9964064359664917;RDF201;Civil engineering, maritime engineering, transport engineering, and mining engineering;0.9961531758308411
588;Long non-coding RNAs in growth factor signaling (Genes, Cells and Molecules);RDF10;Natural sciences;0.2790132761001587;RDF20-21;Engineering and technology;0.2790132761001587;RDF50;Social sciences;0.13920488953590393;RDF201;Civil engineering, maritime engineering, transport engineering, and mining engineering;0.9988372921943665;RDF604;Arts (arts, history of arts, performing arts, music), architecture and design;0.9986929893493652;RDF102;Computer and information sciences;0.9986929893493652;RDF508;Media and communications;0.9982419610023499;RDF202;Industrial, systems and processes engineering;0.9967077970504761
589;Plan d'action pour la gestion de la douleur chronique du Ministère de la Santé et des Services sociaux du Québec: Évaluation de la mise en œuvre et des impacts des projets initiaux en vue d'une généralisation progressive à l'ensemble du Québec;RDF20-21;Engineering and technology;0.3730306327342987;RDF30;Medical, health and life sciences;0.2329811155796051;RDF10;Natural sciences;0.2325265109539032;RDF604;Arts (arts, history of arts, performing arts, music), architecture and design;0.9987404942512512;RDF102;Computer and information sciences;0.9980467557907104;RDF201;Civil engineering, maritime engineering, transport engineering, and mining engineering;0.9972423911094666;RDF302;Clinical medicine;0.996434211730957;RDF105;Earth and related environmental sciences;0.993661105632782
590;INNOV Phase I: Leverage artificial intelligence to improve Environmental, Social, and Governance (ESG) data;RDF40;Agricultural and veterinary sciences;0.25401127338409424;RDF20-21;Engineering and technology;0.23676453530788422;RDF30;Medical, health and life sciences;0.19173777103424072;RDF604;Arts (arts, history of arts, performing arts, music), architecture and design;0.9990960955619812;RDF201;Civil engineering, maritime engineering, transport engineering, and mining engineering;0.998798131942749;RDF508;Media and communications;0.9986249208450317;RDF102;Computer and information sciences;0.9978001713752747;RDF203;Electrical engineering, computer engineering, and information engineering;0.997434139251709
591;Prevention of anastomotic leak in colorectal surgery through microbiome mediation of intestinal healing (Nutrition, Food & Health);RDF20-21;Engineering and technology;0.2969242334365845;RDF10;Natural sciences;0.18873654305934906;RDF30;Medical, health and life sciences;0.16984449326992035;RDF508;Media and communications;0.999220609664917;RDF203;Electrical engineering, computer engineering, and information engineering;0.9990130662918091;RDF604;Arts (arts, history of arts, performing arts, music), architecture and design;0.9988861680030823;RDF102;Computer and information sciences;0.9987816214561462;RDF201;Civil engineering, maritime engineering, transport engineering, and mining engineering;0.9987454414367676
592;Development of a tailored approach to move towards a sustainable circular economy business model in the plastic film sector: the case of Balcan;RDF20-21;Engineering and technology;0.6259517073631287;RDF10;Natural sciences;0.11005628108978271;RDF30;Medical, health and life sciences;0.08004848659038544;RDF604;Arts (arts, history of arts, performing arts, music), architecture and design;0.9981933236122131;RDF103;Physical sciences;0.9910838603973389;RDF203;Electrical engineering, computer engineering, and information engineering;0.9855242967605591;RDF102;Computer and information sciences;0.980280876159668;RDF105;Earth and related environmental sciences;0.9636262059211731
593;Enseignement de l'histoire et jeux vidéos (Education and social work);RDF40;Agricultural and veterinary sciences;0.2794438898563385;RDF20-21;Engineering and technology;0.21891003847122192;RDF50;Social sciences;0.20766505599021912;RDF604;Arts (arts, history of arts, performing arts, music), architecture and design;0.9988372921943665;RDF201;Civil engineering, maritime engineering, transport engineering, and mining engineering;0.9975031614303589;RDF102;Computer and information sciences;0.995104193687439;RDF103;Physical sciences;0.9945940971374512;RDF105;Earth and related environmental sciences;0.9937161803245544
594;Functions of bacterial type IA topoisomerases in the prevention of R-loop-dependent and -independent genomic instability (Genes, Cells and Molecules);RDF20-21;Engineering and technology;0.4607153534889221;RDF10;Natural sciences;0.23439300060272217;RDF30;Medical, health and life sciences;0.10964342951774597;RDF604;Arts (arts, history of arts, performing arts, music), architecture and design;0.9988463521003723;RDF102;Computer and information sciences;0.9981324076652527;RDF303;Health sciences;0.9976540803909302;RDF202;Industrial, systems and processes engineering;0.9971047639846802;RDF302;Clinical medicine;0.996851921081543
595;High-Performance Dynamic Language Implementation (Computer Science);RDF40;Agricultural and veterinary sciences;0.26385051012039185;RDF20-21;Engineering and technology;0.23284724354743958;RDF50;Social sciences;0.1635088324546814;RDF604;Arts (arts, history of arts, performing arts, music), architecture and design;0.9987454414367676;RDF102;Computer and information sciences;0.9972044825553894;RDF201;Civil engineering, maritime engineering, transport engineering, and mining engineering;0.996292769908905;RDF508;Media and communications;0.9957353472709656;RDF203;Electrical engineering, computer engineering, and information engineering;0.995617687702179
596;Methodological improvements for the statistical analysis of neurophysiological data with applications in user experience;RDF20-21;Engineering and technology;0.2970886826515198;RDF10;Natural sciences;0.21777963638305664;RDF40;Agricultural and veterinary sciences;0.2148224413394928;RDF604;Arts (arts, history of arts, performing arts, music), architecture and design;0.9987156987190247;RDF102;Computer and information sciences;0.9982316493988037;RDF103;Physical sciences;0.997708261013031;RDF203;Electrical engineering, computer engineering, and information engineering;0.9963783025741577;RDF508;Media and communications;0.9949983358383179
597;Glycerol 3-phosphate phosphatase and the glycerol shunt in senescence and healthy aging;RDF20-21;Engineering and technology;0.31927937269210815;RDF40;Agricultural and veterinary sciences;0.18879766762256622;RDF50;Social sciences;0.15469525754451752;RDF604;Arts (arts, history of arts, performing arts, music), architecture and design;0.9984298944473267;RDF201;Civil engineering, maritime engineering, transport engineering, and mining engineering;0.9983320832252502;RDF508;Media and communications;0.9975273609161377;RDF303;Health sciences;0.9969721436500549;RDF302;Clinical medicine;0.9966561198234558
598;Regulation of innate antiviral defenses through Interleukin-17 receptor D (IL-17RD) (Virology & Viral Pathogenesis);RDF20-21;Engineering and technology;0.3766472339630127;RDF10;Natural sciences;0.28709831833839417;RDF30;Medical, health and life sciences;0.14156988263130188;RDF604;Arts (arts, history of arts, performing arts, music), architecture and design;0.9981215000152588;RDF102;Computer and information sciences;0.9975225329399109;RDF303;Health sciences;0.9972743988037109;RDF201;Civil engineering, maritime engineering, transport engineering, and mining engineering;0.996726930141449;RDF302;Clinical medicine;0.9959614276885986
599;Biological modeling to bridge in vitro and epidemiological studies: A new approach for animal-free chemical risk assessment;RDF20-21;Engineering and technology;0.35424718260765076;RDF10;Natural sciences;0.29139578342437744;RDF30;Medical, health and life sciences;0.1434086263179779;RDF604;Arts (arts, history of arts, performing arts, music), architecture and design;0.9967396855354309;RDF102;Computer and information sciences;0.9919067025184631;RDF103;Physical sciences;0.9912716746330261;RDF105;Earth and related environmental sciences;0.9888957142829895;RDF303;Health sciences;0.9883465766906738
600;IAL (Intelligence Artificielle Littéraire) : expérimentation d'algorithmes d'apprentissage automatique pour définir et identifier les variations dans l'Anthologie grecque (Literature);RDF20-21;Engineering and technology;0.3580569624900818;RDF10;Natural sciences;0.28269368410110474;RDF50;Social sciences;0.1337960958480835;RDF102;Computer and information sciences;0.9988051056861877;RDF604;Arts (arts, history of arts, performing arts, music), architecture and design;0.9987791776657104;RDF302;Clinical medicine;0.9962782859802246;RDF105;Earth and related environmental sciences;0.9962637424468994;RDF503;Education;0.9958499073982239
601;Studies on the pathogenesis of the infections caused by streptococcus suis (Biological Systems and Functions);RDF20-21;Engineering and technology;0.25689899921417236;RDF10;Natural sciences;0.2456139773130417;RDF50;Social sciences;0.21256117522716522;RDF604;Arts (arts, history of arts, performing arts, music), architecture and design;0.9985618591308594;RDF508;Media and communications;0.9975369572639465;RDF601;History, archaeology and related studies;0.9968885183334351;RDF102;Computer and information sciences;0.9968335032463074;RDF201;Civil engineering, maritime engineering, transport engineering, and mining engineering;0.9967900514602661
602;Autonomous learning agents for intelligent neurostimulation;RDF40;Agricultural and veterinary sciences;0.45679089426994324;RDF30;Medical, health and life sciences;0.1904187798500061;RDF20-21;Engineering and technology;0.1387702226638794;RDF203;Electrical engineering, computer engineering, and information engineering;0.999160647392273;RDF508;Media and communications;0.9990907907485962;RDF604;Arts (arts, history of arts, performing arts, music), architecture and design;0.9989975094795227;RDF201;Civil engineering, maritime engineering, transport engineering, and mining engineering;0.9989473819732666;RDF202;Industrial, systems and processes engineering;0.9985840916633606
603;Hox genes in development and evolution of distal limbs (Developmental Biology);RDF20-21;Engineering and technology;0.26604846119880676;RDF10;Natural sciences;0.24944175779819489;RDF30;Medical, health and life sciences;0.2051851898431778;RDF604;Arts (arts, history of arts, performing arts, music), architecture and design;0.9988372921943665;RDF508;Media and communications;0.998501718044281;RDF201;Civil engineering, maritime engineering, transport engineering, and mining engineering;0.998492956161499;RDF202;Industrial, systems and processes engineering;0.9967523813247681;RDF102;Computer and information sciences;0.9966691136360168
604;Defence Lawyers and the Relevance of Social Problems in Lower Criminal Courts: A Comparative Analysis (Law and criminology);RDF20-21;Engineering and technology;0.5961866974830627;RDF10;Natural sciences;0.23970788717269897;RDF50;Social sciences;0.07347358763217926;RDF604;Arts (arts, history of arts, performing arts, music), architecture and design;0.991101086139679;RDF102;Computer and information sciences;0.966568648815155;RDF105;Earth and related environmental sciences;0.9260700941085815;RDF201;Civil engineering, maritime engineering, transport engineering, and mining engineering;0.9189178943634033;RDF203;Electrical engineering, computer engineering, and information engineering;0.9165588617324829
605;Les pratiques extrascolaires de littératie d'adolescents ayant une déficience intellectuelle (Education and social work);RDF10;Natural sciences;0.24974177777767181;RDF50;Social sciences;0.22739247977733612;RDF40;Agricultural and veterinary sciences;0.17918097972869873;RDF604;Arts (arts, history of arts, performing arts, music), architecture and design;0.9977959394454956;RDF201;Civil engineering, maritime engineering, transport engineering, and mining engineering;0.996616780757904;RDF105;Earth and related environmental sciences;0.9952216148376465;RDF102;Computer and information sciences;0.9949544072151184;RDF103;Physical sciences;0.9941117763519287
606;Brain-Derived Neurotrophic Factor in hemostasis and thrombosis;RDF10;Natural sciences;0.22865094244480133;RDF20-21;Engineering and technology;0.19216769933700562;RDF40;Agricultural and veterinary sciences;0.18444527685642242;RDF508;Media and communications;0.9996185898780823;RDF201;Civil engineering, maritime engineering, transport engineering, and mining engineering;0.9994285702705383;RDF604;Arts (arts, history of arts, performing arts, music), architecture and design;0.9991573691368103;RDF202;Industrial, systems and processes engineering;0.998695433139801;RDF102;Computer and information sciences;0.9986541271209717
607;Engagement des bibliothèques publiques et scolaires en faveur du développement des compétences en littératie pour les élèves du troisième cycle du primaire et du secondaire : portrait et stratégie de transfert (Communications, media studies, gender studies, library and information science, related fields);RDF50;Social sciences;0.3180004060268402;RDF20-21;Engineering and technology;0.24334363639354706;RDF10;Natural sciences;0.23957094550132751;RDF102;Computer and information sciences;0.9995025396347046;RDF508;Media and communications;0.9994600415229797;RDF604;Arts (arts, history of arts, performing arts, music), architecture and design;0.9986249804496765;RDF105;Earth and related environmental sciences;0.998475193977356;RDF602;Languages and literature;0.9973269701004028
608;Mieux comprendre les défis et conditions de pratiques des parents d'accueil dans le contexte actuel de professionnalisation de l'accueil familial (Education and social work);RDF20-21;Engineering and technology;0.3919355869293213;RDF10;Natural sciences;0.17804476618766785;RDF40;Agricultural and veterinary sciences;0.14919844269752502;RDF604;Arts (arts, history of arts, performing arts, music), architecture and design;0.9980122447013855;RDF102;Computer and information sciences;0.9965301752090454;RDF105;Earth and related environmental sciences;0.9951514601707458;RDF201;Civil engineering, maritime engineering, transport engineering, and mining engineering;0.9929881691932678;RDF103;Physical sciences;0.9910925030708313
609;A mixed methods study of stakeholders' perspectives on ethical and logistical issues related to advanced living donation in kidney transplantation in Canada, and a proposal for guidelines in a Canadian context (Health Policy & Systems Management Research);RDF20-21;Engineering and technology;0.3765019178390503;RDF10;Natural sciences;0.24308790266513824;RDF30;Medical, health and life sciences;0.177153542637825;RDF604;Arts (arts, history of arts, performing arts, music), architecture and design;0.9976403117179871;RDF102;Computer and information sciences;0.996160626411438;RDF508;Media and communications;0.9928509593009949;RDF103;Physical sciences;0.9899864196777344;RDF105;Earth and related environmental sciences;0.9891501665115356
610;To uncover, understand and exploit the estrogen-oncolytic virus crosstalk to improve therapy (Cancer Biology & Therapeutics);RDF10;Natural sciences;0.24584411084651947;RDF20-21;Engineering and technology;0.24250583350658417;RDF30;Medical, health and life sciences;0.21994324028491974;RDF508;Media and communications;0.9988530874252319;RDF604;Arts (arts, history of arts, performing arts, music), architecture and design;0.9988259077072144;RDF102;Computer and information sciences;0.9974982738494873;RDF203;Electrical engineering, computer engineering, and information engineering;0.9967649579048157;RDF201;Civil engineering, maritime engineering, transport engineering, and mining engineering;0.9962051510810852
611;Structure and rheology of mixed hydrocolloid gels as model systems for food 3D printing (Materials and Chemical Engineering);RDF20-21;Engineering and technology;0.4404398798942566;RDF10;Natural sciences;0.21782073378562927;RDF30;Medical, health and life sciences;0.1322440356016159;RDF604;Arts (arts, history of arts, performing arts, music), architecture and design;0.9968580603599548;RDF201;Civil engineering, maritime engineering, transport engineering, and mining engineering;0.9876042604446411;RDF202;Industrial, systems and processes engineering;0.9850572943687439;RDF104;Chemical sciences;0.982151210308075;RDF105;Earth and related environmental sciences;0.9790157675743103
612;« Une bonne relation avec mon chef ! » : anatomie des relations entre gestionnaires et employés en contexte de travail à distance (Business, management and related fields);RDF20-21;Engineering and technology;0.45770853757858276;RDF10;Natural sciences;0.17321833968162537;RDF40;Agricultural and veterinary sciences;0.14402437210083008;RDF604;Arts (arts, history of arts, performing arts, music), architecture and design;0.9970707893371582;RDF102;Computer and information sciences;0.9922744035720825;RDF105;Earth and related environmental sciences;0.9880964756011963;RDF103;Physical sciences;0.9774355292320251;RDF201;Civil engineering, maritime engineering, transport engineering, and mining engineering;0.9726754426956177
613;Priorisation des soins intensifs en contexte extrême de pandémie : 1) modélisation/simulation de différentes stratégies de priorisation de l'accès aux soins intensifs et 2) délibérations démocratiques des parties prenantes sur les valeurs qui sous-tendent les modèles et leurs impacts sanitaires;RDF20-21;Engineering and technology;0.46800127625465393;RDF10;Natural sciences;0.2076743096113205;RDF30;Medical, health and life sciences;0.11379612982273102;RDF102;Computer and information sciences;0.9984663128852844;RDF604;Arts (arts, history of arts, performing arts, music), architecture and design;0.9979332089424133;RDF103;Physical sciences;0.9939496517181396;RDF302;Clinical medicine;0.9908389449119568;RDF105;Earth and related environmental sciences;0.9900828003883362
614;Understanding cyber abuse in context: The interplay of distal and situational correlates of daily cyber abuse in young adult couples (Psychology);RDF20-21;Engineering and technology;0.3715749979019165;RDF10;Natural sciences;0.1883050501346588;RDF30;Medical, health and life sciences;0.16650350391864777;RDF604;Arts (arts, history of arts, performing arts, music), architecture and design;0.9981933832168579;RDF508;Media and communications;0.996182918548584;RDF102;Computer and information sciences;0.988073468208313;RDF501;Psychology and cognitive sciences;0.9855104088783264;RDF103;Physical sciences;0.9788343906402588
615;Humanitarian Supply Chain Design and Management;RDF40;Agricultural and veterinary sciences;0.445085346698761;RDF30;Medical, health and life sciences;0.13521414995193481;RDF50;Social sciences;0.12927448749542236;RDF604;Arts (arts, history of arts, performing arts, music), architecture and design;0.999127209186554;RDF203;Electrical engineering, computer engineering, and information engineering;0.9976903200149536;RDF508;Media and communications;0.9969780445098877;RDF103;Physical sciences;0.9957519173622131;RDF201;Civil engineering, maritime engineering, transport engineering, and mining engineering;0.9947696924209595
616;La transformation sémantique et syntaxique des données de situations professionnelles pour l'apprentissage du raisonnement clinique (Education and social work);RDF10;Natural sciences;0.2804141342639923;RDF20-21;Engineering and technology;0.222259521484375;RDF40;Agricultural and veterinary sciences;0.17547868192195892;RDF302;Clinical medicine;0.9990925192832947;RDF102;Computer and information sciences;0.9986671805381775;RDF604;Arts (arts, history of arts, performing arts, music), architecture and design;0.9984572529792786;RDF508;Media and communications;0.9976218342781067;RDF201;Civil engineering, maritime engineering, transport engineering, and mining engineering;0.9975417852401733
617;Intergenerational transmission of vulnerability to PTSD : When children learn fear from their parent (Social & Developmental Aspects of Children's & Youth's Health);RDF20-21;Engineering and technology;0.2881098985671997;RDF10;Natural sciences;0.26181522011756897;RDF30;Medical, health and life sciences;0.20630541443824768;RDF604;Arts (arts, history of arts, performing arts, music), architecture and design;0.9985978603363037;RDF102;Computer and information sciences;0.9984452128410339;RDF103;Physical sciences;0.9979251623153687;RDF508;Media and communications;0.9974982738494873;RDF105;Earth and related environmental sciences;0.996720552444458
618;La musique au service du pouvoir, entre propagande et diplomatie : Du Troisième Reich à la fin de la Guerre froide  (Fine Arts, Research-Creation);RDF20-21;Engineering and technology;0.39213868975639343;RDF10;Natural sciences;0.21868474781513214;RDF60;Humanities and the arts;0.12570278346538544;RDF604;Arts (arts, history of arts, performing arts, music), architecture and design;0.9990471601486206;RDF102;Computer and information sciences;0.9962272644042969;RDF105;Earth and related environmental sciences;0.9935868382453918;RDF508;Media and communications;0.9933974742889404;RDF201;Civil engineering, maritime engineering, transport engineering, and mining engineering;0.9919692277908325
619;Mesures de contrôle en santé mentale : un environnement contraignant? (Mutidisciplinary or interdisciplinary social sciences);RDF50;Social sciences;0.31624680757522583;RDF20-21;Engineering and technology;0.29592815041542053;RDF10;Natural sciences;0.19597895443439484;RDF501;Psychology and cognitive sciences;0.9982624053955078;RDF604;Arts (arts, history of arts, performing arts, music), architecture and design;0.9970073699951172;RDF102;Computer and information sciences;0.9957766532897949;RDF201;Civil engineering, maritime engineering, transport engineering, and mining engineering;0.995372474193573;RDF508;Media and communications;0.9935368299484253
620;R3AI: Shifting Paradigms for a Robust, Reasoning, and Responsible Artificial Intelligence and its Adoption - CFREF (CIHR Contribution);RDF20-21;Engineering and technology;0.48683133721351624;RDF10;Natural sciences;0.1895321011543274;RDF40;Agricultural and veterinary sciences;0.09958422183990479;RDF604;Arts (arts, history of arts, performing arts, music), architecture and design;0.9969780445098877;RDF102;Computer and information sciences;0.9969306588172913;RDF201;Civil engineering, maritime engineering, transport engineering, and mining engineering;0.9951514601707458;RDF203;Electrical engineering, computer engineering, and information engineering;0.9918041825294495;RDF208;Environmental engineering and related engineering;0.9841393828392029
621;À la rencontre des réalités virtuelle et concrète : la place de la scénographie dans la cocréation opératique;RDF10;Natural sciences;0.24953681230545044;RDF20-21;Engineering and technology;0.24375629425048828;RDF40;Agricultural and veterinary sciences;0.1905806064605713;RDF604;Arts (arts, history of arts, performing arts, music), architecture and design;0.9990358948707581;RDF102;Computer and information sciences;0.9978468418121338;RDF508;Media and communications;0.9975177049636841;RDF103;Physical sciences;0.9961754679679871;RDF201;Civil engineering, maritime engineering, transport engineering, and mining engineering;0.9952907562255859
622;Parenting dimensions' influence on the psychosocial adaptation of preschoolers with language deficits (Psychology);RDF20-21;Engineering and technology;0.2741527557373047;RDF10;Natural sciences;0.2233203649520874;RDF40;Agricultural and veterinary sciences;0.16890062391757965;RDF604;Arts (arts, history of arts, performing arts, music), architecture and design;0.9982792735099792;RDF103;Physical sciences;0.9978594183921814;RDF201;Civil engineering, maritime engineering, transport engineering, and mining engineering;0.9977481961250305;RDF203;Electrical engineering, computer engineering, and information engineering;0.9977127313613892;RDF202;Industrial, systems and processes engineering;0.9965837597846985
623;The structure-function relationships between capsular polysaccharides and the immune system during Streptococcus suis infections (Genes, Cells and Molecules);RDF20-21;Engineering and technology;0.44111520051956177;RDF10;Natural sciences;0.2508494555950165;RDF30;Medical, health and life sciences;0.1182616800069809;RDF604;Arts (arts, history of arts, performing arts, music), architecture and design;0.9978044629096985;RDF303;Health sciences;0.9975891709327698;RDF302;Clinical medicine;0.9972850680351257;RDF102;Computer and information sciences;0.9965436458587646;RDF202;Industrial, systems and processes engineering;0.9942082166671753
624;Études des mécanismes de colonisation de Clostridium perfringens en productions animales (Biological Systems and Functions);RDF20-21;Engineering and technology;0.2752552330493927;RDF10;Natural sciences;0.23867926001548767;RDF50;Social sciences;0.20216920971870422;RDF508;Media and communications;0.9985813498497009;RDF604;Arts (arts, history of arts, performing arts, music), architecture and design;0.9981067776679993;RDF102;Computer and information sciences;0.9975225329399109;RDF303;Health sciences;0.9952632188796997;RDF103;Physical sciences;0.9951419830322266
625;Formation interactive en ligne: une solution à la formation des employés dans un contexte de roulement de personnel;RDF40;Agricultural and veterinary sciences;0.38729146122932434;RDF20-21;Engineering and technology;0.24907930195331573;RDF10;Natural sciences;0.13782358169555664;RDF604;Arts (arts, history of arts, performing arts, music), architecture and design;0.9988575577735901;RDF102;Computer and information sciences;0.9982281923294067;RDF201;Civil engineering, maritime engineering, transport engineering, and mining engineering;0.9940889477729797;RDF103;Physical sciences;0.9934991598129272;RDF105;Earth and related environmental sciences;0.993384599685669
626;Mise en ouvre des politiques EDI en enseignement supérieur au Québec : construction de sens et types de réponses aux mesures destinées aux parcours étudiants (Education and social work);RDF20-21;Engineering and technology;0.4107968807220459;RDF10;Natural sciences;0.191785991191864;RDF40;Agricultural and veterinary sciences;0.18844421207904816;RDF604;Arts (arts, history of arts, performing arts, music), architecture and design;0.9974140524864197;RDF102;Computer and information sciences;0.9964825510978699;RDF105;Earth and related environmental sciences;0.9924885630607605;RDF103;Physical sciences;0.9883913993835449;RDF503;Education;0.9867261052131653
627;Continuum PAROLE-Onco : Vers le développement de compétences en auto-soins pour améliorer l'expérience de la vie après les traitements aigus de cancer du sein;RDF20-21;Engineering and technology;0.31536298990249634;RDF10;Natural sciences;0.2849067151546478;RDF30;Medical, health and life sciences;0.1678154617547989;RDF604;Arts (arts, history of arts, performing arts, music), architecture and design;0.9983738660812378;RDF102;Computer and information sciences;0.9978842735290527;RDF201;Civil engineering, maritime engineering, transport engineering, and mining engineering;0.9946981072425842;RDF105;Earth and related environmental sciences;0.9933846592903137;RDF508;Media and communications;0.9930153489112854
628;CAN-DO (CANnabis research DevelOpment): A cells-to-society research program on cannabis and mental health in younger adults;RDF20-21;Engineering and technology;0.4596571922302246;RDF30;Medical, health and life sciences;0.17176134884357452;RDF50;Social sciences;0.12801668047904968;RDF604;Arts (arts, history of arts, performing arts, music), architecture and design;0.997961163520813;RDF102;Computer and information sciences;0.9933717846870422;RDF103;Physical sciences;0.9903103113174438;RDF105;Earth and related environmental sciences;0.9876876473426819;RDF201;Civil engineering, maritime engineering, transport engineering, and mining engineering;0.9802051782608032
629;Effets d'une intervention de proximité mère-prématuré et de calme (NeuroN-QI) sur le neurodéveloppement de nouveau-nés prématurés : un essai clinique randomisé;RDF20-21;Engineering and technology;0.44095805287361145;RDF10;Natural sciences;0.30365821719169617;RDF30;Medical, health and life sciences;0.13929666578769684;RDF302;Clinical medicine;0.9991135001182556;RDF604;Arts (arts, history of arts, performing arts, music), architecture and design;0.9980956315994263;RDF102;Computer and information sciences;0.9968149065971375;RDF303;Health sciences;0.9945836067199707;RDF105;Earth and related environmental sciences;0.9945677518844604
630;Corticospinal mechanisms of locomotor recovery after spinal cord injury (Movement & Exercise);RDF30;Medical, health and life sciences;0.24530747532844543;RDF20-21;Engineering and technology;0.19254402816295624;RDF40;Agricultural and veterinary sciences;0.18698492646217346;RDF604;Arts (arts, history of arts, performing arts, music), architecture and design;0.9987330436706543;RDF201;Civil engineering, maritime engineering, transport engineering, and mining engineering;0.9983802437782288;RDF102;Computer and information sciences;0.9974885582923889;RDF508;Media and communications;0.9973217844963074;RDF202;Industrial, systems and processes engineering;0.9972690939903259
631;Innover pour enseigner le management : cadres théoriques, mise en oeuvre et mesure d'impact;RDF20-21;Engineering and technology;0.2779681384563446;RDF40;Agricultural and veterinary sciences;0.24387286603450775;RDF10;Natural sciences;0.19329649209976196;RDF604;Arts (arts, history of arts, performing arts, music), architecture and design;0.9992416501045227;RDF201;Civil engineering, maritime engineering, transport engineering, and mining engineering;0.9983256459236145;RDF102;Computer and information sciences;0.9966884851455688;RDF203;Electrical engineering, computer engineering, and information engineering;0.9949983358383179;RDF105;Earth and related environmental sciences;0.994088888168335
632;Advances in functional linear regression (Mathematics and Statistics);RDF20-21;Engineering and technology;0.2982707619667053;RDF40;Agricultural and veterinary sciences;0.2758553624153137;RDF50;Social sciences;0.16666243970394135;RDF604;Arts (arts, history of arts, performing arts, music), architecture and design;0.9983896613121033;RDF102;Computer and information sciences;0.9943141341209412;RDF508;Media and communications;0.9937949776649475;RDF103;Physical sciences;0.9921233057975769;RDF105;Earth and related environmental sciences;0.9919301867485046
633;Modélisation et choix du mode de réalisation dans les projets de construction (Civil, Industrial and Systems Engineering);RDF20-21;Engineering and technology;0.4208452105522156;RDF10;Natural sciences;0.17254595458507538;RDF60;Humanities and the arts;0.10845204442739487;RDF604;Arts (arts, history of arts, performing arts, music), architecture and design;0.9984360933303833;RDF203;Electrical engineering, computer engineering, and information engineering;0.9967333078384399;RDF102;Computer and information sciences;0.9956474304199219;RDF201;Civil engineering, maritime engineering, transport engineering, and mining engineering;0.9921841025352478;RDF202;Industrial, systems and processes engineering;0.9874357581138611
634;An in silico platform simulating cell metabolic behavior (Materials and Chemical Engineering);RDF10;Natural sciences;0.28198522329330444;RDF20-21;Engineering and technology;0.27491554617881775;RDF30;Medical, health and life sciences;0.1564892679452896;RDF604;Arts (arts, history of arts, performing arts, music), architecture and design;0.9987576007843018;RDF102;Computer and information sciences;0.9927391409873962;RDF201;Civil engineering, maritime engineering, transport engineering, and mining engineering;0.9918910264968872;RDF508;Media and communications;0.991186797618866;RDF105;Earth and related environmental sciences;0.9831822514533997
635;Commande optimale stochastique avec applications en épidémiologie et en fiabilité (Civil, Industrial and Systems Engineering);RDF20-21;Engineering and technology;0.29554322361946106;RDF30;Medical, health and life sciences;0.25878629088401794;RDF10;Natural sciences;0.17476189136505127;RDF604;Arts (arts, history of arts, performing arts, music), architecture and design;0.9979531764984131;RDF203;Electrical engineering, computer engineering, and information engineering;0.9970131516456604;RDF201;Civil engineering, maritime engineering, transport engineering, and mining engineering;0.9960927367210388;RDF102;Computer and information sciences;0.9958820939064026;RDF204;Mechanical engineering;0.9957929849624634
636;Reinforcement Learning in Electricity Markets with Storage Technologies;RDF40;Agricultural and veterinary sciences;0.41911303997039795;RDF30;Medical, health and life sciences;0.18345488607883453;RDF10;Natural sciences;0.12413178384304047;RDF508;Media and communications;0.9991289377212524;RDF604;Arts (arts, history of arts, performing arts, music), architecture and design;0.9989224672317505;RDF501;Psychology and cognitive sciences;0.9977656006813049;RDF102;Computer and information sciences;0.9974491000175476;RDF203;Electrical engineering, computer engineering, and information engineering;0.9973008036613464
637;Advancing psychobiology of abnormal repetitive behaviours in carnivorous species (Biological Systems and Functions);RDF10;Natural sciences;0.2370573878288269;RDF40;Agricultural and veterinary sciences;0.1765104979276657;RDF20-21;Engineering and technology;0.17479516565799713;RDF604;Arts (arts, history of arts, performing arts, music), architecture and design;0.9990034103393555;RDF501;Psychology and cognitive sciences;0.9976078867912292;RDF201;Civil engineering, maritime engineering, transport engineering, and mining engineering;0.9966036081314087;RDF203;Electrical engineering, computer engineering, and information engineering;0.9962419271469116;RDF302;Clinical medicine;0.9960545897483826
638;Du politique dans l'usage des archives filmiques : enjeux contemporains de la production documentaire;RDF10;Natural sciences;0.26400673389434814;RDF40;Agricultural and veterinary sciences;0.24038086831569672;RDF50;Social sciences;0.16879905760288239;RDF604;Arts (arts, history of arts, performing arts, music), architecture and design;0.9991688132286072;RDF508;Media and communications;0.9980732798576355;RDF201;Civil engineering, maritime engineering, transport engineering, and mining engineering;0.9973938465118408;RDF102;Computer and information sciences;0.9962782859802246;RDF103;Physical sciences;0.9962272047996521
639;Neuroinflammation as a biomarker for epilepsy and neuropsychiatric comorbidities among people with tuberous sclerosis complex: a prospective, multicentre study;RDF20-21;Engineering and technology;0.36892855167388916;RDF10;Natural sciences;0.3052557110786438;RDF30;Medical, health and life sciences;0.12071295827627182;RDF604;Arts (arts, history of arts, performing arts, music), architecture and design;0.9980161190032959;RDF102;Computer and information sciences;0.9973477125167847;RDF201;Civil engineering, maritime engineering, transport engineering, and mining engineering;0.996720552444458;RDF103;Physical sciences;0.9965233206748962;RDF302;Clinical medicine;0.9953634738922119
640;Quels sont les dimensions et savoirs spécifiques à la coordination des services et des soins des personnes ayant des besoins complexes? (Multidisciplinary or interdisciplinary social sciences);RDF20-21;Engineering and technology;0.3113274872303009;RDF50;Social sciences;0.18481604754924774;RDF30;Medical, health and life sciences;0.17209935188293457;RDF604;Arts (arts, history of arts, performing arts, music), architecture and design;0.9973008632659912;RDF102;Computer and information sciences;0.9953994154930115;RDF303;Health sciences;0.9938905835151672;RDF201;Civil engineering, maritime engineering, transport engineering, and mining engineering;0.9932222366333008;RDF203;Electrical engineering, computer engineering, and information engineering;0.9881765842437744
641;Determining spatial arrangement, stoichiometry, and substrate specificity of messenger RNA-binding proteins along the gene expression pathway (Genes, Cells and Molecules);RDF20-21;Engineering and technology;0.396699458360672;RDF10;Natural sciences;0.20500262081623077;RDF50;Social sciences;0.1292935311794281;RDF604;Arts (arts, history of arts, performing arts, music), architecture and design;0.9987232089042664;RDF302;Clinical medicine;0.9981178045272827;RDF102;Computer and information sciences;0.9972850680351257;RDF201;Civil engineering, maritime engineering, transport engineering, and mining engineering;0.9971216917037964;RDF303;Health sciences;0.9967396259307861
642;Plateformes et usages : cinéma, télévision, jeu vidéo et création numérique;RDF40;Agricultural and veterinary sciences;0.3252496123313904;RDF10;Natural sciences;0.21372090280056;RDF20-21;Engineering and technology;0.15575195848941803;RDF508;Media and communications;0.9996117353439331;RDF604;Arts (arts, history of arts, performing arts, music), architecture and design;0.9994150400161743;RDF201;Civil engineering, maritime engineering, transport engineering, and mining engineering;0.9988027811050415;RDF102;Computer and information sciences;0.9978801608085632;RDF203;Electrical engineering, computer engineering, and information engineering;0.9976540803909302
643;Time to investigate human visual shape perception and recognition (Biological Systems and Functions);RDF40;Agricultural and veterinary sciences;0.2650333642959595;RDF10;Natural sciences;0.18502311408519745;RDF20-21;Engineering and technology;0.17111840844154358;RDF604;Arts (arts, history of arts, performing arts, music), architecture and design;0.9990728497505188;RDF508;Media and communications;0.9974390864372253;RDF103;Physical sciences;0.9950659275054932;RDF201;Civil engineering, maritime engineering, transport engineering, and mining engineering;0.9932680726051331;RDF601;History, archaeology and related studies;0.9925754070281982
644;The gamification of online stochastic optimization problems;RDF40;Agricultural and veterinary sciences;0.3805161118507385;RDF20-21;Engineering and technology;0.1977950930595398;RDF50;Social sciences;0.19359090924263;RDF604;Arts (arts, history of arts, performing arts, music), architecture and design;0.9989757537841797;RDF203;Electrical engineering, computer engineering, and information engineering;0.9956684708595276;RDF102;Computer and information sciences;0.9943745136260986;RDF508;Media and communications;0.9940312504768372;RDF103;Physical sciences;0.9939142465591431
645;Effects of an Open Lung protective protective EXTubation strategy compared to a conventional extubation strategy on postoperative pulmonary complications after general anesthesia as part of a comprehensive lung protective ventilation strategy: a multicenter pilot randomized controlled trial (OLEXT-3 study);RDF20-21;Engineering and technology;0.5457829236984253;RDF10;Natural sciences;0.18317177891731262;RDF30;Medical, health and life sciences;0.13638783991336823;RDF302;Clinical medicine;0.9977700114250183;RDF102;Computer and information sciences;0.9971328377723694;RDF604;Arts (arts, history of arts, performing arts, music), architecture and design;0.9968396425247192;RDF105;Earth and related environmental sciences;0.9911182522773743;RDF103;Physical sciences;0.9896917939186096
646;Additively manufactured composite parts service properties prediction : an essential step to unleash the full potential of additive manufacturing of composites;RDF20-21;Engineering and technology;0.6080362200737;RDF60;Humanities and the arts;0.09979375451803207;RDF10;Natural sciences;0.07975699752569199;RDF604;Arts (arts, history of arts, performing arts, music), architecture and design;0.9971160888671875;RDF102;Computer and information sciences;0.972908079624176;RDF303;Health sciences;0.9602587819099426;RDF508;Media and communications;0.9594022035598755;RDF201;Civil engineering, maritime engineering, transport engineering, and mining engineering;0.95865398645401
647;Transcriptional regulation by long noncoding RNAs (Genes, Cells and Molecules);RDF10;Natural sciences;0.2808540165424347;RDF20-21;Engineering and technology;0.21872933208942413;RDF50;Social sciences;0.16159619390964508;RDF604;Arts (arts, history of arts, performing arts, music), architecture and design;0.9989350438117981;RDF201;Civil engineering, maritime engineering, transport engineering, and mining engineering;0.9984899759292603;RDF102;Computer and information sciences;0.9980956315994263;RDF302;Clinical medicine;0.9977038502693176;RDF202;Industrial, systems and processes engineering;0.9969484806060791
648;Outils et méthodes de planification des services d'autopartage;RDF40;Agricultural and veterinary sciences;0.31523674726486206;RDF20-21;Engineering and technology;0.2244112342596054;RDF10;Natural sciences;0.18713673949241638;RDF604;Arts (arts, history of arts, performing arts, music), architecture and design;0.9988774061203003;RDF201;Civil engineering, maritime engineering, transport engineering, and mining engineering;0.9945940375328064;RDF102;Computer and information sciences;0.9944987297058105;RDF203;Electrical engineering, computer engineering, and information engineering;0.9942474365234375;RDF508;Media and communications;0.9938905835151672
649;Sécurité de l'internet des objets dans les villes intelligentes (Computer Science);RDF20-21;Engineering and technology;0.34152284264564514;RDF10;Natural sciences;0.33231085538864136;RDF30;Medical, health and life sciences;0.13718153536319733;RDF102;Computer and information sciences;0.9986383318901062;RDF604;Arts (arts, history of arts, performing arts, music), architecture and design;0.9980993866920471;RDF201;Civil engineering, maritime engineering, transport engineering, and mining engineering;0.9971771836280823;RDF202;Industrial, systems and processes engineering;0.9956852793693542;RDF203;Electrical engineering, computer engineering, and information engineering;0.9939613342285156
650;Understanding the early pathogenesis of necrotic enteritis in chickens (Biological Systems and Functions);RDF30;Medical, health and life sciences;0.32573771476745605;RDF20-21;Engineering and technology;0.2251916527748108;RDF10;Natural sciences;0.14511094987392426;RDF604;Arts (arts, history of arts, performing arts, music), architecture and design;0.9982926249504089;RDF508;Media and communications;0.9975031614303589;RDF102;Computer and information sciences;0.9915215969085693;RDF201;Civil engineering, maritime engineering, transport engineering, and mining engineering;0.9898695945739746;RDF105;Earth and related environmental sciences;0.9864548444747925
651;Trajectoire vers la sécurité des femmes en situation de handicap victimes de violence conjugale: une recherche-action intersectorielle en soutien aux droits des femmes;RDF20-21;Engineering and technology;0.4230293333530426;RDF10;Natural sciences;0.17158827185630798;RDF30;Medical, health and life sciences;0.1131916344165802;RDF604;Arts (arts, history of arts, performing arts, music), architecture and design;0.9990434050559998;RDF102;Computer and information sciences;0.9974589943885803;RDF508;Media and communications;0.9951890110969543;RDF103;Physical sciences;0.9946045279502869;RDF105;Earth and related environmental sciences;0.9938787221908569
652;Regard des travailleuses sociales sur leur pratique professionnelle d'évaluation psychosociale à la suite de l'entrée en vigueur de la Loi visant à mieux protéger les personnes en situation de vulnérabilité : une étude à devis mixte;RDF20-21;Engineering and technology;0.47893521189689636;RDF10;Natural sciences;0.22272555530071259;RDF60;Humanities and the arts;0.0895509272813797;RDF604;Arts (arts, history of arts, performing arts, music), architecture and design;0.9983482956886292;RDF105;Earth and related environmental sciences;0.9943251013755798;RDF102;Computer and information sciences;0.9931095242500305;RDF508;Media and communications;0.9856215119361877;RDF201;Civil engineering, maritime engineering, transport engineering, and mining engineering;0.9814355969429016
653;La police face à la justice : une analyse des systèmes de gestion des déviances policières au Québec (Law and criminology);RDF20-21;Engineering and technology;0.7638832330703735;RDF10;Natural sciences;0.08778062462806702;RDF60;Humanities and the arts;0.049951061606407166;RDF604;Arts (arts, history of arts, performing arts, music), architecture and design;0.9953994154930115;RDF102;Computer and information sciences;0.9554024338722229;RDF508;Media and communications;0.9473810195922852;RDF105;Earth and related environmental sciences;0.9129225611686707;RDF103;Physical sciences;0.897784948348999
654;Soigner et gouverner les corps autochtones: santé et médecine coloniale au Québec, 1855-1904 (History);RDF30;Medical, health and life sciences;0.3537159860134125;RDF10;Natural sciences;0.28145670890808105;RDF40;Agricultural and veterinary sciences;0.1493346095085144;RDF604;Arts (arts, history of arts, performing arts, music), architecture and design;0.9971936345100403;RDF102;Computer and information sciences;0.992408037185669;RDF302;Clinical medicine;0.9884473085403442;RDF105;Earth and related environmental sciences;0.9868280291557312;RDF303;Health sciences;0.9854544997215271
655;Development of near infrared spectroscopy (NIRS) and electroencephalography (EEG) methods to study neurovascular mechanisms of brain development (Physics);RDF20-21;Engineering and technology;0.3322218954563141;RDF10;Natural sciences;0.2388235479593277;RDF30;Medical, health and life sciences;0.20427660644054413;RDF102;Computer and information sciences;0.9988552927970886;RDF103;Physical sciences;0.9980276823043823;RDF604;Arts (arts, history of arts, performing arts, music), architecture and design;0.997880220413208;RDF201;Civil engineering, maritime engineering, transport engineering, and mining engineering;0.9978635311126709;RDF202;Industrial, systems and processes engineering;0.9972208142280579
656;Role of vitamin K-dependent gamma-carboxylation in beta cell and diabetes (Diabetes, Obesity, Lipid & Lipoprotein Disorders);RDF20-21;Engineering and technology;0.3293724060058594;RDF10;Natural sciences;0.22330023348331451;RDF30;Medical, health and life sciences;0.18332335352897644;RDF201;Civil engineering, maritime engineering, transport engineering, and mining engineering;0.9991013407707214;RDF508;Media and communications;0.998879611492157;RDF303;Health sciences;0.9987696409225464;RDF604;Arts (arts, history of arts, performing arts, music), architecture and design;0.9987600445747375;RDF202;Industrial, systems and processes engineering;0.9985868334770203
657;Competition in the Canadian Mobile Telecommunications Industry: Weak Signals? (Economics);RDF20-21;Engineering and technology;0.3612861633300781;RDF40;Agricultural and veterinary sciences;0.2753893733024597;RDF10;Natural sciences;0.16703207790851593;RDF604;Arts (arts, history of arts, performing arts, music), architecture and design;0.9981104731559753;RDF102;Computer and information sciences;0.9963993430137634;RDF508;Media and communications;0.9926256537437439;RDF103;Physical sciences;0.9922594428062439;RDF203;Electrical engineering, computer engineering, and information engineering;0.9920927286148071
658;Gut-lung axis in equine asthma (Biological Systems and Functions);RDF30;Medical, health and life sciences;0.2989068627357483;RDF50;Social sciences;0.22126272320747375;RDF40;Agricultural and veterinary sciences;0.1453913301229477;RDF604;Arts (arts, history of arts, performing arts, music), architecture and design;0.9987257122993469;RDF201;Civil engineering, maritime engineering, transport engineering, and mining engineering;0.9949199557304382;RDF302;Clinical medicine;0.9941003918647766;RDF103;Physical sciences;0.9934991002082825;RDF102;Computer and information sciences;0.9915543794631958
659;Several aspects of L-functions (Mathematics and Statistics);RDF40;Agricultural and veterinary sciences;0.5466609001159668;RDF10;Natural sciences;0.16080555319786072;RDF20-21;Engineering and technology;0.10638982057571411;RDF604;Arts (arts, history of arts, performing arts, music), architecture and design;0.9981720447540283;RDF201;Civil engineering, maritime engineering, transport engineering, and mining engineering;0.9949886202812195;RDF202;Industrial, systems and processes engineering;0.9940946698188782;RDF102;Computer and information sciences;0.9927250742912292;RDF103;Physical sciences;0.99260413646698
660;Estimating the Effects of Government Spending Along the Supply Chain;RDF40;Agricultural and veterinary sciences;0.492634654045105;RDF20-21;Engineering and technology;0.1484946757555008;RDF10;Natural sciences;0.11598708480596542;RDF604;Arts (arts, history of arts, performing arts, music), architecture and design;0.9989535808563232;RDF508;Media and communications;0.9974982738494873;RDF203;Electrical engineering, computer engineering, and information engineering;0.9964063763618469;RDF103;Physical sciences;0.9936364889144897;RDF102;Computer and information sciences;0.9927108883857727
661;Using calorespirometry to assemble a complete picture of acute hypoxic metabolic depression in fishes (Biological Systems and Functions);RDF20-21;Engineering and technology;0.5338106751441956;RDF30;Medical, health and life sciences;0.1326814740896225;RDF10;Natural sciences;0.12343142926692963;RDF604;Arts (arts, history of arts, performing arts, music), architecture and design;0.9956005811691284;RDF508;Media and communications;0.965348482131958;RDF102;Computer and information sciences;0.9128060340881348;RDF103;Physical sciences;0.9064048528671265;RDF202;Industrial, systems and processes engineering;0.8857303857803345
662;Electronic structure theory: Merging wave function theory, density functional theory, and machine learning (Chemistry);RDF20-21;Engineering and technology;0.3668453097343445;RDF10;Natural sciences;0.3119462728500366;RDF50;Social sciences;0.1256689727306366;RDF604;Arts (arts, history of arts, performing arts, music), architecture and design;0.9961977601051331;RDF102;Computer and information sciences;0.9940544366836548;RDF104;Chemical sciences;0.9918041229248047;RDF105;Earth and related environmental sciences;0.9890130758285522;RDF106;Biological sciences;0.9882901310920715
663;Comprehensive lipidomics to identify novel players involved in the onset of cardiac manifestations of non-alcoholic fatty liver disease;RDF20-21;Engineering and technology;0.40926486253738403;RDF30;Medical, health and life sciences;0.18682695925235748;RDF40;Agricultural and veterinary sciences;0.13004468381404877;RDF604;Arts (arts, history of arts, performing arts, music), architecture and design;0.9985278248786926;RDF201;Civil engineering, maritime engineering, transport engineering, and mining engineering;0.9974391460418701;RDF508;Media and communications;0.9940428733825684;RDF202;Industrial, systems and processes engineering;0.9932941198348999;RDF203;Electrical engineering, computer engineering, and information engineering;0.9920927286148071
664;Longitudinal monitoring of visual function during cortical impairment in mice (Systems & Circuits Neurosciences);RDF20-21;Engineering and technology;0.3645535111427307;RDF30;Medical, health and life sciences;0.23399832844734192;RDF10;Natural sciences;0.18728990852832794;RDF604;Arts (arts, history of arts, performing arts, music), architecture and design;0.9985786080360413;RDF203;Electrical engineering, computer engineering, and information engineering;0.9970764517784119;RDF102;Computer and information sciences;0.9970073103904724;RDF201;Civil engineering, maritime engineering, transport engineering, and mining engineering;0.9927391409873962;RDF508;Media and communications;0.9922745227813721
665;Gouvernance et acceptabilité sociale des grands projets publics;RDF40;Agricultural and veterinary sciences;0.4438730776309967;RDF10;Natural sciences;0.17656052112579346;RDF30;Medical, health and life sciences;0.14466850459575653;RDF604;Arts (arts, history of arts, performing arts, music), architecture and design;0.999362587928772;RDF508;Media and communications;0.9991424083709717;RDF201;Civil engineering, maritime engineering, transport engineering, and mining engineering;0.9989203810691833;RDF203;Electrical engineering, computer engineering, and information engineering;0.9985477924346924;RDF204;Mechanical engineering;0.9975751042366028
666;Structural and functional changes in the brain of early and late blind individuals (Behavioural Sciences – Behavioural Studies, Neuroscience and Cognition);RDF50;Social sciences;0.3041151165962219;RDF20-21;Engineering and technology;0.2575955390930176;RDF30;Medical, health and life sciences;0.18882937729358673;RDF201;Civil engineering, maritime engineering, transport engineering, and mining engineering;0.9991390705108643;RDF604;Arts (arts, history of arts, performing arts, music), architecture and design;0.998399019241333;RDF102;Computer and information sciences;0.9982316493988037;RDF105;Earth and related environmental sciences;0.9981649518013;RDF202;Industrial, systems and processes engineering;0.998157799243927
667;New unsupervised Bayesian and energy-based models dedicated to image processing and computer vision applications (Computer Science);RDF20-21;Engineering and technology;0.37527740001678467;RDF10;Natural sciences;0.24182453751564026;RDF50;Social sciences;0.13302753865718842;RDF604;Arts (arts, history of arts, performing arts, music), architecture and design;0.998490035533905;RDF102;Computer and information sciences;0.9973938465118408;RDF201;Civil engineering, maritime engineering, transport engineering, and mining engineering;0.993818998336792;RDF105;Earth and related environmental sciences;0.9877232313156128;RDF103;Physical sciences;0.9856905341148376
668;Phenomenology and The Norms of Perception (Philosophy);RDF40;Agricultural and veterinary sciences;0.28767088055610657;RDF50;Social sciences;0.20359116792678833;RDF10;Natural sciences;0.1920047551393509;RDF604;Arts (arts, history of arts, performing arts, music), architecture and design;0.9989596605300903;RDF508;Media and communications;0.9989308714866638;RDF201;Civil engineering, maritime engineering, transport engineering, and mining engineering;0.9980993866920471;RDF103;Physical sciences;0.9972100257873535;RDF102;Computer and information sciences;0.9962674379348755
669;Intelligent API Engineering: Systematically Leveraging APIs Through Development Knowledge and Usage Data;RDF20-21;Engineering and technology;0.3093264102935791;RDF40;Agricultural and veterinary sciences;0.3045307695865631;RDF30;Medical, health and life sciences;0.11844351887702942;RDF604;Arts (arts, history of arts, performing arts, music), architecture and design;0.9985758662223816;RDF203;Electrical engineering, computer engineering, and information engineering;0.998275876045227;RDF508;Media and communications;0.9949788451194763;RDF201;Civil engineering, maritime engineering, transport engineering, and mining engineering;0.994929850101471;RDF102;Computer and information sciences;0.9947493672370911
670;Investigating mechanisms involved in vestibular substitution (Biological Systems and Functions);RDF20-21;Engineering and technology;0.2505520284175873;RDF10;Natural sciences;0.19361160695552826;RDF40;Agricultural and veterinary sciences;0.1725383847951889;RDF604;Arts (arts, history of arts, performing arts, music), architecture and design;0.9985449314117432;RDF202;Industrial, systems and processes engineering;0.9954967498779297;RDF105;Earth and related environmental sciences;0.9943251013755798;RDF201;Civil engineering, maritime engineering, transport engineering, and mining engineering;0.9927391409873962;RDF102;Computer and information sciences;0.9911612272262573
671;« COVID-19 » Migration en ligne et évaluation des impacts d'un programme de groupes de codéveloppement professionnel dans la fonction publique québécoise;RDF20-21;Engineering and technology;0.34407955408096313;RDF10;Natural sciences;0.1889086365699768;RDF40;Agricultural and veterinary sciences;0.18417251110076904;RDF604;Arts (arts, history of arts, performing arts, music), architecture and design;0.9987768530845642;RDF102;Computer and information sciences;0.9985702633857727;RDF201;Civil engineering, maritime engineering, transport engineering, and mining engineering;0.9984988570213318;RDF203;Electrical engineering, computer engineering, and information engineering;0.9970247745513916;RDF508;Media and communications;0.9969897270202637
672;Multibody modelling to prototype next generation portable exoskeletons for everyday assistance (Mechanical Engineering);RDF30;Medical, health and life sciences;0.42960286140441895;RDF20-21;Engineering and technology;0.24075014889240265;RDF40;Agricultural and veterinary sciences;0.10104799270629883;RDF604;Arts (arts, history of arts, performing arts, music), architecture and design;0.9973217844963074;RDF204;Mechanical engineering;0.9888527393341064;RDF202;Industrial, systems and processes engineering;0.9774354696273804;RDF201;Civil engineering, maritime engineering, transport engineering, and mining engineering;0.9757161140441895;RDF105;Earth and related environmental sciences;0.9692078232765198
673;Biomaterials-stimulated tissue regeneration and extracellular vesicles (Genes, Cells and Molecules);RDF20-21;Engineering and technology;0.22328132390975952;RDF30;Medical, health and life sciences;0.21181179583072662;RDF10;Natural sciences;0.2077149897813797;RDF201;Civil engineering, maritime engineering, transport engineering, and mining engineering;0.9993410706520081;RDF604;Arts (arts, history of arts, performing arts, music), architecture and design;0.9989535808563232;RDF202;Industrial, systems and processes engineering;0.9970650672912598;RDF601;History, archaeology and related studies;0.9963428974151611;RDF302;Clinical medicine;0.9961079359054565
674;Clinical Investigation in Canine and Feline Transfusion Medicine: Novel Blood Groups and their Clinical Significance (Biological Systems and Functions);RDF30;Medical, health and life sciences;0.34853997826576233;RDF10;Natural sciences;0.23308640718460083;RDF20-21;Engineering and technology;0.17871354520320892;RDF302;Clinical medicine;0.9989857077598572;RDF102;Computer and information sciences;0.9979730844497681;RDF604;Arts (arts, history of arts, performing arts, music), architecture and design;0.9965301156044006;RDF105;Earth and related environmental sciences;0.9958740472793579;RDF303;Health sciences;0.9925681948661804
675;Uauitamutau assi. Terminologie de l'environnement en langue innue (innu-aimun) (Psychology, linguistics and translation);RDF10;Natural sciences;0.3376932740211487;RDF20-21;Engineering and technology;0.30807435512542725;RDF50;Social sciences;0.26094913482666016;RDF201;Civil engineering, maritime engineering, transport engineering, and mining engineering;0.9974191188812256;RDF604;Arts (arts, history of arts, performing arts, music), architecture and design;0.996720552444458;RDF105;Earth and related environmental sciences;0.9960392713546753;RDF208;Environmental engineering and related engineering;0.994929850101471;RDF103;Physical sciences;0.9938549399375916
676;Novel role of exercise timing to improve obesity prevention and treatment (Nutrition, Food & Health);RDF30;Medical, health and life sciences;0.23497675359249115;RDF40;Agricultural and veterinary sciences;0.21145619451999664;RDF10;Natural sciences;0.18770606815814972;RDF203;Electrical engineering, computer engineering, and information engineering;0.9991623163223267;RDF604;Arts (arts, history of arts, performing arts, music), architecture and design;0.9990092515945435;RDF508;Media and communications;0.9989246129989624;RDF102;Computer and information sciences;0.9988189935684204;RDF103;Physical sciences;0.9986645579338074
677;Impact of vascular injury derived exosomes on Lupus Nephritis (Genes, Cells and Molecules);RDF20-21;Engineering and technology;0.3016572594642639;RDF10;Natural sciences;0.23038694262504578;RDF30;Medical, health and life sciences;0.22373522818088531;RDF604;Arts (arts, history of arts, performing arts, music), architecture and design;0.9986929297447205;RDF508;Media and communications;0.9985363483428955;RDF102;Computer and information sciences;0.9974885582923889;RDF303;Health sciences;0.9966690540313721;RDF202;Industrial, systems and processes engineering;0.996616780757904
678;Étude des logiques d'action syndicales dans le domaine de la santé mentale au travail: analyses croisées (Québec-France) dans le secteur de l'aérospatial (Business, management and related fields);RDF20-21;Engineering and technology;0.3706374764442444;RDF10;Natural sciences;0.24883423745632172;RDF50;Social sciences;0.13608385622501373;RDF102;Computer and information sciences;0.9985364079475403;RDF604;Arts (arts, history of arts, performing arts, music), architecture and design;0.9977958798408508;RDF105;Earth and related environmental sciences;0.9962345361709595;RDF204;Mechanical engineering;0.9941573739051819;RDF103;Physical sciences;0.9937587976455688
679;Linking lifestyle behaviors, microbiota & cardiometabolic health from childhood to early adulthood: The QUALITY Cohort (Social & Developmental Aspects of Children's & Youth's Health);RDF20-21;Engineering and technology;0.3552302122116089;RDF30;Medical, health and life sciences;0.2431940883398056;RDF10;Natural sciences;0.12543034553527832;RDF604;Arts (arts, history of arts, performing arts, music), architecture and design;0.9955920577049255;RDF102;Computer and information sciences;0.9950945973396301;RDF105;Earth and related environmental sciences;0.9943140745162964;RDF201;Civil engineering, maritime engineering, transport engineering, and mining engineering;0.9941460490226746;RDF103;Physical sciences;0.9909447431564331
680;Les syndicats face à la crise climatique : Analyse stratégique des ressources et des moyens d'action à mettre en oeuvre au plan local;RDF20-21;Engineering and technology;0.3333919048309326;RDF10;Natural sciences;0.2606620788574219;RDF30;Medical, health and life sciences;0.12385161966085434;RDF604;Arts (arts, history of arts, performing arts, music), architecture and design;0.9987744092941284;RDF102;Computer and information sciences;0.99282306432724;RDF103;Physical sciences;0.9924958944320679;RDF105;Earth and related environmental sciences;0.9899379014968872;RDF201;Civil engineering, maritime engineering, transport engineering, and mining engineering;0.9890554547309875
681;Étude du devenir-écrivaine en régime naturaliste : le cas de Georges de Peyrebrune (1841-1917) (Literature);RDF20-21;Engineering and technology;0.3707160949707031;RDF10;Natural sciences;0.22816862165927887;RDF30;Medical, health and life sciences;0.11574321240186691;RDF604;Arts (arts, history of arts, performing arts, music), architecture and design;0.9946359395980835;RDF103;Physical sciences;0.9848983287811279;RDF105;Earth and related environmental sciences;0.9820482134819031;RDF201;Civil engineering, maritime engineering, transport engineering, and mining engineering;0.9786515831947327;RDF102;Computer and information sciences;0.9779466986656189
682;Neutrophil extracellular traps (NETs) are major actors in heart failure with preserved ejection fraction (Cardiovascular System – Heart and Circulation);RDF20-21;Engineering and technology;0.5343030095100403;RDF10;Natural sciences;0.19445891678333282;RDF50;Social sciences;0.11353770643472672;RDF604;Arts (arts, history of arts, performing arts, music), architecture and design;0.9969125986099243;RDF102;Computer and information sciences;0.9910579323768616;RDF105;Earth and related environmental sciences;0.985868513584137;RDF201;Civil engineering, maritime engineering, transport engineering, and mining engineering;0.981909990310669;RDF202;Industrial, systems and processes engineering;0.9784465432167053
683;Harnessing Twitter for morphophonological variation (Psychology, linguistics and translation);RDF20-21;Engineering and technology;0.3526636064052582;RDF50;Social sciences;0.1878477782011032;RDF10;Natural sciences;0.15603573620319366;RDF604;Arts (arts, history of arts, performing arts, music), architecture and design;0.9961829781532288;RDF201;Civil engineering, maritime engineering, transport engineering, and mining engineering;0.9948803186416626;RDF508;Media and communications;0.9931760430335999;RDF202;Industrial, systems and processes engineering;0.9864938855171204;RDF105;Earth and related environmental sciences;0.9796287417411804
684;Multicarrier energy systems for resilient decarbonized communities;RDF40;Agricultural and veterinary sciences;0.46978604793548584;RDF30;Medical, health and life sciences;0.17316250503063202;RDF20-21;Engineering and technology;0.1359168142080307;RDF604;Arts (arts, history of arts, performing arts, music), architecture and design;0.9990959763526917;RDF203;Electrical engineering, computer engineering, and information engineering;0.9972477555274963;RDF202;Industrial, systems and processes engineering;0.9967649579048157;RDF508;Media and communications;0.9963143467903137;RDF103;Physical sciences;0.9927531480789185
685;Digital Leigh Hunt (Literature);RDF40;Agricultural and veterinary sciences;0.40949857234954834;RDF50;Social sciences;0.18421532213687897;RDF20-21;Engineering and technology;0.18171389400959015;RDF604;Arts (arts, history of arts, performing arts, music), architecture and design;0.9967837929725647;RDF508;Media and communications;0.9955142140388489;RDF201;Civil engineering, maritime engineering, transport engineering, and mining engineering;0.9933974146842957;RDF208;Environmental engineering and related engineering;0.989996075630188;RDF202;Industrial, systems and processes engineering;0.9899184703826904
686;New disposal techniques for reactive mine wastes to improve stability and facilitate site reclamation upon closure (Civil, Industrial and Systems Engineering);RDF20-21;Engineering and technology;0.4520963728427887;RDF30;Medical, health and life sciences;0.15639297664165497;RDF40;Agricultural and veterinary sciences;0.12889686226844788;RDF604;Arts (arts, history of arts, performing arts, music), architecture and design;0.9978842735290527;RDF203;Electrical engineering, computer engineering, and information engineering;0.9956431984901428;RDF508;Media and communications;0.9938430190086365;RDF102;Computer and information sciences;0.9930961728096008;RDF105;Earth and related environmental sciences;0.9924813508987427
687;Design and operation of Borehole Thermal Energy Storage systems (Mechanical Engineering);RDF30;Medical, health and life sciences;0.23833975195884705;RDF40;Agricultural and veterinary sciences;0.22653871774673462;RDF50;Social sciences;0.18489551544189453;RDF604;Arts (arts, history of arts, performing arts, music), architecture and design;0.9985896944999695;RDF508;Media and communications;0.9962782859802246;RDF204;Mechanical engineering;0.9938369989395142;RDF201;Civil engineering, maritime engineering, transport engineering, and mining engineering;0.9930692911148071;RDF202;Industrial, systems and processes engineering;0.9913892149925232
688;Mechanisms and consequences of spatially controlled G protein-coupled receptor signaling (Pharmacology & Toxicology);RDF20-21;Engineering and technology;0.2803332209587097;RDF10;Natural sciences;0.26541417837142944;RDF30;Medical, health and life sciences;0.20350009202957153;RDF604;Arts (arts, history of arts, performing arts, music), architecture and design;0.9991204142570496;RDF201;Civil engineering, maritime engineering, transport engineering, and mining engineering;0.9988074898719788;RDF203;Electrical engineering, computer engineering, and information engineering;0.9986853003501892;RDF102;Computer and information sciences;0.9983896017074585;RDF303;Health sciences;0.9982893466949463
689;L'humain au coeur de la transformation du travail;RDF40;Agricultural and veterinary sciences;0.4875132739543915;RDF30;Medical, health and life sciences;0.16265985369682312;RDF20-21;Engineering and technology;0.15581859648227692;RDF604;Arts (arts, history of arts, performing arts, music), architecture and design;0.9990150332450867;RDF201;Civil engineering, maritime engineering, transport engineering, and mining engineering;0.9985923767089844;RDF203;Electrical engineering, computer engineering, and information engineering;0.9984602928161621;RDF204;Mechanical engineering;0.9978924989700317;RDF103;Physical sciences;0.9968763589859009
690;Vers une nouvelle constitution du travail? Les libertés et droits fondamentaux des salarié.es comme assise des rapports de travail/Towards a New Constitution of Labour? Workers' Fundamental Rights and Freedoms as the Basis of Labour Relations (Law and criminology);RDF20-21;Engineering and technology;0.3272267282009125;RDF10;Natural sciences;0.22844108939170837;RDF50;Social sciences;0.15306882560253143;RDF102;Computer and information sciences;0.9989535808563232;RDF604;Arts (arts, history of arts, performing arts, music), architecture and design;0.998553454875946;RDF105;Earth and related environmental sciences;0.9982143044471741;RDF201;Civil engineering, maritime engineering, transport engineering, and mining engineering;0.9980467557907104;RDF103;Physical sciences;0.9973113536834717
691;Monitoring and Debugging of High Performance Distributed Heterogeneous Cloud Applications;RDF20-21;Engineering and technology;0.3301243484020233;RDF40;Agricultural and veterinary sciences;0.3212198317050934;RDF30;Medical, health and life sciences;0.13734778761863708;RDF604;Arts (arts, history of arts, performing arts, music), architecture and design;0.9986826777458191;RDF508;Media and communications;0.998065710067749;RDF102;Computer and information sciences;0.9953363537788391;RDF203;Electrical engineering, computer engineering, and information engineering;0.9937949776649475;RDF201;Civil engineering, maritime engineering, transport engineering, and mining engineering;0.9937829375267029
692;The role of Parkinson's disease-related proteins in innate and adaptive immunity (Cell Biology – Physiology);RDF20-21;Engineering and technology;0.3099918067455292;RDF10;Natural sciences;0.24001142382621765;RDF30;Medical, health and life sciences;0.15315765142440796;RDF508;Media and communications;0.9995045065879822;RDF604;Arts (arts, history of arts, performing arts, music), architecture and design;0.9992176294326782;RDF201;Civil engineering, maritime engineering, transport engineering, and mining engineering;0.9990111589431763;RDF202;Industrial, systems and processes engineering;0.9983674883842468;RDF103;Physical sciences;0.9983579516410828
693;Étude partenariale sur la médiation de la musique: institutionnalisation, professionnalisation, intervention;RDF20-21;Engineering and technology;0.26306310296058655;RDF10;Natural sciences;0.2432936131954193;RDF50;Social sciences;0.1688540279865265;RDF604;Arts (arts, history of arts, performing arts, music), architecture and design;0.998932957649231;RDF102;Computer and information sciences;0.9977083206176758;RDF201;Civil engineering, maritime engineering, transport engineering, and mining engineering;0.9972530603408813;RDF601;History, archaeology and related studies;0.9955316185951233;RDF105;Earth and related environmental sciences;0.995479166507721
694;Planification en temps réel dans les mines souterraines;RDF20-21;Engineering and technology;0.24191980063915253;RDF30;Medical, health and life sciences;0.2353944182395935;RDF40;Agricultural and veterinary sciences;0.2157992124557495;RDF604;Arts (arts, history of arts, performing arts, music), architecture and design;0.9988235831260681;RDF201;Civil engineering, maritime engineering, transport engineering, and mining engineering;0.9985618591308594;RDF508;Media and communications;0.9967332482337952;RDF203;Electrical engineering, computer engineering, and information engineering;0.9952907562255859;RDF103;Physical sciences;0.9909971952438354
695;Applications of operations research to transportation, logistics, fairness issues, and other topics (Civil, Industrial and Systems Engineering);RDF20-21;Engineering and technology;0.2569156587123871;RDF50;Social sciences;0.19698405265808105;RDF40;Agricultural and veterinary sciences;0.16187649965286255;RDF604;Arts (arts, history of arts, performing arts, music), architecture and design;0.9980353116989136;RDF203;Electrical engineering, computer engineering, and information engineering;0.9978257417678833;RDF201;Civil engineering, maritime engineering, transport engineering, and mining engineering;0.9973836541175842;RDF102;Computer and information sciences;0.9937162399291992;RDF202;Industrial, systems and processes engineering;0.993122935295105
696;Multiplexed and quantitative immunolabelling for cancer diagnostics using gold-silver alloy nanoprobes;RDF20-21;Engineering and technology;0.3173435926437378;RDF30;Medical, health and life sciences;0.19474750757217407;RDF50;Social sciences;0.16853991150856018;RDF604;Arts (arts, history of arts, performing arts, music), architecture and design;0.9973217844963074;RDF201;Civil engineering, maritime engineering, transport engineering, and mining engineering;0.9971606135368347;RDF508;Media and communications;0.9957270622253418;RDF102;Computer and information sciences;0.9947289824485779;RDF203;Electrical engineering, computer engineering, and information engineering;0.9936487674713135
697;Plasma processing for environment and cell-biology;RDF40;Agricultural and veterinary sciences;0.3027828633785248;RDF20-21;Engineering and technology;0.19434919953346252;RDF50;Social sciences;0.16429896652698517;RDF604;Arts (arts, history of arts, performing arts, music), architecture and design;0.9987106919288635;RDF201;Civil engineering, maritime engineering, transport engineering, and mining engineering;0.9981827139854431;RDF508;Media and communications;0.9980044960975647;RDF203;Electrical engineering, computer engineering, and information engineering;0.9971661567687988;RDF202;Industrial, systems and processes engineering;0.9962999820709229
698;Dynamic Games in Management (Civil, Industrial and Systems Engineering);RDF40;Agricultural and veterinary sciences;0.3575272262096405;RDF20-21;Engineering and technology;0.18047961592674255;RDF50;Social sciences;0.1522761881351471;RDF604;Arts (arts, history of arts, performing arts, music), architecture and design;0.9985364079475403;RDF203;Electrical engineering, computer engineering, and information engineering;0.9979048371315002;RDF202;Industrial, systems and processes engineering;0.9962345957756042;RDF201;Civil engineering, maritime engineering, transport engineering, and mining engineering;0.9955403208732605;RDF508;Media and communications;0.9936733841896057
699;Improved design and operations of building water systems to reduce health risks caused by water & energy conservation and extended shutdowns (Civil, Industrial and Systems Engineering);RDF30;Medical, health and life sciences;0.2393116056919098;RDF20-21;Engineering and technology;0.23468290269374847;RDF10;Natural sciences;0.20034323632717133;RDF604;Arts (arts, history of arts, performing arts, music), architecture and design;0.9987887144088745;RDF203;Electrical engineering, computer engineering, and information engineering;0.995937705039978;RDF208;Environmental engineering and related engineering;0.9951088428497314;RDF102;Computer and information sciences;0.99454665184021;RDF105;Earth and related environmental sciences;0.992857813835144
700;Shoulder musculoskeletal modeling: from data-tracking to predictive simulations (Mechanical Engineering);RDF20-21;Engineering and technology;0.23432719707489014;RDF10;Natural sciences;0.2253502607345581;RDF30;Medical, health and life sciences;0.19350671768188477;RDF604;Arts (arts, history of arts, performing arts, music), architecture and design;0.9980657696723938;RDF201;Civil engineering, maritime engineering, transport engineering, and mining engineering;0.9941003918647766;RDF102;Computer and information sciences;0.9938369989395142;RDF103;Physical sciences;0.9927108883857727;RDF204;Mechanical engineering;0.9917803406715393
701;Sustainable aqueous Sodium-ion batteries (Chemistry);RDF20-21;Engineering and technology;0.32507583498954773;RDF30;Medical, health and life sciences;0.2571561336517334;RDF40;Agricultural and veterinary sciences;0.19035719335079193;RDF508;Media and communications;0.9990245699882507;RDF604;Arts (arts, history of arts, performing arts, music), architecture and design;0.9983547925949097;RDF202;Industrial, systems and processes engineering;0.9957353472709656;RDF201;Civil engineering, maritime engineering, transport engineering, and mining engineering;0.995309054851532;RDF104;Chemical sciences;0.9899864196777344
702;Eigenvectors of Random Matrices (Mathematics and Statistics);RDF40;Agricultural and veterinary sciences;0.4074752628803253;RDF20-21;Engineering and technology;0.16853909194469452;RDF50;Social sciences;0.1620824635028839;RDF604;Arts (arts, history of arts, performing arts, music), architecture and design;0.9986330270767212;RDF508;Media and communications;0.9962199330329895;RDF102;Computer and information sciences;0.9962015151977539;RDF201;Civil engineering, maritime engineering, transport engineering, and mining engineering;0.9957930445671082;RDF202;Industrial, systems and processes engineering;0.9950754642486572
703;Cellular Reprogramming in Retinal Vascular Development (Genes, Cells and Molecules);RDF20-21;Engineering and technology;0.24842141568660736;RDF10;Natural sciences;0.2333703190088272;RDF30;Medical, health and life sciences;0.19690170884132385;RDF604;Arts (arts, history of arts, performing arts, music), architecture and design;0.9989697337150574;RDF508;Media and communications;0.9988259077072144;RDF102;Computer and information sciences;0.9980238080024719;RDF302;Clinical medicine;0.9978510737419128;RDF202;Industrial, systems and processes engineering;0.9978044629096985
704;Creating Virtual Shapes via Intuitive Input (Computer Science);RDF40;Agricultural and veterinary sciences;0.2646595239639282;RDF20-21;Engineering and technology;0.20895440876483917;RDF10;Natural sciences;0.1643308401107788;RDF604;Arts (arts, history of arts, performing arts, music), architecture and design;0.9988120794296265;RDF508;Media and communications;0.9979888200759888;RDF201;Civil engineering, maritime engineering, transport engineering, and mining engineering;0.9977958798408508;RDF203;Electrical engineering, computer engineering, and information engineering;0.9975656270980835;RDF102;Computer and information sciences;0.9969662427902222
705;Data-adaptive causal inference methods for effect modification (Mathematics and Statistics);RDF20-21;Engineering and technology;0.2934821844100952;RDF40;Agricultural and veterinary sciences;0.2272288203239441;RDF10;Natural sciences;0.19857996702194214;RDF604;Arts (arts, history of arts, performing arts, music), architecture and design;0.9976540803909302;RDF102;Computer and information sciences;0.9960004687309265;RDF203;Electrical engineering, computer engineering, and information engineering;0.9939024448394775;RDF508;Media and communications;0.993384599685669;RDF201;Civil engineering, maritime engineering, transport engineering, and mining engineering;0.9928231239318848
706;40 ans de changement linguistique à Montréal et à Welland: le rôle de l'individu et de la communauté (Linguistics and translation);RDF20-21;Engineering and technology;0.5127856731414795;RDF10;Natural sciences;0.20637640357017517;RDF30;Medical, health and life sciences;0.09796248376369476;RDF604;Arts (arts, history of arts, performing arts, music), architecture and design;0.997368335723877;RDF105;Earth and related environmental sciences;0.9937101006507874;RDF103;Physical sciences;0.9913557767868042;RDF201;Civil engineering, maritime engineering, transport engineering, and mining engineering;0.9896917343139648;RDF102;Computer and information sciences;0.9788950085639954
707;Using digital and immersive technologies to understand the contribution of sensory, perceptual, affective, cognitive and physiological factors to Social Information Processing (Biological Systems and Functions);RDF10;Natural sciences;0.23750708997249603;RDF20-21;Engineering and technology;0.19233910739421844;RDF30;Medical, health and life sciences;0.18033331632614136;RDF501;Psychology and cognitive sciences;0.9994867444038391;RDF203;Electrical engineering, computer engineering, and information engineering;0.9992620348930359;RDF601;History, archaeology and related studies;0.9992416501045227;RDF208;Environmental engineering and related engineering;0.9991896748542786;RDF604;Arts (arts, history of arts, performing arts, music), architecture and design;0.9990490078926086
708;Climate Change and Human Rights: Responsibility and Reparation;RDF40;Agricultural and veterinary sciences;0.24443113803863525;RDF10;Natural sciences;0.20989131927490234;RDF50;Social sciences;0.20106357336044312;RDF508;Media and communications;0.9996653199195862;RDF604;Arts (arts, history of arts, performing arts, music), architecture and design;0.9993067979812622;RDF201;Civil engineering, maritime engineering, transport engineering, and mining engineering;0.9987768530845642;RDF203;Electrical engineering, computer engineering, and information engineering;0.9984145164489746;RDF208;Environmental engineering and related engineering;0.9966755509376526
709;Can journalism's `real utopias' address the crisis of the news media? Exploring journalism cooperatives from an international and comparative perspective (Communications, media studies, gender studies, library and information science, related fields);RDF20-21;Engineering and technology;0.3052358329296112;RDF50;Social sciences;0.24146141111850739;RDF30;Medical, health and life sciences;0.13518328964710236;RDF508;Media and communications;0.9991220831871033;RDF604;Arts (arts, history of arts, performing arts, music), architecture and design;0.9986276030540466;RDF102;Computer and information sciences;0.998516321182251;RDF601;History, archaeology and related studies;0.9977083206176758;RDF105;Earth and related environmental sciences;0.996882438659668
710;Improving the integration of novice designers into interdisciplinary collaborative design teams (Multidisciplinary or interdisciplinary humanities);RDF40;Agricultural and veterinary sciences;0.23342086374759674;RDF20-21;Engineering and technology;0.2175721675157547;RDF10;Natural sciences;0.21503739058971405;RDF604;Arts (arts, history of arts, performing arts, music), architecture and design;0.9988350868225098;RDF203;Electrical engineering, computer engineering, and information engineering;0.998835027217865;RDF208;Environmental engineering and related engineering;0.998661994934082;RDF201;Civil engineering, maritime engineering, transport engineering, and mining engineering;0.9983255863189697;RDF102;Computer and information sciences;0.9982212781906128
711;Quel futur professionnel pour les jeunes adultes récemment immigré(e)s à Montréal? Identité, projets professionnels et expériences d'accès aux services (Multidisciplinary or interdisciplinary social sciences);RDF20-21;Engineering and technology;0.41719260811805725;RDF10;Natural sciences;0.16513943672180176;RDF50;Social sciences;0.1490454226732254;RDF604;Arts (arts, history of arts, performing arts, music), architecture and design;0.9970764517784119;RDF201;Civil engineering, maritime engineering, transport engineering, and mining engineering;0.9960043430328369;RDF508;Media and communications;0.9959770441055298;RDF208;Environmental engineering and related engineering;0.9947848916053772;RDF202;Industrial, systems and processes engineering;0.9938249588012695
712;Unravelling regulatory networks of stem cell states using single cell analysis (Cell Biology – Physiology);RDF20-21;Engineering and technology;0.5664474368095398;RDF10;Natural sciences;0.12534670531749725;RDF30;Medical, health and life sciences;0.10275556147098541;RDF604;Arts (arts, history of arts, performing arts, music), architecture and design;0.9781979918479919;RDF202;Industrial, systems and processes engineering;0.9584016799926758;RDF201;Civil engineering, maritime engineering, transport engineering, and mining engineering;0.9451974034309387;RDF102;Computer and information sciences;0.9382655620574951;RDF103;Physical sciences;0.9326989650726318
713;Comprendre et soutenir l'entourage des femmes victimes de violence entre partenaires intimes : tissu social, besoins et actions (Mutidisciplinary or interdisciplinary social sciences);RDF50;Social sciences;0.3732019066810608;RDF20-21;Engineering and technology;0.2703869044780731;RDF10;Natural sciences;0.1909855306148529;RDF604;Arts (arts, history of arts, performing arts, music), architecture and design;0.9976903796195984;RDF201;Civil engineering, maritime engineering, transport engineering, and mining engineering;0.9953904151916504;RDF105;Earth and related environmental sciences;0.9949886798858643;RDF102;Computer and information sciences;0.9877587556838989;RDF203;Electrical engineering, computer engineering, and information engineering;0.9830363392829895
714;Development of novel RvD1 analogues for osteoporosis therapy: mechanism of action and structure-activity relationships;RDF20-21;Engineering and technology;0.5312195420265198;RDF30;Medical, health and life sciences;0.16360272467136383;RDF10;Natural sciences;0.10059604048728943;RDF604;Arts (arts, history of arts, performing arts, music), architecture and design;0.9987429976463318;RDF508;Media and communications;0.9929061532020569;RDF103;Physical sciences;0.9919692277908325;RDF203;Electrical engineering, computer engineering, and information engineering;0.9899670481681824;RDF102;Computer and information sciences;0.9888419508934021
715;Improving plant biostimulants based on natural products and beneficial microorganisms;RDF20-21;Engineering and technology;0.33426737785339355;RDF40;Agricultural and veterinary sciences;0.18934710323810577;RDF30;Medical, health and life sciences;0.1657978594303131;RDF604;Arts (arts, history of arts, performing arts, music), architecture and design;0.9985191822052002;RDF508;Media and communications;0.9981251358985901;RDF203;Electrical engineering, computer engineering, and information engineering;0.9976311922073364;RDF302;Clinical medicine;0.9972902536392212;RDF201;Civil engineering, maritime engineering, transport engineering, and mining engineering;0.9970991611480713
716;Characterization of the antibacterial activity of some antimicrobial-derived metabolites and their involvement in the development of antimicrobial resistance in bacteria of animal origin (Biological Systems and Functions);RDF20-21;Engineering and technology;0.3163144886493683;RDF10;Natural sciences;0.3101963996887207;RDF60;Humanities and the arts;0.1103881299495697;RDF604;Arts (arts, history of arts, performing arts, music), architecture and design;0.9984481930732727;RDF102;Computer and information sciences;0.9969305992126465;RDF103;Physical sciences;0.9967523217201233;RDF303;Health sciences;0.9950031638145447;RDF601;History, archaeology and related studies;0.9947696924209595
717;Développement de méthodes rationnelles de maintenance proactive de systèmes industriels (Civil, Industrial and Systems Engineering);RDF20-21;Engineering and technology;0.3275061845779419;RDF10;Natural sciences;0.2013770192861557;RDF30;Medical, health and life sciences;0.16891533136367798;RDF604;Arts (arts, history of arts, performing arts, music), architecture and design;0.9992505311965942;RDF203;Electrical engineering, computer engineering, and information engineering;0.9972797632217407;RDF102;Computer and information sciences;0.9966036081314087;RDF508;Media and communications;0.9958012104034424;RDF302;Clinical medicine;0.994379997253418
718;Intention Driven Development: Towards a new generation of development platforms;RDF40;Agricultural and veterinary sciences;0.35453036427497864;RDF30;Medical, health and life sciences;0.18072308599948883;RDF10;Natural sciences;0.16105268895626068;RDF604;Arts (arts, history of arts, performing arts, music), architecture and design;0.9993135333061218;RDF203;Electrical engineering, computer engineering, and information engineering;0.9992251992225647;RDF201;Civil engineering, maritime engineering, transport engineering, and mining engineering;0.9989737868309021;RDF204;Mechanical engineering;0.998870849609375;RDF208;Environmental engineering and related engineering;0.9987720251083374
719;Decision support systems based on heterogeneous data driven models for a safe and optimal operation of industrial process systems (Materials and Chemical Engineering);RDF20-21;Engineering and technology;0.32569414377212524;RDF10;Natural sciences;0.2694830596446991;RDF40;Agricultural and veterinary sciences;0.15057696402072906;RDF604;Arts (arts, history of arts, performing arts, music), architecture and design;0.9990490078926086;RDF102;Computer and information sciences;0.9975177049636841;RDF203;Electrical engineering, computer engineering, and information engineering;0.9974191188812256;RDF103;Physical sciences;0.9947289228439331;RDF601;History, archaeology and related studies;0.9937466382980347
720;Untangling heterogeneity in cytomegalovirus infection kinetics and evolution using mathematical modelling;RDF20-21;Engineering and technology;0.47655364871025085;RDF50;Social sciences;0.11932069063186646;RDF60;Humanities and the arts;0.1145256757736206;RDF604;Arts (arts, history of arts, performing arts, music), architecture and design;0.9988143444061279;RDF508;Media and communications;0.9925392866134644;RDF102;Computer and information sciences;0.9906780123710632;RDF201;Civil engineering, maritime engineering, transport engineering, and mining engineering;0.9833429455757141;RDF202;Industrial, systems and processes engineering;0.9796092510223389
721;Getting on track for the audit of tomorrow: Auditors' expertise amidst digitalization;RDF40;Agricultural and veterinary sciences;0.35107657313346863;RDF20-21;Engineering and technology;0.2619191110134125;RDF30;Medical, health and life sciences;0.15040749311447144;RDF604;Arts (arts, history of arts, performing arts, music), architecture and design;0.998510479927063;RDF203;Electrical engineering, computer engineering, and information engineering;0.9967013001441956;RDF208;Environmental engineering and related engineering;0.9961680173873901;RDF204;Mechanical engineering;0.9960622191429138;RDF201;Civil engineering, maritime engineering, transport engineering, and mining engineering;0.9959771037101746
722;Immunoproteasome-expressing mesenchymal stromal cells: a new tool for cancer vaccination (Cancer Biology & Therapeutics);RDF20-21;Engineering and technology;0.48172056674957275;RDF30;Medical, health and life sciences;0.22054775059223175;RDF10;Natural sciences;0.1824837327003479;RDF604;Arts (arts, history of arts, performing arts, music), architecture and design;0.9985392689704895;RDF102;Computer and information sciences;0.9971384406089783;RDF508;Media and communications;0.9969544410705566;RDF303;Health sciences;0.9957436323165894;RDF103;Physical sciences;0.9932941198348999
723;Invisibility of disability in Global South and North: Equitable access to health services in the context of climate change;RDF10;Natural sciences;0.2471376657485962;RDF30;Medical, health and life sciences;0.22945953905582428;RDF40;Agricultural and veterinary sciences;0.2085176259279251;RDF203;Electrical engineering, computer engineering, and information engineering;0.9988418221473694;RDF508;Media and communications;0.998816728591919;RDF604;Arts (arts, history of arts, performing arts, music), architecture and design;0.9987527132034302;RDF103;Physical sciences;0.9984959363937378;RDF102;Computer and information sciences;0.9984781742095947
724;A shock-fitting approach for predicting the two-phase transient flows in stormwater systems (SWS) with best management practices (BMP) (Civil, Industrial and Systems Engineering);RDF20-21;Engineering and technology;0.6528120040893555;RDF60;Humanities and the arts;0.09413836896419525;RDF10;Natural sciences;0.09110847115516663;RDF604;Arts (arts, history of arts, performing arts, music), architecture and design;0.9972637891769409;RDF102;Computer and information sciences;0.9914721846580505;RDF105;Earth and related environmental sciences;0.9795506000518799;RDF508;Media and communications;0.9596676826477051;RDF103;Physical sciences;0.9588085412979126
725;Optimiser la transition des soins entre les différents milieux avec l'apport de la technologie pour favoriser la santé et l'autonomie des personnes âgées fragilisées vivant ou non en régions éloignées;RDF20-21;Engineering and technology;0.30665647983551025;RDF30;Medical, health and life sciences;0.2597481608390808;RDF10;Natural sciences;0.1726919561624527;RDF604;Arts (arts, history of arts, performing arts, music), architecture and design;0.9992533922195435;RDF102;Computer and information sciences;0.998661994934082;RDF302;Clinical medicine;0.9978129863739014;RDF303;Health sciences;0.9977525472640991;RDF105;Earth and related environmental sciences;0.9977525472640991
726;XIe Conférence du Forum Mondial de Médiation:L´humanité face aux conflits actuels: nouveaux défis pour la médiation;RDF20-21;Engineering and technology;0.3591291010379791;RDF10;Natural sciences;0.21402734518051147;RDF40;Agricultural and veterinary sciences;0.20623047649860382;RDF604;Arts (arts, history of arts, performing arts, music), architecture and design;0.9991974234580994;RDF102;Computer and information sciences;0.9982590079307556;RDF201;Civil engineering, maritime engineering, transport engineering, and mining engineering;0.9979809522628784;RDF508;Media and communications;0.9975369572639465;RDF105;Earth and related environmental sciences;0.9969956874847412
727;Optimization of mechanically induced phase transformation at crack tip in metal for improved crack growth resistance (Materials and Chemical Engineering);RDF20-21;Engineering and technology;0.2793315351009369;RDF10;Natural sciences;0.19826921820640564;RDF40;Agricultural and veterinary sciences;0.15396052598953247;RDF604;Arts (arts, history of arts, performing arts, music), architecture and design;0.9982590079307556;RDF302;Clinical medicine;0.9961305856704712;RDF508;Media and communications;0.9955402612686157;RDF103;Physical sciences;0.9951983690261841;RDF105;Earth and related environmental sciences;0.994641125202179
728;Investigating important but overlooked streptococcal agents of disease in production animals (Biological Systems and Functions);RDF20-21;Engineering and technology;0.26272934675216675;RDF30;Medical, health and life sciences;0.25890880823135376;RDF10;Natural sciences;0.14824387431144714;RDF604;Arts (arts, history of arts, performing arts, music), architecture and design;0.9981397390365601;RDF508;Media and communications;0.9958256483078003;RDF201;Civil engineering, maritime engineering, transport engineering, and mining engineering;0.9947186708450317;RDF202;Industrial, systems and processes engineering;0.9904775023460388;RDF102;Computer and information sciences;0.9890236854553223
729;Adverse Drug Events and Medication Errors in adult Intensive Care Units (Health Services Evaluation & Interventions Research);RDF20-21;Engineering and technology;0.3442881107330322;RDF30;Medical, health and life sciences;0.2804514765739441;RDF10;Natural sciences;0.1803671270608902;RDF604;Arts (arts, history of arts, performing arts, music), architecture and design;0.9981791973114014;RDF508;Media and communications;0.9970707297325134;RDF102;Computer and information sciences;0.9940081238746643;RDF302;Clinical medicine;0.9905692338943481;RDF203;Electrical engineering, computer engineering, and information engineering;0.9903849363327026
730;Entre responsabilité professionnelle et devoir de prendre soin de soi - Mieux comprendre la multiplicité des expériences entourant le processus d'arrêt de travail et de retour à l'emploi chez les travailleuses de la santé et des services sociaux (Sociology, demography and related fields);RDF20-21;Engineering and technology;0.2827495038509369;RDF30;Medical, health and life sciences;0.22020556032657623;RDF50;Social sciences;0.1857941895723343;RDF604;Arts (arts, history of arts, performing arts, music), architecture and design;0.9970014691352844;RDF102;Computer and information sciences;0.9963143467903137;RDF201;Civil engineering, maritime engineering, transport engineering, and mining engineering;0.9954879283905029;RDF203;Electrical engineering, computer engineering, and information engineering;0.9938130378723145;RDF204;Mechanical engineering;0.9934293627738953
731;Brain alterations and cognitive decline in obstructive sleep apnea;RDF40;Agricultural and veterinary sciences;0.32130178809165955;RDF30;Medical, health and life sciences;0.17366817593574524;RDF10;Natural sciences;0.15874557197093964;RDF201;Civil engineering, maritime engineering, transport engineering, and mining engineering;0.9994525909423828;RDF508;Media and communications;0.9994046092033386;RDF203;Electrical engineering, computer engineering, and information engineering;0.9991848468780518;RDF604;Arts (arts, history of arts, performing arts, music), architecture and design;0.9987839460372925;RDF204;Mechanical engineering;0.9987306594848633
732;Methods and analytical tools to optimize patient flow (Civil, Industrial and Systems Engineering);RDF30;Medical, health and life sciences;0.3405124843120575;RDF40;Agricultural and veterinary sciences;0.1776936948299408;RDF20-21;Engineering and technology;0.17071954905986786;RDF604;Arts (arts, history of arts, performing arts, music), architecture and design;0.9969956278800964;RDF203;Electrical engineering, computer engineering, and information engineering;0.9966691136360168;RDF102;Computer and information sciences;0.9884026646614075;RDF201;Civil engineering, maritime engineering, transport engineering, and mining engineering;0.9816128015518188;RDF208;Environmental engineering and related engineering;0.9788950085639954
733;Heterogeneity of interprofessional primary care teams and its effect on quality of care and health service use in older adults (Health Services Evaluation & Interventions Research);RDF20-21;Engineering and technology;0.2842455208301544;RDF30;Medical, health and life sciences;0.2618592381477356;RDF10;Natural sciences;0.20473437011241913;RDF604;Arts (arts, history of arts, performing arts, music), architecture and design;0.9971936345100403;RDF102;Computer and information sciences;0.9951041340827942;RDF201;Civil engineering, maritime engineering, transport engineering, and mining engineering;0.9912548065185547;RDF203;Electrical engineering, computer engineering, and information engineering;0.9909359216690063;RDF302;Clinical medicine;0.9907945394515991
734;Recul des gains d'espérance de vie au Canada depuis 2010 : la contribution de la mortalité par drogues, par maladies cardiovasculaires et le rôle catalyseur de la pandémie de COVID-19 (Sociology, demography and related fields);RDF20-21;Engineering and technology;0.2529229521751404;RDF50;Social sciences;0.22276818752288818;RDF30;Medical, health and life sciences;0.1850423663854599;RDF102;Computer and information sciences;0.9985220432281494;RDF201;Civil engineering, maritime engineering, transport engineering, and mining engineering;0.998495876789093;RDF604;Arts (arts, history of arts, performing arts, music), architecture and design;0.9984482526779175;RDF302;Clinical medicine;0.9981932640075684;RDF105;Earth and related environmental sciences;0.9980044364929199
735;Canadian Network on Hepatitis C (CanHepC): From Discovery to Implementation (Hepatitis C Research);RDF20-21;Engineering and technology;0.2294161021709442;RDF10;Natural sciences;0.2285216897726059;RDF30;Medical, health and life sciences;0.20010028779506683;RDF508;Media and communications;0.9993976354598999;RDF201;Civil engineering, maritime engineering, transport engineering, and mining engineering;0.9991848468780518;RDF604;Arts (arts, history of arts, performing arts, music), architecture and design;0.9990728497505188;RDF102;Computer and information sciences;0.9985505938529968;RDF203;Electrical engineering, computer engineering, and information engineering;0.9984481930732727
736;Novel numerical simulation tools for the vulnerability assessment and rehabilitation of critical structures against the effects of floods and climate change;RDF20-21;Engineering and technology;0.47451236844062805;RDF40;Agricultural and veterinary sciences;0.16462892293930054;RDF30;Medical, health and life sciences;0.12597906589508057;RDF604;Arts (arts, history of arts, performing arts, music), architecture and design;0.9986567497253418;RDF102;Computer and information sciences;0.9974440932273865;RDF203;Electrical engineering, computer engineering, and information engineering;0.9966626167297363;RDF105;Earth and related environmental sciences;0.9894804954528809;RDF508;Media and communications;0.9862179160118103
737;QUEST: Co-développer avec et pour les jeunes des connaissances sur la QUalité de leur Environnement psychoSocial de Travail;RDF40;Agricultural and veterinary sciences;0.2685816287994385;RDF20-21;Engineering and technology;0.2608271837234497;RDF10;Natural sciences;0.15975216031074524;RDF604;Arts (arts, history of arts, performing arts, music), architecture and design;0.9982859492301941;RDF508;Media and communications;0.9976631999015808;RDF102;Computer and information sciences;0.9965969920158386;RDF208;Environmental engineering and related engineering;0.9955662488937378;RDF105;Earth and related environmental sciences;0.992054283618927
738;The effects of COVID-19 pandemics in sustainability controversies: new shades of green in the battery metals industry in Quebec;RDF20-21;Engineering and technology;0.3877849578857422;RDF10;Natural sciences;0.21667958796024323;RDF30;Medical, health and life sciences;0.15667928755283356;RDF204;Mechanical engineering;0.9993161559104919;RDF508;Media and communications;0.998586893081665;RDF103;Physical sciences;0.9983546733856201;RDF604;Arts (arts, history of arts, performing arts, music), architecture and design;0.9981433153152466;RDF102;Computer and information sciences;0.9981324672698975
739;From birth to adulthood: The role of age of cannabis use onset in the individual and environmental developmental pathways leading to substance use problems (Psychosocial, Sociocultural & Behavioural Determinants of Health);RDF20-21;Engineering and technology;0.26627317070961;RDF30;Medical, health and life sciences;0.21105121076107025;RDF10;Natural sciences;0.19104163348674774;RDF604;Arts (arts, history of arts, performing arts, music), architecture and design;0.9986462593078613;RDF102;Computer and information sciences;0.9980467557907104;RDF508;Media and communications;0.9980122447013855;RDF501;Psychology and cognitive sciences;0.9978760480880737;RDF201;Civil engineering, maritime engineering, transport engineering, and mining engineering;0.9974140524864197
740;Creative Pedagogies for Ecological Transitions on the Shoreline;RDF40;Agricultural and veterinary sciences;0.39120274782180786;RDF50;Social sciences;0.14761634171009064;RDF10;Natural sciences;0.1400335729122162;RDF508;Media and communications;0.9994138479232788;RDF604;Arts (arts, history of arts, performing arts, music), architecture and design;0.9992692470550537;RDF203;Electrical engineering, computer engineering, and information engineering;0.998542070388794;RDF204;Mechanical engineering;0.997188150882721;RDF103;Physical sciences;0.996656060218811
741;Contribution of the NKG2D pathway to multiple sclerosis (Molecular & Cellular Neurosciences);RDF20-21;Engineering and technology;0.3237045109272003;RDF10;Natural sciences;0.22204452753067017;RDF30;Medical, health and life sciences;0.21022754907608032;RDF604;Arts (arts, history of arts, performing arts, music), architecture and design;0.9987131953239441;RDF508;Media and communications;0.9986222982406616;RDF201;Civil engineering, maritime engineering, transport engineering, and mining engineering;0.9980994462966919;RDF202;Industrial, systems and processes engineering;0.9961531758308411;RDF303;Health sciences;0.9953182339668274
742;Pregnancy and COVID-19 hospitalization in Quebec (Public, Community & Population Health);RDF20-21;Engineering and technology;0.29817020893096924;RDF30;Medical, health and life sciences;0.2795584499835968;RDF50;Social sciences;0.15620669722557068;RDF604;Arts (arts, history of arts, performing arts, music), architecture and design;0.9971272349357605;RDF508;Media and communications;0.9952355623245239;RDF201;Civil engineering, maritime engineering, transport engineering, and mining engineering;0.9869920611381531;RDF102;Computer and information sciences;0.9762200117111206;RDF202;Industrial, systems and processes engineering;0.9709367752075195
743;La musique est-elle une prière? (Fine Arts, Research-Creation);RDF20-21;Engineering and technology;0.2862321138381958;RDF40;Agricultural and veterinary sciences;0.19141796231269836;RDF50;Social sciences;0.17428803443908691;RDF604;Arts (arts, history of arts, performing arts, music), architecture and design;0.9986087679862976;RDF508;Media and communications;0.9960852265357971;RDF201;Civil engineering, maritime engineering, transport engineering, and mining engineering;0.9943030476570129;RDF102;Computer and information sciences;0.9928370118141174;RDF601;History, archaeology and related studies;0.9915379881858826
744;A multi-site, prospective study of the role of emotional competence in (mal)adaptive functioning among university students exposed to sexual violence (Psychology);RDF20-21;Engineering and technology;0.3396315574645996;RDF10;Natural sciences;0.24415013194084167;RDF30;Medical, health and life sciences;0.16455617547035217;RDF604;Arts (arts, history of arts, performing arts, music), architecture and design;0.9981613159179688;RDF201;Civil engineering, maritime engineering, transport engineering, and mining engineering;0.9950850605964661;RDF508;Media and communications;0.9930828213691711;RDF102;Computer and information sciences;0.9911953210830688;RDF103;Physical sciences;0.9896917939186096
745;Effets d'une intervention musicale personnalisée sur les répercussions de la COVID-19 en santé mentale des personnes âgées;RDF20-21;Engineering and technology;0.2736506164073944;RDF10;Natural sciences;0.23728787899017334;RDF30;Medical, health and life sciences;0.16244961321353912;RDF604;Arts (arts, history of arts, performing arts, music), architecture and design;0.9994139075279236;RDF203;Electrical engineering, computer engineering, and information engineering;0.9992445707321167;RDF508;Media and communications;0.9991255402565002;RDF102;Computer and information sciences;0.9990782141685486;RDF201;Civil engineering, maritime engineering, transport engineering, and mining engineering;0.9980083703994751
746;Redox regulation of the antiviral response : role of oxidative post-translational modifications of MAVS (Virology & Viral Pathogenesis);RDF20-21;Engineering and technology;0.3832550346851349;RDF10;Natural sciences;0.28986164927482605;RDF30;Medical, health and life sciences;0.1246679499745369;RDF604;Arts (arts, history of arts, performing arts, music), architecture and design;0.9967900514602661;RDF102;Computer and information sciences;0.9963923692703247;RDF303;Health sciences;0.994488000869751;RDF302;Clinical medicine;0.9906419515609741;RDF202;Industrial, systems and processes engineering;0.9891815185546875
747;The role of UCH family deubiquitinases in T cell biology (Genes, Cells and Molecules);RDF20-21;Engineering and technology;0.4675123989582062;RDF10;Natural sciences;0.21869109570980072;RDF50;Social sciences;0.12006711214780807;RDF604;Arts (arts, history of arts, performing arts, music), architecture and design;0.9979691505432129;RDF508;Media and communications;0.9931694269180298;RDF201;Civil engineering, maritime engineering, transport engineering, and mining engineering;0.9931561350822449;RDF302;Clinical medicine;0.9909447431564331;RDF105;Earth and related environmental sciences;0.9898205399513245
748;A high temperature upgrade for the twin-screw extruder to process high-performance hybrid PEEK-based formulations and other engineering polymer-based (PEI, PPSU, etc.) systems (Materials and Chemical Engineering);RDF20-21;Engineering and technology;0.5853519439697266;RDF10;Natural sciences;0.12269642949104309;RDF30;Medical, health and life sciences;0.10912846773862839;RDF604;Arts (arts, history of arts, performing arts, music), architecture and design;0.9978130459785461;RDF201;Civil engineering, maritime engineering, transport engineering, and mining engineering;0.9936364889144897;RDF202;Industrial, systems and processes engineering;0.9936363697052002;RDF105;Earth and related environmental sciences;0.9828890562057495;RDF303;Health sciences;0.9824904203414917
749;Single-cell approaches to characterize and target the cellular reservoirs of HIV infection (Virology & Viral Pathogenesis);RDF20-21;Engineering and technology;0.383192777633667;RDF10;Natural sciences;0.2696097791194916;RDF50;Social sciences;0.1378377377986908;RDF604;Arts (arts, history of arts, performing arts, music), architecture and design;0.9981288313865662;RDF102;Computer and information sciences;0.9976125955581665;RDF103;Physical sciences;0.9951890110969543;RDF302;Clinical medicine;0.9911011457443237;RDF303;Health sciences;0.9909622073173523
750;Impact of transient neonatal hyperoxia on skeletal muscle development: Relevance for impaired exercise capacity after preterm birth (Clinical Investigation – Reproduction, Maternal, Child and Youth Health);RDF20-21;Engineering and technology;0.3922274112701416;RDF10;Natural sciences;0.23238703608512878;RDF30;Medical, health and life sciences;0.1788746863603592;RDF302;Clinical medicine;0.9992371797561646;RDF103;Physical sciences;0.9985105395317078;RDF102;Computer and information sciences;0.9984781742095947;RDF604;Arts (arts, history of arts, performing arts, music), architecture and design;0.998454213142395;RDF105;Earth and related environmental sciences;0.9981178045272827
751;Le développement de la compétence de collaboration interprofessionnelle : perception des membres d'une équipe de professionnels en exercice de la dynamique de coaction (Education and social work);RDF20-21;Engineering and technology;0.2519875168800354;RDF10;Natural sciences;0.24423468112945557;RDF40;Agricultural and veterinary sciences;0.2040657252073288;RDF604;Arts (arts, history of arts, performing arts, music), architecture and design;0.9992068409919739;RDF102;Computer and information sciences;0.9991540312767029;RDF105;Earth and related environmental sciences;0.9990890026092529;RDF103;Physical sciences;0.9985730648040771;RDF201;Civil engineering, maritime engineering, transport engineering, and mining engineering;0.9985105395317078
752;Agreeing to Disagree: Incentives and Innovation in Dynamic Settings (Economics);RDF20-21;Engineering and technology;0.2635725736618042;RDF40;Agricultural and veterinary sciences;0.2515026926994324;RDF10;Natural sciences;0.19396701455116272;RDF604;Arts (arts, history of arts, performing arts, music), architecture and design;0.9982860088348389;RDF508;Media and communications;0.9982624650001526;RDF201;Civil engineering, maritime engineering, transport engineering, and mining engineering;0.9969897866249084;RDF102;Computer and information sciences;0.9966233968734741;RDF103;Physical sciences;0.9959692358970642
753;"L'enfance du ""mauvais genre"". Une sociologie de la non-conformité de genre durant l'enfance en France et au Québec (Sociology, demography and related fields)";RDF50;Social sciences;0.4731990396976471;RDF20-21;Engineering and technology;0.2680455148220062;RDF60;Humanities and the arts;0.08899833261966705;RDF604;Arts (arts, history of arts, performing arts, music), architecture and design;0.998103141784668;RDF504;Sociology and related studies;0.9957353472709656;RDF105;Earth and related environmental sciences;0.9918516278266907;RDF102;Computer and information sciences;0.990731954574585;RDF201;Civil engineering, maritime engineering, transport engineering, and mining engineering;0.9881651997566223
754;Engineering Sustainable and Inclusive Streets for the 30-Min City;RDF40;Agricultural and veterinary sciences;0.3624434173107147;RDF20-21;Engineering and technology;0.21537065505981445;RDF30;Medical, health and life sciences;0.18969307839870453;RDF604;Arts (arts, history of arts, performing arts, music), architecture and design;0.9988839626312256;RDF508;Media and communications;0.9936978816986084;RDF208;Environmental engineering and related engineering;0.9884918332099915;RDF201;Civil engineering, maritime engineering, transport engineering, and mining engineering;0.9865458607673645;RDF202;Industrial, systems and processes engineering;0.9787735939025879
755;Les incidences de l'architecture logicielle des tribunaux en ligne sur l'accès à la justice (Law and criminology);RDF20-21;Engineering and technology;0.5525376200675964;RDF10;Natural sciences;0.24280433356761932;RDF40;Agricultural and veterinary sciences;0.08733881264925003;RDF604;Arts (arts, history of arts, performing arts, music), architecture and design;0.998091995716095;RDF102;Computer and information sciences;0.9970991015434265;RDF201;Civil engineering, maritime engineering, transport engineering, and mining engineering;0.9954438805580139;RDF105;Earth and related environmental sciences;0.9942919611930847;RDF103;Physical sciences;0.9916195869445801
756;Incorporating rich micro-level distributions and dynamics in models with heterogenous firms: method, lessons and applications;RDF20-21;Engineering and technology;0.34608694911003113;RDF40;Agricultural and veterinary sciences;0.23235179483890533;RDF10;Natural sciences;0.16605433821678162;RDF604;Arts (arts, history of arts, performing arts, music), architecture and design;0.9982385039329529;RDF201;Civil engineering, maritime engineering, transport engineering, and mining engineering;0.9937101602554321;RDF102;Computer and information sciences;0.9931561946868896;RDF203;Electrical engineering, computer engineering, and information engineering;0.9917083382606506;RDF503;Education;0.9896218180656433
757;Inhabiting altered worlds: sensory experiences following traumatic brain injuries (Mutidisciplinary or interdisciplinary social sciences);RDF20-21;Engineering and technology;0.3081287741661072;RDF50;Social sciences;0.2692801058292389;RDF10;Natural sciences;0.21468880772590637;RDF201;Civil engineering, maritime engineering, transport engineering, and mining engineering;0.9988926649093628;RDF604;Arts (arts, history of arts, performing arts, music), architecture and design;0.9988373517990112;RDF203;Electrical engineering, computer engineering, and information engineering;0.9987056255340576;RDF102;Computer and information sciences;0.9982556104660034;RDF202;Industrial, systems and processes engineering;0.9976722598075867
758;Microtubule alterations in progressive supranuclear palsy;RDF20-21;Engineering and technology;0.32783636450767517;RDF40;Agricultural and veterinary sciences;0.21500033140182495;RDF50;Social sciences;0.13773438334465027;RDF604;Arts (arts, history of arts, performing arts, music), architecture and design;0.9989161491394043;RDF508;Media and communications;0.9962999820709229;RDF201;Civil engineering, maritime engineering, transport engineering, and mining engineering;0.9953272342681885;RDF203;Electrical engineering, computer engineering, and information engineering;0.9945625066757202;RDF102;Computer and information sciences;0.9941856861114502
759;Improving reproducibility in MRI with vendor-neutral acquisitions and transparent workflows;RDF20-21;Engineering and technology;0.29565876722335815;RDF40;Agricultural and veterinary sciences;0.2298099845647812;RDF10;Natural sciences;0.18977640569210052;RDF604;Arts (arts, history of arts, performing arts, music), architecture and design;0.9985306859016418;RDF203;Electrical engineering, computer engineering, and information engineering;0.9965837001800537;RDF102;Computer and information sciences;0.995643138885498;RDF103;Physical sciences;0.9946877956390381;RDF201;Civil engineering, maritime engineering, transport engineering, and mining engineering;0.9925103783607483
760;Investigation of Metal Organic Frameworks for Renewable Energy Electrocatalysis (Chemistry);RDF20-21;Engineering and technology;0.3865377902984619;RDF10;Natural sciences;0.1516663134098053;RDF30;Medical, health and life sciences;0.14192184805870056;RDF508;Media and communications;0.9986382722854614;RDF604;Arts (arts, history of arts, performing arts, music), architecture and design;0.9983547329902649;RDF102;Computer and information sciences;0.995216965675354;RDF105;Earth and related environmental sciences;0.9920080304145813;RDF202;Industrial, systems and processes engineering;0.9907945990562439
761;FLUIDELELASTIC INSTABILITY, VORTEX-INDUCED VIBRATION AND SYMMETRY BREAKING IN HELICAL ARRAYS OF CYLINDERS SUBJECTED TO CROSS-FLOW (Mechanical Engineering);RDF20-21;Engineering and technology;0.514214813709259;RDF10;Natural sciences;0.15008410811424255;RDF50;Social sciences;0.1027490496635437;RDF604;Arts (arts, history of arts, performing arts, music), architecture and design;0.9974241256713867;RDF201;Civil engineering, maritime engineering, transport engineering, and mining engineering;0.996271014213562;RDF302;Clinical medicine;0.9908743500709534;RDF508;Media and communications;0.9896218180656433;RDF102;Computer and information sciences;0.9893988370895386
762;4D spheroids identify type I protein arginine methyltransferases as a target in NSCLC (Cancer Biology & Therapeutics);RDF20-21;Engineering and technology;0.6406813859939575;RDF30;Medical, health and life sciences;0.12026295810937881;RDF60;Humanities and the arts;0.07681795954704285;RDF604;Arts (arts, history of arts, performing arts, music), architecture and design;0.9982281923294067;RDF508;Media and communications;0.9918438196182251;RDF303;Health sciences;0.9722833633422852;RDF201;Civil engineering, maritime engineering, transport engineering, and mining engineering;0.9722043871879578;RDF102;Computer and information sciences;0.9682313799858093
763;New perspectives on job search and labour markets;RDF40;Agricultural and veterinary sciences;0.45432743430137634;RDF30;Medical, health and life sciences;0.17896272242069244;RDF10;Natural sciences;0.12444902956485748;RDF501;Psychology and cognitive sciences;0.9994966983795166;RDF203;Electrical engineering, computer engineering, and information engineering;0.9994857311248779;RDF204;Mechanical engineering;0.9994263052940369;RDF508;Media and communications;0.999291718006134;RDF604;Arts (arts, history of arts, performing arts, music), architecture and design;0.999280571937561
764;Long time evolution of complex materials : algorithmic developments and applications to metals, semiconductors and proteins (Physics);RDF10;Natural sciences;0.2635176479816437;RDF50;Social sciences;0.19204199314117432;RDF30;Medical, health and life sciences;0.1793527901172638;RDF201;Civil engineering, maritime engineering, transport engineering, and mining engineering;0.9992591738700867;RDF203;Electrical engineering, computer engineering, and information engineering;0.9991958737373352;RDF103;Physical sciences;0.9986567497253418;RDF604;Arts (arts, history of arts, performing arts, music), architecture and design;0.9985951781272888;RDF102;Computer and information sciences;0.9983928203582764
765;L'héritage de Pierre Elliott Trudeau;RDF40;Agricultural and veterinary sciences;0.47096550464630127;RDF10;Natural sciences;0.14675569534301758;RDF30;Medical, health and life sciences;0.1235806792974472;RDF604;Arts (arts, history of arts, performing arts, music), architecture and design;0.9985786080360413;RDF508;Media and communications;0.9980353116989136;RDF204;Mechanical engineering;0.9977829456329346;RDF203;Electrical engineering, computer engineering, and information engineering;0.9976218938827515;RDF201;Civil engineering, maritime engineering, transport engineering, and mining engineering;0.9970015287399292
766;A new adaptive-neuroprosthetic treatment to shape post-stroke plasticity and facilitate motor recovery (Biological Systems and Functions);RDF20-21;Engineering and technology;0.2688674032688141;RDF30;Medical, health and life sciences;0.24480657279491425;RDF10;Natural sciences;0.18954168260097504;RDF604;Arts (arts, history of arts, performing arts, music), architecture and design;0.9989055395126343;RDF103;Physical sciences;0.9974738359451294;RDF105;Earth and related environmental sciences;0.9966884851455688;RDF302;Clinical medicine;0.9965503215789795;RDF203;Electrical engineering, computer engineering, and information engineering;0.9955403208732605
767;Une scène élargie, délocalisée et asynchrone : les reconfigurations technologiques de la salle de spectacle au temps du confinement;RDF20-21;Engineering and technology;0.4538956880569458;RDF10;Natural sciences;0.19407758116722107;RDF30;Medical, health and life sciences;0.12433076649904251;RDF604;Arts (arts, history of arts, performing arts, music), architecture and design;0.998490035533905;RDF102;Computer and information sciences;0.9961305856704712;RDF508;Media and communications;0.9958580136299133;RDF203;Electrical engineering, computer engineering, and information engineering;0.995286226272583;RDF204;Mechanical engineering;0.9952401518821716
768;Centre de recherches mathématiques (CRM);RDF10;Natural sciences;0.2822621464729309;RDF20-21;Engineering and technology;0.2703905701637268;RDF40;Agricultural and veterinary sciences;0.21641789376735687;RDF201;Civil engineering, maritime engineering, transport engineering, and mining engineering;0.9936856031417847;RDF102;Computer and information sciences;0.9925175905227661;RDF604;Arts (arts, history of arts, performing arts, music), architecture and design;0.9852713346481323;RDF203;Electrical engineering, computer engineering, and information engineering;0.9651190638542175;RDF204;Mechanical engineering;0.9592307209968567
769;Application of a brief digital screening tool to address parental and adolescent tobacco and electronic cigarette use in pediatric medical care (Health Services Evaluation & Interventions Research);RDF20-21;Engineering and technology;0.38962051272392273;RDF30;Medical, health and life sciences;0.2409777194261551;RDF10;Natural sciences;0.16626963019371033;RDF604;Arts (arts, history of arts, performing arts, music), architecture and design;0.9973112940788269;RDF102;Computer and information sciences;0.9934611320495605;RDF508;Media and communications;0.99318927526474;RDF105;Earth and related environmental sciences;0.9801672697067261;RDF302;Clinical medicine;0.9796481728553772
770;Hybrid Manufacturing: Digital Machining of Flexible Parts Manufactured with Directed Energy Deposition (DED) Method;RDF20-21;Engineering and technology;0.37433040142059326;RDF40;Agricultural and veterinary sciences;0.18030865490436554;RDF30;Medical, health and life sciences;0.17004725337028503;RDF604;Arts (arts, history of arts, performing arts, music), architecture and design;0.9985162615776062;RDF102;Computer and information sciences;0.9955054521560669;RDF203;Electrical engineering, computer engineering, and information engineering;0.9926542043685913;RDF201;Civil engineering, maritime engineering, transport engineering, and mining engineering;0.9925969839096069;RDF204;Mechanical engineering;0.9912208914756775
771;Design and management of smart last-mile delivery systems;RDF40;Agricultural and veterinary sciences;0.39329126477241516;RDF20-21;Engineering and technology;0.22985325753688812;RDF30;Medical, health and life sciences;0.17452193796634674;RDF604;Arts (arts, history of arts, performing arts, music), architecture and design;0.9992903470993042;RDF203;Electrical engineering, computer engineering, and information engineering;0.9984421133995056;RDF508;Media and communications;0.9973374009132385;RDF202;Industrial, systems and processes engineering;0.9961903095245361;RDF201;Civil engineering, maritime engineering, transport engineering, and mining engineering;0.9937344193458557
772;Food Delocalization in Literary Studies: A Saccharine Aesthetic From the Ruins of Empire (Literature);RDF20-21;Engineering and technology;0.3017352819442749;RDF10;Natural sciences;0.21989361941814423;RDF40;Agricultural and veterinary sciences;0.19826969504356384;RDF604;Arts (arts, history of arts, performing arts, music), architecture and design;0.9983124732971191;RDF508;Media and communications;0.9944342374801636;RDF103;Physical sciences;0.9943251609802246;RDF201;Civil engineering, maritime engineering, transport engineering, and mining engineering;0.9921080470085144;RDF102;Computer and information sciences;0.9910319447517395
773;Optimal Climate Policy Mix for Canada: Insights from a Multi-Model Approach;RDF20-21;Engineering and technology;0.3527987599372864;RDF40;Agricultural and veterinary sciences;0.2169288843870163;RDF30;Medical, health and life sciences;0.1918133646249771;RDF604;Arts (arts, history of arts, performing arts, music), architecture and design;0.998809814453125;RDF508;Media and communications;0.9960775971412659;RDF102;Computer and information sciences;0.9920543432235718;RDF203;Electrical engineering, computer engineering, and information engineering;0.9916357398033142;RDF103;Physical sciences;0.9850141406059265
774;La production de recherche au Canada: facteurs individuels, institutionnels et systémiques (Education and social work);RDF40;Agricultural and veterinary sciences;0.3681930601596832;RDF10;Natural sciences;0.1876876801252365;RDF50;Social sciences;0.171895831823349;RDF604;Arts (arts, history of arts, performing arts, music), architecture and design;0.9983770251274109;RDF501;Psychology and cognitive sciences;0.9969005584716797;RDF201;Civil engineering, maritime engineering, transport engineering, and mining engineering;0.996839702129364;RDF102;Computer and information sciences;0.9955920577049255;RDF103;Physical sciences;0.994718611240387
775;Soutenir la Professionnalisation dans les ORganismes sporTifs (SPORT);RDF40;Agricultural and veterinary sciences;0.3126066029071808;RDF20-21;Engineering and technology;0.1925913393497467;RDF30;Medical, health and life sciences;0.1870308518409729;RDF508;Media and communications;0.9990710020065308;RDF201;Civil engineering, maritime engineering, transport engineering, and mining engineering;0.9988729953765869;RDF203;Electrical engineering, computer engineering, and information engineering;0.9987182021141052;RDF604;Arts (arts, history of arts, performing arts, music), architecture and design;0.998542070388794;RDF204;Mechanical engineering;0.997821569442749
776;Identifying innovative responses to problematic gambling among LGBTQ2S+ communities in Canada - A mixed-methods study (Health Impacts of Gambling and Gaming);RDF20-21;Engineering and technology;0.5397447943687439;RDF30;Medical, health and life sciences;0.1675320267677307;RDF10;Natural sciences;0.12377187609672546;RDF604;Arts (arts, history of arts, performing arts, music), architecture and design;0.9972955584526062;RDF102;Computer and information sciences;0.9937949180603027;RDF105;Earth and related environmental sciences;0.9835180044174194;RDF508;Media and communications;0.9814356565475464;RDF203;Electrical engineering, computer engineering, and information engineering;0.9788950085639954
777;Intensification and control of cell culture processes (Materials and Chemical Engineering);RDF10;Natural sciences;0.252043753862381;RDF20-21;Engineering and technology;0.24862129986286163;RDF50;Social sciences;0.17977608740329742;RDF604;Arts (arts, history of arts, performing arts, music), architecture and design;0.9982212781906128;RDF201;Civil engineering, maritime engineering, transport engineering, and mining engineering;0.9957848191261292;RDF302;Clinical medicine;0.9931760430335999;RDF508;Media and communications;0.9898891448974609;RDF601;History, archaeology and related studies;0.9897711873054504
778;Les priorités des citoyens quant aux politiques de santé et à l'État-providence (Political science and public administration);RDF30;Medical, health and life sciences;0.3852042257785797;RDF50;Social sciences;0.2123149037361145;RDF20-21;Engineering and technology;0.14535285532474518;RDF604;Arts (arts, history of arts, performing arts, music), architecture and design;0.998703122138977;RDF201;Civil engineering, maritime engineering, transport engineering, and mining engineering;0.9956516623497009;RDF102;Computer and information sciences;0.9937466382980347;RDF303;Health sciences;0.992760181427002;RDF105;Earth and related environmental sciences;0.9889811873435974
779;Cyberrange pour soutenir les tests de cybersécurité et de cyberrésilience pour les infrastructures critiques;RDF40;Agricultural and veterinary sciences;0.31803473830223083;RDF20-21;Engineering and technology;0.2363433539867401;RDF30;Medical, health and life sciences;0.13361641764640808;RDF604;Arts (arts, history of arts, performing arts, music), architecture and design;0.9982792735099792;RDF201;Civil engineering, maritime engineering, transport engineering, and mining engineering;0.9951608777046204;RDF102;Computer and information sciences;0.994541347026825;RDF203;Electrical engineering, computer engineering, and information engineering;0.9938608407974243;RDF508;Media and communications;0.9932941794395447
780;New electrochemical materials breakthrough for energy applications (Materials and Chemical Engineering);RDF20-21;Engineering and technology;0.28739598393440247;RDF30;Medical, health and life sciences;0.2420116662979126;RDF10;Natural sciences;0.17295794188976288;RDF508;Media and communications;0.9982993006706238;RDF604;Arts (arts, history of arts, performing arts, music), architecture and design;0.997977077960968;RDF105;Earth and related environmental sciences;0.9939730763435364;RDF202;Industrial, systems and processes engineering;0.9921916723251343;RDF201;Civil engineering, maritime engineering, transport engineering, and mining engineering;0.9914721846580505
781;Nonequilibrium Group IV Semiconductor Heterostructures;RDF40;Agricultural and veterinary sciences;0.32350918650627136;RDF20-21;Engineering and technology;0.2105114609003067;RDF50;Social sciences;0.17081065475940704;RDF604;Arts (arts, history of arts, performing arts, music), architecture and design;0.9987576007843018;RDF508;Media and communications;0.9975609183311462;RDF103;Physical sciences;0.996328592300415;RDF102;Computer and information sciences;0.9962418675422668;RDF203;Electrical engineering, computer engineering, and information engineering;0.9946045875549316
782;Developmental Trajectories in ARID1B-Related Disorders - a Multi-Method Multi-Site Prospective Natural History Study;RDF20-21;Engineering and technology;0.380199134349823;RDF10;Natural sciences;0.24499604105949402;RDF30;Medical, health and life sciences;0.20390380918979645;RDF102;Computer and information sciences;0.9971826672554016;RDF604;Arts (arts, history of arts, performing arts, music), architecture and design;0.9948603510856628;RDF302;Clinical medicine;0.9911355376243591;RDF103;Physical sciences;0.9910838603973389;RDF508;Media and communications;0.9900828003883362
783;Mechanisms regulating mRNA localization and localized translation (Genes, Cells and Molecules);RDF20-21;Engineering and technology;0.24035073816776276;RDF10;Natural sciences;0.23941369354724884;RDF30;Medical, health and life sciences;0.1681198924779892;RDF201;Civil engineering, maritime engineering, transport engineering, and mining engineering;0.9991169571876526;RDF604;Arts (arts, history of arts, performing arts, music), architecture and design;0.9989955425262451;RDF102;Computer and information sciences;0.9988074898719788;RDF508;Media and communications;0.9986904263496399;RDF302;Clinical medicine;0.9986749887466431
784;Dévoiler les tactiques stratégiques de communication pour le changement social : Une exploration approfondie de l'agentivité des responsables des communications et des publics dans la lutte contre les inégalités raciales;RDF20-21;Engineering and technology;0.5799283981323242;RDF10;Natural sciences;0.19217616319656372;RDF60;Humanities and the arts;0.11297454684972763;RDF508;Media and communications;0.9987257122993469;RDF604;Arts (arts, history of arts, performing arts, music), architecture and design;0.9980770349502563;RDF102;Computer and information sciences;0.99620521068573;RDF103;Physical sciences;0.9883801937103271;RDF105;Earth and related environmental sciences;0.983955442905426
785;Que font les luttes écologistes à la protestation sociale ? Analyse comparée multi-échelles au Canada, en France et aux Pays-Bas (Political science and public administration);RDF20-21;Engineering and technology;0.494830459356308;RDF10;Natural sciences;0.17506419122219086;RDF30;Medical, health and life sciences;0.12770502269268036;RDF604;Arts (arts, history of arts, performing arts, music), architecture and design;0.997290313243866;RDF105;Earth and related environmental sciences;0.9907320141792297;RDF508;Media and communications;0.9882675409317017;RDF201;Civil engineering, maritime engineering, transport engineering, and mining engineering;0.9738940596580505;RDF102;Computer and information sciences;0.9627782106399536
786;Maturation of microRNAs targeting alpha-synuclein (Molecular & Cellular Neurosciences);RDF20-21;Engineering and technology;0.34782806038856506;RDF10;Natural sciences;0.20567919313907623;RDF30;Medical, health and life sciences;0.16819864511489868;RDF201;Civil engineering, maritime engineering, transport engineering, and mining engineering;0.9987404942512512;RDF604;Arts (arts, history of arts, performing arts, music), architecture and design;0.9986749291419983;RDF508;Media and communications;0.998507559299469;RDF102;Computer and information sciences;0.9980353713035583;RDF303;Health sciences;0.9977038502693176
787;Privatization, innovation and idiosyncratic volatility: The role of ownership structure and information content;RDF40;Agricultural and veterinary sciences;0.29284995794296265;RDF20-21;Engineering and technology;0.2289644181728363;RDF10;Natural sciences;0.16653528809547424;RDF201;Civil engineering, maritime engineering, transport engineering, and mining engineering;0.9989433288574219;RDF604;Arts (arts, history of arts, performing arts, music), architecture and design;0.9988597631454468;RDF508;Media and communications;0.9988235831260681;RDF102;Computer and information sciences;0.9981933236122131;RDF203;Electrical engineering, computer engineering, and information engineering;0.9980429410934448
788;Thermodynamic and physical property models for the production of greener aluminum alloys;RDF20-21;Engineering and technology;0.5468124151229858;RDF10;Natural sciences;0.1371799111366272;RDF30;Medical, health and life sciences;0.09661243110895157;RDF604;Arts (arts, history of arts, performing arts, music), architecture and design;0.9982143044471741;RDF203;Electrical engineering, computer engineering, and information engineering;0.9842457175254822;RDF102;Computer and information sciences;0.984001636505127;RDF201;Civil engineering, maritime engineering, transport engineering, and mining engineering;0.9816654920578003;RDF105;Earth and related environmental sciences;0.9803562164306641
789;Contextual factors predicting feasibility and impact of preventive mental health interventions across Canada;RDF30;Medical, health and life sciences;0.25865739583969116;RDF20-21;Engineering and technology;0.23322153091430664;RDF40;Agricultural and veterinary sciences;0.20682470500469208;RDF604;Arts (arts, history of arts, performing arts, music), architecture and design;0.9982556700706482;RDF508;Media and communications;0.9964064359664917;RDF203;Electrical engineering, computer engineering, and information engineering;0.9948303699493408;RDF201;Civil engineering, maritime engineering, transport engineering, and mining engineering;0.9939964413642883;RDF208;Environmental engineering and related engineering;0.9893885850906372
790;Between precarity and hospitality: The contentious spaces of migration in North America's borderlands (Geography, urban planning and related fields);RDF20-21;Engineering and technology;0.3516150414943695;RDF10;Natural sciences;0.18492655456066132;RDF50;Social sciences;0.1831294298171997;RDF604;Arts (arts, history of arts, performing arts, music), architecture and design;0.9981433153152466;RDF201;Civil engineering, maritime engineering, transport engineering, and mining engineering;0.9980882406234741;RDF105;Earth and related environmental sciences;0.996292769908905;RDF102;Computer and information sciences;0.9958499670028687;RDF203;Electrical engineering, computer engineering, and information engineering;0.9957020878791809
791;Ecological change and the dynamics of zoonotic disease (Biological Systems and Functions);RDF10;Natural sciences;0.22376933693885803;RDF50;Social sciences;0.22073082625865936;RDF20-21;Engineering and technology;0.18954001367092133;RDF604;Arts (arts, history of arts, performing arts, music), architecture and design;0.9987356066703796;RDF201;Civil engineering, maritime engineering, transport engineering, and mining engineering;0.9962418675422668;RDF103;Physical sciences;0.9930153489112854;RDF105;Earth and related environmental sciences;0.9929677844047546;RDF102;Computer and information sciences;0.9922669529914856
792;NÉONUM : infrastructure de veille pour la néologie en français québécois (Anthropology, archaeology, linguistics and translation);RDF20-21;Engineering and technology;0.5725295543670654;RDF10;Natural sciences;0.11306851357221603;RDF60;Humanities and the arts;0.10244859755039215;RDF604;Arts (arts, history of arts, performing arts, music), architecture and design;0.9960622787475586;RDF602;Languages and literature;0.988244891166687;RDF201;Civil engineering, maritime engineering, transport engineering, and mining engineering;0.9858140349388123;RDF508;Media and communications;0.9655115008354187;RDF103;Physical sciences;0.9467445611953735
793;Detailed bulk composition analysis of extrasolar objects accreted at the surface of white dwarf stars (Physics);RDF20-21;Engineering and technology;0.5060232877731323;RDF30;Medical, health and life sciences;0.17487697303295135;RDF10;Natural sciences;0.09657622873783112;RDF604;Arts (arts, history of arts, performing arts, music), architecture and design;0.9978172779083252;RDF103;Physical sciences;0.9963853359222412;RDF201;Civil engineering, maritime engineering, transport engineering, and mining engineering;0.9936856031417847;RDF508;Media and communications;0.9932287335395813;RDF202;Industrial, systems and processes engineering;0.9929130673408508
794;Atmospheric measurements and modeling studies to improve understanding of organic and mineral dust aerosols in northern Canada (Chemistry);RDF20-21;Engineering and technology;0.43269699811935425;RDF10;Natural sciences;0.19219572842121124;RDF30;Medical, health and life sciences;0.15794157981872559;RDF604;Arts (arts, history of arts, performing arts, music), architecture and design;0.9917882680892944;RDF201;Civil engineering, maritime engineering, transport engineering, and mining engineering;0.9852855205535889;RDF202;Industrial, systems and processes engineering;0.9827406406402588;RDF102;Computer and information sciences;0.9795310497283936;RDF105;Earth and related environmental sciences;0.9753196835517883
795;Réfléchir et agir dans l'urgence : l'influence des éléments contextuels sur le processus de jugement et de décision d'infirmier(ère)s (Psychology, linguistics and translation);RDF20-21;Engineering and technology;0.3810901641845703;RDF10;Natural sciences;0.2723528742790222;RDF30;Medical, health and life sciences;0.18178081512451172;RDF105;Earth and related environmental sciences;0.9973322153091431;RDF604;Arts (arts, history of arts, performing arts, music), architecture and design;0.9973008036613464;RDF508;Media and communications;0.9962782859802246;RDF201;Civil engineering, maritime engineering, transport engineering, and mining engineering;0.9958256483078003;RDF103;Physical sciences;0.9938309788703918
796;Interdisciplinary studies of decision-making and motor planning (Biological Systems and Functions);RDF10;Natural sciences;0.2810845971107483;RDF30;Medical, health and life sciences;0.21217380464076996;RDF40;Agricultural and veterinary sciences;0.19661231338977814;RDF604;Arts (arts, history of arts, performing arts, music), architecture and design;0.9984928965568542;RDF601;History, archaeology and related studies;0.9975321888923645;RDF204;Mechanical engineering;0.9969484210014343;RDF102;Computer and information sciences;0.9963712692260742;RDF501;Psychology and cognitive sciences;0.9960546493530273
797;Data-driven theory : adversarial immunodynamics, modelling and machine learning for engineered lymphocytes in the context of cancer immunotherapy;RDF20-21;Engineering and technology;0.3829348385334015;RDF10;Natural sciences;0.23730571568012238;RDF30;Medical, health and life sciences;0.14365234971046448;RDF102;Computer and information sciences;0.9970362782478333;RDF604;Arts (arts, history of arts, performing arts, music), architecture and design;0.9968945384025574;RDF105;Earth and related environmental sciences;0.9878059029579163;RDF201;Civil engineering, maritime engineering, transport engineering, and mining engineering;0.9850860238075256;RDF103;Physical sciences;0.9811488389968872
798;Program for the Development of a Novel Methodology for the Design of Energy Efficient Biorefineries and Industrial Systems (Materials and Chemical Engineering);RDF20-21;Engineering and technology;0.4143650531768799;RDF10;Natural sciences;0.23062890768051147;RDF60;Humanities and the arts;0.10569276660680771;RDF604;Arts (arts, history of arts, performing arts, music), architecture and design;0.9990150332450867;RDF508;Media and communications;0.9970073103904724;RDF102;Computer and information sciences;0.996720552444458;RDF601;History, archaeology and related studies;0.9948603510856628;RDF105;Earth and related environmental sciences;0.9942194223403931
799;Underlying neurophysiological mechanisms of non-arthritic chronic painful conditions in cats (Biological Systems and Functions);RDF30;Medical, health and life sciences;0.21202342212200165;RDF20-21;Engineering and technology;0.209757998585701;RDF40;Agricultural and veterinary sciences;0.19494399428367615;RDF604;Arts (arts, history of arts, performing arts, music), architecture and design;0.9959614276885986;RDF105;Earth and related environmental sciences;0.9823893308639526;RDF201;Civil engineering, maritime engineering, transport engineering, and mining engineering;0.9800530672073364;RDF103;Physical sciences;0.9758085608482361;RDF203;Electrical engineering, computer engineering, and information engineering;0.9602121710777283
800;Influence of folded foliations on the mechanical behavior of rock masses and rock engineering structures;RDF40;Agricultural and veterinary sciences;0.3575803339481354;RDF30;Medical, health and life sciences;0.16923920810222626;RDF50;Social sciences;0.14589333534240723;RDF201;Civil engineering, maritime engineering, transport engineering, and mining engineering;0.9992875456809998;RDF604;Arts (arts, history of arts, performing arts, music), architecture and design;0.9992005825042725;RDF508;Media and communications;0.9988818168640137;RDF203;Electrical engineering, computer engineering, and information engineering;0.998835027217865;RDF302;Clinical medicine;0.9980315566062927
801;The Th17 Master Regulator RORC2 as a New Target for HIV Immune Therapy and Cure Strategy (Virology & Viral Pathogenesis);RDF20-21;Engineering and technology;0.4521540403366089;RDF10;Natural sciences;0.21027114987373352;RDF30;Medical, health and life sciences;0.13470475375652313;RDF604;Arts (arts, history of arts, performing arts, music), architecture and design;0.9977481365203857;RDF102;Computer and information sciences;0.9946045875549316;RDF508;Media and communications;0.9929061532020569;RDF201;Civil engineering, maritime engineering, transport engineering, and mining engineering;0.9921537637710571;RDF103;Physical sciences;0.991101086139679
802;Language Acquisition and Processing in Teen and Adult L1 and L2 (Linguistics and translation);RDF40;Agricultural and veterinary sciences;0.2624737024307251;RDF10;Natural sciences;0.22893363237380981;RDF20-21;Engineering and technology;0.21973372995853424;RDF604;Arts (arts, history of arts, performing arts, music), architecture and design;0.9985046982765198;RDF201;Civil engineering, maritime engineering, transport engineering, and mining engineering;0.994477391242981;RDF202;Industrial, systems and processes engineering;0.9923415780067444;RDF103;Physical sciences;0.992038905620575;RDF102;Computer and information sciences;0.9901496767997742
803;COVID-19 Étude des capacités offertes par les nouvelles formes de regroupements et d'associations d'artistes dans la sortie de crise et le redéploiement des arts à Montréal;RDF20-21;Engineering and technology;0.5678223967552185;RDF40;Agricultural and veterinary sciences;0.11524751037359238;RDF10;Natural sciences;0.10879494994878769;RDF604;Arts (arts, history of arts, performing arts, music), architecture and design;0.9992972016334534;RDF201;Civil engineering, maritime engineering, transport engineering, and mining engineering;0.9970479011535645;RDF102;Computer and information sciences;0.9954835176467896;RDF508;Media and communications;0.9949983358383179;RDF105;Earth and related environmental sciences;0.9938250184059143
804;A 15 months, double-Blind, randomized controlled trial comparing 18 weeks of two doses of Omalizumab to placebo to accelerate a symptom-driven Oral immunotherapy schedule in subjects aged 6 to 25 years with Multiple food allergies (BOOM) (Nutrition, Food & Health);RDF20-21;Engineering and technology;0.5889344215393066;RDF30;Medical, health and life sciences;0.21708044409751892;RDF10;Natural sciences;0.0772513821721077;RDF102;Computer and information sciences;0.9927812814712524;RDF604;Arts (arts, history of arts, performing arts, music), architecture and design;0.986929178237915;RDF302;Clinical medicine;0.9808942675590515;RDF105;Earth and related environmental sciences;0.9755303263664246;RDF202;Industrial, systems and processes engineering;0.9755070209503174
805;Spatial complexity of cardiac cell culture and spatial-temporal bioelectric activity: granularity and mechanical-electrical feedback (Electrical and Computer Engineering);RDF20-21;Engineering and technology;0.3310350179672241;RDF10;Natural sciences;0.2996498942375183;RDF30;Medical, health and life sciences;0.15274757146835327;RDF203;Electrical engineering, computer engineering, and information engineering;0.998757541179657;RDF604;Arts (arts, history of arts, performing arts, music), architecture and design;0.9977260828018188;RDF302;Clinical medicine;0.9976218342781067;RDF102;Computer and information sciences;0.9969245791435242;RDF303;Health sciences;0.9968763589859009
806;Peer Effects and Program Take-Up: Evidence from employer-employee linked administrative data;RDF40;Agricultural and veterinary sciences;0.3115707337856293;RDF20-21;Engineering and technology;0.2996346652507782;RDF50;Social sciences;0.13374343514442444;RDF604;Arts (arts, history of arts, performing arts, music), architecture and design;0.9973113536834717;RDF201;Civil engineering, maritime engineering, transport engineering, and mining engineering;0.9907230138778687;RDF102;Computer and information sciences;0.9852288365364075;RDF203;Electrical engineering, computer engineering, and information engineering;0.9826242923736572;RDF508;Media and communications;0.9781145453453064
807;Evaluation of human gait biomechanics in real-world environments (Biological Systems and Functions);RDF30;Medical, health and life sciences;0.2967345416545868;RDF20-21;Engineering and technology;0.273899108171463;RDF10;Natural sciences;0.1974748820066452;RDF604;Arts (arts, history of arts, performing arts, music), architecture and design;0.9969722032546997;RDF202;Industrial, systems and processes engineering;0.9810401201248169;RDF201;Civil engineering, maritime engineering, transport engineering, and mining engineering;0.9796676635742188;RDF508;Media and communications;0.9796676635742188;RDF103;Physical sciences;0.9789956212043762
808;Robust and efficient statistical learning algorithms with applications in actuarial science (Mathematics and Statistics);RDF20-21;Engineering and technology;0.4220850169658661;RDF10;Natural sciences;0.19438022375106812;RDF50;Social sciences;0.12247440963983536;RDF604;Arts (arts, history of arts, performing arts, music), architecture and design;0.9981826543807983;RDF102;Computer and information sciences;0.9971606135368347;RDF203;Electrical engineering, computer engineering, and information engineering;0.9937949776649475;RDF201;Civil engineering, maritime engineering, transport engineering, and mining engineering;0.9907588362693787;RDF105;Earth and related environmental sciences;0.9883014559745789
809;HumanitéS-AnimalitéS : discours, pratiques et actions sur le monde animal, du Moyen Âge à l'antispécisme;RDF10;Natural sciences;0.3227088451385498;RDF20-21;Engineering and technology;0.23841579258441925;RDF40;Agricultural and veterinary sciences;0.1500735580921173;RDF604;Arts (arts, history of arts, performing arts, music), architecture and design;0.9994046688079834;RDF508;Media and communications;0.9992634654045105;RDF201;Civil engineering, maritime engineering, transport engineering, and mining engineering;0.9985046982765198;RDF102;Computer and information sciences;0.9975177645683289;RDF105;Earth and related environmental sciences;0.9958660006523132
810;Intelligence artificielle appliquée aux soins aigus de l'enfant;RDF20-21;Engineering and technology;0.23372882604599;RDF30;Medical, health and life sciences;0.20666822791099548;RDF40;Agricultural and veterinary sciences;0.1760835349559784;RDF508;Media and communications;0.9991573691368103;RDF604;Arts (arts, history of arts, performing arts, music), architecture and design;0.9989350438117981;RDF102;Computer and information sciences;0.9987453818321228;RDF302;Clinical medicine;0.9986541271209717;RDF201;Civil engineering, maritime engineering, transport engineering, and mining engineering;0.9982993006706238
811;BUMP: Better Understanding of Model's Performance for more efficient Natural Language Processing (Computer Science);RDF20-21;Engineering and technology;0.2881762981414795;RDF10;Natural sciences;0.19347241520881653;RDF40;Agricultural and veterinary sciences;0.19271813333034515;RDF604;Arts (arts, history of arts, performing arts, music), architecture and design;0.9989936351776123;RDF102;Computer and information sciences;0.9979612231254578;RDF201;Civil engineering, maritime engineering, transport engineering, and mining engineering;0.996616780757904;RDF103;Physical sciences;0.9962638020515442;RDF203;Electrical engineering, computer engineering, and information engineering;0.9956091046333313
812;Application des réseaux de neurones artificiels et de l'inférence bayésienne à la simulation couplée et à la conception des puits à colonne permanente (Civil, Industrial and Systems Engineering);RDF20-21;Engineering and technology;0.30283430218696594;RDF10;Natural sciences;0.2281453013420105;RDF50;Social sciences;0.14028197526931763;RDF102;Computer and information sciences;0.9991152286529541;RDF604;Arts (arts, history of arts, performing arts, music), architecture and design;0.9987355470657349;RDF203;Electrical engineering, computer engineering, and information engineering;0.9984512329101562;RDF508;Media and communications;0.9981862902641296;RDF302;Clinical medicine;0.9977656006813049
813;Identification of MYC-dependent vulnerabilities in breast cancer (Molecular & Cellular Biology of Cancer);RDF20-21;Engineering and technology;0.5101033449172974;RDF10;Natural sciences;0.15740655362606049;RDF30;Medical, health and life sciences;0.10839534550905228;RDF604;Arts (arts, history of arts, performing arts, music), architecture and design;0.9981288313865662;RDF508;Media and communications;0.9971328973770142;RDF102;Computer and information sciences;0.9946463108062744;RDF103;Physical sciences;0.9859363436698914;RDF203;Electrical engineering, computer engineering, and information engineering;0.9843965172767639
814;Topological quantum optics (Physics);RDF20-21;Engineering and technology;0.26082736253738403;RDF40;Agricultural and veterinary sciences;0.20999042689800262;RDF50;Social sciences;0.19920362532138824;RDF604;Arts (arts, history of arts, performing arts, music), architecture and design;0.9988259077072144;RDF508;Media and communications;0.9984052181243896;RDF201;Civil engineering, maritime engineering, transport engineering, and mining engineering;0.9980044960975647;RDF103;Physical sciences;0.9977612495422363;RDF202;Industrial, systems and processes engineering;0.9957602024078369
815;Demand Driven - MRP : mode éphèmère ou lien sérieux entres les méthodes flux poussé et flux tiré ? (Civil, Industrial and Systems Engineering);RDF20-21;Engineering and technology;0.5739903450012207;RDF10;Natural sciences;0.11741311103105545;RDF30;Medical, health and life sciences;0.11570572108030319;RDF604;Arts (arts, history of arts, performing arts, music), architecture and design;0.9901019930839539;RDF102;Computer and information sciences;0.9873018264770508;RDF105;Earth and related environmental sciences;0.9845755100250244;RDF203;Electrical engineering, computer engineering, and information engineering;0.9807288646697998;RDF201;Civil engineering, maritime engineering, transport engineering, and mining engineering;0.9528820514678955
816;Model atmosphere analysis of white dwarfs in the Sloan Digital Sky Survey footprint of Gaia: the definitive work (Physics);RDF20-21;Engineering and technology;0.44014641642570496;RDF10;Natural sciences;0.2421242743730545;RDF30;Medical, health and life sciences;0.11481904983520508;RDF103;Physical sciences;0.9972743988037109;RDF604;Arts (arts, history of arts, performing arts, music), architecture and design;0.9959059953689575;RDF201;Civil engineering, maritime engineering, transport engineering, and mining engineering;0.995226263999939;RDF102;Computer and information sciences;0.9944987893104553;RDF202;Industrial, systems and processes engineering;0.989233672618866
817;Les politiques de différenciation et diversification des parcours vers et dans l'enseignement supérieur au Québec : quels effets sur la justice scolaire et sociale? (Education and social work);RDF20-21;Engineering and technology;0.481889009475708;RDF10;Natural sciences;0.17797091603279114;RDF40;Agricultural and veterinary sciences;0.12793751060962677;RDF604;Arts (arts, history of arts, performing arts, music), architecture and design;0.9984899759292603;RDF102;Computer and information sciences;0.9984512329101562;RDF105;Earth and related environmental sciences;0.997888445854187;RDF204;Mechanical engineering;0.9939554929733276;RDF103;Physical sciences;0.9934357404708862
818;Development of high performance PLA based nanocomposites (Materials and Chemical Engineering);RDF20-21;Engineering and technology;0.38743361830711365;RDF30;Medical, health and life sciences;0.16892693936824799;RDF10;Natural sciences;0.1348118931055069;RDF604;Arts (arts, history of arts, performing arts, music), architecture and design;0.9986435770988464;RDF508;Media and communications;0.9982315897941589;RDF201;Civil engineering, maritime engineering, transport engineering, and mining engineering;0.9970934391021729;RDF202;Industrial, systems and processes engineering;0.9916195273399353;RDF601;History, archaeology and related studies;0.9903570413589478
819;Introducing specificity and sensitivity in imaging mass spectrometry (Chemistry);RDF20-21;Engineering and technology;0.4454750120639801;RDF10;Natural sciences;0.18825794756412506;RDF30;Medical, health and life sciences;0.1545545905828476;RDF604;Arts (arts, history of arts, performing arts, music), architecture and design;0.9964480996131897;RDF508;Media and communications;0.9949100613594055;RDF201;Civil engineering, maritime engineering, transport engineering, and mining engineering;0.9929198622703552;RDF104;Chemical sciences;0.9881537556648254;RDF202;Industrial, systems and processes engineering;0.9879926443099976
820;Is cannabis a useful adjunct in the treatment of symptoms of persons with multiple sclerosis? A formal trial of CBD and THC for the control of spasticity and other symptoms: assessing the clinical effects and the basic mechanisms;RDF20-21;Engineering and technology;0.4072611927986145;RDF10;Natural sciences;0.241294264793396;RDF30;Medical, health and life sciences;0.14953069388866425;RDF102;Computer and information sciences;0.9972153902053833;RDF604;Arts (arts, history of arts, performing arts, music), architecture and design;0.9965029954910278;RDF105;Earth and related environmental sciences;0.9952540397644043;RDF302;Clinical medicine;0.9950080513954163;RDF303;Health sciences;0.9946567416191101
821;Investigation of the antineoplastic effect of miRNA-181a and development a novel pharmaceutical approaches for treating advanced retinoblastoma (Cancer Biology & Therapeutics);RDF20-21;Engineering and technology;0.387825608253479;RDF30;Medical, health and life sciences;0.2227095067501068;RDF10;Natural sciences;0.2196853905916214;RDF508;Media and communications;0.9990853667259216;RDF102;Computer and information sciences;0.9986168742179871;RDF604;Arts (arts, history of arts, performing arts, music), architecture and design;0.9979251027107239;RDF303;Health sciences;0.99757981300354;RDF302;Clinical medicine;0.9971439242362976
822;From spatial community ecology to landscape genetics and genomics (Evolution and Ecology);RDF50;Social sciences;0.3557814657688141;RDF20-21;Engineering and technology;0.2633635401725769;RDF10;Natural sciences;0.13268640637397766;RDF604;Arts (arts, history of arts, performing arts, music), architecture and design;0.9990655779838562;RDF201;Civil engineering, maritime engineering, transport engineering, and mining engineering;0.9988905191421509;RDF508;Media and communications;0.998475193977356;RDF601;History, archaeology and related studies;0.9977829456329346;RDF105;Earth and related environmental sciences;0.9964203238487244
823;Structural Safety Assessment and Strengthening of Concrete Dams and Gated Spillways Subjected to Severe Loading Conditions (Civil, Industrial and Systems Engineering);RDF20-21;Engineering and technology;0.2766643762588501;RDF30;Medical, health and life sciences;0.2528916895389557;RDF40;Agricultural and veterinary sciences;0.19163981080055237;RDF604;Arts (arts, history of arts, performing arts, music), architecture and design;0.9979292154312134;RDF508;Media and communications;0.9964342713356018;RDF201;Civil engineering, maritime engineering, transport engineering, and mining engineering;0.9951702356338501;RDF203;Electrical engineering, computer engineering, and information engineering;0.994128942489624;RDF105;Earth and related environmental sciences;0.9938668012619019
824;Voix empruntées. Pratiques de la citation littéraire dans la Première Modernité (1595-1692) (Literature);RDF10;Natural sciences;0.300728440284729;RDF50;Social sciences;0.21618391573429108;RDF20-21;Engineering and technology;0.1716848909854889;RDF604;Arts (arts, history of arts, performing arts, music), architecture and design;0.9981505870819092;RDF201;Civil engineering, maritime engineering, transport engineering, and mining engineering;0.996726930141449;RDF102;Computer and information sciences;0.9953993558883667;RDF105;Earth and related environmental sciences;0.9937587380409241;RDF103;Physical sciences;0.9923637509346008
825;Brain connectivity-based optimization of non-invasive brain stimulation to improve cognitive symptoms in schizophrenia (Behavioural Sciences – Clinical Behavioural Sciences);RDF20-21;Engineering and technology;0.37435799837112427;RDF10;Natural sciences;0.2798340916633606;RDF30;Medical, health and life sciences;0.13879874348640442;RDF102;Computer and information sciences;0.9992327094078064;RDF203;Electrical engineering, computer engineering, and information engineering;0.9990414977073669;RDF604;Arts (arts, history of arts, performing arts, music), architecture and design;0.9990014433860779;RDF201;Civil engineering, maritime engineering, transport engineering, and mining engineering;0.998879611492157;RDF303;Health sciences;0.9984021186828613
826;Procedural Creation and Real-time Display of Realistic Complex Scenes (Computer Science);RDF40;Agricultural and veterinary sciences;0.3167251944541931;RDF10;Natural sciences;0.18259184062480927;RDF20-21;Engineering and technology;0.17871081829071045;RDF604;Arts (arts, history of arts, performing arts, music), architecture and design;0.9990396499633789;RDF201;Civil engineering, maritime engineering, transport engineering, and mining engineering;0.998981773853302;RDF203;Electrical engineering, computer engineering, and information engineering;0.998248815536499;RDF102;Computer and information sciences;0.9978426098823547;RDF508;Media and communications;0.9968945384025574
827;Social hierarchies and the non-verbal communication of pain;RDF40;Agricultural and veterinary sciences;0.3836231529712677;RDF30;Medical, health and life sciences;0.16759254038333893;RDF10;Natural sciences;0.1522969901561737;RDF508;Media and communications;0.9991655349731445;RDF201;Civil engineering, maritime engineering, transport engineering, and mining engineering;0.9991254806518555;RDF604;Arts (arts, history of arts, performing arts, music), architecture and design;0.9990169405937195;RDF203;Electrical engineering, computer engineering, and information engineering;0.9984114766120911;RDF202;Industrial, systems and processes engineering;0.9974490404129028
828;Next generation immunopeptidomics (Chemistry);RDF20-21;Engineering and technology;0.23333851993083954;RDF10;Natural sciences;0.21328867971897125;RDF30;Medical, health and life sciences;0.19958502054214478;RDF604;Arts (arts, history of arts, performing arts, music), architecture and design;0.998332142829895;RDF201;Civil engineering, maritime engineering, transport engineering, and mining engineering;0.998275876045227;RDF508;Media and communications;0.9978842735290527;RDF202;Industrial, systems and processes engineering;0.9960852265357971;RDF104;Chemical sciences;0.9923785328865051
829;Income security in retirement: perceptions, incentives and behaviours;RDF40;Agricultural and veterinary sciences;0.3037598431110382;RDF10;Natural sciences;0.2149776965379715;RDF20-21;Engineering and technology;0.19650553166866302;RDF604;Arts (arts, history of arts, performing arts, music), architecture and design;0.9991082549095154;RDF203;Electrical engineering, computer engineering, and information engineering;0.9987576007843018;RDF508;Media and communications;0.9981361031532288;RDF102;Computer and information sciences;0.997875988483429;RDF201;Civil engineering, maritime engineering, transport engineering, and mining engineering;0.9978002309799194
830;Decision awareness in learning for control;RDF40;Agricultural and veterinary sciences;0.50748610496521;RDF50;Social sciences;0.13420803844928741;RDF30;Medical, health and life sciences;0.13368481397628784;RDF508;Media and communications;0.9991768598556519;RDF604;Arts (arts, history of arts, performing arts, music), architecture and design;0.9990745782852173;RDF203;Electrical engineering, computer engineering, and information engineering;0.9989975094795227;RDF201;Civil engineering, maritime engineering, transport engineering, and mining engineering;0.9982826113700867;RDF202;Industrial, systems and processes engineering;0.9981648921966553
831;Multimethod UX triangulated approach for multiuser interface evaluation (Civil, Industrial and Systems Engineering);RDF20-21;Engineering and technology;0.5484764575958252;RDF40;Agricultural and veterinary sciences;0.15930429100990295;RDF30;Medical, health and life sciences;0.09351308643817902;RDF604;Arts (arts, history of arts, performing arts, music), architecture and design;0.9954261779785156;RDF203;Electrical engineering, computer engineering, and information engineering;0.9932353496551514;RDF102;Computer and information sciences;0.9677624702453613;RDF202;Industrial, systems and processes engineering;0.9391922950744629;RDF105;Earth and related environmental sciences;0.9384914040565491
832;Understanding Drug Exceptional Access Programs (DEAPs) Across Canada: A Question of Equity (Mutidisciplinary or interdisciplinary social sciences);RDF20-21;Engineering and technology;0.34977036714553833;RDF50;Social sciences;0.2076372355222702;RDF10;Natural sciences;0.17046445608139038;RDF604;Arts (arts, history of arts, performing arts, music), architecture and design;0.9978924989700317;RDF508;Media and communications;0.9965770840644836;RDF102;Computer and information sciences;0.9956684708595276;RDF201;Civil engineering, maritime engineering, transport engineering, and mining engineering;0.9938668012619019;RDF105;Earth and related environmental sciences;0.9896917939186096
833;Geroscience: A novel interdisciplinary approach for research on aging;RDF30;Medical, health and life sciences;0.30485859513282776;RDF20-21;Engineering and technology;0.28030091524124146;RDF50;Social sciences;0.1497415155172348;RDF604;Arts (arts, history of arts, performing arts, music), architecture and design;0.9990854263305664;RDF508;Media and communications;0.9934484362602234;RDF201;Civil engineering, maritime engineering, transport engineering, and mining engineering;0.9907140135765076;RDF202;Industrial, systems and processes engineering;0.9901019334793091;RDF203;Electrical engineering, computer engineering, and information engineering;0.9890236854553223
834;Advanced computational platform for permafrost geomechanical modeling and climate impact assessment of northern infrastructure;RDF20-21;Engineering and technology;0.29357483983039856;RDF40;Agricultural and veterinary sciences;0.26522278785705566;RDF30;Medical, health and life sciences;0.18479405343532562;RDF604;Arts (arts, history of arts, performing arts, music), architecture and design;0.998981773853302;RDF201;Civil engineering, maritime engineering, transport engineering, and mining engineering;0.9970014691352844;RDF203;Electrical engineering, computer engineering, and information engineering;0.9957104325294495;RDF102;Computer and information sciences;0.9935556054115295;RDF204;Mechanical engineering;0.9913641810417175
835;Hybrid artificial intelligence methods for combinatorial optimization;RDF40;Agricultural and veterinary sciences;0.2919749617576599;RDF20-21;Engineering and technology;0.23970343172550201;RDF30;Medical, health and life sciences;0.16092927753925323;RDF604;Arts (arts, history of arts, performing arts, music), architecture and design;0.9987503290176392;RDF203;Electrical engineering, computer engineering, and information engineering;0.9981141686439514;RDF102;Computer and information sciences;0.9958337545394897;RDF103;Physical sciences;0.9948102831840515;RDF201;Civil engineering, maritime engineering, transport engineering, and mining engineering;0.9939025044441223
836;Leveraging high-volume data to characterize age and individual-specific vital signs and to develop novel geriatric vital signs that optimally predict clinical outcomes in older adults;RDF20-21;Engineering and technology;0.3211616277694702;RDF30;Medical, health and life sciences;0.21561770141124725;RDF40;Agricultural and veterinary sciences;0.208169087767601;RDF604;Arts (arts, history of arts, performing arts, music), architecture and design;0.9981862306594849;RDF203;Electrical engineering, computer engineering, and information engineering;0.9980122447013855;RDF102;Computer and information sciences;0.9976495504379272;RDF201;Civil engineering, maritime engineering, transport engineering, and mining engineering;0.9974884986877441;RDF501;Psychology and cognitive sciences;0.9973270297050476
837;Interactions between cortical stimulation and prefrontal population dynamics (Behavioural Sciences – Behavioural Studies, Neuroscience and Cognition);RDF20-21;Engineering and technology;0.35099273920059204;RDF50;Social sciences;0.22397775948047638;RDF10;Natural sciences;0.2011648714542389;RDF604;Arts (arts, history of arts, performing arts, music), architecture and design;0.9976125955581665;RDF201;Civil engineering, maritime engineering, transport engineering, and mining engineering;0.9975985884666443;RDF102;Computer and information sciences;0.9973374009132385;RDF501;Psychology and cognitive sciences;0.9958012104034424;RDF105;Earth and related environmental sciences;0.9948952198028564
838;Coupled Aquatic Biogeochemical Cycles in the Anthropocene (Evolution and Ecology);RDF50;Social sciences;0.26919153332710266;RDF10;Natural sciences;0.23070186376571655;RDF20-21;Engineering and technology;0.20679982006549835;RDF604;Arts (arts, history of arts, performing arts, music), architecture and design;0.9987256526947021;RDF201;Civil engineering, maritime engineering, transport engineering, and mining engineering;0.9986032843589783;RDF508;Media and communications;0.9983959197998047;RDF202;Industrial, systems and processes engineering;0.9947950839996338;RDF203;Electrical engineering, computer engineering, and information engineering;0.9943251013755798
839;Electrically and Optically Active Nanostructures and Interfaces (Chemistry);RDF20-21;Engineering and technology;0.30029982328414917;RDF10;Natural sciences;0.23616886138916016;RDF30;Medical, health and life sciences;0.17931720614433289;RDF604;Arts (arts, history of arts, performing arts, music), architecture and design;0.9986408948898315;RDF508;Media and communications;0.9986060261726379;RDF201;Civil engineering, maritime engineering, transport engineering, and mining engineering;0.9984571933746338;RDF203;Electrical engineering, computer engineering, and information engineering;0.9973113536834717;RDF202;Industrial, systems and processes engineering;0.9969780445098877
840;Performance mécanique à long terme des assemblages collés et boulonnés;RDF40;Agricultural and veterinary sciences;0.33884286880493164;RDF20-21;Engineering and technology;0.24405936896800995;RDF10;Natural sciences;0.1597457379102707;RDF201;Civil engineering, maritime engineering, transport engineering, and mining engineering;0.9982143044471741;RDF604;Arts (arts, history of arts, performing arts, music), architecture and design;0.9976032376289368;RDF203;Electrical engineering, computer engineering, and information engineering;0.9965301752090454;RDF202;Industrial, systems and processes engineering;0.9953814148902893;RDF103;Physical sciences;0.9952263236045837
841;Optimization models and algorithms for complex production planning problems (Civil, Industrial and Systems Engineering);RDF20-21;Engineering and technology;0.44452518224716187;RDF50;Social sciences;0.1506524235010147;RDF40;Agricultural and veterinary sciences;0.15050539374351501;RDF604;Arts (arts, history of arts, performing arts, music), architecture and design;0.9987207055091858;RDF203;Electrical engineering, computer engineering, and information engineering;0.9986409544944763;RDF102;Computer and information sciences;0.9943251609802246;RDF201;Civil engineering, maritime engineering, transport engineering, and mining engineering;0.9832145571708679;RDF202;Industrial, systems and processes engineering;0.9777351021766663
842;Development of an accessible integrated computational protein design software suite (Genes, Cells and Molecules);RDF20-21;Engineering and technology;0.3934892416000366;RDF30;Medical, health and life sciences;0.14674930274486542;RDF40;Agricultural and veterinary sciences;0.1415414810180664;RDF604;Arts (arts, history of arts, performing arts, music), architecture and design;0.998487114906311;RDF508;Media and communications;0.9932419657707214;RDF102;Computer and information sciences;0.99314284324646;RDF302;Clinical medicine;0.9921385049819946;RDF202;Industrial, systems and processes engineering;0.9916600584983826
843;Social economy embedding circular economy: theory, practice and potential;RDF40;Agricultural and veterinary sciences;0.2754705250263214;RDF20-21;Engineering and technology;0.25676676630973816;RDF10;Natural sciences;0.14152339100837708;RDF604;Arts (arts, history of arts, performing arts, music), architecture and design;0.9988574981689453;RDF201;Civil engineering, maritime engineering, transport engineering, and mining engineering;0.9979612231254578;RDF203;Electrical engineering, computer engineering, and information engineering;0.9977916479110718;RDF102;Computer and information sciences;0.995714545249939;RDF302;Clinical medicine;0.9929882287979126
844;Complex genetics of hypertrophic cardiomyopathy: Towards an integration of polygenic risk in clinical care (Clinical Investigation – Cardiovascular Systems);RDF10;Natural sciences;0.29793164134025574;RDF20-21;Engineering and technology;0.2967701256275177;RDF30;Medical, health and life sciences;0.2031717300415039;RDF604;Arts (arts, history of arts, performing arts, music), architecture and design;0.9982522130012512;RDF102;Computer and information sciences;0.9975844621658325;RDF302;Clinical medicine;0.9975513815879822;RDF508;Media and communications;0.9951136112213135;RDF303;Health sciences;0.9943030476570129
845;MERMAIDS: Multichannel ERbium-yeterbiuM AmplIfied high power combiner Devices for Space communications;RDF20-21;Engineering and technology;0.5768256783485413;RDF40;Agricultural and veterinary sciences;0.13098964095115662;RDF10;Natural sciences;0.10013943910598755;RDF604;Arts (arts, history of arts, performing arts, music), architecture and design;0.997454047203064;RDF102;Computer and information sciences;0.9931028485298157;RDF103;Physical sciences;0.986151397228241;RDF208;Environmental engineering and related engineering;0.9829055666923523;RDF203;Electrical engineering, computer engineering, and information engineering;0.9828397631645203
846;Medium Chain Triglycerides and Ketogenesis (Biological Systems and Functions);RDF20-21;Engineering and technology;0.22871774435043335;RDF50;Social sciences;0.22738152742385864;RDF30;Medical, health and life sciences;0.1791723370552063;RDF604;Arts (arts, history of arts, performing arts, music), architecture and design;0.9987910985946655;RDF508;Media and communications;0.9986929893493652;RDF201;Civil engineering, maritime engineering, transport engineering, and mining engineering;0.9969066381454468;RDF202;Industrial, systems and processes engineering;0.9957519173622131;RDF302;Clinical medicine;0.9930017590522766
847;Impact of Vitamin C on the Reduction of Opioid Consumption After an Emergency Department Visit for Acute Musculoskeletal Pain: A Double-Blind Randomized Control Trial;RDF20-21;Engineering and technology;0.449398398399353;RDF10;Natural sciences;0.19594454765319824;RDF30;Medical, health and life sciences;0.1534985452890396;RDF604;Arts (arts, history of arts, performing arts, music), architecture and design;0.9988926649093628;RDF103;Physical sciences;0.9987767934799194;RDF102;Computer and information sciences;0.9987744688987732;RDF508;Media and communications;0.9987380504608154;RDF203;Electrical engineering, computer engineering, and information engineering;0.9987356066703796
848;Towards organs-on-paper: building smart paper chips for modern biomedical research;RDF20-21;Engineering and technology;0.27156582474708557;RDF40;Agricultural and veterinary sciences;0.25711333751678467;RDF30;Medical, health and life sciences;0.22513596713542938;RDF604;Arts (arts, history of arts, performing arts, music), architecture and design;0.9980581402778625;RDF203;Electrical engineering, computer engineering, and information engineering;0.9928370714187622;RDF102;Computer and information sciences;0.9921916723251343;RDF508;Media and communications;0.9918752908706665;RDF201;Civil engineering, maritime engineering, transport engineering, and mining engineering;0.9908566474914551
849;Ultrafast Functional Ultrasound Imaging of the Brain (Genes, Cells and Molecules);RDF20-21;Engineering and technology;0.29688194394111633;RDF10;Natural sciences;0.2249753326177597;RDF30;Medical, health and life sciences;0.19892820715904236;RDF604;Arts (arts, history of arts, performing arts, music), architecture and design;0.9989656805992126;RDF201;Civil engineering, maritime engineering, transport engineering, and mining engineering;0.998510479927063;RDF508;Media and communications;0.9984391331672668;RDF102;Computer and information sciences;0.9983896613121033;RDF202;Industrial, systems and processes engineering;0.9942586421966553
850;Les trajectoires professionnelles des policiers du Québec : phase 2 (Law and criminology);RDF20-21;Engineering and technology;0.5320908427238464;RDF40;Agricultural and veterinary sciences;0.19805267453193665;RDF10;Natural sciences;0.15515001118183136;RDF604;Arts (arts, history of arts, performing arts, music), architecture and design;0.9974290728569031;RDF508;Media and communications;0.9893680810928345;RDF102;Computer and information sciences;0.9837068915367126;RDF202;Industrial, systems and processes engineering;0.9796481728553772;RDF103;Physical sciences;0.975272536277771
851;Redefining blood pressure: How novel views of the arterial tree can lead to better cardiovascular risk stratification (Clinical Investigation – Cardiovascular Systems);RDF20-21;Engineering and technology;0.3325486183166504;RDF10;Natural sciences;0.23812642693519592;RDF30;Medical, health and life sciences;0.20249037444591522;RDF604;Arts (arts, history of arts, performing arts, music), architecture and design;0.9989494681358337;RDF508;Media and communications;0.9988796710968018;RDF102;Computer and information sciences;0.9981541037559509;RDF302;Clinical medicine;0.9973529577255249;RDF103;Physical sciences;0.9967900514602661
852;Reducing the burden of hypoglycemia for persons living with type 1 diabetes;RDF20-21;Engineering and technology;0.4232890009880066;RDF40;Agricultural and veterinary sciences;0.298403263092041;RDF10;Natural sciences;0.1455722153186798;RDF202;Industrial, systems and processes engineering;0.9954879283905029;RDF102;Computer and information sciences;0.9910752773284912;RDF201;Civil engineering, maritime engineering, transport engineering, and mining engineering;0.9906870722770691;RDF203;Electrical engineering, computer engineering, and information engineering;0.9833269715309143;RDF104;Chemical sciences;0.982355535030365
853;The energy-based and feature tracking motion systems and their interactions (Biological Systems and Functions);RDF10;Natural sciences;0.21021926403045654;RDF50;Social sciences;0.20177143812179565;RDF40;Agricultural and veterinary sciences;0.19825565814971924;RDF604;Arts (arts, history of arts, performing arts, music), architecture and design;0.9990321397781372;RDF201;Civil engineering, maritime engineering, transport engineering, and mining engineering;0.9979888796806335;RDF202;Industrial, systems and processes engineering;0.9977569580078125;RDF204;Mechanical engineering;0.9976540803909302;RDF302;Clinical medicine;0.9971551299095154
854;Adoptive transfers of in vitro differentiated plasmacytoid dendritic cells to prevent acute lymphoblastic leukemia relapse: mechanisms and biomarkers of sensitivity (Cancer Progression & Therapeutics);RDF20-21;Engineering and technology;0.40656957030296326;RDF30;Medical, health and life sciences;0.24756206572055817;RDF10;Natural sciences;0.2117510437965393;RDF102;Computer and information sciences;0.9986801147460938;RDF604;Arts (arts, history of arts, performing arts, music), architecture and design;0.9985505938529968;RDF302;Clinical medicine;0.9980005621910095;RDF303;Health sciences;0.9975561499595642;RDF508;Media and communications;0.9975080490112305
855;Replacement and upgrade of the Optical and Infrared Cameras for Observatoire du Mont-Mégantic (Physics);RDF20-21;Engineering and technology;0.4078991711139679;RDF30;Medical, health and life sciences;0.2365354597568512;RDF10;Natural sciences;0.13424840569496155;RDF604;Arts (arts, history of arts, performing arts, music), architecture and design;0.9983255863189697;RDF103;Physical sciences;0.9979652166366577;RDF508;Media and communications;0.9973165392875671;RDF201;Civil engineering, maritime engineering, transport engineering, and mining engineering;0.9954261183738708;RDF202;Industrial, systems and processes engineering;0.9937829375267029
856;Stochastic Discount Factors, Risk Factors and Performance Evaluation (Economics);RDF40;Agricultural and veterinary sciences;0.32729437947273254;RDF20-21;Engineering and technology;0.3003422021865845;RDF10;Natural sciences;0.1284209042787552;RDF604;Arts (arts, history of arts, performing arts, music), architecture and design;0.998399019241333;RDF508;Media and communications;0.997900664806366;RDF203;Electrical engineering, computer engineering, and information engineering;0.9975465536117554;RDF201;Civil engineering, maritime engineering, transport engineering, and mining engineering;0.997342586517334;RDF102;Computer and information sciences;0.9962272047996521
857;Precision digital twin of production machines for sustained high accuracy and traceable part conformity;RDF20-21;Engineering and technology;0.364759624004364;RDF40;Agricultural and veterinary sciences;0.25020620226860046;RDF30;Medical, health and life sciences;0.14298148453235626;RDF604;Arts (arts, history of arts, performing arts, music), architecture and design;0.9980619549751282;RDF203;Electrical engineering, computer engineering, and information engineering;0.9978760480880737;RDF201;Civil engineering, maritime engineering, transport engineering, and mining engineering;0.99757981300354;RDF202;Industrial, systems and processes engineering;0.9948803782463074;RDF204;Mechanical engineering;0.99342942237854
858;Non-line-of-sight Imaging for Advanced Automotive Sensing;RDF20-21;Engineering and technology;0.2624363601207733;RDF40;Agricultural and veterinary sciences;0.2538657486438751;RDF10;Natural sciences;0.1857321411371231;RDF604;Arts (arts, history of arts, performing arts, music), architecture and design;0.99891197681427;RDF508;Media and communications;0.9982143640518188;RDF203;Electrical engineering, computer engineering, and information engineering;0.9981649518013;RDF102;Computer and information sciences;0.9980391263961792;RDF201;Civil engineering, maritime engineering, transport engineering, and mining engineering;0.9965301156044006
859;Le nouvel électeur économique (Political science and public administration);RDF50;Social sciences;0.4025375545024872;RDF20-21;Engineering and technology;0.2837742269039154;RDF10;Natural sciences;0.19389556348323822;RDF604;Arts (arts, history of arts, performing arts, music), architecture and design;0.9973887801170349;RDF201;Civil engineering, maritime engineering, transport engineering, and mining engineering;0.9906237721443176;RDF202;Industrial, systems and processes engineering;0.9815950989723206;RDF102;Computer and information sciences;0.9757623672485352;RDF506;Political science and policy administration;0.9734938740730286
860;CB1 receptors regulate NMJ denervation and repair (Systems & Circuits Neurosciences);RDF20-21;Engineering and technology;0.37809842824935913;RDF10;Natural sciences;0.20436757802963257;RDF30;Medical, health and life sciences;0.1871722936630249;RDF604;Arts (arts, history of arts, performing arts, music), architecture and design;0.9984870553016663;RDF508;Media and communications;0.9954879283905029;RDF102;Computer and information sciences;0.9945625066757202;RDF201;Civil engineering, maritime engineering, transport engineering, and mining engineering;0.9938905835151672;RDF202;Industrial, systems and processes engineering;0.9892751574516296
861;Influence of Lipid Matrix on Ion Channel Oligomerization and Function (Chemistry);RDF20-21;Engineering and technology;0.3446541428565979;RDF40;Agricultural and veterinary sciences;0.17845532298088074;RDF10;Natural sciences;0.17534582316875458;RDF508;Media and communications;0.999173641204834;RDF302;Clinical medicine;0.9988440871238708;RDF604;Arts (arts, history of arts, performing arts, music), architecture and design;0.9988213777542114;RDF201;Civil engineering, maritime engineering, transport engineering, and mining engineering;0.99826580286026;RDF303;Health sciences;0.99826580286026
862;Composition musicale immersive et développement de trajectoires 3D, basées sur l'analyse perceptive (Fine Arts, Research-Creation);RDF20-21;Engineering and technology;0.40839529037475586;RDF10;Natural sciences;0.17981401085853577;RDF50;Social sciences;0.1553124189376831;RDF604;Arts (arts, history of arts, performing arts, music), architecture and design;0.9983834028244019;RDF508;Media and communications;0.997977077960968;RDF201;Civil engineering, maritime engineering, transport engineering, and mining engineering;0.9946981072425842;RDF102;Computer and information sciences;0.9939261078834534;RDF601;History, archaeology and related studies;0.9831660985946655
863;Valorisation des données d'exécution de projets (Civil, Industrial and Systems Engineering);RDF40;Agricultural and veterinary sciences;0.3159707188606262;RDF20-21;Engineering and technology;0.2249337136745453;RDF10;Natural sciences;0.16617998480796814;RDF604;Arts (arts, history of arts, performing arts, music), architecture and design;0.9984391331672668;RDF203;Electrical engineering, computer engineering, and information engineering;0.9966036081314087;RDF102;Computer and information sciences;0.9954171776771545;RDF201;Civil engineering, maritime engineering, transport engineering, and mining engineering;0.9934357404708862;RDF508;Media and communications;0.99263995885849
864;Innovative Steel Braced Frame Systems for Tall Buildings in Seismic Active Regions (Civil, Industrial and Systems Engineering);RDF20-21;Engineering and technology;0.29365748167037964;RDF30;Medical, health and life sciences;0.27318477630615234;RDF40;Agricultural and veterinary sciences;0.15795288980007172;RDF604;Arts (arts, history of arts, performing arts, music), architecture and design;0.9990871548652649;RDF203;Electrical engineering, computer engineering, and information engineering;0.9984692335128784;RDF508;Media and communications;0.9984269142150879;RDF202;Industrial, systems and processes engineering;0.9922969341278076;RDF105;Earth and related environmental sciences;0.9906599521636963
865;Multiscale modelling of aircraft and rocket emissions using high-fidelity numerical simulations and machine learning;RDF20-21;Engineering and technology;0.6099581122398376;RDF30;Medical, health and life sciences;0.09660367667675018;RDF10;Natural sciences;0.09290284663438797;RDF604;Arts (arts, history of arts, performing arts, music), architecture and design;0.9982724785804749;RDF102;Computer and information sciences;0.9955403208732605;RDF203;Electrical engineering, computer engineering, and information engineering;0.986777126789093;RDF204;Mechanical engineering;0.9801292419433594;RDF201;Civil engineering, maritime engineering, transport engineering, and mining engineering;0.9750359654426575
866;Coronavirus Crisis Competence Among Sexual and Gender Minorities (Gender, Sex & Health);RDF40;Agricultural and veterinary sciences;0.22395490109920502;RDF10;Natural sciences;0.19957903027534485;RDF20-21;Engineering and technology;0.19118499755859375;RDF604;Arts (arts, history of arts, performing arts, music), architecture and design;0.9989225268363953;RDF508;Media and communications;0.9987502694129944;RDF102;Computer and information sciences;0.9984052181243896;RDF203;Electrical engineering, computer engineering, and information engineering;0.9980468153953552;RDF201;Civil engineering, maritime engineering, transport engineering, and mining engineering;0.997908890247345
867;From Alterlife to Alterfutures: Contemporary Asian Women's Environmental Moving-Image Arts (Multidisciplinary or interdisciplinary humanities);RDF20-21;Engineering and technology;0.25894421339035034;RDF50;Social sciences;0.21890631318092346;RDF10;Natural sciences;0.17692984640598297;RDF604;Arts (arts, history of arts, performing arts, music), architecture and design;0.9991688132286072;RDF508;Media and communications;0.9991012811660767;RDF102;Computer and information sciences;0.9969306588172913;RDF201;Civil engineering, maritime engineering, transport engineering, and mining engineering;0.9966365098953247;RDF203;Electrical engineering, computer engineering, and information engineering;0.9962199330329895
868;A FOCUS on youth mental health and substance use-related outcomes, inequities and trajectories during COVID-19 and beyond: A mixed-methods study in Canada and France;RDF20-21;Engineering and technology;0.3731836974620819;RDF10;Natural sciences;0.21180467307567596;RDF30;Medical, health and life sciences;0.19436289370059967;RDF604;Arts (arts, history of arts, performing arts, music), architecture and design;0.9964961409568787;RDF102;Computer and information sciences;0.9960851669311523;RDF103;Physical sciences;0.9918752312660217;RDF508;Media and communications;0.9917802810668945;RDF105;Earth and related environmental sciences;0.9886791706085205
869;Sleep, performance and development (Biological Systems and Functions);RDF40;Agricultural and veterinary sciences;0.23457707464694977;RDF50;Social sciences;0.22647349536418915;RDF30;Medical, health and life sciences;0.209453746676445;RDF604;Arts (arts, history of arts, performing arts, music), architecture and design;0.9987503290176392;RDF201;Civil engineering, maritime engineering, transport engineering, and mining engineering;0.9953993558883667;RDF202;Industrial, systems and processes engineering;0.9953814744949341;RDF203;Electrical engineering, computer engineering, and information engineering;0.9941913485527039;RDF103;Physical sciences;0.9921841025352478
870;Molecular insights into the targeting of proteins to the inner nuclear membrane (Genes, Cells and Molecules);RDF10;Natural sciences;0.304553747177124;RDF20-21;Engineering and technology;0.2889094352722168;RDF50;Social sciences;0.15135511755943298;RDF604;Arts (arts, history of arts, performing arts, music), architecture and design;0.9987576007843018;RDF102;Computer and information sciences;0.997896671295166;RDF302;Clinical medicine;0.9971826672554016;RDF508;Media and communications;0.9959771037101746;RDF303;Health sciences;0.9959219098091125
871;Les pratiques pédagogiques qui favorisent l'inclusion socioculturelle et scolaire d'élèves immigrants nouvellement arrivés au Québec : regards croisés d'enseignants et d'élèves (Education and social work);RDF20-21;Engineering and technology;0.35390883684158325;RDF10;Natural sciences;0.22716574370861053;RDF40;Agricultural and veterinary sciences;0.15295934677124023;RDF604;Arts (arts, history of arts, performing arts, music), architecture and design;0.9978045225143433;RDF105;Earth and related environmental sciences;0.9952678680419922;RDF102;Computer and information sciences;0.99495929479599;RDF103;Physical sciences;0.9933781623840332;RDF201;Civil engineering, maritime engineering, transport engineering, and mining engineering;0.9914224743843079
872;Control of collective dynamics via mean field and and inverse mean field game theory;RDF20-21;Engineering and technology;0.2686976492404938;RDF40;Agricultural and veterinary sciences;0.2686976492404938;RDF50;Social sciences;0.20481403172016144;RDF604;Arts (arts, history of arts, performing arts, music), architecture and design;0.9988969564437866;RDF201;Civil engineering, maritime engineering, transport engineering, and mining engineering;0.9960315227508545;RDF102;Computer and information sciences;0.9949983358383179;RDF203;Electrical engineering, computer engineering, and information engineering;0.9939963817596436;RDF204;Mechanical engineering;0.9916599988937378
873;#WeFeedYou, and yet...: How are temporary migrant workers' food security, nutrition and health shaped in Quebec's agri-food system - A participatory action research multiple-case study;RDF20-21;Engineering and technology;0.44488245248794556;RDF10;Natural sciences;0.1546507626771927;RDF30;Medical, health and life sciences;0.1435883641242981;RDF604;Arts (arts, history of arts, performing arts, music), architecture and design;0.9969245791435242;RDF601;History, archaeology and related studies;0.9918516278266907;RDF102;Computer and information sciences;0.9875202775001526;RDF103;Physical sciences;0.9867771863937378;RDF508;Media and communications;0.9867005348205566
874;Delinquent or victim? Teenage girls' experiences of child protection intervention due to concerns for sexual exploitation (Education and social work);RDF40;Agricultural and veterinary sciences;0.22308793663978577;RDF10;Natural sciences;0.2083473652601242;RDF20-21;Engineering and technology;0.19231383502483368;RDF201;Civil engineering, maritime engineering, transport engineering, and mining engineering;0.9985702633857727;RDF604;Arts (arts, history of arts, performing arts, music), architecture and design;0.9981469511985779;RDF508;Media and communications;0.9981287717819214;RDF203;Electrical engineering, computer engineering, and information engineering;0.9981178045272827;RDF102;Computer and information sciences;0.9975939393043518
875;Femmes, genre, (im)mobilités et vies précaires : projet de développement partenarial dans une perspective féministe transnationale et décoloniale;RDF20-21;Engineering and technology;0.27819839119911194;RDF10;Natural sciences;0.2162383794784546;RDF50;Social sciences;0.1635444015264511;RDF604;Arts (arts, history of arts, performing arts, music), architecture and design;0.999419629573822;RDF508;Media and communications;0.9992445707321167;RDF102;Computer and information sciences;0.9991687536239624;RDF201;Civil engineering, maritime engineering, transport engineering, and mining engineering;0.9991373419761658;RDF203;Electrical engineering, computer engineering, and information engineering;0.9980993866920471
876;La cohésion sociale est-elle possible en situation de crises multiples? L'influence des politiques publiques entourant le coronavirus (2019-nCoV) et les préjugés envers les citoyens et citoyennes d'origine chinoise (Canadian 2019 Novel Coronavirus (2019-nCoV) Rapid Research);RDF10;Natural sciences;0.2937639653682709;RDF20-21;Engineering and technology;0.29090914130210876;RDF30;Medical, health and life sciences;0.19378726184368134;RDF102;Computer and information sciences;0.9992401599884033;RDF508;Media and communications;0.9988530278205872;RDF604;Arts (arts, history of arts, performing arts, music), architecture and design;0.9988120794296265;RDF105;Earth and related environmental sciences;0.9987453818321228;RDF201;Civil engineering, maritime engineering, transport engineering, and mining engineering;0.9978129863739014
877;Coronary angiocrine control of heart regeneration (Cardiovascular System – Heart and Circulation);RDF20-21;Engineering and technology;0.2280900478363037;RDF10;Natural sciences;0.2159513235092163;RDF50;Social sciences;0.2068687081336975;RDF508;Media and communications;0.998957633972168;RDF201;Civil engineering, maritime engineering, transport engineering, and mining engineering;0.9988508820533752;RDF604;Arts (arts, history of arts, performing arts, music), architecture and design;0.998757541179657;RDF203;Electrical engineering, computer engineering, and information engineering;0.9986383318901062;RDF202;Industrial, systems and processes engineering;0.9983385801315308
878;Management of public media organizations and society;RDF40;Agricultural and veterinary sciences;0.4592743217945099;RDF50;Social sciences;0.1628025770187378;RDF10;Natural sciences;0.14172187447547913;RDF508;Media and communications;0.999647855758667;RDF604;Arts (arts, history of arts, performing arts, music), architecture and design;0.9994116425514221;RDF203;Electrical engineering, computer engineering, and information engineering;0.9987815618515015;RDF201;Civil engineering, maritime engineering, transport engineering, and mining engineering;0.9987696409225464;RDF204;Mechanical engineering;0.998420774936676
879;Voters' Identities in their Own Words (Political science and public administration);RDF50;Social sciences;0.314230740070343;RDF40;Agricultural and veterinary sciences;0.23102138936519623;RDF20-21;Engineering and technology;0.21533562242984772;RDF604;Arts (arts, history of arts, performing arts, music), architecture and design;0.9982725381851196;RDF201;Civil engineering, maritime engineering, transport engineering, and mining engineering;0.9950079917907715;RDF508;Media and communications;0.9902161359786987;RDF202;Industrial, systems and processes engineering;0.9868913292884827;RDF203;Electrical engineering, computer engineering, and information engineering;0.983502209186554
880;Santé, justice et sécurité au 21e siècle (Philosophy);RDF10;Natural sciences;0.24804677069187164;RDF30;Medical, health and life sciences;0.21466659009456635;RDF40;Agricultural and veterinary sciences;0.16523477435112;RDF604;Arts (arts, history of arts, performing arts, music), architecture and design;0.9987934231758118;RDF201;Civil engineering, maritime engineering, transport engineering, and mining engineering;0.9985421299934387;RDF508;Media and communications;0.9983546733856201;RDF202;Industrial, systems and processes engineering;0.9979332089424133;RDF208;Environmental engineering and related engineering;0.9978510737419128
881;Role of ATP-P2X7 axis in pathogenesis of ventilator induced lung injury (Respiratory System);RDF20-21;Engineering and technology;0.2900529205799103;RDF30;Medical, health and life sciences;0.20013049244880676;RDF10;Natural sciences;0.19625961780548096;RDF604;Arts (arts, history of arts, performing arts, music), architecture and design;0.9990942478179932;RDF508;Media and communications;0.9988948106765747;RDF102;Computer and information sciences;0.9982212781906128;RDF103;Physical sciences;0.9978551864624023;RDF201;Civil engineering, maritime engineering, transport engineering, and mining engineering;0.9976264834403992
882;Mitochondrial epigenetics and ORFan genes: exploiting the mitochondrial genetic system to fuel phenotypic variation and functional novelties (Genes, Cells and Molecules);RDF10;Natural sciences;0.329729288816452;RDF20-21;Engineering and technology;0.3067418038845062;RDF50;Social sciences;0.14574605226516724;RDF604;Arts (arts, history of arts, performing arts, music), architecture and design;0.9991816878318787;RDF102;Computer and information sciences;0.9988189935684204;RDF302;Clinical medicine;0.9983990788459778;RDF103;Physical sciences;0.9982522130012512;RDF201;Civil engineering, maritime engineering, transport engineering, and mining engineering;0.9980732202529907
883;PeerOnCall as a catalyst for a peer support program based on psychological first aid: a feasibility study among the Sûreté du Québec (Crisis/Suicide Line and App-based Support Models for post traum. stress in public safety personnel (PSP));RDF20-21;Engineering and technology;0.5281962156295776;RDF10;Natural sciences;0.18129616975784302;RDF30;Medical, health and life sciences;0.1453913152217865;RDF102;Computer and information sciences;0.9841699004173279;RDF604;Arts (arts, history of arts, performing arts, music), architecture and design;0.9822877049446106;RDF105;Earth and related environmental sciences;0.9773275852203369;RDF201;Civil engineering, maritime engineering, transport engineering, and mining engineering;0.9502726793289185;RDF103;Physical sciences;0.9289907813072205
884;Computational approaches for analysis and design of complex multiphase flow systems (Mechanical Engineering);RDF40;Agricultural and veterinary sciences;0.26365926861763;RDF30;Medical, health and life sciences;0.23086778819561005;RDF20-21;Engineering and technology;0.22029557824134827;RDF604;Arts (arts, history of arts, performing arts, music), architecture and design;0.9980199337005615;RDF204;Mechanical engineering;0.9952908158302307;RDF508;Media and communications;0.9952723979949951;RDF302;Clinical medicine;0.9933909773826599;RDF102;Computer and information sciences;0.9927951693534851
885;Understanding the limits of risk instruments in an era of climate change: An exploration of the institutional geographies of climate services in Europe (Geography, urban planning and related fields);RDF20-21;Engineering and technology;0.3695151209831238;RDF10;Natural sciences;0.20446456968784332;RDF30;Medical, health and life sciences;0.16639094054698944;RDF604;Arts (arts, history of arts, performing arts, music), architecture and design;0.9981933236122131;RDF102;Computer and information sciences;0.9972153902053833;RDF508;Media and communications;0.995226263999939;RDF201;Civil engineering, maritime engineering, transport engineering, and mining engineering;0.9935494065284729;RDF105;Earth and related environmental sciences;0.9926470518112183
886;Randomized Double-Blind Placebo-Controlled Clinical Trial to Assess the Efficacy of Mycophenolate Mofetil in Subclinical Interstitial Lung Disease Associated with Systemic Sclerosis: a Feasibility Study;RDF20-21;Engineering and technology;0.5891265869140625;RDF10;Natural sciences;0.1664956510066986;RDF30;Medical, health and life sciences;0.130174458026886;RDF302;Clinical medicine;0.9990359544754028;RDF102;Computer and information sciences;0.9988552927970886;RDF105;Earth and related environmental sciences;0.9964961409568787;RDF604;Arts (arts, history of arts, performing arts, music), architecture and design;0.9955315589904785;RDF103;Physical sciences;0.995226263999939
887;Novel transition support program for young people with disabilities and their families: Identifying most important outcomes for program key stakeholders;RDF40;Agricultural and veterinary sciences;0.29275012016296387;RDF20-21;Engineering and technology;0.2660319209098816;RDF10;Natural sciences;0.14184145629405975;RDF604;Arts (arts, history of arts, performing arts, music), architecture and design;0.9991204142570496;RDF203;Electrical engineering, computer engineering, and information engineering;0.9981862306594849;RDF102;Computer and information sciences;0.9971551299095154;RDF503;Education;0.9965300559997559;RDF201;Civil engineering, maritime engineering, transport engineering, and mining engineering;0.9961977601051331
888;Advancing knowledge and developping mechanistic quantitative tools for in vitro-in vivo extrapolations in pharmacokinetics and toxicokinetics (Biological Systems and Functions);RDF30;Medical, health and life sciences;0.2363724410533905;RDF10;Natural sciences;0.21146945655345917;RDF20-21;Engineering and technology;0.19749656319618225;RDF302;Clinical medicine;0.9988144040107727;RDF303;Health sciences;0.998661994934082;RDF604;Arts (arts, history of arts, performing arts, music), architecture and design;0.9985730648040771;RDF102;Computer and information sciences;0.9980276823043823;RDF201;Civil engineering, maritime engineering, transport engineering, and mining engineering;0.9977349638938904
889;Modeling and optimization for advanced management of the complex products for the robust circular economy in Canada (Civil, Industrial and Systems Engineering);RDF40;Agricultural and veterinary sciences;0.267397403717041;RDF20-21;Engineering and technology;0.26428213715553284;RDF30;Medical, health and life sciences;0.20105524361133575;RDF203;Electrical engineering, computer engineering, and information engineering;0.9987056255340576;RDF604;Arts (arts, history of arts, performing arts, music), architecture and design;0.9986488819122314;RDF102;Computer and information sciences;0.994482696056366;RDF201;Civil engineering, maritime engineering, transport engineering, and mining engineering;0.9937587380409241;RDF508;Media and communications;0.9933071732521057
890;Advanced Manufacturing of Intelligent Structures (Mechanical Engineering);RDF40;Agricultural and veterinary sciences;0.32304438948631287;RDF30;Medical, health and life sciences;0.22952061891555786;RDF50;Social sciences;0.19593633711338043;RDF604;Arts (arts, history of arts, performing arts, music), architecture and design;0.9989225268363953;RDF508;Media and communications;0.9988418221473694;RDF204;Mechanical engineering;0.9987839460372925;RDF201;Civil engineering, maritime engineering, transport engineering, and mining engineering;0.9972691535949707;RDF302;Clinical medicine;0.9962272644042969
891;Multimodal Sensing Guidewire with Random Optical Gratings by Ultraviolet laser Exposure for Peripheral Vascular Interventions (Medical Physics & Imaging);RDF20-21;Engineering and technology;0.3929107189178467;RDF30;Medical, health and life sciences;0.2251894176006317;RDF10;Natural sciences;0.15386606752872467;RDF604;Arts (arts, history of arts, performing arts, music), architecture and design;0.998672366142273;RDF508;Media and communications;0.9976495504379272;RDF302;Clinical medicine;0.9975128769874573;RDF102;Computer and information sciences;0.9968396425247192;RDF201;Civil engineering, maritime engineering, transport engineering, and mining engineering;0.9957601428031921
892;Intelligent mobility management in emerging vehicular networks (Computer Science);RDF20-21;Engineering and technology;0.25553879141807556;RDF10;Natural sciences;0.2414671778678894;RDF30;Medical, health and life sciences;0.2272808998823166;RDF604;Arts (arts, history of arts, performing arts, music), architecture and design;0.9989350438117981;RDF201;Civil engineering, maritime engineering, transport engineering, and mining engineering;0.9982657432556152;RDF102;Computer and information sciences;0.9978593587875366;RDF203;Electrical engineering, computer engineering, and information engineering;0.9975609183311462;RDF601;History, archaeology and related studies;0.9973785281181335
893;Chemical biology strategies for discovery and profiling of glycan-protein interactions (Chemistry);RDF10;Natural sciences;0.406434029340744;RDF20-21;Engineering and technology;0.3202623128890991;RDF30;Medical, health and life sciences;0.1239553838968277;RDF604;Arts (arts, history of arts, performing arts, music), architecture and design;0.9986329674720764;RDF303;Health sciences;0.9949396848678589;RDF201;Civil engineering, maritime engineering, transport engineering, and mining engineering;0.9944342374801636;RDF302;Clinical medicine;0.9937829375267029;RDF202;Industrial, systems and processes engineering;0.9904313087463379
894;Local and global biomechanical properties of the eye as new glaucoma risk factors (Medical Physics & Imaging);RDF30;Medical, health and life sciences;0.297533243894577;RDF10;Natural sciences;0.2730318605899811;RDF20-21;Engineering and technology;0.2064981758594513;RDF604;Arts (arts, history of arts, performing arts, music), architecture and design;0.9987181425094604;RDF508;Media and communications;0.998084545135498;RDF302;Clinical medicine;0.997875988483429;RDF201;Civil engineering, maritime engineering, transport engineering, and mining engineering;0.997342586517334;RDF204;Mechanical engineering;0.9970707297325134
895;L'accessibilité des médias: éduquer pour ouvrir le dialogue;RDF40;Agricultural and veterinary sciences;0.3299829959869385;RDF20-21;Engineering and technology;0.18582816421985626;RDF10;Natural sciences;0.16527898609638214;RDF508;Media and communications;0.9993674755096436;RDF604;Arts (arts, history of arts, performing arts, music), architecture and design;0.9990836381912231;RDF102;Computer and information sciences;0.9984145760536194;RDF201;Civil engineering, maritime engineering, transport engineering, and mining engineering;0.998364269733429;RDF208;Environmental engineering and related engineering;0.9982003569602966
896;Free prior and informed consent, social equity and the forest sector: A comparison of the Forest Stewardship Council certification regime in Canada, Sweden and Russia (Geography, urban planning and related fields);RDF20-21;Engineering and technology;0.4133343994617462;RDF10;Natural sciences;0.2373580038547516;RDF50;Social sciences;0.11168286204338074;RDF604;Arts (arts, history of arts, performing arts, music), architecture and design;0.9982315897941589;RDF201;Civil engineering, maritime engineering, transport engineering, and mining engineering;0.9964272975921631;RDF203;Electrical engineering, computer engineering, and information engineering;0.9961456656455994;RDF105;Earth and related environmental sciences;0.99495929479599;RDF102;Computer and information sciences;0.9936487674713135
897;Water reuse: innovative monitoring technologies for risk reduction (Civil, Industrial and Systems Engineering);RDF30;Medical, health and life sciences;0.26509639620780945;RDF20-21;Engineering and technology;0.25996896624565125;RDF40;Agricultural and veterinary sciences;0.17015914618968964;RDF604;Arts (arts, history of arts, performing arts, music), architecture and design;0.9986698031425476;RDF203;Electrical engineering, computer engineering, and information engineering;0.9983417987823486;RDF208;Environmental engineering and related engineering;0.9962125420570374;RDF508;Media and communications;0.9944666028022766;RDF102;Computer and information sciences;0.9915051460266113
898;Difficultés psychosociales, scolaires et milieux de vie différentiels d'enfants issus de la diversité ethnoculturelle recevant, ou non, des services de protection de la jeunesse (Education and social work);RDF10;Natural sciences;0.24455684423446655;RDF20-21;Engineering and technology;0.19999170303344727;RDF50;Social sciences;0.19046105444431305;RDF201;Civil engineering, maritime engineering, transport engineering, and mining engineering;0.9987910389900208;RDF604;Arts (arts, history of arts, performing arts, music), architecture and design;0.9987232089042664;RDF508;Media and communications;0.9984482526779175;RDF103;Physical sciences;0.9981288313865662;RDF102;Computer and information sciences;0.9980199337005615
899;Participation jeunesse Autochtone dans la prise de décision en milieu scolaire (Education and social work);RDF40;Agricultural and veterinary sciences;0.37451472878456116;RDF10;Natural sciences;0.1985151618719101;RDF20-21;Engineering and technology;0.15220685303211212;RDF604;Arts (arts, history of arts, performing arts, music), architecture and design;0.9988027811050415;RDF201;Civil engineering, maritime engineering, transport engineering, and mining engineering;0.9986541271209717;RDF508;Media and communications;0.9977786540985107;RDF102;Computer and information sciences;0.9976403713226318;RDF203;Electrical engineering, computer engineering, and information engineering;0.9975466132164001
900;Bioinformatics-powered genetic characterization of the impact of biological systems on Alzheimer's disease and neurodegeneration;RDF20-21;Engineering and technology;0.26483768224716187;RDF10;Natural sciences;0.2199873924255371;RDF30;Medical, health and life sciences;0.1650850474834442;RDF604;Arts (arts, history of arts, performing arts, music), architecture and design;0.9992068409919739;RDF102;Computer and information sciences;0.9989140629768372;RDF201;Civil engineering, maritime engineering, transport engineering, and mining engineering;0.9981648921966553;RDF508;Media and communications;0.9978883862495422;RDF303;Health sciences;0.9971328377723694
901;Identification of functional epigenomic regions in sperm that are environmentally responsive and associate with fertility and embryo development;RDF20-21;Engineering and technology;0.38706162571907043;RDF10;Natural sciences;0.17395196855068207;RDF40;Agricultural and veterinary sciences;0.14820893108844757;RDF604;Arts (arts, history of arts, performing arts, music), architecture and design;0.9981324076652527;RDF201;Civil engineering, maritime engineering, transport engineering, and mining engineering;0.9958174824714661;RDF508;Media and communications;0.9951702356338501;RDF601;History, archaeology and related studies;0.9932485222816467;RDF102;Computer and information sciences;0.9923712015151978
902;Le jeu symbolique en classe d'éducation préscolaire 4 ans: Relations entre la pensée sociale, la maturité du jeu et l'acceptation sociale (Education and social work);RDF20-21;Engineering and technology;0.318507581949234;RDF10;Natural sciences;0.22762711346149445;RDF60;Humanities and the arts;0.17884112894535065;RDF604;Arts (arts, history of arts, performing arts, music), architecture and design;0.9973270297050476;RDF102;Computer and information sciences;0.9944342970848083;RDF105;Earth and related environmental sciences;0.9933459758758545;RDF103;Physical sciences;0.9834068417549133;RDF503;Education;0.981805682182312
903;Evaluation of supervised consumption services in Montreal in the context of COVID-19 (Evaluation of Harm Reduction Approaches to Address the Opioid Crisis);RDF20-21;Engineering and technology;0.41999688744544983;RDF30;Medical, health and life sciences;0.2478698045015335;RDF40;Agricultural and veterinary sciences;0.10723395645618439;RDF604;Arts (arts, history of arts, performing arts, music), architecture and design;0.9966691136360168;RDF102;Computer and information sciences;0.9862046241760254;RDF202;Industrial, systems and processes engineering;0.972388505935669;RDF105;Earth and related environmental sciences;0.9707155227661133;RDF103;Physical sciences;0.9691786170005798
904;Pacing Brain Rhythms (Biological Systems and Functions);RDF40;Agricultural and veterinary sciences;0.2830832302570343;RDF20-21;Engineering and technology;0.18857407569885254;RDF50;Social sciences;0.16576725244522095;RDF604;Arts (arts, history of arts, performing arts, music), architecture and design;0.9984481930732727;RDF102;Computer and information sciences;0.9974190592765808;RDF202;Industrial, systems and processes engineering;0.9957020878791809;RDF103;Physical sciences;0.9950659275054932;RDF501;Psychology and cognitive sciences;0.994379997253418
905;Representation Learning for Lifelong Learning (Computer Science);RDF40;Agricultural and veterinary sciences;0.39362743496894836;RDF10;Natural sciences;0.16122916340827942;RDF50;Social sciences;0.15444807708263397;RDF604;Arts (arts, history of arts, performing arts, music), architecture and design;0.9987379908561707;RDF508;Media and communications;0.9986356496810913;RDF201;Civil engineering, maritime engineering, transport engineering, and mining engineering;0.9983990788459778;RDF208;Environmental engineering and related engineering;0.9979810118675232;RDF102;Computer and information sciences;0.9977172017097473
906;Inverse Design by Duality;RDF40;Agricultural and veterinary sciences;0.5119622945785522;RDF20-21;Engineering and technology;0.16653475165367126;RDF50;Social sciences;0.12065538763999939;RDF604;Arts (arts, history of arts, performing arts, music), architecture and design;0.998595118522644;RDF508;Media and communications;0.9974836707115173;RDF201;Civil engineering, maritime engineering, transport engineering, and mining engineering;0.9954261779785156;RDF204;Mechanical engineering;0.9951040744781494;RDF203;Electrical engineering, computer engineering, and information engineering;0.9946774840354919
907;How is cell morphogenesis regulated during mitosis? (Genes, Cells and Molecules);RDF20-21;Engineering and technology;0.36959946155548096;RDF10;Natural sciences;0.21349036693572998;RDF50;Social sciences;0.13690069317817688;RDF604;Arts (arts, history of arts, performing arts, music), architecture and design;0.998275876045227;RDF102;Computer and information sciences;0.9960237741470337;RDF303;Health sciences;0.9937101006507874;RDF201;Civil engineering, maritime engineering, transport engineering, and mining engineering;0.9936856627464294;RDF202;Industrial, systems and processes engineering;0.9924593567848206
908;Superconducting single photon detectors for quantum optics and spectroscopy up to 2.5 microns (Physics);RDF20-21;Engineering and technology;0.4905615746974945;RDF40;Agricultural and veterinary sciences;0.13945448398590088;RDF10;Natural sciences;0.12476228177547455;RDF604;Arts (arts, history of arts, performing arts, music), architecture and design;0.9979411959648132;RDF103;Physical sciences;0.9977038502693176;RDF201;Civil engineering, maritime engineering, transport engineering, and mining engineering;0.9969781041145325;RDF102;Computer and information sciences;0.9966299533843994;RDF203;Electrical engineering, computer engineering, and information engineering;0.9962854981422424
909;The effects of neuropsychiatric CNVs on the integrity of brain structure and connectivity (Behavioural Sciences);RDF10;Natural sciences;0.30088794231414795;RDF20-21;Engineering and technology;0.256359726190567;RDF50;Social sciences;0.15670955181121826;RDF201;Civil engineering, maritime engineering, transport engineering, and mining engineering;0.9990452527999878;RDF604;Arts (arts, history of arts, performing arts, music), architecture and design;0.998656690120697;RDF508;Media and communications;0.9986541271209717;RDF202;Industrial, systems and processes engineering;0.9981898069381714;RDF102;Computer and information sciences;0.9978677034378052
910;De villes adaptées à la vieillesse aux territoires inclusifs et exempts d'âgisme : vers un changement de perspective sur l'aménagement urbain des municipalités favorisant le vieillissement ?;RDF20-21;Engineering and technology;0.4366886615753174;RDF10;Natural sciences;0.1554023176431656;RDF40;Agricultural and veterinary sciences;0.11593719571828842;RDF604;Arts (arts, history of arts, performing arts, music), architecture and design;0.9993637800216675;RDF102;Computer and information sciences;0.9979291558265686;RDF201;Civil engineering, maritime engineering, transport engineering, and mining engineering;0.9976722598075867;RDF105;Earth and related environmental sciences;0.9960315227508545;RDF508;Media and communications;0.995075523853302
911;Environmental fate of emerging contaminants (Geosciences);RDF20-21;Engineering and technology;0.4491640031337738;RDF10;Natural sciences;0.23393523693084717;RDF50;Social sciences;0.14667914807796478;RDF604;Arts (arts, history of arts, performing arts, music), architecture and design;0.9984722137451172;RDF201;Civil engineering, maritime engineering, transport engineering, and mining engineering;0.9981967806816101;RDF508;Media and communications;0.9972370266914368;RDF208;Environmental engineering and related engineering;0.9930154085159302;RDF105;Earth and related environmental sciences;0.9923563599586487
912;Du disque à l'oeuvre. Musique, arts visuels, cinéma;RDF10;Natural sciences;0.22488604485988617;RDF50;Social sciences;0.2227005809545517;RDF30;Medical, health and life sciences;0.1648518145084381;RDF508;Media and communications;0.9996806979179382;RDF604;Arts (arts, history of arts, performing arts, music), architecture and design;0.9995326399803162;RDF201;Civil engineering, maritime engineering, transport engineering, and mining engineering;0.9991012811660767;RDF102;Computer and information sciences;0.9988395571708679;RDF601;History, archaeology and related studies;0.9987744092941284
913;Decoding the role of DNMT1 in the Inherited Dysregulation of Epigenetic Marks using Embryonic Cells (Genes, Cells and Molecules);RDF20-21;Engineering and technology;0.46260493993759155;RDF10;Natural sciences;0.24713143706321716;RDF50;Social sciences;0.10053502768278122;RDF604;Arts (arts, history of arts, performing arts, music), architecture and design;0.9983482956886292;RDF102;Computer and information sciences;0.9961680173873901;RDF508;Media and communications;0.9960160255432129;RDF302;Clinical medicine;0.9912378787994385;RDF201;Civil engineering, maritime engineering, transport engineering, and mining engineering;0.9909184575080872
914;Computational Methods for Verification and Validation with Applications in Mechanics (Mechanical Engineering);RDF20-21;Engineering and technology;0.30650222301483154;RDF40;Agricultural and veterinary sciences;0.21065568923950195;RDF50;Social sciences;0.15777382254600525;RDF604;Arts (arts, history of arts, performing arts, music), architecture and design;0.9980238080024719;RDF102;Computer and information sciences;0.9955618977546692;RDF204;Mechanical engineering;0.9955490231513977;RDF508;Media and communications;0.9946567416191101;RDF202;Industrial, systems and processes engineering;0.9936733245849609
915;Inter-cellular causality in the formation and degradation of the vascular glycocalyx;RDF20-21;Engineering and technology;0.32765018939971924;RDF10;Natural sciences;0.19111667573451996;RDF40;Agricultural and veterinary sciences;0.17675401270389557;RDF604;Arts (arts, history of arts, performing arts, music), architecture and design;0.9986776113510132;RDF508;Media and communications;0.9979572296142578;RDF201;Civil engineering, maritime engineering, transport engineering, and mining engineering;0.9970650672912598;RDF202;Industrial, systems and processes engineering;0.996616780757904;RDF102;Computer and information sciences;0.9959140419960022
916;L'écologie et des paysages combinatoires : vers une collaboration permanente avec la nature (Geography, urban planning and related fields);RDF10;Natural sciences;0.3651129901409149;RDF20-21;Engineering and technology;0.3122977018356323;RDF50;Social sciences;0.18978846073150635;RDF604;Arts (arts, history of arts, performing arts, music), architecture and design;0.9988598227500916;RDF201;Civil engineering, maritime engineering, transport engineering, and mining engineering;0.9984390735626221;RDF208;Environmental engineering and related engineering;0.9981324672698975;RDF105;Earth and related environmental sciences;0.9972262382507324;RDF103;Physical sciences;0.992864727973938
917;An optimization framework for comparative, multi-species studies of visual systems (Biological Systems and Functions);RDF50;Social sciences;0.3077755570411682;RDF20-21;Engineering and technology;0.27914029359817505;RDF10;Natural sciences;0.1907293200492859;RDF604;Arts (arts, history of arts, performing arts, music), architecture and design;0.9991186857223511;RDF103;Physical sciences;0.9950754642486572;RDF102;Computer and information sciences;0.9947443008422852;RDF508;Media and communications;0.9945940971374512;RDF203;Electrical engineering, computer engineering, and information engineering;0.987375020980835
918;A novel web-based mental health intervention integrating peer support and clinical moderation to enhance recovery and prevent relapse in adults diagnosed with psychotic disorders: A pragmatic feasibility study of Horyzons-Canada (Health Services Evaluation & Interventions Research);RDF20-21;Engineering and technology;0.5031821131706238;RDF10;Natural sciences;0.18188488483428955;RDF30;Medical, health and life sciences;0.16304057836532593;RDF604;Arts (arts, history of arts, performing arts, music), architecture and design;0.996714174747467;RDF102;Computer and information sciences;0.9959139823913574;RDF302;Clinical medicine;0.9905692338943481;RDF105;Earth and related environmental sciences;0.9863631725311279;RDF501;Psychology and cognitive sciences;0.9832144975662231
919;Maternal Diabetes Induces Perinatal Programming of Chronic Kidney Disease: The Role of Hedgehog Interacting Protein (Hhip) (Clinical Investigation – Reproduction, Maternal, Child and Youth Health);RDF10;Natural sciences;0.2853531241416931;RDF20-21;Engineering and technology;0.2659783363342285;RDF30;Medical, health and life sciences;0.19383525848388672;RDF302;Clinical medicine;0.998793363571167;RDF201;Civil engineering, maritime engineering, transport engineering, and mining engineering;0.9987478852272034;RDF102;Computer and information sciences;0.9985840916633606;RDF604;Arts (arts, history of arts, performing arts, music), architecture and design;0.998490035533905;RDF601;History, archaeology and related studies;0.9981932640075684
920;Urgent Replacement of a Platform for Gaseous Chemistry and Catalysis (Chemistry);RDF20-21;Engineering and technology;0.3752196431159973;RDF30;Medical, health and life sciences;0.26451611518859863;RDF40;Agricultural and veterinary sciences;0.1194598525762558;RDF604;Arts (arts, history of arts, performing arts, music), architecture and design;0.9987720251083374;RDF508;Media and communications;0.9982624053955078;RDF202;Industrial, systems and processes engineering;0.9930961728096008;RDF102;Computer and information sciences;0.9857317805290222;RDF208;Environmental engineering and related engineering;0.9801482558250427
921;CAN OSTEOCLAST BIOMARKERS DETECT EXCESSIVE SUBCHONDRAL BONE RESORPTION IN RACEHORSES? (Genes, Cells and Molecules);RDF20-21;Engineering and technology;0.433908075094223;RDF10;Natural sciences;0.24723337590694427;RDF30;Medical, health and life sciences;0.12876497209072113;RDF604;Arts (arts, history of arts, performing arts, music), architecture and design;0.997977077960968;RDF102;Computer and information sciences;0.9955662488937378;RDF508;Media and communications;0.9936240315437317;RDF202;Industrial, systems and processes engineering;0.9908390045166016;RDF201;Civil engineering, maritime engineering, transport engineering, and mining engineering;0.9891501665115356
922;Agrégateur numérique de paysages urbains;RDF40;Agricultural and veterinary sciences;0.3619566857814789;RDF20-21;Engineering and technology;0.20704390108585358;RDF50;Social sciences;0.1834307312965393;RDF604;Arts (arts, history of arts, performing arts, music), architecture and design;0.998848557472229;RDF201;Civil engineering, maritime engineering, transport engineering, and mining engineering;0.9970131516456604;RDF508;Media and communications;0.996616780757904;RDF102;Computer and information sciences;0.9955748915672302;RDF202;Industrial, systems and processes engineering;0.9925754070281982
923;Study of the effect of sex on drugs dosing, concentrations and pharmacogenomics (Gender, Sex & Health);RDF10;Natural sciences;0.2710528075695038;RDF20-21;Engineering and technology;0.23093988001346588;RDF30;Medical, health and life sciences;0.1986941695213318;RDF201;Civil engineering, maritime engineering, transport engineering, and mining engineering;0.998498797416687;RDF604;Arts (arts, history of arts, performing arts, music), architecture and design;0.9984573125839233;RDF102;Computer and information sciences;0.9973887801170349;RDF302;Clinical medicine;0.9961531162261963;RDF508;Media and communications;0.9955919981002808
924;Biosecurity 2.0 for the modern Canadian dairy farm (Biological Systems and Functions);RDF20-21;Engineering and technology;0.39405378699302673;RDF30;Medical, health and life sciences;0.19853004813194275;RDF10;Natural sciences;0.15552395582199097;RDF604;Arts (arts, history of arts, performing arts, music), architecture and design;0.9970131516456604;RDF508;Media and communications;0.9823216199874878;RDF202;Industrial, systems and processes engineering;0.9712929129600525;RDF105;Earth and related environmental sciences;0.95743727684021;RDF102;Computer and information sciences;0.9338241219520569
925;Et si on revenait à l'étude des comportements de leadership : le rôle du style parental et de la motivation comme prédicteurs des comportements de partage de ressources d'élèves officiers (Psychology, linguistics and translation);RDF20-21;Engineering and technology;0.4365900456905365;RDF10;Natural sciences;0.24682562053203583;RDF50;Social sciences;0.13160115480422974;RDF604;Arts (arts, history of arts, performing arts, music), architecture and design;0.9958900809288025;RDF103;Physical sciences;0.9950945973396301;RDF105;Earth and related environmental sciences;0.9950563311576843;RDF102;Computer and information sciences;0.9926967620849609;RDF201;Civil engineering, maritime engineering, transport engineering, and mining engineering;0.9894906282424927
926;Penser le temps de la maladie chronique : l'expertise littéraire à l'appui des pratiques de soin (Literature);RDF20-21;Engineering and technology;0.30367282032966614;RDF10;Natural sciences;0.21533627808094025;RDF50;Social sciences;0.1442878544330597;RDF604;Arts (arts, history of arts, performing arts, music), architecture and design;0.9978801608085632;RDF102;Computer and information sciences;0.9973887801170349;RDF302;Clinical medicine;0.9966819882392883;RDF201;Civil engineering, maritime engineering, transport engineering, and mining engineering;0.9930962324142456;RDF303;Health sciences;0.9908831715583801
927;Non-releasing alginate hydrogels for analyte sensing and detoxification (Materials and Chemical Engineering);RDF20-21;Engineering and technology;0.44500988721847534;RDF10;Natural sciences;0.20019029080867767;RDF30;Medical, health and life sciences;0.12142155319452286;RDF604;Arts (arts, history of arts, performing arts, music), architecture and design;0.9962125420570374;RDF508;Media and communications;0.9937708377838135;RDF201;Civil engineering, maritime engineering, transport engineering, and mining engineering;0.9934611916542053;RDF202;Industrial, systems and processes engineering;0.9903663396835327;RDF104;Chemical sciences;0.9902727007865906
928;Quantifying Indigenous family disruption and resilience at the beginning of the 20th century through historical census data (Sociology, demography and related fields);RDF50;Social sciences;0.5985370874404907;RDF20-21;Engineering and technology;0.13860081136226654;RDF10;Natural sciences;0.0863116905093193;RDF604;Arts (arts, history of arts, performing arts, music), architecture and design;0.9980581998825073;RDF201;Civil engineering, maritime engineering, transport engineering, and mining engineering;0.9963428974151611;RDF105;Earth and related environmental sciences;0.9935868382453918;RDF601;History, archaeology and related studies;0.9927391409873962;RDF203;Electrical engineering, computer engineering, and information engineering;0.9912123680114746
929;The impact of biological sex on the brain language network (Biological Systems and Functions);RDF20-21;Engineering and technology;0.25113117694854736;RDF10;Natural sciences;0.22205576300621033;RDF40;Agricultural and veterinary sciences;0.18845629692077637;RDF604;Arts (arts, history of arts, performing arts, music), architecture and design;0.998507559299469;RDF508;Media and communications;0.9973528981208801;RDF302;Clinical medicine;0.9969780445098877;RDF102;Computer and information sciences;0.9968580603599548;RDF201;Civil engineering, maritime engineering, transport engineering, and mining engineering;0.9954527020454407
930;Tracking the beat of music: Mechanisms underpinning inter-individual differences and effects on rhythm learning (Biological Systems and Functions);RDF20-21;Engineering and technology;0.19181770086288452;RDF10;Natural sciences;0.18774056434631348;RDF50;Social sciences;0.17060619592666626;RDF604;Arts (arts, history of arts, performing arts, music), architecture and design;0.9989718198776245;RDF102;Computer and information sciences;0.9966233968734741;RDF508;Media and communications;0.996364176273346;RDF601;History, archaeology and related studies;0.9945200681686401;RDF204;Mechanical engineering;0.9945147633552551
931;The role of rhythm in the development of speech perception and production (Biological Systems and Functions);RDF10;Natural sciences;0.25035515427589417;RDF40;Agricultural and veterinary sciences;0.2252952605485916;RDF50;Social sciences;0.1768362671136856;RDF604;Arts (arts, history of arts, performing arts, music), architecture and design;0.9989817142486572;RDF508;Media and communications;0.998553454875946;RDF302;Clinical medicine;0.9983157515525818;RDF203;Electrical engineering, computer engineering, and information engineering;0.9981287717819214;RDF201;Civil engineering, maritime engineering, transport engineering, and mining engineering;0.9980543851852417
932;Development of an Intelligent Design Support Tool for Integrated Design of Multidomain Systems (Mechanical Engineering);RDF40;Agricultural and veterinary sciences;0.25774115324020386;RDF20-21;Engineering and technology;0.2140926718711853;RDF30;Medical, health and life sciences;0.21077345311641693;RDF604;Arts (arts, history of arts, performing arts, music), architecture and design;0.9986276030540466;RDF204;Mechanical engineering;0.9968854188919067;RDF508;Media and communications;0.9967712163925171;RDF302;Clinical medicine;0.9964893460273743;RDF202;Industrial, systems and processes engineering;0.9959377646446228
933;Dynamiques socioreligieuses, laïcité et espaces municipaux québécois (Multidisciplinary or interdisciplinary social sciences);RDF50;Social sciences;0.4099111258983612;RDF20-21;Engineering and technology;0.231742724776268;RDF10;Natural sciences;0.22156277298927307;RDF604;Arts (arts, history of arts, performing arts, music), architecture and design;0.9983450174331665;RDF201;Civil engineering, maritime engineering, transport engineering, and mining engineering;0.9958011507987976;RDF203;Electrical engineering, computer engineering, and information engineering;0.995372474193573;RDF601;History, archaeology and related studies;0.9945414066314697;RDF105;Earth and related environmental sciences;0.9915379881858826
934;Optimization and Planning Models for more Sustainable Agrifood Logistics;RDF40;Agricultural and veterinary sciences;0.3655209541320801;RDF20-21;Engineering and technology;0.299497127532959;RDF50;Social sciences;0.14092087745666504;RDF604;Arts (arts, history of arts, performing arts, music), architecture and design;0.9990854263305664;RDF508;Media and communications;0.9989758133888245;RDF203;Electrical engineering, computer engineering, and information engineering;0.9978257417678833;RDF102;Computer and information sciences;0.9957270622253418;RDF201;Civil engineering, maritime engineering, transport engineering, and mining engineering;0.9934229850769043
935;Men's migration, social support, and women's health and well-being in three diverse contexts (Sociology, demography and related fields);RDF50;Social sciences;0.44961658120155334;RDF20-21;Engineering and technology;0.2002970278263092;RDF30;Medical, health and life sciences;0.16670198738574982;RDF504;Sociology and related studies;0.9956261515617371;RDF201;Civil engineering, maritime engineering, transport engineering, and mining engineering;0.9906418323516846;RDF604;Arts (arts, history of arts, performing arts, music), architecture and design;0.9878411293029785;RDF501;Psychology and cognitive sciences;0.9814000129699707;RDF202;Industrial, systems and processes engineering;0.98046875
936;Child maltreatment, emotion regulation and sexual wellbeing over time in women with low sexual desire and their partners (Psychology);RDF20-21;Engineering and technology;0.22475354373455048;RDF10;Natural sciences;0.2136252224445343;RDF40;Agricultural and veterinary sciences;0.20705264806747437;RDF201;Civil engineering, maritime engineering, transport engineering, and mining engineering;0.9984928965568542;RDF604;Arts (arts, history of arts, performing arts, music), architecture and design;0.9984781742095947;RDF508;Media and communications;0.9980732798576355;RDF203;Electrical engineering, computer engineering, and information engineering;0.9976677894592285;RDF103;Physical sciences;0.997575044631958
937;Détresse, formes d'exclusion et héritage migratoire : trajectoire sociale et subjectivité des personnes descendantes de migrants asiatiques (Education and social work);RDF20-21;Engineering and technology;0.29380375146865845;RDF10;Natural sciences;0.23241791129112244;RDF50;Social sciences;0.2261488288640976;RDF604;Arts (arts, history of arts, performing arts, music), architecture and design;0.9988861680030823;RDF201;Civil engineering, maritime engineering, transport engineering, and mining engineering;0.9978760480880737;RDF105;Earth and related environmental sciences;0.9968335628509521;RDF508;Media and communications;0.9968273043632507;RDF103;Physical sciences;0.9964480996131897
938;Elucidating the roles of miRNAs and Hippo signaling on lineage specification in the human and mouse embryo (Endocrinology);RDF20-21;Engineering and technology;0.517353355884552;RDF30;Medical, health and life sciences;0.17844367027282715;RDF10;Natural sciences;0.1473582535982132;RDF604;Arts (arts, history of arts, performing arts, music), architecture and design;0.9977612495422363;RDF508;Media and communications;0.9941913485527039;RDF202;Industrial, systems and processes engineering;0.9805247783660889;RDF102;Computer and information sciences;0.9789553880691528;RDF303;Health sciences;0.9764232039451599
939;Enabling Collaborative and Intelligent Service Provisioning in Mobile Edge Networks;RDF40;Agricultural and veterinary sciences;0.3788459002971649;RDF20-21;Engineering and technology;0.20840291678905487;RDF10;Natural sciences;0.15456970036029816;RDF604;Arts (arts, history of arts, performing arts, music), architecture and design;0.9990600347518921;RDF203;Electrical engineering, computer engineering, and information engineering;0.99894118309021;RDF508;Media and communications;0.9985533952713013;RDF201;Civil engineering, maritime engineering, transport engineering, and mining engineering;0.9985306262969971;RDF208;Environmental engineering and related engineering;0.9983385801315308
940;Intelligent Predictive Maintenance 4.0 for Heavy-duty Electrical Bus;RDF20-21;Engineering and technology;0.4168253242969513;RDF40;Agricultural and veterinary sciences;0.2593187391757965;RDF30;Medical, health and life sciences;0.15334147214889526;RDF604;Arts (arts, history of arts, performing arts, music), architecture and design;0.9988948702812195;RDF508;Media and communications;0.9976903200149536;RDF203;Electrical engineering, computer engineering, and information engineering;0.9950754642486572;RDF202;Industrial, systems and processes engineering;0.9933266043663025;RDF201;Civil engineering, maritime engineering, transport engineering, and mining engineering;0.990459144115448
941;Investigating mitochondrial biogenesis rheostat functions in skin aging: stress sensing and control of immunometabolic landscapes;RDF20-21;Engineering and technology;0.3863947093486786;RDF10;Natural sciences;0.29741862416267395;RDF50;Social sciences;0.11421805620193481;RDF604;Arts (arts, history of arts, performing arts, music), architecture and design;0.998217761516571;RDF102;Computer and information sciences;0.9970073103904724;RDF202;Industrial, systems and processes engineering;0.9965837001800537;RDF201;Civil engineering, maritime engineering, transport engineering, and mining engineering;0.9962999820709229;RDF508;Media and communications;0.9962710738182068
942;Role of the Calcitonin Receptor System in Cardiac Physiology and Remodeling;RDF20-21;Engineering and technology;0.319498747587204;RDF40;Agricultural and veterinary sciences;0.19040915369987488;RDF30;Medical, health and life sciences;0.17609967291355133;RDF508;Media and communications;0.9995121359825134;RDF604;Arts (arts, history of arts, performing arts, music), architecture and design;0.9990358948707581;RDF201;Civil engineering, maritime engineering, transport engineering, and mining engineering;0.9987696409225464;RDF202;Industrial, systems and processes engineering;0.9986169338226318;RDF204;Mechanical engineering;0.9980619549751282
943;Predicting the Progression and Brace Treatment Response in Spinal Deformities with Temporal-based Machine Learning Approaches (Biomedical Engineering);RDF10;Natural sciences;0.26019662618637085;RDF30;Medical, health and life sciences;0.2373749017715454;RDF50;Social sciences;0.16539104282855988;RDF604;Arts (arts, history of arts, performing arts, music), architecture and design;0.9991704225540161;RDF508;Media and communications;0.9989246726036072;RDF203;Electrical engineering, computer engineering, and information engineering;0.99891197681427;RDF102;Computer and information sciences;0.9988190531730652;RDF302;Clinical medicine;0.9985730051994324
944;Boosting the Productivity of a Graying Workforce;RDF40;Agricultural and veterinary sciences;0.4375656247138977;RDF20-21;Engineering and technology;0.16003096103668213;RDF30;Medical, health and life sciences;0.15240465104579926;RDF201;Civil engineering, maritime engineering, transport engineering, and mining engineering;0.9986115097999573;RDF203;Electrical engineering, computer engineering, and information engineering;0.9984052777290344;RDF604;Arts (arts, history of arts, performing arts, music), architecture and design;0.9978172779083252;RDF103;Physical sciences;0.9960082769393921;RDF508;Media and communications;0.9958418607711792
945;The Biophysics of Cold Plasmas in Cancer Therapy (Physics);RDF20-21;Engineering and technology;0.22017575800418854;RDF30;Medical, health and life sciences;0.21718601882457733;RDF50;Social sciences;0.20125693082809448;RDF508;Media and communications;0.9993821382522583;RDF604;Arts (arts, history of arts, performing arts, music), architecture and design;0.9990264773368835;RDF303;Health sciences;0.9983514547348022;RDF201;Civil engineering, maritime engineering, transport engineering, and mining engineering;0.9978883862495422;RDF202;Industrial, systems and processes engineering;0.9965837597846985
946;Virage numérique dans le développement de techniques avancées en soins personnalisés (Physics);RDF10;Natural sciences;0.32732024788856506;RDF30;Medical, health and life sciences;0.2465922087430954;RDF20-21;Engineering and technology;0.212575763463974;RDF201;Civil engineering, maritime engineering, transport engineering, and mining engineering;0.9982892870903015;RDF103;Physical sciences;0.9980882406234741;RDF604;Arts (arts, history of arts, performing arts, music), architecture and design;0.9976722598075867;RDF203;Electrical engineering, computer engineering, and information engineering;0.9964134097099304;RDF508;Media and communications;0.9946359395980835
947;Rencontres « droits et résistances numériques en contexte francophone »;RDF40;Agricultural and veterinary sciences;0.33345258235931396;RDF20-21;Engineering and technology;0.3169421851634979;RDF10;Natural sciences;0.1562860608100891;RDF604;Arts (arts, history of arts, performing arts, music), architecture and design;0.9984083771705627;RDF201;Civil engineering, maritime engineering, transport engineering, and mining engineering;0.9961829781532288;RDF102;Computer and information sciences;0.9949396252632141;RDF508;Media and communications;0.9941346645355225;RDF204;Mechanical engineering;0.9913725256919861
948;Caméra rapide haute résolution pour la mesure de nuages de bulles en écoulement à haute vitesse (Mechanical Engineering);RDF20-21;Engineering and technology;0.515602171421051;RDF10;Natural sciences;0.17355045676231384;RDF30;Medical, health and life sciences;0.15405778586864471;RDF604;Arts (arts, history of arts, performing arts, music), architecture and design;0.9955662488937378;RDF102;Computer and information sciences;0.9864939451217651;RDF105;Earth and related environmental sciences;0.9823724627494812;RDF204;Mechanical engineering;0.976769208908081;RDF103;Physical sciences;0.9751308560371399
949;Predicting duration and rehospitalization of psychiatric emergency patients: The Signature BioBank;RDF30;Medical, health and life sciences;0.31740865111351013;RDF20-21;Engineering and technology;0.31740865111351013;RDF10;Natural sciences;0.19101989269256592;RDF604;Arts (arts, history of arts, performing arts, music), architecture and design;0.9974885582923889;RDF102;Computer and information sciences;0.9915951490402222;RDF103;Physical sciences;0.985827624797821;RDF508;Media and communications;0.9802052974700928;RDF201;Civil engineering, maritime engineering, transport engineering, and mining engineering;0.9770445227622986
950;Perceptions de justice dans les services : les cas des travailleurs de la restauration et des enseignants universitaires au Québec et en France (Sociology, demography and related fields);RDF20-21;Engineering and technology;0.4148384928703308;RDF50;Social sciences;0.2970513105392456;RDF40;Agricultural and veterinary sciences;0.13376082479953766;RDF604;Arts (arts, history of arts, performing arts, music), architecture and design;0.9967648983001709;RDF201;Civil engineering, maritime engineering, transport engineering, and mining engineering;0.9813106656074524;RDF105;Earth and related environmental sciences;0.9796870946884155;RDF102;Computer and information sciences;0.9665054678916931;RDF203;Electrical engineering, computer engineering, and information engineering;0.9620006084442139
951;L'impact de la rémunération tangible et intangible sur le roulement volontaire dans le secteur des TIC au Canada : une approche multiniveaux et longitudinale (Business, management and related fields);RDF20-21;Engineering and technology;0.6325695514678955;RDF60;Humanities and the arts;0.10811425000429153;RDF50;Social sciences;0.0896298736333847;RDF604;Arts (arts, history of arts, performing arts, music), architecture and design;0.9982759356498718;RDF102;Computer and information sciences;0.9951795935630798;RDF508;Media and communications;0.990216076374054;RDF105;Earth and related environmental sciences;0.9858956336975098;RDF203;Electrical engineering, computer engineering, and information engineering;0.9845754504203796
952;The Axolotl a model for vertebrate limb regeneration (Genes, Cells and Molecules);RDF20-21;Engineering and technology;0.3861374258995056;RDF10;Natural sciences;0.15831579267978668;RDF40;Agricultural and veterinary sciences;0.14771071076393127;RDF604;Arts (arts, history of arts, performing arts, music), architecture and design;0.9983959197998047;RDF105;Earth and related environmental sciences;0.9944126009941101;RDF102;Computer and information sciences;0.9939906001091003;RDF202;Industrial, systems and processes engineering;0.9923563599586487;RDF508;Media and communications;0.9898598194122314
953;Microglial fatty acid signalling as a modulator of diet-induced neuroimmune responses in obesity (Diabetes, Obesity, Lipid & Lipoprotein Disorders);RDF20-21;Engineering and technology;0.3600825071334839;RDF10;Natural sciences;0.22445538640022278;RDF50;Social sciences;0.12764129042625427;RDF201;Civil engineering, maritime engineering, transport engineering, and mining engineering;0.9991753101348877;RDF508;Media and communications;0.9986435770988464;RDF604;Arts (arts, history of arts, performing arts, music), architecture and design;0.9985674023628235;RDF102;Computer and information sciences;0.9985306859016418;RDF202;Industrial, systems and processes engineering;0.9978469014167786
954;Diversity and resilience of plant communities in isolated ecosystems (Evolution and Ecology);RDF40;Agricultural and veterinary sciences;0.2742295563220978;RDF20-21;Engineering and technology;0.23364652693271637;RDF10;Natural sciences;0.22645796835422516;RDF604;Arts (arts, history of arts, performing arts, music), architecture and design;0.9990452527999878;RDF508;Media and communications;0.9983896613121033;RDF201;Civil engineering, maritime engineering, transport engineering, and mining engineering;0.9967650175094604;RDF103;Physical sciences;0.9961305856704712;RDF203;Electrical engineering, computer engineering, and information engineering;0.9956852793693542
955;Dynamic protein interaction networks to map molecular origins of envronmental and genomic variations (Genes, Cells and Molecules);RDF20-21;Engineering and technology;0.350720077753067;RDF10;Natural sciences;0.2216288298368454;RDF50;Social sciences;0.1442166268825531;RDF604;Arts (arts, history of arts, performing arts, music), architecture and design;0.9988968968391418;RDF201;Civil engineering, maritime engineering, transport engineering, and mining engineering;0.9980430006980896;RDF102;Computer and information sciences;0.9970991015434265;RDF302;Clinical medicine;0.9964893460273743;RDF508;Media and communications;0.9963712692260742
956;Greening Social Work in Quebec: Exploring the Intersections of Environmental-Ecological Notions in Social Work Theory, Education, and Practice (Education and social work);RDF20-21;Engineering and technology;0.36661508679389954;RDF30;Medical, health and life sciences;0.15752527117729187;RDF50;Social sciences;0.15297721326351166;RDF508;Media and communications;0.9990453124046326;RDF604;Arts (arts, history of arts, performing arts, music), architecture and design;0.9988281726837158;RDF201;Civil engineering, maritime engineering, transport engineering, and mining engineering;0.9943140745162964;RDF105;Earth and related environmental sciences;0.9940946698188782;RDF503;Education;0.9908478260040283
957;L'oeuvre d'art comme «analyseur»: en quête d'une méthodologie (Fine arts, research-creation);RDF20-21;Engineering and technology;0.234999880194664;RDF40;Agricultural and veterinary sciences;0.23045456409454346;RDF50;Social sciences;0.17947819828987122;RDF201;Civil engineering, maritime engineering, transport engineering, and mining engineering;0.9986775517463684;RDF604;Arts (arts, history of arts, performing arts, music), architecture and design;0.9984482526779175;RDF102;Computer and information sciences;0.996882438659668;RDF508;Media and communications;0.9957930445671082;RDF203;Electrical engineering, computer engineering, and information engineering;0.993818998336792
958;Control of bacterial cell shape through cell-wall remodeling (Microbiology & Infectious Diseases);RDF20-21;Engineering and technology;0.3553673028945923;RDF10;Natural sciences;0.22810189425945282;RDF50;Social sciences;0.14612756669521332;RDF604;Arts (arts, history of arts, performing arts, music), architecture and design;0.9983386397361755;RDF102;Computer and information sciences;0.9951514601707458;RDF508;Media and communications;0.9950177073478699;RDF201;Civil engineering, maritime engineering, transport engineering, and mining engineering;0.9938787221908569;RDF202;Industrial, systems and processes engineering;0.9927881956100464
959;Role and therapeutic potential of the atypical MAP kinase ERK3 in basal-like breast cancer progression (Molecular & Cellular Biology of Cancer);RDF20-21;Engineering and technology;0.3785172402858734;RDF10;Natural sciences;0.25812631845474243;RDF30;Medical, health and life sciences;0.15293478965759277;RDF604;Arts (arts, history of arts, performing arts, music), architecture and design;0.9990907311439514;RDF508;Media and communications;0.9990302324295044;RDF303;Health sciences;0.9985841512680054;RDF102;Computer and information sciences;0.9984572529792786;RDF302;Clinical medicine;0.9982143044471741
960;Personnalisation en temps réel d'interface en fonction de la charge cognitive des utilisateurs (Civil, Industrial and Systems Engineering);RDF20-21;Engineering and technology;0.4404226839542389;RDF40;Agricultural and veterinary sciences;0.15826919674873352;RDF10;Natural sciences;0.14242686331272125;RDF604;Arts (arts, history of arts, performing arts, music), architecture and design;0.9978924989700317;RDF203;Electrical engineering, computer engineering, and information engineering;0.9961643218994141;RDF508;Media and communications;0.9932811260223389;RDF102;Computer and information sciences;0.9923563599586487;RDF105;Earth and related environmental sciences;0.9859364032745361
961;The I-Care project : Assessing the impact of a multimodal childcare-based intervention to prevent disruptive behaviour problems in children (Psychology);RDF20-21;Engineering and technology;0.38856974244117737;RDF10;Natural sciences;0.20717553794384003;RDF40;Agricultural and veterinary sciences;0.14294682443141937;RDF604;Arts (arts, history of arts, performing arts, music), architecture and design;0.9985813498497009;RDF508;Media and communications;0.9978510737419128;RDF501;Psychology and cognitive sciences;0.9970536231994629;RDF103;Physical sciences;0.9960392117500305;RDF102;Computer and information sciences;0.9959377646446228
962;Inter-individual variability in cognitive aging: Neural mechanisms, reserve processes and malleability of neuroprotective processes (Biological Systems and Functions);RDF50;Social sciences;0.25252121686935425;RDF10;Natural sciences;0.2101668119430542;RDF40;Agricultural and veterinary sciences;0.1496138721704483;RDF604;Arts (arts, history of arts, performing arts, music), architecture and design;0.9990014433860779;RDF102;Computer and information sciences;0.9978966116905212;RDF203;Electrical engineering, computer engineering, and information engineering;0.9972477555274963;RDF201;Civil engineering, maritime engineering, transport engineering, and mining engineering;0.9970421195030212;RDF202;Industrial, systems and processes engineering;0.9969780445098877
963;Maternal immune cells mediated endothelial activation in preeclampsia (Clinical Investigation – Reproduction, Maternal, Child and Youth Health);RDF20-21;Engineering and technology;0.3166067600250244;RDF10;Natural sciences;0.25440070033073425;RDF30;Medical, health and life sciences;0.1958192139863968;RDF302;Clinical medicine;0.9988597631454468;RDF604;Arts (arts, history of arts, performing arts, music), architecture and design;0.9985363483428955;RDF201;Civil engineering, maritime engineering, transport engineering, and mining engineering;0.9978801012039185;RDF102;Computer and information sciences;0.997342586517334;RDF105;Earth and related environmental sciences;0.9967013001441956
964;Projet 'Parité sciences';RDF40;Agricultural and veterinary sciences;0.282511830329895;RDF50;Social sciences;0.2402334213256836;RDF10;Natural sciences;0.19454695284366608;RDF604;Arts (arts, history of arts, performing arts, music), architecture and design;0.9987720251083374;RDF201;Civil engineering, maritime engineering, transport engineering, and mining engineering;0.9985758066177368;RDF508;Media and communications;0.9979572892189026;RDF102;Computer and information sciences;0.9964480996131897;RDF203;Electrical engineering, computer engineering, and information engineering;0.9961531758308411
965;A Pragmatic Randomized Clinical Trial on Immersive Virtual Reality Compared to Non-Immersive Distraction Using a Tablet for Pain and Anxiety Management of Children During Bone Pins and Sutures Removal in Orthopedic Clinics (Clinical Investigation – Reproduction, Maternal, Child and Youth Health);RDF20-21;Engineering and technology;0.5484452843666077;RDF30;Medical, health and life sciences;0.19177182018756866;RDF10;Natural sciences;0.16890782117843628;RDF302;Clinical medicine;0.9984145760536194;RDF102;Computer and information sciences;0.9970305562019348;RDF105;Earth and related environmental sciences;0.9950562715530396;RDF604;Arts (arts, history of arts, performing arts, music), architecture and design;0.9939142465591431;RDF203;Electrical engineering, computer engineering, and information engineering;0.9929198622703552
966;IMAGE-GUIDED INJECTION WITH A HIGH-RESOLUTION ULTRASOUND SYSTEM ADAPTED FOR RODENT USE (Genes, Cells and Molecules);RDF20-21;Engineering and technology;0.5558570623397827;RDF30;Medical, health and life sciences;0.13621863722801208;RDF10;Natural sciences;0.09649919718503952;RDF604;Arts (arts, history of arts, performing arts, music), architecture and design;0.9981030821800232;RDF508;Media and communications;0.9945836067199707;RDF102;Computer and information sciences;0.9931694269180298;RDF202;Industrial, systems and processes engineering;0.9903383255004883;RDF203;Electrical engineering, computer engineering, and information engineering;0.9900828003883362
967;Quantum theory and applications (Physics);RDF40;Agricultural and veterinary sciences;0.2838296890258789;RDF20-21;Engineering and technology;0.21804523468017578;RDF50;Social sciences;0.20443487167358398;RDF508;Media and communications;0.9990710020065308;RDF604;Arts (arts, history of arts, performing arts, music), architecture and design;0.9990130662918091;RDF201;Civil engineering, maritime engineering, transport engineering, and mining engineering;0.9988620281219482;RDF103;Physical sciences;0.9986006021499634;RDF202;Industrial, systems and processes engineering;0.9979210495948792
968;Cardioprotective effect of a cyclic azapeptide ligand of CD36 against ischemia-reperfusion damage and dysfunction in mice (Cardiovascular System – Heart and Circulation);RDF20-21;Engineering and technology;0.47878509759902954;RDF10;Natural sciences;0.18137173354625702;RDF30;Medical, health and life sciences;0.16676144301891327;RDF604;Arts (arts, history of arts, performing arts, music), architecture and design;0.9988097548484802;RDF508;Media and communications;0.9980619549751282;RDF102;Computer and information sciences;0.9977787137031555;RDF103;Physical sciences;0.9975466132164001;RDF201;Civil engineering, maritime engineering, transport engineering, and mining engineering;0.9975321888923645
969;The Mobile health for Kids with Asthma (MoKA) study: predicting exacerbations through multimodal data and machine learning;RDF20-21;Engineering and technology;0.3172834515571594;RDF10;Natural sciences;0.24661844968795776;RDF30;Medical, health and life sciences;0.2101215422153473;RDF102;Computer and information sciences;0.9983547329902649;RDF604;Arts (arts, history of arts, performing arts, music), architecture and design;0.9977958798408508;RDF201;Civil engineering, maritime engineering, transport engineering, and mining engineering;0.996720552444458;RDF203;Electrical engineering, computer engineering, and information engineering;0.9953904151916504;RDF204;Mechanical engineering;0.9952539801597595
970;Towards a multi-trajectory understanding of intimate partner homicide (Psychology, linguistics and translation);RDF20-21;Engineering and technology;0.42291367053985596;RDF30;Medical, health and life sciences;0.18548043072223663;RDF10;Natural sciences;0.13932599127292633;RDF604;Arts (arts, history of arts, performing arts, music), architecture and design;0.9983320832252502;RDF508;Media and communications;0.9977525472640991;RDF201;Civil engineering, maritime engineering, transport engineering, and mining engineering;0.9959927201271057;RDF203;Electrical engineering, computer engineering, and information engineering;0.9943690299987793;RDF204;Mechanical engineering;0.9921993017196655
971;Predicting future primary psychotic disorders in youth with methamphetamine-psychosis disorder (Methamphetamine and related psychostimulant use);RDF20-21;Engineering and technology;0.42021477222442627;RDF30;Medical, health and life sciences;0.17211927473545074;RDF50;Social sciences;0.14837610721588135;RDF604;Arts (arts, history of arts, performing arts, music), architecture and design;0.9987256526947021;RDF102;Computer and information sciences;0.9974933862686157;RDF202;Industrial, systems and processes engineering;0.9957848787307739;RDF201;Civil engineering, maritime engineering, transport engineering, and mining engineering;0.995132565498352;RDF105;Earth and related environmental sciences;0.9942585825920105
972;The MYC/MIZ-1 complex in germinal center B cells and B cell lymphomagenesis;RDF20-21;Engineering and technology;0.4196071922779083;RDF10;Natural sciences;0.23908498883247375;RDF50;Social sciences;0.10547349601984024;RDF604;Arts (arts, history of arts, performing arts, music), architecture and design;0.9975321888923645;RDF103;Physical sciences;0.9966233372688293;RDF102;Computer and information sciences;0.9955316781997681;RDF302;Clinical medicine;0.9945940971374512;RDF202;Industrial, systems and processes engineering;0.9930693507194519
973;Nouvelle méthodologie prenant en compte les hydrogrammes probabilistes de rupture de barrages par temps sec pour déterminer les vraies zones à risque tenant compte du recul des berges et de l'érosion fluviale (Civil, Industrial and Systems Engineering);RDF20-21;Engineering and technology;0.5879068970680237;RDF60;Humanities and the arts;0.11487886309623718;RDF10;Natural sciences;0.10758740454912186;RDF604;Arts (arts, history of arts, performing arts, music), architecture and design;0.9893783330917358;RDF102;Computer and information sciences;0.9669998288154602;RDF302;Clinical medicine;0.9349319338798523;RDF105;Earth and related environmental sciences;0.9339748620986938;RDF601;History, archaeology and related studies;0.891557514667511
974;Interpretable Decision Processes in Data-Driven Supply Chains;RDF40;Agricultural and veterinary sciences;0.5172721743583679;RDF20-21;Engineering and technology;0.15201205015182495;RDF10;Natural sciences;0.1024554967880249;RDF604;Arts (arts, history of arts, performing arts, music), architecture and design;0.9988840222358704;RDF102;Computer and information sciences;0.9969066381454468;RDF203;Electrical engineering, computer engineering, and information engineering;0.9961305856704712;RDF201;Civil engineering, maritime engineering, transport engineering, and mining engineering;0.9959771037101746;RDF103;Physical sciences;0.9959060549736023
975;Central control of energy homeostasis by neuronal adipose triglyceride lipase (Diabetes, Obesity, Lipid & Lipoprotein Disorders);RDF20-21;Engineering and technology;0.41755688190460205;RDF10;Natural sciences;0.1781914085149765;RDF50;Social sciences;0.13293889164924622;RDF604;Arts (arts, history of arts, performing arts, music), architecture and design;0.9984269142150879;RDF201;Civil engineering, maritime engineering, transport engineering, and mining engineering;0.9981684684753418;RDF102;Computer and information sciences;0.997434139251709;RDF202;Industrial, systems and processes engineering;0.9969544410705566;RDF508;Media and communications;0.9953904151916504
976;Les cybryontes et l'anthropocène: Des conditions de possibilité de nouvelles symbioses (Fine Arts, Research-Creation);RDF20-21;Engineering and technology;0.2877715229988098;RDF10;Natural sciences;0.24518437683582306;RDF30;Medical, health and life sciences;0.17556795477867126;RDF604;Arts (arts, history of arts, performing arts, music), architecture and design;0.9992191195487976;RDF102;Computer and information sciences;0.9985477924346924;RDF103;Physical sciences;0.9982038736343384;RDF508;Media and communications;0.9979770183563232;RDF105;Earth and related environmental sciences;0.9966626167297363
977;L'Insécurité au Sahel et ses Effets sur l'Accès des Services de Santé (ISEASS);RDF20-21;Engineering and technology;0.2775009572505951;RDF30;Medical, health and life sciences;0.2472969889640808;RDF10;Natural sciences;0.2018379122018814;RDF604;Arts (arts, history of arts, performing arts, music), architecture and design;0.9986903667449951;RDF508;Media and communications;0.998062014579773;RDF102;Computer and information sciences;0.9969721436500549;RDF201;Civil engineering, maritime engineering, transport engineering, and mining engineering;0.9947288632392883;RDF103;Physical sciences;0.9935868382453918
978;Advanced reagent delivery systems for microfluidics (Materials and Chemical Engineering);RDF20-21;Engineering and technology;0.2467278093099594;RDF40;Agricultural and veterinary sciences;0.22907902300357819;RDF30;Medical, health and life sciences;0.22552748024463654;RDF604;Arts (arts, history of arts, performing arts, music), architecture and design;0.9986276030540466;RDF508;Media and communications;0.9980770349502563;RDF105;Earth and related environmental sciences;0.9958175420761108;RDF302;Clinical medicine;0.9956684708595276;RDF303;Health sciences;0.9954879879951477
979;Generative models for 3D textures (Computer Science);RDF20-21;Engineering and technology;0.27260836958885193;RDF40;Agricultural and veterinary sciences;0.23546253144741058;RDF10;Natural sciences;0.17687071859836578;RDF604;Arts (arts, history of arts, performing arts, music), architecture and design;0.9980353116989136;RDF201;Civil engineering, maritime engineering, transport engineering, and mining engineering;0.9956852793693542;RDF102;Computer and information sciences;0.9943580627441406;RDF103;Physical sciences;0.9921079874038696;RDF203;Electrical engineering, computer engineering, and information engineering;0.9919067025184631
980;The many paths to ecological network inference: reconciling machine learning, empirical data, and ecological knowledge (Evolution and Ecology);RDF20-21;Engineering and technology;0.49457478523254395;RDF10;Natural sciences;0.15321213006973267;RDF50;Social sciences;0.12664572894573212;RDF604;Arts (arts, history of arts, performing arts, music), architecture and design;0.9979291558265686;RDF102;Computer and information sciences;0.988073468208313;RDF105;Earth and related environmental sciences;0.9722043871879578;RDF201;Civil engineering, maritime engineering, transport engineering, and mining engineering;0.9677167534828186;RDF203;Electrical engineering, computer engineering, and information engineering;0.9486562609672546
981;Social environment and functioning of adolescents born pre-term (Social & Developmental Aspects of Children's & Youth's Health);RDF20-21;Engineering and technology;0.2595093548297882;RDF30;Medical, health and life sciences;0.20131815969944;RDF10;Natural sciences;0.17940613627433777;RDF604;Arts (arts, history of arts, performing arts, music), architecture and design;0.9985618591308594;RDF201;Civil engineering, maritime engineering, transport engineering, and mining engineering;0.9980122447013855;RDF508;Media and communications;0.9934738874435425;RDF102;Computer and information sciences;0.9933974742889404;RDF302;Clinical medicine;0.993320107460022
982;Beyond socioeconomic disadvantages: Deepening our understanding of structural inequalities in disparate child protection involvement (Education and social work);RDF10;Natural sciences;0.26273486018180847;RDF40;Agricultural and veterinary sciences;0.242042675614357;RDF20-21;Engineering and technology;0.2378251999616623;RDF604;Arts (arts, history of arts, performing arts, music), architecture and design;0.9986853003501892;RDF203;Electrical engineering, computer engineering, and information engineering;0.9984692335128784;RDF103;Physical sciences;0.9979572296142578;RDF508;Media and communications;0.9972584247589111;RDF102;Computer and information sciences;0.9969603419303894
983;Uncovering tumor specific antigens and vulnerabilities in ETP-acute lymphoblastic leukemia;RDF20-21;Engineering and technology;0.4584498107433319;RDF30;Medical, health and life sciences;0.1395464688539505;RDF10;Natural sciences;0.1349891722202301;RDF508;Media and communications;0.9987599849700928;RDF604;Arts (arts, history of arts, performing arts, music), architecture and design;0.9981030821800232;RDF201;Civil engineering, maritime engineering, transport engineering, and mining engineering;0.9963071346282959;RDF102;Computer and information sciences;0.9950274229049683;RDF202;Industrial, systems and processes engineering;0.9947900176048279
984;Démystifier les mathématiques;RDF40;Agricultural and veterinary sciences;0.34071898460388184;RDF20-21;Engineering and technology;0.23303188383579254;RDF10;Natural sciences;0.18688100576400757;RDF604;Arts (arts, history of arts, performing arts, music), architecture and design;0.9979652166366577;RDF201;Civil engineering, maritime engineering, transport engineering, and mining engineering;0.9948604106903076;RDF102;Computer and information sciences;0.9889064431190491;RDF508;Media and communications;0.9869292378425598;RDF202;Industrial, systems and processes engineering;0.9731897711753845
985;Defining interrelationships between brain region-specific structural plasticity and sleep electrophysiology via the integration of sex and learning (Behavioural Sciences – Neurobiological Basis of Behavioural Processes);RDF20-21;Engineering and technology;0.29488807916641235;RDF10;Natural sciences;0.28525763750076294;RDF50;Social sciences;0.18744227290153503;RDF604;Arts (arts, history of arts, performing arts, music), architecture and design;0.9988396167755127;RDF201;Civil engineering, maritime engineering, transport engineering, and mining engineering;0.9983385801315308;RDF102;Computer and information sciences;0.9979572296142578;RDF203;Electrical engineering, computer engineering, and information engineering;0.9979130029678345;RDF105;Earth and related environmental sciences;0.9975177645683289
986;Becoming an adult in changing times: Struggles and resilience among youth who entered adulthood without a high school diploma (Education and social work);RDF20-21;Engineering and technology;0.23825395107269287;RDF40;Agricultural and veterinary sciences;0.22207710146903992;RDF10;Natural sciences;0.2127368450164795;RDF604;Arts (arts, history of arts, performing arts, music), architecture and design;0.9986436367034912;RDF102;Computer and information sciences;0.9979966282844543;RDF103;Physical sciences;0.9979888200759888;RDF201;Civil engineering, maritime engineering, transport engineering, and mining engineering;0.9978552460670471;RDF202;Industrial, systems and processes engineering;0.9963428974151611
987;The just organization (Business, management and related fields);RDF40;Agricultural and veterinary sciences;0.5871551632881165;RDF50;Social sciences;0.14055539667606354;RDF30;Medical, health and life sciences;0.10734742134809494;RDF604;Arts (arts, history of arts, performing arts, music), architecture and design;0.9991012811660767;RDF201;Civil engineering, maritime engineering, transport engineering, and mining engineering;0.9987156391143799;RDF203;Electrical engineering, computer engineering, and information engineering;0.9966756105422974;RDF202;Industrial, systems and processes engineering;0.9958580136299133;RDF208;Environmental engineering and related engineering;0.9958459138870239
988;Exploring the use of temporal cues for the optimization of speech processing, perception, and comprehension (Mechanical Engineering);RDF20-21;Engineering and technology;0.2912708818912506;RDF10;Natural sciences;0.24913719296455383;RDF30;Medical, health and life sciences;0.1805013120174408;RDF604;Arts (arts, history of arts, performing arts, music), architecture and design;0.9984269142150879;RDF508;Media and communications;0.9965435862541199;RDF103;Physical sciences;0.9961456060409546;RDF302;Clinical medicine;0.9941347241401672;RDF102;Computer and information sciences;0.9914224743843079
989;PICO Search for Dark Matter with Bubble Chambers (Subatomic Physics);RDF20-21;Engineering and technology;0.4384293854236603;RDF40;Agricultural and veterinary sciences;0.16853509843349457;RDF30;Medical, health and life sciences;0.1472863256931305;RDF103;Physical sciences;0.9986852407455444;RDF604;Arts (arts, history of arts, performing arts, music), architecture and design;0.9977787137031555;RDF508;Media and communications;0.9965435862541199;RDF201;Civil engineering, maritime engineering, transport engineering, and mining engineering;0.9923637509346008;RDF102;Computer and information sciences;0.9890448451042175
990;Is quantitative research in political science credible? (Political science and public administration);RDF50;Social sciences;0.2689568102359772;RDF40;Agricultural and veterinary sciences;0.2551410496234894;RDF20-21;Engineering and technology;0.1819852888584137;RDF201;Civil engineering, maritime engineering, transport engineering, and mining engineering;0.9976310729980469;RDF604;Arts (arts, history of arts, performing arts, music), architecture and design;0.996870219707489;RDF508;Media and communications;0.9959298372268677;RDF506;Political science and policy administration;0.9958256483078003;RDF102;Computer and information sciences;0.9956346750259399
991;The hardening of soft information in financial markets;RDF40;Agricultural and veterinary sciences;0.3638548254966736;RDF20-21;Engineering and technology;0.24812743067741394;RDF10;Natural sciences;0.14151687920093536;RDF604;Arts (arts, history of arts, performing arts, music), architecture and design;0.9983288645744324;RDF203;Electrical engineering, computer engineering, and information engineering;0.9976032972335815;RDF201;Civil engineering, maritime engineering, transport engineering, and mining engineering;0.9963143467903137;RDF202;Industrial, systems and processes engineering;0.9949691295623779;RDF102;Computer and information sciences;0.9946619868278503
992;From micro- to macro-reentries in discrete multiscale mathematical models of atrial tissue (Genes, Cells and Molecules);RDF20-21;Engineering and technology;0.3165688216686249;RDF50;Social sciences;0.19733136892318726;RDF30;Medical, health and life sciences;0.17602509260177612;RDF604;Arts (arts, history of arts, performing arts, music), architecture and design;0.9983770251274109;RDF102;Computer and information sciences;0.9924812912940979;RDF302;Clinical medicine;0.9910145401954651;RDF201;Civil engineering, maritime engineering, transport engineering, and mining engineering;0.9882335066795349;RDF202;Industrial, systems and processes engineering;0.9849852323532104
993;Mapping scientific consensus in the age of misinformation;RDF40;Agricultural and veterinary sciences;0.43981829285621643;RDF30;Medical, health and life sciences;0.2207230031490326;RDF20-21;Engineering and technology;0.12405644357204437;RDF604;Arts (arts, history of arts, performing arts, music), architecture and design;0.9983418583869934;RDF201;Civil engineering, maritime engineering, transport engineering, and mining engineering;0.9972637891769409;RDF208;Environmental engineering and related engineering;0.9957436323165894;RDF508;Media and communications;0.9938905835151672;RDF204;Mechanical engineering;0.9934611916542053
994;The role of RGS9 in pancreatic islet function (Biological Systems and Functions);RDF20-21;Engineering and technology;0.36278364062309265;RDF30;Medical, health and life sciences;0.24308617413043976;RDF10;Natural sciences;0.12391401082277298;RDF604;Arts (arts, history of arts, performing arts, music), architecture and design;0.998513400554657;RDF508;Media and communications;0.9963214993476868;RDF202;Industrial, systems and processes engineering;0.9883014559745789;RDF102;Computer and information sciences;0.9868534207344055;RDF303;Health sciences;0.9848983287811279
995;La diversité dans les équipes de travail: le rôle des perceptions des membres (Psychology);RDF40;Agricultural and veterinary sciences;0.2857069671154022;RDF20-21;Engineering and technology;0.2448558807373047;RDF10;Natural sciences;0.21315038204193115;RDF604;Arts (arts, history of arts, performing arts, music), architecture and design;0.9980844259262085;RDF102;Computer and information sciences;0.9977786540985107;RDF508;Media and communications;0.996271014213562;RDF201;Civil engineering, maritime engineering, transport engineering, and mining engineering;0.9951514005661011;RDF203;Electrical engineering, computer engineering, and information engineering;0.9927812218666077
996;Real-time Control of Decoded Brain Activity Using Artificial Neural Networks (Biological Systems and Functions);RDF20-21;Engineering and technology;0.2551710605621338;RDF40;Agricultural and veterinary sciences;0.18741780519485474;RDF50;Social sciences;0.17640694975852966;RDF102;Computer and information sciences;0.9990226030349731;RDF604;Arts (arts, history of arts, performing arts, music), architecture and design;0.9989738464355469;RDF203;Electrical engineering, computer engineering, and information engineering;0.9987404942512512;RDF201;Civil engineering, maritime engineering, transport engineering, and mining engineering;0.9987156391143799;RDF302;Clinical medicine;0.9986461997032166
997;Conférence internationale et publication « Logement : crises partout, justice nulle part ! ». Coconstruire et mutualiser les savoirs;RDF10;Natural sciences;0.3143320381641388;RDF20-21;Engineering and technology;0.30111163854599;RDF40;Agricultural and veterinary sciences;0.12177897989749908;RDF604;Arts (arts, history of arts, performing arts, music), architecture and design;0.998752772808075;RDF102;Computer and information sciences;0.9967332482337952;RDF508;Media and communications;0.9938070178031921;RDF201;Civil engineering, maritime engineering, transport engineering, and mining engineering;0.9911097288131714;RDF203;Electrical engineering, computer engineering, and information engineering;0.9903383851051331
998;Verdir les chantiers de construction par l'adoption des comportements écoresponsables : une étude de cas du secteur non résidentiel;RDF20-21;Engineering and technology;0.6361072659492493;RDF60;Humanities and the arts;0.09957139939069748;RDF10;Natural sciences;0.09137184917926788;RDF604;Arts (arts, history of arts, performing arts, music), architecture and design;0.9980276823043823;RDF102;Computer and information sciences;0.9875803589820862;RDF203;Electrical engineering, computer engineering, and information engineering;0.9709091782569885;RDF103;Physical sciences;0.9565531015396118;RDF105;Earth and related environmental sciences;0.9521087408065796
999;Highly Entangled Quantum Matter;RDF40;Agricultural and veterinary sciences;0.37040331959724426;RDF20-21;Engineering and technology;0.21732400357723236;RDF50;Social sciences;0.1487821340560913;RDF508;Media and communications;0.9990960359573364;RDF604;Arts (arts, history of arts, performing arts, music), architecture and design;0.9990907311439514;RDF201;Civil engineering, maritime engineering, transport engineering, and mining engineering;0.9980956315994263;RDF103;Physical sciences;0.9974291324615479;RDF203;Electrical engineering, computer engineering, and information engineering;0.9962638020515442
1000;Usinage intelligent des composants d'aéronefs de haute précision (UICAP);RDF20-21;Engineering and technology;0.5238128900527954;RDF30;Medical, health and life sciences;0.14070725440979004;RDF40;Agricultural and veterinary sciences;0.09576678276062012;RDF604;Arts (arts, history of arts, performing arts, music), architecture and design;0.9958255887031555;RDF201;Civil engineering, maritime engineering, transport engineering, and mining engineering;0.9925826191902161;RDF102;Computer and information sciences;0.990092396736145;RDF203;Electrical engineering, computer engineering, and information engineering;0.9843664169311523;RDF103;Physical sciences;0.9782603979110718
1001;Socialness in the Digital Economy: Supporting Meaningful Work through Enterprise Social Media;RDF40;Agricultural and veterinary sciences;0.30069711804389954;RDF20-21;Engineering and technology;0.2157396376132965;RDF30;Medical, health and life sciences;0.18060962855815887;RDF508;Media and communications;0.9996626377105713;RDF604;Arts (arts, history of arts, performing arts, music), architecture and design;0.9992281794548035;RDF203;Electrical engineering, computer engineering, and information engineering;0.9990995526313782;RDF102;Computer and information sciences;0.9985841512680054;RDF501;Psychology and cognitive sciences;0.9981968402862549
1002;Proactive prescription-based fluid management vs usual care in critically ill patients on Kidney Replacement Therapy;RDF20-21;Engineering and technology;0.29020723700523376;RDF30;Medical, health and life sciences;0.21991726756095886;RDF10;Natural sciences;0.19867870211601257;RDF604;Arts (arts, history of arts, performing arts, music), architecture and design;0.9983026385307312;RDF508;Media and communications;0.997739315032959;RDF102;Computer and information sciences;0.9972099661827087;RDF201;Civil engineering, maritime engineering, transport engineering, and mining engineering;0.9955748319625854;RDF203;Electrical engineering, computer engineering, and information engineering;0.9955489039421082
1003;Safe and selective anti-parasite therapy targeting ribosome and glycosome function (Pharmaceutical Sciences);RDF20-21;Engineering and technology;0.3473452925682068;RDF30;Medical, health and life sciences;0.27909979224205017;RDF10;Natural sciences;0.21821387112140656;RDF604;Arts (arts, history of arts, performing arts, music), architecture and design;0.997821569442749;RDF201;Civil engineering, maritime engineering, transport engineering, and mining engineering;0.9970593452453613;RDF508;Media and communications;0.9960082173347473;RDF102;Computer and information sciences;0.993636429309845;RDF202;Industrial, systems and processes engineering;0.9910405874252319
1004;Rational Integration of Molecular and surface interactions for lubricating, adhesive and high penetration soft materials (Materials and Chemical Engineering);RDF20-21;Engineering and technology;0.3410109877586365;RDF10;Natural sciences;0.1935446858406067;RDF50;Social sciences;0.1466669887304306;RDF604;Arts (arts, history of arts, performing arts, music), architecture and design;0.9983190894126892;RDF508;Media and communications;0.9972744584083557;RDF302;Clinical medicine;0.9968025088310242;RDF201;Civil engineering, maritime engineering, transport engineering, and mining engineering;0.9959219694137573;RDF105;Earth and related environmental sciences;0.9950945973396301
1005;Comprendre les antécédents et les conséquences d'une gestion algorithmique transparente, juste et habilitante;RDF20-21;Engineering and technology;0.3135576844215393;RDF10;Natural sciences;0.23075178265571594;RDF40;Agricultural and veterinary sciences;0.21299411356449127;RDF604;Arts (arts, history of arts, performing arts, music), architecture and design;0.9987207055091858;RDF102;Computer and information sciences;0.9978426098823547;RDF508;Media and communications;0.9936733245849609;RDF201;Civil engineering, maritime engineering, transport engineering, and mining engineering;0.9932024478912354;RDF103;Physical sciences;0.9920002818107605
1006;Sustainable Healthy Cities: The Interplay between Urban Interventions, Gentrification, and Population Health (Public, Community & Population Health);RDF20-21;Engineering and technology;0.3846103549003601;RDF30;Medical, health and life sciences;0.18965363502502441;RDF50;Social sciences;0.13448455929756165;RDF604;Arts (arts, history of arts, performing arts, music), architecture and design;0.9993637800216675;RDF201;Civil engineering, maritime engineering, transport engineering, and mining engineering;0.9991390705108643;RDF508;Media and communications;0.9990527033805847;RDF203;Electrical engineering, computer engineering, and information engineering;0.9989994764328003;RDF105;Earth and related environmental sciences;0.9981968402862549
1007;Regards croisés sur les conditions de travail, les politiques publiques et la résistance: récits de vie de travailleurs et travailleuses pauvres au Canada, en Inde et au Brésil (Sociology, demography and related fields);RDF50;Social sciences;0.35038819909095764;RDF20-21;Engineering and technology;0.34027183055877686;RDF10;Natural sciences;0.09616570919752121;RDF604;Arts (arts, history of arts, performing arts, music), architecture and design;0.9986006021499634;RDF508;Media and communications;0.9970421195030212;RDF504;Sociology and related studies;0.9953363537788391;RDF102;Computer and information sciences;0.9941460490226746;RDF105;Earth and related environmental sciences;0.9933846592903137
1008;Examining the effectiveness of AI-powered health technology to improve self management of mental health and reduce inequities in mental health care;RDF20-21;Engineering and technology;0.4267408847808838;RDF30;Medical, health and life sciences;0.18318083882331848;RDF10;Natural sciences;0.11896546185016632;RDF604;Arts (arts, history of arts, performing arts, music), architecture and design;0.9989098310470581;RDF102;Computer and information sciences;0.9972262382507324;RDF203;Electrical engineering, computer engineering, and information engineering;0.9965368509292603;RDF508;Media and communications;0.995354413986206;RDF201;Civil engineering, maritime engineering, transport engineering, and mining engineering;0.9943471550941467
1009;Probing the Particle Nature of Dark Matter with Strong Gravitational Lensing (Physics);RDF20-21;Engineering and technology;0.4155937433242798;RDF30;Medical, health and life sciences;0.16338585317134857;RDF40;Agricultural and veterinary sciences;0.15469059348106384;RDF508;Media and communications;0.9993940591812134;RDF604;Arts (arts, history of arts, performing arts, music), architecture and design;0.9989515542984009;RDF201;Civil engineering, maritime engineering, transport engineering, and mining engineering;0.9968087077140808;RDF103;Physical sciences;0.9964825510978699;RDF202;Industrial, systems and processes engineering;0.9964480996131897
1010;Large reductions in arterial CARbon dioxide and development of acute Brain Injury in invasively mechanically ventilated patients with acute respiratory failure (CARBI);RDF20-21;Engineering and technology;0.34714412689208984;RDF30;Medical, health and life sciences;0.23626981675624847;RDF10;Natural sciences;0.20688475668430328;RDF604;Arts (arts, history of arts, performing arts, music), architecture and design;0.9930288791656494;RDF302;Clinical medicine;0.9920926690101624;RDF103;Physical sciences;0.9875922799110413;RDF102;Computer and information sciences;0.9842759966850281;RDF303;Health sciences;0.9813643097877502
1011;Investigating Intercommunications of Glioblastoma with Brain Microenvironment using 3D Organoid (Genes, Cells and Molecules);RDF20-21;Engineering and technology;0.48647767305374146;RDF10;Natural sciences;0.19693902134895325;RDF30;Medical, health and life sciences;0.11068875342607498;RDF508;Media and communications;0.9991047978401184;RDF604;Arts (arts, history of arts, performing arts, music), architecture and design;0.998031497001648;RDF102;Computer and information sciences;0.9973113536834717;RDF202;Industrial, systems and processes engineering;0.9939846992492676;RDF201;Civil engineering, maritime engineering, transport engineering, and mining engineering;0.9928508996963501
1012;Autonomous Deep Learning for AI (Computer Science);RDF40;Agricultural and veterinary sciences;0.32362741231918335;RDF20-21;Engineering and technology;0.1936245560646057;RDF30;Medical, health and life sciences;0.15497514605522156;RDF508;Media and communications;0.998888373374939;RDF201;Civil engineering, maritime engineering, transport engineering, and mining engineering;0.9987576007843018;RDF604;Arts (arts, history of arts, performing arts, music), architecture and design;0.9986698031425476;RDF203;Electrical engineering, computer engineering, and information engineering;0.998420774936676;RDF102;Computer and information sciences;0.9981030821800232
1013;Supply Chain Analytics under Disruptive Uncertainty (Civil, Industrial and Systems Engineering);RDF20-21;Engineering and technology;0.3012218773365021;RDF50;Social sciences;0.1812785118818283;RDF10;Natural sciences;0.166838601231575;RDF604;Arts (arts, history of arts, performing arts, music), architecture and design;0.9974391460418701;RDF203;Electrical engineering, computer engineering, and information engineering;0.9964064359664917;RDF102;Computer and information sciences;0.9926683902740479;RDF202;Industrial, systems and processes engineering;0.9838005900382996;RDF105;Earth and related environmental sciences;0.9826076626777649
1014;Concevoir et développer des outils d'appréciation et de réduction des risques physiques au travail liés aux équipements;RDF20-21;Engineering and technology;0.38967010378837585;RDF40;Agricultural and veterinary sciences;0.20374372601509094;RDF10;Natural sciences;0.14675110578536987;RDF604;Arts (arts, history of arts, performing arts, music), architecture and design;0.9987840056419373;RDF201;Civil engineering, maritime engineering, transport engineering, and mining engineering;0.998740553855896;RDF102;Computer and information sciences;0.9985785484313965;RDF203;Electrical engineering, computer engineering, and information engineering;0.9979810118675232;RDF302;Clinical medicine;0.9969484806060791
1015;Reaction Mechanisms and Methodology for the Design and Synthesis of Bioactive Agents (Chemistry);RDF10;Natural sciences;0.3338398039340973;RDF20-21;Engineering and technology;0.28222155570983887;RDF30;Medical, health and life sciences;0.15616226196289062;RDF604;Arts (arts, history of arts, performing arts, music), architecture and design;0.9986698031425476;RDF302;Clinical medicine;0.9976218342781067;RDF508;Media and communications;0.9974240660667419;RDF303;Health sciences;0.9973989129066467;RDF201;Civil engineering, maritime engineering, transport engineering, and mining engineering;0.9957766532897949
1016;Algebraic methods for lattice models of statistical physics (Mathematics and Statistics);RDF20-21;Engineering and technology;0.4193944036960602;RDF10;Natural sciences;0.3722892701625824;RDF50;Social sciences;0.07973076403141022;RDF604;Arts (arts, history of arts, performing arts, music), architecture and design;0.9942697286605835;RDF102;Computer and information sciences;0.9936487674713135;RDF103;Physical sciences;0.9789755344390869;RDF105;Earth and related environmental sciences;0.9708816409111023;RDF201;Civil engineering, maritime engineering, transport engineering, and mining engineering;0.9376118183135986
1017;Optimisation et développement de technologies de déphosphatation des eaux usées;RDF20-21;Engineering and technology;0.32596254348754883;RDF30;Medical, health and life sciences;0.22934329509735107;RDF40;Agricultural and veterinary sciences;0.1950216442346573;RDF604;Arts (arts, history of arts, performing arts, music), architecture and design;0.9987599849700928;RDF201;Civil engineering, maritime engineering, transport engineering, and mining engineering;0.9987182021141052;RDF508;Media and communications;0.9979730844497681;RDF204;Mechanical engineering;0.9957478046417236;RDF102;Computer and information sciences;0.995566189289093
1018;The Eastern Canada Preparedness Hub - ECaPH;RDF40;Agricultural and veterinary sciences;0.4469739496707916;RDF20-21;Engineering and technology;0.22213415801525116;RDF50;Social sciences;0.10921524465084076;RDF604;Arts (arts, history of arts, performing arts, music), architecture and design;0.9977216720581055;RDF208;Environmental engineering and related engineering;0.995969295501709;RDF508;Media and communications;0.9881879687309265;RDF202;Industrial, systems and processes engineering;0.9870795607566833;RDF204;Mechanical engineering;0.9845011234283447
1019;On chip optical microresonators for light emission, manipulation & sensing (Electrical and Computer Engineering);RDF20-21;Engineering and technology;0.4716036915779114;RDF10;Natural sciences;0.15858571231365204;RDF30;Medical, health and life sciences;0.1349848210811615;RDF203;Electrical engineering, computer engineering, and information engineering;0.9986462593078613;RDF604;Arts (arts, history of arts, performing arts, music), architecture and design;0.9981685280799866;RDF102;Computer and information sciences;0.9958980679512024;RDF201;Civil engineering, maritime engineering, transport engineering, and mining engineering;0.9956600069999695;RDF105;Earth and related environmental sciences;0.9924885630607605
1020;Kushpitau ! (montons en territoire);RDF40;Agricultural and veterinary sciences;0.41270044445991516;RDF30;Medical, health and life sciences;0.15512113273143768;RDF50;Social sciences;0.1460077166557312;RDF201;Civil engineering, maritime engineering, transport engineering, and mining engineering;0.9986801743507385;RDF604;Arts (arts, history of arts, performing arts, music), architecture and design;0.9984632730484009;RDF508;Media and communications;0.9970420598983765;RDF208;Environmental engineering and related engineering;0.9936978816986084;RDF202;Industrial, systems and processes engineering;0.9928923845291138
1021;"Hardware support for reliable networking; from protocols to accelerators (Electrical and Computer Engineering)";RDF20-21;Engineering and technology;0.2760870158672333;RDF40;Agricultural and veterinary sciences;0.24651794135570526;RDF10;Natural sciences;0.1597868949174881;RDF203;Electrical engineering, computer engineering, and information engineering;0.999099612236023;RDF604;Arts (arts, history of arts, performing arts, music), architecture and design;0.9973734617233276;RDF201;Civil engineering, maritime engineering, transport engineering, and mining engineering;0.997087836265564;RDF102;Computer and information sciences;0.9960775375366211;RDF601;History, archaeology and related studies;0.9952999353408813
1022;Documentary Activism by Migrant Filmmakers from Cuba and Venezuela (2013-2023) (Fine arts, research-creation);RDF20-21;Engineering and technology;0.2805269956588745;RDF40;Agricultural and veterinary sciences;0.2084699422121048;RDF30;Medical, health and life sciences;0.1652357131242752;RDF604;Arts (arts, history of arts, performing arts, music), architecture and design;0.9983125329017639;RDF102;Computer and information sciences;0.9965503215789795;RDF508;Media and communications;0.9953993558883667;RDF201;Civil engineering, maritime engineering, transport engineering, and mining engineering;0.9931761026382446;RDF203;Electrical engineering, computer engineering, and information engineering;0.9921079874038696
1023;Investigating the role of notochord defects in the etiopathogenesis of congenital scoliosis;RDF20-21;Engineering and technology;0.3736889064311981;RDF10;Natural sciences;0.15608125925064087;RDF30;Medical, health and life sciences;0.1505422741174698;RDF604;Arts (arts, history of arts, performing arts, music), architecture and design;0.999159038066864;RDF508;Media and communications;0.9989098310470581;RDF202;Industrial, systems and processes engineering;0.9977959394454956;RDF102;Computer and information sciences;0.9962198734283447;RDF201;Civil engineering, maritime engineering, transport engineering, and mining engineering;0.9960391521453857
