;sequence;code_div_1;label_div_1;score_div_1;code_div_2;label_div_2;score_div_2;code_div_3;label_div_3;score_div_3;code_gr_1;label_gr_1;score_gr_1;code_gr_2;label_gr_2;score_gr_2;code_gr_3;label_gr_3;score_gr_3;code_gr_4;label_gr_4;score_gr_4;code_gr_5;label_gr_5;score_gr_5
0;Quelles sont les mathématiques utilisées par les ingénieurs au quotidien? Une étude sur les pratiques des ingénieurs pour déterminer leurs besoins mathématiques (Education and social work);RDF20-21;Engineering and technology;0.845095694065094;RDF50;Social sciences;0.07937754690647125;RDF10;Natural sciences;0.02849707379937172;RDF101;Mathematics and statistics;0.8970658183097839;RDF503;Education;0.6603914499282837;RDF202;Industrial, systems and processes engineering;0.3553553521633148;RDF203;Electrical engineering, computer engineering, and information engineering;0.3144187927246094;RDF212;Other engineering and technologies;0.30306103825569153
1;High-tech paper: Security printing and the aesthetics of trust (Communications, media studies, gender studies, library and information science, related fields);RDF20-21;Engineering and technology;0.6690497398376465;RDF50;Social sciences;0.18044637143611908;RDF60;Humanities and the arts;0.10722461342811584;RDF508;Media and communications;0.91359943151474;RDF509;Other social sciences;0.18683578073978424;RDF212;Other engineering and technologies;0.18646512925624847;RDF605;Other humanities;0.10516457259654999;RDF102;Computer and information sciences;0.06717857718467712
2;Integrin Alpha8 is a novel mediator of T lymphocyte migration across the CNS barriers (Systems & Circuits Neurosciences);RDF10;Natural sciences;0.7347220778465271;RDF30;Medical, health and life sciences;0.21173842251300812;RDF50;Social sciences;0.025055022910237312;RDF106;Biological sciences;0.8919051885604858;RDF301;Basic medicine and life sciences;0.11343219876289368;RDF303;Health sciences;0.09459403157234192;RDF107;Other natural sciences;0.06091929227113724;RDF305;Other medical sciences;0.03799938037991524
3;Growing up trans: A qualitative, international, and longitudinal investigation of trans youth access to gender affirming medical care, gender affirmation and well-being (Social & Developmental Aspects of Children's & Youth's Health);RDF50;Social sciences;0.6123794317245483;RDF30;Medical, health and life sciences;0.360351026058197;RDF10;Natural sciences;0.0140133211389184;RDF303;Health sciences;0.9221324324607849;RDF504;Sociology and related studies;0.7991290092468262;RDF305;Other medical sciences;0.19993211328983307;RDF605;Other humanities;0.12231338769197464;RDF509;Other social sciences;0.1025291457772255
4;Programmable DNA-based switches and nanomachines for sensing and drug delivery applications (Chemistry);RDF10;Natural sciences;0.4570178687572479;RDF20-21;Engineering and technology;0.3861652910709381;RDF30;Medical, health and life sciences;0.10157691687345505;RDF104;Chemical sciences;0.996292769908905;RDF211;Nano-technology;0.9782811403274536;RDF205;Chemical engineering;0.9494354724884033;RDF210;Industrial biotechnology;0.09492910653352737;RDF212;Other engineering and technologies;0.05320621281862259
5;Interactions between attention, perception and reaching movements (Biological Systems and Functions);RDF10;Natural sciences;0.7904363870620728;RDF30;Medical, health and life sciences;0.2020120620727539;RDF50;Social sciences;0.0025404742918908596;RDF106;Biological sciences;0.996234655380249;RDF301;Basic medicine and life sciences;0.9678992629051208;RDF107;Other natural sciences;0.8525676131248474;RDF501;Psychology and cognitive sciences;0.19223590195178986;RDF207;Medical and biomedical engineering;0.15140382945537567
6;Design and Management of Fog Networks (Computer Science);RDF20-21;Engineering and technology;0.9896308183670044;RDF10;Natural sciences;0.005861618556082249;RDF30;Medical, health and life sciences;0.001749694813042879;RDF102;Computer and information sciences;0.9902350306510925;RDF203;Electrical engineering, computer engineering, and information engineering;0.8705422878265381;RDF503;Education;0.36136192083358765;RDF212;Other engineering and technologies;0.16404718160629272;RDF103;Physical sciences;0.04872181639075279
7;Polymer Porous Fibrous Structures with Antiviral Properties (Materials and Chemical Engineering);RDF20-21;Engineering and technology;0.4842405915260315;RDF10;Natural sciences;0.4217439293861389;RDF30;Medical, health and life sciences;0.06624262034893036;RDF104;Chemical sciences;0.9826076626777649;RDF205;Chemical engineering;0.9447912573814392;RDF103;Physical sciences;0.2585131525993347;RDF211;Nano-technology;0.060141824185848236;RDF206;Materials engineering and resources engineering;0.05582313984632492
8;L'art Noir: cartographies for an emerging field (Multidisciplinary or interdisciplinary humanities);RDF60;Humanities and the arts;0.9400693774223328;RDF50;Social sciences;0.027947526425123215;RDF20-21;Engineering and technology;0.01247451826930046;RDF601;History, archaeology and related studies;0.7688199281692505;RDF604;Arts (arts, history of arts, performing arts, music), architecture and design;0.6514103412628174;RDF605;Other humanities;0.5309414863586426;RDF603;Philosophy;0.12090512365102768;RDF504;Sociology and related studies;0.09459403157234192
9;System Identification of Human Postural Control: A Multimodal Sensory Stimulation Approach for Diagnosing Balance Disorders;RDF30;Medical, health and life sciences;0.7178386449813843;RDF10;Natural sciences;0.19684596359729767;RDF20-21;Engineering and technology;0.05287054181098938;RDF207;Medical and biomedical engineering;0.9060729742050171;RDF303;Health sciences;0.8749346137046814;RDF301;Basic medicine and life sciences;0.6405234336853027;RDF304;Medical biotechnology;0.5713181495666504;RDF106;Biological sciences;0.5356298089027405
10;Transitioning patients with advanced chronic kidney disease to home or facility dialysis: understanding the experience and quality of life for patients and their caregivers (TRANSIT-CARE);RDF30;Medical, health and life sciences;0.9493295550346375;RDF50;Social sciences;0.02497963048517704;RDF10;Natural sciences;0.015018333680927753;RDF303;Health sciences;0.9854964017868042;RDF207;Medical and biomedical engineering;0.771413266658783;RDF302;Clinical medicine;0.6603914499282837;RDF305;Other medical sciences;0.16579560935497284;RDF509;Other social sciences;0.10379404574632645
11;Tenrikyo and the Rise and Fall of New Religions in Japan (Philosophy, medieval studies, classics, religious);RDF50;Social sciences;0.5640184283256531;RDF60;Humanities and the arts;0.36203017830848694;RDF10;Natural sciences;0.025024432688951492;RDF603;Philosophy;0.9082117080688477;RDF605;Other humanities;0.3446088433265686;RDF509;Other social sciences;0.20609398186206818;RDF601;History, archaeology and related studies;0.12885363399982452;RDF602;Languages and literature;0.034618839621543884
12;Systems biology of size control in eukaryotes (Genes, Cells and Molecules);RDF10;Natural sciences;0.7488072514533997;RDF30;Medical, health and life sciences;0.24453072249889374;RDF50;Social sciences;0.0021280378568917513;RDF106;Biological sciences;0.9984052777290344;RDF301;Basic medicine and life sciences;0.9323917627334595;RDF107;Other natural sciences;0.2130495309829712;RDF305;Other medical sciences;0.02748069353401661;RDF303;Health sciences;0.00777058070525527
13;Drop-based microfluidics (DBM) for single cell studies and ultrahigh-throughput phenotypic screens and lab evolution (Genes, Cells and Molecules);RDF10;Natural sciences;0.715325117111206;RDF30;Medical, health and life sciences;0.18180327117443085;RDF20-21;Engineering and technology;0.09005959331989288;RDF106;Biological sciences;0.9289262890815735;RDF301;Basic medicine and life sciences;0.42415851354599;RDF212;Other engineering and technologies;0.104021355509758;RDF107;Other natural sciences;0.06723979860544205;RDF207;Medical and biomedical engineering;0.049176424741744995
14;Neural repair in glaucoma: the role of insulin signaling (Cell Biology – Disease);RDF30;Medical, health and life sciences;0.6513845920562744;RDF10;Natural sciences;0.3320455551147461;RDF50;Social sciences;0.006268552970141172;RDF106;Biological sciences;0.9820826649665833;RDF303;Health sciences;0.8229730129241943;RDF305;Other medical sciences;0.08678673952817917;RDF301;Basic medicine and life sciences;0.07178616523742676;RDF107;Other natural sciences;0.056392036378383636
15;Impacts des mesures de protection contre la COVID-19 sur la communication des personnes malentendantes;RDF50;Social sciences;0.5622795820236206;RDF30;Medical, health and life sciences;0.2890836298465729;RDF10;Natural sciences;0.07017165422439575;RDF508;Media and communications;0.890007734298706;RDF504;Sociology and related studies;0.696629524230957;RDF207;Medical and biomedical engineering;0.6004812121391296;RDF303;Health sciences;0.5510604381561279;RDF208;Environmental engineering and related engineering;0.5106757283210754
16;Mixité sociale et scolaire en classe : perception des exigences professionnelles des étudiant·e·s en formation à l'enseignement au Québec et en Suisse (Education and social work);RDF50;Social sciences;0.9576584100723267;RDF30;Medical, health and life sciences;0.017033709213137627;RDF60;Humanities and the arts;0.009592441841959953;RDF503;Education;0.9627432227134705;RDF504;Sociology and related studies;0.8899599313735962;RDF509;Other social sciences;0.21975581347942352;RDF605;Other humanities;0.10678369551897049;RDF305;Other medical sciences;0.018833130598068237
17;Discharges at/near gas-liquid and liquid-liquid interfaces: fundamental investigation and application in liquid processing and nanomaterial synthesis (Physics);RDF10;Natural sciences;0.4771658182144165;RDF20-21;Engineering and technology;0.37234362959861755;RDF30;Medical, health and life sciences;0.05459243431687355;RDF103;Physical sciences;0.9997175931930542;RDF211;Nano-technology;0.05141511932015419;RDF503;Education;0.023087240755558014;RDF206;Materials engineering and resources engineering;0.017576884478330612;RDF104;Chemical sciences;0.016121825203299522
18;Fully-Lagrangian three-dimensional modelling of river ice jam initiation;RDF10;Natural sciences;0.7251959443092346;RDF20-21;Engineering and technology;0.1859915554523468;RDF60;Humanities and the arts;0.04071347415447235;RDF105;Earth and related environmental sciences;0.9551102519035339;RDF208;Environmental engineering and related engineering;0.7819972634315491;RDF103;Physical sciences;0.7586894631385803;RDF206;Materials engineering and resources engineering;0.277570903301239;RDF209;Environmental biotechnology;0.18068422377109528
19;Juger l'homosexualité, attribuer l'asile: le traitement des demandes d'asile OSIG au Canada (Political science and public administration);RDF50;Social sciences;0.7722272872924805;RDF10;Natural sciences;0.06813864409923553;RDF30;Medical, health and life sciences;0.050735339522361755;RDF505;Law and legal practice;0.7586894035339355;RDF506;Political science and policy administration;0.5113658905029297;RDF509;Other social sciences;0.08479540795087814;RDF605;Other humanities;0.04624880850315094;RDF603;Philosophy;0.009178772568702698
20;Intentions or affect: Which is a key driver of physical activity? Using ecological momentary assessment to understand the intention-behaviour gap in schizophrenia spectrum disorders (Multidisciplinary or interdisciplinary social sciences);RDF50;Social sciences;0.9759266972541809;RDF30;Medical, health and life sciences;0.01453204546123743;RDF10;Natural sciences;0.004187967628240585;RDF504;Sociology and related studies;0.9231777787208557;RDF501;Psychology and cognitive sciences;0.8177200555801392;RDF509;Other social sciences;0.33334043622016907;RDF305;Other medical sciences;0.10762491077184677;RDF303;Health sciences;0.07585819065570831
21;Biophysical and genetic control of root growth;RDF10;Natural sciences;0.872953474521637;RDF30;Medical, health and life sciences;0.08589766919612885;RDF40;Agricultural and veterinary sciences;0.03509346768260002;RDF106;Biological sciences;0.9976310729980469;RDF105;Earth and related environmental sciences;0.8752015233039856;RDF301;Basic medicine and life sciences;0.7767923474311829;RDF107;Other natural sciences;0.6948723793029785;RDF404;Agricultural biotechnology and food sciences;0.23792989552021027
22;Open-source numerical strategy for the analysis and redesign of turbomachine blades accounting for nonlinear structural interactions;RDF20-21;Engineering and technology;0.9860364198684692;RDF10;Natural sciences;0.009433613158762455;RDF50;Social sciences;0.0016635063802823424;RDF204;Mechanical engineering;0.9877586960792542;RDF103;Physical sciences;0.9339749217033386;RDF202;Industrial, systems and processes engineering;0.26114246249198914;RDF212;Other engineering and technologies;0.144209086894989;RDF206;Materials engineering and resources engineering;0.12754391133785248
23;Application of Boltzmann Transport Equation solutions to nuclear reactor physics and radiotherapy applications (Physics);RDF10;Natural sciences;0.6608279347419739;RDF20-21;Engineering and technology;0.26183438301086426;RDF30;Medical, health and life sciences;0.029927173629403114;RDF103;Physical sciences;0.9997023344039917;RDF101;Mathematics and statistics;0.01034813653677702;RDF212;Other engineering and technologies;0.008461998775601387;RDF107;Other natural sciences;0.006551525089889765;RDF503;Education;0.001536727068014443
24;La théorie des graphes : analyse structurelle, algorithmique et applications dans les sciences de l'ingénieur;RDF20-21;Engineering and technology;0.9004535675048828;RDF10;Natural sciences;0.032133232802152634;RDF60;Humanities and the arts;0.026329027488827705;RDF102;Computer and information sciences;0.9217106699943542;RDF101;Mathematics and statistics;0.9032089114189148;RDF212;Other engineering and technologies;0.19505687057971954;RDF203;Electrical engineering, computer engineering, and information engineering;0.10725031793117523;RDF503;Education;0.016324438154697418
25;Interdisciplinary Canadian Collaborative ME Research Network;RDF30;Medical, health and life sciences;0.6520951986312866;RDF20-21;Engineering and technology;0.14801007509231567;RDF10;Natural sciences;0.08684086054563522;RDF204;Mechanical engineering;0.890246570110321;RDF207;Medical and biomedical engineering;0.7544630169868469;RDF206;Materials engineering and resources engineering;0.6376796960830688;RDF304;Medical biotechnology;0.4538785219192505;RDF305;Other medical sciences;0.2917369604110718
26;La nouvelle politique de la redistribution (Political science and public administration);RDF50;Social sciences;0.8800739645957947;RDF10;Natural sciences;0.026876073330640793;RDF30;Medical, health and life sciences;0.026356244459748268;RDF506;Political science and policy administration;0.3745618760585785;RDF605;Other humanities;0.025083141401410103;RDF509;Other social sciences;0.023442290723323822;RDF503;Education;0.013742320239543915;RDF603;Philosophy;0.007922627963125706
27;Extracellular vesicles and their miR cargo to enhance ischemia-induced neovascularization in peripheral artery disease (Cardiovascular System – Vascular System);RDF10;Natural sciences;0.5030373930931091;RDF30;Medical, health and life sciences;0.4725598692893982;RDF20-21;Engineering and technology;0.012170132249593735;RDF106;Biological sciences;0.9777563214302063;RDF303;Health sciences;0.946793794631958;RDF304;Medical biotechnology;0.8458787798881531;RDF207;Medical and biomedical engineering;0.6366919875144958;RDF301;Basic medicine and life sciences;0.24171306192874908
28;Low-Dimensional Organic Materials for Energy, Electronic and Environment Applications;RDF20-21;Engineering and technology;0.6042286157608032;RDF10;Natural sciences;0.3535206615924835;RDF30;Medical, health and life sciences;0.015641067177057266;RDF104;Chemical sciences;0.962249755859375;RDF206;Materials engineering and resources engineering;0.9240047931671143;RDF205;Chemical engineering;0.7540104389190674;RDF211;Nano-technology;0.5353944897651672;RDF212;Other engineering and technologies;0.3582969009876251
29;Histone protein supply and demand: life on a knife's edge (Genes, Cells and Molecules);RDF10;Natural sciences;0.6574366092681885;RDF30;Medical, health and life sciences;0.3230797350406647;RDF20-21;Engineering and technology;0.008563662879168987;RDF106;Biological sciences;0.9460011720657349;RDF301;Basic medicine and life sciences;0.41661861538887024;RDF107;Other natural sciences;0.12116484344005585;RDF303;Health sciences;0.10965809226036072;RDF104;Chemical sciences;0.05023735761642456
30;Bayesian deep-learning prediction with sparse graphs (Mathematics and Statistics);RDF20-21;Engineering and technology;0.6782612800598145;RDF10;Natural sciences;0.1269446760416031;RDF50;Social sciences;0.08862166851758957;RDF101;Mathematics and statistics;0.9972262382507324;RDF102;Computer and information sciences;0.5445137619972229;RDF203;Electrical engineering, computer engineering, and information engineering;0.06512755155563354;RDF212;Other engineering and technologies;0.028544150292873383;RDF103;Physical sciences;0.003758094273507595
31;At the Edge of Soft Power: French Saint-Simonians and Nineteenth-Century Visions of Development (History);RDF50;Social sciences;0.4293336570262909;RDF60;Humanities and the arts;0.24319778382778168;RDF30;Medical, health and life sciences;0.11443062871694565;RDF601;History, archaeology and related studies;0.9970707893371582;RDF605;Other humanities;0.06681232154369354;RDF509;Other social sciences;0.04312336817383766;RDF506;Political science and policy administration;0.03381212055683136;RDF503;Education;0.015573562122881413
32;Random walks on random graphs in high dimensions (Mathematics and Statistics);RDF20-21;Engineering and technology;0.3553083539009094;RDF10;Natural sciences;0.3286064863204956;RDF50;Social sciences;0.1793595254421234;RDF101;Mathematics and statistics;0.9962418675422668;RDF103;Physical sciences;0.055157776921987534;RDF102;Computer and information sciences;0.04004979878664017;RDF503;Education;0.01954994909465313;RDF203;Electrical engineering, computer engineering, and information engineering;0.016705093905329704
33;Roles, mechanisms of action and regulation of Hippo signaling in the testis (Biological Systems and Functions);RDF10;Natural sciences;0.7770553827285767;RDF30;Medical, health and life sciences;0.21789804100990295;RDF40;Agricultural and veterinary sciences;0.0018343375995755196;RDF106;Biological sciences;0.9984662532806396;RDF301;Basic medicine and life sciences;0.9779045581817627;RDF107;Other natural sciences;0.7338334918022156;RDF303;Health sciences;0.08756384253501892;RDF305;Other medical sciences;0.08057423681020737
34;The role of the TGFB-SOX9 signaling pathway in brain angiogenesis (Biological Systems and Functions);RDF10;Natural sciences;0.6499506831169128;RDF30;Medical, health and life sciences;0.3465372323989868;RDF50;Social sciences;0.001380712492391467;RDF106;Biological sciences;0.9986168742179871;RDF301;Basic medicine and life sciences;0.969956636428833;RDF107;Other natural sciences;0.5250035524368286;RDF303;Health sciences;0.5102777481079102;RDF305;Other medical sciences;0.10208071023225784
35;A randomized controlled trial comparing Virtual Reality Therapy to Supportive Therapy to reduce cannabis use in patients with psychotic disorders;RDF30;Medical, health and life sciences;0.8374585509300232;RDF50;Social sciences;0.088267482817173;RDF10;Natural sciences;0.04464450106024742;RDF303;Health sciences;0.9808576703071594;RDF501;Psychology and cognitive sciences;0.9056565761566162;RDF302;Clinical medicine;0.8556100130081177;RDF207;Medical and biomedical engineering;0.642768919467926;RDF304;Medical biotechnology;0.2353719025850296
36;Le contrat didactique en sciences humaines au primaire : mieux comprendre les pratiques enseignantes et leurs effets sur l'apprentissage (Education and social work);RDF50;Social sciences;0.9269371628761292;RDF60;Humanities and the arts;0.04477331414818764;RDF30;Medical, health and life sciences;0.014707108959555626;RDF503;Education;0.9929472804069519;RDF504;Sociology and related studies;0.6880493760108948;RDF605;Other humanities;0.07316472381353378;RDF509;Other social sciences;0.060141824185848236;RDF603;Philosophy;0.047691285610198975
37;Impact of insects by-products and phytogenics on the piglet's intestinal health;RDF10;Natural sciences;0.6514568328857422;RDF40;Agricultural and veterinary sciences;0.270244836807251;RDF30;Medical, health and life sciences;0.0699489638209343;RDF106;Biological sciences;0.9613165259361267;RDF402;Animal and dairy sciences;0.9256342649459839;RDF404;Agricultural biotechnology and food sciences;0.8581251502037048;RDF403;Veterinary sciences;0.8388118743896484;RDF105;Earth and related environmental sciences;0.7413932085037231
38;Response of the continental water cycle to greenhouse warming: evaluating, understanding and constraining Earth System Model projections (Geosciences);RDF10;Natural sciences;0.9912988543510437;RDF20-21;Engineering and technology;0.003204772248864174;RDF50;Social sciences;0.001962867798283696;RDF105;Earth and related environmental sciences;0.9994195699691772;RDF107;Other natural sciences;0.07178616523742676;RDF103;Physical sciences;0.05325542017817497;RDF208;Environmental engineering and related engineering;0.019215848296880722;RDF504;Sociology and related studies;0.005752544850111008
39;Why Do Green Products Suffer from Low Consumer Preference? An Explanation Based on Ease of Benefit Visualization and Price Fairness Perceptions;RDF10;Natural sciences;0.3813360333442688;RDF50;Social sciences;0.2743309736251831;RDF20-21;Engineering and technology;0.14716176688671112;RDF208;Environmental engineering and related engineering;0.44111618399620056;RDF105;Earth and related environmental sciences;0.3141557574272156;RDF501;Psychology and cognitive sciences;0.30689045786857605;RDF502;Economics and business administration;0.28032076358795166;RDF104;Chemical sciences;0.21428008377552032
40;Architecture comme tissu spatial et social: perspectives japonaises pour promouvoir les relations multi échelles (Geography, urban planning and related fields);RDF60;Humanities and the arts;0.35217970609664917;RDF20-21;Engineering and technology;0.2576601803302765;RDF50;Social sciences;0.24851639568805695;RDF605;Other humanities;0.1704389601945877;RDF604;Arts (arts, history of arts, performing arts, music), architecture and design;0.06785488873720169;RDF509;Other social sciences;0.04940525069832802;RDF603;Philosophy;0.02241421677172184;RDF507;Social and economic geography;0.011419613845646381
41;Femmes mémorialistes sous l'Ancien Régime (XVIe-XVIIIe siècles);RDF60;Humanities and the arts;0.7416001558303833;RDF50;Social sciences;0.14863750338554382;RDF30;Medical, health and life sciences;0.0909823626279831;RDF601;History, archaeology and related studies;0.9689444303512573;RDF602;Languages and literature;0.9540517926216125;RDF605;Other humanities;0.4860723316669464;RDF604;Arts (arts, history of arts, performing arts, music), architecture and design;0.30798205733299255;RDF305;Other medical sciences;0.2189197689294815
42;Répit Une Heure pour Moi : Ethnographie ciblée d'un programme de soutien familial à domicile pour les familles dont un enfant a des problèmes de santé mentale;RDF50;Social sciences;0.6354488730430603;RDF30;Medical, health and life sciences;0.31518498063087463;RDF60;Humanities and the arts;0.02969132922589779;RDF504;Sociology and related studies;0.8500956296920776;RDF303;Health sciences;0.8000679016113281;RDF305;Other medical sciences;0.6101921796798706;RDF605;Other humanities;0.5178909301757812;RDF507;Social and economic geography;0.3619537055492401
43;The ethical challenges of Artificial Intelligence for start-ups;RDF20-21;Engineering and technology;0.6597895622253418;RDF50;Social sciences;0.2140977680683136;RDF60;Humanities and the arts;0.051552701741456985;RDF102;Computer and information sciences;0.9456508755683899;RDF502;Economics and business administration;0.8250970244407654;RDF603;Philosophy;0.7801604270935059;RDF212;Other engineering and technologies;0.29037681221961975;RDF203;Electrical engineering, computer engineering, and information engineering;0.25748491287231445
44;Integrating impacts from marine plastics in Life Cycle Assessment (Civil, Industrial and Systems Engineering);RDF20-21;Engineering and technology;0.9285777807235718;RDF10;Natural sciences;0.05107338726520538;RDF50;Social sciences;0.007517607416957617;RDF208;Environmental engineering and related engineering;0.8733769059181213;RDF105;Earth and related environmental sciences;0.8643105030059814;RDF202;Industrial, systems and processes engineering;0.32686203718185425;RDF206;Materials engineering and resources engineering;0.08181271702051163;RDF212;Other engineering and technologies;0.07303238660097122
45;A Semantic Parsing Approach to Open-world Knowledge Graph Question Answering;RDF20-21;Engineering and technology;0.8802489638328552;RDF50;Social sciences;0.03237771615386009;RDF10;Natural sciences;0.031015951186418533;RDF102;Computer and information sciences;0.8841893672943115;RDF212;Other engineering and technologies;0.2709140181541443;RDF203;Electrical engineering, computer engineering, and information engineering;0.1629786342382431;RDF602;Languages and literature;0.14996656775474548;RDF601;History, archaeology and related studies;0.07004895806312561
46;Appropriation et déploiement d'une approche pédagogique antiraciste chez des formateurs en sciences de la santé (Indigenous research);RDF30;Medical, health and life sciences;0.5983355641365051;RDF50;Social sciences;0.21933752298355103;RDF10;Natural sciences;0.07851329445838928;RDF503;Education;0.9434518814086914;RDF303;Health sciences;0.873160719871521;RDF504;Sociology and related studies;0.40250954031944275;RDF605;Other humanities;0.17702700197696686;RDF601;History, archaeology and related studies;0.13095079362392426
47;Pathways for the digital economy: Adolescent digital literacies and InstaPoetry;RDF20-21;Engineering and technology;0.846165120601654;RDF50;Social sciences;0.10165390372276306;RDF60;Humanities and the arts;0.030019504949450493;RDF102;Computer and information sciences;0.9561454057693481;RDF503;Education;0.8930298686027527;RDF507;Social and economic geography;0.46333804726600647;RDF212;Other engineering and technologies;0.34092390537261963;RDF504;Sociology and related studies;0.24508501589298248
48;Les discours en matière de pauvreté dans les revues scientifiques francophones du travail social : ce qu'ils nous disent du travail social et de ses rapports à la science et à la théorie (Multidisciplinary or interdisciplinary social sciences);RDF50;Social sciences;0.9848453998565674;RDF30;Medical, health and life sciences;0.00429279450327158;RDF60;Humanities and the arts;0.0036078416742384434;RDF504;Sociology and related studies;0.9867771863937378;RDF509;Other social sciences;0.38520121574401855;RDF507;Social and economic geography;0.1852092146873474;RDF603;Philosophy;0.09260569512844086;RDF602;Languages and literature;0.06596493721008301
49;Bilingualism and attentional processes in the age and language proficiency continuum (Biological Systems and Functions);RDF10;Natural sciences;0.5502153038978577;RDF30;Medical, health and life sciences;0.43271321058273315;RDF50;Social sciences;0.006506551057100296;RDF106;Biological sciences;0.9785082340240479;RDF301;Basic medicine and life sciences;0.8781053423881531;RDF602;Languages and literature;0.4268142879009247;RDF107;Other natural sciences;0.2780607044696808;RDF303;Health sciences;0.05561761185526848
50;Arts de la scène, innovations technologiques et clowns pour le renouvellement de l'opéra;RDF60;Humanities and the arts;0.9753531217575073;RDF20-21;Engineering and technology;0.016635026782751083;RDF50;Social sciences;0.003215413074940443;RDF604;Arts (arts, history of arts, performing arts, music), architecture and design;0.9657706618309021;RDF605;Other humanities;0.8088988661766052;RDF212;Other engineering and technologies;0.04004979878664017;RDF509;Other social sciences;0.009559398517012596;RDF203;Electrical engineering, computer engineering, and information engineering;0.009143315255641937
51;"""Domestic art galleries"" in Cuba, Russia, and China after 1989: a(n) (imagined) trans-socialist network (Fine Arts, Research-Creation)";RDF60;Humanities and the arts;0.9545361399650574;RDF50;Social sciences;0.027855928987264633;RDF10;Natural sciences;0.006655245088040829;RDF604;Arts (arts, history of arts, performing arts, music), architecture and design;0.9043975472450256;RDF605;Other humanities;0.3619537055492401;RDF509;Other social sciences;0.1695433259010315;RDF601;History, archaeology and related studies;0.030908958986401558;RDF504;Sociology and related studies;0.030271869152784348
52;Advancing the understanding of fundamental principles of motor control (Biological Systems and Functions);RDF10;Natural sciences;0.8627445697784424;RDF30;Medical, health and life sciences;0.11433384567499161;RDF20-21;Engineering and technology;0.014443940483033657;RDF106;Biological sciences;0.9514589309692383;RDF301;Basic medicine and life sciences;0.8730525374412537;RDF207;Medical and biomedical engineering;0.34654131531715393;RDF503;Education;0.33862367272377014;RDF107;Other natural sciences;0.1967490315437317
53;Impact Award: Insight;RDF50;Social sciences;0.29316508769989014;RDF30;Medical, health and life sciences;0.18863573670387268;RDF10;Natural sciences;0.16736699640750885;RDF601;History, archaeology and related studies;0.3999873995780945;RDF506;Political science and policy administration;0.39846494793891907;RDF504;Sociology and related studies;0.23353150486946106;RDF502;Economics and business administration;0.23331306874752045;RDF105;Earth and related environmental sciences;0.1916300505399704
54;New Methods for the Stereoselective Synthesis of Organic Compounds (Chemistry);RDF10;Natural sciences;0.9827641844749451;RDF20-21;Engineering and technology;0.007577132433652878;RDF30;Medical, health and life sciences;0.0040716202929615974;RDF104;Chemical sciences;0.9989013075828552;RDF205;Chemical engineering;0.1711997240781784;RDF107;Other natural sciences;0.021409770473837852;RDF503;Education;0.013584391213953495;RDF103;Physical sciences;0.0038996206130832434
55;Capturer le rythme de la vie moderne : le montage rapide comme symptôme et modèle pour les sociétés du début du XXe siècle jusqu'à aujourd'hui (Fine Arts, Research-Creation);RDF60;Humanities and the arts;0.9461374878883362;RDF50;Social sciences;0.02229452133178711;RDF20-21;Engineering and technology;0.017914149910211563;RDF604;Arts (arts, history of arts, performing arts, music), architecture and design;0.9599876999855042;RDF605;Other humanities;0.559380292892456;RDF508;Media and communications;0.31205543875694275;RDF509;Other social sciences;0.09568694978952408;RDF504;Sociology and related studies;0.04738177731633186
56;Environnement, médias, archives : une anatomie contemporaine de la mélancolie et de la nostalgie (Fine Arts, Research-Creation);RDF60;Humanities and the arts;0.9150297045707703;RDF50;Social sciences;0.04055850952863693;RDF10;Natural sciences;0.01959366910159588;RDF508;Media and communications;0.8183016180992126;RDF605;Other humanities;0.7801603674888611;RDF604;Arts (arts, history of arts, performing arts, music), architecture and design;0.3385143280029297;RDF509;Other social sciences;0.2632204592227936;RDF305;Other medical sciences;0.24059613049030304
57;Multimode determination of gene transcription and metabolic labeling (Genes, Cells and Molecules);RDF10;Natural sciences;0.7775000929832458;RDF30;Medical, health and life sciences;0.20783568918704987;RDF20-21;Engineering and technology;0.006088942289352417;RDF106;Biological sciences;0.982724130153656;RDF301;Basic medicine and life sciences;0.7253568768501282;RDF107;Other natural sciences;0.1860211193561554;RDF304;Medical biotechnology;0.054651036858558655;RDF303;Health sciences;0.050517670810222626
58;SLAMF7 in innate immune cells and anti-cancer immunotherapy;RDF30;Medical, health and life sciences;0.555302619934082;RDF10;Natural sciences;0.38258644938468933;RDF20-21;Engineering and technology;0.029315223917365074;RDF106;Biological sciences;0.9706321954727173;RDF303;Health sciences;0.8804377913475037;RDF207;Medical and biomedical engineering;0.7918210625648499;RDF304;Medical biotechnology;0.7765382528305054;RDF301;Basic medicine and life sciences;0.542783796787262
59;À votre service : figures ambivalentes du care dans le Roman français de 1870 à 1945 (Literature);RDF60;Humanities and the arts;0.9831185936927795;RDF30;Medical, health and life sciences;0.010647648945450783;RDF50;Social sciences;0.0025191784370690584;RDF602;Languages and literature;0.998031497001648;RDF605;Other humanities;0.09203285723924637;RDF503;Education;0.02608109824359417;RDF508;Media and communications;0.008364237844944;RDF601;History, archaeology and related studies;0.004564980510622263
60;Using a point-of-care electrophysiological method to study the impact of neuro-sacral function on recovery after acute spinal cord injury;RDF30;Medical, health and life sciences;0.7635457515716553;RDF10;Natural sciences;0.14343097805976868;RDF20-21;Engineering and technology;0.05016496032476425;RDF303;Health sciences;0.9301416873931885;RDF207;Medical and biomedical engineering;0.8667539954185486;RDF106;Biological sciences;0.7381503582000732;RDF203;Electrical engineering, computer engineering, and information engineering;0.4490604102611542;RDF304;Medical biotechnology;0.3505881130695343
61;Local intersectoral networks and institutional transformations: how can local actors promote social innovations? (Education);RDF50;Social sciences;0.9530465006828308;RDF30;Medical, health and life sciences;0.013567952439188957;RDF20-21;Engineering and technology;0.011492503806948662;RDF504;Sociology and related studies;0.9398029446601868;RDF503;Education;0.9300146698951721;RDF507;Social and economic geography;0.7436337471008301;RDF506;Political science and policy administration;0.10429472476243973;RDF509;Other social sciences;0.06400690227746964
62;Plasma biomarkers of Alzheimer's disease in insomnia before and after cognitive behavioral therapy for insomnia;RDF30;Medical, health and life sciences;0.8085365891456604;RDF10;Natural sciences;0.1706409901380539;RDF50;Social sciences;0.013248679228127003;RDF303;Health sciences;0.982938289642334;RDF106;Biological sciences;0.9507778882980347;RDF501;Psychology and cognitive sciences;0.9391365051269531;RDF304;Medical biotechnology;0.8957964777946472;RDF302;Clinical medicine;0.8659058809280396
63;Developing algorithm aided fabrication methods for polyhedral structures (Civil, Industrial and Systems Engineering);RDF20-21;Engineering and technology;0.9966887831687927;RDF10;Natural sciences;0.0015826902817934752;RDF50;Social sciences;0.00060307263629511;RDF202;Industrial, systems and processes engineering;0.4262021780014038;RDF212;Other engineering and technologies;0.09425999969244003;RDF103;Physical sciences;0.06284670531749725;RDF204;Mechanical engineering;0.04008735343813896;RDF211;Nano-technology;0.023848090320825577
64;SARS-CoV-2 Spike conformation: impact on Fc-mediated effector functions (Virology & Viral Pathogenesis);RDF10;Natural sciences;0.8884520530700684;RDF30;Medical, health and life sciences;0.09488487988710403;RDF50;Social sciences;0.006549078971147537;RDF106;Biological sciences;0.7551859021186829;RDF303;Health sciences;0.1338108777999878;RDF107;Other natural sciences;0.07821887731552124;RDF301;Basic medicine and life sciences;0.048721812665462494;RDF305;Other medical sciences;0.025035424157977104
65;Questions in number theory (Mathematics and Statistics);RDF50;Social sciences;0.33224236965179443;RDF20-21;Engineering and technology;0.22701255977153778;RDF30;Medical, health and life sciences;0.13423804938793182;RDF101;Mathematics and statistics;0.9990034103393555;RDF503;Education;0.8497843146324158;RDF201;Civil engineering, maritime engineering, transport engineering, and mining engineering;0.000682501879055053;RDF203;Electrical engineering, computer engineering, and information engineering;0.0005759092746302485;RDF509;Other social sciences;0.0005254230927675962
66;The mammalian target of rapamycin provides the female rodent heart sex-dependent resistance to ischemic damage (Gender, Sex & Health);RDF10;Natural sciences;0.6434707045555115;RDF30;Medical, health and life sciences;0.3404123783111572;RDF40;Agricultural and veterinary sciences;0.006969098001718521;RDF106;Biological sciences;0.9945940971374512;RDF303;Health sciences;0.9232470393180847;RDF301;Basic medicine and life sciences;0.7590468525886536;RDF304;Medical biotechnology;0.4407851994037628;RDF207;Medical and biomedical engineering;0.40709763765335083
67;The CAnadian Mother-ChIld COLlaborative Training Platform - The CAMCCO-L Training Platform (Health Research Training Platform);RDF30;Medical, health and life sciences;0.46549585461616516;RDF20-21;Engineering and technology;0.4347381591796875;RDF10;Natural sciences;0.05141748487949371;RDF303;Health sciences;0.8892406225204468;RDF207;Medical and biomedical engineering;0.6995623707771301;RDF304;Medical biotechnology;0.2417578250169754;RDF212;Other engineering and technologies;0.2223622053861618;RDF503;Education;0.1563623696565628
68;Life course body fatness and physical activity, and ovarian cancer etiology (Gender, Sex & Health);RDF30;Medical, health and life sciences;0.8181098699569702;RDF10;Natural sciences;0.15311899781227112;RDF50;Social sciences;0.02373516373336315;RDF106;Biological sciences;0.9840169548988342;RDF303;Health sciences;0.9825742244720459;RDF301;Basic medicine and life sciences;0.954562783241272;RDF207;Medical and biomedical engineering;0.4551002085208893;RDF302;Clinical medicine;0.21003621816635132
69;Modeling cue-triggered relapse to cocaine use in rats (Behavioural Sciences – Neurobiological Basis of Behavioural Processes);RDF10;Natural sciences;0.6937544345855713;RDF30;Medical, health and life sciences;0.24104632437229156;RDF50;Social sciences;0.039580971002578735;RDF501;Psychology and cognitive sciences;0.9022656679153442;RDF106;Biological sciences;0.43633681535720825;RDF301;Basic medicine and life sciences;0.059866420924663544;RDF303;Health sciences;0.05845324322581291;RDF305;Other medical sciences;0.040426936000585556
70;Exploring emotional underpinnings of audit work amidst the rise of the digital age;RDF50;Social sciences;0.47031423449516296;RDF20-21;Engineering and technology;0.39181265234947205;RDF60;Humanities and the arts;0.07829096913337708;RDF501;Psychology and cognitive sciences;0.8414351344108582;RDF502;Economics and business administration;0.7089687585830688;RDF504;Sociology and related studies;0.6378771066665649;RDF102;Computer and information sciences;0.6350527405738831;RDF603;Philosophy;0.389430433511734
71;Moving towards culturally safe services for Indigenous people in forensic mental health: A Partnership Development Programme;RDF30;Medical, health and life sciences;0.5796207189559937;RDF50;Social sciences;0.27279260754585266;RDF60;Humanities and the arts;0.06862005591392517;RDF303;Health sciences;0.7581527233123779;RDF505;Law and legal practice;0.6568233966827393;RDF605;Other humanities;0.2885690927505493;RDF509;Other social sciences;0.13352815806865692;RDF504;Sociology and related studies;0.12673112750053406
72;Development of functional language brain networks: a multimodal neuroimaging approach (Physics);RDF10;Natural sciences;0.9146448373794556;RDF20-21;Engineering and technology;0.034948915243148804;RDF30;Medical, health and life sciences;0.02638082206249237;RDF103;Physical sciences;0.9566342234611511;RDF501;Psychology and cognitive sciences;0.2816525101661682;RDF107;Other natural sciences;0.17300857603549957;RDF602;Languages and literature;0.050752393901348114;RDF212;Other engineering and technologies;0.03126191347837448
73;Une deuxième peau à vif: vêtement, genre et violence dans la Bible hébraïque (Philosophy, medieval studies, classics, religious);RDF60;Humanities and the arts;0.9274448752403259;RDF50;Social sciences;0.04241374135017395;RDF30;Medical, health and life sciences;0.014515350572764874;RDF602;Languages and literature;0.8161134719848633;RDF603;Philosophy;0.7863768339157104;RDF605;Other humanities;0.4098997712135315;RDF503;Education;0.0426025427877903;RDF509;Other social sciences;0.03213106468319893
74;Social Innovation through Participatory Art and Design with Youth at the Margins - Solutions for Engaging and Empowering Youth with Trans-Atlantic Mirroring (Social Innovation);RDF50;Social sciences;0.9482534527778625;RDF60;Humanities and the arts;0.03138778358697891;RDF30;Medical, health and life sciences;0.008665150962769985;RDF504;Sociology and related studies;0.9549004435539246;RDF507;Social and economic geography;0.20165593922138214;RDF509;Other social sciences;0.19314737617969513;RDF605;Other humanities;0.033431362360715866;RDF604;Arts (arts, history of arts, performing arts, music), architecture and design;0.010797567665576935
75;Assessment of renal function in adults born preterm: The HAPI-Kidney study (Clinical Investigation – Reproduction, Maternal, Child and Youth Health);RDF30;Medical, health and life sciences;0.9736465811729431;RDF10;Natural sciences;0.017335008829832077;RDF50;Social sciences;0.0037379914429038763;RDF303;Health sciences;0.9898499846458435;RDF302;Clinical medicine;0.8963420987129211;RDF301;Basic medicine and life sciences;0.1458437740802765;RDF106;Biological sciences;0.12485182285308838;RDF305;Other medical sciences;0.0762011930346489
76;Unveiling the Role of Cellular Aging in Postmenopausal Syndrome: Rationale for Senolytic-Based Strategies to Enhance Women's Health;RDF30;Medical, health and life sciences;0.6382495164871216;RDF10;Natural sciences;0.3443097770214081;RDF50;Social sciences;0.006980386096984148;RDF106;Biological sciences;0.991700291633606;RDF303;Health sciences;0.9873262643814087;RDF207;Medical and biomedical engineering;0.7823300957679749;RDF304;Medical biotechnology;0.4146321713924408;RDF301;Basic medicine and life sciences;0.22927625477313995
77;Optimizing the Ageing Brain? Situating Ethical Aspects of Dementia Prevention (BEAD);RDF30;Medical, health and life sciences;0.8863775730133057;RDF10;Natural sciences;0.048420168459415436;RDF50;Social sciences;0.04018095135688782;RDF303;Health sciences;0.9813821911811829;RDF106;Biological sciences;0.9030380249023438;RDF603;Philosophy;0.871638834476471;RDF207;Medical and biomedical engineering;0.8571115136146545;RDF501;Psychology and cognitive sciences;0.8192434906959534
78;Multicommunicating during team meetings and its effect on team functioning;RDF50;Social sciences;0.6917654871940613;RDF20-21;Engineering and technology;0.1905083805322647;RDF30;Medical, health and life sciences;0.052541863173246384;RDF508;Media and communications;0.9764456748962402;RDF501;Psychology and cognitive sciences;0.6226314306259155;RDF102;Computer and information sciences;0.5353983044624329;RDF504;Sociology and related studies;0.3925405740737915;RDF202;Industrial, systems and processes engineering;0.22177177667617798
79;Transitioning from late adolescence into emerging adulthood: The role of past and current parenting (Psychology);RDF50;Social sciences;0.9747311472892761;RDF30;Medical, health and life sciences;0.012079824693500996;RDF10;Natural sciences;0.009537282399833202;RDF501;Psychology and cognitive sciences;0.9621075391769409;RDF509;Other social sciences;0.04629190266132355;RDF305;Other medical sciences;0.0443485826253891;RDF107;Other natural sciences;0.04177388548851013;RDF504;Sociology and related studies;0.036838702857494354
80;Plateforme intégrée de caractérisation expérimentale/numérique pour la conception de matériaux poreux innovants (Mechanical Engineering);RDF20-21;Engineering and technology;0.9873164296150208;RDF10;Natural sciences;0.005734801292419434;RDF30;Medical, health and life sciences;0.0021555316634476185;RDF204;Mechanical engineering;0.9962125420570374;RDF206;Materials engineering and resources engineering;0.34997692704200745;RDF212;Other engineering and technologies;0.2950268089771271;RDF103;Physical sciences;0.2606716454029083;RDF503;Education;0.13951356709003448
81;How Peers in Healthcare Teams Transform Homelessness Prevention and Care Practices: A Participatory Multiple Case Study;RDF30;Medical, health and life sciences;0.61036616563797;RDF50;Social sciences;0.3723813593387604;RDF10;Natural sciences;0.006629955489188433;RDF303;Health sciences;0.9922143816947937;RDF207;Medical and biomedical engineering;0.635816216468811;RDF302;Clinical medicine;0.45512673258781433;RDF504;Sociology and related studies;0.2962469160556793;RDF305;Other medical sciences;0.09351231157779694
82;Online stochastic optimization for dynamic operations management systems (Civil, Industrial and Systems Engineering);RDF20-21;Engineering and technology;0.9953116774559021;RDF10;Natural sciences;0.0020938266534358263;RDF50;Social sciences;0.001082028029486537;RDF101;Mathematics and statistics;0.7493165731430054;RDF102;Computer and information sciences;0.5592448711395264;RDF202;Industrial, systems and processes engineering;0.4903271794319153;RDF212;Other engineering and technologies;0.10804770141839981;RDF103;Physical sciences;0.06406543403863907
83;Assessing latent-structure models in natural language processing with artificial datasets (Computer Science);RDF20-21;Engineering and technology;0.9571201205253601;RDF10;Natural sciences;0.01621284708380699;RDF30;Medical, health and life sciences;0.00989137589931488;RDF102;Computer and information sciences;0.9902727007865906;RDF203;Electrical engineering, computer engineering, and information engineering;0.7429349422454834;RDF212;Other engineering and technologies;0.08115489780902863;RDF101;Mathematics and statistics;0.01908743381500244;RDF602;Languages and literature;0.011288074776530266
84;Electroactive Self-Assembled Monolayers: Putting Surface-Confined Redox Reactions to Work (Chemistry);RDF10;Natural sciences;0.9814857244491577;RDF20-21;Engineering and technology;0.007435418665409088;RDF30;Medical, health and life sciences;0.005712078884243965;RDF104;Chemical sciences;0.9980807900428772;RDF211;Nano-technology;0.07276838272809982;RDF103;Physical sciences;0.04119144007563591;RDF107;Other natural sciences;0.031618766486644745;RDF205;Chemical engineering;0.019568676128983498
85;Role of SCPPPQ1, a junctional epithelium protein, in maintaining periodontal integrity and health (Clinical Investigation – Arthritis, Bone, Skin and Cartilage);RDF30;Medical, health and life sciences;0.9598162770271301;RDF10;Natural sciences;0.026133716106414795;RDF40;Agricultural and veterinary sciences;0.0070200697518885136;RDF303;Health sciences;0.9822025299072266;RDF302;Clinical medicine;0.9553191661834717;RDF207;Medical and biomedical engineering;0.8590145111083984;RDF106;Biological sciences;0.7266681790351868;RDF304;Medical biotechnology;0.5465415120124817
86;What dreams may come: How cinema shapes the language, experience, and images of dreaming (Multidisciplinary or interdisciplinary social sciences);RDF50;Social sciences;0.7609027028083801;RDF60;Humanities and the arts;0.2159891575574875;RDF30;Medical, health and life sciences;0.008281281217932701;RDF508;Media and communications;0.867429256439209;RDF504;Sociology and related studies;0.8673731684684753;RDF509;Other social sciences;0.541757345199585;RDF603;Philosophy;0.14706452190876007;RDF605;Other humanities;0.14092634618282318
87;Supramolecular strategies to target cellular membranes (Chemistry);RDF10;Natural sciences;0.9404786229133606;RDF30;Medical, health and life sciences;0.03043900616466999;RDF20-21;Engineering and technology;0.017141563817858696;RDF104;Chemical sciences;0.996509850025177;RDF205;Chemical engineering;0.5618309378623962;RDF107;Other natural sciences;0.0478690080344677;RDF304;Medical biotechnology;0.03164868429303169;RDF211;Nano-technology;0.02326410450041294
88;Geopolitics, bargaining, and firm selection along the Belt and Road;RDF50;Social sciences;0.6880000829696655;RDF20-21;Engineering and technology;0.10438090562820435;RDF10;Natural sciences;0.06805474311113358;RDF506;Political science and policy administration;0.9762426614761353;RDF504;Sociology and related studies;0.32241931557655334;RDF509;Other social sciences;0.09276993572711945;RDF601;History, archaeology and related studies;0.036734890192747116;RDF105;Earth and related environmental sciences;0.01681775413453579
89;Role of neuron-glia interactions in sensori-motor integration in mastication (Movement & Exercise);RDF10;Natural sciences;0.5935929417610168;RDF30;Medical, health and life sciences;0.3327316641807556;RDF50;Social sciences;0.0297414418309927;RDF106;Biological sciences;0.9659638404846191;RDF301;Basic medicine and life sciences;0.854520857334137;RDF207;Medical and biomedical engineering;0.32863715291023254;RDF303;Health sciences;0.2013416886329651;RDF107;Other natural sciences;0.16165083646774292
90;Dual-Energy Cone-Beam CT as an online quantitative imaging modality for adaptive radiotherapy (Physics);RDF20-21;Engineering and technology;0.5487807989120483;RDF10;Natural sciences;0.2838708460330963;RDF30;Medical, health and life sciences;0.12197215855121613;RDF103;Physical sciences;0.999339759349823;RDF212;Other engineering and technologies;0.04240383207798004;RDF303;Health sciences;0.01214717049151659;RDF305;Other medical sciences;0.009708477184176445;RDF107;Other natural sciences;0.007680746726691723
91;"Le ""patient expert"": enjeux épistémiques et normatifs (Philosophy, medieval studies, classics, religious)";RDF50;Social sciences;0.5028986930847168;RDF60;Humanities and the arts;0.21905745565891266;RDF30;Medical, health and life sciences;0.17430704832077026;RDF603;Philosophy;0.9326375722885132;RDF605;Other humanities;0.6401298642158508;RDF305;Other medical sciences;0.29203975200653076;RDF509;Other social sciences;0.2831367552280426;RDF503;Education;0.10636527836322784
92;Les données numériques en santé: peut-on bâtir la confiance;RDF30;Medical, health and life sciences;0.6239192485809326;RDF20-21;Engineering and technology;0.1931396722793579;RDF50;Social sciences;0.122871994972229;RDF303;Health sciences;0.9356411099433899;RDF102;Computer and information sciences;0.913058340549469;RDF101;Mathematics and statistics;0.8971559405326843;RDF207;Medical and biomedical engineering;0.8759993314743042;RDF203;Electrical engineering, computer engineering, and information engineering;0.5708995461463928
93;Role of ARF1 as a key GTPAse regulating immune surveillance in breast cancer;RDF30;Medical, health and life sciences;0.6119465231895447;RDF10;Natural sciences;0.35434046387672424;RDF40;Agricultural and veterinary sciences;0.014377554878592491;RDF106;Biological sciences;0.9742149710655212;RDF303;Health sciences;0.9573177695274353;RDF207;Medical and biomedical engineering;0.8114519715309143;RDF302;Clinical medicine;0.4103427231311798;RDF304;Medical biotechnology;0.3953676223754883
94;Critical Replacement of Thermogravimetric Analyzer to Leverage Materials Discovery and Innovation (Chemistry);RDF20-21;Engineering and technology;0.6191972494125366;RDF10;Natural sciences;0.33792805671691895;RDF30;Medical, health and life sciences;0.01882639341056347;RDF104;Chemical sciences;0.9950467348098755;RDF205;Chemical engineering;0.9754135012626648;RDF206;Materials engineering and resources engineering;0.6794977784156799;RDF103;Physical sciences;0.10837753862142563;RDF212;Other engineering and technologies;0.05155819281935692
95;Partnering with Canadian Youth to Co-Design a Toolkit to Support Youth who Experience Climate-Related Distress;RDF50;Social sciences;0.5479576587677002;RDF10;Natural sciences;0.15444539487361908;RDF30;Medical, health and life sciences;0.12158125638961792;RDF105;Earth and related environmental sciences;0.8822250962257385;RDF208;Environmental engineering and related engineering;0.796609103679657;RDF504;Sociology and related studies;0.41054949164390564;RDF506;Political science and policy administration;0.3085547387599945;RDF209;Environmental biotechnology;0.22567249834537506
96;Family Acculturation: Identity, Legitimacy, and the Marketplace;RDF50;Social sciences;0.7620469927787781;RDF60;Humanities and the arts;0.20894329249858856;RDF30;Medical, health and life sciences;0.01718464121222496;RDF504;Sociology and related studies;0.9493415951728821;RDF601;History, archaeology and related studies;0.8827314972877502;RDF603;Philosophy;0.607692301273346;RDF605;Other humanities;0.31378763914108276;RDF509;Other social sciences;0.21766993403434753
97;Low-Resource Text Understanding (Computer Science);RDF20-21;Engineering and technology;0.9842249155044556;RDF10;Natural sciences;0.004174371715635061;RDF60;Humanities and the arts;0.004133804701268673;RDF102;Computer and information sciences;0.9855660200119019;RDF503;Education;0.8287309408187866;RDF203;Electrical engineering, computer engineering, and information engineering;0.8236123323440552;RDF212;Other engineering and technologies;0.059101544320583344;RDF602;Languages and literature;0.03445602208375931
98;Privilège des minoritaires et inégalités épistémiques: une perspective féministe et décoloniale sur la reconnaissance des savoirs expérientiels dans la lutte contre la pauvreté au Québec et en Belgique francophone (Sociology, demography and related fields);RDF50;Social sciences;0.9783498048782349;RDF10;Natural sciences;0.006881495472043753;RDF60;Humanities and the arts;0.00600214721634984;RDF504;Sociology and related studies;0.9834704399108887;RDF509;Other social sciences;0.3707093596458435;RDF507;Social and economic geography;0.31153157353401184;RDF605;Other humanities;0.10279903560876846;RDF603;Philosophy;0.03753800690174103
99;L'esthétique moyenne ou la coupe régulière (Sociology, demography and related fields);RDF50;Social sciences;0.7411819100379944;RDF60;Humanities and the arts;0.23430760204792023;RDF10;Natural sciences;0.011554942466318607;RDF504;Sociology and related studies;0.9836755394935608;RDF605;Other humanities;0.5747379660606384;RDF603;Philosophy;0.5689846873283386;RDF509;Other social sciences;0.4814995527267456;RDF507;Social and economic geography;0.10118906199932098
100;Deepening understanding on infant and child mortality disparities in low- and middle-income countries: untangling the direct and indirect effects of gender inequality (Multidisciplinary or interdisciplinary social sciences);RDF50;Social sciences;0.9708454608917236;RDF30;Medical, health and life sciences;0.021116238087415695;RDF10;Natural sciences;0.004223513416945934;RDF504;Sociology and related studies;0.9824231863021851;RDF509;Other social sciences;0.39487162232398987;RDF303;Health sciences;0.31742629408836365;RDF101;Mathematics and statistics;0.07737810909748077;RDF305;Other medical sciences;0.05005130544304848
101;Isolating the role of the raphe-ventral hippocampus serotonergic pathway in anxiety (Behavioural Sciences – Neurobiological Basis of Behavioural Processes);RDF10;Natural sciences;0.4533175528049469;RDF30;Medical, health and life sciences;0.4528750777244568;RDF50;Social sciences;0.054154280573129654;RDF501;Psychology and cognitive sciences;0.8740772604942322;RDF106;Biological sciences;0.6269239187240601;RDF303;Health sciences;0.1424703449010849;RDF305;Other medical sciences;0.06560483574867249;RDF207;Medical and biomedical engineering;0.05883060395717621
102;Facing pain is effortful: a multidisciplinary approach to investigate the effects of pain on perception of effort and performance (Biological Systems and Functions);RDF10;Natural sciences;0.605340838432312;RDF30;Medical, health and life sciences;0.3806668221950531;RDF50;Social sciences;0.004216455388814211;RDF106;Biological sciences;0.9948202967643738;RDF301;Basic medicine and life sciences;0.9373829960823059;RDF303;Health sciences;0.913213312625885;RDF207;Medical and biomedical engineering;0.5404387712478638;RDF305;Other medical sciences;0.24113181233406067
103;Enjeux émergents liés à la présence de manganèse dans les eaux potables (Civil, Industrial and Systems Engineering);RDF20-21;Engineering and technology;0.799153745174408;RDF10;Natural sciences;0.171567901968956;RDF50;Social sciences;0.0126302195712924;RDF105;Earth and related environmental sciences;0.9689444303512573;RDF208;Environmental engineering and related engineering;0.9390248656272888;RDF202;Industrial, systems and processes engineering;0.2538610100746155;RDF104;Chemical sciences;0.15863001346588135;RDF209;Environmental biotechnology;0.1534857153892517
104;Élaboration d'un procédé de stockage de CO2 par minéralisation visant à réduire les émissions des Gaz à Effet de Serre du secteur agricole;RDF20-21;Engineering and technology;0.47481298446655273;RDF10;Natural sciences;0.275707870721817;RDF40;Agricultural and veterinary sciences;0.21838261187076569;RDF105;Earth and related environmental sciences;0.8922343254089355;RDF208;Environmental engineering and related engineering;0.8515211939811707;RDF401;Agriculture, forestry, and fisheries;0.8203255534172058;RDF206;Materials engineering and resources engineering;0.7416272163391113;RDF104;Chemical sciences;0.6996136903762817
105;Factor models for forecasting and macroeconomic applications (Economics);RDF50;Social sciences;0.9670273065567017;RDF10;Natural sciences;0.012244613841176033;RDF20-21;Engineering and technology;0.011280265636742115;RDF502;Economics and business administration;0.9533619284629822;RDF101;Mathematics and statistics;0.8777914047241211;RDF509;Other social sciences;0.04711800813674927;RDF102;Computer and information sciences;0.003363492665812373;RDF212;Other engineering and technologies;0.003324436955153942
106;Une histoire écrite avec des si. Les devenirs romanesques des idéaux libertaires (1898-1940) (Literature);RDF60;Humanities and the arts;0.9873953461647034;RDF30;Medical, health and life sciences;0.004341903142631054;RDF50;Social sciences;0.003090920625254512;RDF602;Languages and literature;0.9956176280975342;RDF605;Other humanities;0.08811154216527939;RDF601;History, archaeology and related studies;0.02595735713839531;RDF503;Education;0.014503578655421734;RDF603;Philosophy;0.008429286070168018
107;Jean-Marc Vallée : de Montréal à Hollywood;RDF60;Humanities and the arts;0.9087561964988708;RDF30;Medical, health and life sciences;0.03506466746330261;RDF50;Social sciences;0.01608516089618206;RDF604;Arts (arts, history of arts, performing arts, music), architecture and design;0.8700461387634277;RDF605;Other humanities;0.07152631878852844;RDF508;Media and communications;0.03832197189331055;RDF201;Civil engineering, maritime engineering, transport engineering, and mining engineering;0.026657739654183388;RDF601;History, archaeology and related studies;0.02433018945157528
108;Prebiotics to modify the gut microbiome and enhance immune checkpoint blockers (Cancer Progression & Therapeutics);RDF30;Medical, health and life sciences;0.6683691143989563;RDF10;Natural sciences;0.30630064010620117;RDF40;Agricultural and veterinary sciences;0.015324454754590988;RDF303;Health sciences;0.9466953277587891;RDF106;Biological sciences;0.9298236966133118;RDF304;Medical biotechnology;0.7874412536621094;RDF207;Medical and biomedical engineering;0.6270952224731445;RDF107;Other natural sciences;0.20063596963882446
109;Words Matter, Numbers Matter, Ways Matter: Establishing a Data and Resource Platform to Guide Equitable Healthcare for Women Living with Female Genital Mutilation/Cutting in Canada (Public, Community & Population Health);RDF30;Medical, health and life sciences;0.7941020727157593;RDF50;Social sciences;0.15362457931041718;RDF20-21;Engineering and technology;0.019996782764792442;RDF303;Health sciences;0.9801293015480042;RDF207;Medical and biomedical engineering;0.29558563232421875;RDF504;Sociology and related studies;0.18425323069095612;RDF602;Languages and literature;0.16735470294952393;RDF305;Other medical sciences;0.1511530578136444
110;"Dynamiques de cohabitation à l'ère de la ""super-diversité"" (Anthropology and archaeology)";RDF10;Natural sciences;0.5530667901039124;RDF50;Social sciences;0.2918729782104492;RDF60;Humanities and the arts;0.08552251011133194;RDF601;History, archaeology and related studies;0.9741411805152893;RDF105;Earth and related environmental sciences;0.8630456924438477;RDF504;Sociology and related studies;0.766730546951294;RDF605;Other humanities;0.3832372725009918;RDF603;Philosophy;0.12732674181461334
111;Dependence Modelling for Arbitrary Distributions (Mathematics and Statistics);RDF20-21;Engineering and technology;0.41563916206359863;RDF10;Natural sciences;0.28013908863067627;RDF50;Social sciences;0.16055645048618317;RDF101;Mathematics and statistics;0.9975513815879822;RDF103;Physical sciences;0.09146322309970856;RDF203;Electrical engineering, computer engineering, and information engineering;0.052424561232328415;RDF212;Other engineering and technologies;0.042642392218112946;RDF102;Computer and information sciences;0.029986504465341568
112;CONTACT BY SEA: : Basques et Autochtones dans le golfe Saint-Laurent, XVIe-XVIIIe siècle (Anthropology and archaeology);RDF10;Natural sciences;0.40807583928108215;RDF60;Humanities and the arts;0.2652808129787445;RDF50;Social sciences;0.1826811134815216;RDF601;History, archaeology and related studies;0.9865975975990295;RDF105;Earth and related environmental sciences;0.5131462216377258;RDF605;Other humanities;0.21304951608181;RDF508;Media and communications;0.019946936517953873;RDF509;Other social sciences;0.017763344570994377
113;The impact of genetic variation on genome biology and function (Genes, Cells and Molecules);RDF10;Natural sciences;0.6838201880455017;RDF30;Medical, health and life sciences;0.30403661727905273;RDF50;Social sciences;0.0045272596180438995;RDF106;Biological sciences;0.9657383561134338;RDF301;Basic medicine and life sciences;0.7952608466148376;RDF107;Other natural sciences;0.07504072785377502;RDF303;Health sciences;0.03210070729255676;RDF305;Other medical sciences;0.01219413336366415
114;Orphan Nuclear Receptor Regulation of Fertility (Clinical Investigation – Reproduction, Maternal, Child and Youth Health);RDF30;Medical, health and life sciences;0.9532968401908875;RDF10;Natural sciences;0.03649703413248062;RDF50;Social sciences;0.004066957160830498;RDF303;Health sciences;0.9809673428535461;RDF106;Biological sciences;0.9752725958824158;RDF302;Clinical medicine;0.9430336356163025;RDF207;Medical and biomedical engineering;0.6837891340255737;RDF304;Medical biotechnology;0.276885986328125
115;Identifying the roles of atypical MAP kinases ERK3 and ERK4 in cardiac remodelling (Cardiovascular System – Heart and Circulation);RDF30;Medical, health and life sciences;0.6176913976669312;RDF10;Natural sciences;0.35350003838539124;RDF50;Social sciences;0.013820933178067207;RDF106;Biological sciences;0.9791556596755981;RDF303;Health sciences;0.9115740656852722;RDF207;Medical and biomedical engineering;0.7064436078071594;RDF304;Medical biotechnology;0.2842281758785248;RDF305;Other medical sciences;0.23414386808872223
116;Valorisation des données industrielles (Civil, Industrial and Systems Engineering);RDF20-21;Engineering and technology;0.9909530878067017;RDF10;Natural sciences;0.003553055226802826;RDF50;Social sciences;0.0033182865008711815;RDF202;Industrial, systems and processes engineering;0.8462603092193604;RDF101;Mathematics and statistics;0.6806133389472961;RDF102;Computer and information sciences;0.6747474074363708;RDF212;Other engineering and technologies;0.12273334711790085;RDF203;Electrical engineering, computer engineering, and information engineering;0.054399315267801285
117;Multiphysics and multiscale modeling for the intensification of chemical engineering processes (Materials and Chemical Engineering);RDF20-21;Engineering and technology;0.7198413014411926;RDF10;Natural sciences;0.2585541009902954;RDF30;Medical, health and life sciences;0.007660383358597755;RDF103;Physical sciences;0.9658029079437256;RDF205;Chemical engineering;0.9373255968093872;RDF104;Chemical sciences;0.7071519494056702;RDF107;Other natural sciences;0.16572807729244232;RDF212;Other engineering and technologies;0.08306849747896194
118;Targeting BMP signaling in the tumor endothelium to improve cancer immunotherapy (Cancer Progression & Therapeutics);RDF30;Medical, health and life sciences;0.861914336681366;RDF10;Natural sciences;0.10114729404449463;RDF20-21;Engineering and technology;0.01662510260939598;RDF106;Biological sciences;0.9658351540565491;RDF303;Health sciences;0.9439189434051514;RDF207;Medical and biomedical engineering;0.8116014003753662;RDF304;Medical biotechnology;0.18286289274692535;RDF302;Clinical medicine;0.09986454993486404
119;The Impact of Job Transformations on Frontline Employees' Burnout and Performance: Examining the Roles of Manager Support and Empathy;RDF50;Social sciences;0.8179783821105957;RDF20-21;Engineering and technology;0.07519743591547012;RDF30;Medical, health and life sciences;0.0639440044760704;RDF502;Economics and business administration;0.800614058971405;RDF504;Sociology and related studies;0.40662631392478943;RDF202;Industrial, systems and processes engineering;0.3551037013530731;RDF509;Other social sciences;0.23440663516521454;RDF501;Psychology and cognitive sciences;0.15393033623695374
120;Structural design and rehabilitation of bridge superstructure and foundation elements utilizing fibre reinforced concrete and ultra-high performance fibre reinforced concrete with conventional reinforcement;RDF20-21;Engineering and technology;0.9943430423736572;RDF10;Natural sciences;0.0026650086510926485;RDF50;Social sciences;0.0009633188019506633;RDF201;Civil engineering, maritime engineering, transport engineering, and mining engineering;0.990044355392456;RDF105;Earth and related environmental sciences;0.06435883790254593;RDF103;Physical sciences;0.0398624949157238;RDF212;Other engineering and technologies;0.03296124190092087;RDF605;Other humanities;0.02145073004066944
121;Des dispositifs de développement professionnels transformateurs pour les enseignants du postsecondaire (Education and social work);RDF50;Social sciences;0.755391538143158;RDF20-21;Engineering and technology;0.10094147175550461;RDF30;Medical, health and life sciences;0.06027491018176079;RDF503;Education;0.9658029079437256;RDF509;Other social sciences;0.12231339514255524;RDF504;Sociology and related studies;0.0723084807395935;RDF605;Other humanities;0.05414868891239166;RDF212;Other engineering and technologies;0.014672036282718182
122;High-fidelity simulations of turbulent combustion relevant to gas turbines and compression ignition engines (Mechanical Engineering);RDF20-21;Engineering and technology;0.9874340891838074;RDF10;Natural sciences;0.007970712147653103;RDF30;Medical, health and life sciences;0.0016789298970252275;RDF204;Mechanical engineering;0.9941232204437256;RDF103;Physical sciences;0.7282654047012329;RDF206;Materials engineering and resources engineering;0.17342814803123474;RDF212;Other engineering and technologies;0.06255973130464554;RDF202;Industrial, systems and processes engineering;0.03941638767719269
123;Responsible Conduct in Research: From Norms to Practice;RDF50;Social sciences;0.3164486587047577;RDF10;Natural sciences;0.21669673919677734;RDF30;Medical, health and life sciences;0.20748144388198853;RDF504;Sociology and related studies;0.16498680412769318;RDF506;Political science and policy administration;0.13951356709003448;RDF509;Other social sciences;0.13392411172389984;RDF503;Education;0.11313790827989578;RDF203;Electrical engineering, computer engineering, and information engineering;0.10261903703212738
124;Integrity of the cellular transformation barriers in reprogrammed cell (Genes, Cells and Molecules);RDF10;Natural sciences;0.8016397953033447;RDF30;Medical, health and life sciences;0.1695575714111328;RDF20-21;Engineering and technology;0.01836216263473034;RDF106;Biological sciences;0.9854685068130493;RDF301;Basic medicine and life sciences;0.5451494455337524;RDF107;Other natural sciences;0.18937113881111145;RDF104;Chemical sciences;0.03213106468319893;RDF304;Medical biotechnology;0.03179866820573807
125;Deuterostome extracellular matrix structures (ossicles and tubes): Evolution, composition, function and development (Evolution and Ecology);RDF10;Natural sciences;0.8164954781532288;RDF30;Medical, health and life sciences;0.1452503651380539;RDF50;Social sciences;0.015234705992043018;RDF106;Biological sciences;0.9547741413116455;RDF301;Basic medicine and life sciences;0.33725807070732117;RDF107;Other natural sciences;0.1885479986667633;RDF305;Other medical sciences;0.06325051933526993;RDF105;Earth and related environmental sciences;0.04854108765721321
126;Finding Order in Chaos: Vibrational Spectroscopy Study of Oriented Soft Materials (Chemistry);RDF10;Natural sciences;0.9254641532897949;RDF20-21;Engineering and technology;0.021427398547530174;RDF30;Medical, health and life sciences;0.019244946539402008;RDF104;Chemical sciences;0.9886023998260498;RDF503;Education;0.2005576640367508;RDF103;Physical sciences;0.15533456206321716;RDF205;Chemical engineering;0.08122775703668594;RDF107;Other natural sciences;0.07409726828336716
127;COVID-19 seroepidemiology in children Using Retrieved POPCORN site Leftover Samples (CURNLS);RDF30;Medical, health and life sciences;0.8093612194061279;RDF10;Natural sciences;0.16714349389076233;RDF50;Social sciences;0.013790496625006199;RDF303;Health sciences;0.9851861000061035;RDF207;Medical and biomedical engineering;0.6843168139457703;RDF302;Clinical medicine;0.40341994166374207;RDF304;Medical biotechnology;0.2004011571407318;RDF301;Basic medicine and life sciences;0.16762705147266388
128;COVIH study: COVID-19 burden in HIV infected individuals;RDF30;Medical, health and life sciences;0.7581621408462524;RDF10;Natural sciences;0.20180237293243408;RDF50;Social sciences;0.028716154396533966;RDF303;Health sciences;0.9848546981811523;RDF106;Biological sciences;0.5120235085487366;RDF207;Medical and biomedical engineering;0.45875784754753113;RDF301;Basic medicine and life sciences;0.17469169199466705;RDF302;Clinical medicine;0.13528917729854584
129;Unravelling the physiological function of a highly conserved HNRNPA1 splice variant (Genes, Cells and Molecules);RDF10;Natural sciences;0.7692134380340576;RDF30;Medical, health and life sciences;0.2116820216178894;RDF50;Social sciences;0.006513546220958233;RDF106;Biological sciences;0.9703525304794312;RDF301;Basic medicine and life sciences;0.16033175587654114;RDF107;Other natural sciences;0.14529718458652496;RDF303;Health sciences;0.11196739226579666;RDF305;Other medical sciences;0.0360160693526268
130;Valorisation des données de production manufacturière pour une prise de décision personnalisée et décentralisée;RDF20-21;Engineering and technology;0.935737669467926;RDF50;Social sciences;0.020572440698742867;RDF10;Natural sciences;0.016922427341341972;RDF202;Industrial, systems and processes engineering;0.9582651853561401;RDF502;Economics and business administration;0.9473323822021484;RDF101;Mathematics and statistics;0.7490872144699097;RDF204;Mechanical engineering;0.7277336716651917;RDF102;Computer and information sciences;0.3030094504356384
131;Uncovering causal complexities and trade-offs in the acceptance of mobile apps used to protect communities: the case of emergency response and contact tracing technologies;RDF20-21;Engineering and technology;0.7714597582817078;RDF30;Medical, health and life sciences;0.10258650034666061;RDF50;Social sciences;0.08706403523683548;RDF102;Computer and information sciences;0.7685595154762268;RDF303;Health sciences;0.5557818412780762;RDF212;Other engineering and technologies;0.5257388353347778;RDF203;Electrical engineering, computer engineering, and information engineering;0.42274293303489685;RDF207;Medical and biomedical engineering;0.2878679037094116
132;Acquisition of an ultracentrifuge to support research in the field of veterinary infectious diseases (Biological Systems and Functions);RDF10;Natural sciences;0.6491871476173401;RDF40;Agricultural and veterinary sciences;0.20597851276397705;RDF30;Medical, health and life sciences;0.11767862737178802;RDF106;Biological sciences;0.9787126183509827;RDF403;Veterinary sciences;0.9724670052528381;RDF402;Animal and dairy sciences;0.8391416668891907;RDF301;Basic medicine and life sciences;0.7824962735176086;RDF107;Other natural sciences;0.1359187662601471
133;Penser et agir pour la paix au Québec (Multidisciplinary or interdisciplinary humanities);RDF60;Humanities and the arts;0.9469021558761597;RDF50;Social sciences;0.03329940512776375;RDF30;Medical, health and life sciences;0.00860225036740303;RDF603;Philosophy;0.9477691650390625;RDF503;Education;0.8006920218467712;RDF601;History, archaeology and related studies;0.735166609287262;RDF506;Political science and policy administration;0.632729709148407;RDF605;Other humanities;0.5044783353805542
134;Towards a visualization-assisted international history of videogame culture (Fine Arts, Research-Creation);RDF60;Humanities and the arts;0.9033701419830322;RDF50;Social sciences;0.040159184485673904;RDF20-21;Engineering and technology;0.03903781622648239;RDF508;Media and communications;0.6703925132751465;RDF601;History, archaeology and related studies;0.5194261074066162;RDF605;Other humanities;0.2656899094581604;RDF604;Arts (arts, history of arts, performing arts, music), architecture and design;0.16885694861412048;RDF504;Sociology and related studies;0.12142506241798401
135;Modélisation et optimisation biomécanique d'orthèses et d'instrumentation de modulation de croissance pour le traitement de la scoliose pédiatrique;RDF40;Agricultural and veterinary sciences;0.38238829374313354;RDF30;Medical, health and life sciences;0.3560771942138672;RDF10;Natural sciences;0.14785636961460114;RDF207;Medical and biomedical engineering;0.9828726649284363;RDF304;Medical biotechnology;0.9003547430038452;RDF403;Veterinary sciences;0.8549452424049377;RDF303;Health sciences;0.7344052791595459;RDF402;Animal and dairy sciences;0.33709442615509033
136;Randomized controlled trial to evaluate the effect of a postural re-education intervention compared to standard care on scoliosis progression in adolescent (Clinical Investigation – Arthritis, Bone, Skin and Cartilage);RDF30;Medical, health and life sciences;0.9641919136047363;RDF10;Natural sciences;0.01883550174534321;RDF50;Social sciences;0.007836484350264072;RDF303;Health sciences;0.9748451113700867;RDF302;Clinical medicine;0.8980534672737122;RDF207;Medical and biomedical engineering;0.49285557866096497;RDF305;Other medical sciences;0.17638768255710602;RDF103;Physical sciences;0.06153674051165581
137;Sommeil après une commotion cérébrale : impact sur le bien-être et le fonctionnement familial (Multidisciplinary or interdisciplinary social sciences);RDF50;Social sciences;0.9306402802467346;RDF30;Medical, health and life sciences;0.05879354104399681;RDF60;Humanities and the arts;0.004551971331238747;RDF504;Sociology and related studies;0.9385759830474854;RDF509;Other social sciences;0.5723045468330383;RDF305;Other medical sciences;0.1149633526802063;RDF303;Health sciences;0.11090372502803802;RDF605;Other humanities;0.05399883911013603
138;Few-Mode Optical Coherence Tomography (FM-OCT);RDF20-21;Engineering and technology;0.7608763575553894;RDF30;Medical, health and life sciences;0.10948089510202408;RDF10;Natural sciences;0.1081789955496788;RDF103;Physical sciences;0.7514657974243164;RDF304;Medical biotechnology;0.5345042943954468;RDF207;Medical and biomedical engineering;0.36032018065452576;RDF212;Other engineering and technologies;0.24594427645206451;RDF203;Electrical engineering, computer engineering, and information engineering;0.23594358563423157
139;(IN)VISIBILISATION : Le design au prisme de l'itinérance;RDF60;Humanities and the arts;0.6405394077301025;RDF20-21;Engineering and technology;0.17189450562000275;RDF50;Social sciences;0.08601298183202744;RDF604;Arts (arts, history of arts, performing arts, music), architecture and design;0.9301416873931885;RDF212;Other engineering and technologies;0.32691577076911926;RDF603;Philosophy;0.24131055176258087;RDF605;Other humanities;0.23257149755954742;RDF504;Sociology and related studies;0.15974102914333344
140;Targeting SMOC2-induced epithelial-to-mesenchymal transition inhibits senescence in mouse models of kidney fibrosis (Hematology, Digestive Disease & Kidney);RDF10;Natural sciences;0.5054808855056763;RDF30;Medical, health and life sciences;0.4734662175178528;RDF20-21;Engineering and technology;0.007637936156243086;RDF106;Biological sciences;0.9885803461074829;RDF303;Health sciences;0.9346342086791992;RDF207;Medical and biomedical engineering;0.7272012233734131;RDF304;Medical biotechnology;0.7001777291297913;RDF305;Other medical sciences;0.19636349380016327
141;Modèle explicatif des liens drogues-crimes des jeunes femmes adultes: une nouvelle perspective (Law and criminology);RDF50;Social sciences;0.9147454500198364;RDF10;Natural sciences;0.03196501359343529;RDF30;Medical, health and life sciences;0.026345107704401016;RDF505;Law and legal practice;0.5159248113632202;RDF504;Sociology and related studies;0.23581157624721527;RDF506;Political science and policy administration;0.08819004148244858;RDF509;Other social sciences;0.08042966574430466;RDF101;Mathematics and statistics;0.06097518280148506
142;Mégadonnées et techniques avancées démystifiées;RDF20-21;Engineering and technology;0.9213171005249023;RDF30;Medical, health and life sciences;0.03721902146935463;RDF60;Humanities and the arts;0.014293268322944641;RDF204;Mechanical engineering;0.7819140553474426;RDF212;Other engineering and technologies;0.7798252701759338;RDF206;Materials engineering and resources engineering;0.6905590891838074;RDF101;Mathematics and statistics;0.5939037203788757;RDF207;Medical and biomedical engineering;0.5234965085983276
143;Developing neurocomputational tools for the prediction and modulation of consciousness (Electrical and Computer Engineering);RDF20-21;Engineering and technology;0.9902723431587219;RDF10;Natural sciences;0.004867353476583958;RDF30;Medical, health and life sciences;0.001953190891072154;RDF102;Computer and information sciences;0.9368073344230652;RDF203;Electrical engineering, computer engineering, and information engineering;0.5266851186752319;RDF212;Other engineering and technologies;0.12490518391132355;RDF103;Physical sciences;0.029035642743110657;RDF501;Psychology and cognitive sciences;0.02004261314868927
144;Description et analyse des interactions orales entre adulte (enseignante/parent) et enfant en lien avec les habiletés narratives lors de la lecture d'albums plurilingues dans une perspective de collaboration école-famille en milieu pluriethnique (Education and social work);RDF50;Social sciences;0.8354865908622742;RDF60;Humanities and the arts;0.09997972846031189;RDF30;Medical, health and life sciences;0.033195964992046356;RDF503;Education;0.9734434485435486;RDF602;Languages and literature;0.8532414436340332;RDF504;Sociology and related studies;0.7640123963356018;RDF605;Other humanities;0.2375759333372116;RDF509;Other social sciences;0.16118815541267395
145;Contribuer au développement d'écoles plus justes et inclusives du personnel scolaire de groupes racisés : quels cadres de référence éthique pour les directions d'établissement d'enseignement? (Education and social work);RDF50;Social sciences;0.8976233005523682;RDF30;Medical, health and life sciences;0.035223495215177536;RDF60;Humanities and the arts;0.026796624064445496;RDF503;Education;0.9925393462181091;RDF504;Sociology and related studies;0.23952718079090118;RDF509;Other social sciences;0.1629120409488678;RDF605;Other humanities;0.09973295032978058;RDF506;Political science and policy administration;0.044224582612514496
146;Manipulating methionine metabolism to shape immune responses and modify disease progression in both sexes in MS (Systems & Circuits Neurosciences);RDF30;Medical, health and life sciences;0.6859193444252014;RDF10;Natural sciences;0.26857709884643555;RDF20-21;Engineering and technology;0.018603285774588585;RDF207;Medical and biomedical engineering;0.7980294227600098;RDF106;Biological sciences;0.7238466143608093;RDF303;Health sciences;0.7210071682929993;RDF304;Medical biotechnology;0.3900401294231415;RDF305;Other medical sciences;0.09687653928995132
147;Lymphatic vessel function in atherosclerosis (Clinical Investigation – Cardiovascular Systems);RDF30;Medical, health and life sciences;0.9620943069458008;RDF10;Natural sciences;0.026478659361600876;RDF50;Social sciences;0.004301467910408974;RDF303;Health sciences;0.9822536706924438;RDF302;Clinical medicine;0.9687380790710449;RDF207;Medical and biomedical engineering;0.9118884801864624;RDF106;Biological sciences;0.7663810849189758;RDF304;Medical biotechnology;0.1397482007741928
148;Théorie de l'improvisation comme pratique de vulnérabilité en recherche-création (Literature);RDF60;Humanities and the arts;0.9383467435836792;RDF50;Social sciences;0.032234128564596176;RDF10;Natural sciences;0.010485348291695118;RDF603;Philosophy;0.901401162147522;RDF602;Languages and literature;0.8866169452667236;RDF605;Other humanities;0.3496992886066437;RDF503;Education;0.222362220287323;RDF509;Other social sciences;0.03817827254533768
149;Potentialiser le leadership normatif de l'Organisation mondiale de la santé: une étude internationale (Law and criminology);RDF50;Social sciences;0.5925159454345703;RDF30;Medical, health and life sciences;0.20546910166740417;RDF10;Natural sciences;0.07319075614213943;RDF506;Political science and policy administration;0.914824903011322;RDF505;Law and legal practice;0.3213534951210022;RDF504;Sociology and related studies;0.23713399469852448;RDF503;Education;0.2100362330675125;RDF509;Other social sciences;0.08772001415491104
150;PARCS en Santé: Contrôler les agents pathogènes transmis par les tiques tout en protégeant la biodiversité des parcs nature péri-urbains;RDF30;Medical, health and life sciences;0.5840010643005371;RDF40;Agricultural and veterinary sciences;0.27586257457733154;RDF10;Natural sciences;0.11828186362981796;RDF208;Environmental engineering and related engineering;0.9596865773200989;RDF303;Health sciences;0.9482025504112244;RDF105;Earth and related environmental sciences;0.9224125146865845;RDF403;Veterinary sciences;0.9222726225852966;RDF106;Biological sciences;0.883537769317627
151;Appréhender la colère sociale : une enquête comparative auprès des jeunes NEET au Québec et en Ontario (Sociology, demography and related fields);RDF50;Social sciences;0.990037739276886;RDF30;Medical, health and life sciences;0.0036268627736717463;RDF10;Natural sciences;0.0032195046078413725;RDF504;Sociology and related studies;0.986151397228241;RDF507;Social and economic geography;0.3635338842868805;RDF509;Other social sciences;0.3622920513153076;RDF101;Mathematics and statistics;0.08811154961585999;RDF605;Other humanities;0.026430634781718254
152;La professionnalisation des enseignants d'éducation physique et à la santé à l'école primaire et secondaire : l'enjeu stratégique du savoir professionnel au Québec et en Ontario (Education and social work);RDF50;Social sciences;0.6676642894744873;RDF30;Medical, health and life sciences;0.22844049334526062;RDF10;Natural sciences;0.05032894387841225;RDF503;Education;0.9858139753341675;RDF504;Sociology and related studies;0.5817784070968628;RDF509;Other social sciences;0.1509026288986206;RDF305;Other medical sciences;0.05242456495761871;RDF605;Other humanities;0.035377390682697296
153;Two-phase flow numerical model development based on experimental characterization (Mechanical Engineering);RDF20-21;Engineering and technology;0.9888084530830383;RDF10;Natural sciences;0.00681387959048152;RDF30;Medical, health and life sciences;0.0019238205859437585;RDF204;Mechanical engineering;0.9993067383766174;RDF103;Physical sciences;0.8707622289657593;RDF206;Materials engineering and resources engineering;0.8107786774635315;RDF212;Other engineering and technologies;0.03231378272175789;RDF104;Chemical sciences;0.01621503010392189
154;Idea vitality and group idea elaboration;RDF50;Social sciences;0.575692892074585;RDF60;Humanities and the arts;0.22379939258098602;RDF30;Medical, health and life sciences;0.06808852404356003;RDF603;Philosophy;0.944943904876709;RDF501;Psychology and cognitive sciences;0.34229665994644165;RDF504;Sociology and related studies;0.17307844758033752;RDF604;Arts (arts, history of arts, performing arts, music), architecture and design;0.16458357870578766;RDF106;Biological sciences;0.12106089293956757
155;La réorganisation des services institutionnels et communautaires auprès des personnes en situation d'itinérance et les besoins des personnes en situation d'itinérance pour faire face à la pandémie de COVID-19;RDF50;Social sciences;0.674927830696106;RDF30;Medical, health and life sciences;0.23797990381717682;RDF20-21;Engineering and technology;0.030958125367760658;RDF506;Political science and policy administration;0.8610131144523621;RDF507;Social and economic geography;0.5206030011177063;RDF509;Other social sciences;0.3044033944606781;RDF605;Other humanities;0.23651623725891113;RDF504;Sociology and related studies;0.05981148034334183
156;Contribution of 17beta-estradiol in pregnancy-related cardiac arrhythmias (Cardiovascular System – Cells and Tissues);RDF30;Medical, health and life sciences;0.7330346703529358;RDF10;Natural sciences;0.2544457018375397;RDF50;Social sciences;0.005382379051297903;RDF303;Health sciences;0.9702962040901184;RDF106;Biological sciences;0.9259697794914246;RDF207;Medical and biomedical engineering;0.7829115390777588;RDF302;Clinical medicine;0.4264708459377289;RDF304;Medical biotechnology;0.11486402899026871
157;Le vivant à l'aune de l'Anthropocène. Étude des enjeux matériels, sociaux, culturels, éthiques et épistémologiques des représentations du vivant et des imaginaires sociotechniques des biotechnologies (Mutidisciplinary or interdisciplinary social sciences);RDF50;Social sciences;0.8299206495285034;RDF60;Humanities and the arts;0.10637176036834717;RDF10;Natural sciences;0.024077817797660828;RDF504;Sociology and related studies;0.9699281454086304;RDF603;Philosophy;0.9144436717033386;RDF509;Other social sciences;0.753648042678833;RDF605;Other humanities;0.5273697376251221;RDF601;History, archaeology and related studies;0.19582466781139374
158;Connectivité intelligente des véhicules urbains dans un réseau hétérogène d'ondes millimétriques (Electrical and Computer Engineering);RDF20-21;Engineering and technology;0.9934498071670532;RDF10;Natural sciences;0.003359292633831501;RDF50;Social sciences;0.001419638516381383;RDF102;Computer and information sciences;0.8617710471153259;RDF203;Electrical engineering, computer engineering, and information engineering;0.493976891040802;RDF212;Other engineering and technologies;0.31305211782455444;RDF103;Physical sciences;0.07730841636657715;RDF201;Civil engineering, maritime engineering, transport engineering, and mining engineering;0.04103744402527809
159;How spokespersons stand for, act for, and speak for a collective: Understanding the communicative inner workings of political representation and its organizing effects (Communications, media studies, gender studies, library and information science, related fields);RDF50;Social sciences;0.8137104511260986;RDF60;Humanities and the arts;0.07672874629497528;RDF20-21;Engineering and technology;0.03996214643120766;RDF508;Media and communications;0.8975157737731934;RDF506;Political science and policy administration;0.2349328100681305;RDF509;Other social sciences;0.1342642903327942;RDF503;Education;0.08555635064840317;RDF605;Other humanities;0.07999736070632935
160;Coconstruire un modèle théorique de l'objection de conscience : approfondir sa compréhension afin de mieux l'intégrer à la formation et la pratique infirmière;RDF30;Medical, health and life sciences;0.49814584851264954;RDF50;Social sciences;0.39004573225975037;RDF60;Humanities and the arts;0.05586313083767891;RDF603;Philosophy;0.953144371509552;RDF303;Health sciences;0.6831024885177612;RDF207;Medical and biomedical engineering;0.413906455039978;RDF305;Other medical sciences;0.19790911674499512;RDF503;Education;0.19567091763019562
161;Acceptability, user experience and effect of a new mobile app, 'OUPS!', a FemTech solution designed for the treatment of urinary incontinence in menopausal women: a mixed method study;RDF20-21;Engineering and technology;0.6085453033447266;RDF30;Medical, health and life sciences;0.31880733370780945;RDF50;Social sciences;0.04216699302196503;RDF303;Health sciences;0.9472348690032959;RDF102;Computer and information sciences;0.8648821115493774;RDF207;Medical and biomedical engineering;0.8338664770126343;RDF304;Medical biotechnology;0.7498206496238708;RDF212;Other engineering and technologies;0.4691934287548065
162;Traduction et journalisme/Translation and Journalism/Traducción y periodismo;RDF60;Humanities and the arts;0.5528578162193298;RDF50;Social sciences;0.2587399482727051;RDF30;Medical, health and life sciences;0.10712406039237976;RDF508;Media and communications;0.9690032005310059;RDF602;Languages and literature;0.9518632888793945;RDF605;Other humanities;0.1827169954776764;RDF503;Education;0.16079244017601013;RDF509;Other social sciences;0.06878729164600372
163;Réponse différentielle à l'évaluation formelle en protection de la jeunesse en contexte de diversité ethnoculturelle: portrait de la situation et perspectives des familles et des intervenants (Education and social work);RDF50;Social sciences;0.9559043049812317;RDF30;Medical, health and life sciences;0.02120133303105831;RDF10;Natural sciences;0.008616452105343342;RDF504;Sociology and related studies;0.8437020182609558;RDF503;Education;0.81967693567276;RDF509;Other social sciences;0.1945972889661789;RDF605;Other humanities;0.17688477039337158;RDF305;Other medical sciences;0.0939270406961441
164;Grey box optimization (Civil, Industrial and Systems Engineering);RDF20-21;Engineering and technology;0.9965455532073975;RDF10;Natural sciences;0.0014924047281965613;RDF50;Social sciences;0.000867118127644062;RDF202;Industrial, systems and processes engineering;0.5299856662750244;RDF101;Mathematics and statistics;0.08314291387796402;RDF212;Other engineering and technologies;0.07463503628969193;RDF102;Computer and information sciences;0.038214150816202164;RDF103;Physical sciences;0.03771481662988663
165;Polymers for realizing energetic materials with tailored performance (Materials and Chemical Engineering);RDF20-21;Engineering and technology;0.8932533264160156;RDF10;Natural sciences;0.08124012500047684;RDF30;Medical, health and life sciences;0.009952262975275517;RDF104;Chemical sciences;0.9345148205757141;RDF205;Chemical engineering;0.9305845499038696;RDF103;Physical sciences;0.4579017460346222;RDF206;Materials engineering and resources engineering;0.08961382508277893;RDF212;Other engineering and technologies;0.04472257196903229
166;How does the interplay between mandatory and voluntary regulation shape industry practice change for the better?;RDF20-21;Engineering and technology;0.5126018524169922;RDF50;Social sciences;0.37541115283966064;RDF10;Natural sciences;0.04169027507305145;RDF202;Industrial, systems and processes engineering;0.9605095982551575;RDF502;Economics and business administration;0.8204694390296936;RDF504;Sociology and related studies;0.6470180153846741;RDF506;Political science and policy administration;0.49974820017814636;RDF208;Environmental engineering and related engineering;0.21419788897037506
167;Unité de liaison pour la recherche internationale sur le conseil scientifique;RDF20-21;Engineering and technology;0.28722044825553894;RDF50;Social sciences;0.238114133477211;RDF10;Natural sciences;0.1822122037410736;RDF504;Sociology and related studies;0.12362989783287048;RDF506;Political science and policy administration;0.09929540008306503;RDF509;Other social sciences;0.08050192147493362;RDF605;Other humanities;0.058560825884342194;RDF105;Earth and related environmental sciences;0.037467505782842636
168;La téléologie naturelle au 18e siècle (Philosophy);RDF10;Natural sciences;0.8922789096832275;RDF60;Humanities and the arts;0.05788320302963257;RDF50;Social sciences;0.018536752089858055;RDF603;Philosophy;0.9696707129478455;RDF601;History, archaeology and related studies;0.776114284992218;RDF602;Languages and literature;0.7252596020698547;RDF105;Earth and related environmental sciences;0.5434161424636841;RDF107;Other natural sciences;0.20817893743515015
169;Mouvements sociaux, droits sociaux et démocratie. Une théorie normative (Philosophy);RDF50;Social sciences;0.9841042757034302;RDF60;Humanities and the arts;0.005000337027013302;RDF30;Medical, health and life sciences;0.0032347720116376877;RDF504;Sociology and related studies;0.9320214986801147;RDF603;Philosophy;0.7554565668106079;RDF506;Political science and policy administration;0.35006025433540344;RDF509;Other social sciences;0.2421160191297531;RDF605;Other humanities;0.13095079362392426
170;Modeling the thermodynamic and physical properties of Deep Eutectic Solvents (Materials and Chemical Engineering);RDF20-21;Engineering and technology;0.470588356256485;RDF10;Natural sciences;0.43927958607673645;RDF30;Medical, health and life sciences;0.03311316668987274;RDF104;Chemical sciences;0.9843363761901855;RDF205;Chemical engineering;0.9674102663993835;RDF103;Physical sciences;0.9525299668312073;RDF206;Materials engineering and resources engineering;0.15134109556674957;RDF107;Other natural sciences;0.08086409419775009
171;La qualité des relations employé-superviseur : Un modèle processuel des antécédents, conséquences, et modérateurs des évaluations comparatives;RDF50;Social sciences;0.7274129390716553;RDF20-21;Engineering and technology;0.10680847615003586;RDF30;Medical, health and life sciences;0.09499742090702057;RDF202;Industrial, systems and processes engineering;0.8430570363998413;RDF502;Economics and business administration;0.8069286942481995;RDF506;Political science and policy administration;0.47906193137168884;RDF505;Law and legal practice;0.18068420886993408;RDF509;Other social sciences;0.1792430281639099
172;Mathésis, mimésis, sémiosis : la littérarité des genres populaires dans les littératures francophones d'Afrique subsaharienne, du Maghreb et des Caraïbes (Literature);RDF60;Humanities and the arts;0.9633757472038269;RDF30;Medical, health and life sciences;0.0168203916400671;RDF50;Social sciences;0.008675322867929935;RDF602;Languages and literature;0.9995197057723999;RDF503;Education;0.1792430430650711;RDF605;Other humanities;0.113481305539608;RDF305;Other medical sciences;0.005011402070522308;RDF508;Media and communications;0.0033439078833907843
173;Regime Change and Resilience of Maya peoples at the end of the Classic period (ca. 800-1000 CE) (Anthropology and archaeology);RDF50;Social sciences;0.4642246663570404;RDF10;Natural sciences;0.23115834593772888;RDF60;Humanities and the arts;0.15671536326408386;RDF601;History, archaeology and related studies;0.9946255087852478;RDF105;Earth and related environmental sciences;0.11114469170570374;RDF605;Other humanities;0.09359512478113174;RDF509;Other social sciences;0.042009055614471436;RDF506;Political science and policy administration;0.01471444871276617
174;Recommendations for culturally sensitive and intersectional practice in suicide prevention intervention for public safety personnel : a qualitative approach (Crisis/Suicide Line and App-based Support Models for post traum. stress in public safety personnel (PSP));RDF50;Social sciences;0.6032354235649109;RDF30;Medical, health and life sciences;0.3287750780582428;RDF60;Humanities and the arts;0.029337601736187935;RDF303;Health sciences;0.9082117080688477;RDF302;Clinical medicine;0.252798855304718;RDF505;Law and legal practice;0.23594360053539276;RDF305;Other medical sciences;0.20930802822113037;RDF207;Medical and biomedical engineering;0.1532321274280548
175;Varieties of Valuings (Philosophy);RDF60;Humanities and the arts;0.41872894763946533;RDF50;Social sciences;0.3771834373474121;RDF30;Medical, health and life sciences;0.0737658366560936;RDF603;Philosophy;0.9971047639846802;RDF605;Other humanities;0.471966952085495;RDF509;Other social sciences;0.06091928482055664;RDF405;Other agricultural sciences;0.010448625311255455;RDF504;Sociology and related studies;0.009955651126801968
176;Pilotage en temps réel des systèmes à l'ère de l'industrie 4.0 (Civil, Industrial and Systems Engineering);RDF20-21;Engineering and technology;0.9930325746536255;RDF10;Natural sciences;0.0039028264582157135;RDF50;Social sciences;0.001452694064937532;RDF202;Industrial, systems and processes engineering;0.6551705598831177;RDF102;Computer and information sciences;0.3830641508102417;RDF212;Other engineering and technologies;0.1881001591682434;RDF103;Physical sciences;0.06584469974040985;RDF203;Electrical engineering, computer engineering, and information engineering;0.03743230551481247
177;Understanding Esophageal Atresia using Induced Pluripotent Stem Cells;RDF30;Medical, health and life sciences;0.8777750730514526;RDF10;Natural sciences;0.09702782332897186;RDF40;Agricultural and veterinary sciences;0.009250300005078316;RDF106;Biological sciences;0.9737945795059204;RDF303;Health sciences;0.9713201522827148;RDF207;Medical and biomedical engineering;0.9209320545196533;RDF304;Medical biotechnology;0.8823772072792053;RDF302;Clinical medicine;0.5065990686416626
178;Discovery and characterization of novel genetic-exchange and drug-resistance mechanisms in Leishmania parasites (Microbiology & Infectious Diseases);RDF10;Natural sciences;0.7788811922073364;RDF30;Medical, health and life sciences;0.20032647252082825;RDF40;Agricultural and veterinary sciences;0.010736818425357342;RDF106;Biological sciences;0.9828233122825623;RDF303;Health sciences;0.12283853441476822;RDF305;Other medical sciences;0.10809476673603058;RDF107;Other natural sciences;0.10248421132564545;RDF301;Basic medicine and life sciences;0.09178833663463593
179;From Perception and Learning to Understanding and Action (Computer Science);RDF20-21;Engineering and technology;0.8613585233688354;RDF10;Natural sciences;0.043719660490751266;RDF50;Social sciences;0.036672115325927734;RDF102;Computer and information sciences;0.9607681035995483;RDF503;Education;0.7871959209442139;RDF203;Electrical engineering, computer engineering, and information engineering;0.5912513136863708;RDF501;Psychology and cognitive sciences;0.3527032434940338;RDF212;Other engineering and technologies;0.07204689085483551
180;Novel mechanisms of theca cell growth in the ovarian follicle of cattle (Biological Systems and Functions);RDF10;Natural sciences;0.834247350692749;RDF30;Medical, health and life sciences;0.15937446057796478;RDF40;Agricultural and veterinary sciences;0.0047752391546964645;RDF106;Biological sciences;0.9990710020065308;RDF301;Basic medicine and life sciences;0.8950649499893188;RDF402;Animal and dairy sciences;0.7662936449050903;RDF107;Other natural sciences;0.6745866537094116;RDF403;Veterinary sciences;0.11323592811822891
181;An OCT-controlled system for precise and reproducible subretinal drug injection in mice;RDF20-21;Engineering and technology;0.5862091183662415;RDF30;Medical, health and life sciences;0.2706892788410187;RDF10;Natural sciences;0.12281613051891327;RDF207;Medical and biomedical engineering;0.8846884369850159;RDF304;Medical biotechnology;0.8474003672599792;RDF106;Biological sciences;0.8097277283668518;RDF104;Chemical sciences;0.5909562110900879;RDF205;Chemical engineering;0.30595648288726807
182;Bioenergetic role of astrocytes in neuronal plasticity and behaviour (Genes, Cells and Molecules);RDF10;Natural sciences;0.858531653881073;RDF30;Medical, health and life sciences;0.12030300498008728;RDF50;Social sciences;0.008855199441313744;RDF106;Biological sciences;0.9923933148384094;RDF301;Basic medicine and life sciences;0.7386690974235535;RDF107;Other natural sciences;0.2265268713235855;RDF207;Medical and biomedical engineering;0.06394841521978378;RDF501;Psychology and cognitive sciences;0.05613277852535248
183;In Democracy we trust, do we? (Sociology, demography and related fields);RDF50;Social sciences;0.9789979457855225;RDF60;Humanities and the arts;0.009941180236637592;RDF10;Natural sciences;0.004480841103941202;RDF504;Sociology and related studies;0.9859364032745361;RDF506;Political science and policy administration;0.9682913422584534;RDF509;Other social sciences;0.2898237407207489;RDF603;Philosophy;0.1550784707069397;RDF605;Other humanities;0.09367800503969193
184;Minimally-invasive monitoring of renal health in reptiles (Biological Systems and Functions);RDF10;Natural sciences;0.7560669183731079;RDF30;Medical, health and life sciences;0.23058737814426422;RDF40;Agricultural and veterinary sciences;0.009517477825284004;RDF106;Biological sciences;0.9977872967720032;RDF301;Basic medicine and life sciences;0.9046505689620972;RDF207;Medical and biomedical engineering;0.45344334840774536;RDF403;Veterinary sciences;0.29178741574287415;RDF303;Health sciences;0.22618483006954193
185;Le réenchantement à contretemps ? Irrationalité et postmodernité littéraire;RDF60;Humanities and the arts;0.9682627320289612;RDF50;Social sciences;0.02272692508995533;RDF30;Medical, health and life sciences;0.003464925102889538;RDF602;Languages and literature;0.987129271030426;RDF603;Philosophy;0.8972910046577454;RDF605;Other humanities;0.5493837594985962;RDF604;Arts (arts, history of arts, performing arts, music), architecture and design;0.2174205780029297;RDF509;Other social sciences;0.06198945268988609
186;Structure-functional property-device performance relationships in electronic and energy materials and devices;RDF20-21;Engineering and technology;0.9770071506500244;RDF10;Natural sciences;0.014820589683949947;RDF50;Social sciences;0.003258832497522235;RDF103;Physical sciences;0.9575961828231812;RDF203;Electrical engineering, computer engineering, and information engineering;0.9524857997894287;RDF102;Computer and information sciences;0.5438779592514038;RDF212;Other engineering and technologies;0.15304215252399445;RDF101;Mathematics and statistics;0.12278593331575394
187;AI augmented pilot;RDF20-21;Engineering and technology;0.9555655717849731;RDF30;Medical, health and life sciences;0.013899247162044048;RDF10;Natural sciences;0.01243489421904087;RDF102;Computer and information sciences;0.865508496761322;RDF203;Electrical engineering, computer engineering, and information engineering;0.3387877345085144;RDF212;Other engineering and technologies;0.17140766978263855;RDF103;Physical sciences;0.12656910717487335;RDF202;Industrial, systems and processes engineering;0.05665242299437523
188;Transfert, appropriation et rétention des pratiques associées à l'approvisionnement valorisant l'innovation dans le réseau québécois de la santé : le cas de l'approche fonctionnelle;RDF50;Social sciences;0.4880778193473816;RDF30;Medical, health and life sciences;0.38553619384765625;RDF20-21;Engineering and technology;0.05333579331636429;RDF504;Sociology and related studies;0.9282788634300232;RDF303;Health sciences;0.9076402187347412;RDF506;Political science and policy administration;0.7812471985816956;RDF502;Economics and business administration;0.6650300025939941;RDF207;Medical and biomedical engineering;0.6258097887039185
189;Le patrimoine des groupes ethnoculturels de Montréal: le cas de Montréal-Nord;RDF50;Social sciences;0.49353456497192383;RDF60;Humanities and the arts;0.4494231939315796;RDF10;Natural sciences;0.022964878007769585;RDF601;History, archaeology and related studies;0.9195703268051147;RDF605;Other humanities;0.5858713984489441;RDF504;Sociology and related studies;0.22721202671527863;RDF509;Other social sciences;0.21833586692810059;RDF505;Law and legal practice;0.01314658671617508
190;Documenting forager adaptations to dramatic climate change at the Pleistocene-Holocene transition in Liguria (Italy) (Anthropology and archaeology);RDF10;Natural sciences;0.6576628088951111;RDF50;Social sciences;0.1852308064699173;RDF30;Medical, health and life sciences;0.05743788555264473;RDF601;History, archaeology and related studies;0.9855799674987793;RDF105;Earth and related environmental sciences;0.9663787484169006;RDF605;Other humanities;0.08905768394470215;RDF107;Other natural sciences;0.08709682524204254;RDF504;Sociology and related studies;0.03330536559224129
191;Abordabilité intégrée: état des connaissances sur les interactions entre coûts d'habitation et de transport;RDF50;Social sciences;0.7987239360809326;RDF20-21;Engineering and technology;0.08099935203790665;RDF30;Medical, health and life sciences;0.04961071163415909;RDF502;Economics and business administration;0.909826934337616;RDF507;Social and economic geography;0.8974259495735168;RDF504;Sociology and related studies;0.7205157279968262;RDF506;Political science and policy administration;0.2357235997915268;RDF509;Other social sciences;0.216342493891716
192;High definition digital microscope for accelerating Québec entomological research (Environmental Sciences);RDF10;Natural sciences;0.9607028365135193;RDF20-21;Engineering and technology;0.021266186609864235;RDF30;Medical, health and life sciences;0.010968295857310295;RDF105;Earth and related environmental sciences;0.9609150886535645;RDF106;Biological sciences;0.10576342046260834;RDF107;Other natural sciences;0.09122005850076675;RDF212;Other engineering and technologies;0.05184546485543251;RDF208;Environmental engineering and related engineering;0.046507950872182846
193;Envisioning and Enacting UX Evaluation of Augmented Reality: A Multimethod Approach (Civil, Industrial and Systems Engineering);RDF20-21;Engineering and technology;0.9933643341064453;RDF10;Natural sciences;0.0019516509491950274;RDF60;Humanities and the arts;0.001812046393752098;RDF102;Computer and information sciences;0.3745046854019165;RDF202;Industrial, systems and processes engineering;0.27835485339164734;RDF212;Other engineering and technologies;0.15052764117717743;RDF503;Education;0.04385456442832947;RDF103;Physical sciences;0.014199679717421532
194;Kinematic-specific proprioceptive stimulations to better understand sensory control of gait movements (Mechanical Engineering);RDF20-21;Engineering and technology;0.9583553075790405;RDF10;Natural sciences;0.019334638491272926;RDF30;Medical, health and life sciences;0.010877571068704128;RDF204;Mechanical engineering;0.9980882406234741;RDF103;Physical sciences;0.1504652053117752;RDF212;Other engineering and technologies;0.05384938046336174;RDF206;Materials engineering and resources engineering;0.029035644605755806;RDF107;Other natural sciences;0.009633651934564114
195;Attentional processes in the human insula (Biological Systems and Functions);RDF10;Natural sciences;0.721315860748291;RDF30;Medical, health and life sciences;0.2740480899810791;RDF50;Social sciences;0.001963693415746093;RDF106;Biological sciences;0.997188150882721;RDF301;Basic medicine and life sciences;0.985827624797821;RDF107;Other natural sciences;0.6160988807678223;RDF303;Health sciences;0.3806150555610657;RDF207;Medical and biomedical engineering;0.2978782653808594
196;Towards More Autonomous and Safer Unmanned Aerial Vehicle Systems (Mechanical Engineering);RDF20-21;Engineering and technology;0.9973376989364624;RDF10;Natural sciences;0.0013155173510313034;RDF30;Medical, health and life sciences;0.00044150458415970206;RDF204;Mechanical engineering;0.9981178641319275;RDF103;Physical sciences;0.18877220153808594;RDF206;Materials engineering and resources engineering;0.1703009158372879;RDF503;Education;0.09442687779664993;RDF212;Other engineering and technologies;0.0728343054652214
197;Subsea and terrestrial permafrost of the central and eastern Canadian Arctic Archipelago (Geosciences);RDF10;Natural sciences;0.9874980449676514;RDF20-21;Engineering and technology;0.003926823381334543;RDF30;Medical, health and life sciences;0.0029295887798070908;RDF105;Earth and related environmental sciences;0.9972423911094666;RDF107;Other natural sciences;0.0909774899482727;RDF103;Physical sciences;0.009974920190870762;RDF206;Materials engineering and resources engineering;0.0028727478347718716;RDF601;History, archaeology and related studies;0.0022387211211025715
198;Global Centers Track 2: Heat Adaptation;RDF10;Natural sciences;0.5284821391105652;RDF20-21;Engineering and technology;0.3789823055267334;RDF30;Medical, health and life sciences;0.045640263706445694;RDF105;Earth and related environmental sciences;0.9274290800094604;RDF208;Environmental engineering and related engineering;0.6721165180206299;RDF103;Physical sciences;0.5924897789955139;RDF106;Biological sciences;0.49494948983192444;RDF209;Environmental biotechnology;0.1254398673772812
199;Immunovirological determinants of breakthrough COVID-19 disease in vaccinated or previously infected individuals (Virology & Viral Pathogenesis);RDF10;Natural sciences;0.7320906519889832;RDF30;Medical, health and life sciences;0.25411805510520935;RDF50;Social sciences;0.0061449515633285046;RDF303;Health sciences;0.7812471985816956;RDF106;Biological sciences;0.6409168243408203;RDF107;Other natural sciences;0.09990845620632172;RDF301;Basic medicine and life sciences;0.06412401050329208;RDF305;Other medical sciences;0.04931359738111496
200;Hormonal control of stamen filament growth;RDF10;Natural sciences;0.7595358490943909;RDF30;Medical, health and life sciences;0.21043328940868378;RDF40;Agricultural and veterinary sciences;0.013391518965363503;RDF106;Biological sciences;0.9729852080345154;RDF301;Basic medicine and life sciences;0.7092708945274353;RDF303;Health sciences;0.32546696066856384;RDF107;Other natural sciences;0.14199377596378326;RDF207;Medical and biomedical engineering;0.04332530498504639
201;Investigate features and dynamics of intron RNP biology and its role in modulating RNA metabolism (Biochemistry & Molecular Biology);RDF10;Natural sciences;0.8953043818473816;RDF30;Medical, health and life sciences;0.0892987921833992;RDF50;Social sciences;0.005590070504695177;RDF106;Biological sciences;0.9469411969184875;RDF301;Basic medicine and life sciences;0.46699750423431396;RDF503;Education;0.1233128234744072;RDF107;Other natural sciences;0.06675146520137787;RDF104;Chemical sciences;0.03799937665462494
202;CircRNAome in childhood TCF3-PBX1 ALL: Biomaker potential and mechanisms of circRNA dysregulation and function;RDF10;Natural sciences;0.6677916646003723;RDF30;Medical, health and life sciences;0.2913806438446045;RDF50;Social sciences;0.013250752352178097;RDF106;Biological sciences;0.9746286869049072;RDF301;Basic medicine and life sciences;0.41645547747612;RDF107;Other natural sciences;0.10757803171873093;RDF303;Health sciences;0.09033344686031342;RDF305;Other medical sciences;0.0650087296962738
203;Additive manufacturing technologies for high-performance and high-productivity of multifunctional composite structures and their sustainability for aerospace applications;RDF20-21;Engineering and technology;0.9955660700798035;RDF10;Natural sciences;0.0020699622109532356;RDF30;Medical, health and life sciences;0.0008937640814110637;RDF204;Mechanical engineering;0.9437636137008667;RDF103;Physical sciences;0.5126926302909851;RDF202;Industrial, systems and processes engineering;0.46222367882728577;RDF206;Materials engineering and resources engineering;0.16899405419826508;RDF212;Other engineering and technologies;0.15687833726406097
204;Computational methods and frameworks for unsupervised machine learning;RDF20-21;Engineering and technology;0.9772777557373047;RDF50;Social sciences;0.007396314758807421;RDF10;Natural sciences;0.006240498274564743;RDF102;Computer and information sciences;0.9922595024108887;RDF203;Electrical engineering, computer engineering, and information engineering;0.7923036217689514;RDF101;Mathematics and statistics;0.4583240747451782;RDF212;Other engineering and technologies;0.19907432794570923;RDF201;Civil engineering, maritime engineering, transport engineering, and mining engineering;0.009020279161632061
205;Au coeur du cosmos TRYSPACES: Colloque, exposition et bibliothèque numérique;RDF20-21;Engineering and technology;0.4683142602443695;RDF60;Humanities and the arts;0.3554493188858032;RDF10;Natural sciences;0.10007567703723907;RDF605;Other humanities;0.6085068583488464;RDF212;Other engineering and technologies;0.5498521327972412;RDF102;Computer and information sciences;0.31557774543762207;RDF604;Arts (arts, history of arts, performing arts, music), architecture and design;0.2655470371246338;RDF603;Philosophy;0.19444428384304047
206;Understanding Attitudes toward Artists with a Physical Disability;RDF60;Humanities and the arts;0.4999713897705078;RDF50;Social sciences;0.4756804406642914;RDF30;Medical, health and life sciences;0.01866154558956623;RDF604;Arts (arts, history of arts, performing arts, music), architecture and design;0.9519079327583313;RDF504;Sociology and related studies;0.8378854393959045;RDF501;Psychology and cognitive sciences;0.8143482804298401;RDF605;Other humanities;0.4520426392555237;RDF508;Media and communications;0.3479801416397095
207;Non-target analysis of radicals in sonochemical and advanced oxidation processes (AOPs) (Materials and Chemical Engineering);RDF10;Natural sciences;0.4856412708759308;RDF20-21;Engineering and technology;0.4294147789478302;RDF30;Medical, health and life sciences;0.039169251918792725;RDF104;Chemical sciences;0.9843363165855408;RDF205;Chemical engineering;0.9358760118484497;RDF103;Physical sciences;0.12743528187274933;RDF212;Other engineering and technologies;0.059210244566202164;RDF107;Other natural sciences;0.044389985501766205
208;La cyberviolence dans les relations amoureuses des jeunes : identifier les facteurs de risque et de protection ainsi que leurs impacts différenciés selon le genre;RDF50;Social sciences;0.789811909198761;RDF20-21;Engineering and technology;0.07650240510702133;RDF30;Medical, health and life sciences;0.06877750903367996;RDF505;Law and legal practice;0.5461103916168213;RDF504;Sociology and related studies;0.4935840666294098;RDF605;Other humanities;0.35281476378440857;RDF509;Other social sciences;0.33420905470848083;RDF102;Computer and information sciences;0.19513355195522308
209;"""Sentometrics"": Econometrics of textual sentiment with applications in economics and finance";RDF50;Social sciences;0.9569646120071411;RDF20-21;Engineering and technology;0.020672524347901344;RDF10;Natural sciences;0.01583470217883587;RDF101;Mathematics and statistics;0.987129271030426;RDF502;Economics and business administration;0.8341368436813354;RDF509;Other social sciences;0.14627008140087128;RDF212;Other engineering and technologies;0.0497734509408474;RDF102;Computer and information sciences;0.0249165166169405
210;Clean Energy transition, Market Design and Industry Dynamics;RDF20-21;Engineering and technology;0.39573368430137634;RDF50;Social sciences;0.34314852952957153;RDF10;Natural sciences;0.2195073962211609;RDF208;Environmental engineering and related engineering;0.6986379623413086;RDF502;Economics and business administration;0.4798502027988434;RDF202;Industrial, systems and processes engineering;0.31663334369659424;RDF509;Other social sciences;0.13257068395614624;RDF212;Other engineering and technologies;0.08487122505903244
211;Conférence de l'International Society for the Study of Drug Policy;RDF50;Social sciences;0.6688305139541626;RDF30;Medical, health and life sciences;0.21097128093242645;RDF10;Natural sciences;0.05801527947187424;RDF506;Political science and policy administration;0.8572908639907837;RDF504;Sociology and related studies;0.5788350701332092;RDF303;Health sciences;0.2037075310945511;RDF509;Other social sciences;0.19628643989562988;RDF605;Other humanities;0.09585608541965485
212;Methods development for the measurement of single-cell molecular state (Genes, Cells and Molecules);RDF10;Natural sciences;0.8559590578079224;RDF30;Medical, health and life sciences;0.07899701595306396;RDF20-21;Engineering and technology;0.05075586959719658;RDF106;Biological sciences;0.9254997372627258;RDF107;Other natural sciences;0.11526177823543549;RDF301;Basic medicine and life sciences;0.06620602309703827;RDF104;Chemical sciences;0.05296076834201813;RDF304;Medical biotechnology;0.05291181057691574
213;Multifunctional Engineering Structures via Embodied Intelligence;RDF20-21;Engineering and technology;0.9945268034934998;RDF10;Natural sciences;0.0020597397815436125;RDF30;Medical, health and life sciences;0.0015854381490498781;RDF212;Other engineering and technologies;0.08993300795555115;RDF204;Mechanical engineering;0.03864719718694687;RDF203;Electrical engineering, computer engineering, and information engineering;0.02722090296447277;RDF201;Civil engineering, maritime engineering, transport engineering, and mining engineering;0.02630528062582016;RDF202;Industrial, systems and processes engineering;0.019927851855754852
214;Spin waves in ferromagnetic metallic wires (Physics);RDF10;Natural sciences;0.9638821482658386;RDF20-21;Engineering and technology;0.02286844700574875;RDF30;Medical, health and life sciences;0.004398750606924295;RDF103;Physical sciences;0.9997579455375671;RDF503;Education;0.18899664282798767;RDF107;Other natural sciences;0.02931223250925541;RDF211;Nano-technology;0.010881332680583;RDF212;Other engineering and technologies;0.0027683854568749666
215;Molecular Chronobiology and regulation of gene expression in dinoflagellates (Genes, Cells and Molecules);RDF10;Natural sciences;0.9473023414611816;RDF30;Medical, health and life sciences;0.040836457163095474;RDF50;Social sciences;0.004352740943431854;RDF106;Biological sciences;0.9861513376235962;RDF301;Basic medicine and life sciences;0.21345914900302887;RDF107;Other natural sciences;0.18646511435508728;RDF305;Other medical sciences;0.034979645162820816;RDF605;Other humanities;0.015633562579751015
216;Combiner l’hypnose, la réalité virtuelle, la neurophysiologie et l’intelligence artificielle dans la gestion non-pharmacologique et personnalisée de la douleur chronique;RDF30;Medical, health and life sciences;0.7395278811454773;RDF20-21;Engineering and technology;0.17022821307182312;RDF10;Natural sciences;0.06235647201538086;RDF207;Medical and biomedical engineering;0.9346938133239746;RDF303;Health sciences;0.9045662879943848;RDF304;Medical biotechnology;0.8463238477706909;RDF305;Other medical sciences;0.500335693359375;RDF102;Computer and information sciences;0.31758496165275574
217;Les théories inédites de la foi des penseurs dominicains des années 1250-1350 (Philosophy);RDF60;Humanities and the arts;0.6231166124343872;RDF50;Social sciences;0.22523751854896545;RDF10;Natural sciences;0.05308227241039276;RDF603;Philosophy;0.9900828003883362;RDF602;Languages and literature;0.05184547230601311;RDF605;Other humanities;0.04676847904920578;RDF509;Other social sciences;0.009196551516652107;RDF601;History, archaeology and related studies;0.007475120015442371
218;Computationally efficient multiphysics and multiscale modeling approaches applied to porous materials engineering;RDF20-21;Engineering and technology;0.9569527506828308;RDF10;Natural sciences;0.031002456322312355;RDF30;Medical, health and life sciences;0.004590138327330351;RDF103;Physical sciences;0.9885140061378479;RDF206;Materials engineering and resources engineering;0.7867047786712646;RDF102;Computer and information sciences;0.4285472631454468;RDF212;Other engineering and technologies;0.2221934199333191;RDF203;Electrical engineering, computer engineering, and information engineering;0.151969313621521
219;Marriage, Sorting, and Segregation Across U.S. Cities (Economics);RDF50;Social sciences;0.9874544143676758;RDF30;Medical, health and life sciences;0.005071547348052263;RDF10;Natural sciences;0.0036671955604106188;RDF507;Social and economic geography;0.944943904876709;RDF502;Economics and business administration;0.8292155861854553;RDF504;Sociology and related studies;0.5804561376571655;RDF101;Mathematics and statistics;0.1363781839609146;RDF506;Political science and policy administration;0.06572467088699341
220;Highly versatile benchtop Flow Cytometry Analyzer (Materials and Chemical Engineering);RDF20-21;Engineering and technology;0.9309322834014893;RDF10;Natural sciences;0.036379266530275345;RDF30;Medical, health and life sciences;0.026228606700897217;RDF104;Chemical sciences;0.9670698642730713;RDF205;Chemical engineering;0.952838122844696;RDF103;Physical sciences;0.11004006117582321;RDF212;Other engineering and technologies;0.08203305304050446;RDF210;Industrial biotechnology;0.07885491847991943
221;Analysis of Extreme Values;RDF20-21;Engineering and technology;0.4069705009460449;RDF10;Natural sciences;0.257300466299057;RDF50;Social sciences;0.1938416212797165;RDF101;Mathematics and statistics;0.93974769115448;RDF103;Physical sciences;0.8587185740470886;RDF603;Philosophy;0.4969940483570099;RDF102;Computer and information sciences;0.27415698766708374;RDF104;Chemical sciences;0.19559407234191895
222;Frontlines to Headlines: The Politics of Memory, War and the Press in interwar Germany (History);RDF50;Social sciences;0.467739075422287;RDF60;Humanities and the arts;0.24077142775058746;RDF30;Medical, health and life sciences;0.11373236775398254;RDF601;History, archaeology and related studies;0.9925538301467896;RDF506;Political science and policy administration;0.301927775144577;RDF503;Education;0.14116297662258148;RDF508;Media and communications;0.098338782787323;RDF605;Other humanities;0.05992140248417854
223;Mechanistic Investigations of Nickel-Promoted C-Heteroatom Bond Making Reactions (Chemistry);RDF10;Natural sciences;0.9591504335403442;RDF20-21;Engineering and technology;0.027827059850096703;RDF30;Medical, health and life sciences;0.006012149155139923;RDF104;Chemical sciences;0.9972955584526062;RDF204;Mechanical engineering;0.2661187946796417;RDF205;Chemical engineering;0.06822642683982849;RDF107;Other natural sciences;0.05670464038848877;RDF103;Physical sciences;0.02970375120639801
224;Manipulated Procurement;RDF20-21;Engineering and technology;0.5709096789360046;RDF50;Social sciences;0.20183208584785461;RDF30;Medical, health and life sciences;0.11354971677064896;RDF502;Economics and business administration;0.8502822518348694;RDF506;Political science and policy administration;0.7539198398590088;RDF202;Industrial, systems and processes engineering;0.13695430755615234;RDF102;Computer and information sciences;0.11357959359884262;RDF203;Electrical engineering, computer engineering, and information engineering;0.07011260837316513
225;Functionalized Bilayer Graphene Devices: Achieving Selectivity and Sensitivity;RDF20-21;Engineering and technology;0.9818055629730225;RDF10;Natural sciences;0.01116552297025919;RDF30;Medical, health and life sciences;0.00440677534788847;RDF211;Nano-technology;0.9526622891426086;RDF103;Physical sciences;0.8637368083000183;RDF104;Chemical sciences;0.7819973230361938;RDF203;Electrical engineering, computer engineering, and information engineering;0.6651387214660645;RDF206;Materials engineering and resources engineering;0.5652087926864624
226;Le rôle de la résilience sur la santé et le bien-être des équipes interprofessionnelles: validation d'une démarche managériale participative;RDF30;Medical, health and life sciences;0.49978527426719666;RDF50;Social sciences;0.2654663622379303;RDF40;Agricultural and veterinary sciences;0.09066281467676163;RDF207;Medical and biomedical engineering;0.7216941714286804;RDF303;Health sciences;0.5729467868804932;RDF208;Environmental engineering and related engineering;0.5523737072944641;RDF305;Other medical sciences;0.370026171207428;RDF504;Sociology and related studies;0.33393746614456177
227;Les jeunes en difficulté et faisant l'objet d'une double prise en charge judiciaire : parcours de vie, trajectoires dans les services et pratiques professionnelles (Law and criminology);RDF50;Social sciences;0.8871783018112183;RDF10;Natural sciences;0.03368490934371948;RDF30;Medical, health and life sciences;0.0237002931535244;RDF505;Law and legal practice;0.7272496223449707;RDF509;Other social sciences;0.06418263912200928;RDF506;Political science and policy administration;0.035678550601005554;RDF504;Sociology and related studies;0.032744038850069046;RDF507;Social and economic geography;0.021990220993757248
228;"Before the ""Great Divide"": The Shared Language(s) of Art and Science in the Early Modern Period (Fine Arts, Research-Creation)";RDF60;Humanities and the arts;0.9346882700920105;RDF50;Social sciences;0.028363296762108803;RDF10;Natural sciences;0.01737203076481819;RDF602;Languages and literature;0.8703771233558655;RDF601;History, archaeology and related studies;0.8470211029052734;RDF605;Other humanities;0.3928608000278473;RDF604;Arts (arts, history of arts, performing arts, music), architecture and design;0.3005402386188507;RDF603;Philosophy;0.119100421667099
229;MID-INFRARED QUANTUM TECHNOLOGY FOR SENSING (MIRAQLS);RDF20-21;Engineering and technology;0.9802794456481934;RDF10;Natural sciences;0.010964618064463139;RDF30;Medical, health and life sciences;0.004804141353815794;RDF103;Physical sciences;0.7207614779472351;RDF212;Other engineering and technologies;0.3029579222202301;RDF102;Computer and information sciences;0.028925716876983643;RDF203;Electrical engineering, computer engineering, and information engineering;0.016029145568609238;RDF202;Industrial, systems and processes engineering;0.008677717298269272
230;Exploiting minor histocompatibility antigens for personalized cancer immunotherapy (Cancer Progression & Therapeutics);RDF30;Medical, health and life sciences;0.7194204330444336;RDF10;Natural sciences;0.24777671694755554;RDF20-21;Engineering and technology;0.013581647537648678;RDF303;Health sciences;0.9743129014968872;RDF106;Biological sciences;0.9742394685745239;RDF207;Medical and biomedical engineering;0.8788871169090271;RDF304;Medical biotechnology;0.8310744762420654;RDF302;Clinical medicine;0.17497345805168152
231;Investment incentives in matching markets: on the foundations of competitive models (Economics);RDF50;Social sciences;0.9766377806663513;RDF10;Natural sciences;0.007814576849341393;RDF20-21;Engineering and technology;0.00636562705039978;RDF502;Economics and business administration;0.9360515475273132;RDF509;Other social sciences;0.015708884224295616;RDF101;Mathematics and statistics;0.004857966676354408;RDF203;Electrical engineering, computer engineering, and information engineering;0.003389783436432481;RDF201;Civil engineering, maritime engineering, transport engineering, and mining engineering;0.0027791906613856554
232;Advancing Machine Learning with Causal Models (Computer Science);RDF20-21;Engineering and technology;0.9835847616195679;RDF10;Natural sciences;0.007158870808780193;RDF30;Medical, health and life sciences;0.00301943882368505;RDF102;Computer and information sciences;0.9920466542243958;RDF203;Electrical engineering, computer engineering, and information engineering;0.8378190994262695;RDF212;Other engineering and technologies;0.06626641750335693;RDF101;Mathematics and statistics;0.04308309033513069;RDF503;Education;0.01219413336366415
233;The Brahma Kumari Tradition in Canada and the United States (Medieval, classics, religious studies);RDF60;Humanities and the arts;0.5114536881446838;RDF50;Social sciences;0.4036065936088562;RDF30;Medical, health and life sciences;0.031428221613168716;RDF605;Other humanities;0.1719631552696228;RDF509;Other social sciences;0.07857164740562439;RDF601;History, archaeology and related studies;0.044431429356336594;RDF603;Philosophy;0.027637723833322525;RDF602;Languages and literature;0.025419652462005615
234;Social polarization in high schools during COVID-19: A mixed-method Positive Youth Development research to inform how to promote well-being and reduce violence among adolescents (Education and social work);RDF50;Social sciences;0.9759801030158997;RDF30;Medical, health and life sciences;0.010715845040977001;RDF10;Natural sciences;0.006461516488343477;RDF504;Sociology and related studies;0.9399133324623108;RDF503;Education;0.9213576316833496;RDF509;Other social sciences;0.061367765069007874;RDF605;Other humanities;0.04165676608681679;RDF101;Mathematics and statistics;0.03803509473800659
235;Assessing the community needs of Canadians with limb loss: Building the foundation for community action;RDF30;Medical, health and life sciences;0.5130775570869446;RDF50;Social sciences;0.4191708564758301;RDF10;Natural sciences;0.024090878665447235;RDF303;Health sciences;0.921428382396698;RDF207;Medical and biomedical engineering;0.807612419128418;RDF504;Sociology and related studies;0.6529609560966492;RDF507;Social and economic geography;0.2680782973766327;RDF301;Basic medicine and life sciences;0.23152734339237213
236;Addition of high dose Stimulant and engagement-focused Contingency management, alone and in combination, to treatment as usual for the management of MEthamphetamine use disorder (ASCME): a pan-Canadian multisite randomized controlled trial;RDF30;Medical, health and life sciences;0.9347727298736572;RDF50;Social sciences;0.030790846794843674;RDF10;Natural sciences;0.021411674097180367;RDF303;Health sciences;0.9604354500770569;RDF302;Clinical medicine;0.9385195970535278;RDF501;Psychology and cognitive sciences;0.27376851439476013;RDF207;Medical and biomedical engineering;0.17766813933849335;RDF305;Other medical sciences;0.15934818983078003
237;Écrire / Traduire / Visualiser les humanités numériques;RDF60;Humanities and the arts;0.9277352690696716;RDF50;Social sciences;0.0290459543466568;RDF20-21;Engineering and technology;0.025859247893095016;RDF508;Media and communications;0.8814108967781067;RDF602;Languages and literature;0.7937461733818054;RDF503;Education;0.79302579164505;RDF102;Computer and information sciences;0.1294577568769455;RDF605;Other humanities;0.08299414813518524
238;Smart Electrolytes for a New Perspective on Electrochemical Energy Storage (Chemistry);RDF10;Natural sciences;0.8997483253479004;RDF20-21;Engineering and technology;0.05526147410273552;RDF30;Medical, health and life sciences;0.02404782921075821;RDF104;Chemical sciences;0.9982859492301941;RDF205;Chemical engineering;0.8459424376487732;RDF503;Education;0.1385200470685959;RDF103;Physical sciences;0.07198163121938705;RDF107;Other natural sciences;0.04099902883172035
239;Femmes et pouvoirs dans le bailliage de Montréal (1644-1693) (History);RDF50;Social sciences;0.4084605872631073;RDF60;Humanities and the arts;0.28543004393577576;RDF30;Medical, health and life sciences;0.14807915687561035;RDF601;History, archaeology and related studies;0.9954527020454407;RDF605;Other humanities;0.22439520061016083;RDF506;Political science and policy administration;0.13335877656936646;RDF503;Education;0.06822642683982849;RDF509;Other social sciences;0.039268746972084045
240;Entre pressions socioculturelles et insatisfaction à l'égard de l'image corporelle : le rôle médiateur de caractéristiques personnelles chez les adolescents et jeunes hommes. (Psychology);RDF50;Social sciences;0.9593532681465149;RDF10;Natural sciences;0.015567191876471043;RDF30;Medical, health and life sciences;0.014229565858840942;RDF504;Sociology and related studies;0.688416063785553;RDF501;Psychology and cognitive sciences;0.38093164563179016;RDF603;Philosophy;0.2516477108001709;RDF605;Other humanities;0.05861468240618706;RDF305;Other medical sciences;0.05813159421086311
241;Multi-Precision Optimization and Methods with Inaccurate Functions and Derivatives (Computer Science);RDF20-21;Engineering and technology;0.985237181186676;RDF10;Natural sciences;0.00639664102345705;RDF30;Medical, health and life sciences;0.003203893546015024;RDF102;Computer and information sciences;0.9871044754981995;RDF203;Electrical engineering, computer engineering, and information engineering;0.8104038834571838;RDF101;Mathematics and statistics;0.13603350520133972;RDF212;Other engineering and technologies;0.10012821108102798;RDF103;Physical sciences;0.03687337040901184
242;Adaptive FEM for Analysis, Design, and Control of Complex Flows (Mechanical Engineering);RDF20-21;Engineering and technology;0.9954289793968201;RDF10;Natural sciences;0.0023961826227605343;RDF30;Medical, health and life sciences;0.0006771957268938422;RDF204;Mechanical engineering;0.9990053772926331;RDF206;Materials engineering and resources engineering;0.8545814752578735;RDF103;Physical sciences;0.593373715877533;RDF101;Mathematics and statistics;0.11935681104660034;RDF212;Other engineering and technologies;0.07376296073198318
243;Diagnosis of Aggressive Prostate Cancer Using Key Features of Raman Spectroscopy (Cancer Progression & Therapeutics);RDF30;Medical, health and life sciences;0.8862830996513367;RDF10;Natural sciences;0.09113830327987671;RDF20-21;Engineering and technology;0.010010533966124058;RDF303;Health sciences;0.9897909760475159;RDF106;Biological sciences;0.9388007521629333;RDF207;Medical and biomedical engineering;0.8992099165916443;RDF304;Medical biotechnology;0.6598984599113464;RDF302;Clinical medicine;0.3444434702396393
244;Maintaining balance in an unstable environment: A central role for the vestibular system (Biological Systems and Functions);RDF10;Natural sciences;0.7072694897651672;RDF30;Medical, health and life sciences;0.281057745218277;RDF20-21;Engineering and technology;0.003339906921610236;RDF106;Biological sciences;0.9695844650268555;RDF301;Basic medicine and life sciences;0.9577544927597046;RDF207;Medical and biomedical engineering;0.8017030954360962;RDF303;Health sciences;0.6982265710830688;RDF107;Other natural sciences;0.43371158838272095
245;Multifarious roles of the smallest Arabidopsis thaliana MAPKKKs clade (MAPKKK19, 20 and 21) as an integrative hub for plant pathogen interactions, growth, development and reproduction (Biological Systems and Functions);RDF10;Natural sciences;0.8854353427886963;RDF30;Medical, health and life sciences;0.10704897344112396;RDF40;Agricultural and veterinary sciences;0.003920258022844791;RDF106;Biological sciences;0.9976311326026917;RDF107;Other natural sciences;0.2686535120010376;RDF301;Basic medicine and life sciences;0.2675038278102875;RDF105;Earth and related environmental sciences;0.037151824682950974;RDF303;Health sciences;0.027143429964780807
246;Occurrence et contrôle des bactéries opportunistes et bioaérosols issus des systèmes de traitement des eaux usées (Civil, Industrial and Systems Engineering);RDF10;Natural sciences;0.6146630644798279;RDF20-21;Engineering and technology;0.34919992089271545;RDF30;Medical, health and life sciences;0.019131720066070557;RDF209;Environmental biotechnology;0.9684409499168396;RDF208;Environmental engineering and related engineering;0.9554855823516846;RDF210;Industrial biotechnology;0.9449946880340576;RDF105;Earth and related environmental sciences;0.9406263828277588;RDF106;Biological sciences;0.906156063079834
247;Le confinement : étude comparée du choix d'un instrument de politique publique extrême (Political science and public administration);RDF50;Social sciences;0.7600420117378235;RDF30;Medical, health and life sciences;0.08002964407205582;RDF10;Natural sciences;0.050770681351423264;RDF506;Political science and policy administration;0.12310183048248291;RDF509;Other social sciences;0.04963507130742073;RDF605;Other humanities;0.026130756363272667;RDF503;Education;0.019512545317411423;RDF504;Sociology and related studies;0.018797073513269424
248;Valorisation des noirs de carbone recyclés de pneus usagés;RDF10;Natural sciences;0.5638278722763062;RDF20-21;Engineering and technology;0.23099938035011292;RDF50;Social sciences;0.10954345017671585;RDF105;Earth and related environmental sciences;0.8446654081344604;RDF206;Materials engineering and resources engineering;0.8063194155693054;RDF208;Environmental engineering and related engineering;0.749224841594696;RDF104;Chemical sciences;0.6534587144851685;RDF101;Mathematics and statistics;0.4902508556842804
249;"""Managing AI in Health Ecosystems"" Masterclass";RDF20-21;Engineering and technology;0.48892420530319214;RDF30;Medical, health and life sciences;0.4089106023311615;RDF40;Agricultural and veterinary sciences;0.04021180793642998;RDF503;Education;0.9808943271636963;RDF303;Health sciences;0.8783664703369141;RDF207;Medical and biomedical engineering;0.7304341197013855;RDF102;Computer and information sciences;0.7139304876327515;RDF203;Electrical engineering, computer engineering, and information engineering;0.22303840517997742
250;Novel regulatory mechanisms of the mammalian nuclear proteasome through liquid-liquid phase separation (Cell Biology – Molecular/Fundamental);RDF10;Natural sciences;0.7589653730392456;RDF30;Medical, health and life sciences;0.22555798292160034;RDF50;Social sciences;0.004697334486991167;RDF106;Biological sciences;0.9766469597816467;RDF301;Basic medicine and life sciences;0.5179937481880188;RDF107;Other natural sciences;0.06261702626943588;RDF303;Health sciences;0.022116588428616524;RDF305;Other medical sciences;0.012359920889139175
251;Integrating early neuromonitoring biomarkers to better define eligibility for therapeutic hypothermia after perinatal hypoxia-ischemia;RDF30;Medical, health and life sciences;0.6667417287826538;RDF10;Natural sciences;0.28830644488334656;RDF20-21;Engineering and technology;0.028588049113750458;RDF303;Health sciences;0.9389688968658447;RDF207;Medical and biomedical engineering;0.8993867635726929;RDF304;Medical biotechnology;0.8912444114685059;RDF106;Biological sciences;0.8418256044387817;RDF302;Clinical medicine;0.6617043018341064
252;Metasurface and Metamaterial-Inspired Devices for 5G, IoT, Sensing and Space Applications;RDF20-21;Engineering and technology;0.9943748116493225;RDF10;Natural sciences;0.003455630037933588;RDF50;Social sciences;0.0007173002231866121;RDF206;Materials engineering and resources engineering;0.8844889998435974;RDF103;Physical sciences;0.8448575735092163;RDF102;Computer and information sciences;0.8248149752616882;RDF203;Electrical engineering, computer engineering, and information engineering;0.7426084280014038;RDF212;Other engineering and technologies;0.32050222158432007
253;Cross-frequency coupling and machine learning for electrophysiological signal analysis;RDF20-21;Engineering and technology;0.932044267654419;RDF10;Natural sciences;0.03656527400016785;RDF30;Medical, health and life sciences;0.017768358811736107;RDF203;Electrical engineering, computer engineering, and information engineering;0.9276259541511536;RDF103;Physical sciences;0.45338284969329834;RDF102;Computer and information sciences;0.3466242551803589;RDF101;Mathematics and statistics;0.23161421716213226;RDF212;Other engineering and technologies;0.20681393146514893
254;Uncovering a New Cytotoxic Mechanism of Natural Killer Cells (Genes, Cells and Molecules);RDF10;Natural sciences;0.8813887238502502;RDF30;Medical, health and life sciences;0.10818992555141449;RDF20-21;Engineering and technology;0.0037601825315505266;RDF106;Biological sciences;0.9737197160720825;RDF107;Other natural sciences;0.20561504364013672;RDF303;Health sciences;0.1932234913110733;RDF305;Other medical sciences;0.0938439592719078;RDF301;Basic medicine and life sciences;0.05670464038848877
255;Actualisation de la formation sur les pratiques d'affiliation dans les Auberges du coeur du Québec;RDF50;Social sciences;0.4034048318862915;RDF30;Medical, health and life sciences;0.2444385439157486;RDF40;Agricultural and veterinary sciences;0.16882231831550598;RDF503;Education;0.9605835676193237;RDF401;Agriculture, forestry, and fisheries;0.7381975054740906;RDF509;Other social sciences;0.10194652527570724;RDF502;Economics and business administration;0.07389651238918304;RDF507;Social and economic geography;0.0634823590517044
256;Evidence for Impact: The Quebec Experience of Designing Evidence-Based Public Policy Solutions to Reform Home Care;RDF50;Social sciences;0.6122844219207764;RDF30;Medical, health and life sciences;0.3410789370536804;RDF10;Natural sciences;0.017789755016565323;RDF506;Political science and policy administration;0.9391365647315979;RDF303;Health sciences;0.8684367537498474;RDF504;Sociology and related studies;0.28076425194740295;RDF509;Other social sciences;0.135575070977211;RDF305;Other medical sciences;0.0905744805932045
257;Replicative stress as a primary determinant of chemotherapeutic outcome in ovarian cancer;RDF30;Medical, health and life sciences;0.6919536590576172;RDF10;Natural sciences;0.24450501799583435;RDF50;Social sciences;0.03739549592137337;RDF106;Biological sciences;0.9785082936286926;RDF303;Health sciences;0.967132031917572;RDF207;Medical and biomedical engineering;0.7435871958732605;RDF302;Clinical medicine;0.7274917364120483;RDF104;Chemical sciences;0.5775549411773682
258;Improved representation, impact assessment, and adaptive management of water resource systems under changing natural and anthropogenic conditions (Civil, Industrial and Systems Engineering);RDF20-21;Engineering and technology;0.9620471000671387;RDF10;Natural sciences;0.026789462193846703;RDF50;Social sciences;0.005048359744250774;RDF105;Earth and related environmental sciences;0.8812065720558167;RDF208;Environmental engineering and related engineering;0.6172242760658264;RDF206;Materials engineering and resources engineering;0.17384852468967438;RDF202;Industrial, systems and processes engineering;0.14336751401424408;RDF103;Physical sciences;0.12357700616121292
259;Le travail ensemble comme stratégie de réponse aux besoins complexes des jeunes en difficulté : comprendre les processus d'émergence de la collaboration (Education and social work);RDF50;Social sciences;0.9756659865379333;RDF30;Medical, health and life sciences;0.012671689502894878;RDF10;Natural sciences;0.0035742141772061586;RDF504;Sociology and related studies;0.9165588021278381;RDF509;Other social sciences;0.2885690927505493;RDF507;Social and economic geography;0.11114468425512314;RDF605;Other humanities;0.0918697789311409;RDF503;Education;0.063482366502285
260;Interneuronopathies and neurodevelopmental disorders (Genetics);RDF30;Medical, health and life sciences;0.746061384677887;RDF10;Natural sciences;0.24162006378173828;RDF50;Social sciences;0.0057073854841291904;RDF303;Health sciences;0.9145200252532959;RDF106;Biological sciences;0.7999897599220276;RDF207;Medical and biomedical engineering;0.3144187927246094;RDF302;Clinical medicine;0.17652960121631622;RDF305;Other medical sciences;0.11671366542577744
261;Prevention / treatment of the choroidal neovascularization by kinin receptors antagonists (Pharmacology & Toxicology);RDF30;Medical, health and life sciences;0.877215564250946;RDF10;Natural sciences;0.09943526238203049;RDF50;Social sciences;0.009537853300571442;RDF303;Health sciences;0.9340952038764954;RDF207;Medical and biomedical engineering;0.4366670548915863;RDF106;Biological sciences;0.4181176722049713;RDF104;Chemical sciences;0.31510335206985474;RDF302;Clinical medicine;0.12792474031448364
262;Entre vie et mort: images de médiation (Fine Arts, Research-Creation);RDF60;Humanities and the arts;0.9788464903831482;RDF30;Medical, health and life sciences;0.010560049675405025;RDF50;Social sciences;0.004143459722399712;RDF604;Arts (arts, history of arts, performing arts, music), architecture and design;0.934155285358429;RDF605;Other humanities;0.6125125288963318;RDF508;Media and communications;0.034979648888111115;RDF305;Other medical sciences;0.012995414435863495;RDF509;Other social sciences;0.007066400721669197
263;Identification of microbial factors to modulate immune dysregulation and treat post-COVID-19 syndrome;RDF30;Medical, health and life sciences;0.6457599401473999;RDF10;Natural sciences;0.3350158631801605;RDF40;Agricultural and veterinary sciences;0.009625088423490524;RDF106;Biological sciences;0.9741166234016418;RDF303;Health sciences;0.970436692237854;RDF207;Medical and biomedical engineering;0.9029524922370911;RDF304;Medical biotechnology;0.8547027707099915;RDF302;Clinical medicine;0.2951791286468506
264;Les effets de la pandémie de COVID-19 sur les conditions de travail et les trajectoires d'emploi des femmes au Québec: recul, maintien ou avancée? (Business, management and related fields);RDF50;Social sciences;0.9133636951446533;RDF30;Medical, health and life sciences;0.03607820346951485;RDF10;Natural sciences;0.027770383283495903;RDF502;Economics and business administration;0.9829873442649841;RDF507;Social and economic geography;0.8546422123908997;RDF504;Sociology and related studies;0.7186437249183655;RDF101;Mathematics and statistics;0.2211824208498001;RDF509;Other social sciences;0.13546065986156464
265;Data-driven Optimization of Transport Systems (Civil, Industrial and Systems Engineering);RDF20-21;Engineering and technology;0.9961551427841187;RDF10;Natural sciences;0.0019456997979432344;RDF50;Social sciences;0.0009083758341148496;RDF202;Industrial, systems and processes engineering;0.48430007696151733;RDF101;Mathematics and statistics;0.22695490717887878;RDF103;Physical sciences;0.06330840289592743;RDF212;Other engineering and technologies;0.06210312619805336;RDF204;Mechanical engineering;0.04410091042518616
266;Le tournant éclectique en architecture à travers les procès-verbaux du Conseil des Bâtiments civils (projet pilote) (Fine Arts, Research-Creation);RDF60;Humanities and the arts;0.954660177230835;RDF20-21;Engineering and technology;0.01987147144973278;RDF10;Natural sciences;0.010268991813063622;RDF604;Arts (arts, history of arts, performing arts, music), architecture and design;0.9527063369750977;RDF605;Other humanities;0.16444936394691467;RDF601;History, archaeology and related studies;0.012722708284854889;RDF505;Law and legal practice;0.010755923576653004;RDF509;Other social sciences;0.007274958770722151
267;Évolution de l'organisation du travail des directions d'établissements d'enseignement du Québec dans le contexte de la transformation des commissions scolaires en centres de services;RDF50;Social sciences;0.8992303609848022;RDF20-21;Engineering and technology;0.06329020857810974;RDF30;Medical, health and life sciences;0.016574855893850327;RDF503;Education;0.8789910078048706;RDF504;Sociology and related studies;0.6753900647163391;RDF506;Political science and policy administration;0.41755351424217224;RDF509;Other social sciences;0.2258431762456894;RDF605;Other humanities;0.037467505782842636
268;Integrating interdisciplinary perspectives on circular economy;RDF20-21;Engineering and technology;0.4322238862514496;RDF50;Social sciences;0.31594201922416687;RDF10;Natural sciences;0.12799538671970367;RDF504;Sociology and related studies;0.6563279628753662;RDF507;Social and economic geography;0.6176279783248901;RDF202;Industrial, systems and processes engineering;0.4725712835788727;RDF105;Earth and related environmental sciences;0.37028229236602783;RDF502;Economics and business administration;0.28254249691963196
269;Homeostasis of the respiratory epithelial tissue: regulatory mechanisms by ion channels (Genes, Cells and Molecules);RDF10;Natural sciences;0.6665153503417969;RDF30;Medical, health and life sciences;0.31193220615386963;RDF50;Social sciences;0.00741155119612813;RDF106;Biological sciences;0.9855937957763672;RDF301;Basic medicine and life sciences;0.7531036734580994;RDF303;Health sciences;0.6457903385162354;RDF107;Other natural sciences;0.29936113953590393;RDF207;Medical and biomedical engineering;0.14718706905841827
270;Vascular events in patients undergoing same-day noncardiac surgery (VALIANCE) - a prospective cohort and nested biobank study (Clinical Investigation – Cardiovascular Systems);RDF30;Medical, health and life sciences;0.9645351767539978;RDF10;Natural sciences;0.02145552635192871;RDF50;Social sciences;0.005041683558374643;RDF303;Health sciences;0.9876638650894165;RDF302;Clinical medicine;0.8577085733413696;RDF207;Medical and biomedical engineering;0.5160810351371765;RDF304;Medical biotechnology;0.4613277018070221;RDF106;Biological sciences;0.34048518538475037
271;Mental health Recovery from Youth Right-based Perspectives (Education and social work);RDF50;Social sciences;0.8971921801567078;RDF30;Medical, health and life sciences;0.08410639315843582;RDF60;Humanities and the arts;0.009717023931443691;RDF504;Sociology and related studies;0.43973982334136963;RDF509;Other social sciences;0.1468808799982071;RDF303;Health sciences;0.13846178352832794;RDF503;Education;0.133584663271904;RDF501;Psychology and cognitive sciences;0.13000904023647308
272;Ecosystem functioning in the landscape: a meta-ecosystem perspective (Evolution and Ecology);RDF10;Natural sciences;0.9865943193435669;RDF30;Medical, health and life sciences;0.004524438176304102;RDF50;Social sciences;0.00400842959061265;RDF105;Earth and related environmental sciences;0.9932550191879272;RDF106;Biological sciences;0.5460801124572754;RDF107;Other natural sciences;0.3460162580013275;RDF503;Education;0.03901166096329689;RDF401;Agriculture, forestry, and fisheries;0.0218436811119318
273;Multi-Fidelity Zonal Approaches to Multi-Disciplinary Aerodynamic Analysis of Transonic Aircraft;RDF20-21;Engineering and technology;0.9857103228569031;RDF10;Natural sciences;0.008893802762031555;RDF30;Medical, health and life sciences;0.001819279626943171;RDF103;Physical sciences;0.934574544429779;RDF204;Mechanical engineering;0.6897237300872803;RDF212;Other engineering and technologies;0.15027806162834167;RDF101;Mathematics and statistics;0.13730095326900482;RDF203;Electrical engineering, computer engineering, and information engineering;0.01515986118465662
274;Defining the functions and mechanisms of centrosomal RNA localization;RDF10;Natural sciences;0.8487801551818848;RDF30;Medical, health and life sciences;0.09311536699533463;RDF50;Social sciences;0.02089894376695156;RDF106;Biological sciences;0.8205413818359375;RDF107;Other natural sciences;0.27625101804733276;RDF301;Basic medicine and life sciences;0.08921626210212708;RDF305;Other medical sciences;0.07765743881464005;RDF104;Chemical sciences;0.04476431757211685
275;Collaborative improvement of moral deliberation methods: An exercise in living ethics (Mutidisciplinary or interdisciplinary social sciences);RDF50;Social sciences;0.9773579239845276;RDF60;Humanities and the arts;0.006807711906731129;RDF30;Medical, health and life sciences;0.006624084897339344;RDF603;Philosophy;0.965217649936676;RDF504;Sociology and related studies;0.935817301273346;RDF509;Other social sciences;0.5051496624946594;RDF506;Political science and policy administration;0.28552132844924927;RDF605;Other humanities;0.04590541869401932
276;The role of GABA signaling in nervous system formation and homeostasis (Genes, Cells and Molecules);RDF10;Natural sciences;0.8873002529144287;RDF30;Medical, health and life sciences;0.09166713804006577;RDF50;Social sciences;0.00868181325495243;RDF106;Biological sciences;0.9616420269012451;RDF301;Basic medicine and life sciences;0.5351439714431763;RDF107;Other natural sciences;0.1902722418308258;RDF104;Chemical sciences;0.08144666999578476;RDF303;Health sciences;0.07821886986494064
277;Elimination of senescent endothelial cells to prevent vascular dementia in aging atherosclerotic mice (Biological and Clinical Aspects of Aging);RDF10;Natural sciences;0.5366782546043396;RDF30;Medical, health and life sciences;0.45281195640563965;RDF40;Agricultural and veterinary sciences;0.0044740294106304646;RDF106;Biological sciences;0.9964618682861328;RDF303;Health sciences;0.9343951940536499;RDF207;Medical and biomedical engineering;0.8020909428596497;RDF301;Basic medicine and life sciences;0.6630147099494934;RDF304;Medical biotechnology;0.6575934290885925
278;Understanding and treating osteoarthritic pain in pet animals: An approach based on neurogenomics and neuropeptidomics manipulation (Biological Systems and Functions);RDF30;Medical, health and life sciences;0.46809616684913635;RDF10;Natural sciences;0.4449191093444824;RDF40;Agricultural and veterinary sciences;0.08202093839645386;RDF106;Biological sciences;0.9974241256713867;RDF403;Veterinary sciences;0.9727272987365723;RDF402;Animal and dairy sciences;0.9169314503669739;RDF303;Health sciences;0.7853909134864807;RDF207;Medical and biomedical engineering;0.6879445910453796
279;Optimizing risk averse decisions in data-driven problems;RDF20-21;Engineering and technology;0.5797411799430847;RDF30;Medical, health and life sciences;0.13861128687858582;RDF50;Social sciences;0.1224435493350029;RDF502;Economics and business administration;0.6709318161010742;RDF101;Mathematics and statistics;0.45250189304351807;RDF202;Industrial, systems and processes engineering;0.37501955032348633;RDF102;Computer and information sciences;0.26293644309043884;RDF203;Electrical engineering, computer engineering, and information engineering;0.1838865578174591
280;Understanding the genesis of the spliced immunopeptidome (Genes, Cells and Molecules);RDF10;Natural sciences;0.8196330666542053;RDF30;Medical, health and life sciences;0.16256192326545715;RDF50;Social sciences;0.006083234213292599;RDF106;Biological sciences;0.9593451619148254;RDF301;Basic medicine and life sciences;0.3125273287296295;RDF107;Other natural sciences;0.14348748326301575;RDF503;Education;0.113481305539608;RDF303;Health sciences;0.09244169294834137
281;Fundamental drivers of plant spectral diversity (Evolution and Ecology);RDF10;Natural sciences;0.9790945649147034;RDF30;Medical, health and life sciences;0.013235694728791714;RDF40;Agricultural and veterinary sciences;0.0030203666538000107;RDF106;Biological sciences;0.9735944271087646;RDF105;Earth and related environmental sciences;0.9348129630088806;RDF301;Basic medicine and life sciences;0.7871959805488586;RDF107;Other natural sciences;0.4402511417865753;RDF104;Chemical sciences;0.018725162371993065
282;Systematics, biogeography and evolution of northern floras (Evolution and Ecology);RDF10;Natural sciences;0.9786014556884766;RDF30;Medical, health and life sciences;0.012897363863885403;RDF50;Social sciences;0.003846108913421631;RDF106;Biological sciences;0.9919691681861877;RDF105;Earth and related environmental sciences;0.9581478834152222;RDF107;Other natural sciences;0.5370337963104248;RDF503;Education;0.08057424426078796;RDF301;Basic medicine and life sciences;0.05515776574611664
283;Development of Additive Manufacturing Superalloys with high ?' volume fraction (Materials and Chemical Engineering);RDF20-21;Engineering and technology;0.9785140752792358;RDF10;Natural sciences;0.015971418470144272;RDF30;Medical, health and life sciences;0.0016768124187365174;RDF104;Chemical sciences;0.8979640603065491;RDF205;Chemical engineering;0.8933094143867493;RDF206;Materials engineering and resources engineering;0.5562941431999207;RDF103;Physical sciences;0.2620384693145752;RDF212;Other engineering and technologies;0.03803509473800659
284;Judiciarisation des personnes souffrant de troubles mentaux : une recherche en théorisation ancrée sur la perception des patients judiciarisés et le personnel soignant (Psychosocial, Sociocultural & Behavioural Determinants of Health);RDF50;Social sciences;0.830250084400177;RDF30;Medical, health and life sciences;0.15246006846427917;RDF10;Natural sciences;0.008463725447654724;RDF303;Health sciences;0.9521309733390808;RDF504;Sociology and related studies;0.9484418034553528;RDF505;Law and legal practice;0.7876046299934387;RDF501;Psychology and cognitive sciences;0.7542820572853088;RDF305;Other medical sciences;0.4124857783317566
285;Methods of initiation and mitigation of thermal runaway in lithium-ion batteries;RDF20-21;Engineering and technology;0.9402111172676086;RDF10;Natural sciences;0.04175614193081856;RDF30;Medical, health and life sciences;0.010064305737614632;RDF103;Physical sciences;0.8991213440895081;RDF104;Chemical sciences;0.869714617729187;RDF205;Chemical engineering;0.726085901260376;RDF203;Electrical engineering, computer engineering, and information engineering;0.6700147390365601;RDF206;Materials engineering and resources engineering;0.5360036492347717
286;Automated AI-supported methane plume detection from satellite and aircraft images;RDF20-21;Engineering and technology;0.5055192112922668;RDF10;Natural sciences;0.4549180269241333;RDF30;Medical, health and life sciences;0.015117006376385689;RDF105;Earth and related environmental sciences;0.9760150909423828;RDF208;Environmental engineering and related engineering;0.905823290348053;RDF103;Physical sciences;0.8509027361869812;RDF104;Chemical sciences;0.77390056848526;RDF205;Chemical engineering;0.6203342080116272
287;From domain-specific languages to domain-specific environments (Computer Science);RDF20-21;Engineering and technology;0.9915968775749207;RDF10;Natural sciences;0.0029417488258332014;RDF30;Medical, health and life sciences;0.0016533975722268224;RDF102;Computer and information sciences;0.9910492897033691;RDF203;Electrical engineering, computer engineering, and information engineering;0.8985887169837952;RDF212;Other engineering and technologies;0.07126733660697937;RDF602;Languages and literature;0.006797531619668007;RDF503;Education;0.005865338258445263
288;Magnetic Field Characterization and Mapping for Artifact Mitigation in MRI;RDF20-21;Engineering and technology;0.8001000285148621;RDF30;Medical, health and life sciences;0.13428261876106262;RDF10;Natural sciences;0.057845957577228546;RDF103;Physical sciences;0.9514588713645935;RDF207;Medical and biomedical engineering;0.7568970322608948;RDF304;Medical biotechnology;0.39752906560897827;RDF303;Health sciences;0.2133771777153015;RDF203;Electrical engineering, computer engineering, and information engineering;0.19307130575180054
289;La médiatisation de l'opinion publique au Canada (Political science and public administration);RDF50;Social sciences;0.9248614311218262;RDF60;Humanities and the arts;0.028409788385033607;RDF10;Natural sciences;0.01584334298968315;RDF508;Media and communications;0.23196199536323547;RDF504;Sociology and related studies;0.22270016372203827;RDF503;Education;0.10585583001375198;RDF509;Other social sciences;0.07772742211818695;RDF605;Other humanities;0.04755840450525284
290;Entrepreneuring as Relational Process: Tracing the Trajectories of Entrepreneurial Projects (Communications, media studies, gender studies, library and information science, related fields);RDF50;Social sciences;0.9047098159790039;RDF60;Humanities and the arts;0.04932517185807228;RDF20-21;Engineering and technology;0.02104939892888069;RDF509;Other social sciences;0.5301868319511414;RDF605;Other humanities;0.3102239668369293;RDF504;Sociology and related studies;0.2667391300201416;RDF508;Media and communications;0.22354651987552643;RDF603;Philosophy;0.12389465421438217
291;Physiotherapy care in Emergency Departments for Patients with Musculoskeletal Disorders: A Pragmatic Cluster Randomized Controlled Trial and Cost Analysis (Clinical Investigation – Arthritis, Bone, Skin and Cartilage);RDF30;Medical, health and life sciences;0.9837767481803894;RDF10;Natural sciences;0.007294364273548126;RDF50;Social sciences;0.0035828715190291405;RDF303;Health sciences;0.994379997253418;RDF302;Clinical medicine;0.9554440379142761;RDF103;Physical sciences;0.6595147848129272;RDF207;Medical and biomedical engineering;0.2991563379764557;RDF305;Other medical sciences;0.10370323807001114
292;Le numérique et les études médiévales : enjeux pédagogiques et formation par la recherche;RDF50;Social sciences;0.7392695546150208;RDF20-21;Engineering and technology;0.11254333704710007;RDF60;Humanities and the arts;0.0854513943195343;RDF503;Education;0.9547318816184998;RDF504;Sociology and related studies;0.6289772987365723;RDF605;Other humanities;0.4477168321609497;RDF601;History, archaeology and related studies;0.35709095001220703;RDF509;Other social sciences;0.34989362955093384
293;High power density motors for aeronautics manufactured by cold spraying;RDF20-21;Engineering and technology;0.990463137626648;RDF10;Natural sciences;0.006052772048860788;RDF30;Medical, health and life sciences;0.000991955166682601;RDF204;Mechanical engineering;0.9880620241165161;RDF103;Physical sciences;0.36690157651901245;RDF202;Industrial, systems and processes engineering;0.13980692625045776;RDF203;Electrical engineering, computer engineering, and information engineering;0.06572466343641281;RDF104;Chemical sciences;0.040654849261045456
294;Cholesterol metabolism and regulation of the senescence-associated secretory phenotype in retinopathy (Systems & Circuits Neurosciences);RDF10;Natural sciences;0.5491630434989929;RDF30;Medical, health and life sciences;0.4095005989074707;RDF50;Social sciences;0.017193445935845375;RDF106;Biological sciences;0.9317114949226379;RDF301;Basic medicine and life sciences;0.26350462436676025;RDF303;Health sciences;0.1775968223810196;RDF207;Medical and biomedical engineering;0.17476211488246918;RDF305;Other medical sciences;0.06176270544528961
295;Second-order Hessian-free methods for statistical learning and stochastic optimization (Civil, Industrial and Systems Engineering);RDF20-21;Engineering and technology;0.9786420464515686;RDF10;Natural sciences;0.010496162809431553;RDF50;Social sciences;0.005957217421382666;RDF101;Mathematics and statistics;0.9793145656585693;RDF202;Industrial, systems and processes engineering;0.4738588333129883;RDF212;Other engineering and technologies;0.18046747148036957;RDF102;Computer and information sciences;0.08479540795087814;RDF103;Physical sciences;0.07585817575454712
296;Ecosystemic thinking: integrating ecosystem assessment to the strategic thinking process;RDF10;Natural sciences;0.6766533851623535;RDF20-21;Engineering and technology;0.19800542294979095;RDF50;Social sciences;0.051419150084257126;RDF105;Earth and related environmental sciences;0.9515939950942993;RDF208;Environmental engineering and related engineering;0.90320885181427;RDF106;Biological sciences;0.501777708530426;RDF107;Other natural sciences;0.3228994905948639;RDF212;Other engineering and technologies;0.18046745657920837
297;Brain-body interactions during bipedalism (Biological Systems and Functions);RDF10;Natural sciences;0.5379170775413513;RDF30;Medical, health and life sciences;0.4583110809326172;RDF50;Social sciences;0.001507950364612043;RDF106;Biological sciences;0.9983927607536316;RDF301;Basic medicine and life sciences;0.9795701503753662;RDF207;Medical and biomedical engineering;0.3860399127006531;RDF107;Other natural sciences;0.37062397599220276;RDF303;Health sciences;0.1886974424123764
298;Multiaxial electro-mechanical tensile tester for stretchable electronics (Materials and Chemical Engineering);RDF20-21;Engineering and technology;0.9906739592552185;RDF10;Natural sciences;0.005208742804825306;RDF30;Medical, health and life sciences;0.0019578030332922935;RDF103;Physical sciences;0.7790698409080505;RDF205;Chemical engineering;0.617973804473877;RDF204;Mechanical engineering;0.42318984866142273;RDF203;Electrical engineering, computer engineering, and information engineering;0.22832851111888885;RDF212;Other engineering and technologies;0.13660839200019836
299;Development and Update of Quantitative Pharmacology Concepts and Computational Models for a Better Understanding of Drug Fate and Action (Mathematics and Statistics);RDF10;Natural sciences;0.6068248152732849;RDF30;Medical, health and life sciences;0.262205570936203;RDF20-21;Engineering and technology;0.07192844152450562;RDF101;Mathematics and statistics;0.9437118172645569;RDF104;Chemical sciences;0.7795736789703369;RDF303;Health sciences;0.6995110511779785;RDF207;Medical and biomedical engineering;0.2127222716808319;RDF107;Other natural sciences;0.0678548738360405
300;Frontières vécues dans les institutions éducatives québécoises. Discours des cégépiennes musulmanes issues de l'immigration à Montréal (Education and social work);RDF50;Social sciences;0.8501508831977844;RDF60;Humanities and the arts;0.0993536114692688;RDF30;Medical, health and life sciences;0.025541048496961594;RDF503;Education;0.882933497428894;RDF602;Languages and literature;0.881665825843811;RDF504;Sociology and related studies;0.5767058730125427;RDF605;Other humanities;0.31473466753959656;RDF509;Other social sciences;0.11879339814186096
301;Non-invasive 4D thoracic imaging infrastructure to support decision-making in the management of lung diseases in intensive care units (ICU) (Electrical and Computer Engineering);RDF20-21;Engineering and technology;0.8909792304039001;RDF30;Medical, health and life sciences;0.0869254320859909;RDF10;Natural sciences;0.01612873375415802;RDF303;Health sciences;0.6020908355712891;RDF103;Physical sciences;0.28611937165260315;RDF212;Other engineering and technologies;0.20473913848400116;RDF305;Other medical sciences;0.16566058993339539;RDF203;Electrical engineering, computer engineering, and information engineering;0.1564912348985672
302;La participation à la société québécoise : exploration de la perception des jeunes issus de l'immigration, de première et de deuxième génération (JIPDG), élèves et étudiants au secondaire et au cegep francophones (Education and social work);RDF50;Social sciences;0.9733511805534363;RDF60;Humanities and the arts;0.010257515124976635;RDF30;Medical, health and life sciences;0.007667533587664366;RDF504;Sociology and related studies;0.9731643199920654;RDF503;Education;0.7721872925758362;RDF507;Social and economic geography;0.7420480251312256;RDF605;Other humanities;0.30492061376571655;RDF509;Other social sciences;0.21958842873573303
303;Reshaping the urban water management paradigm: towards a new decision-support framework for the sustainable design of hybrid systems;RDF20-21;Engineering and technology;0.6792888045310974;RDF10;Natural sciences;0.24704530835151672;RDF50;Social sciences;0.03537368401885033;RDF105;Earth and related environmental sciences;0.9553607702255249;RDF208;Environmental engineering and related engineering;0.9064877033233643;RDF206;Materials engineering and resources engineering;0.5248113870620728;RDF201;Civil engineering, maritime engineering, transport engineering, and mining engineering;0.37711042165756226;RDF205;Chemical engineering;0.24567270278930664
304;L'activité musculaire des pianistes au service de la production sonore et de l'expression musicale (Multidisciplinary or interdisciplinary humanities);RDF60;Humanities and the arts;0.9315498471260071;RDF50;Social sciences;0.031137479469180107;RDF30;Medical, health and life sciences;0.012853891588747501;RDF604;Arts (arts, history of arts, performing arts, music), architecture and design;0.15687835216522217;RDF509;Other social sciences;0.08434178680181503;RDF605;Other humanities;0.07892588526010513;RDF503;Education;0.04552200809121132;RDF504;Sociology and related studies;0.044265881180763245
305;Extraction, migration et mise en place de granite-pegmatite orogénique: construire les vecteurs d'exploration de métaux critiques;RDF20-21;Engineering and technology;0.8258522152900696;RDF10;Natural sciences;0.14421404898166656;RDF50;Social sciences;0.015836451202630997;RDF206;Materials engineering and resources engineering;0.9767802357673645;RDF201;Civil engineering, maritime engineering, transport engineering, and mining engineering;0.90320885181427;RDF105;Earth and related environmental sciences;0.769946277141571;RDF204;Mechanical engineering;0.412456214427948;RDF212;Other engineering and technologies;0.2980314791202545
306;Mon genou pourrait aller mieux;RDF30;Medical, health and life sciences;0.9493690133094788;RDF60;Humanities and the arts;0.01195079181343317;RDF50;Social sciences;0.011628439649939537;RDF303;Health sciences;0.9663788080215454;RDF301;Basic medicine and life sciences;0.5524038672447205;RDF207;Medical and biomedical engineering;0.34903332591056824;RDF305;Other medical sciences;0.10908732563257217;RDF304;Medical biotechnology;0.06602513790130615
307;Learning sensorimotor maps through curiosity (Biological Systems and Functions);RDF10;Natural sciences;0.6668257117271423;RDF30;Medical, health and life sciences;0.32308629155158997;RDF50;Social sciences;0.0029322525952011347;RDF106;Biological sciences;0.9934357404708862;RDF503;Education;0.9312127232551575;RDF301;Basic medicine and life sciences;0.8644821643829346;RDF107;Other natural sciences;0.09560246765613556;RDF303;Health sciences;0.03050205297768116
308;Improving the Quality Assurance of Machine-Learning Software Applications (Computer Science);RDF20-21;Engineering and technology;0.9958633780479431;RDF10;Natural sciences;0.001647589378990233;RDF30;Medical, health and life sciences;0.0008514256915077567;RDF102;Computer and information sciences;0.9958579540252686;RDF203;Electrical engineering, computer engineering, and information engineering;0.9305845499038696;RDF212;Other engineering and technologies;0.07490526139736176;RDF101;Mathematics and statistics;0.024633383378386497;RDF202;Industrial, systems and processes engineering;0.004022909794002771
309;Mobilizing evidence into the effective treatment of sexual offenders: A feasibility study;RDF50;Social sciences;0.6208646297454834;RDF30;Medical, health and life sciences;0.2877436876296997;RDF20-21;Engineering and technology;0.04239502549171448;RDF505;Law and legal practice;0.8763171434402466;RDF207;Medical and biomedical engineering;0.6623597741127014;RDF302;Clinical medicine;0.3214600086212158;RDF506;Political science and policy administration;0.23135364055633545;RDF303;Health sciences;0.2123953402042389
310;Simulation of large scale MaaS;RDF20-21;Engineering and technology;0.742193341255188;RDF30;Medical, health and life sciences;0.22277885675430298;RDF10;Natural sciences;0.014232217334210873;RDF204;Mechanical engineering;0.9100670218467712;RDF206;Materials engineering and resources engineering;0.8872045874595642;RDF102;Computer and information sciences;0.8655653595924377;RDF202;Industrial, systems and processes engineering;0.8104788661003113;RDF103;Physical sciences;0.3489224314689636
311;PRevention of COVID-19 with high dose Oral Vitamin D supplemental Therapy in Essential healthCare Teams (PROTECT);RDF30;Medical, health and life sciences;0.9378732442855835;RDF10;Natural sciences;0.041328173130750656;RDF50;Social sciences;0.008130056783556938;RDF303;Health sciences;0.9882221817970276;RDF207;Medical and biomedical engineering;0.8552477359771729;RDF302;Clinical medicine;0.5719160437583923;RDF304;Medical biotechnology;0.4430280327796936;RDF305;Other medical sciences;0.14116297662258148
312;Decrypting nociceptive signaling pathways in Caenorhabditis elegans using behavioral analysis and mass spectrometry-based proteomics (Genes, Cells and Molecules);RDF10;Natural sciences;0.840498149394989;RDF30;Medical, health and life sciences;0.13697326183319092;RDF20-21;Engineering and technology;0.009502670727670193;RDF106;Biological sciences;0.9919691681861877;RDF301;Basic medicine and life sciences;0.3483125567436218;RDF107;Other natural sciences;0.18249836564064026;RDF104;Chemical sciences;0.09687653928995132;RDF305;Other medical sciences;0.06681232899427414
313;Suivre les affaires et les auteurs de violence conjugale : vers une meilleure compréhension du cheminement pénal et de la récidive (Law and criminology);RDF50;Social sciences;0.7750899195671082;RDF30;Medical, health and life sciences;0.07825794816017151;RDF10;Natural sciences;0.054739657789468765;RDF505;Law and legal practice;0.9534053206443787;RDF509;Other social sciences;0.04401865229010582;RDF504;Sociology and related studies;0.0383940190076828;RDF506;Political science and policy administration;0.033875979483127594;RDF605;Other humanities;0.007651031017303467
314;Dissection of non-canonical DNA damage response mechanisms controlling the senescence program (Genes, Cells and Molecules);RDF10;Natural sciences;0.8559999465942383;RDF30;Medical, health and life sciences;0.1271088421344757;RDF50;Social sciences;0.0055738757364451885;RDF106;Biological sciences;0.9787938594818115;RDF301;Basic medicine and life sciences;0.15146657824516296;RDF107;Other natural sciences;0.12597651779651642;RDF303;Health sciences;0.029256708920001984;RDF305;Other medical sciences;0.027506805956363678
315;Comment habiter le territoire québécois de façon sobre et résiliente dans un contexte de transition écologique?;RDF50;Social sciences;0.6698841452598572;RDF60;Humanities and the arts;0.09579002112150192;RDF10;Natural sciences;0.07902590930461884;RDF105;Earth and related environmental sciences;0.9240047335624695;RDF504;Sociology and related studies;0.8362873196601868;RDF605;Other humanities;0.7138806581497192;RDF507;Social and economic geography;0.7049732804298401;RDF603;Philosophy;0.584923267364502
316;Deafness Induced Brain Reorganization: a research program to examine how deafness modifies cortical functions and affects compensatory vision and auditory performance following cochlear implantation (Behavioural Sciences – Behavioural Studies, Neuroscience and Cognition);RDF30;Medical, health and life sciences;0.42331528663635254;RDF10;Natural sciences;0.3878873288631439;RDF50;Social sciences;0.11465927213430405;RDF501;Psychology and cognitive sciences;0.5637157559394836;RDF303;Health sciences;0.1125025525689125;RDF305;Other medical sciences;0.08517511188983917;RDF106;Biological sciences;0.061031121760606766;RDF301;Basic medicine and life sciences;0.05223085731267929
317;Multiscale modeling of multiphase flows in chemical engineering processes (Materials and Chemical Engineering);RDF20-21;Engineering and technology;0.928346574306488;RDF10;Natural sciences;0.05766189470887184;RDF30;Medical, health and life sciences;0.005530942231416702;RDF205;Chemical engineering;0.9930017590522766;RDF104;Chemical sciences;0.955734133720398;RDF103;Physical sciences;0.3583250045776367;RDF105;Earth and related environmental sciences;0.05608105659484863;RDF107;Other natural sciences;0.04547959566116333
318;Soutien à la mobilisation des milieux scolaires pour la mise en oeuvre de mesures intégrées et structurées favorisant la socialisation des élèves, leur bien-être psychologique, ainsi que la prévention de la violence;RDF50;Social sciences;0.8221665620803833;RDF30;Medical, health and life sciences;0.08156466484069824;RDF60;Humanities and the arts;0.03470570221543312;RDF503;Education;0.9956768751144409;RDF504;Sociology and related studies;0.5320756435394287;RDF605;Other humanities;0.38914021849632263;RDF509;Other social sciences;0.29163607954978943;RDF506;Political science and policy administration;0.26279452443122864
319;La Trajectoire du mouvement debussyste (1895-1923) : Style, réception, implantation institutionnelle (Fine Arts, Research-Creation);RDF60;Humanities and the arts;0.9165264964103699;RDF50;Social sciences;0.06200602650642395;RDF10;Natural sciences;0.00869186781346798;RDF601;History, archaeology and related studies;0.913135826587677;RDF604;Arts (arts, history of arts, performing arts, music), architecture and design;0.8748277425765991;RDF605;Other humanities;0.5658236145973206;RDF509;Other social sciences;0.3940260708332062;RDF504;Sociology and related studies;0.10720358043909073
320;High-order Geometry, Mesh and Adaptivity for Fluid-Structure Interaction Simulations (Mechanical Engineering);RDF20-21;Engineering and technology;0.9936702847480774;RDF10;Natural sciences;0.0031812202651053667;RDF30;Medical, health and life sciences;0.0012803180143237114;RDF204;Mechanical engineering;0.9992460012435913;RDF103;Physical sciences;0.8178656101226807;RDF206;Materials engineering and resources engineering;0.27781572937965393;RDF212;Other engineering and technologies;0.07343005388975143;RDF102;Computer and information sciences;0.06998537480831146
321;Computational analysis and modeling of ribonucleic acid structure, function, and dynamics (Genes, Cells and Molecules);RDF10;Natural sciences;0.8189711570739746;RDF30;Medical, health and life sciences;0.1045280173420906;RDF20-21;Engineering and technology;0.04674781858921051;RDF106;Biological sciences;0.6676895618438721;RDF107;Other natural sciences;0.14627008140087128;RDF102;Computer and information sciences;0.07017629593610764;RDF301;Basic medicine and life sciences;0.06459446251392365;RDF605;Other humanities;0.02742854133248329
322;Stratégies d'épargne transfusionnelle et de prévention de la pénurie de produits sanguins labiles : de l'utilisation clinique appropriée à l'élargissement du pool de donneurs;RDF30;Medical, health and life sciences;0.8183584213256836;RDF40;Agricultural and veterinary sciences;0.06981679797172546;RDF10;Natural sciences;0.06255282461643219;RDF303;Health sciences;0.9463492631912231;RDF207;Medical and biomedical engineering;0.902609646320343;RDF403;Veterinary sciences;0.7743275165557861;RDF106;Biological sciences;0.6043696999549866;RDF304;Medical biotechnology;0.48433056473731995
323;Relaxation, friction interne et ondes gravitationnelles (Physics);RDF10;Natural sciences;0.9747156500816345;RDF20-21;Engineering and technology;0.011392178945243359;RDF30;Medical, health and life sciences;0.004861585330218077;RDF103;Physical sciences;0.9997169971466064;RDF503;Education;0.15418486297130585;RDF107;Other natural sciences;0.07772742211818695;RDF303;Health sciences;0.005819959565997124;RDF305;Other medical sciences;0.0044165560975670815
324;Penser la citoyenneté vécue des femmes dans les pratiques participatives du care au quotidien en Amérique latine : Le cas des cuisines communautaires de la ville de Mexico (Political science and public administration);RDF50;Social sciences;0.7155228853225708;RDF60;Humanities and the arts;0.1352328360080719;RDF30;Medical, health and life sciences;0.07735492289066315;RDF603;Philosophy;0.7116814255714417;RDF504;Sociology and related studies;0.09417666494846344;RDF605;Other humanities;0.06198945268988609;RDF509;Other social sciences;0.040654849261045456;RDF506;Political science and policy administration;0.037785764783620834
325;Statistical analysis of microbiome longitudinal data with multiplex networks (Evolution and Ecology);RDF10;Natural sciences;0.6600692272186279;RDF30;Medical, health and life sciences;0.295489639043808;RDF50;Social sciences;0.02267472632229328;RDF106;Biological sciences;0.9698425531387329;RDF101;Mathematics and statistics;0.9374975562095642;RDF107;Other natural sciences;0.2678867280483246;RDF301;Basic medicine and life sciences;0.17752550542354584;RDF105;Earth and related environmental sciences;0.15771976113319397
326;Reaction mechanisms of catalytic reactions using earth-abundant metals (Chemistry);RDF10;Natural sciences;0.990289032459259;RDF30;Medical, health and life sciences;0.003441431326791644;RDF20-21;Engineering and technology;0.0022746471222490072;RDF104;Chemical sciences;0.9990034103393555;RDF107;Other natural sciences;0.06227397918701172;RDF105;Earth and related environmental sciences;0.042802147567272186;RDF103;Physical sciences;0.03371654078364372;RDF503;Education;0.0333683080971241
327;Investigation of a novel tumor suppressor mechanism in medulloblastoma;RDF30;Medical, health and life sciences;0.536457896232605;RDF10;Natural sciences;0.4344368577003479;RDF50;Social sciences;0.009626119397580624;RDF106;Biological sciences;0.9805620312690735;RDF303;Health sciences;0.9639160633087158;RDF207;Medical and biomedical engineering;0.8579466938972473;RDF304;Medical biotechnology;0.6331834197044373;RDF305;Other medical sciences;0.2687014937400818
328;Autonomous security for complex systems (Computer Science);RDF20-21;Engineering and technology;0.9948222041130066;RDF10;Natural sciences;0.002240862464532256;RDF30;Medical, health and life sciences;0.000977050163783133;RDF102;Computer and information sciences;0.9922143220901489;RDF203;Electrical engineering, computer engineering, and information engineering;0.9638140201568604;RDF212;Other engineering and technologies;0.06590478867292404;RDF503;Education;0.011800596490502357;RDF202;Industrial, systems and processes engineering;0.007417379878461361
329;Résonance et altération audiovisuelles: pour une pensée sonore de la vidéo et du cinéma expérimental (Fine arts, research-creation);RDF60;Humanities and the arts;0.9509463906288147;RDF20-21;Engineering and technology;0.024948975071310997;RDF10;Natural sciences;0.012278481386601925;RDF604;Arts (arts, history of arts, performing arts, music), architecture and design;0.7888273000717163;RDF508;Media and communications;0.5087785720825195;RDF605;Other humanities;0.1652560532093048;RDF212;Other engineering and technologies;0.04080747440457344;RDF603;Philosophy;0.030300550162792206
330;Concentration of measure on quantum states (Computer Science);RDF20-21;Engineering and technology;0.8274396061897278;RDF10;Natural sciences;0.09515378624200821;RDF30;Medical, health and life sciences;0.02965049259364605;RDF102;Computer and information sciences;0.9002670049667358;RDF103;Physical sciences;0.09816574305295944;RDF212;Other engineering and technologies;0.05103542283177376;RDF203;Electrical engineering, computer engineering, and information engineering;0.044431429356336594;RDF101;Mathematics and statistics;0.0383940190076828
331;The use of facial information from developmental prosopagnosics to super-recognizers (Biological Systems and Functions);RDF30;Medical, health and life sciences;0.5403009653091431;RDF10;Natural sciences;0.45055750012397766;RDF60;Humanities and the arts;0.00292523973621428;RDF106;Biological sciences;0.9950851202011108;RDF301;Basic medicine and life sciences;0.9386322498321533;RDF303;Health sciences;0.7865408658981323;RDF207;Medical and biomedical engineering;0.770810067653656;RDF107;Other natural sciences;0.5104241371154785
332;Raman spectroscopy platform integrating highly sensitive photonic devices, nanostructured surfaces and machine learning for on-site detection of multiple diseases;RDF20-21;Engineering and technology;0.6129640340805054;RDF10;Natural sciences;0.26505234837532043;RDF30;Medical, health and life sciences;0.09400107711553574;RDF103;Physical sciences;0.5987228751182556;RDF303;Health sciences;0.584019124507904;RDF104;Chemical sciences;0.5408935546875;RDF211;Nano-technology;0.3205553889274597;RDF205;Chemical engineering;0.24807849526405334
333;Capillary stalling and hypoxic micropockets: two sides of the same phenomena? (Cardiovascular System – Vascular System);RDF10;Natural sciences;0.49954551458358765;RDF30;Medical, health and life sciences;0.4841761291027069;RDF50;Social sciences;0.00530567392706871;RDF106;Biological sciences;0.9237987995147705;RDF303;Health sciences;0.8776341676712036;RDF207;Medical and biomedical engineering;0.8418256640434265;RDF301;Basic medicine and life sciences;0.3957177996635437;RDF304;Medical biotechnology;0.29650142788887024
334;Crime sans châtiment : compétences et réussite criminelle (Law and criminology);RDF50;Social sciences;0.9393680691719055;RDF10;Natural sciences;0.016639431938529015;RDF30;Medical, health and life sciences;0.013318033888936043;RDF505;Law and legal practice;0.8433798551559448;RDF509;Other social sciences;0.04885777458548546;RDF504;Sociology and related studies;0.030271869152784348;RDF506;Political science and policy administration;0.018369637429714203;RDF605;Other humanities;0.0073173982091248035
335;Crop rhizosphere response to environmental stress (Biological Systems and Functions);RDF10;Natural sciences;0.9223605990409851;RDF40;Agricultural and veterinary sciences;0.059195321053266525;RDF30;Medical, health and life sciences;0.016445975750684738;RDF106;Biological sciences;0.9985868334770203;RDF105;Earth and related environmental sciences;0.9400785565376282;RDF401;Agriculture, forestry, and fisheries;0.8812066316604614;RDF301;Basic medicine and life sciences;0.8108536005020142;RDF209;Environmental biotechnology;0.7125822901725769
336;Towards remission and full recovery from obsessive-compulsive disorder: Investigating the efficacy of Inference-Based Cognitive-Behavioral Therapy when standard treatment has failed;RDF30;Medical, health and life sciences;0.8681694865226746;RDF50;Social sciences;0.07374157011508942;RDF10;Natural sciences;0.03507198020815849;RDF501;Psychology and cognitive sciences;0.9861646890640259;RDF303;Health sciences;0.9711564779281616;RDF302;Clinical medicine;0.3383503556251526;RDF305;Other medical sciences;0.2454465627670288;RDF207;Medical and biomedical engineering;0.23572362959384918
337;Soft coral flexibility: its impact on hydrodynamic loads, feeding and a way to measure flow velocity;RDF10;Natural sciences;0.9446246027946472;RDF30;Medical, health and life sciences;0.019132215529680252;RDF40;Agricultural and veterinary sciences;0.017217129468917847;RDF105;Earth and related environmental sciences;0.9395816326141357;RDF106;Biological sciences;0.9134451746940613;RDF208;Environmental engineering and related engineering;0.7052778005599976;RDF107;Other natural sciences;0.560636043548584;RDF209;Environmental biotechnology;0.41856321692466736
338;Sexual selection and the evolution of cognition (Evolution and Ecology);RDF10;Natural sciences;0.9357913136482239;RDF30;Medical, health and life sciences;0.046092502772808075;RDF50;Social sciences;0.009502441622316837;RDF106;Biological sciences;0.9888420104980469;RDF301;Basic medicine and life sciences;0.18587331473827362;RDF107;Other natural sciences;0.17974641919136047;RDF105;Earth and related environmental sciences;0.15810935199260712;RDF603;Philosophy;0.10132237523794174
339;Characterization of lincRNA-miRNA networks (Genes, Cells and Molecules);RDF10;Natural sciences;0.9116941094398499;RDF30;Medical, health and life sciences;0.06764208525419235;RDF20-21;Engineering and technology;0.008106354624032974;RDF106;Biological sciences;0.8750948309898376;RDF301;Basic medicine and life sciences;0.22850064933300018;RDF107;Other natural sciences;0.17831110954284668;RDF305;Other medical sciences;0.026759283617138863;RDF104;Chemical sciences;0.026056304574012756
340;Rétroaction corrective écrite : à quel moment et pour qui? (Education and social work);RDF50;Social sciences;0.9558367729187012;RDF30;Medical, health and life sciences;0.01696813479065895;RDF60;Humanities and the arts;0.014485294930636883;RDF603;Philosophy;0.8403900265693665;RDF504;Sociology and related studies;0.7257457971572876;RDF503;Education;0.6908720135688782;RDF509;Other social sciences;0.24301311373710632;RDF506;Political science and policy administration;0.138753280043602
341;EDITH: Efficient Design for Intelligent devices exploiting emerging TecHnologies (Electrical and Computer Engineering);RDF20-21;Engineering and technology;0.9964095950126648;RDF10;Natural sciences;0.0014690665993839502;RDF50;Social sciences;0.0007848003297112882;RDF102;Computer and information sciences;0.929440438747406;RDF203;Electrical engineering, computer engineering, and information engineering;0.25534364581108093;RDF503;Education;0.062273986637592316;RDF212;Other engineering and technologies;0.044973570853471756;RDF103;Physical sciences;0.039564553648233414
342;When Pain Drives you N. U. T. S.: A mixed methods approach to investigating triggers of the stress response and multidimensional pain outcomes in a sample of individuals suffering from chronic low back pain (Psychosocial, Sociocultural & Behavioural Determinants of Health);RDF30;Medical, health and life sciences;0.5870845317840576;RDF10;Natural sciences;0.21560755372047424;RDF50;Social sciences;0.17244376242160797;RDF303;Health sciences;0.9909446835517883;RDF501;Psychology and cognitive sciences;0.754191517829895;RDF107;Other natural sciences;0.5821940898895264;RDF207;Medical and biomedical engineering;0.341802179813385;RDF305;Other medical sciences;0.2950775623321533
343;Preclinical development of highly potent and orally bioavailable PCSK9 inhibitors for patients at high cardiovascular risk;RDF30;Medical, health and life sciences;0.7806255221366882;RDF10;Natural sciences;0.1827854961156845;RDF20-21;Engineering and technology;0.017586415633559227;RDF303;Health sciences;0.9725453853607178;RDF106;Biological sciences;0.9315248131752014;RDF207;Medical and biomedical engineering;0.8473371863365173;RDF304;Medical biotechnology;0.8158934712409973;RDF104;Chemical sciences;0.3300931751728058
344;Targeting 14-3-3zeta to promote human pancreatic beta-cell proliferation (Diabetes, Obesity, Lipid & Lipoprotein Disorders);RDF30;Medical, health and life sciences;0.7212771773338318;RDF10;Natural sciences;0.26327812671661377;RDF20-21;Engineering and technology;0.007615930866450071;RDF106;Biological sciences;0.9875683784484863;RDF303;Health sciences;0.9718592762947083;RDF207;Medical and biomedical engineering;0.9340350031852722;RDF304;Medical biotechnology;0.9179669618606567;RDF104;Chemical sciences;0.48965984582901
345;Colloque scientifique annuel de l'Équipe de recherche interdisciplinaire sur les familles réfugiées et demandeuses d'asile;RDF50;Social sciences;0.8596636056900024;RDF30;Medical, health and life sciences;0.07496999949216843;RDF10;Natural sciences;0.03174429386854172;RDF504;Sociology and related studies;0.843766450881958;RDF506;Political science and policy administration;0.7329742908477783;RDF605;Other humanities;0.5714975595474243;RDF509;Other social sciences;0.4696228802204132;RDF305;Other medical sciences;0.11303995549678802
346;Machine Learning in the Presence of Model-Dependent Data (Computer Science);RDF20-21;Engineering and technology;0.9808255434036255;RDF10;Natural sciences;0.007229994982481003;RDF30;Medical, health and life sciences;0.004551003221422434;RDF102;Computer and information sciences;0.9922143220901489;RDF203;Electrical engineering, computer engineering, and information engineering;0.8502200841903687;RDF212;Other engineering and technologies;0.08359066396951675;RDF101;Mathematics and statistics;0.049085184931755066;RDF503;Education;0.030996832996606827
347;Sustainable mobility in Canadian cities: Towards an integrated measurement and understanding of the performance of land use and transport systems and their impacts on travel behavior (Civil, Industrial and Systems Engineering);RDF20-21;Engineering and technology;0.9517861604690552;RDF10;Natural sciences;0.02119261771440506;RDF50;Social sciences;0.019089926034212112;RDF202;Industrial, systems and processes engineering;0.20561504364013672;RDF105;Earth and related environmental sciences;0.17745421826839447;RDF101;Mathematics and statistics;0.13488984107971191;RDF103;Physical sciences;0.10158944129943848;RDF212;Other engineering and technologies;0.0653061494231224
348;L'enseignement de l'écriture par les enseignants de littérature et de philosophie du collégial (Education and social work);RDF50;Social sciences;0.5843748450279236;RDF60;Humanities and the arts;0.31555458903312683;RDF30;Medical, health and life sciences;0.02946602553129196;RDF503;Education;0.9955919981002808;RDF602;Languages and literature;0.8140528202056885;RDF605;Other humanities;0.19110113382339478;RDF509;Other social sciences;0.052960772067308426;RDF504;Sociology and related studies;0.04804735630750656
349;Investigating the metabolic determinants of triple-negative breast cancer progression through chromatin dependencies (Cancer Progression & Therapeutics);RDF30;Medical, health and life sciences;0.6067443490028381;RDF10;Natural sciences;0.36568042635917664;RDF50;Social sciences;0.01195739209651947;RDF106;Biological sciences;0.9843814373016357;RDF303;Health sciences;0.9207183718681335;RDF207;Medical and biomedical engineering;0.19314737617969513;RDF305;Other medical sciences;0.06797851622104645;RDF104;Chemical sciences;0.06008664891123772
350;Modélisation et mesure des risques financiers (Mathematics and Statistics);RDF20-21;Engineering and technology;0.47552749514579773;RDF50;Social sciences;0.3395124673843384;RDF10;Natural sciences;0.09511148184537888;RDF101;Mathematics and statistics;0.9920773506164551;RDF502;Economics and business administration;0.5556010603904724;RDF503;Education;0.05566892772912979;RDF212;Other engineering and technologies;0.04111437126994133;RDF102;Computer and information sciences;0.04042693227529526
351;Ecological and evolutionary drivers of host-symbiont associations in the phyllosphere (Evolution and Ecology);RDF10;Natural sciences;0.9462788701057434;RDF30;Medical, health and life sciences;0.02637612447142601;RDF40;Agricultural and veterinary sciences;0.014187226071953773;RDF106;Biological sciences;0.968110978603363;RDF105;Earth and related environmental sciences;0.879767894744873;RDF107;Other natural sciences;0.2660234570503235;RDF301;Basic medicine and life sciences;0.07613247632980347;RDF209;Environmental biotechnology;0.07049558311700821
352;Comment nourrir en santé toujours plus d'humains sans épuiser les ressources terrestres dans un contexte de changements climatiques ?;RDF40;Agricultural and veterinary sciences;0.7105162143707275;RDF30;Medical, health and life sciences;0.17471563816070557;RDF10;Natural sciences;0.08968648314476013;RDF401;Agriculture, forestry, and fisheries;0.982590913772583;RDF404;Agricultural biotechnology and food sciences;0.9492476582527161;RDF301;Basic medicine and life sciences;0.8835378289222717;RDF405;Other agricultural sciences;0.866075873374939;RDF105;Earth and related environmental sciences;0.7036004066467285
353;Applications of machine learning in finance and economics;RDF20-21;Engineering and technology;0.7480465769767761;RDF50;Social sciences;0.23580750823020935;RDF10;Natural sciences;0.007999503053724766;RDF102;Computer and information sciences;0.9340951442718506;RDF502;Economics and business administration;0.8546421527862549;RDF212;Other engineering and technologies;0.2018132358789444;RDF203;Electrical engineering, computer engineering, and information engineering;0.17002512514591217;RDF509;Other social sciences;0.06003152206540108
354;Dynamic Games: Theory, Algorithms and Applications (Civil, Industrial and Systems Engineering);RDF20-21;Engineering and technology;0.9835039377212524;RDF50;Social sciences;0.0067839473485946655;RDF10;Natural sciences;0.004644356667995453;RDF503;Education;0.4396120309829712;RDF102;Computer and information sciences;0.3600389063358307;RDF202;Industrial, systems and processes engineering;0.22875897586345673;RDF212;Other engineering and technologies;0.09526526182889938;RDF101;Mathematics and statistics;0.08291986584663391
355;In-vitro Oral, Inhalation, and Dermal Bioaccessibility and Bioavailability of Metal(loid)s from Polluted Soils and Mine Tailings;RDF10;Natural sciences;0.7611401081085205;RDF30;Medical, health and life sciences;0.1852433681488037;RDF20-21;Engineering and technology;0.025194212794303894;RDF209;Environmental biotechnology;0.9893268942832947;RDF105;Earth and related environmental sciences;0.9718325138092041;RDF208;Environmental engineering and related engineering;0.9698711037635803;RDF106;Biological sciences;0.7856377363204956;RDF207;Medical and biomedical engineering;0.7576150894165039
356;Electrochemical biosensors for point-of-care diagnostics (Materials and Chemical Engineering);RDF20-21;Engineering and technology;0.8731228709220886;RDF10;Natural sciences;0.06522468477487564;RDF30;Medical, health and life sciences;0.05354767665266991;RDF205;Chemical engineering;0.9667260050773621;RDF104;Chemical sciences;0.956063449382782;RDF304;Medical biotechnology;0.41133251786231995;RDF303;Health sciences;0.0810093805193901;RDF212;Other engineering and technologies;0.06548520922660828
357;Look Up!: The Media Logics of Aerial Communication (Communications, media studies, gender studies, library and information science, related fields);RDF50;Social sciences;0.40897658467292786;RDF20-21;Engineering and technology;0.24349665641784668;RDF60;Humanities and the arts;0.1935645490884781;RDF508;Media and communications;0.9879462122917175;RDF503;Education;0.24359743297100067;RDF509;Other social sciences;0.1588255912065506;RDF605;Other humanities;0.10899246484041214;RDF603;Philosophy;0.08772001415491104
358;Expectation Formation, Excess Currency Returns, and Foreign Exchange Interventions;RDF50;Social sciences;0.7973510026931763;RDF10;Natural sciences;0.07294410467147827;RDF20-21;Engineering and technology;0.03725619986653328;RDF502;Economics and business administration;0.9869794845581055;RDF506;Political science and policy administration;0.23502057790756226;RDF509;Other social sciences;0.1116279885172844;RDF101;Mathematics and statistics;0.05389915779232979;RDF504;Sociology and related studies;0.034488528966903687
359;Études génétiques et moléculaires de la fonction des Polycomb dans la formation et le maintien de la stabilité de l'hétérochromatine (Genes, Cells and Molecules);RDF10;Natural sciences;0.9399462938308716;RDF30;Medical, health and life sciences;0.04069780930876732;RDF50;Social sciences;0.007506314665079117;RDF106;Biological sciences;0.5438627600669861;RDF301;Basic medicine and life sciences;0.07850097864866257;RDF107;Other natural sciences;0.06250248849391937;RDF305;Other medical sciences;0.011375601403415203;RDF605;Other humanities;0.007204768713563681
360;Bringing the quantum revolution to fruition (Computer Science);RDF20-21;Engineering and technology;0.974473237991333;RDF10;Natural sciences;0.012705733068287373;RDF30;Medical, health and life sciences;0.004255887120962143;RDF102;Computer and information sciences;0.9596109390258789;RDF203;Electrical engineering, computer engineering, and information engineering;0.6336086988449097;RDF212;Other engineering and technologies;0.09492911398410797;RDF103;Physical sciences;0.07689148932695389;RDF503;Education;0.030128860846161842
361;Apprentissage automatique et optimisation pour les graphes et réseaux (Civil, Industrial and Systems Engineering);RDF20-21;Engineering and technology;0.9972594976425171;RDF10;Natural sciences;0.00109264871571213;RDF50;Social sciences;0.0006117243901826441;RDF102;Computer and information sciences;0.9281487464904785;RDF503;Education;0.8943289518356323;RDF203;Electrical engineering, computer engineering, and information engineering;0.628920316696167;RDF212;Other engineering and technologies;0.3911442756652832;RDF202;Industrial, systems and processes engineering;0.38488325476646423
362;Thanatographies: (re)penser la mort en littérature;RDF60;Humanities and the arts;0.9527080059051514;RDF30;Medical, health and life sciences;0.020320944488048553;RDF50;Social sciences;0.013145838864147663;RDF602;Languages and literature;0.9792550802230835;RDF605;Other humanities;0.2730410099029541;RDF603;Philosophy;0.1941385418176651;RDF604;Arts (arts, history of arts, performing arts, music), architecture and design;0.07716920226812363;RDF503;Education;0.0574403814971447
363;Mechanisms of assembly and function of the septin cytoskeleton in Drosophila (Genes, Cells and Molecules);RDF10;Natural sciences;0.9416210651397705;RDF30;Medical, health and life sciences;0.04626655578613281;RDF50;Social sciences;0.004234672524034977;RDF106;Biological sciences;0.9845606088638306;RDF301;Basic medicine and life sciences;0.7484442591667175;RDF107;Other natural sciences;0.2465333491563797;RDF305;Other medical sciences;0.027195055037736893;RDF605;Other humanities;0.02433019131422043
364;Propagating Marginal Probability Mass Functions in Constraint Programming Solvers: Challenges and Opportunities;RDF20-21;Engineering and technology;0.9695847630500793;RDF10;Natural sciences;0.010930055752396584;RDF30;Medical, health and life sciences;0.00807507336139679;RDF102;Computer and information sciences;0.9883127212524414;RDF101;Mathematics and statistics;0.9233161807060242;RDF203;Electrical engineering, computer engineering, and information engineering;0.8034052848815918;RDF212;Other engineering and technologies;0.1875787377357483;RDF602;Languages and literature;0.047735657542943954
365;Magnetic resonance navigation of drug eluting beads for liver cancer therapy: in-vitro optimization and preclinical safety efficacy study (Medical Physics & Imaging);RDF30;Medical, health and life sciences;0.862241804599762;RDF10;Natural sciences;0.06363034248352051;RDF20-21;Engineering and technology;0.056483570486307144;RDF303;Health sciences;0.9351691007614136;RDF103;Physical sciences;0.8509646654129028;RDF207;Medical and biomedical engineering;0.3006429076194763;RDF305;Other medical sciences;0.1260840892791748;RDF212;Other engineering and technologies;0.06330841034650803
366;Robotic Perception in Extreme Environments (Electrical and Computer Engineering);RDF20-21;Engineering and technology;0.9966031908988953;RDF10;Natural sciences;0.0013615851057693362;RDF30;Medical, health and life sciences;0.0007849528337828815;RDF102;Computer and information sciences;0.8292155861854553;RDF503;Education;0.2179194688796997;RDF203;Electrical engineering, computer engineering, and information engineering;0.15418487787246704;RDF103;Physical sciences;0.13963085412979126;RDF212;Other engineering and technologies;0.10343123972415924
367;Modular and Lifelong Learning for Developing General Purpose Robotic Agents (Computer Science);RDF20-21;Engineering and technology;0.9912894368171692;RDF10;Natural sciences;0.0032871540170162916;RDF30;Medical, health and life sciences;0.0021099469158798456;RDF102;Computer and information sciences;0.9875442981719971;RDF503;Education;0.9408984184265137;RDF203;Electrical engineering, computer engineering, and information engineering;0.891433596611023;RDF212;Other engineering and technologies;0.13011951744556427;RDF103;Physical sciences;0.006551525089889765
368;Algorithmic Fairness in Black-box Machine Learning Models (Computer Science);RDF20-21;Engineering and technology;0.9876450896263123;RDF10;Natural sciences;0.005527725908905268;RDF50;Social sciences;0.0020736446604132652;RDF102;Computer and information sciences;0.9953181743621826;RDF203;Electrical engineering, computer engineering, and information engineering;0.9210740923881531;RDF212;Other engineering and technologies;0.06131153553724289;RDF101;Mathematics and statistics;0.024516334757208824;RDF103;Physical sciences;0.002136421389877796
369;Sex- and hormone-dependent recruitment of inhibitory neurons in rodent sensory cortex (Genes, Cells and Molecules);RDF10;Natural sciences;0.9000039100646973;RDF30;Medical, health and life sciences;0.07125508785247803;RDF50;Social sciences;0.012479392811655998;RDF106;Biological sciences;0.9769127368927002;RDF301;Basic medicine and life sciences;0.4001045823097229;RDF107;Other natural sciences;0.3559987246990204;RDF402;Animal and dairy sciences;0.08985312283039093;RDF104;Chemical sciences;0.05717658996582031
370;Investigating the Adamts19-dependent mechanisms that regulate valve maturation (Developmental Biology);RDF10;Natural sciences;0.793512761592865;RDF30;Medical, health and life sciences;0.1938897967338562;RDF40;Agricultural and veterinary sciences;0.006361713167279959;RDF106;Biological sciences;0.9933201670646667;RDF301;Basic medicine and life sciences;0.5834704041481018;RDF107;Other natural sciences;0.16184943914413452;RDF305;Other medical sciences;0.08299414813518524;RDF303;Health sciences;0.027195055037736893
371;Social Innovation Processes in and around Multinational Companies: The Role of Social Activists and their Transnational Networks (Social Innovation);RDF50;Social sciences;0.9742361903190613;RDF20-21;Engineering and technology;0.007526066154241562;RDF30;Medical, health and life sciences;0.007452927064150572;RDF504;Sociology and related studies;0.9897116422653198;RDF509;Other social sciences;0.2001665234565735;RDF502;Economics and business administration;0.18594719469547272;RDF507;Social and economic geography;0.10927729308605194;RDF605;Other humanities;0.054449573159217834
372;Regulation of collective cell migration by the kinase Misshapen (Cell and Developmental Physiology);RDF10;Natural sciences;0.8131240606307983;RDF30;Medical, health and life sciences;0.17783643305301666;RDF50;Social sciences;0.003002127632498741;RDF106;Biological sciences;0.9956516027450562;RDF301;Basic medicine and life sciences;0.6620321273803711;RDF107;Other natural sciences;0.15065254271030426;RDF303;Health sciences;0.09662051498889923;RDF305;Other medical sciences;0.03041553683578968
373;COHESION Study 2.0: COvid-19, HEalth and Social InteractiOn in Neighbourhoods;RDF50;Social sciences;0.7314566373825073;RDF30;Medical, health and life sciences;0.1862097829580307;RDF10;Natural sciences;0.04179318621754646;RDF504;Sociology and related studies;0.9772842526435852;RDF303;Health sciences;0.8262215852737427;RDF501;Psychology and cognitive sciences;0.6569334864616394;RDF207;Medical and biomedical engineering;0.4958420395851135;RDF105;Earth and related environmental sciences;0.4035521447658539
374;Breaking silos: Integrating software development and operations activities in organizations;RDF20-21;Engineering and technology;0.9792502522468567;RDF50;Social sciences;0.008251707069575787;RDF30;Medical, health and life sciences;0.004416820593178272;RDF102;Computer and information sciences;0.9638480544090271;RDF203;Electrical engineering, computer engineering, and information engineering;0.6474639177322388;RDF202;Industrial, systems and processes engineering;0.4058755040168762;RDF212;Other engineering and technologies;0.1041124165058136;RDF504;Sociology and related studies;0.002883958863094449
375;Differential impact of stress on risk-taking behaviour in individuals using hippocampus versus caudate nucleus-dependent virtual navigation strategies (Biological Systems and Functions);RDF10;Natural sciences;0.7370728254318237;RDF30;Medical, health and life sciences;0.25373247265815735;RDF50;Social sciences;0.005348977632820606;RDF106;Biological sciences;0.996656060218811;RDF301;Basic medicine and life sciences;0.9272316694259644;RDF501;Psychology and cognitive sciences;0.8500334024429321;RDF303;Health sciences;0.697093665599823;RDF107;Other natural sciences;0.6280653476715088
376;Gas phase activation of monosaccharides and 5-hydroxymethylfurfural to 2,5 diformylfuran a PEF monomer (Materials and Chemical Engineering);RDF10;Natural sciences;0.4827954173088074;RDF20-21;Engineering and technology;0.39481648802757263;RDF30;Medical, health and life sciences;0.06066543981432915;RDF104;Chemical sciences;0.9690032005310059;RDF205;Chemical engineering;0.8856315016746521;RDF103;Physical sciences;0.07270251214504242;RDF206;Materials engineering and resources engineering;0.05649605765938759;RDF107;Other natural sciences;0.04381363466382027
377;Critical Edition, Translation and Study of Isaac ibn Latif's Commentary on Ecclesiastes (ca. 1240) (Philosophy, medieval studies, classics, religious);RDF60;Humanities and the arts;0.8131715059280396;RDF50;Social sciences;0.09119077771902084;RDF10;Natural sciences;0.028582582250237465;RDF602;Languages and literature;0.7966881990432739;RDF603;Philosophy;0.7562675476074219;RDF605;Other humanities;0.1594790369272232;RDF503;Education;0.0991208553314209;RDF509;Other social sciences;0.007518718484789133
378;Sound Art Documentation : Spatial Audio and Significant Knowledge (Communications, media studies, gender studies, library and information science, related fields);RDF60;Humanities and the arts;0.8189132809638977;RDF50;Social sciences;0.10482729226350784;RDF20-21;Engineering and technology;0.03538813814520836;RDF508;Media and communications;0.8800774812698364;RDF503;Education;0.113481305539608;RDF509;Other social sciences;0.08593913912773132;RDF605;Other humanities;0.07963873445987701;RDF504;Sociology and related studies;0.018635651096701622
379;Inter-Brain Synchronization: from Measurements to Mechanisms (Biological Systems and Functions);RDF10;Natural sciences;0.6797862648963928;RDF30;Medical, health and life sciences;0.31092503666877747;RDF20-21;Engineering and technology;0.00466158939525485;RDF106;Biological sciences;0.9932025074958801;RDF301;Basic medicine and life sciences;0.8024007081985474;RDF207;Medical and biomedical engineering;0.7483523488044739;RDF501;Psychology and cognitive sciences;0.32896044850349426;RDF107;Other natural sciences;0.30476540327072144
380;Endothelial cell genetics and blood pressure regulation (Genetics);RDF30;Medical, health and life sciences;0.605688750743866;RDF10;Natural sciences;0.3823763132095337;RDF50;Social sciences;0.004771287553012371;RDF106;Biological sciences;0.943243145942688;RDF303;Health sciences;0.924891471862793;RDF207;Medical and biomedical engineering;0.5110589265823364;RDF304;Medical biotechnology;0.2620384693145752;RDF301;Basic medicine and life sciences;0.12299645692110062
381;ImproviNg rEnal outcomes following coronary angiograPhy and/or percuTaneoUs coroNary intErventions: a pragmatic, adaptive, patient-oriented randomized controlled trial;RDF30;Medical, health and life sciences;0.9228426814079285;RDF10;Natural sciences;0.04510098695755005;RDF50;Social sciences;0.015847403556108475;RDF303;Health sciences;0.9857729077339172;RDF302;Clinical medicine;0.8635067343711853;RDF207;Medical and biomedical engineering;0.8262916803359985;RDF106;Biological sciences;0.4372301697731018;RDF304;Medical biotechnology;0.2735258638858795
382;Machine Learning with Tensor Networks (Computer Science);RDF20-21;Engineering and technology;0.9917777180671692;RDF10;Natural sciences;0.003661732655018568;RDF30;Medical, health and life sciences;0.0013952766312286258;RDF102;Computer and information sciences;0.9954880475997925;RDF203;Electrical engineering, computer engineering, and information engineering;0.8777390122413635;RDF212;Other engineering and technologies;0.05127241834998131;RDF101;Mathematics and statistics;0.034326303750276566;RDF503;Education;0.019271137192845345
383;Elucidation of novel intracellular signaling mechanisms underlying uterine function and disease in cows (Biological Systems and Functions);RDF10;Natural sciences;0.7031674385070801;RDF30;Medical, health and life sciences;0.2880162298679352;RDF40;Agricultural and veterinary sciences;0.0069408961571753025;RDF106;Biological sciences;0.9988752603530884;RDF301;Basic medicine and life sciences;0.8845388889312744;RDF402;Animal and dairy sciences;0.7870323061943054;RDF403;Veterinary sciences;0.390882670879364;RDF107;Other natural sciences;0.31231755018234253
384;Data extraction from videos for the analysis of behaviors in urban scenes (Computer Science);RDF20-21;Engineering and technology;0.8429672718048096;RDF10;Natural sciences;0.060323458164930344;RDF50;Social sciences;0.05030379071831703;RDF102;Computer and information sciences;0.9703806042671204;RDF203;Electrical engineering, computer engineering, and information engineering;0.7482602596282959;RDF508;Media and communications;0.13330234587192535;RDF212;Other engineering and technologies;0.0770302340388298;RDF101;Mathematics and statistics;0.034423548728227615
385;Inflammatory phenotype, senescence, and viscoelasticity imaging of macrophages in HIV (Medical Physics & Imaging);RDF30;Medical, health and life sciences;0.7476383447647095;RDF10;Natural sciences;0.2197103202342987;RDF20-21;Engineering and technology;0.01965334266424179;RDF303;Health sciences;0.9095059037208557;RDF106;Biological sciences;0.8198212385177612;RDF207;Medical and biomedical engineering;0.7681249380111694;RDF103;Physical sciences;0.6081869006156921;RDF305;Other medical sciences;0.15021571516990662
386;Optimization algorithms for rich vehicle routing problems;RDF20-21;Engineering and technology;0.9838371872901917;RDF10;Natural sciences;0.0051325419917702675;RDF30;Medical, health and life sciences;0.0038591418415308;RDF102;Computer and information sciences;0.9718057513237;RDF101;Mathematics and statistics;0.6487445831298828;RDF203;Electrical engineering, computer engineering, and information engineering;0.6068188548088074;RDF202;Industrial, systems and processes engineering;0.2698063254356384;RDF212;Other engineering and technologies;0.16344544291496277
387;Investigating the Innovation Process in Long-Term Care Facilities: A Research Project on the Adoption, Implementation and Assimilation of Health IT;RDF30;Medical, health and life sciences;0.5963186621665955;RDF20-21;Engineering and technology;0.20175114274024963;RDF50;Social sciences;0.15068097412586212;RDF303;Health sciences;0.9854684472084045;RDF207;Medical and biomedical engineering;0.8252379298210144;RDF504;Sociology and related studies;0.32199275493621826;RDF203;Electrical engineering, computer engineering, and information engineering;0.17852583527565002;RDF305;Other medical sciences;0.1524103283882141
388;KBTBD4 determines key epigenetic marks that govern human hematopoietic stem cell self-renewal (Genetics);RDF10;Natural sciences;0.6498217582702637;RDF30;Medical, health and life sciences;0.32691049575805664;RDF20-21;Engineering and technology;0.009107697755098343;RDF106;Biological sciences;0.9448930621147156;RDF301;Basic medicine and life sciences;0.6930056810379028;RDF303;Health sciences;0.26147234439849854;RDF107;Other natural sciences;0.1245320588350296;RDF304;Medical biotechnology;0.12116485089063644
389;Representation learning and exploration of data geometries (Computer Science);RDF20-21;Engineering and technology;0.9773445129394531;RDF10;Natural sciences;0.010070838034152985;RDF30;Medical, health and life sciences;0.0040849121287465096;RDF102;Computer and information sciences;0.9912208914756775;RDF203;Electrical engineering, computer engineering, and information engineering;0.8732147812843323;RDF212;Other engineering and technologies;0.10683029145002365;RDF503;Education;0.05765223130583763;RDF101;Mathematics and statistics;0.04590541869401932
390;Vitamin K1 supplementation to improve cognition of patients with coronary heart disease: a randomized controlled pilot study;RDF30;Medical, health and life sciences;0.7306711077690125;RDF10;Natural sciences;0.24379000067710876;RDF50;Social sciences;0.013330534100532532;RDF303;Health sciences;0.9888849854469299;RDF106;Biological sciences;0.9610249400138855;RDF302;Clinical medicine;0.9457511305809021;RDF207;Medical and biomedical engineering;0.8451772928237915;RDF304;Medical biotechnology;0.7287483215332031
391;Simulation of physical processes with Monte Carlo methods in the keV and MeV energy range (Physics);RDF10;Natural sciences;0.8621255159378052;RDF20-21;Engineering and technology;0.07991654425859451;RDF50;Social sciences;0.017866654321551323;RDF103;Physical sciences;0.999322772026062;RDF107;Other natural sciences;0.01707806997001171;RDF102;Computer and information sciences;0.0023096215445548296;RDF503;Education;0.0019267346942797303;RDF212;Other engineering and technologies;0.0018675660248845816
392;Characterizing and targeting lipocalin-type prostaglandin D2 synthase in osteoarthritis (Clinical Investigation – Arthritis, Bone, Skin and Cartilage);RDF30;Medical, health and life sciences;0.9667646288871765;RDF10;Natural sciences;0.01897820085287094;RDF40;Agricultural and veterinary sciences;0.005626404657959938;RDF303;Health sciences;0.9798033833503723;RDF302;Clinical medicine;0.9459512233734131;RDF207;Medical and biomedical engineering;0.865508496761322;RDF106;Biological sciences;0.6367484927177429;RDF304;Medical biotechnology;0.5248627662658691
393;3D Bioprinting of Cardiac Tissues (Materials and Chemical Engineering);RDF20-21;Engineering and technology;0.41625234484672546;RDF30;Medical, health and life sciences;0.3420656621456146;RDF10;Natural sciences;0.2325861006975174;RDF304;Medical biotechnology;0.9235233068466187;RDF106;Biological sciences;0.8978745341300964;RDF207;Medical and biomedical engineering;0.829974889755249;RDF303;Health sciences;0.6774206757545471;RDF205;Chemical engineering;0.3123175799846649
394;Fiscal Policy Spillovers and Inter-Sectoral Linkages: Theory and Evidence;RDF50;Social sciences;0.9721097946166992;RDF10;Natural sciences;0.013934273272752762;RDF20-21;Engineering and technology;0.005017175804823637;RDF506;Political science and policy administration;0.9748451113700867;RDF502;Economics and business administration;0.9713473320007324;RDF504;Sociology and related studies;0.7484441995620728;RDF101;Mathematics and statistics;0.2548797130584717;RDF509;Other social sciences;0.1841064840555191
395;Advanced Distributed Decision-making framework for Smart grid aggregators (Electrical and Computer Engineering);RDF20-21;Engineering and technology;0.9977211356163025;RDF10;Natural sciences;0.0009098039008677006;RDF50;Social sciences;0.0005572392838075757;RDF102;Computer and information sciences;0.786950409412384;RDF203;Electrical engineering, computer engineering, and information engineering;0.06560484319925308;RDF212;Other engineering and technologies;0.0409606471657753;RDF103;Physical sciences;0.019794778898358345;RDF101;Mathematics and statistics;0.007922627963125706
396;Constitutional Legacies of the Judicial Committee of the Privy Council (Law and criminology);RDF50;Social sciences;0.3426443338394165;RDF60;Humanities and the arts;0.17500559985637665;RDF30;Medical, health and life sciences;0.1341814398765564;RDF505;Law and legal practice;0.9576358199119568;RDF506;Political science and policy administration;0.5272442102432251;RDF601;History, archaeology and related studies;0.012527932412922382;RDF605;Other humanities;0.0026419467758387327;RDF509;Other social sciences;0.00216576736420393
397;Developing frameworks for climate positive design: Case Study of extraction and processing industries in Nova Scotia and Quebec (Geography, urban planning and related fields);RDF20-21;Engineering and technology;0.4310345947742462;RDF10;Natural sciences;0.32314541935920715;RDF50;Social sciences;0.17793577909469604;RDF105;Earth and related environmental sciences;0.9219217896461487;RDF208;Environmental engineering and related engineering;0.6117299795150757;RDF202;Industrial, systems and processes engineering;0.4102688729763031;RDF507;Social and economic geography;0.14217233657836914;RDF212;Other engineering and technologies;0.10842473804950714
398;Re-Imagining Illness: The British Woman Writer's Medical Knowledge, 1660-1820 (Literature);RDF60;Humanities and the arts;0.6711611151695251;RDF30;Medical, health and life sciences;0.3037741780281067;RDF10;Natural sciences;0.013527333736419678;RDF602;Languages and literature;0.9679296016693115;RDF605;Other humanities;0.13857834041118622;RDF303;Health sciences;0.12721826136112213;RDF503;Education;0.05480259284377098;RDF305;Other medical sciences;0.023487044498324394
399;Regulation of thymic selection thresholds and their role in establishing T cell function (Immunology & Transplantation);RDF10;Natural sciences;0.6935730576515198;RDF30;Medical, health and life sciences;0.28277167677879333;RDF50;Social sciences;0.007856866344809532;RDF106;Biological sciences;0.9790157079696655;RDF303;Health sciences;0.6407482624053955;RDF207;Medical and biomedical engineering;0.297061949968338;RDF301;Basic medicine and life sciences;0.11100006103515625;RDF305;Other medical sciences;0.06590479612350464
400;Viral Conjunctures: Pandemics and Planetary Health Narratives (Literature);RDF30;Medical, health and life sciences;0.5077674984931946;RDF10;Natural sciences;0.27437180280685425;RDF60;Humanities and the arts;0.14953799545764923;RDF602;Languages and literature;0.8551267981529236;RDF106;Biological sciences;0.4804939329624176;RDF303;Health sciences;0.45101669430732727;RDF605;Other humanities;0.26995062828063965;RDF107;Other natural sciences;0.23744329810142517
401;Companies and States: The Compagnie des Indes occidentales and the Reconfiguration of Authority in the French Atlantic, 1664-1674 (History);RDF50;Social sciences;0.5638302564620972;RDF10;Natural sciences;0.14809280633926392;RDF60;Humanities and the arts;0.11048396676778793;RDF601;History, archaeology and related studies;0.9926683902740479;RDF605;Other humanities;0.04488975554704666;RDF506;Political science and policy administration;0.032497506588697433;RDF509;Other social sciences;0.030386751517653465;RDF502;Economics and business administration;0.029591374099254608
402;Produits sanguins provenant de don de sang d'hommes ayant des relations sexuelles avec d'autres hommes (Étude PS-HARSAH) (Public, Community & Population Health);RDF30;Medical, health and life sciences;0.6288959383964539;RDF10;Natural sciences;0.28415849804878235;RDF50;Social sciences;0.07156641781330109;RDF303;Health sciences;0.9785082340240479;RDF106;Biological sciences;0.9464483857154846;RDF301;Basic medicine and life sciences;0.6228322386741638;RDF207;Medical and biomedical engineering;0.2898237407207489;RDF107;Other natural sciences;0.20473912358283997
403;Manipulating cytokine pathways to increase T cell stemness during chronic antigen exposure (Immunology & Transplantation);RDF30;Medical, health and life sciences;0.6721435189247131;RDF10;Natural sciences;0.2676868140697479;RDF20-21;Engineering and technology;0.025966567918658257;RDF106;Biological sciences;0.9708816409111023;RDF207;Medical and biomedical engineering;0.6546739935874939;RDF303;Health sciences;0.3791772127151489;RDF304;Medical biotechnology;0.12400069087743759;RDF305;Other medical sciences;0.05179748311638832
404;Sexual dimorphism and menopause in the interaction between immune cells and neurovascular coupling (Cardiovascular System – Vascular System);RDF10;Natural sciences;0.5710804462432861;RDF30;Medical, health and life sciences;0.4109323024749756;RDF50;Social sciences;0.00885971449315548;RDF106;Biological sciences;0.992046594619751;RDF301;Basic medicine and life sciences;0.7953404188156128;RDF303;Health sciences;0.7029890418052673;RDF107;Other natural sciences;0.2206781655550003;RDF207;Medical and biomedical engineering;0.21362315118312836
405;Novel Synthetic Methodologies Exploiting Nitrogen-Containing Molecules (Chemistry);RDF10;Natural sciences;0.8609965443611145;RDF20-21;Engineering and technology;0.06825592368841171;RDF30;Medical, health and life sciences;0.028957881033420563;RDF104;Chemical sciences;0.9986168742179871;RDF205;Chemical engineering;0.4065968990325928;RDF107;Other natural sciences;0.017610643059015274;RDF206;Materials engineering and resources engineering;0.005696960259228945;RDF103;Physical sciences;0.005011401604861021
406;Towards Systematic and Cost-Effective Monitoring of Large-Scale Software Systems (Computer Science);RDF20-21;Engineering and technology;0.9944893717765808;RDF10;Natural sciences;0.0023384655360132456;RDF30;Medical, health and life sciences;0.0011531112249940634;RDF102;Computer and information sciences;0.9973477125167847;RDF203;Electrical engineering, computer engineering, and information engineering;0.9698426127433777;RDF212;Other engineering and technologies;0.058185093104839325;RDF101;Mathematics and statistics;0.018761083483695984;RDF202;Industrial, systems and processes engineering;0.014117893762886524
407;From examples to knowledge to software engineering support and automation (Computer Science);RDF20-21;Engineering and technology;0.9966908693313599;RDF10;Natural sciences;0.0010522439843043685;RDF50;Social sciences;0.0006649394636042416;RDF102;Computer and information sciences;0.9839708805084229;RDF203;Electrical engineering, computer engineering, and information engineering;0.1844000369310379;RDF503;Education;0.11216173321008682;RDF212;Other engineering and technologies;0.009955652058124542;RDF103;Physical sciences;0.0006745558930560946
408;B cell intrinsic mechanisms of the germinal centre reaction (Immunology & Transplantation);RDF10;Natural sciences;0.6882457733154297;RDF30;Medical, health and life sciences;0.2974597215652466;RDF50;Social sciences;0.004893251229077578;RDF106;Biological sciences;0.9706878066062927;RDF303;Health sciences;0.6799761652946472;RDF207;Medical and biomedical engineering;0.4758859872817993;RDF301;Basic medicine and life sciences;0.24346253275871277;RDF305;Other medical sciences;0.07737810909748077
409;Modifications of newly synthesized histones and the cellular response to DNA replication stress (Genes, Cells and Molecules);RDF10;Natural sciences;0.912250280380249;RDF30;Medical, health and life sciences;0.07254275679588318;RDF20-21;Engineering and technology;0.005242165643721819;RDF106;Biological sciences;0.9675945043563843;RDF301;Basic medicine and life sciences;0.1184360682964325;RDF107;Other natural sciences;0.11671367287635803;RDF104;Chemical sciences;0.01852879673242569;RDF303;Health sciences;0.013299492187798023
410;Innovative Compressor/Fan Technologies for Reduction of Fossil Fuel Consumption;RDF20-21;Engineering and technology;0.9948298335075378;RDF10;Natural sciences;0.0026924789417535067;RDF30;Medical, health and life sciences;0.0011671032989397645;RDF204;Mechanical engineering;0.9568363428115845;RDF103;Physical sciences;0.7087671756744385;RDF202;Industrial, systems and processes engineering;0.6962165832519531;RDF208;Environmental engineering and related engineering;0.24744148552417755;RDF210;Industrial biotechnology;0.22979436814785004
411;Exploring ancestry in Montréal's Notre-Dame Cemetery (1691-1797), using 3D morphometrics and ancient DNA (Multidisciplinary or interdisciplinary humanities);RDF60;Humanities and the arts;0.4735088348388672;RDF10;Natural sciences;0.18991874158382416;RDF30;Medical, health and life sciences;0.13746289908885956;RDF601;History, archaeology and related studies;0.953880250453949;RDF605;Other humanities;0.1261378824710846;RDF107;Other natural sciences;0.06342432647943497;RDF509;Other social sciences;0.0568091981112957;RDF305;Other medical sciences;0.04629190266132355
412;Individual differences in natural scene semantics investigated with machine learning and neuroimaging (Biological Systems and Functions);RDF10;Natural sciences;0.8371644616127014;RDF30;Medical, health and life sciences;0.15455769002437592;RDF60;Humanities and the arts;0.0025375334080308676;RDF106;Biological sciences;0.9941346645355225;RDF301;Basic medicine and life sciences;0.6520198583602905;RDF501;Psychology and cognitive sciences;0.15367615222930908;RDF107;Other natural sciences;0.12667709589004517;RDF105;Earth and related environmental sciences;0.03594832122325897
413;The Climate Crisis and the Future of Work;RDF50;Social sciences;0.8377408981323242;RDF10;Natural sciences;0.099956214427948;RDF20-21;Engineering and technology;0.023718509823083878;RDF502;Economics and business administration;0.9022656679153442;RDF506;Political science and policy administration;0.8934024572372437;RDF105;Earth and related environmental sciences;0.8736466765403748;RDF504;Sociology and related studies;0.8636218309402466;RDF507;Social and economic geography;0.48609140515327454
414;Grid Transition: New Generation Methodologies and Tools for Reliable Protection;RDF20-21;Engineering and technology;0.9882174730300903;RDF10;Natural sciences;0.0043582674115896225;RDF50;Social sciences;0.0036343634128570557;RDF203;Electrical engineering, computer engineering, and information engineering;0.7513290047645569;RDF202;Industrial, systems and processes engineering;0.7202699184417725;RDF103;Physical sciences;0.677047073841095;RDF212;Other engineering and technologies;0.16444936394691467;RDF102;Computer and information sciences;0.1630452424287796
415;Art-thérapie et réadaptation: une perspective transdisciplinaire;RDF60;Humanities and the arts;0.9115594029426575;RDF50;Social sciences;0.04498673975467682;RDF30;Medical, health and life sciences;0.018625503405928612;RDF604;Arts (arts, history of arts, performing arts, music), architecture and design;0.8971559405326843;RDF605;Other humanities;0.4806424379348755;RDF509;Other social sciences;0.14080816507339478;RDF603;Philosophy;0.13968952000141144;RDF504;Sociology and related studies;0.037326887249946594
416;Optimization and game dynamics in machine learning (Computer Science);RDF20-21;Engineering and technology;0.989050567150116;RDF10;Natural sciences;0.005230767652392387;RDF30;Medical, health and life sciences;0.001741851563565433;RDF102;Computer and information sciences;0.9955920577049255;RDF203;Electrical engineering, computer engineering, and information engineering;0.9245515465736389;RDF101;Mathematics and statistics;0.3558868169784546;RDF212;Other engineering and technologies;0.1549505591392517;RDF503;Education;0.05389915406703949
417;Développement et validation d'un outil sur le climat de genre tel que perçu par les élèves des écoles secondaires (Education and social work);RDF50;Social sciences;0.8796272873878479;RDF20-21;Engineering and technology;0.04805142059922218;RDF30;Medical, health and life sciences;0.028055530041456223;RDF503;Education;0.867260754108429;RDF504;Sociology and related studies;0.8303879499435425;RDF105;Earth and related environmental sciences;0.275373250246048;RDF605;Other humanities;0.24454335868358612;RDF509;Other social sciences;0.20898495614528656
418;CMV Dynamics and Transmission in Pregnancy: Comparison Between Women Living with and without HIV (Clinical Investigation – Reproduction, Maternal, Child and Youth Health);RDF30;Medical, health and life sciences;0.9808802008628845;RDF10;Natural sciences;0.009302165359258652;RDF50;Social sciences;0.005057499743998051;RDF303;Health sciences;0.9922294020652771;RDF302;Clinical medicine;0.9680808782577515;RDF106;Biological sciences;0.14547917246818542;RDF305;Other medical sciences;0.06723979115486145;RDF605;Other humanities;0.024798160418868065
419;Solidarité et entraide dans le contexte de l'autisme et du vieillissement;RDF50;Social sciences;0.5654835104942322;RDF30;Medical, health and life sciences;0.4129093289375305;RDF60;Humanities and the arts;0.0069128661416471004;RDF605;Other humanities;0.4828549027442932;RDF504;Sociology and related studies;0.43120989203453064;RDF509;Other social sciences;0.2986447513103485;RDF303;Health sciences;0.2737199366092682;RDF301;Basic medicine and life sciences;0.11318690329790115
420;Children with sexual behaviour problems: Do specialized services influence their trajectory within child protection services? (Psychology);RDF50;Social sciences;0.8615309000015259;RDF30;Medical, health and life sciences;0.11367236077785492;RDF10;Natural sciences;0.019947141408920288;RDF303;Health sciences;0.7032948136329651;RDF501;Psychology and cognitive sciences;0.6494118571281433;RDF305;Other medical sciences;0.15171776711940765;RDF509;Other social sciences;0.06847517192363739;RDF107;Other natural sciences;0.05094090849161148
421;Évaluer les pratiques préventives du Centre de prévention et d'intervention pour victimes d'agression sexuelle (CPIVAS) : projet pilote pour le programme de prévention « Clique sur toi! -- primaire »;RDF50;Social sciences;0.6686069965362549;RDF30;Medical, health and life sciences;0.27138108015060425;RDF20-21;Engineering and technology;0.02960694581270218;RDF504;Sociology and related studies;0.43458130955696106;RDF305;Other medical sciences;0.38612669706344604;RDF303;Health sciences;0.38523006439208984;RDF505;Law and legal practice;0.35409796237945557;RDF509;Other social sciences;0.29022589325904846
422;Understanding what they want and what works: social support and well-being among men experiencing cancer (Multidisciplinary or interdisciplinary social sciences);RDF50;Social sciences;0.979557991027832;RDF30;Medical, health and life sciences;0.015996266156435013;RDF10;Natural sciences;0.0019701647106558084;RDF504;Sociology and related studies;0.9817531704902649;RDF509;Other social sciences;0.3225260078907013;RDF303;Health sciences;0.1242661327123642;RDF501;Psychology and cognitive sciences;0.11506275087594986;RDF305;Other medical sciences;0.0409606508910656
423;The Burden of Harsh Parenting on Socioemotional and Behavioral Problems: the Role of Chronic Cortisol secretion in the Preschool Years (Social & Developmental Aspects of Children's & Youth's Health);RDF50;Social sciences;0.8814812898635864;RDF30;Medical, health and life sciences;0.10814352333545685;RDF10;Natural sciences;0.00665178382769227;RDF501;Psychology and cognitive sciences;0.8927496671676636;RDF504;Sociology and related studies;0.8409132361412048;RDF303;Health sciences;0.1534857153892517;RDF509;Other social sciences;0.13898685574531555;RDF305;Other medical sciences;0.09662052243947983
424;From amusia to dyslexia: the role of feedback (Biological Systems and Functions);RDF10;Natural sciences;0.5335780382156372;RDF30;Medical, health and life sciences;0.45594799518585205;RDF60;Humanities and the arts;0.003203907050192356;RDF106;Biological sciences;0.9912208914756775;RDF301;Basic medicine and life sciences;0.9508236050605774;RDF303;Health sciences;0.7704648375511169;RDF207;Medical and biomedical engineering;0.5940214991569519;RDF107;Other natural sciences;0.22025857865810394
425;Raconter-Cartographier. La scénarisation transmédiale (Fine Arts, Research-Creation);RDF60;Humanities and the arts;0.9582131505012512;RDF20-21;Engineering and technology;0.024798257276415825;RDF10;Natural sciences;0.005890102591365576;RDF604;Arts (arts, history of arts, performing arts, music), architecture and design;0.9463988542556763;RDF605;Other humanities;0.5676670074462891;RDF212;Other engineering and technologies;0.06773144751787186;RDF603;Philosophy;0.03937942907214165;RDF201;Civil engineering, maritime engineering, transport engineering, and mining engineering;0.03649376705288887
426;Stratégies d'actions de communication innovantes visant une sensibilisation résiliente de la population face aux risques liés aux inondations;RDF10;Natural sciences;0.2151278853416443;RDF20-21;Engineering and technology;0.20729093253612518;RDF50;Social sciences;0.1926511526107788;RDF508;Media and communications;0.9626028537750244;RDF105;Earth and related environmental sciences;0.9201462864875793;RDF506;Political science and policy administration;0.6300022602081299;RDF208;Environmental engineering and related engineering;0.5304189324378967;RDF605;Other humanities;0.18616902828216553
427;Chez soi jusqu'à la fin? Entre désirs et possibilités de mourir à domicile (Sociology, demography and related fields);RDF50;Social sciences;0.9544747471809387;RDF30;Medical, health and life sciences;0.02854253724217415;RDF10;Natural sciences;0.00910494290292263;RDF504;Sociology and related studies;0.9822707176208496;RDF509;Other social sciences;0.7573460340499878;RDF603;Philosophy;0.2018132209777832;RDF605;Other humanities;0.0916256532073021;RDF507;Social and economic geography;0.057599205523729324
428;A combined in vivo/ex vivo experimental platform for the thorough 3D investigation of bone fatigue related microdamage (Mechanical Engineering);RDF20-21;Engineering and technology;0.8207464814186096;RDF30;Medical, health and life sciences;0.08274640142917633;RDF10;Natural sciences;0.06710831820964813;RDF204;Mechanical engineering;0.9890130758285522;RDF206;Materials engineering and resources engineering;0.17356818914413452;RDF103;Physical sciences;0.16271236538887024;RDF207;Medical and biomedical engineering;0.0845683217048645;RDF212;Other engineering and technologies;0.07565305382013321
429;Élaboration et mise à l'essai d'un dispositif d'accompagnement avec, par et pour des conseillers pédagogiques: soutenir le développement professionnel continu des enseignants débutants au regard de l'articulation croyances-pratiques (Education and social work);RDF50;Social sciences;0.6637671589851379;RDF60;Humanities and the arts;0.1089937686920166;RDF30;Medical, health and life sciences;0.10440963506698608;RDF503;Education;0.9801482558250427;RDF509;Other social sciences;0.1254398673772812;RDF605;Other humanities;0.08210662752389908;RDF504;Sociology and related studies;0.044224582612514496;RDF305;Other medical sciences;0.01910572685301304
430;Environmental Footprint of Mutual Funds and Pension Plans;RDF10;Natural sciences;0.8572208881378174;RDF50;Social sciences;0.0586201474070549;RDF20-21;Engineering and technology;0.05004263296723366;RDF208;Environmental engineering and related engineering;0.954647421836853;RDF105;Earth and related environmental sciences;0.9407353401184082;RDF502;Economics and business administration;0.8296990394592285;RDF101;Mathematics and statistics;0.20761607587337494;RDF103;Physical sciences;0.13939638435840607
431;An Ecology of Wood Cultures in Canada (2003-2020): comparing constructive cultures through awarded architectural designs;RDF10;Natural sciences;0.8830452561378479;RDF60;Humanities and the arts;0.03393976762890816;RDF40;Agricultural and veterinary sciences;0.02679617702960968;RDF105;Earth and related environmental sciences;0.9604725241661072;RDF401;Agriculture, forestry, and fisheries;0.934634268283844;RDF601;History, archaeology and related studies;0.7539198398590088;RDF106;Biological sciences;0.5177728533744812;RDF208;Environmental engineering and related engineering;0.26826992630958557
432;Improving allocation and supporting clinical decision-making for deceased donor kidney offers;RDF30;Medical, health and life sciences;0.9580795168876648;RDF10;Natural sciences;0.019442666321992874;RDF20-21;Engineering and technology;0.007021067198365927;RDF303;Health sciences;0.9810038208961487;RDF302;Clinical medicine;0.9653812050819397;RDF207;Medical and biomedical engineering;0.9227612614631653;RDF304;Medical biotechnology;0.7683857679367065;RDF106;Biological sciences;0.7071014046669006
433;The many facets of black hole feedback in galaxies (Physics);RDF10;Natural sciences;0.9818077087402344;RDF20-21;Engineering and technology;0.006226713303476572;RDF50;Social sciences;0.0040517994202673435;RDF103;Physical sciences;0.9992820024490356;RDF107;Other natural sciences;0.08314290642738342;RDF503;Education;0.013663132674992085;RDF104;Chemical sciences;0.005708033684641123;RDF101;Mathematics and statistics;0.0009946649661287665
434;Tics et syndrome de la Tourette: Bilan et Défis! Avancées des connaissances et discussion des enjeux liés à l'intervention;RDF30;Medical, health and life sciences;0.90213543176651;RDF50;Social sciences;0.03868108242750168;RDF10;Natural sciences;0.023074982687830925;RDF303;Health sciences;0.9512782096862793;RDF207;Medical and biomedical engineering;0.8635643124580383;RDF302;Clinical medicine;0.734024167060852;RDF501;Psychology and cognitive sciences;0.4061846137046814;RDF305;Other medical sciences;0.24081923067569733
435;Targeting the SMARCD1-E2A-p53 Molecular Axis in B-Cell Lymphoma (Molecular & Cellular Biology of Cancer);RDF30;Medical, health and life sciences;0.6070265173912048;RDF10;Natural sciences;0.31599944829940796;RDF20-21;Engineering and technology;0.03846633434295654;RDF106;Biological sciences;0.9692369699478149;RDF303;Health sciences;0.8547028303146362;RDF304;Medical biotechnology;0.2780607342720032;RDF207;Medical and biomedical engineering;0.11392416059970856;RDF305;Other medical sciences;0.054449573159217834
436;The biogeochemical heterogeneity of peatlands (Geosciences);RDF10;Natural sciences;0.9837474822998047;RDF30;Medical, health and life sciences;0.0045601059682667255;RDF50;Social sciences;0.0039080907590687275;RDF105;Earth and related environmental sciences;0.9939142465591431;RDF107;Other natural sciences;0.07036770135164261;RDF601;History, archaeology and related studies;0.005149607080966234;RDF104;Chemical sciences;0.0026678042486310005;RDF201;Civil engineering, maritime engineering, transport engineering, and mining engineering;0.002300637774169445
437;The role of referral networks on job outcomes (Economics);RDF50;Social sciences;0.9602444767951965;RDF30;Medical, health and life sciences;0.014580542221665382;RDF20-21;Engineering and technology;0.009035599417984486;RDF502;Economics and business administration;0.9486324787139893;RDF504;Sociology and related studies;0.07758752256631851;RDF509;Other social sciences;0.04119144007563591;RDF101;Mathematics and statistics;0.026632411405444145;RDF507;Social and economic geography;0.014503580518066883
438;Investigating neuroprotective strategies in genetic models of neurodegeneration;RDF10;Natural sciences;0.5235541462898254;RDF30;Medical, health and life sciences;0.42315974831581116;RDF50;Social sciences;0.021410107612609863;RDF106;Biological sciences;0.9589241147041321;RDF207;Medical and biomedical engineering;0.6529056429862976;RDF304;Medical biotechnology;0.41258928179740906;RDF303;Health sciences;0.35228535532951355;RDF107;Other natural sciences;0.2037075310945511
439;Plant diversity and ecosystem services in wetlands (Evolution and Ecology);RDF10;Natural sciences;0.9859652519226074;RDF30;Medical, health and life sciences;0.007296327501535416;RDF40;Agricultural and veterinary sciences;0.0029022786766290665;RDF105;Earth and related environmental sciences;0.9886682033538818;RDF106;Biological sciences;0.9772842526435852;RDF107;Other natural sciences;0.46685510873794556;RDF208;Environmental engineering and related engineering;0.05189349502325058;RDF301;Basic medicine and life sciences;0.050752393901348114
440;How do pioneer factor open chromatin?;RDF10;Natural sciences;0.5054646730422974;RDF30;Medical, health and life sciences;0.36505159735679626;RDF20-21;Engineering and technology;0.06540222465991974;RDF106;Biological sciences;0.8646536469459534;RDF301;Basic medicine and life sciences;0.672331690788269;RDF207;Medical and biomedical engineering;0.32777589559555054;RDF304;Medical biotechnology;0.26573753356933594;RDF104;Chemical sciences;0.2342752367258072
441;Integrative physiology of ovarian follicular development and ovulation (Biological Systems and Functions);RDF10;Natural sciences;0.6406840085983276;RDF30;Medical, health and life sciences;0.35589858889579773;RDF40;Agricultural and veterinary sciences;0.0013399262679740787;RDF106;Biological sciences;0.9981827139854431;RDF301;Basic medicine and life sciences;0.9634718894958496;RDF107;Other natural sciences;0.6564379930496216;RDF303;Health sciences;0.20481863617897034;RDF305;Other medical sciences;0.0762699693441391
442;Intracellular transport of proteins containing di-arginine endoplasmic reticulum-retention motifs (Genes, Cells and Molecules);RDF10;Natural sciences;0.8616214990615845;RDF30;Medical, health and life sciences;0.12190593034029007;RDF20-21;Engineering and technology;0.008324205875396729;RDF106;Biological sciences;0.9676556587219238;RDF107;Other natural sciences;0.28766775131225586;RDF301;Basic medicine and life sciences;0.28562095761299133;RDF303;Health sciences;0.039268750697374344;RDF104;Chemical sciences;0.028898300603032112
443;Plastic Waste Upgrading by Coupling Microwave Heating with Catalytic Pyrolysis (Materials and Chemical Engineering);RDF20-21;Engineering and technology;0.9114470481872559;RDF10;Natural sciences;0.0648745521903038;RDF30;Medical, health and life sciences;0.012576504610478878;RDF205;Chemical engineering;0.9944234490394592;RDF104;Chemical sciences;0.9773707985877991;RDF103;Physical sciences;0.16851460933685303;RDF206;Materials engineering and resources engineering;0.15662018954753876;RDF208;Environmental engineering and related engineering;0.09178833663463593
444;Controlling Molecular Organization in Materials (Chemistry);RDF10;Natural sciences;0.9846903681755066;RDF20-21;Engineering and technology;0.006980416364967823;RDF30;Medical, health and life sciences;0.0038100401870906353;RDF104;Chemical sciences;0.9991688132286072;RDF205;Chemical engineering;0.8405864238739014;RDF211;Nano-technology;0.09166629612445831;RDF206;Materials engineering and resources engineering;0.03339982405304909;RDF107;Other natural sciences;0.024539701640605927
445;Développement de méthodes d'apprentissage automatique pour la détection d'anomalies à l'échelle d'un ensemble de barrages;RDF20-21;Engineering and technology;0.9578956961631775;RDF10;Natural sciences;0.015198309905827045;RDF30;Medical, health and life sciences;0.010808835737407207;RDF102;Computer and information sciences;0.916857123374939;RDF208;Environmental engineering and related engineering;0.8310745358467102;RDF202;Industrial, systems and processes engineering;0.717507004737854;RDF203;Electrical engineering, computer engineering, and information engineering;0.6705542802810669;RDF201;Civil engineering, maritime engineering, transport engineering, and mining engineering;0.6079250574111938
446;Investigation of the heterogeneity of mitochondrial dysfunction in idiopathic Parkinson's disease using induced neurons derived from patients (Molecular & Cellular Neurosciences);RDF10;Natural sciences;0.580735981464386;RDF30;Medical, health and life sciences;0.3896973729133606;RDF50;Social sciences;0.01359107717871666;RDF106;Biological sciences;0.95008784532547;RDF303;Health sciences;0.7744128704071045;RDF301;Basic medicine and life sciences;0.13551785051822662;RDF207;Medical and biomedical engineering;0.0638899877667427;RDF305;Other medical sciences;0.060086656361818314
447;The amyloid precursor protein intracellular domain is an effector molecule of metaplasticity - implications for the regulation of synaptic plasticity in Alzheimer disease (Molecular & Cellular Neurosciences);RDF10;Natural sciences;0.5933214426040649;RDF30;Medical, health and life sciences;0.3300718665122986;RDF50;Social sciences;0.034857336431741714;RDF106;Biological sciences;0.9364595413208008;RDF501;Psychology and cognitive sciences;0.41891977190971375;RDF303;Health sciences;0.26951780915260315;RDF301;Basic medicine and life sciences;0.18082882463932037;RDF305;Other medical sciences;0.04296247288584709
448;Regulation of neutrophil antimicrobial defense through the pleiotropic receptor FPR2/ALX (Genes, Cells and Molecules);RDF10;Natural sciences;0.7889506816864014;RDF30;Medical, health and life sciences;0.1928221583366394;RDF40;Agricultural and veterinary sciences;0.007681907620280981;RDF106;Biological sciences;0.9841393828392029;RDF301;Basic medicine and life sciences;0.6149433255195618;RDF107;Other natural sciences;0.2944685220718384;RDF303;Health sciences;0.20521654188632965;RDF305;Other medical sciences;0.07217758148908615
449;The neural mechanisms underlying the promotion of motor learning by acute exercise (Biological Systems and Functions);RDF10;Natural sciences;0.8055630922317505;RDF30;Medical, health and life sciences;0.18929360806941986;RDF50;Social sciences;0.001905351527966559;RDF106;Biological sciences;0.9960237741470337;RDF301;Basic medicine and life sciences;0.9242786169052124;RDF107;Other natural sciences;0.6013009548187256;RDF303;Health sciences;0.5785374641418457;RDF207;Medical and biomedical engineering;0.1343778520822525
450;Scalable, versatile surface engineering through photo-initiated chemical vapour deposition (Materials and Chemical Engineering);RDF20-21;Engineering and technology;0.9543096423149109;RDF10;Natural sciences;0.03143438324332237;RDF30;Medical, health and life sciences;0.006040508858859539;RDF205;Chemical engineering;0.9269676804542542;RDF104;Chemical sciences;0.8074606657028198;RDF103;Physical sciences;0.12247072905302048;RDF212;Other engineering and technologies;0.07716921716928482;RDF206;Materials engineering and resources engineering;0.06853749603033066
451;Regulation of cytokinesis by the novel and conserved flavin-dependent monooxygenase enzymes OSGN-1/OSGIN (Cell Biology - Molecular/Fundamental);RDF10;Natural sciences;0.826274037361145;RDF30;Medical, health and life sciences;0.1484323889017105;RDF50;Social sciences;0.009973526932299137;RDF106;Biological sciences;0.9733928442001343;RDF301;Basic medicine and life sciences;0.5870260000228882;RDF107;Other natural sciences;0.060307636857032776;RDF303;Health sciences;0.011800598353147507;RDF305;Other medical sciences;0.011115013621747494
452;Enabling monitoring of ultra-processed food consumption among Canadians: Development and validation of a screener (Nutrition, Food & Health);RDF10;Natural sciences;0.48337575793266296;RDF30;Medical, health and life sciences;0.2648680508136749;RDF40;Agricultural and veterinary sciences;0.10982198268175125;RDF404;Agricultural biotechnology and food sciences;0.8440879583358765;RDF208;Environmental engineering and related engineering;0.7081117033958435;RDF301;Basic medicine and life sciences;0.657263457775116;RDF303;Health sciences;0.4938738942146301;RDF106;Biological sciences;0.2954839766025543
453;Les cognitions sociales implicites et les tendances comportementales associées aux émotions hostiles (Psychology);RDF50;Social sciences;0.9841850996017456;RDF10;Natural sciences;0.009055184200406075;RDF30;Medical, health and life sciences;0.0038454558234661818;RDF501;Psychology and cognitive sciences;0.9899476170539856;RDF603;Philosophy;0.9476239681243896;RDF504;Sociology and related studies;0.46950507164001465;RDF509;Other social sciences;0.16579560935497284;RDF107;Other natural sciences;0.052182529121637344
454;Heidegger et Gadamer. Correspondance et bilan (Philosophy);RDF60;Humanities and the arts;0.5667285919189453;RDF50;Social sciences;0.3321878910064697;RDF30;Medical, health and life sciences;0.03470596671104431;RDF603;Philosophy;0.9981756210327148;RDF602;Languages and literature;0.16344544291496277;RDF605;Other humanities;0.059701744467020035;RDF509;Other social sciences;0.011846235021948814;RDF503;Education;0.00851130299270153
455;Generic AC-DC load-flow solution method with controllable AC-DC converters (Electrical and Computer Engineering);RDF20-21;Engineering and technology;0.9974861145019531;RDF10;Natural sciences;0.0010993194300681353;RDF50;Social sciences;0.0004485240497160703;RDF203;Electrical engineering, computer engineering, and information engineering;0.09938277304172516;RDF103;Physical sciences;0.08985311537981033;RDF102;Computer and information sciences;0.05964693799614906;RDF212;Other engineering and technologies;0.017176708206534386;RDF602;Languages and literature;0.011093566194176674
456;Étude sur l'apport de l'expérience de l'émotion de la tristesse vécue et exprimée par des enfants endeuillés face à la réalité du processus de deuil tel que vécu au Québec (Education and social work);RDF50;Social sciences;0.921683669090271;RDF30;Medical, health and life sciences;0.03913520276546478;RDF60;Humanities and the arts;0.025316985324025154;RDF504;Sociology and related studies;0.7962924838066101;RDF503;Education;0.7708100080490112;RDF509;Other social sciences;0.2621801197528839;RDF605;Other humanities;0.1980641782283783;RDF305;Other medical sciences;0.1242661401629448
457;Intelligent video surveillance to detect mobility problems of older adults at home: from fall detection to fall prevention (Electrical and Computer Engineering);RDF20-21;Engineering and technology;0.9870631694793701;RDF30;Medical, health and life sciences;0.007045233156532049;RDF50;Social sciences;0.002740157302469015;RDF102;Computer and information sciences;0.8142744302749634;RDF203;Electrical engineering, computer engineering, and information engineering;0.36240485310554504;RDF212;Other engineering and technologies;0.14897337555885315;RDF103;Physical sciences;0.09065494686365128;RDF508;Media and communications;0.06255973130464554
458;Dynamic Ultrasound Localization Pulsatility Imaging (Medical Physics & Imaging);RDF30;Medical, health and life sciences;0.8843366503715515;RDF10;Natural sciences;0.05658898130059242;RDF20-21;Engineering and technology;0.0462317056953907;RDF103;Physical sciences;0.9350505471229553;RDF303;Health sciences;0.9342752695083618;RDF207;Medical and biomedical engineering;0.3779710829257965;RDF305;Other medical sciences;0.06816437840461731;RDF212;Other engineering and technologies;0.04646466672420502
459;Metabolic control of plant non-photosynthetic metabolism (Biological Systems and Functions);RDF10;Natural sciences;0.8560053110122681;RDF30;Medical, health and life sciences;0.13919425010681152;RDF40;Agricultural and veterinary sciences;0.0024469804484397173;RDF106;Biological sciences;0.998275876045227;RDF301;Basic medicine and life sciences;0.9546051621437073;RDF107;Other natural sciences;0.6363531351089478;RDF303;Health sciences;0.013928857631981373;RDF105;Earth and related environmental sciences;0.010288301855325699
460;COLCOT-T2D : Colchicine for Primary Prevention of Cardiovascular Events in Patients with Type 2 Diabetes;RDF30;Medical, health and life sciences;0.9595797657966614;RDF40;Agricultural and veterinary sciences;0.02605084516108036;RDF10;Natural sciences;0.008820180781185627;RDF303;Health sciences;0.9847230315208435;RDF302;Clinical medicine;0.9304581880569458;RDF304;Medical biotechnology;0.7226738333702087;RDF207;Medical and biomedical engineering;0.317743718624115;RDF301;Basic medicine and life sciences;0.1184360608458519
461;Major Resource Support at the Université de Montréal for Canada's Subatomic Physics Program;RDF10;Natural sciences;0.8328406810760498;RDF20-21;Engineering and technology;0.1385713368654251;RDF30;Medical, health and life sciences;0.010116804391145706;RDF103;Physical sciences;0.9942697286605835;RDF503;Education;0.8934488892555237;RDF212;Other engineering and technologies;0.02881619520485401;RDF107;Other natural sciences;0.016450366005301476;RDF206;Materials engineering and resources engineering;0.010590936057269573
462;Plateforme d'imagerie macroscopique ultra sensible pour l'étude des neurotransmetteurs et des neuromodulateurs in vivo (Biological Systems and Functions);RDF10;Natural sciences;0.4915699064731598;RDF30;Medical, health and life sciences;0.4886980354785919;RDF20-21;Engineering and technology;0.015004443004727364;RDF106;Biological sciences;0.9863105416297913;RDF207;Medical and biomedical engineering;0.9387446045875549;RDF301;Basic medicine and life sciences;0.9328826069831848;RDF107;Other natural sciences;0.34488460421562195;RDF303;Health sciences;0.2098742574453354
463;Algorithmes de calcul de dose basé sur des modèles pour des applications avancées en physique médicale (Physics);RDF20-21;Engineering and technology;0.6894608736038208;RDF30;Medical, health and life sciences;0.16130118072032928;RDF10;Natural sciences;0.11858808994293213;RDF103;Physical sciences;0.9828891158103943;RDF207;Medical and biomedical engineering;0.6854232549667358;RDF101;Mathematics and statistics;0.40157049894332886;RDF212;Other engineering and technologies;0.2711551785469055;RDF303;Health sciences;0.15266279876232147
464;Logistics and transportation (Civil, Industrial and Systems Engineering);RDF20-21;Engineering and technology;0.995486855506897;RDF50;Social sciences;0.0015838720137253404;RDF10;Natural sciences;0.0011587855406105518;RDF202;Industrial, systems and processes engineering;0.28140559792518616;RDF201;Civil engineering, maritime engineering, transport engineering, and mining engineering;0.026708465069532394;RDF503;Education;0.007289078086614609;RDF212;Other engineering and technologies;0.006718870252370834;RDF103;Physical sciences;0.004848532844334841
465;Systematic mapping of the global ARF network interactome by BioID coupled to functional studies to reveal novel biological functions (Cell Biology – Molecular/Fundamental);RDF10;Natural sciences;0.6749704480171204;RDF30;Medical, health and life sciences;0.313277930021286;RDF50;Social sciences;0.003859765361994505;RDF106;Biological sciences;0.9977349042892456;RDF301;Basic medicine and life sciences;0.8206132650375366;RDF107;Other natural sciences;0.061143141239881516;RDF303;Health sciences;0.029284456744790077;RDF305;Other medical sciences;0.026155618950724602
466;Measuring Partisan Conflicts on Social Media (Political science and public administration);RDF50;Social sciences;0.9724447131156921;RDF20-21;Engineering and technology;0.01276625506579876;RDF10;Natural sciences;0.006793362554162741;RDF506;Political science and policy administration;0.9483940601348877;RDF101;Mathematics and statistics;0.7450275421142578;RDF504;Sociology and related studies;0.047691285610198975;RDF508;Media and communications;0.031084951013326645;RDF509;Other social sciences;0.02359929494559765
467;The emergence of problem clarity in teams and its influence innovation project success;RDF20-21;Engineering and technology;0.6447769999504089;RDF50;Social sciences;0.21697738766670227;RDF30;Medical, health and life sciences;0.060606520622968674;RDF212;Other engineering and technologies;0.27328336238861084;RDF202;Industrial, systems and processes engineering;0.1982969343662262;RDF501;Psychology and cognitive sciences;0.19299525022506714;RDF203;Electrical engineering, computer engineering, and information engineering;0.1841064840555191;RDF102;Computer and information sciences;0.13011953234672546
468;The release of carbon and pollutants from eastern canadian watersheds in response to atmospheric deposition and climate change;RDF10;Natural sciences;0.9643362760543823;RDF50;Social sciences;0.014656979590654373;RDF30;Medical, health and life sciences;0.008683972992002964;RDF105;Earth and related environmental sciences;0.9938309788703918;RDF208;Environmental engineering and related engineering;0.9543505311012268;RDF104;Chemical sciences;0.8017030358314514;RDF103;Physical sciences;0.3493662476539612;RDF107;Other natural sciences;0.2358555942773819
469;Récepteur radiofréquence pour système de caractérisation d'antennes en micro-ondes et ondes millimétriques (Electrical and Computer Engineering);RDF20-21;Engineering and technology;0.9911280274391174;RDF10;Natural sciences;0.006255205720663071;RDF30;Medical, health and life sciences;0.0009361308184452355;RDF103;Physical sciences;0.6779539585113525;RDF203;Electrical engineering, computer engineering, and information engineering;0.3974413573741913;RDF212;Other engineering and technologies;0.21444454789161682;RDF102;Computer and information sciences;0.09964530169963837;RDF107;Other natural sciences;0.01842254213988781
470;Advanced Simulation Tools for the Design and Operation of Circular Economy Strategies;RDF20-21;Engineering and technology;0.9810251593589783;RDF10;Natural sciences;0.008035833016037941;RDF50;Social sciences;0.004560828674584627;RDF102;Computer and information sciences;0.7115311026573181;RDF202;Industrial, systems and processes engineering;0.4794274866580963;RDF203;Electrical engineering, computer engineering, and information engineering;0.29838913679122925;RDF212;Other engineering and technologies;0.2335752248764038;RDF502;Economics and business administration;0.23100648820400238
471;Révélations daoustiennes : nouvelles perspectives sur le théâtre francophone du Québec 1895-1940 (Fine Arts, Research-Creation);RDF60;Humanities and the arts;0.991856038570404;RDF50;Social sciences;0.0022827007342129946;RDF30;Medical, health and life sciences;0.0018703778041526675;RDF604;Arts (arts, history of arts, performing arts, music), architecture and design;0.9162596464157104;RDF605;Other humanities;0.18609504401683807;RDF602;Languages and literature;0.13840354979038239;RDF601;History, archaeology and related studies;0.013795364648103714;RDF508;Media and communications;0.005030917003750801
472;Dormir sans pression: un concept intégrateur pour les patients tétraplégiques et les aidants pour minimiser les plaies de pression, améliorer le sommeil et favoriser la résilience face à la lésion de la moelle épinière;RDF30;Medical, health and life sciences;0.9202384352684021;RDF20-21;Engineering and technology;0.024049196392297745;RDF10;Natural sciences;0.023676346987485886;RDF303;Health sciences;0.9747731685638428;RDF207;Medical and biomedical engineering;0.9129807353019714;RDF305;Other medical sciences;0.42259398102760315;RDF301;Basic medicine and life sciences;0.38116198778152466;RDF302;Clinical medicine;0.23828421533107758
473;Assessment of mechanical and durability performances of NSC to self-healing FRC structural components under combined mechanical and environemental loadings (Civil, Industrial and Systems Engineering);RDF20-21;Engineering and technology;0.9711554050445557;RDF10;Natural sciences;0.019920866936445236;RDF50;Social sciences;0.0032015745528042316;RDF204;Mechanical engineering;0.8526289463043213;RDF103;Physical sciences;0.6365790367126465;RDF202;Industrial, systems and processes engineering;0.10293421894311905;RDF206;Materials engineering and resources engineering;0.09653531759977341;RDF212;Other engineering and technologies;0.0844927579164505
474;eNOS regulates endothelial cell polarity and angiogenic sprouting in vascular pathologies (Cardiovascular System – Vascular System);RDF10;Natural sciences;0.5649499297142029;RDF30;Medical, health and life sciences;0.41010963916778564;RDF20-21;Engineering and technology;0.010675881057977676;RDF106;Biological sciences;0.9861246347427368;RDF207;Medical and biomedical engineering;0.8593099117279053;RDF303;Health sciences;0.7995988726615906;RDF301;Basic medicine and life sciences;0.6554462909698486;RDF304;Medical biotechnology;0.38173800706863403
475;Comparative Effectiveness of Repetitive Versus Deep Transcranial Magnetic Stimulation for Major Depression: A Randomized Controlled Trial;RDF30;Medical, health and life sciences;0.9223042726516724;RDF10;Natural sciences;0.039430174976587296;RDF50;Social sciences;0.02555767633020878;RDF303;Health sciences;0.9841545820236206;RDF501;Psychology and cognitive sciences;0.9076402187347412;RDF207;Medical and biomedical engineering;0.8759462833404541;RDF302;Clinical medicine;0.8624095916748047;RDF304;Medical biotechnology;0.391202449798584
476;Planning and developing Canadian intersectoral partnerships and knowledge sharing for sustainable LD risk mitigation in peri-domestic high-risk areas;RDF50;Social sciences;0.26975300908088684;RDF20-21;Engineering and technology;0.25489869713783264;RDF10;Natural sciences;0.1712980717420578;RDF208;Environmental engineering and related engineering;0.8778437376022339;RDF105;Earth and related environmental sciences;0.8161134719848633;RDF506;Political science and policy administration;0.31811434030532837;RDF212;Other engineering and technologies;0.13735879957675934;RDF509;Other social sciences;0.1367236226797104
477;Du réseau de neurones au circuit logique et réciproquement : le meilleur des deux mondes (Electrical and Computer Engineering);RDF20-21;Engineering and technology;0.972075879573822;RDF10;Natural sciences;0.01966898888349533;RDF30;Medical, health and life sciences;0.003695693565532565;RDF102;Computer and information sciences;0.9383503794670105;RDF203;Electrical engineering, computer engineering, and information engineering;0.600364089012146;RDF212;Other engineering and technologies;0.24676015973091125;RDF503;Education;0.1468808650970459;RDF107;Other natural sciences;0.0389750711619854
478;Faire du virtuel une réalité : l'exploration de l'utilité d'agents virtuels autonomes en contexte de formation à l'évaluation des jeunes contrevenants (Psychology);RDF50;Social sciences;0.7206401228904724;RDF20-21;Engineering and technology;0.16308963298797607;RDF60;Humanities and the arts;0.05806628242135048;RDF603;Philosophy;0.8635067939758301;RDF501;Psychology and cognitive sciences;0.6632328629493713;RDF212;Other engineering and technologies;0.40833574533462524;RDF102;Computer and information sciences;0.33742183446884155;RDF509;Other social sciences;0.14348748326301575
479;Global Corporate Minimum Tax in Canada? Politics, Policy and Practice;RDF50;Social sciences;0.8873826861381531;RDF10;Natural sciences;0.024807050824165344;RDF30;Medical, health and life sciences;0.024137921631336212;RDF506;Political science and policy administration;0.9890130758285522;RDF502;Economics and business administration;0.7602949142456055;RDF505;Law and legal practice;0.034618835896253586;RDF509;Other social sciences;0.02742854319512844;RDF504;Sociology and related studies;0.004365325905382633
480;Briser les silos de recherche : pour l'amélioration des interactions entre les milieux universitaire et professionnel en sciences de l'information;RDF20-21;Engineering and technology;0.7492944002151489;RDF50;Social sciences;0.13589146733283997;RDF10;Natural sciences;0.06707436591386795;RDF102;Computer and information sciences;0.9218514561653137;RDF504;Sociology and related studies;0.2635519802570343;RDF212;Other engineering and technologies;0.25525081157684326;RDF203;Electrical engineering, computer engineering, and information engineering;0.2186693698167801;RDF503;Education;0.1268933266401291
481;Simulation numérique des écoulements multi-composants à trois phases par l'approche de Boltzmann sur réseau;RDF20-21;Engineering and technology;0.9090591073036194;RDF10;Natural sciences;0.0609031580388546;RDF50;Social sciences;0.01131004560738802;RDF103;Physical sciences;0.9569169282913208;RDF102;Computer and information sciences;0.9361100196838379;RDF101;Mathematics and statistics;0.8407825827598572;RDF203;Electrical engineering, computer engineering, and information engineering;0.5630476474761963;RDF104;Chemical sciences;0.5069652199745178
482;Developing an initial understanding of the factors involved in psychological readiness to return to sport following a concussion (Psychology, linguistics and translation);RDF50;Social sciences;0.48469606041908264;RDF30;Medical, health and life sciences;0.35086512565612793;RDF10;Natural sciences;0.07562099397182465;RDF303;Health sciences;0.6390605568885803;RDF501;Psychology and cognitive sciences;0.5956395268440247;RDF305;Other medical sciences;0.4333968460559845;RDF509;Other social sciences;0.3409787714481354;RDF503;Education;0.10659755766391754
483;Roles for mitochondrial adaptation in fatty liver disease and associated liver cancer (Cell Biology – Disease);RDF30;Medical, health and life sciences;0.7234835624694824;RDF10;Natural sciences;0.2633109390735626;RDF50;Social sciences;0.004574974998831749;RDF106;Biological sciences;0.9814178347587585;RDF303;Health sciences;0.9049869775772095;RDF301;Basic medicine and life sciences;0.20946969091892242;RDF305;Other medical sciences;0.10678370296955109;RDF107;Other natural sciences;0.07758751511573792
484;Lagrangian analyzes of complex and turbulent flows for advanced flow diagnostics (Mechanical Engineering);RDF20-21;Engineering and technology;0.9748172163963318;RDF10;Natural sciences;0.016920723021030426;RDF30;Medical, health and life sciences;0.002643473446369171;RDF204;Mechanical engineering;0.9972850680351257;RDF103;Physical sciences;0.9155827164649963;RDF206;Materials engineering and resources engineering;0.6240931153297424;RDF212;Other engineering and technologies;0.07620120048522949;RDF101;Mathematics and statistics;0.06928940862417221
485;Energy and spectrum opportunistic relaying for sustainable wireless networks;RDF20-21;Engineering and technology;0.9741255044937134;RDF10;Natural sciences;0.019235076382756233;RDF50;Social sciences;0.0027575776912271976;RDF508;Media and communications;0.9254324436187744;RDF203;Electrical engineering, computer engineering, and information engineering;0.8303191065788269;RDF103;Physical sciences;0.7027851343154907;RDF102;Computer and information sciences;0.29854249954223633;RDF212;Other engineering and technologies;0.20299562811851501
486;Plasmonic optophysiology (Chemistry);RDF10;Natural sciences;0.9236600995063782;RDF20-21;Engineering and technology;0.03251379728317261;RDF30;Medical, health and life sciences;0.028470030054450035;RDF104;Chemical sciences;0.9795506000518799;RDF205;Chemical engineering;0.5590643882751465;RDF107;Other natural sciences;0.10762491077184677;RDF212;Other engineering and technologies;0.07585818320512772;RDF103;Physical sciences;0.07309852540493011
487;A statistical perspective for some challenges in data science;RDF20-21;Engineering and technology;0.7379170656204224;RDF50;Social sciences;0.1707930564880371;RDF10;Natural sciences;0.044554028660058975;RDF101;Mathematics and statistics;0.984441339969635;RDF102;Computer and information sciences;0.8967045545578003;RDF203;Electrical engineering, computer engineering, and information engineering;0.21436230838298798;RDF212;Other engineering and technologies;0.14499427378177643;RDF509;Other social sciences;0.0258833859115839
488;Structural and functional characterization of protein-metal interactions (Genes, Cells and Molecules);RDF10;Natural sciences;0.8380917906761169;RDF30;Medical, health and life sciences;0.1474992334842682;RDF20-21;Engineering and technology;0.00546259805560112;RDF106;Biological sciences;0.9224823117256165;RDF301;Basic medicine and life sciences;0.49443838000297546;RDF107;Other natural sciences;0.22661243379116058;RDF104;Chemical sciences;0.07120272517204285;RDF303;Health sciences;0.050517670810222626
489;To study the pathogenesis and its underlying mechanisms of an abnormally large Pol II pool size caused by a defective novel ARMC5-containing POLR2A-specific ubiquitin ligase;RDF10;Natural sciences;0.6462743878364563;RDF30;Medical, health and life sciences;0.27278265357017517;RDF50;Social sciences;0.031231869012117386;RDF106;Biological sciences;0.9683213829994202;RDF301;Basic medicine and life sciences;0.29609423875808716;RDF107;Other natural sciences;0.2809615135192871;RDF305;Other medical sciences;0.2320055067539215;RDF303;Health sciences;0.1881001591682434
490;Perspectives compositionnelles sur la sémiotique musicale, à partir de l'intégration théorique et pratique de la sémiotique deleuzienne du cinéma (Fine arts, research-creation);RDF60;Humanities and the arts;0.985995888710022;RDF10;Natural sciences;0.0035214985255151987;RDF30;Medical, health and life sciences;0.0032952444162219763;RDF604;Arts (arts, history of arts, performing arts, music), architecture and design;0.8397339582443237;RDF605;Other humanities;0.0645354837179184;RDF508;Media and communications;0.013222821056842804;RDF603;Philosophy;0.011463797651231289;RDF503;Education;0.009178772568702698
491;Regulation of germinal center B cell function during antibody responses (Immunology & Transplantation);RDF10;Natural sciences;0.7060113549232483;RDF30;Medical, health and life sciences;0.2776956856250763;RDF20-21;Engineering and technology;0.005158707499504089;RDF106;Biological sciences;0.9799190163612366;RDF303;Health sciences;0.6990489959716797;RDF207;Medical and biomedical engineering;0.38047119975090027;RDF301;Basic medicine and life sciences;0.1203354001045227;RDF305;Other medical sciences;0.0694785863161087
492;Victims, Law and Justice: A Partnership approach to Transformative Justice;RDF50;Social sciences;0.7980125546455383;RDF30;Medical, health and life sciences;0.09121131896972656;RDF60;Humanities and the arts;0.030611693859100342;RDF505;Law and legal practice;0.9603239297866821;RDF506;Political science and policy administration;0.24494951963424683;RDF509;Other social sciences;0.08532742410898209;RDF504;Sociology and related studies;0.07504072785377502;RDF603;Philosophy;0.04493164271116257
493;Dynamic scene processing in humans (Biological Systems and Functions);RDF10;Natural sciences;0.7389150261878967;RDF30;Medical, health and life sciences;0.2541183531284332;RDF60;Humanities and the arts;0.002301816362887621;RDF106;Biological sciences;0.9978172779083252;RDF301;Basic medicine and life sciences;0.9786515235900879;RDF207;Medical and biomedical engineering;0.8422802090644836;RDF107;Other natural sciences;0.8167720437049866;RDF303;Health sciences;0.11920291930437088
494;Planning for mercury-related vision rehabilitation services for Grassy Narrows First Nation community;RDF30;Medical, health and life sciences;0.6219669580459595;RDF10;Natural sciences;0.20020504295825958;RDF50;Social sciences;0.10656198859214783;RDF208;Environmental engineering and related engineering;0.9254323840141296;RDF105;Earth and related environmental sciences;0.8899120688438416;RDF303;Health sciences;0.8789910078048706;RDF207;Medical and biomedical engineering;0.7880943417549133;RDF209;Environmental biotechnology;0.25608712434768677
495;L'intégration des PFÉ dans les stages d'actualisation et de requalification de l'Université de Montréal;RDF20-21;Engineering and technology;0.3710959553718567;RDF50;Social sciences;0.2303343564271927;RDF30;Medical, health and life sciences;0.17403535544872284;RDF503;Education;0.933854341506958;RDF202;Industrial, systems and processes engineering;0.8525062203407288;RDF506;Political science and policy administration;0.8121234178543091;RDF103;Physical sciences;0.6545636057853699;RDF501;Psychology and cognitive sciences;0.5204373002052307
496;Cartographie des sensibilités queer dans la culture audiovisuelle populaire (Communications, media studies, gender studies, library and information science, related fields);RDF50;Social sciences;0.5832479596138;RDF60;Humanities and the arts;0.32976865768432617;RDF10;Natural sciences;0.03647880256175995;RDF508;Media and communications;0.9015746116638184;RDF509;Other social sciences;0.3826315402984619;RDF605;Other humanities;0.2894721031188965;RDF503;Education;0.06681232899427414;RDF602;Languages and literature;0.03517797589302063
497;De l'innovation à la nouvelle conformité : les usages complexes des smart drugs (Sociology, demography and related fields);RDF50;Social sciences;0.8528063297271729;RDF30;Medical, health and life sciences;0.0961153507232666;RDF20-21;Engineering and technology;0.023933764547109604;RDF504;Sociology and related studies;0.9829546213150024;RDF509;Other social sciences;0.7379143238067627;RDF207;Medical and biomedical engineering;0.49304628372192383;RDF304;Medical biotechnology;0.4179840385913849;RDF305;Other medical sciences;0.18278992176055908
498;Favoriser la participation sociale des aînés présentant des problèmes de mobilité : partenariat pour le codéveloppement d'un service innovant offert en contexte communautaire;RDF50;Social sciences;0.8033298850059509;RDF30;Medical, health and life sciences;0.11893881112337112;RDF20-21;Engineering and technology;0.05011655390262604;RDF507;Social and economic geography;0.7714993953704834;RDF506;Political science and policy administration;0.6330700516700745;RDF504;Sociology and related studies;0.5352122783660889;RDF605;Other humanities;0.2549261152744293;RDF509;Other social sciences;0.18914636969566345
499;Chemosensation in Parkinson's disease: Trigeminal sensitivity as a potential marker (Behavioural Sciences);RDF30;Medical, health and life sciences;0.9290887117385864;RDF10;Natural sciences;0.04664216563105583;RDF50;Social sciences;0.014784498140215874;RDF303;Health sciences;0.9920002222061157;RDF106;Biological sciences;0.9479139447212219;RDF207;Medical and biomedical engineering;0.6157812476158142;RDF305;Other medical sciences;0.2015773504972458;RDF304;Medical biotechnology;0.19436781108379364
500;Nuclear Factor Erythroid 2-Related Factor 2 (NRF2) and Regulation of Sodium-Glucose Co-Transporter 2 (SGLT2) Expression in Type 2 Diabetes (Diabetes, Obesity, Lipid & Lipoprotein Disorders);RDF30;Medical, health and life sciences;0.8632482290267944;RDF10;Natural sciences;0.12019851803779602;RDF50;Social sciences;0.0056046294048428535;RDF106;Biological sciences;0.9747731685638428;RDF303;Health sciences;0.9329437017440796;RDF207;Medical and biomedical engineering;0.7861306667327881;RDF304;Medical biotechnology;0.6416469812393188;RDF305;Other medical sciences;0.2727503478527069
501;Identifying and functionally validating IBD genes and variants impacting intestinal epithelial barrier integrity (Genetics);RDF10;Natural sciences;0.6286768317222595;RDF30;Medical, health and life sciences;0.3482069671154022;RDF40;Agricultural and veterinary sciences;0.007875325158238411;RDF106;Biological sciences;0.8685482740402222;RDF303;Health sciences;0.20323273539543152;RDF301;Basic medicine and life sciences;0.14517594873905182;RDF107;Other natural sciences;0.0823276937007904;RDF305;Other medical sciences;0.034456025809049606
502;Structural and functional characterization of type IV secretion system pili (Biochemistry & Molecular Biology);RDF10;Natural sciences;0.7930538654327393;RDF30;Medical, health and life sciences;0.197792649269104;RDF50;Social sciences;0.0027345565613359213;RDF106;Biological sciences;0.9944450855255127;RDF301;Basic medicine and life sciences;0.7139304876327515;RDF107;Other natural sciences;0.22084616124629974;RDF305;Other medical sciences;0.08021325618028641;RDF104;Chemical sciences;0.07290027290582657
503;Targeting the extracellular adenosine pathway in pancreatic and liver cancers;RDF30;Medical, health and life sciences;0.6748911738395691;RDF10;Natural sciences;0.30065327882766724;RDF20-21;Engineering and technology;0.010929925367236137;RDF106;Biological sciences;0.9875922799110413;RDF303;Health sciences;0.9659638404846191;RDF207;Medical and biomedical engineering;0.9386884570121765;RDF304;Medical biotechnology;0.9102267026901245;RDF302;Clinical medicine;0.7206632494926453
504;The impact of amyloid-induced neurodegeneration on sleep features and memory processes (Biological and Clinical Aspects of Aging);RDF30;Medical, health and life sciences;0.5970532894134521;RDF10;Natural sciences;0.390793114900589;RDF50;Social sciences;0.007348862010985613;RDF106;Biological sciences;0.991355836391449;RDF303;Health sciences;0.9161846041679382;RDF301;Basic medicine and life sciences;0.7107287645339966;RDF501;Psychology and cognitive sciences;0.4532618224620819;RDF207;Medical and biomedical engineering;0.3854902982711792
505;Disentangling the Kinematics of the Solar Neighborhood to Calibrate the Ages of Stars and Exoplanets (Physics);RDF10;Natural sciences;0.8719580173492432;RDF20-21;Engineering and technology;0.07121734321117401;RDF50;Social sciences;0.022322166711091995;RDF103;Physical sciences;0.9993053674697876;RDF107;Other natural sciences;0.040769267827272415;RDF101;Mathematics and statistics;0.013070784509181976;RDF503;Education;0.004281254950910807;RDF212;Other engineering and technologies;0.002260640962049365
506;Towards a Transcultural History and Theory of Heterophony (Fine Arts, Research-Creation);RDF60;Humanities and the arts;0.982454776763916;RDF50;Social sciences;0.009280772879719734;RDF10;Natural sciences;0.0027167308144271374;RDF603;Philosophy;0.7895584106445312;RDF605;Other humanities;0.6695827841758728;RDF602;Languages and literature;0.5906906127929688;RDF604;Arts (arts, history of arts, performing arts, music), architecture and design;0.5658723711967468;RDF601;History, archaeology and related studies;0.5336519479751587
507;What Do Deep Learning Systems Understand? (Philosophy, medieval studies, classics, religious);RDF60;Humanities and the arts;0.46489009261131287;RDF50;Social sciences;0.27940887212753296;RDF20-21;Engineering and technology;0.22550013661384583;RDF603;Philosophy;0.9227612018585205;RDF102;Computer and information sciences;0.7773844003677368;RDF605;Other humanities;0.6257811784744263;RDF503;Education;0.48100435733795166;RDF509;Other social sciences;0.16572809219360352
508;Improving endurance performance using maple syrup;RDF10;Natural sciences;0.5292497873306274;RDF30;Medical, health and life sciences;0.3055593967437744;RDF40;Agricultural and veterinary sciences;0.07048129290342331;RDF303;Health sciences;0.8393393158912659;RDF404;Agricultural biotechnology and food sciences;0.6546739935874939;RDF103;Physical sciences;0.6449522376060486;RDF104;Chemical sciences;0.48802411556243896;RDF106;Biological sciences;0.44247835874557495
509;Multi-Omic Primate Adaptation to Local Environments (Evolution and Ecology);RDF10;Natural sciences;0.9759993553161621;RDF30;Medical, health and life sciences;0.019028957933187485;RDF50;Social sciences;0.002580324187874794;RDF106;Biological sciences;0.9979691505432129;RDF105;Earth and related environmental sciences;0.9318355917930603;RDF107;Other natural sciences;0.3594765365123749;RDF301;Basic medicine and life sciences;0.18017876148223877;RDF402;Animal and dairy sciences;0.08411581069231033
510;The Role of the State for Long-run Economic Development in Europe (Economics);RDF50;Social sciences;0.988342821598053;RDF10;Natural sciences;0.004919934552162886;RDF30;Medical, health and life sciences;0.0020954736974090338;RDF502;Economics and business administration;0.8875949382781982;RDF506;Political science and policy administration;0.17300859093666077;RDF507;Social and economic geography;0.16498678922653198;RDF509;Other social sciences;0.0443899929523468;RDF504;Sociology and related studies;0.0253954716026783
511;Éditions critiques numériques et multilinguisme;RDF60;Humanities and the arts;0.855908215045929;RDF50;Social sciences;0.06415762007236481;RDF20-21;Engineering and technology;0.037095338106155396;RDF602;Languages and literature;0.9769567251205444;RDF508;Media and communications;0.7247728705406189;RDF605;Other humanities;0.5158523917198181;RDF503;Education;0.11104825139045715;RDF604;Arts (arts, history of arts, performing arts, music), architecture and design;0.08021324872970581
512;Metabolic control of vascular regeneration in retinopathy of prematurity (Clinical Investigation – Reproduction, Maternal, Child and Youth Health);RDF30;Medical, health and life sciences;0.9732731580734253;RDF10;Natural sciences;0.01824885420501232;RDF50;Social sciences;0.003128114389255643;RDF303;Health sciences;0.9829219579696655;RDF302;Clinical medicine;0.9010534286499023;RDF106;Biological sciences;0.6852127313613892;RDF305;Other medical sciences;0.10567110031843185;RDF301;Basic medicine and life sciences;0.06650853157043457
513;Mechanics and dynamics of mineral dust production within cold climates (Geosciences);RDF10;Natural sciences;0.9010555148124695;RDF20-21;Engineering and technology;0.06711441278457642;RDF30;Medical, health and life sciences;0.011708383448421955;RDF105;Earth and related environmental sciences;0.9976723194122314;RDF204;Mechanical engineering;0.4970856308937073;RDF206;Materials engineering and resources engineering;0.39840641617774963;RDF201;Civil engineering, maritime engineering, transport engineering, and mining engineering;0.1006573960185051;RDF103;Physical sciences;0.09903368353843689
514;Biosecurity in Canadian dairy farms: Unraveling the epidemiology of bovine infectious diseases and refining diagnostic strategies to improve their detection, prevention and control (Biological Systems and Functions);RDF10;Natural sciences;0.43645456433296204;RDF40;Agricultural and veterinary sciences;0.4205548167228699;RDF30;Medical, health and life sciences;0.13713549077510834;RDF106;Biological sciences;0.9975465536117554;RDF402;Animal and dairy sciences;0.9388008117675781;RDF403;Veterinary sciences;0.9152045249938965;RDF401;Agriculture, forestry, and fisheries;0.8146433234214783;RDF301;Basic medicine and life sciences;0.803405225276947
515;Mobilité urbaine et ressources langagières à Santiago du Chili (Linguistics and translation);RDF50;Social sciences;0.6497077941894531;RDF60;Humanities and the arts;0.11164143681526184;RDF20-21;Engineering and technology;0.09201328456401825;RDF602;Languages and literature;0.7789857387542725;RDF605;Other humanities;0.24180257320404053;RDF509;Other social sciences;0.1854303777217865;RDF504;Sociology and related studies;0.16844618320465088;RDF508;Media and communications;0.054098695516586304
516;Pays perdus, terres promises : deux imaginaires du territoire de l'Antiquité à nos jours;RDF60;Humanities and the arts;0.8937122821807861;RDF50;Social sciences;0.0611155740916729;RDF10;Natural sciences;0.021038634702563286;RDF601;History, archaeology and related studies;0.9552773833274841;RDF605;Other humanities;0.5626271367073059;RDF602;Languages and literature;0.37579238414764404;RDF604;Arts (arts, history of arts, performing arts, music), architecture and design;0.23638401925563812;RDF509;Other social sciences;0.04476431384682655
517;Supraionic engineering of liquid electrolytes for electrochemistry and ionometallurgy;RDF20-21;Engineering and technology;0.9220852851867676;RDF10;Natural sciences;0.05537552759051323;RDF30;Medical, health and life sciences;0.01299960631877184;RDF104;Chemical sciences;0.964755654335022;RDF205;Chemical engineering;0.766730546951294;RDF103;Physical sciences;0.7266196608543396;RDF212;Other engineering and technologies;0.1555909812450409;RDF107;Other natural sciences;0.05781161040067673
518;Pricing and Profitability in Non-Life Insurance;RDF30;Medical, health and life sciences;0.5361909866333008;RDF50;Social sciences;0.24168023467063904;RDF10;Natural sciences;0.0706082284450531;RDF502;Economics and business administration;0.9444336891174316;RDF101;Mathematics and statistics;0.5935503840446472;RDF303;Health sciences;0.06973154842853546;RDF509;Other social sciences;0.02161533385515213;RDF301;Basic medicine and life sciences;0.01587584801018238
519;Regulation of glycolysis in T cell metabolic reprogramming (Genes, Cells and Molecules);RDF10;Natural sciences;0.9088048934936523;RDF30;Medical, health and life sciences;0.07715541869401932;RDF20-21;Engineering and technology;0.005398676730692387;RDF106;Biological sciences;0.9736947417259216;RDF301;Basic medicine and life sciences;0.3211405575275421;RDF107;Other natural sciences;0.17462129890918732;RDF303;Health sciences;0.07793769240379333;RDF104;Chemical sciences;0.05845324322581291
520;After-images and urban spaces: lesbian, gay and queer visible presence in Montreal (1950-1990) (Communications, media studies, gender studies, library and information science, related fields);RDF50;Social sciences;0.4825804829597473;RDF60;Humanities and the arts;0.4716317355632782;RDF30;Medical, health and life sciences;0.019315076991915703;RDF508;Media and communications;0.8350804448127747;RDF509;Other social sciences;0.36775264143943787;RDF605;Other humanities;0.3120030462741852;RDF504;Sociology and related studies;0.07504072785377502;RDF503;Education;0.04547959566116333
521;Heterochromatin Protein 1 (HP1) in maternal infertility and embryonic development (Genes, Cells and Molecules);RDF10;Natural sciences;0.7210466861724854;RDF30;Medical, health and life sciences;0.25854483246803284;RDF50;Social sciences;0.006141561083495617;RDF106;Biological sciences;0.9674410820007324;RDF301;Basic medicine and life sciences;0.5777633786201477;RDF107;Other natural sciences;0.1536126434803009;RDF303;Health sciences;0.11018358916044235;RDF305;Other medical sciences;0.052570294588804245
522;Chronic non-cancer pain, substance use, and related harms: Towards an optimal treatment pathway for people who inject drugs in the context of the opioid crisis (Behavioural Sciences – Clinical Behavioural Sciences);RDF30;Medical, health and life sciences;0.9354543685913086;RDF50;Social sciences;0.03910411521792412;RDF10;Natural sciences;0.01766006276011467;RDF303;Health sciences;0.9661878943443298;RDF302;Clinical medicine;0.7839884757995605;RDF305;Other medical sciences;0.13318955898284912;RDF207;Medical and biomedical engineering;0.07211220264434814;RDF301;Basic medicine and life sciences;0.033875979483127594
523;Simulation stochastique à haute résolution spatiale pour les études des risques d'inondation en milieu urbain;RDF20-21;Engineering and technology;0.8875108957290649;RDF10;Natural sciences;0.07102487236261368;RDF50;Social sciences;0.016722265630960464;RDF103;Physical sciences;0.881665825843811;RDF105;Earth and related environmental sciences;0.7520125508308411;RDF208;Environmental engineering and related engineering;0.6847385764122009;RDF102;Computer and information sciences;0.6298030614852905;RDF212;Other engineering and technologies;0.48737984895706177
524;Innovative mobile health treatment modality to treat sleep difficulties in healthcare workers working on atypical work schedules;RDF30;Medical, health and life sciences;0.9552299380302429;RDF50;Social sciences;0.014862870797514915;RDF10;Natural sciences;0.014279531314969063;RDF303;Health sciences;0.990532636642456;RDF207;Medical and biomedical engineering;0.9302050471305847;RDF302;Clinical medicine;0.7569868564605713;RDF304;Medical biotechnology;0.28791797161102295;RDF305;Other medical sciences;0.1609242558479309
525;Interpretable Machine Learning Approaches Applied to Omics Datasets (Genes, Cells and Molecules);RDF20-21;Engineering and technology;0.6027852296829224;RDF10;Natural sciences;0.2823818027973175;RDF30;Medical, health and life sciences;0.0890725776553154;RDF106;Biological sciences;0.6554462909698486;RDF102;Computer and information sciences;0.3195459246635437;RDF212;Other engineering and technologies;0.18359361588954926;RDF107;Other natural sciences;0.1667432337999344;RDF101;Mathematics and statistics;0.13078418374061584
526;Prevention and treatment of preeclampsia using exercise training and Angiotensin-(1-7): determining the mechanisms and clinical potential (Cardiovascular System – Heart and Circulation);RDF30;Medical, health and life sciences;0.9454385042190552;RDF10;Natural sciences;0.03497990965843201;RDF50;Social sciences;0.008827049285173416;RDF303;Health sciences;0.9806363582611084;RDF302;Clinical medicine;0.8847382068634033;RDF207;Medical and biomedical engineering;0.6862123012542725;RDF106;Biological sciences;0.47344040870666504;RDF304;Medical biotechnology;0.13028541207313538
527;Connecting MRI physics and artificial intelligence to advance novel acquisition and analyses technologies for neuroimaging applications (Physics);RDF20-21;Engineering and technology;0.673265278339386;RDF10;Natural sciences;0.18824143707752228;RDF30;Medical, health and life sciences;0.08509600907564163;RDF103;Physical sciences;0.997896671295166;RDF212;Other engineering and technologies;0.0219902191311121;RDF107;Other natural sciences;0.010209054686129093;RDF102;Computer and information sciences;0.007431773468852043;RDF305;Other medical sciences;0.0068107303231954575
528;The Paperology Symposium;RDF20-21;Engineering and technology;0.45957502722740173;RDF50;Social sciences;0.1545202136039734;RDF60;Humanities and the arts;0.13891741633415222;RDF506;Political science and policy administration;0.5275532603263855;RDF503;Education;0.23647215962409973;RDF212;Other engineering and technologies;0.20713452994823456;RDF604;Arts (arts, history of arts, performing arts, music), architecture and design;0.13296425342559814;RDF603;Philosophy;0.12759825587272644
529;Mechanisms affecting follicular development and ovulation in the Bovine model;RDF10;Natural sciences;0.7040794491767883;RDF30;Medical, health and life sciences;0.15387479960918427;RDF40;Agricultural and veterinary sciences;0.12832418084144592;RDF106;Biological sciences;0.9888203740119934;RDF402;Animal and dairy sciences;0.9788545966148376;RDF403;Veterinary sciences;0.8627569079399109;RDF301;Basic medicine and life sciences;0.8003801107406616;RDF404;Agricultural biotechnology and food sciences;0.3190683424472809
530;Measuring and modeling large-scale electrophysiological brain dynamics: From neural mechanisms to cognitive processes (Biological Systems and Functions);RDF10;Natural sciences;0.8030781149864197;RDF30;Medical, health and life sciences;0.1818351447582245;RDF20-21;Engineering and technology;0.006425837520509958;RDF106;Biological sciences;0.9887336492538452;RDF301;Basic medicine and life sciences;0.7099752426147461;RDF207;Medical and biomedical engineering;0.29568731784820557;RDF107;Other natural sciences;0.21395143866539001;RDF501;Psychology and cognitive sciences;0.1550145000219345
531;Apprentissage des jeunes adultes touchés par un cancer du sang : création de solutions à l'aide du co-design;RDF30;Medical, health and life sciences;0.6944137811660767;RDF50;Social sciences;0.19974376261234283;RDF20-21;Engineering and technology;0.05328661575913429;RDF503;Education;0.95735764503479;RDF303;Health sciences;0.8743993639945984;RDF207;Medical and biomedical engineering;0.7120319604873657;RDF305;Other medical sciences;0.38954654335975647;RDF509;Other social sciences;0.24064072966575623
532;Mentalisation parentale non verbale sous la loupe : Valeur ajoutée à la relation parent-enfant et complémentarité avec la mentalisation parentale verbale (Psychology, linguistics and translation);RDF50;Social sciences;0.8055784106254578;RDF30;Medical, health and life sciences;0.07592485100030899;RDF10;Natural sciences;0.06076949089765549;RDF501;Psychology and cognitive sciences;0.3123700022697449;RDF509;Other social sciences;0.1591520458459854;RDF305;Other medical sciences;0.12597651779651642;RDF605;Other humanities;0.11621123552322388;RDF603;Philosophy;0.11308891326189041
533;A multifactorial and integrative approach to investigate spoken discourse in Canadian French (Mutidisciplinary or interdisciplinary social sciences);RDF50;Social sciences;0.9654629230499268;RDF60;Humanities and the arts;0.02202843874692917;RDF30;Medical, health and life sciences;0.004667279776185751;RDF504;Sociology and related studies;0.9158841967582703;RDF602;Languages and literature;0.8420206308364868;RDF509;Other social sciences;0.32338011264801025;RDF603;Philosophy;0.3126322627067566;RDF503;Education;0.21460911631584167
534;Opening the blackbox on the relation between participation in hackathons and the development of longer-term collaborative capabilities;RDF20-21;Engineering and technology;0.8340250849723816;RDF50;Social sciences;0.10759905725717545;RDF10;Natural sciences;0.022010020911693573;RDF102;Computer and information sciences;0.9026954174041748;RDF212;Other engineering and technologies;0.47578802704811096;RDF203;Electrical engineering, computer engineering, and information engineering;0.409855455160141;RDF504;Sociology and related studies;0.19574779272079468;RDF509;Other social sciences;0.1653234362602234
535;A multi-country comparison of COVID-19 response: Planning, implementation, and health system resilience (Canadian 2019 Novel Coronavirus (2019-nCoV) Rapid Research);RDF30;Medical, health and life sciences;0.6765126585960388;RDF50;Social sciences;0.15043531358242035;RDF10;Natural sciences;0.13967445492744446;RDF303;Health sciences;0.9518184661865234;RDF207;Medical and biomedical engineering;0.6184059977531433;RDF506;Political science and policy administration;0.46905282139778137;RDF305;Other medical sciences;0.2004011571407318;RDF509;Other social sciences;0.10885027796030045
536;Participatory Democracy and the Canadian Genetic Non-Discrimination Act (Multidisciplinary or interdisciplinary humanities);RDF60;Humanities and the arts;0.40015625953674316;RDF50;Social sciences;0.23871099948883057;RDF30;Medical, health and life sciences;0.19945049285888672;RDF505;Law and legal practice;0.3170032501220703;RDF506;Political science and policy administration;0.2606716752052307;RDF605;Other humanities;0.1289084553718567;RDF504;Sociology and related studies;0.1276526153087616;RDF601;History, archaeology and related studies;0.0728343054652214
537;Levelling the Playing Fields: Creating the conditions for free-play to emerge in cities (Public, Community & Population Health);RDF50;Social sciences;0.7303627729415894;RDF30;Medical, health and life sciences;0.10713693499565125;RDF20-21;Engineering and technology;0.06587635725736618;RDF504;Sociology and related studies;0.7974779605865479;RDF208;Environmental engineering and related engineering;0.6707700490951538;RDF507;Social and economic geography;0.5835297107696533;RDF506;Political science and policy administration;0.4598226547241211;RDF605;Other humanities;0.3247170150279999
538;Using prospective and observational designs to study support processes and sexual well-being in long-term couples (Psychology);RDF50;Social sciences;0.9654079079627991;RDF30;Medical, health and life sciences;0.018341602757573128;RDF10;Natural sciences;0.013926328159868717;RDF501;Psychology and cognitive sciences;0.8794059157371521;RDF303;Health sciences;0.20721474289894104;RDF301;Basic medicine and life sciences;0.08057424426078796;RDF305;Other medical sciences;0.06058494374155998;RDF509;Other social sciences;0.05127241462469101
539;Molecular dissection of mitotic kinase functions using chemogenomics (Genes, Cells and Molecules);RDF10;Natural sciences;0.9069482088088989;RDF30;Medical, health and life sciences;0.06878487020730972;RDF20-21;Engineering and technology;0.010558807291090488;RDF106;Biological sciences;0.9562681317329407;RDF104;Chemical sciences;0.6220576167106628;RDF107;Other natural sciences;0.09747627377510071;RDF301;Basic medicine and life sciences;0.08006926625967026;RDF303;Health sciences;0.025687135756015778
540;Compassion and Collective Care in Long-Term Care Settings: A Communicative Perspective (Communications, media studies, gender studies, library and information science, related fields);RDF50;Social sciences;0.8706067800521851;RDF30;Medical, health and life sciences;0.06570704281330109;RDF60;Humanities and the arts;0.029072025790810585;RDF508;Media and communications;0.6376233100891113;RDF305;Other medical sciences;0.26445332169532776;RDF509;Other social sciences;0.26440584659576416;RDF605;Other humanities;0.13078416883945465;RDF504;Sociology and related studies;0.07647661864757538
541;Towards a better understanding of contaminant bioavailability- urgent replacement of photosynthetic incubators (Geosciences);RDF10;Natural sciences;0.9567821621894836;RDF30;Medical, health and life sciences;0.016334235668182373;RDF20-21;Engineering and technology;0.013253727927803993;RDF105;Earth and related environmental sciences;0.9949199557304382;RDF209;Environmental biotechnology;0.5748721361160278;RDF208;Environmental engineering and related engineering;0.07592667639255524;RDF107;Other natural sciences;0.06097518280148506;RDF503;Education;0.008933402597904205
542;Marking Monastic Space: The Spatial Iconography of Inscribed Capitals, 1080-1160 (Fine arts, research-creation);RDF60;Humanities and the arts;0.9817579984664917;RDF50;Social sciences;0.0049932897090911865;RDF20-21;Engineering and technology;0.004131505265831947;RDF604;Arts (arts, history of arts, performing arts, music), architecture and design;0.8342719078063965;RDF605;Other humanities;0.3037317991256714;RDF601;History, archaeology and related studies;0.07928158342838287;RDF503;Education;0.03126191347837448;RDF603;Philosophy;0.014090732671320438
543;Dans l'intérêt du patient : la relation thérapeutique au sein de la Collection hippocratique (Philosophy, medieval studies, classics, religious);RDF30;Medical, health and life sciences;0.3972892463207245;RDF50;Social sciences;0.3201674818992615;RDF60;Humanities and the arts;0.17811307311058044;RDF603;Philosophy;0.8056321740150452;RDF305;Other medical sciences;0.6866327524185181;RDF605;Other humanities;0.26927757263183594;RDF303;Health sciences;0.25027090311050415;RDF509;Other social sciences;0.23109325766563416
544;Advanced methods for depth-based human pose estimation and motion analysis: application to vital signs monitoring in the intensive care unit (Electrical and Computer Engineering);RDF20-21;Engineering and technology;0.9896703958511353;RDF30;Medical, health and life sciences;0.006270451936870813;RDF10;Natural sciences;0.0022379830479621887;RDF102;Computer and information sciences;0.9328826069831848;RDF203;Electrical engineering, computer engineering, and information engineering;0.6963198184967041;RDF103;Physical sciences;0.1898963898420334;RDF212;Other engineering and technologies;0.1249585673213005;RDF304;Medical biotechnology;0.05634009838104248
545;RÉAC ! Réactivité de la prise en charge des nouveaux arrivants face à la pandémie de COVID-19 à Montréal, Sherbrooke et Toronto : une recherche mixte participative (Health Policy & Systems Management Research);RDF30;Medical, health and life sciences;0.6089425086975098;RDF50;Social sciences;0.3191712498664856;RDF20-21;Engineering and technology;0.037037063390016556;RDF303;Health sciences;0.9834068417549133;RDF207;Medical and biomedical engineering;0.8292155861854553;RDF101;Mathematics and statistics;0.6124255657196045;RDF504;Sociology and related studies;0.46917444467544556;RDF305;Other medical sciences;0.17433996498584747
546;Public School Choice and Refugee Assignment: (Dynamic) Minimal Instability for Non-Unit Capacities and for Lotteries and Weak Priorities (Economics);RDF50;Social sciences;0.9443004131317139;RDF20-21;Engineering and technology;0.013474655337631702;RDF30;Medical, health and life sciences;0.013214031234383583;RDF503;Education;0.8444731831550598;RDF506;Political science and policy administration;0.6602271199226379;RDF509;Other social sciences;0.06910072267055511;RDF502;Economics and business administration;0.0466814823448658;RDF507;Social and economic geography;0.04616272449493408
547;Metabolic and translational dependencies of activated T cells (Genes, Cells and Molecules);RDF10;Natural sciences;0.7576695084571838;RDF30;Medical, health and life sciences;0.22011789679527283;RDF20-21;Engineering and technology;0.008633395656943321;RDF106;Biological sciences;0.9828891158103943;RDF301;Basic medicine and life sciences;0.5373828411102295;RDF107;Other natural sciences;0.33475252985954285;RDF104;Chemical sciences;0.1885479986667633;RDF303;Health sciences;0.13963085412979126
548;Transformer des espaces conventionnels et dysfonctionnels de participation : scénarios pour accroître la participation des citoyens aux comités consultatifs;RDF50;Social sciences;0.5745286345481873;RDF20-21;Engineering and technology;0.32631921768188477;RDF60;Humanities and the arts;0.03964504227042198;RDF506;Political science and policy administration;0.8785749077796936;RDF504;Sociology and related studies;0.4760715365409851;RDF212;Other engineering and technologies;0.27110692858695984;RDF509;Other social sciences;0.2671213150024414;RDF605;Other humanities;0.17342816293239594
549;CITE-sequencing analysis revealed immune cell diversity in colonic mesenteric lymph nodes from IBD patients;RDF30;Medical, health and life sciences;0.6816774606704712;RDF10;Natural sciences;0.28864040970802307;RDF20-21;Engineering and technology;0.01373929250985384;RDF106;Biological sciences;0.9851003289222717;RDF303;Health sciences;0.9674102067947388;RDF304;Medical biotechnology;0.8630456924438477;RDF207;Medical and biomedical engineering;0.8409785628318787;RDF302;Clinical medicine;0.14384791254997253
550;The neglected place of financial information and accountants in Canadian tech startups;RDF20-21;Engineering and technology;0.5783790349960327;RDF50;Social sciences;0.28941065073013306;RDF30;Medical, health and life sciences;0.047801896929740906;RDF502;Economics and business administration;0.9594212770462036;RDF102;Computer and information sciences;0.6868428587913513;RDF212;Other engineering and technologies;0.08166611194610596;RDF507;Social and economic geography;0.03416481614112854;RDF509;Other social sciences;0.019050901755690575
551;Reinventing the Rash: A Global History of Measles in the Vaccine Era (History);RDF30;Medical, health and life sciences;0.7541927695274353;RDF10;Natural sciences;0.1429595947265625;RDF50;Social sciences;0.04065971449017525;RDF601;History, archaeology and related studies;0.9797453284263611;RDF303;Health sciences;0.6011838316917419;RDF605;Other humanities;0.24812406301498413;RDF305;Other medical sciences;0.21280403435230255;RDF207;Medical and biomedical engineering;0.20228557288646698
552;A New, Data-Driven Era for Precision Cosmology: Measuring the Expansion Rate of the Universe with Machine Learning (Physics);RDF10;Natural sciences;0.9422017931938171;RDF20-21;Engineering and technology;0.044369637966156006;RDF30;Medical, health and life sciences;0.004220764618366957;RDF103;Physical sciences;0.9994352459907532;RDF101;Mathematics and statistics;0.06928940862417221;RDF107;Other natural sciences;0.048496000468730927;RDF212;Other engineering and technologies;0.017226237803697586;RDF203;Electrical engineering, computer engineering, and information engineering;0.006475691683590412
553;Créer-Entreprendre ! Trajectoires croisées : arts numériques et école nationale de cirque. Une exploration des reconfigurations des projets créatifs et des modèles de valeur post-Covid;RDF60;Humanities and the arts;0.8085028529167175;RDF20-21;Engineering and technology;0.07796943932771683;RDF50;Social sciences;0.060485925525426865;RDF604;Arts (arts, history of arts, performing arts, music), architecture and design;0.8526289463043213;RDF605;Other humanities;0.3238610625267029;RDF509;Other social sciences;0.3010023534297943;RDF212;Other engineering and technologies;0.06267436593770981;RDF504;Sociology and related studies;0.03753800690174103
554;Factors that control translational fidelity in mammalian cells (Genes, Cells and Molecules);RDF10;Natural sciences;0.7979030609130859;RDF30;Medical, health and life sciences;0.1876768320798874;RDF20-21;Engineering and technology;0.00556859839707613;RDF106;Biological sciences;0.9851003885269165;RDF301;Basic medicine and life sciences;0.9079671502113342;RDF107;Other natural sciences;0.42996782064437866;RDF305;Other medical sciences;0.05252167582511902;RDF303;Health sciences;0.04813677445054054
555;Exploiting the synthetic-lethal vulnerabilities of stem cells and cancer cells with eroded telomeres (Molecular & Cellular Biology of Cancer);RDF10;Natural sciences;0.483158141374588;RDF30;Medical, health and life sciences;0.4824509024620056;RDF20-21;Engineering and technology;0.01853390596807003;RDF106;Biological sciences;0.9862576723098755;RDF303;Health sciences;0.27420559525489807;RDF304;Medical biotechnology;0.0608634427189827;RDF301;Basic medicine and life sciences;0.05953748896718025;RDF107;Other natural sciences;0.054701514542102814
556;Physicochemical characterization of pre-clinical samples of a bacteriophage therapy spray-on patch for the treatment of COVID-19-related pressure injury resistant infections;RDF10;Natural sciences;0.6190250515937805;RDF30;Medical, health and life sciences;0.32398098707199097;RDF20-21;Engineering and technology;0.03401421755552292;RDF103;Physical sciences;0.96207195520401;RDF104;Chemical sciences;0.9547318816184998;RDF304;Medical biotechnology;0.8108536005020142;RDF207;Medical and biomedical engineering;0.7483522891998291;RDF303;Health sciences;0.7184956073760986
557;Dumping of waste rocks (WR) in mine stopes being filled with paste backfill (PB): Experimental and numerical investigations on the natural mixing behavior between WR and PB;RDF20-21;Engineering and technology;0.52988600730896;RDF10;Natural sciences;0.42963892221450806;RDF50;Social sciences;0.016773179173469543;RDF105;Earth and related environmental sciences;0.9730108976364136;RDF201;Civil engineering, maritime engineering, transport engineering, and mining engineering;0.8928431272506714;RDF103;Physical sciences;0.8754146695137024;RDF206;Materials engineering and resources engineering;0.8719117045402527;RDF208;Environmental engineering and related engineering;0.8077641129493713
558;Deep neural network uncertainty estimation for safe integration into autonomous driving autonomy systems;RDF20-21;Engineering and technology;0.9757314324378967;RDF10;Natural sciences;0.014486633241176605;RDF50;Social sciences;0.0041464390233159065;RDF102;Computer and information sciences;0.9717790484428406;RDF101;Mathematics and statistics;0.8227595090866089;RDF203;Electrical engineering, computer engineering, and information engineering;0.7718435525894165;RDF103;Physical sciences;0.1527891755104065;RDF202;Industrial, systems and processes engineering;0.14627006649971008
559;Adaptive Mechanical Systems for Physical Embodied Intelligence Robotics;RDF20-21;Engineering and technology;0.9948040246963501;RDF10;Natural sciences;0.0028437506407499313;RDF30;Medical, health and life sciences;0.0011924180435016751;RDF204;Mechanical engineering;0.9983320832252502;RDF103;Physical sciences;0.9906960725784302;RDF202;Industrial, systems and processes engineering;0.28666821122169495;RDF212;Other engineering and technologies;0.10275401175022125;RDF102;Computer and information sciences;0.08159290254116058
560;Transnational families and midwifery care: Expectations, challenges and practices during pregnancy, childbirth and postpartum (Evolving Narratives of Cultures and Histories);RDF30;Medical, health and life sciences;0.5667462348937988;RDF50;Social sciences;0.3390812277793884;RDF60;Humanities and the arts;0.05271560698747635;RDF303;Health sciences;0.844473123550415;RDF504;Sociology and related studies;0.8047130107879639;RDF601;History, archaeology and related studies;0.7264741063117981;RDF605;Other humanities;0.5393168926239014;RDF305;Other medical sciences;0.4906856417655945
561;Constructing participatory performance: the ecologies and architectures of audience engagement (Communications, media studies, gender studies, library and information science, related fields);RDF60;Humanities and the arts;0.4651978015899658;RDF50;Social sciences;0.46463027596473694;RDF20-21;Engineering and technology;0.03657078742980957;RDF508;Media and communications;0.918699324131012;RDF509;Other social sciences;0.36579644680023193;RDF603;Philosophy;0.2706729471683502;RDF503;Education;0.2113354206085205;RDF605;Other humanities;0.1603974997997284
562;Development and implementation of a standardized methodology aiming to optimize the efficacy and reproducibility of findings using non-invasive brain stimulation techniques in the context of motor training (Biological Systems and Functions);RDF10;Natural sciences;0.5244390964508057;RDF30;Medical, health and life sciences;0.44205349683761597;RDF20-21;Engineering and technology;0.020675115287303925;RDF106;Biological sciences;0.9766692519187927;RDF207;Medical and biomedical engineering;0.8857303857803345;RDF301;Basic medicine and life sciences;0.830112636089325;RDF303;Health sciences;0.5537768006324768;RDF304;Medical biotechnology;0.26426342129707336
563;Putting interfaces at work (Materials and Chemical Engineering);RDF20-21;Engineering and technology;0.9882692098617554;RDF10;Natural sciences;0.007560281082987785;RDF30;Medical, health and life sciences;0.001560152042657137;RDF205;Chemical engineering;0.8703770637512207;RDF103;Physical sciences;0.5700621008872986;RDF104;Chemical sciences;0.46877163648605347;RDF202;Industrial, systems and processes engineering;0.10239443182945251;RDF212;Other engineering and technologies;0.07696083933115005
564;Les outils de l'intersectorialité au niveau régional, comment sont-ils produits et comment opèrent-ils? (Political science and public administration);RDF50;Social sciences;0.7975557446479797;RDF20-21;Engineering and technology;0.0748208537697792;RDF30;Medical, health and life sciences;0.037769537419080734;RDF506;Political science and policy administration;0.5248779654502869;RDF509;Other social sciences;0.10110028088092804;RDF504;Sociology and related studies;0.08225394785404205;RDF605;Other humanities;0.060696203261613846;RDF503;Education;0.03422931954264641
565;Cell biology and function of dopamine neuron connectivity in health and disease (Molecular & Cellular Neurosciences);RDF30;Medical, health and life sciences;0.5996463894844055;RDF10;Natural sciences;0.3860282301902771;RDF50;Social sciences;0.006526249460875988;RDF106;Biological sciences;0.958692729473114;RDF301;Basic medicine and life sciences;0.6534034013748169;RDF303;Health sciences;0.5687751173973083;RDF107;Other natural sciences;0.06250248849391937;RDF305;Other medical sciences;0.04360952600836754
566;Exploiting Graphical Optimization Models to Solve Discrete Decision Problems in Healthcare and Supply Chain Logistics (Civil, Industrial and Systems Engineering);RDF20-21;Engineering and technology;0.9897384643554688;RDF30;Medical, health and life sciences;0.006295427214354277;RDF10;Natural sciences;0.0018518604338169098;RDF202;Industrial, systems and processes engineering;0.7701191902160645;RDF212;Other engineering and technologies;0.075721375644207;RDF303;Health sciences;0.054651036858558655;RDF101;Mathematics and statistics;0.054098695516586304;RDF102;Computer and information sciences;0.05023736506700516
567;Alliance de recherche et d'action Alternatives inclusives en Santé mentale;RDF30;Medical, health and life sciences;0.6822247505187988;RDF50;Social sciences;0.260210782289505;RDF10;Natural sciences;0.02096673659980297;RDF303;Health sciences;0.9625676870346069;RDF501;Psychology and cognitive sciences;0.6193273663520813;RDF305;Other medical sciences;0.37975209951400757;RDF207;Medical and biomedical engineering;0.31305211782455444;RDF509;Other social sciences;0.2870177924633026
568;The development of a quality benchmark that identifies and addresses the determinants of online information reliability to inform information-seeking by a diverse population (Communications, media studies, gender studies, library and information science, related fields);RDF50;Social sciences;0.5080443620681763;RDF20-21;Engineering and technology;0.2646014988422394;RDF60;Humanities and the arts;0.08674654364585876;RDF508;Media and communications;0.7654180526733398;RDF509;Other social sciences;0.2975209951400757;RDF102;Computer and information sciences;0.27904194593429565;RDF605;Other humanities;0.1399831920862198;RDF504;Sociology and related studies;0.10114466398954391
569;Staufen2 and DNA damage (Genes, Cells and Molecules);RDF10;Natural sciences;0.6652112603187561;RDF30;Medical, health and life sciences;0.3229341506958008;RDF50;Social sciences;0.0035526109859347343;RDF106;Biological sciences;0.9448931217193604;RDF301;Basic medicine and life sciences;0.6276374459266663;RDF303;Health sciences;0.17603328824043274;RDF107;Other natural sciences;0.08787643164396286;RDF305;Other medical sciences;0.05717658996582031
570;Ultra-high-resolution emission and absorption spectroscopy of non-equilibrium and highly-reactive plasmas applied to complex materials processing (Physics);RDF10;Natural sciences;0.541610836982727;RDF20-21;Engineering and technology;0.33827006816864014;RDF50;Social sciences;0.03780488669872284;RDF103;Physical sciences;0.9995326399803162;RDF212;Other engineering and technologies;0.008830244652926922;RDF107;Other natural sciences;0.007891984656453133;RDF104;Chemical sciences;0.0055765449069440365;RDF206;Materials engineering and resources engineering;0.0027846088632941246
571;Symmetries: Algebra and Physics;RDF10;Natural sciences;0.47229617834091187;RDF20-21;Engineering and technology;0.23153142631053925;RDF50;Social sciences;0.14404219388961792;RDF503;Education;0.8423450589179993;RDF103;Physical sciences;0.7841537594795227;RDF101;Mathematics and statistics;0.05203782394528389;RDF212;Other engineering and technologies;0.014009565114974976;RDF603;Philosophy;0.010611421428620815
572;Mobilizing Women's Entrepreneurship for empowerment and local economic development;RDF50;Social sciences;0.7883284091949463;RDF20-21;Engineering and technology;0.13274376094341278;RDF30;Medical, health and life sciences;0.04040556401014328;RDF502;Economics and business administration;0.8972009420394897;RDF507;Social and economic geography;0.8475266098976135;RDF605;Other humanities;0.1924634426832199;RDF509;Other social sciences;0.17895589768886566;RDF504;Sociology and related studies;0.14965562522411346
573;Calmodulation of ion channels (Genes, Cells and Molecules);RDF10;Natural sciences;0.7245851755142212;RDF30;Medical, health and life sciences;0.24592654407024384;RDF20-21;Engineering and technology;0.01932840794324875;RDF106;Biological sciences;0.9077220559120178;RDF301;Basic medicine and life sciences;0.4332769513130188;RDF104;Chemical sciences;0.29315146803855896;RDF304;Medical biotechnology;0.27231472730636597;RDF303;Health sciences;0.21419788897037506
574;A multidimensional approach to study the biophysics of bioadhesin interaction with advanced nanomaterials;RDF10;Natural sciences;0.9260461330413818;RDF30;Medical, health and life sciences;0.03240733966231346;RDF20-21;Engineering and technology;0.019965585321187973;RDF103;Physical sciences;0.9523087739944458;RDF211;Nano-technology;0.46907469630241394;RDF107;Other natural sciences;0.26740819215774536;RDF106;Biological sciences;0.23810699582099915;RDF104;Chemical sciences;0.13161903619766235
575;Smart nanostructured optical coatings prepared by pulsed plasma-based techniques (Physics);RDF20-21;Engineering and technology;0.7018907070159912;RDF10;Natural sciences;0.16126912832260132;RDF30;Medical, health and life sciences;0.05245877429842949;RDF103;Physical sciences;0.9994797110557556;RDF211;Nano-technology;0.9491062760353088;RDF212;Other engineering and technologies;0.04894862323999405;RDF206;Materials engineering and resources engineering;0.008711384609341621;RDF102;Computer and information sciences;0.00339638814330101
576;Développement de vêtements de protection chimique intelligents à haute performance de filtration (Materials and Chemical Engineering);RDF20-21;Engineering and technology;0.9829704761505127;RDF30;Medical, health and life sciences;0.006444553844630718;RDF10;Natural sciences;0.005799470469355583;RDF205;Chemical engineering;0.9404625296592712;RDF104;Chemical sciences;0.8746671676635742;RDF210;Industrial biotechnology;0.2740112841129303;RDF212;Other engineering and technologies;0.13805456459522247;RDF206;Materials engineering and resources engineering;0.04401864856481552
577;Context and Culture: Linguistic Anthropology and the Legacy of Michael Silverstein;RDF50;Social sciences;0.8383649587631226;RDF60;Humanities and the arts;0.09447620809078217;RDF10;Natural sciences;0.031738415360450745;RDF601;History, archaeology and related studies;0.498870849609375;RDF509;Other social sciences;0.22953520715236664;RDF605;Other humanities;0.1519692987203598;RDF602;Languages and literature;0.12554703652858734;RDF504;Sociology and related studies;0.07146149128675461
578;Ultra-trace laboratory for legacy and emerging contaminants (Geosciences);RDF10;Natural sciences;0.9293859004974365;RDF20-21;Engineering and technology;0.045732323080301285;RDF30;Medical, health and life sciences;0.011722113937139511;RDF105;Earth and related environmental sciences;0.9965435862541199;RDF208;Environmental engineering and related engineering;0.7314424514770508;RDF107;Other natural sciences;0.051749542355537415;RDF212;Other engineering and technologies;0.03521113842725754;RDF209;Environmental biotechnology;0.024680353701114655
579;Improving vulnerable preschoolers' mental health: A superiority trial assessing the How-to Parenting Program;RDF30;Medical, health and life sciences;0.6051167249679565;RDF50;Social sciences;0.3589577078819275;RDF10;Natural sciences;0.01990300416946411;RDF303;Health sciences;0.8995633721351624;RDF501;Psychology and cognitive sciences;0.819604754447937;RDF305;Other medical sciences;0.19490356743335724;RDF509;Other social sciences;0.17335817217826843;RDF503;Education;0.17023193836212158
580;Polymeric Nanoparticles for Delivery of Ribonucleic Acids: Overcoming the Endosomal Barrier and Going Beyond the Liver (Materials and Chemical Engineering);RDF20-21;Engineering and technology;0.7898408770561218;RDF10;Natural sciences;0.1112600788474083;RDF30;Medical, health and life sciences;0.07759623974561691;RDF211;Nano-technology;0.9908211827278137;RDF104;Chemical sciences;0.9802241325378418;RDF205;Chemical engineering;0.9718325138092041;RDF103;Physical sciences;0.4130035638809204;RDF304;Medical biotechnology;0.19482697546482086
581;Crime in the Decentralized Finance Industry (Law and criminology);RDF50;Social sciences;0.903427243232727;RDF10;Natural sciences;0.024809455499053;RDF20-21;Engineering and technology;0.022545190528035164;RDF505;Law and legal practice;0.8343393802642822;RDF509;Other social sciences;0.0511774905025959;RDF504;Sociology and related studies;0.03271312639117241;RDF506;Political science and policy administration;0.02867986261844635;RDF605;Other humanities;0.008494837209582329
582;Gravitation, quantum mechanics and quantum field theory;RDF10;Natural sciences;0.8369367122650146;RDF20-21;Engineering and technology;0.0671904906630516;RDF50;Social sciences;0.04329679161310196;RDF103;Physical sciences;0.9962638020515442;RDF101;Mathematics and statistics;0.38702404499053955;RDF503;Education;0.09309922158718109;RDF107;Other natural sciences;0.05910154804587364;RDF603;Philosophy;0.042562730610370636
583;Improving hedging effectiveness in actuarial and financial applications (Mathematics and Statistics);RDF20-21;Engineering and technology;0.3704935908317566;RDF50;Social sciences;0.3563002347946167;RDF10;Natural sciences;0.1216995045542717;RDF101;Mathematics and statistics;0.9885803461074829;RDF502;Economics and business administration;0.23074635863304138;RDF102;Computer and information sciences;0.011846235953271389;RDF212;Other engineering and technologies;0.009974921122193336;RDF503;Education;0.006589771714061499
584;Closing the Comorbidity Gap for People Living with HIV : a Randomized Controlled Trial of Fostemsavir to Reduce Inflammaging;RDF30;Medical, health and life sciences;0.9372963309288025;RDF10;Natural sciences;0.03260941430926323;RDF50;Social sciences;0.022809548303484917;RDF303;Health sciences;0.9893680810928345;RDF302;Clinical medicine;0.930647611618042;RDF106;Biological sciences;0.6982265710830688;RDF304;Medical biotechnology;0.29229220747947693;RDF305;Other medical sciences;0.18381328880786896
585;Autonomie des acteurs dans les relations asymétriques: États de facto et leur patron entre l'Europe et la Russie (Political science and public administration);RDF50;Social sciences;0.5933025479316711;RDF10;Natural sciences;0.13251304626464844;RDF60;Humanities and the arts;0.08948785811662674;RDF506;Political science and policy administration;0.5006332397460938;RDF509;Other social sciences;0.04130730405449867;RDF605;Other humanities;0.03843008726835251;RDF504;Sociology and related studies;0.027954397723078728;RDF603;Philosophy;0.007636216469109058
586;Replacement of the femtosecond laser in the THz spectroscopic microscopy laboratory (Electrical and Computer Engineering);RDF20-21;Engineering and technology;0.9953407049179077;RDF10;Natural sciences;0.002433701418340206;RDF30;Medical, health and life sciences;0.0008377856574952602;RDF103;Physical sciences;0.7403621077537537;RDF102;Computer and information sciences;0.3233267068862915;RDF203;Electrical engineering, computer engineering, and information engineering;0.1062261238694191;RDF212;Other engineering and technologies;0.04240382835268974;RDF211;Nano-technology;0.008985428139567375
587;Bringing nutrition to life among vulnerable populations: experiences from Latin America and Canada;RDF30;Medical, health and life sciences;0.4334307909011841;RDF40;Agricultural and veterinary sciences;0.2935604751110077;RDF50;Social sciences;0.13932989537715912;RDF303;Health sciences;0.9122018218040466;RDF106;Biological sciences;0.8403900265693665;RDF301;Basic medicine and life sciences;0.8201095461845398;RDF404;Agricultural biotechnology and food sciences;0.8177928924560547;RDF401;Agriculture, forestry, and fisheries;0.7435405850410461
588;Long non-coding RNAs in growth factor signaling (Genes, Cells and Molecules);RDF10;Natural sciences;0.8595032095909119;RDF30;Medical, health and life sciences;0.1206304132938385;RDF20-21;Engineering and technology;0.00591127946972847;RDF106;Biological sciences;0.9199306964874268;RDF301;Basic medicine and life sciences;0.36251768469810486;RDF107;Other natural sciences;0.17852582037448883;RDF303;Health sciences;0.06675146520137787;RDF305;Other medical sciences;0.029731910675764084
589;Plan d'action pour la gestion de la douleur chronique du Ministère de la Santé et des Services sociaux du Québec: Évaluation de la mise en œuvre et des impacts des projets initiaux en vue d'une généralisation progressive à l'ensemble du Québec;RDF30;Medical, health and life sciences;0.5612426400184631;RDF50;Social sciences;0.4014939069747925;RDF20-21;Engineering and technology;0.018235960975289345;RDF303;Health sciences;0.8441522121429443;RDF506;Political science and policy administration;0.5952866673469543;RDF207;Medical and biomedical engineering;0.5455126762390137;RDF305;Other medical sciences;0.15960998833179474;RDF302;Clinical medicine;0.15009109675884247
590;INNOV Phase I: Leverage artificial intelligence to improve Environmental, Social, and Governance (ESG) data;RDF20-21;Engineering and technology;0.8277145028114319;RDF50;Social sciences;0.10844006389379501;RDF10;Natural sciences;0.049321286380290985;RDF208;Environmental engineering and related engineering;0.8822250962257385;RDF102;Computer and information sciences;0.7976356148719788;RDF105;Earth and related environmental sciences;0.7368268966674805;RDF203;Electrical engineering, computer engineering, and information engineering;0.4368772506713867;RDF212;Other engineering and technologies;0.28288906812667847
591;Prevention of anastomotic leak in colorectal surgery through microbiome mediation of intestinal healing (Nutrition, Food & Health);RDF30;Medical, health and life sciences;0.8439342379570007;RDF10;Natural sciences;0.13669635355472565;RDF40;Agricultural and veterinary sciences;0.009247957728803158;RDF303;Health sciences;0.9684409499168396;RDF106;Biological sciences;0.9039744734764099;RDF304;Medical biotechnology;0.8938665986061096;RDF207;Medical and biomedical engineering;0.8169181942939758;RDF302;Clinical medicine;0.641871452331543
592;Development of a tailored approach to move towards a sustainable circular economy business model in the plastic film sector: the case of Balcan;RDF20-21;Engineering and technology;0.8011243343353271;RDF10;Natural sciences;0.07112117856740952;RDF50;Social sciences;0.05495819076895714;RDF502;Economics and business administration;0.9317114353179932;RDF202;Industrial, systems and processes engineering;0.7619815468788147;RDF206;Materials engineering and resources engineering;0.6384409070014954;RDF205;Chemical engineering;0.5378076434135437;RDF208;Environmental engineering and related engineering;0.46037226915359497
593;Enseignement de l'histoire et jeux vidéos (Education and social work);RDF50;Social sciences;0.47533512115478516;RDF60;Humanities and the arts;0.40558427572250366;RDF20-21;Engineering and technology;0.07239839434623718;RDF503;Education;0.9879462718963623;RDF605;Other humanities;0.6039025783538818;RDF504;Sociology and related studies;0.26497602462768555;RDF601;History, archaeology and related studies;0.14408862590789795;RDF509;Other social sciences;0.07423137128353119
594;Functions of bacterial type IA topoisomerases in the prevention of R-loop-dependent and -independent genomic instability (Genes, Cells and Molecules);RDF10;Natural sciences;0.955041766166687;RDF30;Medical, health and life sciences;0.029179716482758522;RDF20-21;Engineering and technology;0.004630447831004858;RDF106;Biological sciences;0.9715639352798462;RDF107;Other natural sciences;0.21692253649234772;RDF301;Basic medicine and life sciences;0.11133778840303421;RDF605;Other humanities;0.02054743282496929;RDF104;Chemical sciences;0.01725933328270912
595;High-Performance Dynamic Language Implementation (Computer Science);RDF20-21;Engineering and technology;0.9973003268241882;RDF10;Natural sciences;0.0009201401844620705;RDF30;Medical, health and life sciences;0.0006069888477213681;RDF102;Computer and information sciences;0.9971439838409424;RDF203;Electrical engineering, computer engineering, and information engineering;0.9418148994445801;RDF212;Other engineering and technologies;0.06760822236537933;RDF103;Physical sciences;0.0017173836240544915;RDF201;Civil engineering, maritime engineering, transport engineering, and mining engineering;0.0013302015140652657
596;Methodological improvements for the statistical analysis of neurophysiological data with applications in user experience;RDF20-21;Engineering and technology;0.6377867460250854;RDF10;Natural sciences;0.18407221138477325;RDF30;Medical, health and life sciences;0.09406080842018127;RDF101;Mathematics and statistics;0.9801102876663208;RDF102;Computer and information sciences;0.6285214424133301;RDF501;Psychology and cognitive sciences;0.5463297367095947;RDF207;Medical and biomedical engineering;0.39094075560569763;RDF203;Electrical engineering, computer engineering, and information engineering;0.3200770318508148
597;Glycerol 3-phosphate phosphatase and the glycerol shunt in senescence and healthy aging;RDF10;Natural sciences;0.6086123585700989;RDF30;Medical, health and life sciences;0.36501961946487427;RDF40;Agricultural and veterinary sciences;0.00997272040694952;RDF106;Biological sciences;0.9602866768836975;RDF104;Chemical sciences;0.910306453704834;RDF303;Health sciences;0.8957052826881409;RDF301;Basic medicine and life sciences;0.5689398050308228;RDF107;Other natural sciences;0.23717814683914185
598;Regulation of innate antiviral defenses through Interleukin-17 receptor D (IL-17RD) (Virology & Viral Pathogenesis);RDF10;Natural sciences;0.8397804498672485;RDF30;Medical, health and life sciences;0.12765756249427795;RDF50;Social sciences;0.013079304248094559;RDF106;Biological sciences;0.6475196480751038;RDF107;Other natural sciences;0.05775844305753708;RDF301;Basic medicine and life sciences;0.05439931899309158;RDF303;Health sciences;0.02881619706749916;RDF305;Other medical sciences;0.022672437131404877
599;Biological modeling to bridge in vitro and epidemiological studies: A new approach for animal-free chemical risk assessment;RDF10;Natural sciences;0.6183990240097046;RDF30;Medical, health and life sciences;0.34486380219459534;RDF40;Agricultural and veterinary sciences;0.02083238959312439;RDF106;Biological sciences;0.9969897866249084;RDF207;Medical and biomedical engineering;0.9090225100517273;RDF301;Basic medicine and life sciences;0.5486885905265808;RDF304;Medical biotechnology;0.4985847473144531;RDF107;Other natural sciences;0.48357221484184265
600;IAL (Intelligence Artificielle Littéraire) : expérimentation d'algorithmes d'apprentissage automatique pour définir et identifier les variations dans l'Anthologie grecque (Literature);RDF20-21;Engineering and technology;0.5741187930107117;RDF60;Humanities and the arts;0.3158609867095947;RDF10;Natural sciences;0.06062997877597809;RDF602;Languages and literature;0.984796404838562;RDF102;Computer and information sciences;0.7999897599220276;RDF212;Other engineering and technologies;0.4371400773525238;RDF605;Other humanities;0.14730967581272125;RDF203;Electrical engineering, computer engineering, and information engineering;0.11711697280406952
601;Studies on the pathogenesis of the infections caused by streptococcus suis (Biological Systems and Functions);RDF10;Natural sciences;0.6786313652992249;RDF30;Medical, health and life sciences;0.314669668674469;RDF40;Agricultural and veterinary sciences;0.002362975850701332;RDF106;Biological sciences;0.9975985884666443;RDF303;Health sciences;0.6627418398857117;RDF301;Basic medicine and life sciences;0.5632278323173523;RDF107;Other natural sciences;0.36426857113838196;RDF305;Other medical sciences;0.32766827940940857
602;Autonomous learning agents for intelligent neurostimulation;RDF20-21;Engineering and technology;0.9513895511627197;RDF10;Natural sciences;0.027467451989650726;RDF30;Medical, health and life sciences;0.012949389405548573;RDF102;Computer and information sciences;0.9194257855415344;RDF203;Electrical engineering, computer engineering, and information engineering;0.7047192454338074;RDF501;Psychology and cognitive sciences;0.6304005980491638;RDF212;Other engineering and technologies;0.22910374402999878;RDF503;Education;0.07689148932695389
603;Hox genes in development and evolution of distal limbs (Developmental Biology);RDF10;Natural sciences;0.753630518913269;RDF30;Medical, health and life sciences;0.23334985971450806;RDF50;Social sciences;0.005549841560423374;RDF106;Biological sciences;0.9949101209640503;RDF301;Basic medicine and life sciences;0.8222604990005493;RDF107;Other natural sciences;0.25604063272476196;RDF305;Other medical sciences;0.05218253284692764;RDF605;Other humanities;0.010986941866576672
604;Defence Lawyers and the Relevance of Social Problems in Lower Criminal Courts: A Comparative Analysis (Law and criminology);RDF50;Social sciences;0.5696654319763184;RDF30;Medical, health and life sciences;0.12649039924144745;RDF10;Natural sciences;0.11338526755571365;RDF505;Law and legal practice;0.8794577121734619;RDF504;Sociology and related studies;0.032436154782772064;RDF506;Political science and policy administration;0.02326410450041294;RDF509;Other social sciences;0.01233609952032566;RDF605;Other humanities;0.008108984678983688
605;Les pratiques extrascolaires de littératie d'adolescents ayant une déficience intellectuelle (Education and social work);RDF50;Social sciences;0.7809547185897827;RDF60;Humanities and the arts;0.17332112789154053;RDF30;Medical, health and life sciences;0.02568652108311653;RDF503;Education;0.7497748732566833;RDF602;Languages and literature;0.5833665132522583;RDF504;Sociology and related studies;0.5354552268981934;RDF509;Other social sciences;0.24912741780281067;RDF605;Other humanities;0.2339687943458557
606;Brain-Derived Neurotrophic Factor in hemostasis and thrombosis;RDF30;Medical, health and life sciences;0.6150081157684326;RDF10;Natural sciences;0.3597835600376129;RDF50;Social sciences;0.010907045565545559;RDF106;Biological sciences;0.9474297165870667;RDF303;Health sciences;0.8073846697807312;RDF207;Medical and biomedical engineering;0.6537350416183472;RDF304;Medical biotechnology;0.4370875060558319;RDF301;Basic medicine and life sciences;0.21076631546020508
607;Engagement des bibliothèques publiques et scolaires en faveur du développement des compétences en littératie pour les élèves du troisième cycle du primaire et du secondaire : portrait et stratégie de transfert (Communications, media studies, gender studies, library and information science, related fields);RDF50;Social sciences;0.4962831437587738;RDF60;Humanities and the arts;0.42532336711883545;RDF20-21;Engineering and technology;0.030946018174290657;RDF503;Education;0.9877587556838989;RDF602;Languages and literature;0.7211053967475891;RDF605;Other humanities;0.5730960965156555;RDF509;Other social sciences;0.46893858909606934;RDF508;Media and communications;0.1291828602552414
608;Mieux comprendre les défis et conditions de pratiques des parents d'accueil dans le contexte actuel de professionnalisation de l'accueil familial (Education and social work);RDF50;Social sciences;0.9604536294937134;RDF30;Medical, health and life sciences;0.01638091169297695;RDF60;Humanities and the arts;0.009964675642549992;RDF504;Sociology and related studies;0.937839925289154;RDF503;Education;0.33709442615509033;RDF509;Other social sciences;0.1882493495941162;RDF605;Other humanities;0.165121391415596;RDF305;Other medical sciences;0.10017222166061401
609;A mixed methods study of stakeholders' perspectives on ethical and logistical issues related to advanced living donation in kidney transplantation in Canada, and a proposal for guidelines in a Canadian context (Health Policy & Systems Management Research);RDF30;Medical, health and life sciences;0.8578354716300964;RDF50;Social sciences;0.08716398477554321;RDF10;Natural sciences;0.03055264987051487;RDF303;Health sciences;0.9934991598129272;RDF207;Medical and biomedical engineering;0.3676958978176117;RDF504;Sociology and related studies;0.11061518639326096;RDF305;Other medical sciences;0.10026028007268906;RDF603;Philosophy;0.09426000714302063
610;To uncover, understand and exploit the estrogen-oncolytic virus crosstalk to improve therapy (Cancer Biology & Therapeutics);RDF30;Medical, health and life sciences;0.6035203337669373;RDF10;Natural sciences;0.3650718629360199;RDF50;Social sciences;0.01330098882317543;RDF106;Biological sciences;0.9659959673881531;RDF303;Health sciences;0.9194257855415344;RDF207;Medical and biomedical engineering;0.21493849158287048;RDF304;Medical biotechnology;0.07978201657533646;RDF305;Other medical sciences;0.07107366621494293
611;Structure and rheology of mixed hydrocolloid gels as model systems for food 3D printing (Materials and Chemical Engineering);RDF10;Natural sciences;0.5360711812973022;RDF20-21;Engineering and technology;0.3420811891555786;RDF30;Medical, health and life sciences;0.05951740965247154;RDF104;Chemical sciences;0.9543079733848572;RDF205;Chemical engineering;0.9351691603660583;RDF103;Physical sciences;0.3250918686389923;RDF206;Materials engineering and resources engineering;0.22422528266906738;RDF107;Other natural sciences;0.1357468217611313
612;« Une bonne relation avec mon chef ! » : anatomie des relations entre gestionnaires et employés en contexte de travail à distance (Business, management and related fields);RDF50;Social sciences;0.9287018775939941;RDF10;Natural sciences;0.02169218100607395;RDF20-21;Engineering and technology;0.01933114230632782;RDF502;Economics and business administration;0.9558578729629517;RDF509;Other social sciences;0.13632069528102875;RDF503;Education;0.0876418948173523;RDF305;Other medical sciences;0.0694785863161087;RDF504;Sociology and related studies;0.06447654217481613
613;Priorisation des soins intensifs en contexte extrême de pandémie : 1) modélisation/simulation de différentes stratégies de priorisation de l'accès aux soins intensifs et 2) délibérations démocratiques des parties prenantes sur les valeurs qui sous-tendent les modèles et leurs impacts sanitaires;RDF30;Medical, health and life sciences;0.8208622336387634;RDF10;Natural sciences;0.06395049393177032;RDF50;Social sciences;0.059173423796892166;RDF303;Health sciences;0.9828891754150391;RDF207;Medical and biomedical engineering;0.9007918834686279;RDF506;Political science and policy administration;0.6319066882133484;RDF302;Clinical medicine;0.49997708201408386;RDF305;Other medical sciences;0.32209935784339905
614;Understanding cyber abuse in context: The interplay of distal and situational correlates of daily cyber abuse in young adult couples (Psychology);RDF50;Social sciences;0.9528321027755737;RDF30;Medical, health and life sciences;0.013263615779578686;RDF10;Natural sciences;0.01268097385764122;RDF501;Psychology and cognitive sciences;0.8686040043830872;RDF508;Media and communications;0.21568095684051514;RDF102;Computer and information sciences;0.1531054526567459;RDF203;Electrical engineering, computer engineering, and information engineering;0.08359066396951675;RDF504;Sociology and related studies;0.07599521428346634
615;Humanitarian Supply Chain Design and Management;RDF60;Humanities and the arts;0.42501500248908997;RDF20-21;Engineering and technology;0.3442716896533966;RDF30;Medical, health and life sciences;0.11796478927135468;RDF212;Other engineering and technologies;0.12231338024139404;RDF506;Political science and policy administration;0.11367794126272202;RDF502;Economics and business administration;0.10599453747272491;RDF509;Other social sciences;0.08858347684144974;RDF202;Industrial, systems and processes engineering;0.040616776794195175
616;La transformation sémantique et syntaxique des données de situations professionnelles pour l'apprentissage du raisonnement clinique (Education and social work);RDF50;Social sciences;0.6962907910346985;RDF30;Medical, health and life sciences;0.2606298625469208;RDF40;Agricultural and veterinary sciences;0.014607125893235207;RDF504;Sociology and related studies;0.8694376945495605;RDF503;Education;0.7206140756607056;RDF303;Health sciences;0.6586920022964478;RDF302;Clinical medicine;0.21395142376422882;RDF305;Other medical sciences;0.18447349965572357
617;Intergenerational transmission of vulnerability to PTSD : When children learn fear from their parent (Social & Developmental Aspects of Children's & Youth's Health);RDF50;Social sciences;0.5468520522117615;RDF30;Medical, health and life sciences;0.4313300549983978;RDF10;Natural sciences;0.0162099227309227;RDF303;Health sciences;0.8880325555801392;RDF501;Psychology and cognitive sciences;0.863334059715271;RDF504;Sociology and related studies;0.8444731831550598;RDF106;Biological sciences;0.137648344039917;RDF509;Other social sciences;0.1276526302099228
618;La musique au service du pouvoir, entre propagande et diplomatie : Du Troisième Reich à la fin de la Guerre froide  (Fine Arts, Research-Creation);RDF60;Humanities and the arts;0.965319037437439;RDF50;Social sciences;0.02183242328464985;RDF10;Natural sciences;0.005006514023989439;RDF604;Arts (arts, history of arts, performing arts, music), architecture and design;0.8597815036773682;RDF605;Other humanities;0.5665282011032104;RDF508;Media and communications;0.5627923607826233;RDF601;History, archaeology and related studies;0.4428473114967346;RDF506;Political science and policy administration;0.12989862263202667
619;Mesures de contrôle en santé mentale : un environnement contraignant? (Mutidisciplinary or interdisciplinary social sciences);RDF50;Social sciences;0.9312307238578796;RDF30;Medical, health and life sciences;0.05347462370991707;RDF20-21;Engineering and technology;0.007040937896817923;RDF504;Sociology and related studies;0.956063449382782;RDF509;Other social sciences;0.4551304578781128;RDF207;Medical and biomedical engineering;0.38951748609542847;RDF506;Political science and policy administration;0.13324594497680664;RDF303;Health sciences;0.11747084558010101
620;R3AI: Shifting Paradigms for a Robust, Reasoning, and Responsible Artificial Intelligence and its Adoption - CFREF (CIHR Contribution);RDF20-21;Engineering and technology;0.9598819613456726;RDF10;Natural sciences;0.016339216381311417;RDF50;Social sciences;0.010663325898349285;RDF102;Computer and information sciences;0.9798033237457275;RDF203;Electrical engineering, computer engineering, and information engineering;0.6385817527770996;RDF212;Other engineering and technologies;0.22295381128787994;RDF603;Philosophy;0.05365070328116417;RDF101;Mathematics and statistics;0.05155819281935692
621;À la rencontre des réalités virtuelle et concrète : la place de la scénographie dans la cocréation opératique;RDF60;Humanities and the arts;0.8393281102180481;RDF20-21;Engineering and technology;0.08968231081962585;RDF50;Social sciences;0.03960243985056877;RDF604;Arts (arts, history of arts, performing arts, music), architecture and design;0.9738443493843079;RDF605;Other humanities;0.3754488229751587;RDF212;Other engineering and technologies;0.3699692487716675;RDF603;Philosophy;0.1641811579465866;RDF102;Computer and information sciences;0.10687688738107681
622;Parenting dimensions' influence on the psychosocial adaptation of preschoolers with language deficits (Psychology);RDF50;Social sciences;0.9758220314979553;RDF30;Medical, health and life sciences;0.014333179220557213;RDF10;Natural sciences;0.007306387182325125;RDF501;Psychology and cognitive sciences;0.96065753698349;RDF509;Other social sciences;0.08086410164833069;RDF504;Sociology and related studies;0.07450026273727417;RDF305;Other medical sciences;0.059047263115644455;RDF301;Basic medicine and life sciences;0.039268750697374344
623;The structure-function relationships between capsular polysaccharides and the immune system during Streptococcus suis infections (Genes, Cells and Molecules);RDF10;Natural sciences;0.7217632532119751;RDF30;Medical, health and life sciences;0.2471916526556015;RDF40;Agricultural and veterinary sciences;0.010570470243692398;RDF106;Biological sciences;0.9421883821487427;RDF303;Health sciences;0.531699538230896;RDF107;Other natural sciences;0.2830376625061035;RDF305;Other medical sciences;0.18191631138324738;RDF301;Basic medicine and life sciences;0.14511536061763763
624;Études des mécanismes de colonisation de Clostridium perfringens en productions animales (Biological Systems and Functions);RDF10;Natural sciences;0.8602996468544006;RDF30;Medical, health and life sciences;0.11473583430051804;RDF40;Agricultural and veterinary sciences;0.022548740729689598;RDF106;Biological sciences;0.9985306859016418;RDF301;Basic medicine and life sciences;0.9229697585105896;RDF107;Other natural sciences;0.7247241735458374;RDF402;Animal and dairy sciences;0.35239675641059875;RDF403;Veterinary sciences;0.24135524034500122
625;Formation interactive en ligne: une solution à la formation des employés dans un contexte de roulement de personnel;RDF20-21;Engineering and technology;0.7611081004142761;RDF50;Social sciences;0.09148024767637253;RDF30;Medical, health and life sciences;0.07901507616043091;RDF503;Education;0.9375547170639038;RDF502;Economics and business administration;0.5029448866844177;RDF212;Other engineering and technologies;0.33540526032447815;RDF102;Computer and information sciences;0.17624586820602417;RDF202;Industrial, systems and processes engineering;0.15266278386116028
626;Mise en ouvre des politiques EDI en enseignement supérieur au Québec : construction de sens et types de réponses aux mesures destinées aux parcours étudiants (Education and social work);RDF50;Social sciences;0.8400426506996155;RDF60;Humanities and the arts;0.04177223891019821;RDF30;Medical, health and life sciences;0.04001535102725029;RDF503;Education;0.9880849719047546;RDF506;Political science and policy administration;0.8641958832740784;RDF504;Sociology and related studies;0.41930609941482544;RDF509;Other social sciences;0.09146322309970856;RDF603;Philosophy;0.08787643909454346
627;Continuum PAROLE-Onco : Vers le développement de compétences en auto-soins pour améliorer l'expérience de la vie après les traitements aigus de cancer du sein;RDF30;Medical, health and life sciences;0.8790870308876038;RDF20-21;Engineering and technology;0.04537751525640488;RDF50;Social sciences;0.04467400163412094;RDF303;Health sciences;0.9668201804161072;RDF207;Medical and biomedical engineering;0.8190988898277283;RDF305;Other medical sciences;0.3089194595813751;RDF212;Other engineering and technologies;0.19299522042274475;RDF509;Other social sciences;0.17738297581672668
628;CAN-DO (CANnabis research DevelOpment): A cells-to-society research program on cannabis and mental health in younger adults;RDF10;Natural sciences;0.4029330313205719;RDF30;Medical, health and life sciences;0.39302295446395874;RDF50;Social sciences;0.1624026894569397;RDF303;Health sciences;0.7986583709716797;RDF106;Biological sciences;0.5602677464485168;RDF301;Basic medicine and life sciences;0.2714930772781372;RDF107;Other natural sciences;0.1792430579662323;RDF304;Medical biotechnology;0.16633658111095428
629;Effets d'une intervention de proximité mère-prématuré et de calme (NeuroN-QI) sur le neurodéveloppement de nouveau-nés prématurés : un essai clinique randomisé;RDF30;Medical, health and life sciences;0.7105808854103088;RDF10;Natural sciences;0.23662424087524414;RDF50;Social sciences;0.02686144784092903;RDF302;Clinical medicine;0.9354055523872375;RDF106;Biological sciences;0.8911970853805542;RDF303;Health sciences;0.8909127116203308;RDF207;Medical and biomedical engineering;0.8388778567314148;RDF304;Medical biotechnology;0.44629862904548645
630;Corticospinal mechanisms of locomotor recovery after spinal cord injury (Movement & Exercise);RDF30;Medical, health and life sciences;0.7874653935432434;RDF10;Natural sciences;0.16274087131023407;RDF50;Social sciences;0.028073750436306;RDF303;Health sciences;0.8413048386573792;RDF207;Medical and biomedical engineering;0.8183015584945679;RDF106;Biological sciences;0.7511921525001526;RDF301;Basic medicine and life sciences;0.16572809219360352;RDF302;Clinical medicine;0.14134065806865692
631;Innover pour enseigner le management : cadres théoriques, mise en oeuvre et mesure d'impact;RDF50;Social sciences;0.47268620133399963;RDF20-21;Engineering and technology;0.26645079255104065;RDF30;Medical, health and life sciences;0.09335051476955414;RDF503;Education;0.9694401025772095;RDF502;Economics and business administration;0.9685899019241333;RDF603;Philosophy;0.015558596700429916;RDF509;Other social sciences;0.01462974026799202;RDF506;Political science and policy administration;0.014145104214549065
632;Advances in functional linear regression (Mathematics and Statistics);RDF20-21;Engineering and technology;0.4377664625644684;RDF50;Social sciences;0.2538550794124603;RDF10;Natural sciences;0.15011069178581238;RDF101;Mathematics and statistics;0.9983158111572266;RDF102;Computer and information sciences;0.01379536371678114;RDF203;Electrical engineering, computer engineering, and information engineering;0.012870749458670616;RDF212;Other engineering and technologies;0.007331598550081253;RDF503;Education;0.0037217086646705866
633;Modélisation et choix du mode de réalisation dans les projets de construction (Civil, Industrial and Systems Engineering);RDF20-21;Engineering and technology;0.993016242980957;RDF10;Natural sciences;0.002505091018974781;RDF50;Social sciences;0.0020930820610374212;RDF201;Civil engineering, maritime engineering, transport engineering, and mining engineering;0.4755140244960785;RDF202;Industrial, systems and processes engineering;0.14915919303894043;RDF204;Mechanical engineering;0.12394766509532928;RDF212;Other engineering and technologies;0.10017222166061401;RDF503;Education;0.039750516414642334
634;An in silico platform simulating cell metabolic behavior (Materials and Chemical Engineering);RDF20-21;Engineering and technology;0.8323782682418823;RDF10;Natural sciences;0.11406153440475464;RDF30;Medical, health and life sciences;0.045559242367744446;RDF205;Chemical engineering;0.8855324983596802;RDF104;Chemical sciences;0.8686597943305969;RDF107;Other natural sciences;0.08471965044736862;RDF106;Biological sciences;0.07835981249809265;RDF102;Computer and information sciences;0.07237401604652405
635;Commande optimale stochastique avec applications en épidémiologie et en fiabilité (Civil, Industrial and Systems Engineering);RDF20-21;Engineering and technology;0.9693103432655334;RDF10;Natural sciences;0.01889854297041893;RDF50;Social sciences;0.004039480350911617;RDF202;Industrial, systems and processes engineering;0.5067744255065918;RDF212;Other engineering and technologies;0.21659094095230103;RDF103;Physical sciences;0.17300859093666077;RDF105;Earth and related environmental sciences;0.1170160323381424;RDF208;Environmental engineering and related engineering;0.09649273753166199
636;Reinforcement Learning in Electricity Markets with Storage Technologies;RDF20-21;Engineering and technology;0.9885252714157104;RDF10;Natural sciences;0.005086972843855619;RDF50;Social sciences;0.0030613942071795464;RDF203;Electrical engineering, computer engineering, and information engineering;0.9169315099716187;RDF102;Computer and information sciences;0.7324004769325256;RDF103;Physical sciences;0.6486889123916626;RDF202;Industrial, systems and processes engineering;0.39652085304260254;RDF101;Mathematics and statistics;0.21642528474330902
637;Advancing psychobiology of abnormal repetitive behaviours in carnivorous species (Biological Systems and Functions);RDF10;Natural sciences;0.5827641487121582;RDF30;Medical, health and life sciences;0.4108273983001709;RDF40;Agricultural and veterinary sciences;0.0028953184373676777;RDF106;Biological sciences;0.9977481365203857;RDF402;Animal and dairy sciences;0.8556100726127625;RDF301;Basic medicine and life sciences;0.6457903385162354;RDF107;Other natural sciences;0.2808135449886322;RDF403;Veterinary sciences;0.08717449754476547
638;Du politique dans l'usage des archives filmiques : enjeux contemporains de la production documentaire;RDF50;Social sciences;0.6114497780799866;RDF60;Humanities and the arts;0.35918959975242615;RDF20-21;Engineering and technology;0.00979907438158989;RDF506;Political science and policy administration;0.8689936399459839;RDF508;Media and communications;0.46436259150505066;RDF505;Law and legal practice;0.27968090772628784;RDF509;Other social sciences;0.18498826026916504;RDF504;Sociology and related studies;0.10720358788967133
639;Neuroinflammation as a biomarker for epilepsy and neuropsychiatric comorbidities among people with tuberous sclerosis complex: a prospective, multicentre study;RDF30;Medical, health and life sciences;0.6704812049865723;RDF10;Natural sciences;0.3090742528438568;RDF50;Social sciences;0.01267010997980833;RDF303;Health sciences;0.9726495146751404;RDF106;Biological sciences;0.9715099334716797;RDF207;Medical and biomedical engineering;0.6119909286499023;RDF304;Medical biotechnology;0.558432400226593;RDF302;Clinical medicine;0.5327670574188232
640;Quels sont les dimensions et savoirs spécifiques à la coordination des services et des soins des personnes ayant des besoins complexes? (Multidisciplinary or interdisciplinary social sciences);RDF50;Social sciences;0.9653382897377014;RDF30;Medical, health and life sciences;0.019380655139684677;RDF20-21;Engineering and technology;0.006645652931183577;RDF504;Sociology and related studies;0.9820482134819031;RDF509;Other social sciences;0.517403244972229;RDF503;Education;0.09816574305295944;RDF207;Medical and biomedical engineering;0.09585608541965485;RDF506;Political science and policy administration;0.06506811082363129
641;Determining spatial arrangement, stoichiometry, and substrate specificity of messenger RNA-binding proteins along the gene expression pathway (Genes, Cells and Molecules);RDF10;Natural sciences;0.9050027132034302;RDF30;Medical, health and life sciences;0.07309972494840622;RDF20-21;Engineering and technology;0.00848259124904871;RDF106;Biological sciences;0.9772842526435852;RDF301;Basic medicine and life sciences;0.39793843030929565;RDF107;Other natural sciences;0.13095079362392426;RDF104;Chemical sciences;0.06058495119214058;RDF605;Other humanities;0.029731910675764084
642;Plateformes et usages : cinéma, télévision, jeu vidéo et création numérique;RDF20-21;Engineering and technology;0.8412408828735352;RDF60;Humanities and the arts;0.10215380787849426;RDF50;Social sciences;0.04333920776844025;RDF508;Media and communications;0.990044355392456;RDF212;Other engineering and technologies;0.46418797969818115;RDF504;Sociology and related studies;0.41749411821365356;RDF102;Computer and information sciences;0.20689405500888824;RDF605;Other humanities;0.08042967319488525
643;Time to investigate human visual shape perception and recognition (Biological Systems and Functions);RDF10;Natural sciences;0.8561424612998962;RDF30;Medical, health and life sciences;0.13772906363010406;RDF60;Humanities and the arts;0.002767824800685048;RDF106;Biological sciences;0.9977872967720032;RDF301;Basic medicine and life sciences;0.9701551795005798;RDF107;Other natural sciences;0.6112949848175049;RDF503;Education;0.1363781839609146;RDF207;Medical and biomedical engineering;0.0947614461183548
644;The gamification of online stochastic optimization problems;RDF20-21;Engineering and technology;0.8827992081642151;RDF50;Social sciences;0.06649722903966904;RDF30;Medical, health and life sciences;0.0197913758456707;RDF102;Computer and information sciences;0.914824903011322;RDF101;Mathematics and statistics;0.6430491209030151;RDF212;Other engineering and technologies;0.32327327132225037;RDF203;Electrical engineering, computer engineering, and information engineering;0.24355247616767883;RDF202;Industrial, systems and processes engineering;0.042285025119781494
645;Effects of an Open Lung protective protective EXTubation strategy compared to a conventional extubation strategy on postoperative pulmonary complications after general anesthesia as part of a comprehensive lung protective ventilation strategy: a multicenter pilot randomized controlled trial (OLEXT-3 study);RDF30;Medical, health and life sciences;0.8116729259490967;RDF10;Natural sciences;0.12899091839790344;RDF20-21;Engineering and technology;0.025913434103131294;RDF303;Health sciences;0.970798671245575;RDF207;Medical and biomedical engineering;0.8864696025848389;RDF302;Clinical medicine;0.7646281123161316;RDF106;Biological sciences;0.6550050973892212;RDF301;Basic medicine and life sciences;0.23731067776679993
646;Additively manufactured composite parts service properties prediction : an essential step to unleash the full potential of additive manufacturing of composites;RDF20-21;Engineering and technology;0.9725449681282043;RDF10;Natural sciences;0.016603337600827217;RDF30;Medical, health and life sciences;0.004936779849231243;RDF103;Physical sciences;0.7461389899253845;RDF204;Mechanical engineering;0.7399395108222961;RDF206;Materials engineering and resources engineering;0.6726005673408508;RDF104;Chemical sciences;0.1846204698085785;RDF202;Industrial, systems and processes engineering;0.15908671915531158
647;Transcriptional regulation by long noncoding RNAs (Genes, Cells and Molecules);RDF10;Natural sciences;0.8454688787460327;RDF30;Medical, health and life sciences;0.1362113505601883;RDF20-21;Engineering and technology;0.005814758129417896;RDF106;Biological sciences;0.9108631014823914;RDF301;Basic medicine and life sciences;0.4861676096916199;RDF107;Other natural sciences;0.23607566952705383;RDF305;Other medical sciences;0.01016965787857771;RDF605;Other humanities;0.008830244652926922
648;Outils et méthodes de planification des services d'autopartage;RDF20-21;Engineering and technology;0.9265473484992981;RDF50;Social sciences;0.02867080271244049;RDF30;Medical, health and life sciences;0.022947821766138077;RDF102;Computer and information sciences;0.8424099087715149;RDF212;Other engineering and technologies;0.41635164618492126;RDF202;Industrial, systems and processes engineering;0.2620856761932373;RDF203;Electrical engineering, computer engineering, and information engineering;0.2339687943458557;RDF502;Economics and business administration;0.08563277870416641
649;Sécurité de l'internet des objets dans les villes intelligentes (Computer Science);RDF20-21;Engineering and technology;0.9853084087371826;RDF10;Natural sciences;0.005847426131367683;RDF50;Social sciences;0.0035884499084204435;RDF102;Computer and information sciences;0.9960469007492065;RDF203;Electrical engineering, computer engineering, and information engineering;0.9125920534133911;RDF212;Other engineering and technologies;0.3589145839214325;RDF503;Education;0.009303949773311615;RDF103;Physical sciences;0.005458660889416933
650;Understanding the early pathogenesis of necrotic enteritis in chickens (Biological Systems and Functions);RDF10;Natural sciences;0.7058463096618652;RDF30;Medical, health and life sciences;0.28296834230422974;RDF40;Agricultural and veterinary sciences;0.009060540236532688;RDF106;Biological sciences;0.9990490078926086;RDF301;Basic medicine and life sciences;0.8741309642791748;RDF403;Veterinary sciences;0.6152323484420776;RDF107;Other natural sciences;0.47713541984558105;RDF305;Other medical sciences;0.13840354979038239
651;Trajectoire vers la sécurité des femmes en situation de handicap victimes de violence conjugale: une recherche-action intersectorielle en soutien aux droits des femmes;RDF50;Social sciences;0.6866970658302307;RDF30;Medical, health and life sciences;0.2131447196006775;RDF20-21;Engineering and technology;0.039795298129320145;RDF506;Political science and policy administration;0.5420073866844177;RDF504;Sociology and related studies;0.36531516909599304;RDF509;Other social sciences;0.3270232379436493;RDF505;Law and legal practice;0.297725111246109;RDF305;Other medical sciences;0.24812403321266174
652;Regard des travailleuses sociales sur leur pratique professionnelle d'évaluation psychosociale à la suite de l'entrée en vigueur de la Loi visant à mieux protéger les personnes en situation de vulnérabilité : une étude à devis mixte;RDF50;Social sciences;0.9588068127632141;RDF30;Medical, health and life sciences;0.024813620373606682;RDF10;Natural sciences;0.005418984219431877;RDF504;Sociology and related studies;0.9591543078422546;RDF509;Other social sciences;0.29844024777412415;RDF506;Political science and policy administration;0.1648523062467575;RDF505;Law and legal practice;0.11501304805278778;RDF605;Other humanities;0.09825222939252853
653;La police face à la justice : une analyse des systèmes de gestion des déviances policières au Québec (Law and criminology);RDF50;Social sciences;0.869940459728241;RDF10;Natural sciences;0.041841089725494385;RDF20-21;Engineering and technology;0.030611597001552582;RDF505;Law and legal practice;0.6059156656265259;RDF504;Sociology and related studies;0.2011062502861023;RDF506;Political science and policy administration;0.14175599813461304;RDF509;Other social sciences;0.05296076834201813;RDF603;Philosophy;0.018833128735423088
654;Soigner et gouverner les corps autochtones: santé et médecine coloniale au Québec, 1855-1904 (History);RDF30;Medical, health and life sciences;0.8291774392127991;RDF50;Social sciences;0.08916189521551132;RDF60;Humanities and the arts;0.03522453457117081;RDF601;History, archaeology and related studies;0.9784052968025208;RDF303;Health sciences;0.5117318034172058;RDF605;Other humanities;0.228500634431839;RDF305;Other medical sciences;0.10096724331378937;RDF509;Other social sciences;0.08218025416135788
655;Development of near infrared spectroscopy (NIRS) and electroencephalography (EEG) methods to study neurovascular mechanisms of brain development (Physics);RDF20-21;Engineering and technology;0.47559842467308044;RDF10;Natural sciences;0.399834543466568;RDF30;Medical, health and life sciences;0.08098379522562027;RDF103;Physical sciences;0.9986115097999573;RDF212;Other engineering and technologies;0.23855020105838776;RDF107;Other natural sciences;0.10338596254587173;RDF203;Electrical engineering, computer engineering, and information engineering;0.05818508192896843;RDF104;Chemical sciences;0.04804735630750656
656;Role of vitamin K-dependent gamma-carboxylation in beta cell and diabetes (Diabetes, Obesity, Lipid & Lipoprotein Disorders);RDF30;Medical, health and life sciences;0.668456494808197;RDF10;Natural sciences;0.31514036655426025;RDF40;Agricultural and veterinary sciences;0.008021454326808453;RDF106;Biological sciences;0.9848109483718872;RDF303;Health sciences;0.9494354724884033;RDF207;Medical and biomedical engineering;0.8217604160308838;RDF304;Medical biotechnology;0.4144248068332672;RDF302;Clinical medicine;0.3877193331718445
657;Competition in the Canadian Mobile Telecommunications Industry: Weak Signals? (Economics);RDF50;Social sciences;0.8207803964614868;RDF20-21;Engineering and technology;0.14911071956157684;RDF10;Natural sciences;0.0106548722833395;RDF502;Economics and business administration;0.9425595998764038;RDF508;Media and communications;0.4366295635700226;RDF509;Other social sciences;0.07689148932695389;RDF101;Mathematics and statistics;0.07237401604652405;RDF203;Electrical engineering, computer engineering, and information engineering;0.0555151142179966
658;Gut-lung axis in equine asthma (Biological Systems and Functions);RDF10;Natural sciences;0.5320230722427368;RDF30;Medical, health and life sciences;0.45595312118530273;RDF40;Agricultural and veterinary sciences;0.010945165529847145;RDF106;Biological sciences;0.998542070388794;RDF301;Basic medicine and life sciences;0.9740179181098938;RDF402;Animal and dairy sciences;0.8930765390396118;RDF403;Veterinary sciences;0.8780007362365723;RDF303;Health sciences;0.7056329846382141
659;Several aspects of L-functions (Mathematics and Statistics);RDF20-21;Engineering and technology;0.42111557722091675;RDF50;Social sciences;0.30869707465171814;RDF10;Natural sciences;0.11423066258430481;RDF101;Mathematics and statistics;0.9846494793891907;RDF102;Computer and information sciences;0.028571244329214096;RDF212;Other engineering and technologies;0.02525085024535656;RDF203;Electrical engineering, computer engineering, and information engineering;0.008494837209582329;RDF201;Civil engineering, maritime engineering, transport engineering, and mining engineering;0.006168994586914778
660;Estimating the Effects of Government Spending Along the Supply Chain;RDF50;Social sciences;0.8247209191322327;RDF20-21;Engineering and technology;0.094910629093647;RDF10;Natural sciences;0.040621720254421234;RDF502;Economics and business administration;0.9660600423812866;RDF101;Mathematics and statistics;0.9342753887176514;RDF506;Political science and policy administration;0.8407825827598572;RDF202;Industrial, systems and processes engineering;0.6315090656280518;RDF509;Other social sciences;0.18594719469547272
661;Using calorespirometry to assemble a complete picture of acute hypoxic metabolic depression in fishes (Biological Systems and Functions);RDF10;Natural sciences;0.8339777588844299;RDF30;Medical, health and life sciences;0.15916743874549866;RDF40;Agricultural and veterinary sciences;0.003757910104468465;RDF106;Biological sciences;0.9986774921417236;RDF301;Basic medicine and life sciences;0.8683809041976929;RDF107;Other natural sciences;0.3158414959907532;RDF207;Medical and biomedical engineering;0.13443464040756226;RDF401;Agriculture, forestry, and fisheries;0.06828853487968445
662;Electronic structure theory: Merging wave function theory, density functional theory, and machine learning (Chemistry);RDF20-21;Engineering and technology;0.4859033524990082;RDF10;Natural sciences;0.40757644176483154;RDF50;Social sciences;0.03596312552690506;RDF104;Chemical sciences;0.8181563019752502;RDF203;Electrical engineering, computer engineering, and information engineering;0.7376781105995178;RDF103;Physical sciences;0.7071014046669006;RDF102;Computer and information sciences;0.28101080656051636;RDF503;Education;0.14348748326301575
663;Comprehensive lipidomics to identify novel players involved in the onset of cardiac manifestations of non-alcoholic fatty liver disease;RDF30;Medical, health and life sciences;0.4877011775970459;RDF10;Natural sciences;0.4726961851119995;RDF50;Social sciences;0.013647153042256832;RDF106;Biological sciences;0.9697853922843933;RDF303;Health sciences;0.881716787815094;RDF304;Medical biotechnology;0.6492451429367065;RDF207;Medical and biomedical engineering;0.6092045307159424;RDF104;Chemical sciences;0.3904758393764496
664;Longitudinal monitoring of visual function during cortical impairment in mice (Systems & Circuits Neurosciences);RDF10;Natural sciences;0.6969997882843018;RDF30;Medical, health and life sciences;0.2650037705898285;RDF20-21;Engineering and technology;0.018073400482535362;RDF106;Biological sciences;0.8667540550231934;RDF301;Basic medicine and life sciences;0.5797870755195618;RDF501;Psychology and cognitive sciences;0.5790582895278931;RDF207;Medical and biomedical engineering;0.5760053992271423;RDF303;Health sciences;0.08640053123235703
665;Gouvernance et acceptabilité sociale des grands projets publics;RDF50;Social sciences;0.9467045068740845;RDF20-21;Engineering and technology;0.02333284355700016;RDF30;Medical, health and life sciences;0.014152085408568382;RDF506;Political science and policy administration;0.990767776966095;RDF505;Law and legal practice;0.7910957932472229;RDF504;Sociology and related studies;0.6445048451423645;RDF509;Other social sciences;0.14074909687042236;RDF502;Economics and business administration;0.11157957464456558
666;Structural and functional changes in the brain of early and late blind individuals (Behavioural Sciences – Behavioural Studies, Neuroscience and Cognition);RDF30;Medical, health and life sciences;0.506084680557251;RDF10;Natural sciences;0.4187275469303131;RDF50;Social sciences;0.04806467518210411;RDF501;Psychology and cognitive sciences;0.7134315967559814;RDF106;Biological sciences;0.31843215227127075;RDF303;Health sciences;0.10729708522558212;RDF301;Basic medicine and life sciences;0.10026027262210846;RDF305;Other medical sciences;0.06560483574867249
667;New unsupervised Bayesian and energy-based models dedicated to image processing and computer vision applications (Computer Science);RDF20-21;Engineering and technology;0.9792167544364929;RDF10;Natural sciences;0.010814563371241093;RDF30;Medical, health and life sciences;0.003389686578884721;RDF102;Computer and information sciences;0.9934991598129272;RDF203;Electrical engineering, computer engineering, and information engineering;0.7180015444755554;RDF101;Mathematics and statistics;0.08624649047851562;RDF212;Other engineering and technologies;0.04119144007563591;RDF103;Physical sciences;0.015203663147985935
668;Phenomenology and The Norms of Perception (Philosophy);RDF50;Social sciences;0.5106561779975891;RDF60;Humanities and the arts;0.26518380641937256;RDF30;Medical, health and life sciences;0.08626088500022888;RDF603;Philosophy;0.9994482398033142;RDF605;Other humanities;0.11777491867542267;RDF509;Other social sciences;0.05505606532096863;RDF503;Education;0.0290907584130764;RDF504;Sociology and related studies;0.004038591403514147
669;Intelligent API Engineering: Systematically Leveraging APIs Through Development Knowledge and Usage Data;RDF20-21;Engineering and technology;0.9937988519668579;RDF30;Medical, health and life sciences;0.0017298231832683086;RDF50;Social sciences;0.0014425013214349747;RDF102;Computer and information sciences;0.9920620322227478;RDF203;Electrical engineering, computer engineering, and information engineering;0.8752548098564148;RDF212;Other engineering and technologies;0.10683029145002365;RDF503;Education;0.03504563868045807;RDF202;Industrial, systems and processes engineering;0.03262054920196533
670;Investigating mechanisms involved in vestibular substitution (Biological Systems and Functions);RDF10;Natural sciences;0.8519324064254761;RDF30;Medical, health and life sciences;0.1426505297422409;RDF40;Agricultural and veterinary sciences;0.0022304304875433445;RDF106;Biological sciences;0.9976495504379272;RDF301;Basic medicine and life sciences;0.9345148205757141;RDF107;Other natural sciences;0.5073084235191345;RDF207;Medical and biomedical engineering;0.4079523980617523;RDF303;Health sciences;0.0979066863656044
671;« COVID-19 » Migration en ligne et évaluation des impacts d'un programme de groupes de codéveloppement professionnel dans la fonction publique québécoise;RDF50;Social sciences;0.633726954460144;RDF30;Medical, health and life sciences;0.1479005515575409;RDF20-21;Engineering and technology;0.13866859674453735;RDF504;Sociology and related studies;0.75743567943573;RDF506;Political science and policy administration;0.6959066390991211;RDF102;Computer and information sciences;0.2525683343410492;RDF509;Other social sciences;0.16742275655269623;RDF212;Other engineering and technologies;0.15437601506710052
672;Multibody modelling to prototype next generation portable exoskeletons for everyday assistance (Mechanical Engineering);RDF20-21;Engineering and technology;0.996120274066925;RDF30;Medical, health and life sciences;0.001806457876227796;RDF10;Natural sciences;0.0011482546105980873;RDF204;Mechanical engineering;0.9997997283935547;RDF103;Physical sciences;0.5159485936164856;RDF206;Materials engineering and resources engineering;0.30642327666282654;RDF212;Other engineering and technologies;0.03283695504069328;RDF202;Industrial, systems and processes engineering;0.013875309377908707
673;Biomaterials-stimulated tissue regeneration and extracellular vesicles (Genes, Cells and Molecules);RDF10;Natural sciences;0.5981948971748352;RDF30;Medical, health and life sciences;0.3369525372982025;RDF20-21;Engineering and technology;0.04068780317902565;RDF106;Biological sciences;0.9429811239242554;RDF207;Medical and biomedical engineering;0.7721013426780701;RDF304;Medical biotechnology;0.5331771969795227;RDF301;Basic medicine and life sciences;0.3203958570957184;RDF107;Other natural sciences;0.19597850739955902
674;Clinical Investigation in Canine and Feline Transfusion Medicine: Novel Blood Groups and their Clinical Significance (Biological Systems and Functions);RDF30;Medical, health and life sciences;0.6805486083030701;RDF40;Agricultural and veterinary sciences;0.16628770530223846;RDF10;Natural sciences;0.14920498430728912;RDF302;Clinical medicine;0.9969956278800964;RDF403;Veterinary sciences;0.9965165853500366;RDF106;Biological sciences;0.9618933796882629;RDF303;Health sciences;0.9574770331382751;RDF402;Animal and dairy sciences;0.9442283511161804
675;Uauitamutau assi. Terminologie de l'environnement en langue innue (innu-aimun) (Psychology, linguistics and translation);RDF50;Social sciences;0.4993203580379486;RDF10;Natural sciences;0.2380024790763855;RDF60;Humanities and the arts;0.1717619001865387;RDF602;Languages and literature;0.8608377575874329;RDF503;Education;0.7971623539924622;RDF105;Earth and related environmental sciences;0.7081621289253235;RDF605;Other humanities;0.3260568082332611;RDF509;Other social sciences;0.15065254271030426
676;Novel role of exercise timing to improve obesity prevention and treatment (Nutrition, Food & Health);RDF30;Medical, health and life sciences;0.5830265283584595;RDF10;Natural sciences;0.37186306715011597;RDF50;Social sciences;0.02908393181860447;RDF303;Health sciences;0.9705764651298523;RDF106;Biological sciences;0.7689934968948364;RDF207;Medical and biomedical engineering;0.5087270736694336;RDF103;Physical sciences;0.45694172382354736;RDF107;Other natural sciences;0.16906262934207916
677;Impact of vascular injury derived exosomes on Lupus Nephritis (Genes, Cells and Molecules);RDF30;Medical, health and life sciences;0.5220329165458679;RDF10;Natural sciences;0.4584484398365021;RDF50;Social sciences;0.007147159427404404;RDF106;Biological sciences;0.9787126779556274;RDF303;Health sciences;0.9356411695480347;RDF304;Medical biotechnology;0.44530338048934937;RDF107;Other natural sciences;0.21428009867668152;RDF305;Other medical sciences;0.16599830985069275
678;Étude des logiques d'action syndicales dans le domaine de la santé mentale au travail: analyses croisées (Québec-France) dans le secteur de l'aérospatial (Business, management and related fields);RDF50;Social sciences;0.9348248839378357;RDF30;Medical, health and life sciences;0.0262612272053957;RDF20-21;Engineering and technology;0.022905448451638222;RDF503;Education;0.7479842901229858;RDF502;Economics and business administration;0.6504117250442505;RDF504;Sociology and related studies;0.5090627074241638;RDF509;Other social sciences;0.3132096529006958;RDF305;Other medical sciences;0.18907149136066437
679;Linking lifestyle behaviors, microbiota & cardiometabolic health from childhood to early adulthood: The QUALITY Cohort (Social & Developmental Aspects of Children's & Youth's Health);RDF30;Medical, health and life sciences;0.6797337532043457;RDF10;Natural sciences;0.182056725025177;RDF50;Social sciences;0.12221219390630722;RDF303;Health sciences;0.9719392657279968;RDF106;Biological sciences;0.8262917399406433;RDF207;Medical and biomedical engineering;0.2886693477630615;RDF504;Sociology and related studies;0.23581160604953766;RDF304;Medical biotechnology;0.15127840638160706
680;Les syndicats face à la crise climatique : Analyse stratégique des ressources et des moyens d'action à mettre en oeuvre au plan local;RDF50;Social sciences;0.8996254801750183;RDF10;Natural sciences;0.030753444880247116;RDF20-21;Engineering and technology;0.02381088025867939;RDF506;Political science and policy administration;0.8945594429969788;RDF507;Social and economic geography;0.7412059903144836;RDF504;Sociology and related studies;0.7225759625434875;RDF509;Other social sciences;0.3019792139530182;RDF505;Law and legal practice;0.18395985662937164
681;Étude du devenir-écrivaine en régime naturaliste : le cas de Georges de Peyrebrune (1841-1917) (Literature);RDF60;Humanities and the arts;0.9816376566886902;RDF10;Natural sciences;0.006797575391829014;RDF50;Social sciences;0.005998839158564806;RDF602;Languages and literature;0.9949983358383179;RDF605;Other humanities;0.06136776879429817;RDF503;Education;0.03419705107808113;RDF603;Philosophy;0.017242776229977608;RDF601;History, archaeology and related studies;0.009072806686162949
682;Neutrophil extracellular traps (NETs) are major actors in heart failure with preserved ejection fraction (Cardiovascular System – Heart and Circulation);RDF30;Medical, health and life sciences;0.8376792669296265;RDF10;Natural sciences;0.15151344239711761;RDF20-21;Engineering and technology;0.0036727760452777147;RDF303;Health sciences;0.9727790951728821;RDF106;Biological sciences;0.9430336356163025;RDF207;Medical and biomedical engineering;0.7059370875358582;RDF302;Clinical medicine;0.40665578842163086;RDF304;Medical biotechnology;0.21174262464046478
683;Harnessing Twitter for morphophonological variation (Psychology, linguistics and translation);RDF50;Social sciences;0.8022757172584534;RDF20-21;Engineering and technology;0.07866408675909042;RDF10;Natural sciences;0.05422360822558403;RDF508;Media and communications;0.9380105137825012;RDF602;Languages and literature;0.750552773475647;RDF509;Other social sciences;0.23388127982616425;RDF212;Other engineering and technologies;0.12956784665584564;RDF605;Other humanities;0.08640053123235703
684;Multicarrier energy systems for resilient decarbonized communities;RDF20-21;Engineering and technology;0.9280647039413452;RDF10;Natural sciences;0.05568021535873413;RDF50;Social sciences;0.006669564638286829;RDF103;Physical sciences;0.7014575004577637;RDF202;Industrial, systems and processes engineering;0.4368022084236145;RDF204;Mechanical engineering;0.3846231698989868;RDF105;Earth and related environmental sciences;0.2533988654613495;RDF203;Electrical engineering, computer engineering, and information engineering;0.23810699582099915
685;Digital Leigh Hunt (Literature);RDF60;Humanities and the arts;0.9798966646194458;RDF20-21;Engineering and technology;0.008042280562222004;RDF30;Medical, health and life sciences;0.00586091959849;RDF602;Languages and literature;0.9822366833686829;RDF503;Education;0.8183015584945679;RDF605;Other humanities;0.2149384766817093;RDF102;Computer and information sciences;0.07470251619815826;RDF508;Media and communications;0.07250525057315826
686;New disposal techniques for reactive mine wastes to improve stability and facilitate site reclamation upon closure (Civil, Industrial and Systems Engineering);RDF20-21;Engineering and technology;0.9803338050842285;RDF10;Natural sciences;0.015164358541369438;RDF50;Social sciences;0.002131942892447114;RDF105;Earth and related environmental sciences;0.9257686734199524;RDF208;Environmental engineering and related engineering;0.8356847763061523;RDF202;Industrial, systems and processes engineering;0.5378379821777344;RDF206;Materials engineering and resources engineering;0.2647383511066437;RDF201;Civil engineering, maritime engineering, transport engineering, and mining engineering;0.20362834632396698
687;Design and operation of Borehole Thermal Energy Storage systems (Mechanical Engineering);RDF20-21;Engineering and technology;0.9960185885429382;RDF10;Natural sciences;0.002390588168054819;RDF30;Medical, health and life sciences;0.0005628457292914391;RDF204;Mechanical engineering;0.9996987581253052;RDF206;Materials engineering and resources engineering;0.9296322464942932;RDF103;Physical sciences;0.2813562750816345;RDF212;Other engineering and technologies;0.05330468714237213;RDF202;Industrial, systems and processes engineering;0.05047084763646126
688;Mechanisms and consequences of spatially controlled G protein-coupled receptor signaling (Pharmacology & Toxicology);RDF10;Natural sciences;0.7940807342529297;RDF30;Medical, health and life sciences;0.1604631096124649;RDF50;Social sciences;0.018711499869823456;RDF106;Biological sciences;0.7563575506210327;RDF104;Chemical sciences;0.16118815541267395;RDF303;Health sciences;0.1191004291176796;RDF107;Other natural sciences;0.1146160438656807;RDF305;Other medical sciences;0.0918697789311409
689;L'humain au coeur de la transformation du travail;RDF50;Social sciences;0.7062371969223022;RDF60;Humanities and the arts;0.20012953877449036;RDF20-21;Engineering and technology;0.06787487864494324;RDF603;Philosophy;0.9724147319793701;RDF504;Sociology and related studies;0.9352874159812927;RDF502;Economics and business administration;0.7736441493034363;RDF507;Social and economic geography;0.769946277141571;RDF602;Languages and literature;0.7404090762138367
690;Vers une nouvelle constitution du travail? Les libertés et droits fondamentaux des salarié.es comme assise des rapports de travail/Towards a New Constitution of Labour? Workers' Fundamental Rights and Freedoms as the Basis of Labour Relations (Law and criminology);RDF50;Social sciences;0.8218779563903809;RDF30;Medical, health and life sciences;0.04975687339901924;RDF10;Natural sciences;0.03890235722064972;RDF505;Law and legal practice;0.9303950667381287;RDF506;Political science and policy administration;0.8231152296066284;RDF509;Other social sciences;0.13540346920490265;RDF605;Other humanities;0.07751765847206116;RDF201;Civil engineering, maritime engineering, transport engineering, and mining engineering;0.07565305382013321
691;Monitoring and Debugging of High Performance Distributed Heterogeneous Cloud Applications;RDF20-21;Engineering and technology;0.9961713552474976;RDF30;Medical, health and life sciences;0.0010935902828350663;RDF10;Natural sciences;0.0009013214730657637;RDF102;Computer and information sciences;0.9969544410705566;RDF203;Electrical engineering, computer engineering, and information engineering;0.9083743691444397;RDF202;Industrial, systems and processes engineering;0.10511864721775055;RDF212;Other engineering and technologies;0.09585608541965485;RDF201;Civil engineering, maritime engineering, transport engineering, and mining engineering;0.00748962489888072
692;The role of Parkinson's disease-related proteins in innate and adaptive immunity (Cell Biology – Physiology);RDF10;Natural sciences;0.7360208034515381;RDF30;Medical, health and life sciences;0.25660744309425354;RDF50;Social sciences;0.0027927858754992485;RDF106;Biological sciences;0.990121066570282;RDF303;Health sciences;0.3383503258228302;RDF301;Basic medicine and life sciences;0.3141557574272156;RDF107;Other natural sciences;0.13759039342403412;RDF305;Other medical sciences;0.08487122505903244
693;Étude partenariale sur la médiation de la musique: institutionnalisation, professionnalisation, intervention;RDF60;Humanities and the arts;0.6820502877235413;RDF50;Social sciences;0.2205660492181778;RDF30;Medical, health and life sciences;0.03755060210824013;RDF503;Education;0.7446563243865967;RDF604;Arts (arts, history of arts, performing arts, music), architecture and design;0.633637011051178;RDF509;Other social sciences;0.2607187330722809;RDF504;Sociology and related studies;0.21329523622989655;RDF605;Other humanities;0.1927672028541565
694;Planification en temps réel dans les mines souterraines;RDF20-21;Engineering and technology;0.8937479257583618;RDF50;Social sciences;0.046269647777080536;RDF10;Natural sciences;0.030226076021790504;RDF206;Materials engineering and resources engineering;0.7585999965667725;RDF201;Civil engineering, maritime engineering, transport engineering, and mining engineering;0.7552761435508728;RDF202;Industrial, systems and processes engineering;0.729423463344574;RDF102;Computer and information sciences;0.2935563623905182;RDF212;Other engineering and technologies;0.25888770818710327
695;Applications of operations research to transportation, logistics, fairness issues, and other topics (Civil, Industrial and Systems Engineering);RDF20-21;Engineering and technology;0.992121696472168;RDF50;Social sciences;0.003060553688555956;RDF10;Natural sciences;0.002943305764347315;RDF202;Industrial, systems and processes engineering;0.6946653127670288;RDF212;Other engineering and technologies;0.23196201026439667;RDF503;Education;0.04620574787259102;RDF201;Civil engineering, maritime engineering, transport engineering, and mining engineering;0.04547959566116333;RDF103;Physical sciences;0.03378022834658623
696;Multiplexed and quantitative immunolabelling for cancer diagnostics using gold-silver alloy nanoprobes;RDF30;Medical, health and life sciences;0.6036711931228638;RDF10;Natural sciences;0.2861303985118866;RDF20-21;Engineering and technology;0.0950494110584259;RDF303;Health sciences;0.9695268273353577;RDF304;Medical biotechnology;0.9356999397277832;RDF106;Biological sciences;0.9225521683692932;RDF207;Medical and biomedical engineering;0.9068183302879333;RDF211;Nano-technology;0.7364006638526917
697;Plasma processing for environment and cell-biology;RDF10;Natural sciences;0.5937238335609436;RDF30;Medical, health and life sciences;0.24224022030830383;RDF20-21;Engineering and technology;0.1511189192533493;RDF104;Chemical sciences;0.879509449005127;RDF205;Chemical engineering;0.834406852722168;RDF209;Environmental biotechnology;0.8269914388656616;RDF106;Biological sciences;0.6960099935531616;RDF301;Basic medicine and life sciences;0.6437212824821472
698;Dynamic Games in Management (Civil, Industrial and Systems Engineering);RDF20-21;Engineering and technology;0.9935218095779419;RDF50;Social sciences;0.00229100463911891;RDF10;Natural sciences;0.0017947213491424918;RDF503;Education;0.8072327971458435;RDF202;Industrial, systems and processes engineering;0.369428813457489;RDF212;Other engineering and technologies;0.07429850846529007;RDF103;Physical sciences;0.013454154133796692;RDF201;Civil engineering, maritime engineering, transport engineering, and mining engineering;0.010735162533819675
699;Improved design and operations of building water systems to reduce health risks caused by water & energy conservation and extended shutdowns (Civil, Industrial and Systems Engineering);RDF20-21;Engineering and technology;0.9893169403076172;RDF10;Natural sciences;0.0057017020881175995;RDF30;Medical, health and life sciences;0.002811543410643935;RDF105;Earth and related environmental sciences;0.4157584607601166;RDF202;Industrial, systems and processes engineering;0.18742996454238892;RDF103;Physical sciences;0.14163722097873688;RDF208;Environmental engineering and related engineering;0.10203596204519272;RDF212;Other engineering and technologies;0.05141511559486389
700;Shoulder musculoskeletal modeling: from data-tracking to predictive simulations (Mechanical Engineering);RDF20-21;Engineering and technology;0.9670237898826599;RDF30;Medical, health and life sciences;0.01696673035621643;RDF10;Natural sciences;0.009333387948572636;RDF204;Mechanical engineering;0.9969897866249084;RDF103;Physical sciences;0.5894505381584167;RDF206;Materials engineering and resources engineering;0.5353034138679504;RDF212;Other engineering and technologies;0.043042849749326706;RDF207;Medical and biomedical engineering;0.02278088591992855
701;Sustainable aqueous Sodium-ion batteries (Chemistry);RDF10;Natural sciences;0.5953388810157776;RDF20-21;Engineering and technology;0.2798483967781067;RDF30;Medical, health and life sciences;0.06336403638124466;RDF104;Chemical sciences;0.9986723065376282;RDF205;Chemical engineering;0.7808296084403992;RDF103;Physical sciences;0.06717858463525772;RDF206;Materials engineering and resources engineering;0.06342432647943497;RDF503;Education;0.03649376705288887
702;Eigenvectors of Random Matrices (Mathematics and Statistics);RDF20-21;Engineering and technology;0.4370429217815399;RDF50;Social sciences;0.19205191731452942;RDF10;Natural sciences;0.17936204373836517;RDF101;Mathematics and statistics;0.9970991611480713;RDF102;Computer and information sciences;0.01529164332896471;RDF103;Physical sciences;0.009878940880298615;RDF203;Electrical engineering, computer engineering, and information engineering;0.007725534029304981;RDF503;Education;0.005030917003750801
703;Cellular Reprogramming in Retinal Vascular Development (Genes, Cells and Molecules);RDF10;Natural sciences;0.6312485933303833;RDF30;Medical, health and life sciences;0.3513427674770355;RDF20-21;Engineering and technology;0.007479402236640453;RDF106;Biological sciences;0.9844564199447632;RDF303;Health sciences;0.6950276494026184;RDF301;Basic medicine and life sciences;0.6856337785720825;RDF304;Medical biotechnology;0.4764426350593567;RDF207;Medical and biomedical engineering;0.2366926074028015
704;Creating Virtual Shapes via Intuitive Input (Computer Science);RDF20-21;Engineering and technology;0.9863083958625793;RDF60;Humanities and the arts;0.004684971179813147;RDF10;Natural sciences;0.00390680180862546;RDF102;Computer and information sciences;0.9947391748428345;RDF203;Electrical engineering, computer engineering, and information engineering;0.7825794219970703;RDF503;Education;0.15771976113319397;RDF212;Other engineering and technologies;0.14457103610038757;RDF103;Physical sciences;0.0038920415099710226
705;Data-adaptive causal inference methods for effect modification (Mathematics and Statistics);RDF50;Social sciences;0.5235597491264343;RDF10;Natural sciences;0.27724704146385193;RDF20-21;Engineering and technology;0.09656549245119095;RDF101;Mathematics and statistics;0.9943030476570129;RDF103;Physical sciences;0.07504072040319443;RDF509;Other social sciences;0.02668309025466442;RDF203;Electrical engineering, computer engineering, and information engineering;0.023621806874871254;RDF107;Other natural sciences;0.02286800928413868
706;40 ans de changement linguistique à Montréal et à Welland: le rôle de l'individu et de la communauté (Linguistics and translation);RDF50;Social sciences;0.5210322141647339;RDF60;Humanities and the arts;0.26820439100265503;RDF10;Natural sciences;0.0919676423072815;RDF602;Languages and literature;0.9856905341148376;RDF503;Education;0.3526754081249237;RDF605;Other humanities;0.07178616523742676;RDF509;Other social sciences;0.06822642683982849;RDF508;Media and communications;0.01766139827668667
707;Using digital and immersive technologies to understand the contribution of sensory, perceptual, affective, cognitive and physiological factors to Social Information Processing (Biological Systems and Functions);RDF50;Social sciences;0.3907385468482971;RDF10;Natural sciences;0.32887423038482666;RDF30;Medical, health and life sciences;0.17239724099636078;RDF106;Biological sciences;0.9189906120300293;RDF501;Psychology and cognitive sciences;0.7706374526023865;RDF102;Computer and information sciences;0.7257458567619324;RDF504;Sociology and related studies;0.7097237706184387;RDF203;Electrical engineering, computer engineering, and information engineering;0.438679963350296
708;Climate Change and Human Rights: Responsibility and Reparation;RDF50;Social sciences;0.6281709671020508;RDF10;Natural sciences;0.21793971955776215;RDF60;Humanities and the arts;0.059291187673807144;RDF105;Earth and related environmental sciences;0.8986776471138;RDF505;Law and legal practice;0.8816149234771729;RDF506;Political science and policy administration;0.8560317754745483;RDF504;Sociology and related studies;0.14057204127311707;RDF509;Other social sciences;0.1350608617067337
709;Can journalism's `real utopias' address the crisis of the news media? Exploring journalism cooperatives from an international and comparative perspective (Communications, media studies, gender studies, library and information science, related fields);RDF50;Social sciences;0.5328829884529114;RDF60;Humanities and the arts;0.30675697326660156;RDF10;Natural sciences;0.063056081533432;RDF508;Media and communications;0.9919067025184631;RDF509;Other social sciences;0.1088029220700264;RDF605;Other humanities;0.08269733935594559;RDF504;Sociology and related studies;0.058399517089128494;RDF603;Philosophy;0.053403329104185104
710;Improving the integration of novice designers into interdisciplinary collaborative design teams (Multidisciplinary or interdisciplinary humanities);RDF60;Humanities and the arts;0.42344337701797485;RDF20-21;Engineering and technology;0.3097977638244629;RDF50;Social sciences;0.15441298484802246;RDF604;Arts (arts, history of arts, performing arts, music), architecture and design;0.6906633973121643;RDF212;Other engineering and technologies;0.0817393809556961;RDF601;History, archaeology and related studies;0.0684129074215889;RDF503;Education;0.04497356712818146;RDF605;Other humanities;0.043691057711839676
711;Quel futur professionnel pour les jeunes adultes récemment immigré(e)s à Montréal? Identité, projets professionnels et expériences d'accès aux services (Multidisciplinary or interdisciplinary social sciences);RDF50;Social sciences;0.9690567851066589;RDF60;Humanities and the arts;0.008383983746170998;RDF30;Medical, health and life sciences;0.008383983746170998;RDF504;Sociology and related studies;0.9663787484169006;RDF507;Social and economic geography;0.5400446653366089;RDF509;Other social sciences;0.49080759286880493;RDF502;Economics and business administration;0.12054231017827988;RDF605;Other humanities;0.1137271597981453
712;Unravelling regulatory networks of stem cell states using single cell analysis (Cell Biology – Physiology);RDF10;Natural sciences;0.7111180424690247;RDF30;Medical, health and life sciences;0.2745623290538788;RDF50;Social sciences;0.004634995479136705;RDF106;Biological sciences;0.9912378787994385;RDF301;Basic medicine and life sciences;0.14965561032295227;RDF303;Health sciences;0.08404061198234558;RDF107;Other natural sciences;0.055412791669368744;RDF103;Physical sciences;0.0219902191311121
713;Comprendre et soutenir l'entourage des femmes victimes de violence entre partenaires intimes : tissu social, besoins et actions (Mutidisciplinary or interdisciplinary social sciences);RDF50;Social sciences;0.9822213053703308;RDF30;Medical, health and life sciences;0.009010679088532925;RDF60;Humanities and the arts;0.003898218972608447;RDF504;Sociology and related studies;0.9554024338722229;RDF509;Other social sciences;0.519282341003418;RDF605;Other humanities;0.04913078993558884;RDF503;Education;0.04405976086854935;RDF305;Other medical sciences;0.018316885456442833
714;Development of novel RvD1 analogues for osteoporosis therapy: mechanism of action and structure-activity relationships;RDF10;Natural sciences;0.5698826909065247;RDF30;Medical, health and life sciences;0.36588358879089355;RDF20-21;Engineering and technology;0.032929081469774246;RDF106;Biological sciences;0.807612419128418;RDF304;Medical biotechnology;0.7325918674468994;RDF303;Health sciences;0.6849492788314819;RDF104;Chemical sciences;0.6750152111053467;RDF207;Medical and biomedical engineering;0.6601723432540894
715;Improving plant biostimulants based on natural products and beneficial microorganisms;RDF10;Natural sciences;0.729171097278595;RDF40;Agricultural and veterinary sciences;0.21606943011283875;RDF30;Medical, health and life sciences;0.040046967566013336;RDF106;Biological sciences;0.9820998311042786;RDF404;Agricultural biotechnology and food sciences;0.7299531102180481;RDF105;Earth and related environmental sciences;0.6901937127113342;RDF401;Agriculture, forestry, and fisheries;0.24445316195487976;RDF209;Environmental biotechnology;0.20260092616081238
716;Characterization of the antibacterial activity of some antimicrobial-derived metabolites and their involvement in the development of antimicrobial resistance in bacteria of animal origin (Biological Systems and Functions);RDF10;Natural sciences;0.7766988277435303;RDF30;Medical, health and life sciences;0.20261399447917938;RDF40;Agricultural and veterinary sciences;0.011770536191761494;RDF106;Biological sciences;0.9897711873054504;RDF301;Basic medicine and life sciences;0.5494291186332703;RDF305;Other medical sciences;0.17286889255046844;RDF107;Other natural sciences;0.15109041333198547;RDF403;Veterinary sciences;0.06828853487968445
717;Développement de méthodes rationnelles de maintenance proactive de systèmes industriels (Civil, Industrial and Systems Engineering);RDF20-21;Engineering and technology;0.9924377202987671;RDF10;Natural sciences;0.0034556409809738398;RDF50;Social sciences;0.001768419286236167;RDF202;Industrial, systems and processes engineering;0.95008784532547;RDF204;Mechanical engineering;0.2147737741470337;RDF212;Other engineering and technologies;0.18513554334640503;RDF102;Computer and information sciences;0.1141214668750763;RDF201;Civil engineering, maritime engineering, transport engineering, and mining engineering;0.03782128542661667
718;Intention Driven Development: Towards a new generation of development platforms;RDF20-21;Engineering and technology;0.9707967638969421;RDF50;Social sciences;0.010250595398247242;RDF30;Medical, health and life sciences;0.007240422535687685;RDF102;Computer and information sciences;0.9640855193138123;RDF203;Electrical engineering, computer engineering, and information engineering;0.7057343125343323;RDF212;Other engineering and technologies;0.21526825428009033;RDF506;Political science and policy administration;0.11940813809633255;RDF504;Sociology and related studies;0.07999736815690994
719;Decision support systems based on heterogeneous data driven models for a safe and optimal operation of industrial process systems (Materials and Chemical Engineering);RDF20-21;Engineering and technology;0.9924892783164978;RDF10;Natural sciences;0.0036005100701004267;RDF50;Social sciences;0.002027608221396804;RDF202;Industrial, systems and processes engineering;0.9657060503959656;RDF205;Chemical engineering;0.8757338523864746;RDF104;Chemical sciences;0.6627964377403259;RDF103;Physical sciences;0.42700839042663574;RDF101;Mathematics and statistics;0.18884697556495667
720;Untangling heterogeneity in cytomegalovirus infection kinetics and evolution using mathematical modelling;RDF10;Natural sciences;0.7851625680923462;RDF30;Medical, health and life sciences;0.17712879180908203;RDF50;Social sciences;0.012828034348785877;RDF106;Biological sciences;0.9621075987815857;RDF101;Mathematics and statistics;0.7381031513214111;RDF207;Medical and biomedical engineering;0.6483550071716309;RDF107;Other natural sciences;0.2941136062145233;RDF103;Physical sciences;0.26630955934524536
721;Getting on track for the audit of tomorrow: Auditors' expertise amidst digitalization;RDF20-21;Engineering and technology;0.5954007506370544;RDF50;Social sciences;0.21680119633674622;RDF30;Medical, health and life sciences;0.07521773874759674;RDF502;Economics and business administration;0.19390948116779327;RDF102;Computer and information sciences;0.10096723586320877;RDF212;Other engineering and technologies;0.0649493932723999;RDF506;Political science and policy administration;0.06041841581463814;RDF505;Law and legal practice;0.025371311232447624
722;Immunoproteasome-expressing mesenchymal stromal cells: a new tool for cancer vaccination (Cancer Biology & Therapeutics);RDF30;Medical, health and life sciences;0.4852096438407898;RDF10;Natural sciences;0.4847360849380493;RDF20-21;Engineering and technology;0.01400842983275652;RDF106;Biological sciences;0.9786719679832458;RDF303;Health sciences;0.9377260804176331;RDF207;Medical and biomedical engineering;0.38876307010650635;RDF304;Medical biotechnology;0.21076631546020508;RDF301;Basic medicine and life sciences;0.2011847198009491
723;Invisibility of disability in Global South and North: Equitable access to health services in the context of climate change;RDF30;Medical, health and life sciences;0.5451578497886658;RDF50;Social sciences;0.42581504583358765;RDF10;Natural sciences;0.01313774660229683;RDF303;Health sciences;0.9575167894363403;RDF504;Sociology and related studies;0.7532852292060852;RDF507;Social and economic geography;0.5991626977920532;RDF305;Other medical sciences;0.28611937165260315;RDF509;Other social sciences;0.23423142731189728
724;A shock-fitting approach for predicting the two-phase transient flows in stormwater systems (SWS) with best management practices (BMP) (Civil, Industrial and Systems Engineering);RDF20-21;Engineering and technology;0.9834765791893005;RDF10;Natural sciences;0.010682777501642704;RDF50;Social sciences;0.0024617179296910763;RDF105;Earth and related environmental sciences;0.7170118689537048;RDF103;Physical sciences;0.4591291844844818;RDF208;Environmental engineering and related engineering;0.43754562735557556;RDF202;Industrial, systems and processes engineering;0.2530295252799988;RDF212;Other engineering and technologies;0.09401017427444458
725;Optimiser la transition des soins entre les différents milieux avec l'apport de la technologie pour favoriser la santé et l'autonomie des personnes âgées fragilisées vivant ou non en régions éloignées;RDF30;Medical, health and life sciences;0.8493987321853638;RDF50;Social sciences;0.07023543119430542;RDF20-21;Engineering and technology;0.054699406027793884;RDF303;Health sciences;0.9588085412979126;RDF207;Medical and biomedical engineering;0.9360515475273132;RDF305;Other medical sciences;0.5773166418075562;RDF507;Social and economic geography;0.4348662197589874;RDF509;Other social sciences;0.3556070327758789
726;XIe Conférence du Forum Mondial de Médiation:L´humanité face aux conflits actuels: nouveaux défis pour la médiation;RDF50;Social sciences;0.670978307723999;RDF60;Humanities and the arts;0.15606003999710083;RDF30;Medical, health and life sciences;0.07770931720733643;RDF506;Political science and policy administration;0.7936662435531616;RDF508;Media and communications;0.7690802216529846;RDF509;Other social sciences;0.13811267912387848;RDF605;Other humanities;0.10070160776376724;RDF603;Philosophy;0.049865905195474625
727;Optimization of mechanically induced phase transformation at crack tip in metal for improved crack growth resistance (Materials and Chemical Engineering);RDF20-21;Engineering and technology;0.8640832901000977;RDF10;Natural sciences;0.10406023263931274;RDF30;Medical, health and life sciences;0.012747823260724545;RDF205;Chemical engineering;0.7645401954650879;RDF103;Physical sciences;0.7549149990081787;RDF104;Chemical sciences;0.7343100905418396;RDF206;Materials engineering and resources engineering;0.15700756013393402;RDF204;Mechanical engineering;0.14541849493980408
728;Investigating important but overlooked streptococcal agents of disease in production animals (Biological Systems and Functions);RDF10;Natural sciences;0.6469783186912537;RDF30;Medical, health and life sciences;0.21127742528915405;RDF40;Agricultural and veterinary sciences;0.1381537765264511;RDF106;Biological sciences;0.996523380279541;RDF403;Veterinary sciences;0.9594592452049255;RDF402;Animal and dairy sciences;0.9439706206321716;RDF301;Basic medicine and life sciences;0.7957374453544617;RDF107;Other natural sciences;0.5108873248100281
729;Adverse Drug Events and Medication Errors in adult Intensive Care Units (Health Services Evaluation & Interventions Research);RDF30;Medical, health and life sciences;0.9852041602134705;RDF50;Social sciences;0.006943255662918091;RDF10;Natural sciences;0.004670594818890095;RDF303;Health sciences;0.9983025789260864;RDF302;Clinical medicine;0.8714748620986938;RDF207;Medical and biomedical engineering;0.5366998910903931;RDF305;Other medical sciences;0.0991644635796547;RDF301;Basic medicine and life sciences;0.03743230551481247
730;Entre responsabilité professionnelle et devoir de prendre soin de soi - Mieux comprendre la multiplicité des expériences entourant le processus d'arrêt de travail et de retour à l'emploi chez les travailleuses de la santé et des services sociaux (Sociology, demography and related fields);RDF50;Social sciences;0.89179527759552;RDF30;Medical, health and life sciences;0.09171633422374725;RDF10;Natural sciences;0.00764056108891964;RDF504;Sociology and related studies;0.975923478603363;RDF507;Social and economic geography;0.5302479267120361;RDF509;Other social sciences;0.5051420331001282;RDF303;Health sciences;0.31100818514823914;RDF305;Other medical sciences;0.2330075204372406
731;Brain alterations and cognitive decline in obstructive sleep apnea;RDF30;Medical, health and life sciences;0.8788819313049316;RDF10;Natural sciences;0.08073719590902328;RDF50;Social sciences;0.033680930733680725;RDF303;Health sciences;0.9658029079437256;RDF501;Psychology and cognitive sciences;0.9591925144195557;RDF106;Biological sciences;0.9391366243362427;RDF207;Medical and biomedical engineering;0.8725647330284119;RDF302;Clinical medicine;0.770205557346344
732;Methods and analytical tools to optimize patient flow (Civil, Industrial and Systems Engineering);RDF20-21;Engineering and technology;0.9802804589271545;RDF30;Medical, health and life sciences;0.010431916452944279;RDF10;Natural sciences;0.004804146010428667;RDF202;Industrial, systems and processes engineering;0.7459539771080017;RDF207;Medical and biomedical engineering;0.0792103186249733;RDF201;Civil engineering, maritime engineering, transport engineering, and mining engineering;0.06687323749065399;RDF212;Other engineering and technologies;0.06284670531749725;RDF303;Health sciences;0.05781161040067673
733;Heterogeneity of interprofessional primary care teams and its effect on quality of care and health service use in older adults (Health Services Evaluation & Interventions Research);RDF30;Medical, health and life sciences;0.8798078894615173;RDF50;Social sciences;0.09580322355031967;RDF10;Natural sciences;0.014444714412093163;RDF303;Health sciences;0.9964411854743958;RDF302;Clinical medicine;0.5947277545928955;RDF504;Sociology and related studies;0.08772001415491104;RDF305;Other medical sciences;0.07283429801464081;RDF101;Mathematics and statistics;0.06536578387022018
734;Recul des gains d'espérance de vie au Canada depuis 2010 : la contribution de la mortalité par drogues, par maladies cardiovasculaires et le rôle catalyseur de la pandémie de COVID-19 (Sociology, demography and related fields);RDF50;Social sciences;0.860785186290741;RDF30;Medical, health and life sciences;0.1127176433801651;RDF10;Natural sciences;0.022649768739938736;RDF504;Sociology and related studies;0.9572778344154358;RDF101;Mathematics and statistics;0.9342753291130066;RDF303;Health sciences;0.7609172463417053;RDF301;Basic medicine and life sciences;0.4802158772945404;RDF507;Social and economic geography;0.32718443870544434
735;Canadian Network on Hepatitis C (CanHepC): From Discovery to Implementation (Hepatitis C Research);RDF30;Medical, health and life sciences;0.8680492043495178;RDF10;Natural sciences;0.06683878600597382;RDF50;Social sciences;0.04538022726774216;RDF303;Health sciences;0.988949179649353;RDF207;Medical and biomedical engineering;0.5067954659461975;RDF508;Media and communications;0.1695433408021927;RDF301;Basic medicine and life sciences;0.16681109368801117;RDF106;Biological sciences;0.16066071391105652
736;Novel numerical simulation tools for the vulnerability assessment and rehabilitation of critical structures against the effects of floods and climate change;RDF20-21;Engineering and technology;0.9670414328575134;RDF10;Natural sciences;0.019076555967330933;RDF50;Social sciences;0.006364934146404266;RDF201;Civil engineering, maritime engineering, transport engineering, and mining engineering;0.9160345196723938;RDF105;Earth and related environmental sciences;0.8577680587768555;RDF103;Physical sciences;0.7255513668060303;RDF208;Environmental engineering and related engineering;0.699716329574585;RDF204;Mechanical engineering;0.672493040561676
737;QUEST: Co-développer avec et pour les jeunes des connaissances sur la QUalité de leur Environnement psychoSocial de Travail;RDF50;Social sciences;0.8173067569732666;RDF30;Medical, health and life sciences;0.06904946267604828;RDF20-21;Engineering and technology;0.051943425089120865;RDF504;Sociology and related studies;0.9453490376472473;RDF105;Earth and related environmental sciences;0.8607792258262634;RDF208;Environmental engineering and related engineering;0.8374871015548706;RDF507;Social and economic geography;0.7829115390777588;RDF501;Psychology and cognitive sciences;0.732017457485199
738;The effects of COVID-19 pandemics in sustainability controversies: new shades of green in the battery metals industry in Quebec;RDF10;Natural sciences;0.5704943537712097;RDF50;Social sciences;0.20562392473220825;RDF20-21;Engineering and technology;0.11410605907440186;RDF105;Earth and related environmental sciences;0.944587230682373;RDF208;Environmental engineering and related engineering;0.8437663912773132;RDF206;Materials engineering and resources engineering;0.7471550107002258;RDF202;Industrial, systems and processes engineering;0.5806047320365906;RDF504;Sociology and related studies;0.5550433397293091
739;From birth to adulthood: The role of age of cannabis use onset in the individual and environmental developmental pathways leading to substance use problems (Psychosocial, Sociocultural & Behavioural Determinants of Health);RDF50;Social sciences;0.747458279132843;RDF30;Medical, health and life sciences;0.2293015420436859;RDF10;Natural sciences;0.01669185236096382;RDF303;Health sciences;0.9712929129600525;RDF504;Sociology and related studies;0.9017477631568909;RDF501;Psychology and cognitive sciences;0.8959331512451172;RDF509;Other social sciences;0.3039383590221405;RDF305;Other medical sciences;0.2768860161304474
740;Creative Pedagogies for Ecological Transitions on the Shoreline;RDF10;Natural sciences;0.5136711597442627;RDF60;Humanities and the arts;0.16249775886535645;RDF50;Social sciences;0.1377754658460617;RDF603;Philosophy;0.9744104743003845;RDF503;Education;0.9724408984184265;RDF105;Earth and related environmental sciences;0.9573177695274353;RDF106;Biological sciences;0.7172595262527466;RDF208;Environmental engineering and related engineering;0.1579144448041916
741;Contribution of the NKG2D pathway to multiple sclerosis (Molecular & Cellular Neurosciences);RDF30;Medical, health and life sciences;0.5498268008232117;RDF10;Natural sciences;0.4107970893383026;RDF50;Social sciences;0.014361971989274025;RDF106;Biological sciences;0.8680457472801208;RDF303;Health sciences;0.8530579209327698;RDF305;Other medical sciences;0.07470251619815826;RDF301;Basic medicine and life sciences;0.06412401795387268;RDF107;Other natural sciences;0.059701744467020035
742;Pregnancy and COVID-19 hospitalization in Quebec (Public, Community & Population Health);RDF30;Medical, health and life sciences;0.9715911746025085;RDF50;Social sciences;0.015325544402003288;RDF10;Natural sciences;0.009000628255307674;RDF303;Health sciences;0.9961903691291809;RDF302;Clinical medicine;0.7275884747505188;RDF207;Medical and biomedical engineering;0.19993211328983307;RDF301;Basic medicine and life sciences;0.14517594873905182;RDF305;Other medical sciences;0.060418419539928436
743;La musique est-elle une prière? (Fine Arts, Research-Creation);RDF60;Humanities and the arts;0.9963904619216919;RDF50;Social sciences;0.0009157166350632906;RDF10;Natural sciences;0.0008386691915802658;RDF604;Arts (arts, history of arts, performing arts, music), architecture and design;0.8892887234687805;RDF605;Other humanities;0.5338075757026672;RDF603;Philosophy;0.1032954677939415;RDF503;Education;0.01870722696185112;RDF508;Media and communications;0.013096003793179989
744;A multi-site, prospective study of the role of emotional competence in (mal)adaptive functioning among university students exposed to sexual violence (Psychology);RDF50;Social sciences;0.9570243954658508;RDF10;Natural sciences;0.019573574885725975;RDF30;Medical, health and life sciences;0.015288641676306725;RDF501;Psychology and cognitive sciences;0.928083598613739;RDF503;Education;0.07062366604804993;RDF107;Other natural sciences;0.047514189034700394;RDF305;Other medical sciences;0.04001227021217346;RDF509;Other social sciences;0.037291813641786575
745;Effets d'une intervention musicale personnalisée sur les répercussions de la COVID-19 en santé mentale des personnes âgées;RDF30;Medical, health and life sciences;0.5844598412513733;RDF50;Social sciences;0.19846442341804504;RDF10;Natural sciences;0.09801941365003586;RDF303;Health sciences;0.94319087266922;RDF207;Medical and biomedical engineering;0.7826625108718872;RDF304;Medical biotechnology;0.7218903303146362;RDF501;Psychology and cognitive sciences;0.6293190717697144;RDF302;Clinical medicine;0.46481049060821533
746;Redox regulation of the antiviral response : role of oxidative post-translational modifications of MAVS (Virology & Viral Pathogenesis);RDF10;Natural sciences;0.8958744406700134;RDF30;Medical, health and life sciences;0.07310822606086731;RDF50;Social sciences;0.012580843642354012;RDF106;Biological sciences;0.6452875733375549;RDF104;Chemical sciences;0.10951514542102814;RDF107;Other natural sciences;0.0653061494231224;RDF301;Basic medicine and life sciences;0.035611413419246674;RDF305;Other medical sciences;0.02510703168809414
747;The role of UCH family deubiquitinases in T cell biology (Genes, Cells and Molecules);RDF10;Natural sciences;0.7524552941322327;RDF30;Medical, health and life sciences;0.22344587743282318;RDF50;Social sciences;0.008424583822488785;RDF106;Biological sciences;0.9837849140167236;RDF301;Basic medicine and life sciences;0.5834407210350037;RDF107;Other natural sciences;0.14934517443180084;RDF303;Health sciences;0.1037486270070076;RDF305;Other medical sciences;0.07049558311700821
748;A high temperature upgrade for the twin-screw extruder to process high-performance hybrid PEEK-based formulations and other engineering polymer-based (PEI, PPSU, etc.) systems (Materials and Chemical Engineering);RDF20-21;Engineering and technology;0.9911797046661377;RDF10;Natural sciences;0.005723605863749981;RDF30;Medical, health and life sciences;0.0009888027561828494;RDF205;Chemical engineering;0.8446654081344604;RDF104;Chemical sciences;0.7001265287399292;RDF206;Materials engineering and resources engineering;0.14663629233837128;RDF212;Other engineering and technologies;0.05536170303821564;RDF103;Physical sciences;0.04676847904920578
749;Single-cell approaches to characterize and target the cellular reservoirs of HIV infection (Virology & Viral Pathogenesis);RDF10;Natural sciences;0.6456065773963928;RDF30;Medical, health and life sciences;0.31656983494758606;RDF20-21;Engineering and technology;0.019486112520098686;RDF106;Biological sciences;0.7636600732803345;RDF303;Health sciences;0.1949802190065384;RDF107;Other natural sciences;0.07758752256631851;RDF304;Medical biotechnology;0.05665242299437523;RDF207;Medical and biomedical engineering;0.05525964871048927
750;Impact of transient neonatal hyperoxia on skeletal muscle development: Relevance for impaired exercise capacity after preterm birth (Clinical Investigation – Reproduction, Maternal, Child and Youth Health);RDF30;Medical, health and life sciences;0.9708292484283447;RDF10;Natural sciences;0.020869875326752663;RDF50;Social sciences;0.004281581379473209;RDF303;Health sciences;0.9892024397850037;RDF302;Clinical medicine;0.8551267981529236;RDF106;Biological sciences;0.799207329750061;RDF301;Basic medicine and life sciences;0.29660332202911377;RDF305;Other medical sciences;0.15159213542938232
751;Le développement de la compétence de collaboration interprofessionnelle : perception des membres d'une équipe de professionnels en exercice de la dynamique de coaction (Education and social work);RDF50;Social sciences;0.8244701027870178;RDF30;Medical, health and life sciences;0.07176052778959274;RDF20-21;Engineering and technology;0.06210356578230858;RDF504;Sociology and related studies;0.5632428526878357;RDF509;Other social sciences;0.1531054526567459;RDF503;Education;0.09351230412721634;RDF305;Other medical sciences;0.05618453770875931;RDF502;Economics and business administration;0.05242456868290901
752;Agreeing to Disagree: Incentives and Innovation in Dynamic Settings (Economics);RDF50;Social sciences;0.9691271185874939;RDF20-21;Engineering and technology;0.011183972470462322;RDF10;Natural sciences;0.007164722308516502;RDF502;Economics and business administration;0.9640516638755798;RDF509;Other social sciences;0.02900812402367592;RDF506;Political science and policy administration;0.020964238792657852;RDF504;Sociology and related studies;0.008124708198010921;RDF507;Social and economic geography;0.007755537051707506
753;"L'enfance du ""mauvais genre"". Une sociologie de la non-conformité de genre durant l'enfance en France et au Québec (Sociology, demography and related fields)";RDF50;Social sciences;0.9823576807975769;RDF30;Medical, health and life sciences;0.00646574329584837;RDF10;Natural sciences;0.006062151864171028;RDF504;Sociology and related studies;0.9839708805084229;RDF509;Other social sciences;0.41546201705932617;RDF605;Other humanities;0.07470250874757767;RDF305;Other medical sciences;0.043042849749326706;RDF101;Mathematics and statistics;0.03481519594788551
754;Engineering Sustainable and Inclusive Streets for the 30-Min City;RDF20-21;Engineering and technology;0.9880896806716919;RDF50;Social sciences;0.00527696730569005;RDF10;Natural sciences;0.004629700444638729;RDF208;Environmental engineering and related engineering;0.4607817232608795;RDF201;Civil engineering, maritime engineering, transport engineering, and mining engineering;0.3604046404361725;RDF105;Earth and related environmental sciences;0.21190567314624786;RDF103;Physical sciences;0.054701514542102814;RDF212;Other engineering and technologies;0.04001226648688316
755;Les incidences de l'architecture logicielle des tribunaux en ligne sur l'accès à la justice (Law and criminology);RDF20-21;Engineering and technology;0.752773642539978;RDF50;Social sciences;0.15994250774383545;RDF10;Natural sciences;0.04172349348664284;RDF505;Law and legal practice;0.858303427696228;RDF203;Electrical engineering, computer engineering, and information engineering;0.44361549615859985;RDF102;Computer and information sciences;0.34268152713775635;RDF212;Other engineering and technologies;0.19597849249839783;RDF506;Political science and policy administration;0.12210386246442795
756;Incorporating rich micro-level distributions and dynamics in models with heterogenous firms: method, lessons and applications;RDF20-21;Engineering and technology;0.6032913327217102;RDF50;Social sciences;0.24807430803775787;RDF10;Natural sciences;0.07838469743728638;RDF502;Economics and business administration;0.7855554819107056;RDF101;Mathematics and statistics;0.457962304353714;RDF202;Industrial, systems and processes engineering;0.43771085143089294;RDF212;Other engineering and technologies;0.23235368728637695;RDF203;Electrical engineering, computer engineering, and information engineering;0.19567091763019562
757;Inhabiting altered worlds: sensory experiences following traumatic brain injuries (Mutidisciplinary or interdisciplinary social sciences);RDF50;Social sciences;0.9000192880630493;RDF30;Medical, health and life sciences;0.06822603940963745;RDF60;Humanities and the arts;0.017981262877583504;RDF504;Sociology and related studies;0.934035062789917;RDF501;Psychology and cognitive sciences;0.6409168243408203;RDF509;Other social sciences;0.5090093612670898;RDF305;Other medical sciences;0.11412147432565689;RDF605;Other humanities;0.09097748249769211
758;Microtubule alterations in progressive supranuclear palsy;RDF30;Medical, health and life sciences;0.7958021759986877;RDF10;Natural sciences;0.1834278404712677;RDF20-21;Engineering and technology;0.009540276601910591;RDF303;Health sciences;0.9377830028533936;RDF106;Biological sciences;0.8737544417381287;RDF207;Medical and biomedical engineering;0.8629302382469177;RDF304;Medical biotechnology;0.8051729798316956;RDF302;Clinical medicine;0.7369216084480286
759;Improving reproducibility in MRI with vendor-neutral acquisitions and transparent workflows;RDF20-21;Engineering and technology;0.7332979440689087;RDF30;Medical, health and life sciences;0.2093765139579773;RDF10;Natural sciences;0.046332020312547684;RDF207;Medical and biomedical engineering;0.839602530002594;RDF304;Medical biotechnology;0.7715854048728943;RDF103;Physical sciences;0.6768869161605835;RDF303;Health sciences;0.6368331909179688;RDF203;Electrical engineering, computer engineering, and information engineering;0.4123082756996155
760;Investigation of Metal Organic Frameworks for Renewable Energy Electrocatalysis (Chemistry);RDF10;Natural sciences;0.9172350764274597;RDF20-21;Engineering and technology;0.03278007730841637;RDF30;Medical, health and life sciences;0.020077234134078026;RDF104;Chemical sciences;0.9987156987190247;RDF205;Chemical engineering;0.26459580659866333;RDF107;Other natural sciences;0.025809621438384056;RDF103;Physical sciences;0.02165667712688446;RDF211;Nano-technology;0.01590639166533947
761;FLUIDELELASTIC INSTABILITY, VORTEX-INDUCED VIBRATION AND SYMMETRY BREAKING IN HELICAL ARRAYS OF CYLINDERS SUBJECTED TO CROSS-FLOW (Mechanical Engineering);RDF20-21;Engineering and technology;0.9520739316940308;RDF10;Natural sciences;0.03139137849211693;RDF30;Medical, health and life sciences;0.007276277057826519;RDF204;Mechanical engineering;0.9934611916542053;RDF103;Physical sciences;0.9184070229530334;RDF206;Materials engineering and resources engineering;0.6877872943878174;RDF212;Other engineering and technologies;0.10475175082683563;RDF107;Other natural sciences;0.025516605004668236
762;4D spheroids identify type I protein arginine methyltransferases as a target in NSCLC (Cancer Biology & Therapeutics);RDF10;Natural sciences;0.5084385871887207;RDF30;Medical, health and life sciences;0.4568755030632019;RDF20-21;Engineering and technology;0.01524891797453165;RDF106;Biological sciences;0.9754602909088135;RDF303;Health sciences;0.7581526637077332;RDF301;Basic medicine and life sciences;0.10293421894311905;RDF305;Other medical sciences;0.06052938848733902;RDF207;Medical and biomedical engineering;0.053502146154642105
763;New perspectives on job search and labour markets;RDF50;Social sciences;0.949088454246521;RDF20-21;Engineering and technology;0.0185223575681448;RDF30;Medical, health and life sciences;0.014825109392404556;RDF502;Economics and business administration;0.9515939950942993;RDF504;Sociology and related studies;0.7909343242645264;RDF507;Social and economic geography;0.4135363698005676;RDF508;Media and communications;0.17674262821674347;RDF509;Other social sciences;0.10443165153265
764;Long time evolution of complex materials : algorithmic developments and applications to metals, semiconductors and proteins (Physics);RDF10;Natural sciences;0.6851671934127808;RDF20-21;Engineering and technology;0.1741703748703003;RDF30;Medical, health and life sciences;0.06332721561193466;RDF103;Physical sciences;0.9990853667259216;RDF206;Materials engineering and resources engineering;0.13986565172672272;RDF107;Other natural sciences;0.028007522225379944;RDF601;History, archaeology and related studies;0.017695315182209015;RDF104;Chemical sciences;0.015365341678261757
765;L'héritage de Pierre Elliott Trudeau;RDF60;Humanities and the arts;0.8978466987609863;RDF50;Social sciences;0.06896458566188812;RDF30;Medical, health and life sciences;0.015448306687176228;RDF601;History, archaeology and related studies;0.9883352518081665;RDF506;Political science and policy administration;0.4787515699863434;RDF605;Other humanities;0.036977555602788925;RDF504;Sociology and related studies;0.028328312560915947;RDF509;Other social sciences;0.0253954716026783
766;A new adaptive-neuroprosthetic treatment to shape post-stroke plasticity and facilitate motor recovery (Biological Systems and Functions);RDF30;Medical, health and life sciences;0.7704026699066162;RDF10;Natural sciences;0.21986353397369385;RDF20-21;Engineering and technology;0.006021586712449789;RDF207;Medical and biomedical engineering;0.9674410223960876;RDF106;Biological sciences;0.9646226167678833;RDF303;Health sciences;0.9526622891426086;RDF304;Medical biotechnology;0.6923820376396179;RDF301;Basic medicine and life sciences;0.591192364692688
767;Une scène élargie, délocalisée et asynchrone : les reconfigurations technologiques de la salle de spectacle au temps du confinement;RDF20-21;Engineering and technology;0.5918154120445251;RDF60;Humanities and the arts;0.2884629964828491;RDF50;Social sciences;0.05247533321380615;RDF604;Arts (arts, history of arts, performing arts, music), architecture and design;0.9366915822029114;RDF212;Other engineering and technologies;0.5642335414886475;RDF203;Electrical engineering, computer engineering, and information engineering;0.22017474472522736;RDF605;Other humanities;0.17057707905769348;RDF504;Sociology and related studies;0.13546065986156464
768;Centre de recherches mathématiques (CRM);RDF20-21;Engineering and technology;0.7031084895133972;RDF10;Natural sciences;0.1587340086698532;RDF50;Social sciences;0.054964255541563034;RDF101;Mathematics and statistics;0.9295044541358948;RDF212;Other engineering and technologies;0.1457221508026123;RDF102;Computer and information sciences;0.13759039342403412;RDF503;Education;0.0693524181842804;RDF103;Physical sciences;0.03861093148589134
769;Application of a brief digital screening tool to address parental and adolescent tobacco and electronic cigarette use in pediatric medical care (Health Services Evaluation & Interventions Research);RDF30;Medical, health and life sciences;0.9445515275001526;RDF50;Social sciences;0.021656803786754608;RDF10;Natural sciences;0.01606256514787674;RDF303;Health sciences;0.997383713722229;RDF302;Clinical medicine;0.5979014039039612;RDF207;Medical and biomedical engineering;0.5324099659919739;RDF304;Medical biotechnology;0.20079264044761658;RDF305;Other medical sciences;0.11581062525510788
770;Hybrid Manufacturing: Digital Machining of Flexible Parts Manufactured with Directed Energy Deposition (DED) Method;RDF20-21;Engineering and technology;0.9779106378555298;RDF10;Natural sciences;0.00834569986909628;RDF30;Medical, health and life sciences;0.007763869594782591;RDF204;Mechanical engineering;0.9860173463821411;RDF202;Industrial, systems and processes engineering;0.8975157737731934;RDF212;Other engineering and technologies;0.11299100518226624;RDF103;Physical sciences;0.11264888942241669;RDF206;Materials engineering and resources engineering;0.07675297558307648
771;Design and management of smart last-mile delivery systems;RDF20-21;Engineering and technology;0.9755849838256836;RDF30;Medical, health and life sciences;0.01022099144756794;RDF10;Natural sciences;0.004865921102464199;RDF102;Computer and information sciences;0.6774740219116211;RDF202;Industrial, systems and processes engineering;0.5407419800758362;RDF203;Electrical engineering, computer engineering, and information engineering;0.3892562687397003;RDF212;Other engineering and technologies;0.17071527242660522;RDF204;Mechanical engineering;0.06136776879429817
772;Food Delocalization in Literary Studies: A Saccharine Aesthetic From the Ruins of Empire (Literature);RDF60;Humanities and the arts;0.9860177040100098;RDF40;Agricultural and veterinary sciences;0.0049856556579470634;RDF30;Medical, health and life sciences;0.004323160741478205;RDF602;Languages and literature;0.9917643666267395;RDF503;Education;0.58927321434021;RDF401;Agriculture, forestry, and fisheries;0.14348748326301575;RDF605;Other humanities;0.11541124433279037;RDF507;Social and economic geography;0.01828179880976677
773;Optimal Climate Policy Mix for Canada: Insights from a Multi-Model Approach;RDF10;Natural sciences;0.43238404393196106;RDF50;Social sciences;0.42588844895362854;RDF20-21;Engineering and technology;0.06791384518146515;RDF105;Earth and related environmental sciences;0.9420819282531738;RDF506;Political science and policy administration;0.9418683648109436;RDF208;Environmental engineering and related engineering;0.5967563390731812;RDF103;Physical sciences;0.15140382945537567;RDF509;Other social sciences;0.1250653862953186
774;La production de recherche au Canada: facteurs individuels, institutionnels et systémiques (Education and social work);RDF50;Social sciences;0.9227291345596313;RDF10;Natural sciences;0.03563860431313515;RDF30;Medical, health and life sciences;0.019490240141749382;RDF504;Sociology and related studies;0.967625081539154;RDF503;Education;0.7693402171134949;RDF509;Other social sciences;0.2827405035495758;RDF506;Political science and policy administration;0.10154489427804947;RDF507;Social and economic geography;0.08306849747896194
775;Soutenir la Professionnalisation dans les ORganismes sporTifs (SPORT);RDF40;Agricultural and veterinary sciences;0.3820526897907257;RDF50;Social sciences;0.3816797733306885;RDF30;Medical, health and life sciences;0.10457497090101242;RDF401;Agriculture, forestry, and fisheries;0.48598843812942505;RDF504;Sociology and related studies;0.2902761995792389;RDF405;Other agricultural sciences;0.18557792901992798;RDF509;Other social sciences;0.1538667529821396;RDF605;Other humanities;0.1487259417772293
776;Identifying innovative responses to problematic gambling among LGBTQ2S+ communities in Canada - A mixed-methods study (Health Impacts of Gambling and Gaming);RDF50;Social sciences;0.7863385081291199;RDF30;Medical, health and life sciences;0.16898158192634583;RDF10;Natural sciences;0.01987878419458866;RDF303;Health sciences;0.9149009585380554;RDF504;Sociology and related studies;0.7279754877090454;RDF501;Psychology and cognitive sciences;0.6914452910423279;RDF207;Medical and biomedical engineering;0.31289464235305786;RDF305;Other medical sciences;0.2848743200302124
777;Intensification and control of cell culture processes (Materials and Chemical Engineering);RDF20-21;Engineering and technology;0.8486816883087158;RDF10;Natural sciences;0.10325885564088821;RDF30;Medical, health and life sciences;0.03678213804960251;RDF205;Chemical engineering;0.8886138796806335;RDF104;Chemical sciences;0.8540953993797302;RDF210;Industrial biotechnology;0.2831367552280426;RDF212;Other engineering and technologies;0.06536579132080078;RDF107;Other natural sciences;0.05227922275662422
778;Les priorités des citoyens quant aux politiques de santé et à l'État-providence (Political science and public administration);RDF50;Social sciences;0.4318605065345764;RDF30;Medical, health and life sciences;0.39244621992111206;RDF10;Natural sciences;0.07049928605556488;RDF506;Political science and policy administration;0.7001265287399292;RDF605;Other humanities;0.04463920742273331;RDF504;Sociology and related studies;0.02409944497048855;RDF509;Other social sciences;0.020100237801671028;RDF303;Health sciences;0.014145104214549065
779;Cyberrange pour soutenir les tests de cybersécurité et de cyberrésilience pour les infrastructures critiques;RDF20-21;Engineering and technology;0.9890764355659485;RDF10;Natural sciences;0.0037020286545157433;RDF50;Social sciences;0.00339717254973948;RDF102;Computer and information sciences;0.9860979914665222;RDF203;Electrical engineering, computer engineering, and information engineering;0.9048188924789429;RDF212;Other engineering and technologies;0.14128141105175018;RDF202;Industrial, systems and processes engineering;0.029118353500962257;RDF201;Civil engineering, maritime engineering, transport engineering, and mining engineering;0.010110844857990742
780;New electrochemical materials breakthrough for energy applications (Materials and Chemical Engineering);RDF20-21;Engineering and technology;0.8826145529747009;RDF10;Natural sciences;0.101573146879673;RDF30;Medical, health and life sciences;0.005548638757318258;RDF104;Chemical sciences;0.9371532797813416;RDF205;Chemical engineering;0.9145963191986084;RDF103;Physical sciences;0.4098849594593048;RDF206;Materials engineering and resources engineering;0.09425999969244003;RDF212;Other engineering and technologies;0.05179748311638832
781;Nonequilibrium Group IV Semiconductor Heterostructures;RDF20-21;Engineering and technology;0.5875716209411621;RDF10;Natural sciences;0.35974574089050293;RDF30;Medical, health and life sciences;0.02546554245054722;RDF103;Physical sciences;0.8982321619987488;RDF104;Chemical sciences;0.8097277283668518;RDF203;Electrical engineering, computer engineering, and information engineering;0.31284216046333313;RDF206;Materials engineering and resources engineering;0.23616372048854828;RDF102;Computer and information sciences;0.2004794031381607
782;Developmental Trajectories in ARID1B-Related Disorders - a Multi-Method Multi-Site Prospective Natural History Study;RDF10;Natural sciences;0.6828797459602356;RDF30;Medical, health and life sciences;0.29658517241477966;RDF50;Social sciences;0.008714520372450352;RDF106;Biological sciences;0.9904220700263977;RDF303;Health sciences;0.8840393424034119;RDF107;Other natural sciences;0.5414618849754333;RDF301;Basic medicine and life sciences;0.4331570267677307;RDF207;Medical and biomedical engineering;0.29844027757644653
783;Mechanisms regulating mRNA localization and localized translation (Genes, Cells and Molecules);RDF10;Natural sciences;0.8927168846130371;RDF30;Medical, health and life sciences;0.09124131500720978;RDF20-21;Engineering and technology;0.005329065024852753;RDF106;Biological sciences;0.948250412940979;RDF301;Basic medicine and life sciences;0.49282124638557434;RDF107;Other natural sciences;0.16079244017601013;RDF303;Health sciences;0.013299492187798023;RDF305;Other medical sciences;0.011158030480146408
784;Dévoiler les tactiques stratégiques de communication pour le changement social : Une exploration approfondie de l'agentivité des responsables des communications et des publics dans la lutte contre les inégalités raciales;RDF50;Social sciences;0.8942276239395142;RDF20-21;Engineering and technology;0.038529690355062485;RDF60;Humanities and the arts;0.02494962327182293;RDF508;Media and communications;0.9803186058998108;RDF504;Sociology and related studies;0.8827314972877502;RDF506;Political science and policy administration;0.7582421898841858;RDF509;Other social sciences;0.276104599237442;RDF605;Other humanities;0.222362220287323
785;Que font les luttes écologistes à la protestation sociale ? Analyse comparée multi-échelles au Canada, en France et aux Pays-Bas (Political science and public administration);RDF50;Social sciences;0.6210016012191772;RDF10;Natural sciences;0.11133944988250732;RDF60;Humanities and the arts;0.10058680921792984;RDF506;Political science and policy administration;0.6240071654319763;RDF504;Sociology and related studies;0.19185706973075867;RDF509;Other social sciences;0.09318171441555023;RDF605;Other humanities;0.09033344686031342;RDF105;Earth and related environmental sciences;0.040502771735191345
786;Maturation of microRNAs targeting alpha-synuclein (Molecular & Cellular Neurosciences);RDF10;Natural sciences;0.4954649806022644;RDF30;Medical, health and life sciences;0.4776487648487091;RDF50;Social sciences;0.010614648461341858;RDF106;Biological sciences;0.9440737962722778;RDF303;Health sciences;0.5852493047714233;RDF304;Medical biotechnology;0.5805601477622986;RDF207;Medical and biomedical engineering;0.2888197600841522;RDF301;Basic medicine and life sciences;0.18772761523723602
787;Privatization, innovation and idiosyncratic volatility: The role of ownership structure and information content;RDF50;Social sciences;0.9138980507850647;RDF20-21;Engineering and technology;0.044663846492767334;RDF10;Natural sciences;0.014471934176981449;RDF502;Economics and business administration;0.9636433124542236;RDF504;Sociology and related studies;0.5871443748474121;RDF506;Political science and policy administration;0.49825289845466614;RDF509;Other social sciences;0.16783154010772705;RDF202;Industrial, systems and processes engineering;0.02658182941377163
788;Thermodynamic and physical property models for the production of greener aluminum alloys;RDF20-21;Engineering and technology;0.6370125412940979;RDF10;Natural sciences;0.3379845917224884;RDF30;Medical, health and life sciences;0.009930954314768314;RDF103;Physical sciences;0.9800530672073364;RDF206;Materials engineering and resources engineering;0.8699910044670105;RDF104;Chemical sciences;0.8507788181304932;RDF205;Chemical engineering;0.722331166267395;RDF212;Other engineering and technologies;0.20386597514152527
789;Contextual factors predicting feasibility and impact of preventive mental health interventions across Canada;RDF30;Medical, health and life sciences;0.4852677583694458;RDF50;Social sciences;0.4171031713485718;RDF10;Natural sciences;0.06869130581617355;RDF303;Health sciences;0.9480103254318237;RDF501;Psychology and cognitive sciences;0.8161866664886475;RDF207;Medical and biomedical engineering;0.5845380425453186;RDF504;Sociology and related studies;0.5229521989822388;RDF101;Mathematics and statistics;0.39015626907348633
790;Between precarity and hospitality: The contentious spaces of migration in North America's borderlands (Geography, urban planning and related fields);RDF50;Social sciences;0.7419300675392151;RDF10;Natural sciences;0.09489750862121582;RDF60;Humanities and the arts;0.08358335494995117;RDF509;Other social sciences;0.43309712409973145;RDF507;Social and economic geography;0.31827324628829956;RDF504;Sociology and related studies;0.2933032512664795;RDF605;Other humanities;0.21419788897037506;RDF506;Political science and policy administration;0.10753116011619568
791;Ecological change and the dynamics of zoonotic disease (Biological Systems and Functions);RDF10;Natural sciences;0.8756301403045654;RDF30;Medical, health and life sciences;0.10679808259010315;RDF40;Agricultural and veterinary sciences;0.015628011897206306;RDF106;Biological sciences;0.9981720447540283;RDF301;Basic medicine and life sciences;0.7281687259674072;RDF105;Earth and related environmental sciences;0.6938880085945129;RDF107;Other natural sciences;0.2685575783252716;RDF403;Veterinary sciences;0.23770862817764282
792;NÉONUM : infrastructure de veille pour la néologie en français québécois (Anthropology, archaeology, linguistics and translation);RDF10;Natural sciences;0.9515448212623596;RDF50;Social sciences;0.01624482311308384;RDF60;Humanities and the arts;0.012750707566738129;RDF601;History, archaeology and related studies;0.9348129630088806;RDF107;Other natural sciences;0.6514103412628174;RDF605;Other humanities;0.6458461880683899;RDF602;Languages and literature;0.14897339046001434;RDF211;Nano-technology;0.07490527629852295
793;Detailed bulk composition analysis of extrasolar objects accreted at the surface of white dwarf stars (Physics);RDF10;Natural sciences;0.9084931015968323;RDF20-21;Engineering and technology;0.04182181507349014;RDF50;Social sciences;0.01863095350563526;RDF103;Physical sciences;0.9992548823356628;RDF104;Chemical sciences;0.07450026273727417;RDF107;Other natural sciences;0.06822642683982849;RDF206;Materials engineering and resources engineering;0.0029065124690532684;RDF212;Other engineering and technologies;0.0012160416226834059
794;Atmospheric measurements and modeling studies to improve understanding of organic and mineral dust aerosols in northern Canada (Chemistry);RDF10;Natural sciences;0.9170956015586853;RDF20-21;Engineering and technology;0.037193480879068375;RDF30;Medical, health and life sciences;0.01866556517779827;RDF104;Chemical sciences;0.9629528522491455;RDF105;Earth and related environmental sciences;0.7332608699798584;RDF103;Physical sciences;0.6173107624053955;RDF107;Other natural sciences;0.14057204127311707;RDF205;Chemical engineering;0.05131994187831879
795;Réfléchir et agir dans l'urgence : l'influence des éléments contextuels sur le processus de jugement et de décision d'infirmier(ère)s (Psychology, linguistics and translation);RDF50;Social sciences;0.5461099147796631;RDF30;Medical, health and life sciences;0.39354029297828674;RDF60;Humanities and the arts;0.023807669058442116;RDF303;Health sciences;0.8852848410606384;RDF603;Philosophy;0.870266854763031;RDF302;Clinical medicine;0.5781803131103516;RDF501;Psychology and cognitive sciences;0.5188775658607483;RDF305;Other medical sciences;0.4933551847934723
796;Interdisciplinary studies of decision-making and motor planning (Biological Systems and Functions);RDF10;Natural sciences;0.6546284556388855;RDF30;Medical, health and life sciences;0.3004433512687683;RDF50;Social sciences;0.02031605690717697;RDF106;Biological sciences;0.9245515465736389;RDF503;Education;0.868882417678833;RDF501;Psychology and cognitive sciences;0.43113502860069275;RDF301;Basic medicine and life sciences;0.3078260123729706;RDF107;Other natural sciences;0.23961614072322845
797;Data-driven theory : adversarial immunodynamics, modelling and machine learning for engineered lymphocytes in the context of cancer immunotherapy;RDF10;Natural sciences;0.3228588402271271;RDF30;Medical, health and life sciences;0.31422698497772217;RDF20-21;Engineering and technology;0.2860370874404907;RDF106;Biological sciences;0.8657925128936768;RDF207;Medical and biomedical engineering;0.44999682903289795;RDF101;Mathematics and statistics;0.3727905750274658;RDF303;Health sciences;0.3623202443122864;RDF304;Medical biotechnology;0.2370898425579071
798;Program for the Development of a Novel Methodology for the Design of Energy Efficient Biorefineries and Industrial Systems (Materials and Chemical Engineering);RDF20-21;Engineering and technology;0.9831979274749756;RDF10;Natural sciences;0.011008006520569324;RDF30;Medical, health and life sciences;0.0017622504383325577;RDF210;Industrial biotechnology;0.9325762391090393;RDF205;Chemical engineering;0.8721297383308411;RDF104;Chemical sciences;0.779909074306488;RDF202;Industrial, systems and processes engineering;0.7756897807121277;RDF206;Materials engineering and resources engineering;0.44186872243881226
799;Underlying neurophysiological mechanisms of non-arthritic chronic painful conditions in cats (Biological Systems and Functions);RDF10;Natural sciences;0.7093082666397095;RDF30;Medical, health and life sciences;0.28324761986732483;RDF40;Agricultural and veterinary sciences;0.00596536323428154;RDF106;Biological sciences;0.9985449314117432;RDF301;Basic medicine and life sciences;0.9824230670928955;RDF402;Animal and dairy sciences;0.8403245210647583;RDF403;Veterinary sciences;0.8258005976676941;RDF107;Other natural sciences;0.659021258354187
800;Influence of folded foliations on the mechanical behavior of rock masses and rock engineering structures;RDF10;Natural sciences;0.9496946930885315;RDF20-21;Engineering and technology;0.025432387366890907;RDF50;Social sciences;0.009032842703163624;RDF105;Earth and related environmental sciences;0.9702962636947632;RDF103;Physical sciences;0.8366212844848633;RDF206;Materials engineering and resources engineering;0.7043635845184326;RDF107;Other natural sciences;0.5507960915565491;RDF204;Mechanical engineering;0.22944886982440948
801;The Th17 Master Regulator RORC2 as a New Target for HIV Immune Therapy and Cure Strategy (Virology & Viral Pathogenesis);RDF30;Medical, health and life sciences;0.47548261284828186;RDF10;Natural sciences;0.4582730233669281;RDF20-21;Engineering and technology;0.029429031535983086;RDF106;Biological sciences;0.7097238302230835;RDF303;Health sciences;0.5102524757385254;RDF304;Medical biotechnology;0.05883060768246651;RDF207;Medical and biomedical engineering;0.050893720239400864;RDF305;Other medical sciences;0.0382860004901886
802;Language Acquisition and Processing in Teen and Adult L1 and L2 (Linguistics and translation);RDF50;Social sciences;0.40773022174835205;RDF60;Humanities and the arts;0.236899733543396;RDF30;Medical, health and life sciences;0.13524529337882996;RDF602;Languages and literature;0.996271014213562;RDF503;Education;0.8773192167282104;RDF501;Psychology and cognitive sciences;0.03989988565444946;RDF605;Other humanities;0.015454241074621677;RDF509;Other social sciences;0.008968053385615349
803;COVID-19 Étude des capacités offertes par les nouvelles formes de regroupements et d'associations d'artistes dans la sortie de crise et le redéploiement des arts à Montréal;RDF60;Humanities and the arts;0.544206976890564;RDF50;Social sciences;0.36715167760849;RDF30;Medical, health and life sciences;0.04968857392668724;RDF604;Arts (arts, history of arts, performing arts, music), architecture and design;0.8593689799308777;RDF504;Sociology and related studies;0.8298370242118835;RDF509;Other social sciences;0.5061947703361511;RDF605;Other humanities;0.5026702284812927;RDF503;Education;0.1602003425359726
804;A 15 months, double-Blind, randomized controlled trial comparing 18 weeks of two doses of Omalizumab to placebo to accelerate a symptom-driven Oral immunotherapy schedule in subjects aged 6 to 25 years with Multiple food allergies (BOOM) (Nutrition, Food & Health);RDF30;Medical, health and life sciences;0.8536333441734314;RDF10;Natural sciences;0.12836122512817383;RDF50;Social sciences;0.006883926689624786;RDF303;Health sciences;0.9781980514526367;RDF106;Biological sciences;0.7676898241043091;RDF302;Clinical medicine;0.6512439250946045;RDF304;Medical biotechnology;0.16749083995819092;RDF305;Other medical sciences;0.16311189532279968
805;Spatial complexity of cardiac cell culture and spatial-temporal bioelectric activity: granularity and mechanical-electrical feedback (Electrical and Computer Engineering);RDF10;Natural sciences;0.4572310149669647;RDF20-21;Engineering and technology;0.41957876086235046;RDF30;Medical, health and life sciences;0.11158519983291626;RDF106;Biological sciences;0.43765825033187866;RDF203;Electrical engineering, computer engineering, and information engineering;0.2429233193397522;RDF107;Other natural sciences;0.20197057723999023;RDF103;Physical sciences;0.19705787301063538;RDF304;Medical biotechnology;0.17328821122646332
806;Peer Effects and Program Take-Up: Evidence from employer-employee linked administrative data;RDF50;Social sciences;0.8621963262557983;RDF20-21;Engineering and technology;0.06500875949859619;RDF30;Medical, health and life sciences;0.04056243225932121;RDF502;Economics and business administration;0.7741568088531494;RDF504;Sociology and related studies;0.46787115931510925;RDF506;Political science and policy administration;0.3887050449848175;RDF501;Psychology and cognitive sciences;0.30985841155052185;RDF101;Mathematics and statistics;0.3027001917362213
807;Evaluation of human gait biomechanics in real-world environments (Biological Systems and Functions);RDF10;Natural sciences;0.6255055069923401;RDF30;Medical, health and life sciences;0.353283554315567;RDF20-21;Engineering and technology;0.00782795064151287;RDF106;Biological sciences;0.9930154085159302;RDF207;Medical and biomedical engineering;0.9067357778549194;RDF301;Basic medicine and life sciences;0.9002670645713806;RDF107;Other natural sciences;0.23274584114551544;RDF305;Other medical sciences;0.15616923570632935
808;Robust and efficient statistical learning algorithms with applications in actuarial science (Mathematics and Statistics);RDF20-21;Engineering and technology;0.6543480157852173;RDF50;Social sciences;0.15100768208503723;RDF10;Natural sciences;0.1388433426618576;RDF101;Mathematics and statistics;0.9960545897483826;RDF102;Computer and information sciences;0.7758596539497375;RDF212;Other engineering and technologies;0.10720358043909073;RDF203;Electrical engineering, computer engineering, and information engineering;0.0978204682469368;RDF103;Physical sciences;0.018107350915670395
809;HumanitéS-AnimalitéS : discours, pratiques et actions sur le monde animal, du Moyen Âge à l'antispécisme;RDF60;Humanities and the arts;0.42649757862091064;RDF50;Social sciences;0.24041450023651123;RDF10;Natural sciences;0.17848649621009827;RDF509;Other social sciences;0.3114268481731415;RDF602;Languages and literature;0.26478588581085205;RDF601;History, archaeology and related studies;0.24540133774280548;RDF504;Sociology and related studies;0.21182414889335632;RDF605;Other humanities;0.19860762357711792
810;Intelligence artificielle appliquée aux soins aigus de l'enfant;RDF20-21;Engineering and technology;0.808777928352356;RDF30;Medical, health and life sciences;0.16665644943714142;RDF50;Social sciences;0.008399242535233498;RDF102;Computer and information sciences;0.9746528267860413;RDF304;Medical biotechnology;0.8991214036941528;RDF207;Medical and biomedical engineering;0.7586894631385803;RDF203;Electrical engineering, computer engineering, and information engineering;0.7199254631996155;RDF212;Other engineering and technologies;0.6836307048797607
811;BUMP: Better Understanding of Model's Performance for more efficient Natural Language Processing (Computer Science);RDF20-21;Engineering and technology;0.9888229370117188;RDF10;Natural sciences;0.005250031594187021;RDF50;Social sciences;0.0024036397226154804;RDF102;Computer and information sciences;0.9947289228439331;RDF203;Electrical engineering, computer engineering, and information engineering;0.8125700354576111;RDF212;Other engineering and technologies;0.10720358043909073;RDF101;Mathematics and statistics;0.03381211683154106;RDF103;Physical sciences;0.01400956604629755
812;Application des réseaux de neurones artificiels et de l'inférence bayésienne à la simulation couplée et à la conception des puits à colonne permanente (Civil, Industrial and Systems Engineering);RDF20-21;Engineering and technology;0.9914746284484863;RDF10;Natural sciences;0.003589811036363244;RDF30;Medical, health and life sciences;0.001746120397001505;RDF102;Computer and information sciences;0.8433153033256531;RDF212;Other engineering and technologies;0.4374104142189026;RDF202;Industrial, systems and processes engineering;0.19868536293506622;RDF203;Electrical engineering, computer engineering, and information engineering;0.061593152582645416;RDF605;Other humanities;0.045649465173482895
813;Identification of MYC-dependent vulnerabilities in breast cancer (Molecular & Cellular Biology of Cancer);RDF30;Medical, health and life sciences;0.6481235027313232;RDF10;Natural sciences;0.32534047961235046;RDF50;Social sciences;0.010399493388831615;RDF106;Biological sciences;0.9829710125923157;RDF303;Health sciences;0.8474634885787964;RDF301;Basic medicine and life sciences;0.08240149915218353;RDF305;Other medical sciences;0.06261702626943588;RDF107;Other natural sciences;0.05434910207986832
814;Topological quantum optics (Physics);RDF10;Natural sciences;0.49050629138946533;RDF20-21;Engineering and technology;0.35468122363090515;RDF30;Medical, health and life sciences;0.046615008264780045;RDF103;Physical sciences;0.9993294477462769;RDF503;Education;0.006917242426425219;RDF101;Mathematics and statistics;0.004182493779808283;RDF212;Other engineering and technologies;0.0037800956051796675;RDF107;Other natural sciences;0.0031788658816367388
815;Demand Driven - MRP : mode éphèmère ou lien sérieux entres les méthodes flux poussé et flux tiré ? (Civil, Industrial and Systems Engineering);RDF20-21;Engineering and technology;0.9904202222824097;RDF10;Natural sciences;0.004266798030585051;RDF50;Social sciences;0.002921091625466943;RDF202;Industrial, systems and processes engineering;0.9226915836334229;RDF212;Other engineering and technologies;0.13011951744556427;RDF101;Mathematics and statistics;0.047425877302885056;RDF204;Mechanical engineering;0.03934250399470329;RDF103;Physical sciences;0.03403615206480026
816;Model atmosphere analysis of white dwarfs in the Sloan Digital Sky Survey footprint of Gaia: the definitive work (Physics);RDF10;Natural sciences;0.7240901589393616;RDF20-21;Engineering and technology;0.19882705807685852;RDF50;Social sciences;0.029989097267389297;RDF103;Physical sciences;0.9984542727470398;RDF107;Other natural sciences;0.030185988172888756;RDF101;Mathematics and statistics;0.0071352520026266575;RDF104;Chemical sciences;0.005343256052583456;RDF212;Other engineering and technologies;0.0048863752745091915
817;Les politiques de différenciation et diversification des parcours vers et dans l'enseignement supérieur au Québec : quels effets sur la justice scolaire et sociale? (Education and social work);RDF50;Social sciences;0.9223256707191467;RDF30;Medical, health and life sciences;0.021606454625725746;RDF60;Humanities and the arts;0.021522220224142075;RDF503;Education;0.9825239777565002;RDF504;Sociology and related studies;0.8211158514022827;RDF506;Political science and policy administration;0.37150707840919495;RDF509;Other social sciences;0.21875281631946564;RDF605;Other humanities;0.15316878259181976
818;Development of high performance PLA based nanocomposites (Materials and Chemical Engineering);RDF20-21;Engineering and technology;0.9743766188621521;RDF10;Natural sciences;0.020006470382213593;RDF30;Medical, health and life sciences;0.0026786515954881907;RDF104;Chemical sciences;0.9645558595657349;RDF205;Chemical engineering;0.9616420865058899;RDF211;Nano-technology;0.9413314461708069;RDF103;Physical sciences;0.3589707911014557;RDF206;Materials engineering and resources engineering;0.1276526153087616
819;Introducing specificity and sensitivity in imaging mass spectrometry (Chemistry);RDF10;Natural sciences;0.8677223324775696;RDF20-21;Engineering and technology;0.09840719401836395;RDF30;Medical, health and life sciences;0.019914690405130386;RDF104;Chemical sciences;0.995643138885498;RDF205;Chemical engineering;0.8327133655548096;RDF212;Other engineering and technologies;0.047425877302885056;RDF107;Other natural sciences;0.04484790191054344;RDF103;Physical sciences;0.03750274330377579
820;Is cannabis a useful adjunct in the treatment of symptoms of persons with multiple sclerosis? A formal trial of CBD and THC for the control of spasticity and other symptoms: assessing the clinical effects and the basic mechanisms;RDF30;Medical, health and life sciences;0.814153790473938;RDF10;Natural sciences;0.15376126766204834;RDF50;Social sciences;0.022516731172800064;RDF303;Health sciences;0.9813286066055298;RDF302;Clinical medicine;0.9473323225975037;RDF207;Medical and biomedical engineering;0.5585377216339111;RDF106;Biological sciences;0.45147767663002014;RDF305;Other medical sciences;0.3325271010398865
821;Investigation of the antineoplastic effect of miRNA-181a and development a novel pharmaceutical approaches for treating advanced retinoblastoma (Cancer Biology & Therapeutics);RDF10;Natural sciences;0.551075279712677;RDF30;Medical, health and life sciences;0.4295971989631653;RDF50;Social sciences;0.006869599223136902;RDF106;Biological sciences;0.9462003111839294;RDF303;Health sciences;0.8649391531944275;RDF207;Medical and biomedical engineering;0.09227796643972397;RDF301;Basic medicine and life sciences;0.0823276937007904;RDF304;Medical biotechnology;0.06091928482055664
822;From spatial community ecology to landscape genetics and genomics (Evolution and Ecology);RDF10;Natural sciences;0.9750581979751587;RDF30;Medical, health and life sciences;0.012095684185624123;RDF50;Social sciences;0.005935401655733585;RDF106;Biological sciences;0.9692660570144653;RDF105;Earth and related environmental sciences;0.9601001143455505;RDF107;Other natural sciences;0.5603429079055786;RDF503;Education;0.09877258539199829;RDF301;Basic medicine and life sciences;0.06418264657258987
823;Structural Safety Assessment and Strengthening of Concrete Dams and Gated Spillways Subjected to Severe Loading Conditions (Civil, Industrial and Systems Engineering);RDF20-21;Engineering and technology;0.992953896522522;RDF10;Natural sciences;0.00417861994355917;RDF50;Social sciences;0.0011490844190120697;RDF105;Earth and related environmental sciences;0.16138631105422974;RDF201;Civil engineering, maritime engineering, transport engineering, and mining engineering;0.1605948656797409;RDF103;Physical sciences;0.14959348738193512;RDF202;Industrial, systems and processes engineering;0.042562730610370636;RDF212;Other engineering and technologies;0.027716560289263725
824;Voix empruntées. Pratiques de la citation littéraire dans la Première Modernité (1595-1692) (Literature);RDF60;Humanities and the arts;0.9833018183708191;RDF50;Social sciences;0.006009009666740894;RDF30;Medical, health and life sciences;0.004018529783934355;RDF602;Languages and literature;0.9988120794296265;RDF503;Education;0.4546045660972595;RDF605;Other humanities;0.04165676608681679;RDF508;Media and communications;0.005763726774603128;RDF601;History, archaeology and related studies;0.0037580940406769514
825;Brain connectivity-based optimization of non-invasive brain stimulation to improve cognitive symptoms in schizophrenia (Behavioural Sciences – Clinical Behavioural Sciences);RDF30;Medical, health and life sciences;0.7998394966125488;RDF10;Natural sciences;0.09452959895133972;RDF50;Social sciences;0.04937770217657089;RDF303;Health sciences;0.919498085975647;RDF501;Psychology and cognitive sciences;0.9153560400009155;RDF207;Medical and biomedical engineering;0.30549007654190063;RDF305;Other medical sciences;0.10975348204374313;RDF106;Biological sciences;0.06435883790254593
826;Procedural Creation and Real-time Display of Realistic Complex Scenes (Computer Science);RDF20-21;Engineering and technology;0.9866926670074463;RDF10;Natural sciences;0.005018387455493212;RDF60;Humanities and the arts;0.003103839233517647;RDF102;Computer and information sciences;0.9923638105392456;RDF203;Electrical engineering, computer engineering, and information engineering;0.9389688372612;RDF212;Other engineering and technologies;0.09859886765480042;RDF202;Industrial, systems and processes engineering;0.019069157540798187;RDF503;Education;0.01805533468723297
827;Social hierarchies and the non-verbal communication of pain;RDF50;Social sciences;0.9439820647239685;RDF30;Medical, health and life sciences;0.04006243869662285;RDF60;Humanities and the arts;0.00602200161665678;RDF504;Sociology and related studies;0.9890130758285522;RDF501;Psychology and cognitive sciences;0.9264370203018188;RDF603;Philosophy;0.6340336203575134;RDF509;Other social sciences;0.2746431231498718;RDF303;Health sciences;0.18395984172821045
828;Next generation immunopeptidomics (Chemistry);RDF10;Natural sciences;0.7140170335769653;RDF30;Medical, health and life sciences;0.16737273335456848;RDF20-21;Engineering and technology;0.08556914329528809;RDF104;Chemical sciences;0.9860442280769348;RDF304;Medical biotechnology;0.6665510535240173;RDF205;Chemical engineering;0.6469064950942993;RDF303;Health sciences;0.0694785788655281;RDF207;Medical and biomedical engineering;0.05813159421086311
829;Income security in retirement: perceptions, incentives and behaviours;RDF50;Social sciences;0.9220128655433655;RDF30;Medical, health and life sciences;0.028005994856357574;RDF20-21;Engineering and technology;0.017594296485185623;RDF502;Economics and business administration;0.9310874938964844;RDF504;Sociology and related studies;0.4038313031196594;RDF509;Other social sciences;0.1750439703464508;RDF501;Psychology and cognitive sciences;0.10889764875173569;RDF101;Mathematics and statistics;0.0768222063779831
830;Decision awareness in learning for control;RDF50;Social sciences;0.6396686434745789;RDF20-21;Engineering and technology;0.22975751757621765;RDF30;Medical, health and life sciences;0.07415556162595749;RDF501;Psychology and cognitive sciences;0.9516839385032654;RDF503;Education;0.92950439453125;RDF506;Political science and policy administration;0.639510989189148;RDF603;Philosophy;0.496955931186676;RDF502;Economics and business administration;0.17356820404529572
831;Multimethod UX triangulated approach for multiuser interface evaluation (Civil, Industrial and Systems Engineering);RDF20-21;Engineering and technology;0.9936110377311707;RDF10;Natural sciences;0.0020538277458399534;RDF50;Social sciences;0.0020338683389127254;RDF102;Computer and information sciences;0.5868780016899109;RDF212;Other engineering and technologies;0.21992330253124237;RDF202;Industrial, systems and processes engineering;0.19505688548088074;RDF602;Languages and literature;0.021718835458159447;RDF101;Mathematics and statistics;0.015648599714040756
832;Understanding Drug Exceptional Access Programs (DEAPs) Across Canada: A Question of Equity (Mutidisciplinary or interdisciplinary social sciences);RDF50;Social sciences;0.9557627439498901;RDF30;Medical, health and life sciences;0.03562184050679207;RDF10;Natural sciences;0.0030658417381346226;RDF504;Sociology and related studies;0.9591925144195557;RDF509;Other social sciences;0.49079999327659607;RDF303;Health sciences;0.2780607044696808;RDF506;Political science and policy administration;0.06656919419765472;RDF305;Other medical sciences;0.05028397589921951
833;Geroscience: A novel interdisciplinary approach for research on aging;RDF30;Medical, health and life sciences;0.459330290555954;RDF10;Natural sciences;0.3071025311946869;RDF50;Social sciences;0.1920039802789688;RDF303;Health sciences;0.7321133017539978;RDF106;Biological sciences;0.5875586271286011;RDF301;Basic medicine and life sciences;0.35398632287979126;RDF305;Other medical sciences;0.22143486142158508;RDF509;Other social sciences;0.16858302056789398
834;Advanced computational platform for permafrost geomechanical modeling and climate impact assessment of northern infrastructure;RDF20-21;Engineering and technology;0.9500696659088135;RDF10;Natural sciences;0.04119643568992615;RDF50;Social sciences;0.004061113577336073;RDF105;Earth and related environmental sciences;0.9649543166160583;RDF103;Physical sciences;0.7983440160751343;RDF102;Computer and information sciences;0.6779006123542786;RDF204;Mechanical engineering;0.645957887172699;RDF203;Electrical engineering, computer engineering, and information engineering;0.4021573066711426
835;Hybrid artificial intelligence methods for combinatorial optimization;RDF20-21;Engineering and technology;0.9747386574745178;RDF30;Medical, health and life sciences;0.008078455924987793;RDF10;Natural sciences;0.007442221511155367;RDF102;Computer and information sciences;0.9831822514533997;RDF203;Electrical engineering, computer engineering, and information engineering;0.7550956010818481;RDF212;Other engineering and technologies;0.16694685816764832;RDF101;Mathematics and statistics;0.07094483077526093;RDF202;Industrial, systems and processes engineering;0.04447291046380997
836;Leveraging high-volume data to characterize age and individual-specific vital signs and to develop novel geriatric vital signs that optimally predict clinical outcomes in older adults;RDF30;Medical, health and life sciences;0.8320170044898987;RDF10;Natural sciences;0.08637654781341553;RDF50;Social sciences;0.041302505880594254;RDF303;Health sciences;0.9868786931037903;RDF207;Medical and biomedical engineering;0.8946974873542786;RDF106;Biological sciences;0.5141677856445312;RDF302;Clinical medicine;0.4595232903957367;RDF304;Medical biotechnology;0.3751053810119629
837;Interactions between cortical stimulation and prefrontal population dynamics (Behavioural Sciences – Behavioural Studies, Neuroscience and Cognition);RDF10;Natural sciences;0.39536431431770325;RDF30;Medical, health and life sciences;0.307609498500824;RDF50;Social sciences;0.2051123082637787;RDF501;Psychology and cognitive sciences;0.8720752596855164;RDF106;Biological sciences;0.03659692034125328;RDF107;Other natural sciences;0.026657739654183388;RDF305;Other medical sciences;0.025083141401410103;RDF303;Health sciences;0.0232419241219759
838;Coupled Aquatic Biogeochemical Cycles in the Anthropocene (Evolution and Ecology);RDF10;Natural sciences;0.988183856010437;RDF30;Medical, health and life sciences;0.005487701389938593;RDF50;Social sciences;0.0024067822378128767;RDF105;Earth and related environmental sciences;0.9793540239334106;RDF106;Biological sciences;0.9763330817222595;RDF107;Other natural sciences;0.18068420886993408;RDF209;Environmental biotechnology;0.036049988120794296;RDF104;Chemical sciences;0.03010033629834652
839;Electrically and Optically Active Nanostructures and Interfaces (Chemistry);RDF10;Natural sciences;0.8371499180793762;RDF20-21;Engineering and technology;0.12095672637224197;RDF30;Medical, health and life sciences;0.02160179801285267;RDF104;Chemical sciences;0.9936487674713135;RDF211;Nano-technology;0.9890554547309875;RDF205;Chemical engineering;0.7196299433708191;RDF203;Electrical engineering, computer engineering, and information engineering;0.13061775267124176;RDF103;Physical sciences;0.08464395999908447
840;Performance mécanique à long terme des assemblages collés et boulonnés;RDF20-21;Engineering and technology;0.9733278155326843;RDF60;Humanities and the arts;0.00982586108148098;RDF10;Natural sciences;0.005913306958973408;RDF204;Mechanical engineering;0.9963712692260742;RDF103;Physical sciences;0.36108022928237915;RDF212;Other engineering and technologies;0.12581531703472137;RDF202;Industrial, systems and processes engineering;0.09868569672107697;RDF206;Materials engineering and resources engineering;0.027402503415942192
841;Optimization models and algorithms for complex production planning problems (Civil, Industrial and Systems Engineering);RDF20-21;Engineering and technology;0.9968124628067017;RDF10;Natural sciences;0.0013565615518018603;RDF50;Social sciences;0.0008195884292945266;RDF202;Industrial, systems and processes engineering;0.7094219326972961;RDF101;Mathematics and statistics;0.1465141475200653;RDF212;Other engineering and technologies;0.07356304675340652;RDF102;Computer and information sciences;0.0629042461514473;RDF201;Civil engineering, maritime engineering, transport engineering, and mining engineering;0.034326303750276566
842;Development of an accessible integrated computational protein design software suite (Genes, Cells and Molecules);RDF20-21;Engineering and technology;0.4219295382499695;RDF10;Natural sciences;0.4000604450702667;RDF30;Medical, health and life sciences;0.15624575316905975;RDF106;Biological sciences;0.9174506664276123;RDF301;Basic medicine and life sciences;0.2547406554222107;RDF212;Other engineering and technologies;0.11128949373960495;RDF102;Computer and information sciences;0.09877259284257889;RDF107;Other natural sciences;0.08525124192237854
843;Social economy embedding circular economy: theory, practice and potential;RDF50;Social sciences;0.9442998170852661;RDF20-21;Engineering and technology;0.02991306409239769;RDF30;Medical, health and life sciences;0.011036688461899757;RDF502;Economics and business administration;0.9473810195922852;RDF504;Sociology and related studies;0.8959786295890808;RDF507;Social and economic geography;0.7091701626777649;RDF509;Other social sciences;0.10150034725666046;RDF603;Philosophy;0.04088399186730385
844;Complex genetics of hypertrophic cardiomyopathy: Towards an integration of polygenic risk in clinical care (Clinical Investigation – Cardiovascular Systems);RDF30;Medical, health and life sciences;0.9427922368049622;RDF10;Natural sciences;0.0405033603310585;RDF50;Social sciences;0.005784002598375082;RDF303;Health sciences;0.9797258973121643;RDF302;Clinical medicine;0.9142141342163086;RDF106;Biological sciences;0.8674293160438538;RDF301;Basic medicine and life sciences;0.094845250248909;RDF207;Medical and biomedical engineering;0.05444957688450813
845;MERMAIDS: Multichannel ERbium-yeterbiuM AmplIfied high power combiner Devices for Space communications;RDF20-21;Engineering and technology;0.9698279500007629;RDF10;Natural sciences;0.018798165023326874;RDF30;Medical, health and life sciences;0.005846192128956318;RDF508;Media and communications;0.7908535599708557;RDF103;Physical sciences;0.7559073567390442;RDF206;Materials engineering and resources engineering;0.7312985062599182;RDF104;Chemical sciences;0.5507735013961792;RDF204;Mechanical engineering;0.323219895362854
846;Medium Chain Triglycerides and Ketogenesis (Biological Systems and Functions);RDF10;Natural sciences;0.7305631041526794;RDF30;Medical, health and life sciences;0.2604902982711792;RDF40;Agricultural and veterinary sciences;0.005385226104408503;RDF106;Biological sciences;0.9931495785713196;RDF301;Basic medicine and life sciences;0.9499486684799194;RDF303;Health sciences;0.718248724937439;RDF107;Other natural sciences;0.6210526823997498;RDF207;Medical and biomedical engineering;0.08850466459989548
847;Impact of Vitamin C on the Reduction of Opioid Consumption After an Emergency Department Visit for Acute Musculoskeletal Pain: A Double-Blind Randomized Control Trial;RDF30;Medical, health and life sciences;0.8087301850318909;RDF10;Natural sciences;0.16026249527931213;RDF50;Social sciences;0.024781905114650726;RDF303;Health sciences;0.9925681948661804;RDF302;Clinical medicine;0.9258356690406799;RDF106;Biological sciences;0.8292847275733948;RDF207;Medical and biomedical engineering;0.5596360564231873;RDF107;Other natural sciences;0.3016190826892853
848;Towards organs-on-paper: building smart paper chips for modern biomedical research;RDF30;Medical, health and life sciences;0.4187951385974884;RDF20-21;Engineering and technology;0.401573121547699;RDF10;Natural sciences;0.1654503047466278;RDF207;Medical and biomedical engineering;0.9698997139930725;RDF106;Biological sciences;0.9697281122207642;RDF304;Medical biotechnology;0.9668827056884766;RDF303;Health sciences;0.8221890926361084;RDF301;Basic medicine and life sciences;0.43417635560035706
849;Ultrafast Functional Ultrasound Imaging of the Brain (Genes, Cells and Molecules);RDF30;Medical, health and life sciences;0.5091665983200073;RDF10;Natural sciences;0.4338153600692749;RDF20-21;Engineering and technology;0.04514699429273605;RDF106;Biological sciences;0.8902942538261414;RDF207;Medical and biomedical engineering;0.8666976690292358;RDF303;Health sciences;0.640129804611206;RDF304;Medical biotechnology;0.48616430163383484;RDF103;Physical sciences;0.29128319025039673
850;Les trajectoires professionnelles des policiers du Québec : phase 2 (Law and criminology);RDF50;Social sciences;0.9053269028663635;RDF10;Natural sciences;0.02556329406797886;RDF60;Humanities and the arts;0.020701786503195763;RDF505;Law and legal practice;0.8419556617736816;RDF506;Political science and policy administration;0.18639107048511505;RDF503;Education;0.08640053123235703;RDF504;Sociology and related studies;0.06131153553724289;RDF509;Other social sciences;0.05948282778263092
851;Redefining blood pressure: How novel views of the arterial tree can lead to better cardiovascular risk stratification (Clinical Investigation – Cardiovascular Systems);RDF30;Medical, health and life sciences;0.9540292024612427;RDF10;Natural sciences;0.027651464566588402;RDF50;Social sciences;0.007723657879978418;RDF303;Health sciences;0.9818578958511353;RDF302;Clinical medicine;0.9244833588600159;RDF207;Medical and biomedical engineering;0.8354835510253906;RDF106;Biological sciences;0.36559823155403137;RDF304;Medical biotechnology;0.16995622217655182
852;Reducing the burden of hypoglycemia for persons living with type 1 diabetes;RDF30;Medical, health and life sciences;0.9126378893852234;RDF50;Social sciences;0.046108052134513855;RDF10;Natural sciences;0.028966613113880157;RDF303;Health sciences;0.9836441278457642;RDF207;Medical and biomedical engineering;0.8758400678634644;RDF302;Clinical medicine;0.8467678427696228;RDF106;Biological sciences;0.504600465297699;RDF304;Medical biotechnology;0.0947614312171936
853;The energy-based and feature tracking motion systems and their interactions (Biological Systems and Functions);RDF10;Natural sciences;0.87629234790802;RDF30;Medical, health and life sciences;0.10366641730070114;RDF20-21;Engineering and technology;0.009144931100308895;RDF106;Biological sciences;0.9414392113685608;RDF107;Other natural sciences;0.727540135383606;RDF207;Medical and biomedical engineering;0.5461860299110413;RDF301;Basic medicine and life sciences;0.5395519733428955;RDF303;Health sciences;0.06278920918703079
854;Adoptive transfers of in vitro differentiated plasmacytoid dendritic cells to prevent acute lymphoblastic leukemia relapse: mechanisms and biomarkers of sensitivity (Cancer Progression & Therapeutics);RDF30;Medical, health and life sciences;0.7892999053001404;RDF10;Natural sciences;0.1640385389328003;RDF20-21;Engineering and technology;0.025297779589891434;RDF303;Health sciences;0.9450454711914062;RDF106;Biological sciences;0.915128767490387;RDF207;Medical and biomedical engineering;0.5412118434906006;RDF304;Medical biotechnology;0.37390437722206116;RDF301;Basic medicine and life sciences;0.0844927579164505
855;Replacement and upgrade of the Optical and Infrared Cameras for Observatoire du Mont-Mégantic (Physics);RDF20-21;Engineering and technology;0.9607815742492676;RDF10;Natural sciences;0.03143196180462837;RDF30;Medical, health and life sciences;0.0028503297362476587;RDF103;Physical sciences;0.9952908158302307;RDF212;Other engineering and technologies;0.1538667529821396;RDF508;Media and communications;0.050893716514110565;RDF203;Electrical engineering, computer engineering, and information engineering;0.028870906680822372;RDF107;Other natural sciences;0.028544152155518532
856;Stochastic Discount Factors, Risk Factors and Performance Evaluation (Economics);RDF50;Social sciences;0.9796127676963806;RDF20-21;Engineering and technology;0.006863516289740801;RDF10;Natural sciences;0.006639367900788784;RDF502;Economics and business administration;0.9736446142196655;RDF101;Mathematics and statistics;0.6833666563034058;RDF509;Other social sciences;0.05037733539938927;RDF506;Political science and policy administration;0.002730896696448326;RDF504;Sociology and related studies;0.0023413405288010836
857;Precision digital twin of production machines for sustained high accuracy and traceable part conformity;RDF20-21;Engineering and technology;0.9951160550117493;RDF30;Medical, health and life sciences;0.0016367345815524459;RDF10;Natural sciences;0.001081815455108881;RDF204;Mechanical engineering;0.9748690724372864;RDF202;Industrial, systems and processes engineering;0.8736466765403748;RDF203;Electrical engineering, computer engineering, and information engineering;0.3319854736328125;RDF103;Physical sciences;0.1143190786242485;RDF212;Other engineering and technologies;0.0770302340388298
858;Non-line-of-sight Imaging for Advanced Automotive Sensing;RDF20-21;Engineering and technology;0.989458441734314;RDF10;Natural sciences;0.004397965967655182;RDF30;Medical, health and life sciences;0.003547696163877845;RDF103;Physical sciences;0.6288064122200012;RDF102;Computer and information sciences;0.391231507062912;RDF203;Electrical engineering, computer engineering, and information engineering;0.3676675260066986;RDF212;Other engineering and technologies;0.34703904390335083;RDF202;Industrial, systems and processes engineering;0.26450079679489136
859;Le nouvel électeur économique (Political science and public administration);RDF50;Social sciences;0.7622590065002441;RDF60;Humanities and the arts;0.061001334339380264;RDF10;Natural sciences;0.05156932398676872;RDF506;Political science and policy administration;0.17426970601081848;RDF503;Education;0.06602513790130615;RDF605;Other humanities;0.04208773002028465;RDF509;Other social sciences;0.02673386037349701;RDF504;Sociology and related studies;0.0038096304051578045
860;CB1 receptors regulate NMJ denervation and repair (Systems & Circuits Neurosciences);RDF10;Natural sciences;0.5846913456916809;RDF30;Medical, health and life sciences;0.3723790645599365;RDF20-21;Engineering and technology;0.017493104562163353;RDF106;Biological sciences;0.7280721068382263;RDF207;Medical and biomedical engineering;0.1872812807559967;RDF301;Basic medicine and life sciences;0.15784955024719238;RDF303;Health sciences;0.10488919913768768;RDF107;Other natural sciences;0.030185988172888756
861;Influence of Lipid Matrix on Ion Channel Oligomerization and Function (Chemistry);RDF10;Natural sciences;0.888006329536438;RDF30;Medical, health and life sciences;0.06559570133686066;RDF20-21;Engineering and technology;0.015204569324851036;RDF104;Chemical sciences;0.9948703050613403;RDF107;Other natural sciences;0.04940524324774742;RDF205;Chemical engineering;0.029395705088973045;RDF106;Biological sciences;0.020864255726337433;RDF103;Physical sciences;0.01784873940050602
862;Composition musicale immersive et développement de trajectoires 3D, basées sur l'analyse perceptive (Fine Arts, Research-Creation);RDF60;Humanities and the arts;0.9899954795837402;RDF20-21;Engineering and technology;0.003206815803423524;RDF10;Natural sciences;0.0024111943785101175;RDF604;Arts (arts, history of arts, performing arts, music), architecture and design;0.9365756511688232;RDF605;Other humanities;0.07871317118406296;RDF508;Media and communications;0.0232419241219759;RDF503;Education;0.001987774157896638;RDF212;Other engineering and technologies;0.0019304940942674875
863;Valorisation des données d'exécution de projets (Civil, Industrial and Systems Engineering);RDF20-21;Engineering and technology;0.990805983543396;RDF50;Social sciences;0.0032472731545567513;RDF10;Natural sciences;0.0032283018808811903;RDF202;Industrial, systems and processes engineering;0.5086699724197388;RDF101;Mathematics and statistics;0.41398051381111145;RDF102;Computer and information sciences;0.39741212129592896;RDF201;Civil engineering, maritime engineering, transport engineering, and mining engineering;0.1329079568386078;RDF212;Other engineering and technologies;0.12357699871063232
864;Innovative Steel Braced Frame Systems for Tall Buildings in Seismic Active Regions (Civil, Industrial and Systems Engineering);RDF20-21;Engineering and technology;0.9956008791923523;RDF10;Natural sciences;0.0022557955235242844;RDF50;Social sciences;0.0008282415801659226;RDF202;Industrial, systems and processes engineering;0.1457829475402832;RDF103;Physical sciences;0.13189834356307983;RDF105;Earth and related environmental sciences;0.0918697789311409;RDF212;Other engineering and technologies;0.06853748857975006;RDF201;Civil engineering, maritime engineering, transport engineering, and mining engineering;0.016013750806450844
865;Multiscale modelling of aircraft and rocket emissions using high-fidelity numerical simulations and machine learning;RDF20-21;Engineering and technology;0.9489774703979492;RDF10;Natural sciences;0.04185834899544716;RDF50;Social sciences;0.0040170238353312016;RDF103;Physical sciences;0.9474296569824219;RDF204;Mechanical engineering;0.6746402382850647;RDF208;Environmental engineering and related engineering;0.3843053877353668;RDF212;Other engineering and technologies;0.169956237077713;RDF203;Electrical engineering, computer engineering, and information engineering;0.08670936524868011
866;Coronavirus Crisis Competence Among Sexual and Gender Minorities (Gender, Sex & Health);RDF50;Social sciences;0.5841823816299438;RDF30;Medical, health and life sciences;0.37902265787124634;RDF10;Natural sciences;0.023645715788006783;RDF303;Health sciences;0.8226170539855957;RDF504;Sociology and related studies;0.8166258931159973;RDF605;Other humanities;0.1846204549074173;RDF207;Medical and biomedical engineering;0.16317856311798096;RDF301;Basic medicine and life sciences;0.14457103610038757
867;From Alterlife to Alterfutures: Contemporary Asian Women's Environmental Moving-Image Arts (Multidisciplinary or interdisciplinary humanities);RDF60;Humanities and the arts;0.956424355506897;RDF50;Social sciences;0.01660146191716194;RDF30;Medical, health and life sciences;0.011910966597497463;RDF604;Arts (arts, history of arts, performing arts, music), architecture and design;0.5860490798950195;RDF605;Other humanities;0.25247618556022644;RDF508;Media and communications;0.13072867691516876;RDF503;Education;0.06584469228982925;RDF509;Other social sciences;0.04818153753876686
868;A FOCUS on youth mental health and substance use-related outcomes, inequities and trajectories during COVID-19 and beyond: A mixed-methods study in Canada and France;RDF50;Social sciences;0.7601274251937866;RDF30;Medical, health and life sciences;0.19478841125965118;RDF10;Natural sciences;0.020435532554984093;RDF303;Health sciences;0.7997552752494812;RDF501;Psychology and cognitive sciences;0.7157717943191528;RDF504;Sociology and related studies;0.7104776501655579;RDF305;Other medical sciences;0.3576236367225647;RDF509;Other social sciences;0.24314787983894348
869;Sleep, performance and development (Biological Systems and Functions);RDF30;Medical, health and life sciences;0.5267191529273987;RDF10;Natural sciences;0.4712267220020294;RDF20-21;Engineering and technology;0.0006276613567024469;RDF106;Biological sciences;0.9985392689704895;RDF301;Basic medicine and life sciences;0.9960928559303284;RDF303;Health sciences;0.9652504324913025;RDF207;Medical and biomedical engineering;0.8873998522758484;RDF107;Other natural sciences;0.5032806396484375
870;Molecular insights into the targeting of proteins to the inner nuclear membrane (Genes, Cells and Molecules);RDF10;Natural sciences;0.8902542591094971;RDF30;Medical, health and life sciences;0.09125658124685287;RDF20-21;Engineering and technology;0.008409800939261913;RDF106;Biological sciences;0.9002670645713806;RDF301;Basic medicine and life sciences;0.13061775267124176;RDF107;Other natural sciences;0.07978201657533646;RDF303;Health sciences;0.032161448150873184;RDF305;Other medical sciences;0.026006784290075302
871;Les pratiques pédagogiques qui favorisent l'inclusion socioculturelle et scolaire d'élèves immigrants nouvellement arrivés au Québec : regards croisés d'enseignants et d'élèves (Education and social work);RDF50;Social sciences;0.8639748692512512;RDF30;Medical, health and life sciences;0.051224928349256516;RDF60;Humanities and the arts;0.03639492765069008;RDF503;Education;0.9752725958824158;RDF509;Other social sciences;0.1629786491394043;RDF504;Sociology and related studies;0.16033175587654114;RDF605;Other humanities;0.10837754607200623;RDF305;Other medical sciences;0.016013750806450844
872;Control of collective dynamics via mean field and and inverse mean field game theory;RDF50;Social sciences;0.5078364610671997;RDF10;Natural sciences;0.2292214035987854;RDF20-21;Engineering and technology;0.18053394556045532;RDF101;Mathematics and statistics;0.8696038722991943;RDF103;Physical sciences;0.3906211256980896;RDF202;Industrial, systems and processes engineering;0.2650236189365387;RDF506;Political science and policy administration;0.1212688758969307;RDF504;Sociology and related studies;0.10553275048732758
873;#WeFeedYou, and yet...: How are temporary migrant workers' food security, nutrition and health shaped in Quebec's agri-food system - A participatory action research multiple-case study;RDF40;Agricultural and veterinary sciences;0.42724665999412537;RDF50;Social sciences;0.40847864747047424;RDF30;Medical, health and life sciences;0.08456229418516159;RDF401;Agriculture, forestry, and fisheries;0.946793794631958;RDF504;Sociology and related studies;0.8597226738929749;RDF507;Social and economic geography;0.5771379470825195;RDF405;Other agricultural sciences;0.35871803760528564;RDF404;Agricultural biotechnology and food sciences;0.31652769446372986
874;Delinquent or victim? Teenage girls' experiences of child protection intervention due to concerns for sexual exploitation (Education and social work);RDF50;Social sciences;0.9432071447372437;RDF30;Medical, health and life sciences;0.037512585520744324;RDF60;Humanities and the arts;0.006858287379145622;RDF504;Sociology and related studies;0.6983808279037476;RDF505;Law and legal practice;0.2889200448989868;RDF509;Other social sciences;0.10683028399944305;RDF503;Education;0.08086409419775009;RDF605;Other humanities;0.07772742211818695
875;Femmes, genre, (im)mobilités et vies précaires : projet de développement partenarial dans une perspective féministe transnationale et décoloniale;RDF50;Social sciences;0.8078913688659668;RDF60;Humanities and the arts;0.12596815824508667;RDF30;Medical, health and life sciences;0.030361568555235863;RDF605;Other humanities;0.42161136865615845;RDF509;Other social sciences;0.39149317145347595;RDF504;Sociology and related studies;0.38179564476013184;RDF603;Philosophy;0.15259964764118195;RDF507;Social and economic geography;0.13632069528102875
876;La cohésion sociale est-elle possible en situation de crises multiples? L'influence des politiques publiques entourant le coronavirus (2019-nCoV) et les préjugés envers les citoyens et citoyennes d'origine chinoise (Canadian 2019 Novel Coronavirus (2019-nCoV) Rapid Research);RDF50;Social sciences;0.9140878319740295;RDF30;Medical, health and life sciences;0.04858701676130295;RDF10;Natural sciences;0.023335082456469536;RDF504;Sociology and related studies;0.9566342234611511;RDF506;Political science and policy administration;0.9561863541603088;RDF507;Social and economic geography;0.3593641519546509;RDF603;Philosophy;0.347869336605072;RDF509;Other social sciences;0.26114246249198914
877;Coronary angiocrine control of heart regeneration (Cardiovascular System – Heart and Circulation);RDF30;Medical, health and life sciences;0.7218281030654907;RDF10;Natural sciences;0.25612208247184753;RDF20-21;Engineering and technology;0.010478914715349674;RDF303;Health sciences;0.944791316986084;RDF207;Medical and biomedical engineering;0.8787311315536499;RDF106;Biological sciences;0.8601343035697937;RDF304;Medical biotechnology;0.7374891638755798;RDF301;Basic medicine and life sciences;0.15469497442245483
878;Management of public media organizations and society;RDF50;Social sciences;0.8555551171302795;RDF60;Humanities and the arts;0.0500125028192997;RDF20-21;Engineering and technology;0.03745763376355171;RDF508;Media and communications;0.9723622798919678;RDF506;Political science and policy administration;0.8389438390731812;RDF504;Sociology and related studies;0.19284318387508392;RDF509;Other social sciences;0.07709969580173492;RDF605;Other humanities;0.03853849694132805
879;Voters' Identities in their Own Words (Political science and public administration);RDF50;Social sciences;0.8060926198959351;RDF60;Humanities and the arts;0.07519827783107758;RDF30;Medical, health and life sciences;0.0408845953643322;RDF506;Political science and policy administration;0.41176119446754456;RDF504;Sociology and related studies;0.019756918773055077;RDF509;Other social sciences;0.018689310178160667;RDF605;Other humanities;0.01009131595492363;RDF101;Mathematics and statistics;0.0037727474700659513
880;Santé, justice et sécurité au 21e siècle (Philosophy);RDF50;Social sciences;0.6106070876121521;RDF30;Medical, health and life sciences;0.32019999623298645;RDF60;Humanities and the arts;0.024715296924114227;RDF603;Philosophy;0.8966140151023865;RDF506;Political science and policy administration;0.5687152147293091;RDF509;Other social sciences;0.26731252670288086;RDF605;Other humanities;0.23458193242549896;RDF505;Law and legal practice;0.108802929520607
881;Role of ATP-P2X7 axis in pathogenesis of ventilator induced lung injury (Respiratory System);RDF30;Medical, health and life sciences;0.5956695675849915;RDF10;Natural sciences;0.38647565245628357;RDF20-21;Engineering and technology;0.00583973852917552;RDF106;Biological sciences;0.9719125628471375;RDF303;Health sciences;0.9283438324928284;RDF301;Basic medicine and life sciences;0.7105780839920044;RDF207;Medical and biomedical engineering;0.6667138338088989;RDF304;Medical biotechnology;0.24789638817310333
882;Mitochondrial epigenetics and ORFan genes: exploiting the mitochondrial genetic system to fuel phenotypic variation and functional novelties (Genes, Cells and Molecules);RDF10;Natural sciences;0.8679522275924683;RDF30;Medical, health and life sciences;0.104730524122715;RDF50;Social sciences;0.009372842498123646;RDF106;Biological sciences;0.9807103872299194;RDF301;Basic medicine and life sciences;0.12421301007270813;RDF107;Other natural sciences;0.10941995680332184;RDF305;Other medical sciences;0.046076808124780655;RDF303;Health sciences;0.04248320683836937
883;PeerOnCall as a catalyst for a peer support program based on psychological first aid: a feasibility study among the Sûreté du Québec (Crisis/Suicide Line and App-based Support Models for post traum. stress in public safety personnel (PSP));RDF50;Social sciences;0.6645203232765198;RDF30;Medical, health and life sciences;0.18312813341617584;RDF20-21;Engineering and technology;0.10424141585826874;RDF501;Psychology and cognitive sciences;0.39656466245651245;RDF305;Other medical sciences;0.14884962141513824;RDF303;Health sciences;0.12673112750053406;RDF509;Other social sciences;0.10795363038778305;RDF212;Other engineering and technologies;0.09203285723924637
884;Computational approaches for analysis and design of complex multiphase flow systems (Mechanical Engineering);RDF20-21;Engineering and technology;0.9920452237129211;RDF10;Natural sciences;0.004452735651284456;RDF30;Medical, health and life sciences;0.0011798575287684798;RDF204;Mechanical engineering;0.999312162399292;RDF206;Materials engineering and resources engineering;0.9254997372627258;RDF103;Physical sciences;0.6926419734954834;RDF212;Other engineering and technologies;0.07263670116662979;RDF102;Computer and information sciences;0.043895527720451355
885;Understanding the limits of risk instruments in an era of climate change: An exploration of the institutional geographies of climate services in Europe (Geography, urban planning and related fields);RDF10;Natural sciences;0.38058868050575256;RDF50;Social sciences;0.24984003603458405;RDF20-21;Engineering and technology;0.18189652264118195;RDF105;Earth and related environmental sciences;0.9491062760353088;RDF208;Environmental engineering and related engineering;0.3630821108818054;RDF509;Other social sciences;0.169956237077713;RDF506;Political science and policy administration;0.15687835216522217;RDF107;Other natural sciences;0.15475885570049286
886;Randomized Double-Blind Placebo-Controlled Clinical Trial to Assess the Efficacy of Mycophenolate Mofetil in Subclinical Interstitial Lung Disease Associated with Systemic Sclerosis: a Feasibility Study;RDF30;Medical, health and life sciences;0.9666411876678467;RDF10;Natural sciences;0.023113777860999107;RDF50;Social sciences;0.004221681971102953;RDF303;Health sciences;0.9894090294837952;RDF302;Clinical medicine;0.9474783539772034;RDF207;Medical and biomedical engineering;0.48805296421051025;RDF106;Biological sciences;0.34240660071372986;RDF305;Other medical sciences;0.2907794415950775
887;Novel transition support program for young people with disabilities and their families: Identifying most important outcomes for program key stakeholders;RDF50;Social sciences;0.5682027339935303;RDF30;Medical, health and life sciences;0.31750962138175964;RDF20-21;Engineering and technology;0.04134426638484001;RDF509;Other social sciences;0.1732182502746582;RDF501;Psychology and cognitive sciences;0.15184350311756134;RDF506;Political science and policy administration;0.14217233657836914;RDF504;Sociology and related studies;0.1291828602552414;RDF305;Other medical sciences;0.11706648766994476
888;Advancing knowledge and developping mechanistic quantitative tools for in vitro-in vivo extrapolations in pharmacokinetics and toxicokinetics (Biological Systems and Functions);RDF10;Natural sciences;0.8191583156585693;RDF30;Medical, health and life sciences;0.17220869660377502;RDF20-21;Engineering and technology;0.0036481309216469526;RDF106;Biological sciences;0.9954083561897278;RDF207;Medical and biomedical engineering;0.35164499282836914;RDF301;Basic medicine and life sciences;0.23022675514221191;RDF107;Other natural sciences;0.21883627772331238;RDF303;Health sciences;0.08122775703668594
889;Modeling and optimization for advanced management of the complex products for the robust circular economy in Canada (Civil, Industrial and Systems Engineering);RDF20-21;Engineering and technology;0.9963884949684143;RDF10;Natural sciences;0.0018570348620414734;RDF50;Social sciences;0.0007576729985885322;RDF202;Industrial, systems and processes engineering;0.7731307744979858;RDF212;Other engineering and technologies;0.0638899877667427;RDF204;Mechanical engineering;0.04126864671707153;RDF103;Physical sciences;0.03941638767719269;RDF104;Chemical sciences;0.022053316235542297
890;Advanced Manufacturing of Intelligent Structures (Mechanical Engineering);RDF20-21;Engineering and technology;0.9970260858535767;RDF10;Natural sciences;0.0012524346821010113;RDF30;Medical, health and life sciences;0.0005439515807665884;RDF204;Mechanical engineering;0.9994956851005554;RDF206;Materials engineering and resources engineering;0.8121234178543091;RDF103;Physical sciences;0.2254166156053543;RDF202;Industrial, systems and processes engineering;0.20063598453998566;RDF212;Other engineering and technologies;0.049497053027153015
891;Multimodal Sensing Guidewire with Random Optical Gratings by Ultraviolet laser Exposure for Peripheral Vascular Interventions (Medical Physics & Imaging);RDF30;Medical, health and life sciences;0.6951136589050293;RDF20-21;Engineering and technology;0.2544103264808655;RDF10;Natural sciences;0.03487910330295563;RDF207;Medical and biomedical engineering;0.9561863541603088;RDF103;Physical sciences;0.9212868213653564;RDF303;Health sciences;0.826151430606842;RDF203;Electrical engineering, computer engineering, and information engineering;0.08014123141765594;RDF305;Other medical sciences;0.07510853558778763
892;Intelligent mobility management in emerging vehicular networks (Computer Science);RDF20-21;Engineering and technology;0.9938595294952393;RDF10;Natural sciences;0.0024683475494384766;RDF30;Medical, health and life sciences;0.0013982054078951478;RDF102;Computer and information sciences;0.9900827407836914;RDF203;Electrical engineering, computer engineering, and information engineering;0.9194257855415344;RDF212;Other engineering and technologies;0.1276526302099228;RDF201;Civil engineering, maritime engineering, transport engineering, and mining engineering;0.04381363466382027;RDF202;Industrial, systems and processes engineering;0.028355203568935394
893;Chemical biology strategies for discovery and profiling of glycan-protein interactions (Chemistry);RDF10;Natural sciences;0.9048492908477783;RDF30;Medical, health and life sciences;0.0700133889913559;RDF20-21;Engineering and technology;0.009415325708687305;RDF104;Chemical sciences;0.9027811884880066;RDF107;Other natural sciences;0.14432966709136963;RDF301;Basic medicine and life sciences;0.05856082960963249;RDF106;Biological sciences;0.03468417376279831;RDF305;Other medical sciences;0.020235322415828705
894;Local and global biomechanical properties of the eye as new glaucoma risk factors (Medical Physics & Imaging);RDF30;Medical, health and life sciences;0.8537940382957458;RDF10;Natural sciences;0.11044569313526154;RDF20-21;Engineering and technology;0.01908511482179165;RDF303;Health sciences;0.9426124691963196;RDF103;Physical sciences;0.7292306423187256;RDF207;Medical and biomedical engineering;0.32044902443885803;RDF305;Other medical sciences;0.1800345778465271;RDF107;Other natural sciences;0.10136684030294418
895;L'accessibilité des médias: éduquer pour ouvrir le dialogue;RDF50;Social sciences;0.6131121516227722;RDF20-21;Engineering and technology;0.16905391216278076;RDF60;Humanities and the arts;0.1262451410293579;RDF508;Media and communications;0.988244891166687;RDF503;Education;0.6958549618721008;RDF506;Political science and policy administration;0.5063015222549438;RDF504;Sociology and related studies;0.2254166305065155;RDF509;Other social sciences;0.1253863126039505
896;Free prior and informed consent, social equity and the forest sector: A comparison of the Forest Stewardship Council certification regime in Canada, Sweden and Russia (Geography, urban planning and related fields);RDF10;Natural sciences;0.5052100419998169;RDF50;Social sciences;0.215176522731781;RDF20-21;Engineering and technology;0.1052791029214859;RDF105;Earth and related environmental sciences;0.8792504668235779;RDF208;Environmental engineering and related engineering;0.46168413758277893;RDF401;Agriculture, forestry, and fisheries;0.27659282088279724;RDF507;Social and economic geography;0.19421492516994476;RDF107;Other natural sciences;0.12929275631904602
897;Water reuse: innovative monitoring technologies for risk reduction (Civil, Industrial and Systems Engineering);RDF20-21;Engineering and technology;0.9821181893348694;RDF10;Natural sciences;0.013611337170004845;RDF50;Social sciences;0.001812649774365127;RDF208;Environmental engineering and related engineering;0.9076401591300964;RDF105;Earth and related environmental sciences;0.9062390327453613;RDF202;Industrial, systems and processes engineering;0.30337050557136536;RDF103;Physical sciences;0.2234617918729782;RDF206;Materials engineering and resources engineering;0.19930799305438995
898;Difficultés psychosociales, scolaires et milieux de vie différentiels d'enfants issus de la diversité ethnoculturelle recevant, ou non, des services de protection de la jeunesse (Education and social work);RDF50;Social sciences;0.9846764206886292;RDF30;Medical, health and life sciences;0.009921030141413212;RDF10;Natural sciences;0.0018971635727211833;RDF504;Sociology and related studies;0.7438198328018188;RDF503;Education;0.19536371529102325;RDF605;Other humanities;0.14953137934207916;RDF509;Other social sciences;0.14953137934207916;RDF507;Social and economic geography;0.09492912143468857
899;Participation jeunesse Autochtone dans la prise de décision en milieu scolaire (Education and social work);RDF50;Social sciences;0.9628778100013733;RDF30;Medical, health and life sciences;0.01495263259857893;RDF60;Humanities and the arts;0.009844555519521236;RDF504;Sociology and related studies;0.9032942056655884;RDF503;Education;0.8644821047782898;RDF506;Political science and policy administration;0.5777038335800171;RDF605;Other humanities;0.27023938298225403;RDF509;Other social sciences;0.16151852905750275
900;Bioinformatics-powered genetic characterization of the impact of biological systems on Alzheimer's disease and neurodegeneration;RDF10;Natural sciences;0.530868411064148;RDF30;Medical, health and life sciences;0.44355711340904236;RDF20-21;Engineering and technology;0.011356470175087452;RDF106;Biological sciences;0.9845309257507324;RDF303;Health sciences;0.6709856986999512;RDF207;Medical and biomedical engineering;0.522179365158081;RDF301;Basic medicine and life sciences;0.4774208962917328;RDF304;Medical biotechnology;0.3676674962043762
901;Identification of functional epigenomic regions in sperm that are environmentally responsive and associate with fertility and embryo development;RDF10;Natural sciences;0.6611722111701965;RDF30;Medical, health and life sciences;0.3067238926887512;RDF50;Social sciences;0.011090886779129505;RDF106;Biological sciences;0.9920927286148071;RDF301;Basic medicine and life sciences;0.6304289698600769;RDF303;Health sciences;0.29254478216171265;RDF107;Other natural sciences;0.2549261152744293;RDF207;Medical and biomedical engineering;0.2233770787715912
902;Le jeu symbolique en classe d'éducation préscolaire 4 ans: Relations entre la pensée sociale, la maturité du jeu et l'acceptation sociale (Education and social work);RDF50;Social sciences;0.8893454074859619;RDF60;Humanities and the arts;0.07951413840055466;RDF30;Medical, health and life sciences;0.01674864999949932;RDF504;Sociology and related studies;0.7682119011878967;RDF503;Education;0.6677979230880737;RDF603;Philosophy;0.6235488057136536;RDF509;Other social sciences;0.13466207683086395;RDF605;Other humanities;0.1252792477607727
903;Evaluation of supervised consumption services in Montreal in the context of COVID-19 (Evaluation of Harm Reduction Approaches to Address the Opioid Crisis);RDF30;Medical, health and life sciences;0.49324044585227966;RDF50;Social sciences;0.4462587833404541;RDF10;Natural sciences;0.030651342123746872;RDF303;Health sciences;0.9304581880569458;RDF207;Medical and biomedical engineering;0.599133312702179;RDF305;Other medical sciences;0.3091801404953003;RDF504;Sociology and related studies;0.25809216499328613;RDF509;Other social sciences;0.25219982862472534
904;Pacing Brain Rhythms (Biological Systems and Functions);RDF10;Natural sciences;0.6352489590644836;RDF30;Medical, health and life sciences;0.36054280400276184;RDF50;Social sciences;0.0014763367362320423;RDF106;Biological sciences;0.9975465536117554;RDF301;Basic medicine and life sciences;0.9723622798919678;RDF207;Medical and biomedical engineering;0.8638516664505005;RDF303;Health sciences;0.7520126104354858;RDF107;Other natural sciences;0.3839299976825714
905;Representation Learning for Lifelong Learning (Computer Science);RDF20-21;Engineering and technology;0.958453357219696;RDF10;Natural sciences;0.016378754749894142;RDF30;Medical, health and life sciences;0.010189682245254517;RDF102;Computer and information sciences;0.9865975975990295;RDF503;Education;0.9802619814872742;RDF203;Electrical engineering, computer engineering, and information engineering;0.7746686339378357;RDF212;Other engineering and technologies;0.13189834356307983;RDF101;Mathematics and statistics;0.007417379412800074
906;Inverse Design by Duality;RDF20-21;Engineering and technology;0.48866891860961914;RDF60;Humanities and the arts;0.2681937515735626;RDF10;Natural sciences;0.09737077355384827;RDF604;Arts (arts, history of arts, performing arts, music), architecture and design;0.8740234375;RDF101;Mathematics and statistics;0.41038697957992554;RDF212;Other engineering and technologies;0.20858165621757507;RDF603;Philosophy;0.15171776711940765;RDF202;Industrial, systems and processes engineering;0.11747085303068161
907;How is cell morphogenesis regulated during mitosis? (Genes, Cells and Molecules);RDF10;Natural sciences;0.9125967621803284;RDF30;Medical, health and life sciences;0.074782595038414;RDF50;Social sciences;0.004309515003114939;RDF106;Biological sciences;0.9913223385810852;RDF301;Basic medicine and life sciences;0.6924340724945068;RDF107;Other natural sciences;0.17349815368652344;RDF503;Education;0.0955180674791336;RDF305;Other medical sciences;0.019400760531425476
908;Superconducting single photon detectors for quantum optics and spectroscopy up to 2.5 microns (Physics);RDF20-21;Engineering and technology;0.538854718208313;RDF10;Natural sciences;0.35755524039268494;RDF50;Social sciences;0.030489299446344376;RDF103;Physical sciences;0.9995443820953369;RDF211;Nano-technology;0.07075197249650955;RDF212;Other engineering and technologies;0.023689471185207367;RDF203;Electrical engineering, computer engineering, and information engineering;0.006413163151592016;RDF102;Computer and information sciences;0.0029752335976809263
909;The effects of neuropsychiatric CNVs on the integrity of brain structure and connectivity (Behavioural Sciences);RDF30;Medical, health and life sciences;0.8123202919960022;RDF10;Natural sciences;0.11074373871088028;RDF50;Social sciences;0.05810195952653885;RDF303;Health sciences;0.9542227387428284;RDF106;Biological sciences;0.9158841967582703;RDF501;Psychology and cognitive sciences;0.8812066316604614;RDF301;Basic medicine and life sciences;0.2543700039386749;RDF207;Medical and biomedical engineering;0.14541850984096527
910;De villes adaptées à la vieillesse aux territoires inclusifs et exempts d'âgisme : vers un changement de perspective sur l'aménagement urbain des municipalités favorisant le vieillissement ?;RDF50;Social sciences;0.7125071287155151;RDF20-21;Engineering and technology;0.132058247923851;RDF30;Medical, health and life sciences;0.05553603917360306;RDF504;Sociology and related studies;0.8082942962646484;RDF507;Social and economic geography;0.6387225985527039;RDF605;Other humanities;0.4359915852546692;RDF506;Political science and policy administration;0.395659476518631;RDF509;Other social sciences;0.3309575319290161
911;Environmental fate of emerging contaminants (Geosciences);RDF10;Natural sciences;0.9840214252471924;RDF30;Medical, health and life sciences;0.005153595004230738;RDF20-21;Engineering and technology;0.004803678952157497;RDF105;Earth and related environmental sciences;0.9951421022415161;RDF208;Environmental engineering and related engineering;0.6250948905944824;RDF107;Other natural sciences;0.12023206055164337;RDF104;Chemical sciences;0.01061142235994339;RDF103;Physical sciences;0.010013571009039879
912;Du disque à l'oeuvre. Musique, arts visuels, cinéma;RDF60;Humanities and the arts;0.9914078116416931;RDF20-21;Engineering and technology;0.0021434295922517776;RDF50;Social sciences;0.0018768496811389923;RDF508;Media and communications;0.25501886010169983;RDF604;Arts (arts, history of arts, performing arts, music), architecture and design;0.20609398186206818;RDF605;Other humanities;0.02931223064661026;RDF503;Education;0.0010342469904571772;RDF201;Civil engineering, maritime engineering, transport engineering, and mining engineering;0.0004247131000738591
913;Decoding the role of DNMT1 in the Inherited Dysregulation of Epigenetic Marks using Embryonic Cells (Genes, Cells and Molecules);RDF10;Natural sciences;0.8260319828987122;RDF30;Medical, health and life sciences;0.1256903111934662;RDF20-21;Engineering and technology;0.020082255825400352;RDF106;Biological sciences;0.9741657972335815;RDF107;Other natural sciences;0.15700756013393402;RDF305;Other medical sciences;0.05561760812997818;RDF303;Health sciences;0.054954543709754944;RDF301;Basic medicine and life sciences;0.04885777831077576
914;Computational Methods for Verification and Validation with Applications in Mechanics (Mechanical Engineering);RDF20-21;Engineering and technology;0.9929366111755371;RDF10;Natural sciences;0.004049987066537142;RDF30;Medical, health and life sciences;0.0009790151380002499;RDF204;Mechanical engineering;0.9985786080360413;RDF103;Physical sciences;0.7976356744766235;RDF102;Computer and information sciences;0.14529718458652496;RDF206;Materials engineering and resources engineering;0.11221037805080414;RDF212;Other engineering and technologies;0.08532741665840149
915;Inter-cellular causality in the formation and degradation of the vascular glycocalyx;RDF10;Natural sciences;0.8424126505851746;RDF30;Medical, health and life sciences;0.12165769189596176;RDF50;Social sciences;0.011343589052557945;RDF106;Biological sciences;0.9367493987083435;RDF301;Basic medicine and life sciences;0.20394523441791534;RDF107;Other natural sciences;0.20094940066337585;RDF305;Other medical sciences;0.07276838272809982;RDF303;Health sciences;0.043325308710336685
916;L'écologie et des paysages combinatoires : vers une collaboration permanente avec la nature (Geography, urban planning and related fields);RDF10;Natural sciences;0.8650063872337341;RDF50;Social sciences;0.039269644767045975;RDF60;Humanities and the arts;0.03821041062474251;RDF105;Earth and related environmental sciences;0.9810037612915039;RDF208;Environmental engineering and related engineering;0.7447027564048767;RDF107;Other natural sciences;0.5638283491134644;RDF605;Other humanities;0.13846179842948914;RDF209;Environmental biotechnology;0.07696083188056946
917;An optimization framework for comparative, multi-species studies of visual systems (Biological Systems and Functions);RDF10;Natural sciences;0.7352578043937683;RDF30;Medical, health and life sciences;0.2538502812385559;RDF20-21;Engineering and technology;0.005377655383199453;RDF106;Biological sciences;0.9937465786933899;RDF301;Basic medicine and life sciences;0.8537299036979675;RDF107;Other natural sciences;0.247214213013649;RDF207;Medical and biomedical engineering;0.04594820737838745;RDF305;Other medical sciences;0.02122640050947666
918;A novel web-based mental health intervention integrating peer support and clinical moderation to enhance recovery and prevent relapse in adults diagnosed with psychotic disorders: A pragmatic feasibility study of Horyzons-Canada (Health Services Evaluation & Interventions Research);RDF30;Medical, health and life sciences;0.8882843255996704;RDF50;Social sciences;0.06561622768640518;RDF20-21;Engineering and technology;0.02084968239068985;RDF303;Health sciences;0.9936116933822632;RDF501;Psychology and cognitive sciences;0.42134347558021545;RDF302;Clinical medicine;0.1114344447851181;RDF305;Other medical sciences;0.10980119556188583;RDF509;Other social sciences;0.053551629185676575
919;Maternal Diabetes Induces Perinatal Programming of Chronic Kidney Disease: The Role of Hedgehog Interacting Protein (Hhip) (Clinical Investigation – Reproduction, Maternal, Child and Youth Health);RDF30;Medical, health and life sciences;0.9635932445526123;RDF10;Natural sciences;0.028688866645097733;RDF50;Social sciences;0.0031212931498885155;RDF303;Health sciences;0.9929609894752502;RDF106;Biological sciences;0.9687972068786621;RDF302;Clinical medicine;0.9138304591178894;RDF304;Medical biotechnology;0.10818894952535629;RDF305;Other medical sciences;0.09773432463407516
920;Urgent Replacement of a Platform for Gaseous Chemistry and Catalysis (Chemistry);RDF20-21;Engineering and technology;0.6987631320953369;RDF10;Natural sciences;0.2575002610683441;RDF30;Medical, health and life sciences;0.0230393223464489;RDF104;Chemical sciences;0.9964550137519836;RDF205;Chemical engineering;0.9690324664115906;RDF201;Civil engineering, maritime engineering, transport engineering, and mining engineering;0.05850701034069061;RDF212;Other engineering and technologies;0.04455598443746567;RDF202;Industrial, systems and processes engineering;0.019568676128983498
921;CAN OSTEOCLAST BIOMARKERS DETECT EXCESSIVE SUBCHONDRAL BONE RESORPTION IN RACEHORSES? (Genes, Cells and Molecules);RDF10;Natural sciences;0.7561618089675903;RDF30;Medical, health and life sciences;0.20977358520030975;RDF40;Agricultural and veterinary sciences;0.02330721914768219;RDF106;Biological sciences;0.9966102242469788;RDF403;Veterinary sciences;0.5611847639083862;RDF107;Other natural sciences;0.45754384994506836;RDF402;Animal and dairy sciences;0.4273518919944763;RDF207;Medical and biomedical engineering;0.3712790906429291
922;Agrégateur numérique de paysages urbains;RDF20-21;Engineering and technology;0.8623760938644409;RDF60;Humanities and the arts;0.0746212899684906;RDF50;Social sciences;0.025712985545396805;RDF102;Computer and information sciences;0.8601343631744385;RDF212;Other engineering and technologies;0.6890963912010193;RDF203;Electrical engineering, computer engineering, and information engineering;0.48189571499824524;RDF605;Other humanities;0.3975582420825958;RDF604;Arts (arts, history of arts, performing arts, music), architecture and design;0.2588408589363098
923;Study of the effect of sex on drugs dosing, concentrations and pharmacogenomics (Gender, Sex & Health);RDF30;Medical, health and life sciences;0.6510648727416992;RDF10;Natural sciences;0.2883445620536804;RDF50;Social sciences;0.04277496784925461;RDF303;Health sciences;0.8279672861099243;RDF104;Chemical sciences;0.7536479830741882;RDF106;Biological sciences;0.6144229769706726;RDF207;Medical and biomedical engineering;0.5540030002593994;RDF304;Medical biotechnology;0.26650041341781616
924;Biosecurity 2.0 for the modern Canadian dairy farm (Biological Systems and Functions);RDF10;Natural sciences;0.632756233215332;RDF30;Medical, health and life sciences;0.2429981827735901;RDF40;Agricultural and veterinary sciences;0.11687679588794708;RDF106;Biological sciences;0.996726930141449;RDF301;Basic medicine and life sciences;0.8785228729248047;RDF401;Agriculture, forestry, and fisheries;0.6238067150115967;RDF404;Agricultural biotechnology and food sciences;0.619097113609314;RDF107;Other natural sciences;0.2763974666595459
925;Et si on revenait à l'étude des comportements de leadership : le rôle du style parental et de la motivation comme prédicteurs des comportements de partage de ressources d'élèves officiers (Psychology, linguistics and translation);RDF50;Social sciences;0.9628818035125732;RDF10;Natural sciences;0.013469116762280464;RDF30;Medical, health and life sciences;0.009532398544251919;RDF503;Education;0.9584988951683044;RDF509;Other social sciences;0.428158700466156;RDF603;Philosophy;0.16118815541267395;RDF504;Sociology and related studies;0.14408862590789795;RDF605;Other humanities;0.11966509371995926
926;Penser le temps de la maladie chronique : l'expertise littéraire à l'appui des pratiques de soin (Literature);RDF60;Humanities and the arts;0.8450176119804382;RDF30;Medical, health and life sciences;0.11877123266458511;RDF50;Social sciences;0.020028773695230484;RDF602;Languages and literature;0.9741904139518738;RDF605;Other humanities;0.42199841141700745;RDF603;Philosophy;0.31885620951652527;RDF503;Education;0.2800253629684448;RDF303;Health sciences;0.09877258539199829
927;Non-releasing alginate hydrogels for analyte sensing and detoxification (Materials and Chemical Engineering);RDF20-21;Engineering and technology;0.8306710720062256;RDF10;Natural sciences;0.1048373132944107;RDF30;Medical, health and life sciences;0.04049740359187126;RDF104;Chemical sciences;0.9666632413864136;RDF205;Chemical engineering;0.9498092532157898;RDF210;Industrial biotechnology;0.16438227891921997;RDF103;Physical sciences;0.09105827659368515;RDF209;Environmental biotechnology;0.0626743733882904
928;Quantifying Indigenous family disruption and resilience at the beginning of the 20th century through historical census data (Sociology, demography and related fields);RDF50;Social sciences;0.9414412975311279;RDF10;Natural sciences;0.031498853117227554;RDF30;Medical, health and life sciences;0.01271426398307085;RDF504;Sociology and related studies;0.9734686613082886;RDF101;Mathematics and statistics;0.7576150894165039;RDF601;History, archaeology and related studies;0.6933172345161438;RDF605;Other humanities;0.25968480110168457;RDF509;Other social sciences;0.17895588278770447
929;The impact of biological sex on the brain language network (Biological Systems and Functions);RDF10;Natural sciences;0.6483628153800964;RDF30;Medical, health and life sciences;0.34738269448280334;RDF50;Social sciences;0.001710781711153686;RDF106;Biological sciences;0.9974737763404846;RDF301;Basic medicine and life sciences;0.9358173608779907;RDF107;Other natural sciences;0.14940722286701202;RDF303;Health sciences;0.12912793457508087;RDF501;Psychology and cognitive sciences;0.030733929947018623
930;Tracking the beat of music: Mechanisms underpinning inter-individual differences and effects on rhythm learning (Biological Systems and Functions);RDF10;Natural sciences;0.8093843460083008;RDF30;Medical, health and life sciences;0.1296914517879486;RDF60;Humanities and the arts;0.03566620498895645;RDF106;Biological sciences;0.9591542482376099;RDF301;Basic medicine and life sciences;0.560703694820404;RDF107;Other natural sciences;0.422608882188797;RDF207;Medical and biomedical engineering;0.2503625452518463;RDF305;Other medical sciences;0.07779745012521744
931;The role of rhythm in the development of speech perception and production (Biological Systems and Functions);RDF10;Natural sciences;0.7996410727500916;RDF30;Medical, health and life sciences;0.17200815677642822;RDF60;Humanities and the arts;0.017822327092289925;RDF106;Biological sciences;0.9720190167427063;RDF301;Basic medicine and life sciences;0.9014878869056702;RDF107;Other natural sciences;0.4768308699131012;RDF602;Languages and literature;0.13811267912387848;RDF207;Medical and biomedical engineering;0.10052487254142761
932;Development of an Intelligent Design Support Tool for Integrated Design of Multidomain Systems (Mechanical Engineering);RDF20-21;Engineering and technology;0.9972658753395081;RDF10;Natural sciences;0.001260097837075591;RDF30;Medical, health and life sciences;0.00054834975162521;RDF204;Mechanical engineering;0.9985590577125549;RDF206;Materials engineering and resources engineering;0.83561772108078;RDF103;Physical sciences;0.20481863617897034;RDF102;Computer and information sciences;0.08254930377006531;RDF212;Other engineering and technologies;0.065306156873703
933;Dynamiques socioreligieuses, laïcité et espaces municipaux québécois (Multidisciplinary or interdisciplinary social sciences);RDF50;Social sciences;0.9937936067581177;RDF60;Humanities and the arts;0.0018341984832659364;RDF30;Medical, health and life sciences;0.0016864457866176963;RDF504;Sociology and related studies;0.9942026138305664;RDF509;Other social sciences;0.6360422968864441;RDF605;Other humanities;0.05722925812005997;RDF507;Social and economic geography;0.04646466299891472;RDF506;Political science and policy administration;0.010755924507975578
934;Optimization and Planning Models for more Sustainable Agrifood Logistics;RDF40;Agricultural and veterinary sciences;0.7315618395805359;RDF20-21;Engineering and technology;0.20614507794380188;RDF10;Natural sciences;0.0430418960750103;RDF401;Agriculture, forestry, and fisheries;0.9931095838546753;RDF402;Animal and dairy sciences;0.8804891705513;RDF404;Agricultural biotechnology and food sciences;0.8224031329154968;RDF105;Earth and related environmental sciences;0.5580259561538696;RDF405;Other agricultural sciences;0.23401255905628204
935;Men's migration, social support, and women's health and well-being in three diverse contexts (Sociology, demography and related fields);RDF50;Social sciences;0.9435719847679138;RDF30;Medical, health and life sciences;0.03039037063717842;RDF10;Natural sciences;0.015117962844669819;RDF504;Sociology and related studies;0.8668104410171509;RDF507;Social and economic geography;0.3856927454471588;RDF509;Other social sciences;0.3045068085193634;RDF101;Mathematics and statistics;0.07899690419435501;RDF605;Other humanities;0.06620601564645767
936;Child maltreatment, emotion regulation and sexual wellbeing over time in women with low sexual desire and their partners (Psychology);RDF50;Social sciences;0.8928806781768799;RDF30;Medical, health and life sciences;0.09215360879898071;RDF10;Natural sciences;0.012575589120388031;RDF501;Psychology and cognitive sciences;0.9703524708747864;RDF303;Health sciences;0.5991919636726379;RDF301;Basic medicine and life sciences;0.114516980946064;RDF305;Other medical sciences;0.10488919913768768;RDF107;Other natural sciences;0.05546393245458603
937;Détresse, formes d'exclusion et héritage migratoire : trajectoire sociale et subjectivité des personnes descendantes de migrants asiatiques (Education and social work);RDF50;Social sciences;0.9871551990509033;RDF30;Medical, health and life sciences;0.006651398725807667;RDF10;Natural sciences;0.002258608816191554;RDF504;Sociology and related studies;0.9687972068786621;RDF507;Social and economic geography;0.7150759100914001;RDF509;Other social sciences;0.2091464400291443;RDF605;Other humanities;0.2048981785774231;RDF305;Other medical sciences;0.04720576852560043
938;Elucidating the roles of miRNAs and Hippo signaling on lineage specification in the human and mouse embryo (Endocrinology);RDF10;Natural sciences;0.820734441280365;RDF30;Medical, health and life sciences;0.1642373949289322;RDF50;Social sciences;0.007975789718329906;RDF106;Biological sciences;0.9736195802688599;RDF301;Basic medicine and life sciences;0.17265954613685608;RDF107;Other natural sciences;0.06960495561361313;RDF305;Other medical sciences;0.04629189893603325;RDF303;Health sciences;0.030996832996606827
939;Enabling Collaborative and Intelligent Service Provisioning in Mobile Edge Networks;RDF20-21;Engineering and technology;0.9847228527069092;RDF50;Social sciences;0.005924397613853216;RDF30;Medical, health and life sciences;0.004055900499224663;RDF102;Computer and information sciences;0.9874236583709717;RDF203;Electrical engineering, computer engineering, and information engineering;0.6719013452529907;RDF212;Other engineering and technologies;0.0876418948173523;RDF202;Industrial, systems and processes engineering;0.07730841636657715;RDF201;Civil engineering, maritime engineering, transport engineering, and mining engineering;0.023893600329756737
940;Intelligent Predictive Maintenance 4.0 for Heavy-duty Electrical Bus;RDF20-21;Engineering and technology;0.9911098480224609;RDF10;Natural sciences;0.004050439223647118;RDF30;Medical, health and life sciences;0.0018873118096962571;RDF203;Electrical engineering, computer engineering, and information engineering;0.9342153668403625;RDF202;Industrial, systems and processes engineering;0.8373541235923767;RDF102;Computer and information sciences;0.6871578097343445;RDF103;Physical sciences;0.15591201186180115;RDF212;Other engineering and technologies;0.10989668220281601
941;Investigating mitochondrial biogenesis rheostat functions in skin aging: stress sensing and control of immunometabolic landscapes;RDF10;Natural sciences;0.7049806714057922;RDF30;Medical, health and life sciences;0.27932870388031006;RDF50;Social sciences;0.0060992781072855;RDF106;Biological sciences;0.9905508756637573;RDF303;Health sciences;0.8405864238739014;RDF207;Medical and biomedical engineering;0.6042237877845764;RDF301;Basic medicine and life sciences;0.5441920757293701;RDF304;Medical biotechnology;0.23832853138446808
942;Role of the Calcitonin Receptor System in Cardiac Physiology and Remodeling;RDF10;Natural sciences;0.5682845115661621;RDF30;Medical, health and life sciences;0.40892043709754944;RDF40;Agricultural and veterinary sciences;0.009087320417165756;RDF106;Biological sciences;0.9857866764068604;RDF303;Health sciences;0.8608377575874329;RDF207;Medical and biomedical engineering;0.8347439169883728;RDF301;Basic medicine and life sciences;0.7112804651260376;RDF304;Medical biotechnology;0.4728660583496094
943;Predicting the Progression and Brace Treatment Response in Spinal Deformities with Temporal-based Machine Learning Approaches (Biomedical Engineering);RDF30;Medical, health and life sciences;0.6893800497055054;RDF10;Natural sciences;0.2736813724040985;RDF20-21;Engineering and technology;0.02826026640832424;RDF303;Health sciences;0.9865458011627197;RDF106;Biological sciences;0.9754602909088135;RDF207;Medical and biomedical engineering;0.9739189147949219;RDF304;Medical biotechnology;0.9594593048095703;RDF301;Basic medicine and life sciences;0.10070160776376724
944;Boosting the Productivity of a Graying Workforce;RDF50;Social sciences;0.6304625868797302;RDF30;Medical, health and life sciences;0.1708923727273941;RDF20-21;Engineering and technology;0.11361672729253769;RDF502;Economics and business administration;0.8762112855911255;RDF202;Industrial, systems and processes engineering;0.29239320755004883;RDF506;Political science and policy administration;0.2120688259601593;RDF504;Sociology and related studies;0.13268303871154785;RDF509;Other social sciences;0.10056903213262558
945;The Biophysics of Cold Plasmas in Cancer Therapy (Physics);RDF10;Natural sciences;0.8759087920188904;RDF30;Medical, health and life sciences;0.08580006659030914;RDF20-21;Engineering and technology;0.017465418204665184;RDF103;Physical sciences;0.9992221593856812;RDF303;Health sciences;0.1517806202173233;RDF107;Other natural sciences;0.0819595605134964;RDF207;Medical and biomedical engineering;0.052134256809949875;RDF304;Medical biotechnology;0.04240382835268974
946;Virage numérique dans le développement de techniques avancées en soins personnalisés (Physics);RDF20-21;Engineering and technology;0.9287591576576233;RDF30;Medical, health and life sciences;0.028348997235298157;RDF10;Natural sciences;0.027638260275125504;RDF103;Physical sciences;0.9412233829498291;RDF102;Computer and information sciences;0.79708331823349;RDF212;Other engineering and technologies;0.7506441473960876;RDF203;Electrical engineering, computer engineering, and information engineering;0.44265905022621155;RDF305;Other medical sciences;0.037750277668237686
947;Rencontres « droits et résistances numériques en contexte francophone »;RDF20-21;Engineering and technology;0.5378710627555847;RDF50;Social sciences;0.3747618496417999;RDF30;Medical, health and life sciences;0.03136906027793884;RDF102;Computer and information sciences;0.408512681722641;RDF505;Law and legal practice;0.32396799325942993;RDF506;Political science and policy administration;0.250958651304245;RDF605;Other humanities;0.11762280017137527;RDF509;Other social sciences;0.08351589739322662
948;Caméra rapide haute résolution pour la mesure de nuages de bulles en écoulement à haute vitesse (Mechanical Engineering);RDF20-21;Engineering and technology;0.9680190682411194;RDF10;Natural sciences;0.025458969175815582;RDF30;Medical, health and life sciences;0.0029745581559836864;RDF204;Mechanical engineering;0.9656737446784973;RDF103;Physical sciences;0.7579735517501831;RDF212;Other engineering and technologies;0.25959092378616333;RDF206;Materials engineering and resources engineering;0.086941659450531;RDF102;Computer and information sciences;0.06193269416689873
949;Predicting duration and rehospitalization of psychiatric emergency patients: The Signature BioBank;RDF30;Medical, health and life sciences;0.8656632304191589;RDF10;Natural sciences;0.071501724421978;RDF50;Social sciences;0.048127200454473495;RDF303;Health sciences;0.9917163848876953;RDF304;Medical biotechnology;0.967007577419281;RDF207;Medical and biomedical engineering;0.9469902515411377;RDF106;Biological sciences;0.9362267851829529;RDF302;Clinical medicine;0.8597226142883301
950;Perceptions de justice dans les services : les cas des travailleurs de la restauration et des enseignants universitaires au Québec et en France (Sociology, demography and related fields);RDF50;Social sciences;0.9897497892379761;RDF30;Medical, health and life sciences;0.0032248604111373425;RDF10;Natural sciences;0.0029077341314405203;RDF504;Sociology and related studies;0.9902350902557373;RDF509;Other social sciences;0.7686463594436646;RDF505;Law and legal practice;0.2894218862056732;RDF507;Social and economic geography;0.2797301113605499;RDF603;Philosophy;0.19790910184383392
951;L'impact de la rémunération tangible et intangible sur le roulement volontaire dans le secteur des TIC au Canada : une approche multiniveaux et longitudinale (Business, management and related fields);RDF50;Social sciences;0.8513158559799194;RDF20-21;Engineering and technology;0.07541114091873169;RDF10;Natural sciences;0.03950671851634979;RDF502;Economics and business administration;0.9752018451690674;RDF509;Other social sciences;0.12694743275642395;RDF102;Computer and information sciences;0.09334687888622284;RDF101;Mathematics and statistics;0.05992140248417854;RDF504;Sociology and related studies;0.059866417199373245
952;The Axolotl a model for vertebrate limb regeneration (Genes, Cells and Molecules);RDF10;Natural sciences;0.9506366848945618;RDF30;Medical, health and life sciences;0.04225009307265282;RDF40;Agricultural and veterinary sciences;0.002209306927397847;RDF106;Biological sciences;0.9915215969085693;RDF301;Basic medicine and life sciences;0.8566324710845947;RDF107;Other natural sciences;0.5175290107727051;RDF402;Animal and dairy sciences;0.24449828267097473;RDF305;Other medical sciences;0.09855547547340393
953;Microglial fatty acid signalling as a modulator of diet-induced neuroimmune responses in obesity (Diabetes, Obesity, Lipid & Lipoprotein Disorders);RDF30;Medical, health and life sciences;0.5786933898925781;RDF10;Natural sciences;0.3988966941833496;RDF40;Agricultural and veterinary sciences;0.007915165275335312;RDF106;Biological sciences;0.9878528714179993;RDF303;Health sciences;0.9314001798629761;RDF207;Medical and biomedical engineering;0.8216888904571533;RDF304;Medical biotechnology;0.7080612182617188;RDF305;Other medical sciences;0.3119506239891052
954;Diversity and resilience of plant communities in isolated ecosystems (Evolution and Ecology);RDF10;Natural sciences;0.980987548828125;RDF30;Medical, health and life sciences;0.012133639305830002;RDF40;Agricultural and veterinary sciences;0.0030380506068468094;RDF105;Earth and related environmental sciences;0.9854824542999268;RDF106;Biological sciences;0.9851289987564087;RDF301;Basic medicine and life sciences;0.6881018280982971;RDF107;Other natural sciences;0.5808127522468567;RDF405;Other agricultural sciences;0.0262303464114666
955;Dynamic protein interaction networks to map molecular origins of envronmental and genomic variations (Genes, Cells and Molecules);RDF10;Natural sciences;0.7777743935585022;RDF30;Medical, health and life sciences;0.20324161648750305;RDF20-21;Engineering and technology;0.007647403981536627;RDF106;Biological sciences;0.9861781001091003;RDF301;Basic medicine and life sciences;0.5354400277137756;RDF107;Other natural sciences;0.17539678514003754;RDF303;Health sciences;0.03923192620277405;RDF209;Environmental biotechnology;0.03277498483657837
956;Greening Social Work in Quebec: Exploring the Intersections of Environmental-Ecological Notions in Social Work Theory, Education, and Practice (Education and social work);RDF50;Social sciences;0.9306352138519287;RDF30;Medical, health and life sciences;0.026245852932333946;RDF10;Natural sciences;0.021865077316761017;RDF504;Sociology and related studies;0.9761064052581787;RDF105;Earth and related environmental sciences;0.07956718653440475;RDF509;Other social sciences;0.05953748896718025;RDF503;Education;0.04963507130742073;RDF605;Other humanities;0.030329257249832153
957;L'oeuvre d'art comme «analyseur»: en quête d'une méthodologie (Fine arts, research-creation);RDF60;Humanities and the arts;0.9662768840789795;RDF50;Social sciences;0.009326179511845112;RDF20-21;Engineering and technology;0.009217525832355022;RDF604;Arts (arts, history of arts, performing arts, music), architecture and design;0.948537290096283;RDF603;Philosophy;0.5428026914596558;RDF605;Other humanities;0.3191213607788086;RDF509;Other social sciences;0.020081009715795517;RDF503;Education;0.012147171422839165
958;Control of bacterial cell shape through cell-wall remodeling (Microbiology & Infectious Diseases);RDF10;Natural sciences;0.843880295753479;RDF30;Medical, health and life sciences;0.14599692821502686;RDF40;Agricultural and veterinary sciences;0.00287872226908803;RDF106;Biological sciences;0.9720720648765564;RDF301;Basic medicine and life sciences;0.11367794871330261;RDF303;Health sciences;0.10913479328155518;RDF107;Other natural sciences;0.06638737767934799;RDF305;Other medical sciences;0.022542966529726982
959;Role and therapeutic potential of the atypical MAP kinase ERK3 in basal-like breast cancer progression (Molecular & Cellular Biology of Cancer);RDF30;Medical, health and life sciences;0.6705815196037292;RDF10;Natural sciences;0.2946769595146179;RDF50;Social sciences;0.014429549686610699;RDF106;Biological sciences;0.9840015769004822;RDF303;Health sciences;0.9056565761566162;RDF301;Basic medicine and life sciences;0.13195425271987915;RDF305;Other medical sciences;0.09097748249769211;RDF107;Other natural sciences;0.0762699618935585
960;Personnalisation en temps réel d'interface en fonction de la charge cognitive des utilisateurs (Civil, Industrial and Systems Engineering);RDF20-21;Engineering and technology;0.9888280034065247;RDF50;Social sciences;0.003443072084337473;RDF10;Natural sciences;0.0033241293858736753;RDF102;Computer and information sciences;0.9447404146194458;RDF212;Other engineering and technologies;0.44060462713241577;RDF202;Industrial, systems and processes engineering;0.4367121160030365;RDF203;Electrical engineering, computer engineering, and information engineering;0.20537589490413666;RDF501;Psychology and cognitive sciences;0.030996832996606827
961;The I-Care project : Assessing the impact of a multimodal childcare-based intervention to prevent disruptive behaviour problems in children (Psychology);RDF50;Social sciences;0.8649430274963379;RDF30;Medical, health and life sciences;0.0825614184141159;RDF10;Natural sciences;0.040374986827373505;RDF501;Psychology and cognitive sciences;0.831485390663147;RDF303;Health sciences;0.5416133999824524;RDF305;Other medical sciences;0.14860233664512634;RDF101;Mathematics and statistics;0.11466560512781143;RDF107;Other natural sciences;0.09170696139335632
962;Inter-individual variability in cognitive aging: Neural mechanisms, reserve processes and malleability of neuroprotective processes (Biological Systems and Functions);RDF10;Natural sciences;0.5921322107315063;RDF30;Medical, health and life sciences;0.4022248387336731;RDF50;Social sciences;0.0024967254139482975;RDF106;Biological sciences;0.9957766532897949;RDF301;Basic medicine and life sciences;0.972908079624176;RDF303;Health sciences;0.8142744302749634;RDF501;Psychology and cognitive sciences;0.705734372138977;RDF107;Other natural sciences;0.5654187202453613
963;Maternal immune cells mediated endothelial activation in preeclampsia (Clinical Investigation – Reproduction, Maternal, Child and Youth Health);RDF30;Medical, health and life sciences;0.9747946262359619;RDF10;Natural sciences;0.01708637736737728;RDF50;Social sciences;0.0035156584344804287;RDF303;Health sciences;0.9868534803390503;RDF302;Clinical medicine;0.9196425080299377;RDF106;Biological sciences;0.6309407949447632;RDF207;Medical and biomedical engineering;0.10329548269510269;RDF305;Other medical sciences;0.08396546542644501
964;Projet 'Parité sciences';RDF20-21;Engineering and technology;0.33833542466163635;RDF50;Social sciences;0.2511841058731079;RDF10;Natural sciences;0.19016000628471375;RDF504;Sociology and related studies;0.35248035192489624;RDF212;Other engineering and technologies;0.1825712025165558;RDF506;Political science and policy administration;0.12273334711790085;RDF503;Education;0.10889764875173569;RDF509;Other social sciences;0.09885955601930618
965;A Pragmatic Randomized Clinical Trial on Immersive Virtual Reality Compared to Non-Immersive Distraction Using a Tablet for Pain and Anxiety Management of Children During Bone Pins and Sutures Removal in Orthopedic Clinics (Clinical Investigation – Reproduction, Maternal, Child and Youth Health);RDF30;Medical, health and life sciences;0.9682488441467285;RDF20-21;Engineering and technology;0.011383099481463432;RDF10;Natural sciences;0.010714338161051273;RDF303;Health sciences;0.9880157709121704;RDF302;Clinical medicine;0.9395261406898499;RDF207;Medical and biomedical engineering;0.8206851482391357;RDF305;Other medical sciences;0.1723807454109192;RDF304;Medical biotechnology;0.12549345195293427
966;IMAGE-GUIDED INJECTION WITH A HIGH-RESOLUTION ULTRASOUND SYSTEM ADAPTED FOR RODENT USE (Genes, Cells and Molecules);RDF30;Medical, health and life sciences;0.40119409561157227;RDF10;Natural sciences;0.31505462527275085;RDF20-21;Engineering and technology;0.19638752937316895;RDF106;Biological sciences;0.8485333919525146;RDF207;Medical and biomedical engineering;0.5574387907981873;RDF402;Animal and dairy sciences;0.37943586707115173;RDF403;Veterinary sciences;0.31652769446372986;RDF107;Other natural sciences;0.2848743200302124
967;Quantum theory and applications (Physics);RDF10;Natural sciences;0.5912312865257263;RDF20-21;Engineering and technology;0.28898853063583374;RDF30;Medical, health and life sciences;0.03505828604102135;RDF103;Physical sciences;0.9993952512741089;RDF503;Education;0.11051914095878601;RDF107;Other natural sciences;0.0039917281828820705;RDF212;Other engineering and technologies;0.003707252675667405;RDF203;Electrical engineering, computer engineering, and information engineering;0.0013327987398952246
968;Cardioprotective effect of a cyclic azapeptide ligand of CD36 against ischemia-reperfusion damage and dysfunction in mice (Cardiovascular System – Heart and Circulation);RDF10;Natural sciences;0.5707740783691406;RDF30;Medical, health and life sciences;0.4115147888660431;RDF40;Agricultural and veterinary sciences;0.00675626378506422;RDF106;Biological sciences;0.9764905571937561;RDF303;Health sciences;0.9333093762397766;RDF207;Medical and biomedical engineering;0.5730065703392029;RDF304;Medical biotechnology;0.4850870668888092;RDF301;Basic medicine and life sciences;0.42793452739715576
969;The Mobile health for Kids with Asthma (MoKA) study: predicting exacerbations through multimodal data and machine learning;RDF30;Medical, health and life sciences;0.8277634978294373;RDF10;Natural sciences;0.1070522889494896;RDF50;Social sciences;0.031939540058374405;RDF303;Health sciences;0.990767776966095;RDF207;Medical and biomedical engineering;0.861363410949707;RDF106;Biological sciences;0.7400335073471069;RDF304;Medical biotechnology;0.5234488844871521;RDF101;Mathematics and statistics;0.20761606097221375
970;Towards a multi-trajectory understanding of intimate partner homicide (Psychology, linguistics and translation);RDF50;Social sciences;0.8839377760887146;RDF30;Medical, health and life sciences;0.048192672431468964;RDF60;Humanities and the arts;0.031853411346673965;RDF509;Other social sciences;0.5523359775543213;RDF605;Other humanities;0.5123875737190247;RDF305;Other medical sciences;0.3453260064125061;RDF603;Philosophy;0.22901754081249237;RDF602;Languages and literature;0.12656909227371216
971;Predicting future primary psychotic disorders in youth with methamphetamine-psychosis disorder (Methamphetamine and related psychostimulant use);RDF30;Medical, health and life sciences;0.7617596983909607;RDF50;Social sciences;0.11574086546897888;RDF10;Natural sciences;0.10050831735134125;RDF501;Psychology and cognitive sciences;0.9426652789115906;RDF303;Health sciences;0.9154316782951355;RDF302;Clinical medicine;0.5186471343040466;RDF304;Medical biotechnology;0.42759090662002563;RDF101;Mathematics and statistics;0.3887050449848175
972;The MYC/MIZ-1 complex in germinal center B cells and B cell lymphomagenesis;RDF30;Medical, health and life sciences;0.5470907092094421;RDF10;Natural sciences;0.38927367329597473;RDF50;Social sciences;0.018396466970443726;RDF106;Biological sciences;0.9658674001693726;RDF303;Health sciences;0.19019702076911926;RDF301;Basic medicine and life sciences;0.15247340500354767;RDF305;Other medical sciences;0.12210386991500854;RDF107;Other natural sciences;0.1196136623620987
973;Nouvelle méthodologie prenant en compte les hydrogrammes probabilistes de rupture de barrages par temps sec pour déterminer les vraies zones à risque tenant compte du recul des berges et de l'érosion fluviale (Civil, Industrial and Systems Engineering);RDF20-21;Engineering and technology;0.9425736665725708;RDF10;Natural sciences;0.0404149629175663;RDF50;Social sciences;0.008791711181402206;RDF105;Earth and related environmental sciences;0.8027102947235107;RDF101;Mathematics and statistics;0.6946134567260742;RDF103;Physical sciences;0.5681911706924438;RDF212;Other engineering and technologies;0.19200852513313293;RDF202;Industrial, systems and processes engineering;0.1461481750011444
974;Interpretable Decision Processes in Data-Driven Supply Chains;RDF20-21;Engineering and technology;0.8982250094413757;RDF50;Social sciences;0.03969717398285866;RDF10;Natural sciences;0.024817608296871185;RDF202;Industrial, systems and processes engineering;0.9570375680923462;RDF102;Computer and information sciences;0.6408606767654419;RDF502;Economics and business administration;0.6319350600242615;RDF203;Electrical engineering, computer engineering, and information engineering;0.2531217932701111;RDF212;Other engineering and technologies;0.23196199536323547
975;Central control of energy homeostasis by neuronal adipose triglyceride lipase (Diabetes, Obesity, Lipid & Lipoprotein Disorders);RDF30;Medical, health and life sciences;0.6665976643562317;RDF10;Natural sciences;0.3122755289077759;RDF50;Social sciences;0.008383035659790039;RDF106;Biological sciences;0.9810945987701416;RDF303;Health sciences;0.8903418779373169;RDF207;Medical and biomedical engineering;0.8836884498596191;RDF304;Medical biotechnology;0.7633073329925537;RDF301;Basic medicine and life sciences;0.43070101737976074
976;Les cybryontes et l'anthropocène: Des conditions de possibilité de nouvelles symbioses (Fine Arts, Research-Creation);RDF60;Humanities and the arts;0.9590893983840942;RDF10;Natural sciences;0.014821257442235947;RDF30;Medical, health and life sciences;0.01014677807688713;RDF604;Arts (arts, history of arts, performing arts, music), architecture and design;0.5946542024612427;RDF605;Other humanities;0.5750809907913208;RDF601;History, archaeology and related studies;0.1076718121767044;RDF603;Philosophy;0.08225394785404205;RDF107;Other natural sciences;0.07696083188056946
977;L'Insécurité au Sahel et ses Effets sur l'Accès des Services de Santé (ISEASS);RDF50;Social sciences;0.8282479047775269;RDF30;Medical, health and life sciences;0.11269483715295792;RDF10;Natural sciences;0.023369725793600082;RDF506;Political science and policy administration;0.7565374970436096;RDF504;Sociology and related studies;0.5337240099906921;RDF509;Other social sciences;0.26114243268966675;RDF605;Other humanities;0.12738101184368134;RDF305;Other medical sciences;0.05834583938121796
978;Advanced reagent delivery systems for microfluidics (Materials and Chemical Engineering);RDF20-21;Engineering and technology;0.9736732244491577;RDF10;Natural sciences;0.01834571547806263;RDF30;Medical, health and life sciences;0.004378817975521088;RDF205;Chemical engineering;0.9863893985748291;RDF104;Chemical sciences;0.9493885636329651;RDF103;Physical sciences;0.12431928515434265;RDF210;Industrial biotechnology;0.06736240535974503;RDF212;Other engineering and technologies;0.048316068947315216
979;Generative models for 3D textures (Computer Science);RDF20-21;Engineering and technology;0.9887205362319946;RDF10;Natural sciences;0.004507699050009251;RDF30;Medical, health and life sciences;0.002196876797825098;RDF102;Computer and information sciences;0.9897316098213196;RDF203;Electrical engineering, computer engineering, and information engineering;0.9096665382385254;RDF212;Other engineering and technologies;0.08479540795087814;RDF503;Education;0.010228808969259262;RDF103;Physical sciences;0.0066153923980891705
980;The many paths to ecological network inference: reconciling machine learning, empirical data, and ecological knowledge (Evolution and Ecology);RDF10;Natural sciences;0.8707078695297241;RDF50;Social sciences;0.037224337458610535;RDF20-21;Engineering and technology;0.03466303274035454;RDF105;Earth and related environmental sciences;0.8793023228645325;RDF106;Biological sciences;0.8438950777053833;RDF101;Mathematics and statistics;0.33344894647598267;RDF107;Other natural sciences;0.23939380049705505;RDF102;Computer and information sciences;0.049497053027153015
981;Social environment and functioning of adolescents born pre-term (Social & Developmental Aspects of Children's & Youth's Health);RDF50;Social sciences;0.702392041683197;RDF30;Medical, health and life sciences;0.28103411197662354;RDF10;Natural sciences;0.011610996909439564;RDF504;Sociology and related studies;0.8939129114151001;RDF303;Health sciences;0.7775533199310303;RDF501;Psychology and cognitive sciences;0.35379093885421753;RDF509;Other social sciences;0.20094940066337585;RDF301;Basic medicine and life sciences;0.12273334711790085
982;Beyond socioeconomic disadvantages: Deepening our understanding of structural inequalities in disparate child protection involvement (Education and social work);RDF50;Social sciences;0.9396031498908997;RDF30;Medical, health and life sciences;0.035242561250925064;RDF10;Natural sciences;0.01146395318210125;RDF504;Sociology and related studies;0.9352283477783203;RDF503;Education;0.3986990749835968;RDF509;Other social sciences;0.284128874540329;RDF507;Social and economic geography;0.09894658625125885;RDF605;Other humanities;0.08897849172353745
983;Uncovering tumor specific antigens and vulnerabilities in ETP-acute lymphoblastic leukemia;RDF30;Medical, health and life sciences;0.7642509341239929;RDF10;Natural sciences;0.214778870344162;RDF50;Social sciences;0.007610440719872713;RDF303;Health sciences;0.9676862359046936;RDF106;Biological sciences;0.9660600423812866;RDF207;Medical and biomedical engineering;0.7986582517623901;RDF304;Medical biotechnology;0.5341873168945312;RDF302;Clinical medicine;0.1418153941631317
984;Démystifier les mathématiques;RDF50;Social sciences;0.2626360356807709;RDF20-21;Engineering and technology;0.26033782958984375;RDF60;Humanities and the arts;0.25780782103538513;RDF101;Mathematics and statistics;0.9294403791427612;RDF503;Education;0.8800259232521057;RDF603;Philosophy;0.5208723545074463;RDF103;Physical sciences;0.027143431827425957;RDF212;Other engineering and technologies;0.02571158856153488
985;Defining interrelationships between brain region-specific structural plasticity and sleep electrophysiology via the integration of sex and learning (Behavioural Sciences – Neurobiological Basis of Behavioural Processes);RDF10;Natural sciences;0.7746382355690002;RDF30;Medical, health and life sciences;0.17728999257087708;RDF50;Social sciences;0.027683960273861885;RDF106;Biological sciences;0.8222604990005493;RDF501;Psychology and cognitive sciences;0.34119823575019836;RDF301;Basic medicine and life sciences;0.06441766768693924;RDF107;Other natural sciences;0.04381363466382027;RDF303;Health sciences;0.026810195297002792
986;Becoming an adult in changing times: Struggles and resilience among youth who entered adulthood without a high school diploma (Education and social work);RDF50;Social sciences;0.956756055355072;RDF30;Medical, health and life sciences;0.01638171263039112;RDF60;Humanities and the arts;0.013984681107103825;RDF504;Sociology and related studies;0.9325148463249207;RDF503;Education;0.899827778339386;RDF605;Other humanities;0.14312781393527985;RDF509;Other social sciences;0.10932482779026031;RDF305;Other medical sciences;0.04455598443746567
987;The just organization (Business, management and related fields);RDF50;Social sciences;0.6310513019561768;RDF20-21;Engineering and technology;0.08811451494693756;RDF30;Medical, health and life sciences;0.08277592062950134;RDF502;Economics and business administration;0.9455000758171082;RDF505;Law and legal practice;0.01910572499036789;RDF603;Philosophy;0.015335820615291595;RDF509;Other social sciences;0.013454153202474117;RDF504;Sociology and related studies;0.0032540049869567156
988;Exploring the use of temporal cues for the optimization of speech processing, perception, and comprehension (Mechanical Engineering);RDF20-21;Engineering and technology;0.9663936495780945;RDF10;Natural sciences;0.013825309462845325;RDF60;Humanities and the arts;0.006473467219620943;RDF204;Mechanical engineering;0.33084943890571594;RDF508;Media and communications;0.3100672960281372;RDF212;Other engineering and technologies;0.13735879957675934;RDF102;Computer and information sciences;0.09097748249769211;RDF103;Physical sciences;0.05964694544672966
989;PICO Search for Dark Matter with Bubble Chambers (Subatomic Physics);RDF10;Natural sciences;0.9107043147087097;RDF20-21;Engineering and technology;0.06934007257223129;RDF30;Medical, health and life sciences;0.00673938263207674;RDF103;Physical sciences;0.9990264177322388;RDF503;Education;0.06748521327972412;RDF107;Other natural sciences;0.04564946889877319;RDF211;Nano-technology;0.02742854133248329;RDF212;Other engineering and technologies;0.02165667526423931
990;Is quantitative research in political science credible? (Political science and public administration);RDF50;Social sciences;0.9837754368782043;RDF10;Natural sciences;0.006029542535543442;RDF30;Medical, health and life sciences;0.0030141316819936037;RDF506;Political science and policy administration;0.7988152503967285;RDF101;Mathematics and statistics;0.10870827734470367;RDF503;Education;0.043163686990737915;RDF504;Sociology and related studies;0.032466817647218704;RDF509;Other social sciences;0.01616836152970791
991;The hardening of soft information in financial markets;RDF50;Social sciences;0.38806259632110596;RDF20-21;Engineering and technology;0.2147275060415268;RDF10;Natural sciences;0.15137504041194916;RDF502;Economics and business administration;0.9405718445777893;RDF101;Mathematics and statistics;0.1119188442826271;RDF508;Media and communications;0.06614568084478378;RDF203;Electrical engineering, computer engineering, and information engineering;0.0511774979531765;RDF103;Physical sciences;0.02884354069828987
992;From micro- to macro-reentries in discrete multiscale mathematical models of atrial tissue (Genes, Cells and Molecules);RDF10;Natural sciences;0.7030287981033325;RDF30;Medical, health and life sciences;0.24113021790981293;RDF20-21;Engineering and technology;0.035726964473724365;RDF106;Biological sciences;0.889720618724823;RDF207;Medical and biomedical engineering;0.23274582624435425;RDF107;Other natural sciences;0.210198312997818;RDF301;Basic medicine and life sciences;0.19299523532390594;RDF101;Mathematics and statistics;0.13528919219970703
993;Mapping scientific consensus in the age of misinformation;RDF10;Natural sciences;0.7391512989997864;RDF30;Medical, health and life sciences;0.1249806359410286;RDF50;Social sciences;0.08144567161798477;RDF101;Mathematics and statistics;0.20858165621757507;RDF508;Media and communications;0.1661335527896881;RDF105;Earth and related environmental sciences;0.13313321769237518;RDF504;Sociology and related studies;0.11807965487241745;RDF103;Physical sciences;0.11591066420078278
994;The role of RGS9 in pancreatic islet function (Biological Systems and Functions);RDF10;Natural sciences;0.6062628626823425;RDF30;Medical, health and life sciences;0.3891459107398987;RDF40;Agricultural and veterinary sciences;0.001952347345650196;RDF106;Biological sciences;0.9983059167861938;RDF301;Basic medicine and life sciences;0.9435039758682251;RDF303;Health sciences;0.5945807099342346;RDF107;Other natural sciences;0.30455854535102844;RDF207;Medical and biomedical engineering;0.3036801517009735
995;La diversité dans les équipes de travail: le rôle des perceptions des membres (Psychology);RDF50;Social sciences;0.9318733811378479;RDF10;Natural sciences;0.021158479154109955;RDF30;Medical, health and life sciences;0.017869502305984497;RDF501;Psychology and cognitive sciences;0.8633915781974792;RDF603;Philosophy;0.6606652140617371;RDF504;Sociology and related studies;0.6201041340827942;RDF509;Other social sciences;0.1344914734363556;RDF605;Other humanities;0.11128948628902435
996;Real-time Control of Decoded Brain Activity Using Artificial Neural Networks (Biological Systems and Functions);RDF10;Natural sciences;0.5234043598175049;RDF30;Medical, health and life sciences;0.42303869128227234;RDF20-21;Engineering and technology;0.03989039361476898;RDF106;Biological sciences;0.953057050704956;RDF207;Medical and biomedical engineering;0.6902459859848022;RDF501;Psychology and cognitive sciences;0.1589561253786087;RDF304;Medical biotechnology;0.11930549889802933;RDF107;Other natural sciences;0.11621122807264328
997;Conférence internationale et publication « Logement : crises partout, justice nulle part ! ». Coconstruire et mutualiser les savoirs;RDF50;Social sciences;0.744158148765564;RDF20-21;Engineering and technology;0.15000836551189423;RDF60;Humanities and the arts;0.041737258434295654;RDF507;Social and economic geography;0.6254667043685913;RDF504;Sociology and related studies;0.5224725008010864;RDF509;Other social sciences;0.39533841609954834;RDF605;Other humanities;0.3147873282432556;RDF508;Media and communications;0.17085358500480652
998;Verdir les chantiers de construction par l'adoption des comportements écoresponsables : une étude de cas du secteur non résidentiel;RDF50;Social sciences;0.5448185801506042;RDF20-21;Engineering and technology;0.40346866846084595;RDF10;Natural sciences;0.021517908200621605;RDF201;Civil engineering, maritime engineering, transport engineering, and mining engineering;0.950456976890564;RDF502;Economics and business administration;0.859545886516571;RDF507;Social and economic geography;0.732735276222229;RDF504;Sociology and related studies;0.6083614230155945;RDF509;Other social sciences;0.26507115364074707
999;Highly Entangled Quantum Matter;RDF10;Natural sciences;0.9083746671676636;RDF20-21;Engineering and technology;0.03128080070018768;RDF30;Medical, health and life sciences;0.025983396917581558;RDF103;Physical sciences;0.9562272429466248;RDF107;Other natural sciences;0.03588069602847099;RDF211;Nano-technology;0.03155902028083801;RDF104;Chemical sciences;0.01587584614753723;RDF206;Materials engineering and resources engineering;0.008299686945974827
1000;Usinage intelligent des composants d'aéronefs de haute précision (UICAP);RDF20-21;Engineering and technology;0.9903600811958313;RDF10;Natural sciences;0.003001885022968054;RDF50;Social sciences;0.0020997505635023117;RDF202;Industrial, systems and processes engineering;0.9613891243934631;RDF204;Mechanical engineering;0.8856809139251709;RDF203;Electrical engineering, computer engineering, and information engineering;0.5167555212974548;RDF102;Computer and information sciences;0.22575782239437103;RDF212;Other engineering and technologies;0.19907432794570923
1001;Socialness in the Digital Economy: Supporting Meaningful Work through Enterprise Social Media;RDF50;Social sciences;0.7651318311691284;RDF20-21;Engineering and technology;0.20800413191318512;RDF30;Medical, health and life sciences;0.009594038128852844;RDF504;Sociology and related studies;0.9505029320716858;RDF502;Economics and business administration;0.8938665986061096;RDF102;Computer and information sciences;0.7143790125846863;RDF508;Media and communications;0.5267573595046997;RDF501;Psychology and cognitive sciences;0.30404165387153625
1002;Proactive prescription-based fluid management vs usual care in critically ill patients on Kidney Replacement Therapy;RDF30;Medical, health and life sciences;0.9801910519599915;RDF10;Natural sciences;0.012472043745219707;RDF40;Agricultural and veterinary sciences;0.0029537042137235403;RDF303;Health sciences;0.9913892149925232;RDF302;Clinical medicine;0.9500414133071899;RDF207;Medical and biomedical engineering;0.6641592383384705;RDF106;Biological sciences;0.22295382618904114;RDF304;Medical biotechnology;0.10585582256317139
1003;Safe and selective anti-parasite therapy targeting ribosome and glycosome function (Pharmaceutical Sciences);RDF30;Medical, health and life sciences;0.5812307000160217;RDF10;Natural sciences;0.27691003680229187;RDF40;Agricultural and veterinary sciences;0.07104696333408356;RDF303;Health sciences;0.3366580903530121;RDF304;Medical biotechnology;0.07139673084020615;RDF106;Biological sciences;0.06227398291230202;RDF207;Medical and biomedical engineering;0.05765223875641823;RDF301;Basic medicine and life sciences;0.0443485826253891
1004;Rational Integration of Molecular and surface interactions for lubricating, adhesive and high penetration soft materials (Materials and Chemical Engineering);RDF20-21;Engineering and technology;0.917066752910614;RDF10;Natural sciences;0.057999711483716965;RDF30;Medical, health and life sciences;0.011443148367106915;RDF205;Chemical engineering;0.9328826069831848;RDF104;Chemical sciences;0.9012273550033569;RDF211;Nano-technology;0.2658328413963318;RDF103;Physical sciences;0.11362875252962112;RDF210;Industrial biotechnology;0.09696201235055923
1005;Comprendre les antécédents et les conséquences d'une gestion algorithmique transparente, juste et habilitante;RDF20-21;Engineering and technology;0.8577815890312195;RDF50;Social sciences;0.08056908845901489;RDF10;Natural sciences;0.024333389475941658;RDF102;Computer and information sciences;0.9727532267570496;RDF506;Political science and policy administration;0.8720752596855164;RDF505;Law and legal practice;0.8474003672599792;RDF203;Electrical engineering, computer engineering, and information engineering;0.7115812301635742;RDF502;Economics and business administration;0.5930496454238892
1006;Sustainable Healthy Cities: The Interplay between Urban Interventions, Gentrification, and Population Health (Public, Community & Population Health);RDF50;Social sciences;0.8169429302215576;RDF30;Medical, health and life sciences;0.0920846164226532;RDF10;Natural sciences;0.042875632643699646;RDF504;Sociology and related studies;0.9032089114189148;RDF303;Health sciences;0.5065380334854126;RDF507;Social and economic geography;0.4194398820400238;RDF105;Earth and related environmental sciences;0.37593555450439453;RDF208;Environmental engineering and related engineering;0.31822025775909424
1007;Regards croisés sur les conditions de travail, les politiques publiques et la résistance: récits de vie de travailleurs et travailleuses pauvres au Canada, en Inde et au Brésil (Sociology, demography and related fields);RDF50;Social sciences;0.9859071373939514;RDF60;Humanities and the arts;0.0061019062995910645;RDF30;Medical, health and life sciences;0.003928161226212978;RDF504;Sociology and related studies;0.9912209510803223;RDF507;Social and economic geography;0.9286032915115356;RDF509;Other social sciences;0.6408606171607971;RDF605;Other humanities;0.09568694233894348;RDF601;History, archaeology and related studies;0.04742587357759476
1008;Examining the effectiveness of AI-powered health technology to improve self management of mental health and reduce inequities in mental health care;RDF30;Medical, health and life sciences;0.709338903427124;RDF20-21;Engineering and technology;0.15591619908809662;RDF50;Social sciences;0.09331800788640976;RDF303;Health sciences;0.9912378787994385;RDF207;Medical and biomedical engineering;0.8587185740470886;RDF304;Medical biotechnology;0.7652426362037659;RDF501;Psychology and cognitive sciences;0.5737530589103699;RDF305;Other medical sciences;0.2705765962600708
1009;Probing the Particle Nature of Dark Matter with Strong Gravitational Lensing (Physics);RDF10;Natural sciences;0.9830321669578552;RDF20-21;Engineering and technology;0.0075570265762507915;RDF50;Social sciences;0.003101397305727005;RDF103;Physical sciences;0.9995262622833252;RDF107;Other natural sciences;0.016931159421801567;RDF104;Chemical sciences;0.001904330332763493;RDF503;Education;0.0013723686570301652;RDF201;Civil engineering, maritime engineering, transport engineering, and mining engineering;0.0006628098199144006
1010;Large reductions in arterial CARbon dioxide and development of acute Brain Injury in invasively mechanically ventilated patients with acute respiratory failure (CARBI);RDF30;Medical, health and life sciences;0.922188401222229;RDF10;Natural sciences;0.06223694235086441;RDF20-21;Engineering and technology;0.007193903438746929;RDF303;Health sciences;0.973968505859375;RDF207;Medical and biomedical engineering;0.8853343725204468;RDF302;Clinical medicine;0.8526902794837952;RDF106;Biological sciences;0.7886645793914795;RDF305;Other medical sciences;0.1588256061077118
1011;Investigating Intercommunications of Glioblastoma with Brain Microenvironment using 3D Organoid (Genes, Cells and Molecules);RDF10;Natural sciences;0.5865897536277771;RDF30;Medical, health and life sciences;0.3992389142513275;RDF50;Social sciences;0.005761966574937105;RDF106;Biological sciences;0.991186797618866;RDF303;Health sciences;0.9178933501243591;RDF207;Medical and biomedical engineering;0.32906821370124817;RDF305;Other medical sciences;0.13398075103759766;RDF301;Basic medicine and life sciences;0.13050688803195953
1012;Autonomous Deep Learning for AI (Computer Science);RDF20-21;Engineering and technology;0.9938190579414368;RDF10;Natural sciences;0.0028688146267086267;RDF30;Medical, health and life sciences;0.0010430823313072324;RDF102;Computer and information sciences;0.9955662488937378;RDF203;Electrical engineering, computer engineering, and information engineering;0.9275603890419006;RDF212;Other engineering and technologies;0.07737810909748077;RDF101;Mathematics and statistics;0.049681156873703;RDF103;Physical sciences;0.006589771714061499
1013;Supply Chain Analytics under Disruptive Uncertainty (Civil, Industrial and Systems Engineering);RDF20-21;Engineering and technology;0.9945404529571533;RDF10;Natural sciences;0.0026037907227873802;RDF50;Social sciences;0.001486495602875948;RDF202;Industrial, systems and processes engineering;0.7112805247306824;RDF212;Other engineering and technologies;0.06866228580474854;RDF103;Physical sciences;0.06620603054761887;RDF101;Mathematics and statistics;0.017242776229977608;RDF201;Civil engineering, maritime engineering, transport engineering, and mining engineering;0.014559518545866013
1014;Concevoir et développer des outils d'appréciation et de réduction des risques physiques au travail liés aux équipements;RDF20-21;Engineering and technology;0.9553816914558411;RDF50;Social sciences;0.015128844417631626;RDF30;Medical, health and life sciences;0.01188636850565672;RDF203;Electrical engineering, computer engineering, and information engineering;0.6472967267036438;RDF202;Industrial, systems and processes engineering;0.6032892465591431;RDF204;Mechanical engineering;0.5636631846427917;RDF103;Physical sciences;0.557438850402832;RDF212;Other engineering and technologies;0.4462231993675232
1015;Reaction Mechanisms and Methodology for the Design and Synthesis of Bioactive Agents (Chemistry);RDF10;Natural sciences;0.9263120293617249;RDF30;Medical, health and life sciences;0.03191407397389412;RDF20-21;Engineering and technology;0.021678660064935684;RDF104;Chemical sciences;0.9958980679512024;RDF503;Education;0.14045409858226776;RDF205;Chemical engineering;0.10158944129943848;RDF107;Other natural sciences;0.07356304675340652;RDF304;Medical biotechnology;0.03308597952127457
1016;Algebraic methods for lattice models of statistical physics (Mathematics and Statistics);RDF10;Natural sciences;0.46212247014045715;RDF20-21;Engineering and technology;0.3296196460723877;RDF50;Social sciences;0.10392219573259354;RDF101;Mathematics and statistics;0.9959771037101746;RDF103;Physical sciences;0.9739437103271484;RDF107;Other natural sciences;0.01182339433580637;RDF212;Other engineering and technologies;0.010693756863474846;RDF203;Electrical engineering, computer engineering, and information engineering;0.006109410431236029
1017;Optimisation et développement de technologies de déphosphatation des eaux usées;RDF20-21;Engineering and technology;0.9857126474380493;RDF10;Natural sciences;0.005202942062169313;RDF30;Medical, health and life sciences;0.003813995746895671;RDF208;Environmental engineering and related engineering;0.9232470393180847;RDF205;Chemical engineering;0.9217106699943542;RDF209;Environmental biotechnology;0.8355506658554077;RDF104;Chemical sciences;0.7491790056228638;RDF212;Other engineering and technologies;0.7397986054420471
1018;The Eastern Canada Preparedness Hub - ECaPH;RDF20-21;Engineering and technology;0.5027287602424622;RDF30;Medical, health and life sciences;0.2201627939939499;RDF10;Natural sciences;0.09599433094263077;RDF506;Political science and policy administration;0.18765315413475037;RDF212;Other engineering and technologies;0.12485182285308838;RDF105;Earth and related environmental sciences;0.06699521839618683;RDF508;Media and communications;0.05813159421086311;RDF202;Industrial, systems and processes engineering;0.050893720239400864
1019;On chip optical microresonators for light emission, manipulation & sensing (Electrical and Computer Engineering);RDF20-21;Engineering and technology;0.9972684383392334;RDF10;Natural sciences;0.0011977091198787093;RDF30;Medical, health and life sciences;0.0004953939933329821;RDF102;Computer and information sciences;0.8121979236602783;RDF203;Electrical engineering, computer engineering, and information engineering;0.46934545040130615;RDF103;Physical sciences;0.16865147650241852;RDF211;Nano-technology;0.04385456442832947;RDF212;Other engineering and technologies;0.03390795737504959
1020;Kushpitau ! (montons en territoire);RDF60;Humanities and the arts;0.3469327688217163;RDF40;Agricultural and veterinary sciences;0.16055284440517426;RDF20-21;Engineering and technology;0.1599269062280655;RDF105;Earth and related environmental sciences;0.1134813129901886;RDF604;Arts (arts, history of arts, performing arts, music), architecture and design;0.08122775703668594;RDF605;Other humanities;0.0757213681936264;RDF508;Media and communications;0.03534407913684845;RDF602;Languages and literature;0.03445602208375931
1021;"Hardware support for reliable networking; from protocols to accelerators (Electrical and Computer Engineering)";RDF20-21;Engineering and technology;0.9987170696258545;RDF10;Natural sciences;0.0005857074866071343;RDF30;Medical, health and life sciences;0.00019850002718158066;RDF102;Computer and information sciences;0.9689738154411316;RDF203;Electrical engineering, computer engineering, and information engineering;0.5029220581054688;RDF103;Physical sciences;0.03374836966395378;RDF212;Other engineering and technologies;0.019400762394070625;RDF508;Media and communications;0.008108983747661114
1022;Documentary Activism by Migrant Filmmakers from Cuba and Venezuela (2013-2023) (Fine arts, research-creation);RDF60;Humanities and the arts;0.97145676612854;RDF50;Social sciences;0.01467894110828638;RDF10;Natural sciences;0.0053580570966005325;RDF508;Media and communications;0.9063220024108887;RDF604;Arts (arts, history of arts, performing arts, music), architecture and design;0.15071502327919006;RDF605;Other humanities;0.12447883933782578;RDF509;Other social sciences;0.025932677090168;RDF504;Sociology and related studies;0.014090734533965588
1023;Investigating the role of notochord defects in the etiopathogenesis of congenital scoliosis;RDF10;Natural sciences;0.538325846195221;RDF30;Medical, health and life sciences;0.4208894670009613;RDF50;Social sciences;0.02067030966281891;RDF106;Biological sciences;0.9670076370239258;RDF303;Health sciences;0.7905303239822388;RDF207;Medical and biomedical engineering;0.5236601829528809;RDF305;Other medical sciences;0.25608712434768677;RDF107;Other natural sciences;0.20142023265361786
