;sequence;code_div_1;label_div_1;score_div_1;code_gr_1;label_gr_1;score_gr_1;code_gr_2;label_gr_2;score_gr_2;code_gr_3;label_gr_3;score_gr_3
0;Quelles sont les mathématiques utilisées par les ingénieurs au quotidien? Une étude sur les pratiques des ingénieurs pour déterminer leurs besoins mathématiques (Education and social work);RDF50;Social sciences;0.6983532905578613;RDF503;Education;0.3029576539993286;RDF504;Sociology and related studies;0.004625369794666767;RDF509;Other social sciences;0.0016199013916775584
1;High-tech paper: Security printing and the aesthetics of trust (Communications, media studies, gender studies, library and information science, related fields);RDF20-21;Engineering and technology;0.5245690941810608;RDF203;Electrical engineering, computer engineering, and information engineering;0.44730302691459656;RDF212;Other engineering and technologies;0.4091985523700714;RDF211;Nano-technology;0.0009459475404582918
2;Integrin Alpha8 is a novel mediator of T lymphocyte migration across the CNS barriers (Systems & Circuits Neurosciences);RDF30;Medical, health and life sciences;0.4826086461544037;RDF304;Medical biotechnology;0.7917835712432861;RDF301;Basic medicine and life sciences;0.6939520835876465;RDF305;Other medical sciences;0.0012020922731608152
3;Growing up trans: A qualitative, international, and longitudinal investigation of trans youth access to gender affirming medical care, gender affirmation and well-being (Social & Developmental Aspects of Children's & Youth's Health);RDF30;Medical, health and life sciences;0.595928966999054;RDF302;Clinical medicine;0.3196670413017273;RDF303;Health sciences;0.005043271463364363;RDF305;Other medical sciences;0.004081603605300188
4;Programmable DNA-based switches and nanomachines for sensing and drug delivery applications (Chemistry);RDF20-21;Engineering and technology;0.5996312499046326;RDF211;Nano-technology;0.9946672320365906;RDF205;Chemical engineering;0.9706313014030457;RDF210;Industrial biotechnology;0.902478039264679
5;Interactions between attention, perception and reaching movements (Biological Systems and Functions);RDF10;Natural sciences;0.3965887725353241;RDF106;Biological sciences;0.8057305216789246;RDF107;Other natural sciences;0.12024593353271484;RDF105;Earth and related environmental sciences;0.11207634955644608
6;Design and Management of Fog Networks (Computer Science);RDF20-21;Engineering and technology;0.8642439842224121;RDF212;Other engineering and technologies;0.20516279339790344;RDF203;Electrical engineering, computer engineering, and information engineering;0.003056276123970747;RDF211;Nano-technology;3.416211256990209e-05
7;Polymer Porous Fibrous Structures with Antiviral Properties (Materials and Chemical Engineering);RDF20-21;Engineering and technology;0.9881299734115601;RDF205;Chemical engineering;0.9977952241897583;RDF206;Materials engineering and resources engineering;0.7206757068634033;RDF210;Industrial biotechnology;0.6185116171836853
8;L'art Noir: cartographies for an emerging field (Multidisciplinary or interdisciplinary humanities);RDF60;Humanities and the arts;0.9937145113945007;RDF605;Other humanities;0.57430499792099;RDF601;History, archaeology and related studies;0.43856239318847656;RDF602;Languages and literature;0.2862347662448883
9;System Identification of Human Postural Control: A Multimodal Sensory Stimulation Approach for Diagnosing Balance Disorders;RDF10;Natural sciences;0.36906588077545166;RDF106;Biological sciences;0.09235482662916183;RDF107;Other natural sciences;0.02014276012778282;RDF102;Computer and information sciences;0.019048143178224564
10;Transitioning patients with advanced chronic kidney disease to home or facility dialysis: understanding the experience and quality of life for patients and their caregivers (TRANSIT-CARE);RDF30;Medical, health and life sciences;0.6265819668769836;RDF301;Basic medicine and life sciences;0.0019117055926471949;RDF302;Clinical medicine;0.0006587530369870365;RDF304;Medical biotechnology;0.0006162687204778194
11;Tenrikyo and the Rise and Fall of New Religions in Japan (Philosophy, medieval studies, classics, religious);RDF60;Humanities and the arts;0.6307642459869385;RDF603;Philosophy;0.9423844814300537;RDF605;Other humanities;0.4787531793117523;RDF601;History, archaeology and related studies;0.00023965156287886202
12;Systems biology of size control in eukaryotes (Genes, Cells and Molecules);RDF30;Medical, health and life sciences;0.5338932275772095;RDF304;Medical biotechnology;0.403097540140152;RDF301;Basic medicine and life sciences;0.2700779438018799;RDF305;Other medical sciences;0.009450075216591358
13;Drop-based microfluidics (DBM) for single cell studies and ultrahigh-throughput phenotypic screens and lab evolution (Genes, Cells and Molecules);RDF20-21;Engineering and technology;0.5810548067092896;RDF212;Other engineering and technologies;0.2546651363372803;RDF207;Medical and biomedical engineering;0.19428901374340057;RDF210;Industrial biotechnology;0.06503833830356598
14;Neural repair in glaucoma: the role of insulin signaling (Cell Biology – Disease);RDF10;Natural sciences;0.5924634337425232;RDF106;Biological sciences;0.9901442527770996;RDF107;Other natural sciences;0.21774372458457947;RDF103;Physical sciences;0.0007150291930884123
15;Impacts des mesures de protection contre la COVID-19 sur la communication des personnes malentendantes;RDF30;Medical, health and life sciences;0.5316938757896423;RDF302;Clinical medicine;0.12986186146736145;RDF303;Health sciences;0.00597783038392663;RDF301;Basic medicine and life sciences;0.00313785788603127
16;Mixité sociale et scolaire en classe : perception des exigences professionnelles des étudiant·e·s en formation à l'enseignement au Québec et en Suisse (Education and social work);RDF50;Social sciences;0.6596198081970215;RDF503;Education;0.9749165177345276;RDF504;Sociology and related studies;0.21922722458839417;RDF509;Other social sciences;0.011413658037781715
17;Discharges at/near gas-liquid and liquid-liquid interfaces: fundamental investigation and application in liquid processing and nanomaterial synthesis (Physics);RDF20-21;Engineering and technology;0.48356637358665466;RDF211;Nano-technology;0.782360851764679;RDF206;Materials engineering and resources engineering;0.7213646769523621;RDF208;Environmental engineering and related engineering;0.5777719020843506
18;Fully-Lagrangian three-dimensional modelling of river ice jam initiation;RDF10;Natural sciences;0.6406331658363342;RDF105;Earth and related environmental sciences;0.9769598245620728;RDF103;Physical sciences;0.8692317008972168;RDF102;Computer and information sciences;0.48111823201179504
19;Juger l'homosexualité, attribuer l'asile: le traitement des demandes d'asile OSIG au Canada (Political science and public administration);RDF50;Social sciences;0.9832665324211121;RDF506;Political science and policy administration;0.9992186427116394;RDF509;Other social sciences;0.24213248491287231;RDF504;Sociology and related studies;0.001813624519854784
20;Intentions or affect: Which is a key driver of physical activity? Using ecological momentary assessment to understand the intention-behaviour gap in schizophrenia spectrum disorders (Multidisciplinary or interdisciplinary social sciences);RDF50;Social sciences;0.9310877323150635;RDF504;Sociology and related studies;0.8273731470108032;RDF501;Psychology and cognitive sciences;0.36137107014656067;RDF509;Other social sciences;0.14040745794773102
21;Biophysical and genetic control of root growth;RDF10;Natural sciences;0.843586802482605;RDF106;Biological sciences;0.8961279392242432;RDF105;Earth and related environmental sciences;0.8074838519096375;RDF103;Physical sciences;0.617902398109436
22;Open-source numerical strategy for the analysis and redesign of turbomachine blades accounting for nonlinear structural interactions;RDF20-21;Engineering and technology;0.9771491885185242;RDF204;Mechanical engineering;0.8543508648872375;RDF206;Materials engineering and resources engineering;0.5787935256958008;RDF212;Other engineering and technologies;0.5432308912277222
23;Application of Boltzmann Transport Equation solutions to nuclear reactor physics and radiotherapy applications (Physics);RDF10;Natural sciences;0.4088880121707916;RDF103;Physical sciences;0.9868006706237793;RDF107;Other natural sciences;0.0033053113147616386;RDF104;Chemical sciences;2.031247095146682e-05
24;La théorie des graphes : analyse structurelle, algorithmique et applications dans les sciences de l'ingénieur;RDF20-21;Engineering and technology;0.6456195116043091;RDF202;Industrial, systems and processes engineering;0.8744624853134155;RDF203;Electrical engineering, computer engineering, and information engineering;0.720231831073761;RDF208;Environmental engineering and related engineering;0.6223940253257751
25;Interdisciplinary Canadian Collaborative ME Research Network;RDF30;Medical, health and life sciences;0.6828234195709229;RDF301;Basic medicine and life sciences;0.8997434377670288;RDF305;Other medical sciences;0.7866932153701782;RDF304;Medical biotechnology;0.46677732467651367
26;La nouvelle politique de la redistribution (Political science and public administration);RDF50;Social sciences;0.6888311505317688;RDF506;Political science and policy administration;0.9982022047042847;RDF509;Other social sciences;0.0006458646384999156;RDF504;Sociology and related studies;0.00022554199676960707
27;Extracellular vesicles and their miR cargo to enhance ischemia-induced neovascularization in peripheral artery disease (Cardiovascular System – Vascular System);RDF30;Medical, health and life sciences;0.5119651556015015;RDF304;Medical biotechnology;0.9394634962081909;RDF302;Clinical medicine;0.6019288301467896;RDF301;Basic medicine and life sciences;0.5916927456855774
28;Low-Dimensional Organic Materials for Energy, Electronic and Environment Applications;RDF20-21;Engineering and technology;0.576507031917572;RDF206;Materials engineering and resources engineering;0.8740177750587463;RDF211;Nano-technology;0.850925862789154;RDF208;Environmental engineering and related engineering;0.6880121231079102
29;Histone protein supply and demand: life on a knife's edge (Genes, Cells and Molecules);RDF10;Natural sciences;0.6167179942131042;RDF106;Biological sciences;0.994375467300415;RDF104;Chemical sciences;0.7996845841407776;RDF103;Physical sciences;0.572054922580719
30;Bayesian deep-learning prediction with sparse graphs (Mathematics and Statistics);RDF10;Natural sciences;0.40424180030822754;RDF101;Mathematics and statistics;0.9989559650421143;RDF107;Other natural sciences;0.1632813662290573;RDF102;Computer and information sciences;0.00657582888379693
31;At the Edge of Soft Power: French Saint-Simonians and Nineteenth-Century Visions of Development (History);RDF60;Humanities and the arts;0.44608789682388306;RDF605;Other humanities;0.5225750803947449;RDF604;Arts (arts, history of arts, performing arts, music), architecture and design;0.3089141249656677;RDF601;History, archaeology and related studies;0.16180476546287537
32;Random walks on random graphs in high dimensions (Mathematics and Statistics);RDF10;Natural sciences;0.38523614406585693;RDF101;Mathematics and statistics;0.9980875849723816;RDF107;Other natural sciences;0.025540171191096306;RDF102;Computer and information sciences;0.0010607399744912982
33;Roles, mechanisms of action and regulation of Hippo signaling in the testis (Biological Systems and Functions);RDF10;Natural sciences;0.36760953068733215;RDF106;Biological sciences;0.7470529079437256;RDF107;Other natural sciences;0.05114123970270157;RDF105;Earth and related environmental sciences;0.0014514266513288021
34;The role of the TGFB-SOX9 signaling pathway in brain angiogenesis (Biological Systems and Functions);RDF10;Natural sciences;0.703139066696167;RDF106;Biological sciences;0.9573256969451904;RDF107;Other natural sciences;0.08790912479162216;RDF104;Chemical sciences;0.0002616919227875769
35;A randomized controlled trial comparing Virtual Reality Therapy to Supportive Therapy to reduce cannabis use in patients with psychotic disorders;RDF30;Medical, health and life sciences;0.5179899334907532;RDF302;Clinical medicine;0.916174054145813;RDF303;Health sciences;0.5945472121238708;RDF304;Medical biotechnology;0.3594263195991516
36;Le contrat didactique en sciences humaines au primaire : mieux comprendre les pratiques enseignantes et leurs effets sur l'apprentissage (Education and social work);RDF10;Natural sciences;0.8152284622192383;RDF106;Biological sciences;0.9525419473648071;RDF107;Other natural sciences;0.0006062979809939861;RDF104;Chemical sciences;9.72168127191253e-05
37;Impact of insects by-products and phytogenics on the piglet's intestinal health;RDF10;Natural sciences;0.43534162640571594;RDF106;Biological sciences;0.8557553887367249;RDF107;Other natural sciences;0.6444548964500427;RDF104;Chemical sciences;0.0015172463608905673
38;Response of the continental water cycle to greenhouse warming: evaluating, understanding and constraining Earth System Model projections (Geosciences);RDF10;Natural sciences;0.5144762396812439;RDF105;Earth and related environmental sciences;0.99916011095047;RDF107;Other natural sciences;0.005101908929646015;RDF106;Biological sciences;0.00013028561079408973
39;Why Do Green Products Suffer from Low Consumer Preference? An Explanation Based on Ease of Benefit Visualization and Price Fairness Perceptions;RDF40;Agricultural and veterinary sciences;0.293780654668808;RDF401;Agriculture, forestry, and fisheries;0.5499439239501953;RDF405;Other agricultural sciences;0.12627118825912476;RDF404;Agricultural biotechnology and food sciences;0.06327147036790848
40;Architecture comme tissu spatial et social: perspectives japonaises pour promouvoir les relations multi échelles (Geography, urban planning and related fields);RDF60;Humanities and the arts;0.6533169746398926;RDF604;Arts (arts, history of arts, performing arts, music), architecture and design;0.5515308976173401;RDF605;Other humanities;0.002610943280160427;RDF603;Philosophy;9.602304089639802e-06
41;Femmes mémorialistes sous l'Ancien Régime (XVIe-XVIIIe siècles);RDF60;Humanities and the arts;0.7139748930931091;RDF601;History, archaeology and related studies;0.6393837332725525;RDF605;Other humanities;0.3545140027999878;RDF603;Philosophy;0.0007835871074348688
42;Répit Une Heure pour Moi : Ethnographie ciblée d'un programme de soutien familial à domicile pour les familles dont un enfant a des problèmes de santé mentale;RDF50;Social sciences;0.4076361060142517;RDF504;Sociology and related studies;0.9700278043746948;RDF501;Psychology and cognitive sciences;0.532497227191925;RDF507;Social and economic geography;0.030165378004312515
43;The ethical challenges of Artificial Intelligence for start-ups;RDF20-21;Engineering and technology;0.4478411078453064;RDF212;Other engineering and technologies;0.14084449410438538;RDF203;Electrical engineering, computer engineering, and information engineering;0.013851386494934559;RDF202;Industrial, systems and processes engineering;0.002341935643926263
44;Integrating impacts from marine plastics in Life Cycle Assessment (Civil, Industrial and Systems Engineering);RDF20-21;Engineering and technology;0.9932071566581726;RDF208;Environmental engineering and related engineering;0.9259102940559387;RDF202;Industrial, systems and processes engineering;0.8384698033332825;RDF206;Materials engineering and resources engineering;0.6626183390617371
45;A Semantic Parsing Approach to Open-world Knowledge Graph Question Answering;RDF10;Natural sciences;0.23639686405658722;RDF102;Computer and information sciences;0.32286229729652405;RDF105;Earth and related environmental sciences;0.007166355382651091;RDF106;Biological sciences;0.002615744946524501
46;Appropriation et déploiement d'une approche pédagogique antiraciste chez des formateurs en sciences de la santé (Indigenous research);RDF30;Medical, health and life sciences;0.5313405990600586;RDF303;Health sciences;0.9984283447265625;RDF302;Clinical medicine;0.6074876189231873;RDF301;Basic medicine and life sciences;0.5859697461128235
47;Pathways for the digital economy: Adolescent digital literacies and InstaPoetry;RDF60;Humanities and the arts;0.3796943724155426;RDF602;Languages and literature;0.0035878268536180258;RDF605;Other humanities;0.000802016700617969;RDF604;Arts (arts, history of arts, performing arts, music), architecture and design;6.867261981824413e-05
48;Les discours en matière de pauvreté dans les revues scientifiques francophones du travail social : ce qu'ils nous disent du travail social et de ses rapports à la science et à la théorie (Multidisciplinary or interdisciplinary social sciences);RDF50;Social sciences;0.957877516746521;RDF504;Sociology and related studies;0.9048985838890076;RDF509;Other social sciences;0.051759958267211914;RDF501;Psychology and cognitive sciences;0.018624506890773773
49;Bilingualism and attentional processes in the age and language proficiency continuum (Biological Systems and Functions);RDF10;Natural sciences;0.5242845416069031;RDF106;Biological sciences;0.7496445775032043;RDF107;Other natural sciences;0.024343393743038177;RDF105;Earth and related environmental sciences;0.001005927799269557
50;Arts de la scène, innovations technologiques et clowns pour le renouvellement de l'opéra;RDF20-21;Engineering and technology;0.5643906593322754;RDF212;Other engineering and technologies;0.9926401376724243;RDF202;Industrial, systems and processes engineering;0.677569568157196;RDF203;Electrical engineering, computer engineering, and information engineering;0.5207206010818481
51;"""Domestic art galleries"" in Cuba, Russia, and China after 1989: a(n) (imagined) trans-socialist network (Fine Arts, Research-Creation)";RDF60;Humanities and the arts;0.6964625120162964;RDF605;Other humanities;0.9254091382026672;RDF604;Arts (arts, history of arts, performing arts, music), architecture and design;0.49799951910972595;RDF602;Languages and literature;4.54882210760843e-05
52;Advancing the understanding of fundamental principles of motor control (Biological Systems and Functions);RDF10;Natural sciences;0.5426275730133057;RDF106;Biological sciences;0.7716898322105408;RDF107;Other natural sciences;0.07004665583372116;RDF103;Physical sciences;0.0032641910947859287
53;Impact Award: Insight;RDF30;Medical, health and life sciences;0.2674236595630646;RDF301;Basic medicine and life sciences;0.33456823229789734;RDF302;Clinical medicine;0.1970202624797821;RDF304;Medical biotechnology;0.08189738541841507
54;New Methods for the Stereoselective Synthesis of Organic Compounds (Chemistry);RDF10;Natural sciences;0.44243407249450684;RDF104;Chemical sciences;0.996924638748169;RDF107;Other natural sciences;0.004614383447915316;RDF103;Physical sciences;0.0004354790144134313
55;Capturer le rythme de la vie moderne : le montage rapide comme symptôme et modèle pour les sociétés du début du XXe siècle jusqu'à aujourd'hui (Fine Arts, Research-Creation);RDF60;Humanities and the arts;0.8049466013908386;RDF604;Arts (arts, history of arts, performing arts, music), architecture and design;0.7820866107940674;RDF605;Other humanities;0.021505769342184067;RDF602;Languages and literature;0.0009664841345511377
56;Environnement, médias, archives : une anatomie contemporaine de la mélancolie et de la nostalgie (Fine Arts, Research-Creation);RDF60;Humanities and the arts;0.9866893291473389;RDF605;Other humanities;0.9737566113471985;RDF604;Arts (arts, history of arts, performing arts, music), architecture and design;0.8196141719818115;RDF601;History, archaeology and related studies;0.0405108816921711
57;Multimode determination of gene transcription and metabolic labeling (Genes, Cells and Molecules);RDF10;Natural sciences;0.5963613986968994;RDF106;Biological sciences;0.9754953384399414;RDF104;Chemical sciences;0.7184959053993225;RDF107;Other natural sciences;0.24429908394813538
58;SLAMF7 in innate immune cells and anti-cancer immunotherapy;RDF10;Natural sciences;0.5163487792015076;RDF106;Biological sciences;0.6237146854400635;RDF107;Other natural sciences;0.1506873220205307;RDF104;Chemical sciences;0.000124883750686422
59;À votre service : figures ambivalentes du care dans le Roman français de 1870 à 1945 (Literature);RDF60;Humanities and the arts;0.5222650766372681;RDF602;Languages and literature;0.9988950490951538;RDF605;Other humanities;0.4680928885936737;RDF601;History, archaeology and related studies;0.21679630875587463
60;Using a point-of-care electrophysiological method to study the impact of neuro-sacral function on recovery after acute spinal cord injury;RDF10;Natural sciences;0.5747500658035278;RDF106;Biological sciences;0.04545154422521591;RDF107;Other natural sciences;0.017440099269151688;RDF103;Physical sciences;0.0001506299595348537
61;Local intersectoral networks and institutional transformations: how can local actors promote social innovations? (Education);RDF50;Social sciences;0.47165149450302124;RDF503;Education;0.998767077922821;RDF504;Sociology and related studies;0.1045786589384079;RDF509;Other social sciences;0.0077767460606992245
62;Plasma biomarkers of Alzheimer's disease in insomnia before and after cognitive behavioral therapy for insomnia;RDF30;Medical, health and life sciences;0.4586215019226074;RDF301;Basic medicine and life sciences;0.8733113408088684;RDF302;Clinical medicine;0.8637275695800781;RDF303;Health sciences;0.7745545506477356
63;Developing algorithm aided fabrication methods for polyhedral structures (Civil, Industrial and Systems Engineering);RDF20-21;Engineering and technology;0.9963527321815491;RDF202;Industrial, systems and processes engineering;0.7199170589447021;RDF212;Other engineering and technologies;0.30776238441467285;RDF201;Civil engineering, maritime engineering, transport engineering, and mining engineering;0.17292150855064392
64;SARS-CoV-2 Spike conformation: impact on Fc-mediated effector functions (Virology & Viral Pathogenesis);RDF30;Medical, health and life sciences;0.5006507635116577;RDF303;Health sciences;0.5969218015670776;RDF304;Medical biotechnology;0.42371466755867004;RDF302;Clinical medicine;0.002292173681780696
65;Questions in number theory (Mathematics and Statistics);RDF10;Natural sciences;0.35936734080314636;RDF101;Mathematics and statistics;0.9984175562858582;RDF107;Other natural sciences;0.0007333929534070194;RDF103;Physical sciences;0.00033256059396080673
66;The mammalian target of rapamycin provides the female rodent heart sex-dependent resistance to ischemic damage (Gender, Sex & Health);RDF10;Natural sciences;0.673166811466217;RDF106;Biological sciences;0.9963114857673645;RDF107;Other natural sciences;0.18274946510791779;RDF103;Physical sciences;0.001148012699559331
67;The CAnadian Mother-ChIld COLlaborative Training Platform - The CAMCCO-L Training Platform (Health Research Training Platform);RDF30;Medical, health and life sciences;0.6212122440338135;RDF303;Health sciences;0.9739236831665039;RDF301;Basic medicine and life sciences;0.7163501381874084;RDF302;Clinical medicine;0.05937598645687103
68;Life course body fatness and physical activity, and ovarian cancer etiology (Gender, Sex & Health);RDF30;Medical, health and life sciences;0.62769615650177;RDF301;Basic medicine and life sciences;0.7046254277229309;RDF302;Clinical medicine;0.512458086013794;RDF303;Health sciences;0.4387975335121155
69;Modeling cue-triggered relapse to cocaine use in rats (Behavioural Sciences – Neurobiological Basis of Behavioural Processes);RDF10;Natural sciences;0.5547184944152832;RDF107;Other natural sciences;0.03727328032255173;RDF106;Biological sciences;0.012580654583871365;RDF103;Physical sciences;6.307406874839216e-05
70;Exploring emotional underpinnings of audit work amidst the rise of the digital age;RDF50;Social sciences;0.4263744056224823;RDF501;Psychology and cognitive sciences;0.48353311419487;RDF509;Other social sciences;0.05911257863044739;RDF504;Sociology and related studies;0.0038426853716373444
71;Moving towards culturally safe services for Indigenous people in forensic mental health: A Partnership Development Programme;RDF30;Medical, health and life sciences;0.31855976581573486;RDF305;Other medical sciences;0.0016682143323123455;RDF303;Health sciences;0.0001384091447107494;RDF304;Medical biotechnology;2.6379228074802086e-05
72;Development of functional language brain networks: a multimodal neuroimaging approach (Physics);RDF10;Natural sciences;0.6931674480438232;RDF103;Physical sciences;0.946141242980957;RDF107;Other natural sciences;0.37413012981414795;RDF102;Computer and information sciences;0.0012953379191458225
73;Une deuxième peau à vif: vêtement, genre et violence dans la Bible hébraïque (Philosophy, medieval studies, classics, religious);RDF60;Humanities and the arts;0.9083384871482849;RDF603;Philosophy;0.9952132701873779;RDF605;Other humanities;0.9866768717765808;RDF602;Languages and literature;0.001009240746498108
74;Social Innovation through Participatory Art and Design with Youth at the Margins - Solutions for Engaging and Empowering Youth with Trans-Atlantic Mirroring (Social Innovation);RDF60;Humanities and the arts;0.3059578537940979;RDF604;Arts (arts, history of arts, performing arts, music), architecture and design;0.9187239408493042;RDF605;Other humanities;0.003408492775633931;RDF603;Philosophy;2.4025639504543506e-05
75;Assessment of renal function in adults born preterm: The HAPI-Kidney study (Clinical Investigation – Reproduction, Maternal, Child and Youth Health);RDF30;Medical, health and life sciences;0.9301870465278625;RDF302;Clinical medicine;0.7622225880622864;RDF303;Health sciences;0.6474432945251465;RDF301;Basic medicine and life sciences;0.016559064388275146
76;Unveiling the Role of Cellular Aging in Postmenopausal Syndrome: Rationale for Senolytic-Based Strategies to Enhance Women's Health;RDF10;Natural sciences;0.5092677474021912;RDF106;Biological sciences;0.9573091864585876;RDF107;Other natural sciences;0.06883556395769119;RDF103;Physical sciences;0.00023078445519786328
77;Optimizing the Ageing Brain? Situating Ethical Aspects of Dementia Prevention (BEAD);RDF10;Natural sciences;0.39765506982803345;RDF106;Biological sciences;0.1366255134344101;RDF107;Other natural sciences;0.010844909586012363;RDF103;Physical sciences;0.0004685798194259405
78;Multicommunicating during team meetings and its effect on team functioning;RDF30;Medical, health and life sciences;0.24131327867507935;RDF302;Clinical medicine;0.20361542701721191;RDF301;Basic medicine and life sciences;0.094280906021595;RDF303;Health sciences;0.03831981122493744
79;Transitioning from late adolescence into emerging adulthood: The role of past and current parenting (Psychology);RDF50;Social sciences;0.4245963394641876;RDF501;Psychology and cognitive sciences;0.5281255841255188;RDF509;Other social sciences;0.021795157343149185;RDF503;Education;0.00015645164239685982
80;Plateforme intégrée de caractérisation expérimentale/numérique pour la conception de matériaux poreux innovants (Mechanical Engineering);RDF20-21;Engineering and technology;0.9958476424217224;RDF204;Mechanical engineering;0.9997109174728394;RDF211;Nano-technology;0.054743677377700806;RDF212;Other engineering and technologies;0.04701400175690651
81;How Peers in Healthcare Teams Transform Homelessness Prevention and Care Practices: A Participatory Multiple Case Study;RDF30;Medical, health and life sciences;0.712422251701355;RDF302;Clinical medicine;0.8250625133514404;RDF303;Health sciences;0.04819347709417343;RDF304;Medical biotechnology;0.0011304216459393501
82;Online stochastic optimization for dynamic operations management systems (Civil, Industrial and Systems Engineering);RDF20-21;Engineering and technology;0.9973575472831726;RDF202;Industrial, systems and processes engineering;0.8006174564361572;RDF201;Civil engineering, maritime engineering, transport engineering, and mining engineering;0.14293552935123444;RDF212;Other engineering and technologies;0.03640151023864746
83;Assessing latent-structure models in natural language processing with artificial datasets (Computer Science);RDF20-21;Engineering and technology;0.27107566595077515;RDF212;Other engineering and technologies;0.002347119152545929;RDF203;Electrical engineering, computer engineering, and information engineering;0.0003120924229733646;RDF201;Civil engineering, maritime engineering, transport engineering, and mining engineering;6.392597424564883e-05
84;Electroactive Self-Assembled Monolayers: Putting Surface-Confined Redox Reactions to Work (Chemistry);RDF20-21;Engineering and technology;0.6704362630844116;RDF205;Chemical engineering;0.9865772128105164;RDF206;Materials engineering and resources engineering;0.6924813985824585;RDF211;Nano-technology;0.6725341081619263
85;Role of SCPPPQ1, a junctional epithelium protein, in maintaining periodontal integrity and health (Clinical Investigation – Arthritis, Bone, Skin and Cartilage);RDF30;Medical, health and life sciences;0.4627307057380676;RDF303;Health sciences;0.9853254556655884;RDF302;Clinical medicine;0.9837818145751953;RDF304;Medical biotechnology;0.7968977093696594
86;What dreams may come: How cinema shapes the language, experience, and images of dreaming (Multidisciplinary or interdisciplinary social sciences);RDF50;Social sciences;0.7144334316253662;RDF504;Sociology and related studies;0.812746524810791;RDF508;Media and communications;0.4187898635864258;RDF501;Psychology and cognitive sciences;0.1553180068731308
87;Supramolecular strategies to target cellular membranes (Chemistry);RDF10;Natural sciences;0.8509249091148376;RDF104;Chemical sciences;0.996004045009613;RDF107;Other natural sciences;0.13945764303207397;RDF103;Physical sciences;0.052529528737068176
88;Geopolitics, bargaining, and firm selection along the Belt and Road;RDF30;Medical, health and life sciences;0.22461049258708954;RDF304;Medical biotechnology;4.610050382325426e-05;RDF305;Other medical sciences;3.0653871363028884e-05;RDF301;Basic medicine and life sciences;1.2702648746198975e-05
89;Role of neuron-glia interactions in sensori-motor integration in mastication (Movement & Exercise);RDF10;Natural sciences;0.5543310642242432;RDF106;Biological sciences;0.7821105122566223;RDF107;Other natural sciences;0.05473793298006058;RDF103;Physical sciences;0.002094949595630169
90;Dual-Energy Cone-Beam CT as an online quantitative imaging modality for adaptive radiotherapy (Physics);RDF20-21;Engineering and technology;0.25097745656967163;RDF212;Other engineering and technologies;0.021722158417105675;RDF201;Civil engineering, maritime engineering, transport engineering, and mining engineering;0.004959062673151493;RDF203;Electrical engineering, computer engineering, and information engineering;0.00013276124082040042
91;"Le ""patient expert"": enjeux épistémiques et normatifs (Philosophy, medieval studies, classics, religious)";RDF60;Humanities and the arts;0.823378324508667;RDF603;Philosophy;0.9980732798576355;RDF605;Other humanities;0.3966873288154602;RDF602;Languages and literature;0.0014135227538645267
92;Les données numériques en santé: peut-on bâtir la confiance;RDF30;Medical, health and life sciences;0.6756742596626282;RDF303;Health sciences;0.9927863478660583;RDF302;Clinical medicine;0.8935031890869141;RDF301;Basic medicine and life sciences;0.7298087477684021
93;Role of ARF1 as a key GTPAse regulating immune surveillance in breast cancer;RDF10;Natural sciences;0.5554187297821045;RDF106;Biological sciences;0.9775320291519165;RDF104;Chemical sciences;0.23071607947349548;RDF107;Other natural sciences;0.17436163127422333
94;Critical Replacement of Thermogravimetric Analyzer to Leverage Materials Discovery and Innovation (Chemistry);RDF20-21;Engineering and technology;0.46150869131088257;RDF206;Materials engineering and resources engineering;0.7794553637504578;RDF205;Chemical engineering;0.7156050205230713;RDF212;Other engineering and technologies;0.14799320697784424
95;Partnering with Canadian Youth to Co-Design a Toolkit to Support Youth who Experience Climate-Related Distress;RDF20-21;Engineering and technology;0.2679910361766815;RDF208;Environmental engineering and related engineering;0.3998870253562927;RDF201;Civil engineering, maritime engineering, transport engineering, and mining engineering;0.11862389743328094;RDF212;Other engineering and technologies;0.11188442260026932
96;Family Acculturation: Identity, Legitimacy, and the Marketplace;RDF50;Social sciences;0.23732911050319672;RDF504;Sociology and related studies;0.4787288010120392;RDF507;Social and economic geography;0.01418727170675993;RDF509;Other social sciences;0.002259443514049053
97;Low-Resource Text Understanding (Computer Science);RDF50;Social sciences;0.26312240958213806;RDF509;Other social sciences;0.0023824949748814106;RDF508;Media and communications;0.0004911875003017485;RDF503;Education;0.00034782843431457877
98;Privilège des minoritaires et inégalités épistémiques: une perspective féministe et décoloniale sur la reconnaissance des savoirs expérientiels dans la lutte contre la pauvreté au Québec et en Belgique francophone (Sociology, demography and related fields);RDF50;Social sciences;0.4016684889793396;RDF504;Sociology and related studies;0.9983218312263489;RDF507;Social and economic geography;0.9700095057487488;RDF509;Other social sciences;0.941919207572937
99;L'esthétique moyenne ou la coupe régulière (Sociology, demography and related fields);RDF50;Social sciences;0.8934544920921326;RDF504;Sociology and related studies;0.9975028038024902;RDF507;Social and economic geography;0.9852867722511292;RDF506;Political science and policy administration;0.20780326426029205
100;Deepening understanding on infant and child mortality disparities in low- and middle-income countries: untangling the direct and indirect effects of gender inequality (Multidisciplinary or interdisciplinary social sciences);RDF50;Social sciences;0.9564136266708374;RDF504;Sociology and related studies;0.8864407539367676;RDF509;Other social sciences;0.4046693742275238;RDF506;Political science and policy administration;0.04840240627527237
101;Isolating the role of the raphe-ventral hippocampus serotonergic pathway in anxiety (Behavioural Sciences – Neurobiological Basis of Behavioural Processes);RDF10;Natural sciences;0.7090965509414673;RDF106;Biological sciences;0.16291137039661407;RDF107;Other natural sciences;0.04374028369784355;RDF103;Physical sciences;0.00019690062617883086
102;Facing pain is effortful: a multidisciplinary approach to investigate the effects of pain on perception of effort and performance (Biological Systems and Functions);RDF30;Medical, health and life sciences;0.4611687958240509;RDF301;Basic medicine and life sciences;0.895749568939209;RDF303;Health sciences;0.7446306943893433;RDF302;Clinical medicine;0.6608667969703674
103;Enjeux émergents liés à la présence de manganèse dans les eaux potables (Civil, Industrial and Systems Engineering);RDF20-21;Engineering and technology;0.996013343334198;RDF208;Environmental engineering and related engineering;0.9990835785865784;RDF202;Industrial, systems and processes engineering;0.7319709062576294;RDF201;Civil engineering, maritime engineering, transport engineering, and mining engineering;0.40126833319664
104;Élaboration d'un procédé de stockage de CO2 par minéralisation visant à réduire les émissions des Gaz à Effet de Serre du secteur agricole;RDF20-21;Engineering and technology;0.9929311871528625;RDF208;Environmental engineering and related engineering;0.9994438290596008;RDF205;Chemical engineering;0.9962412714958191;RDF206;Materials engineering and resources engineering;0.9506136775016785
105;Factor models for forecasting and macroeconomic applications (Economics);RDF10;Natural sciences;0.34440574049949646;RDF101;Mathematics and statistics;0.0007959153736010194;RDF107;Other natural sciences;0.00019774299289565533;RDF102;Computer and information sciences;8.497302769683301e-05
106;Une histoire écrite avec des si. Les devenirs romanesques des idéaux libertaires (1898-1940) (Literature);RDF60;Humanities and the arts;0.8457155227661133;RDF602;Languages and literature;0.9982066750526428;RDF605;Other humanities;0.007885654456913471;RDF601;History, archaeology and related studies;0.00080730183981359
107;Jean-Marc Vallée : de Montréal à Hollywood;RDF60;Humanities and the arts;0.48380720615386963;RDF604;Arts (arts, history of arts, performing arts, music), architecture and design;0.06643263250589371;RDF605;Other humanities;0.012334095314145088;RDF601;History, archaeology and related studies;0.00036606169305741787
108;Prebiotics to modify the gut microbiome and enhance immune checkpoint blockers (Cancer Progression & Therapeutics);RDF10;Natural sciences;0.7291995882987976;RDF106;Biological sciences;0.9788901805877686;RDF107;Other natural sciences;0.22242633998394012;RDF105;Earth and related environmental sciences;7.893067231634632e-05
109;Words Matter, Numbers Matter, Ways Matter: Establishing a Data and Resource Platform to Guide Equitable Healthcare for Women Living with Female Genital Mutilation/Cutting in Canada (Public, Community & Population Health);RDF30;Medical, health and life sciences;0.9778174757957458;RDF302;Clinical medicine;0.4562823176383972;RDF303;Health sciences;0.45482006669044495;RDF305;Other medical sciences;0.2766377329826355
110;"Dynamiques de cohabitation à l'ère de la ""super-diversité"" (Anthropology and archaeology)";RDF60;Humanities and the arts;0.7154107689857483;RDF601;History, archaeology and related studies;0.9075504541397095;RDF605;Other humanities;0.5717163681983948;RDF604;Arts (arts, history of arts, performing arts, music), architecture and design;0.31904536485671997
111;Dependence Modelling for Arbitrary Distributions (Mathematics and Statistics);RDF10;Natural sciences;0.4430733025074005;RDF101;Mathematics and statistics;0.9991397857666016;RDF107;Other natural sciences;0.005022620782256126;RDF105;Earth and related environmental sciences;0.0003329903702251613
112;CONTACT BY SEA: : Basques et Autochtones dans le golfe Saint-Laurent, XVIe-XVIIIe siècle (Anthropology and archaeology);RDF60;Humanities and the arts;0.6596575975418091;RDF601;History, archaeology and related studies;0.9744305610656738;RDF605;Other humanities;0.2926451563835144;RDF602;Languages and literature;0.0006775513757020235
113;The impact of genetic variation on genome biology and function (Genes, Cells and Molecules);RDF30;Medical, health and life sciences;0.45916882157325745;RDF301;Basic medicine and life sciences;0.6988362669944763;RDF304;Medical biotechnology;0.4576409161090851;RDF303;Health sciences;0.12321651726961136
114;Orphan Nuclear Receptor Regulation of Fertility (Clinical Investigation – Reproduction, Maternal, Child and Youth Health);RDF30;Medical, health and life sciences;0.8714593052864075;RDF304;Medical biotechnology;0.9074594974517822;RDF303;Health sciences;0.866463303565979;RDF302;Clinical medicine;0.7390954494476318
115;Identifying the roles of atypical MAP kinases ERK3 and ERK4 in cardiac remodelling (Cardiovascular System – Heart and Circulation);RDF10;Natural sciences;0.65631103515625;RDF106;Biological sciences;0.17802229523658752;RDF107;Other natural sciences;0.0010702653089538217;RDF103;Physical sciences;4.521529990597628e-05
116;Valorisation des données industrielles (Civil, Industrial and Systems Engineering);RDF20-21;Engineering and technology;0.996342658996582;RDF202;Industrial, systems and processes engineering;0.7953551411628723;RDF201;Civil engineering, maritime engineering, transport engineering, and mining engineering;0.16786906123161316;RDF210;Industrial biotechnology;0.03439900279045105
117;Multiphysics and multiscale modeling for the intensification of chemical engineering processes (Materials and Chemical Engineering);RDF20-21;Engineering and technology;0.9895732998847961;RDF205;Chemical engineering;0.9896607995033264;RDF202;Industrial, systems and processes engineering;0.31361624598503113;RDF211;Nano-technology;0.13894560933113098
118;Targeting BMP signaling in the tumor endothelium to improve cancer immunotherapy (Cancer Progression & Therapeutics);RDF30;Medical, health and life sciences;0.5362894535064697;RDF304;Medical biotechnology;0.8898082971572876;RDF302;Clinical medicine;0.8392907977104187;RDF303;Health sciences;0.6992278695106506
119;The Impact of Job Transformations on Frontline Employees' Burnout and Performance: Examining the Roles of Manager Support and Empathy;RDF10;Natural sciences;0.26894304156303406;RDF102;Computer and information sciences;0.02565883658826351;RDF107;Other natural sciences;0.0003685188421513885;RDF104;Chemical sciences;0.00015454902313649654
120;Structural design and rehabilitation of bridge superstructure and foundation elements utilizing fibre reinforced concrete and ultra-high performance fibre reinforced concrete with conventional reinforcement;RDF20-21;Engineering and technology;0.9947041273117065;RDF208;Environmental engineering and related engineering;0.3791426718235016;RDF206;Materials engineering and resources engineering;0.2456071823835373;RDF201;Civil engineering, maritime engineering, transport engineering, and mining engineering;0.23748233914375305
121;Des dispositifs de développement professionnels transformateurs pour les enseignants du postsecondaire (Education and social work);RDF50;Social sciences;0.5754446983337402;RDF503;Education;0.9720690250396729;RDF504;Sociology and related studies;0.006344252731651068;RDF509;Other social sciences;0.0004215669760014862
122;High-fidelity simulations of turbulent combustion relevant to gas turbines and compression ignition engines (Mechanical Engineering);RDF20-21;Engineering and technology;0.9953819513320923;RDF204;Mechanical engineering;0.9990875124931335;RDF202;Industrial, systems and processes engineering;0.12232290208339691;RDF212;Other engineering and technologies;0.024473879486322403
123;Responsible Conduct in Research: From Norms to Practice;RDF10;Natural sciences;0.34454208612442017;RDF105;Earth and related environmental sciences;0.19764958322048187;RDF106;Biological sciences;0.1939297914505005;RDF103;Physical sciences;0.19119511544704437
124;Integrity of the cellular transformation barriers in reprogrammed cell (Genes, Cells and Molecules);RDF30;Medical, health and life sciences;0.33245423436164856;RDF304;Medical biotechnology;0.9752682447433472;RDF301;Basic medicine and life sciences;0.916561484336853;RDF303;Health sciences;0.2795315682888031
125;Deuterostome extracellular matrix structures (ossicles and tubes): Evolution, composition, function and development (Evolution and Ecology);RDF10;Natural sciences;0.6983931064605713;RDF106;Biological sciences;0.9468220472335815;RDF105;Earth and related environmental sciences;0.8529508113861084;RDF104;Chemical sciences;0.2006780356168747
126;Finding Order in Chaos: Vibrational Spectroscopy Study of Oriented Soft Materials (Chemistry);RDF10;Natural sciences;0.3930175304412842;RDF104;Chemical sciences;0.9986358284950256;RDF103;Physical sciences;0.5563822984695435;RDF107;Other natural sciences;0.356401264667511
127;COVID-19 seroepidemiology in children Using Retrieved POPCORN site Leftover Samples (CURNLS);RDF30;Medical, health and life sciences;0.6351036429405212;RDF303;Health sciences;0.06177830323576927;RDF301;Basic medicine and life sciences;0.0036380100063979626;RDF305;Other medical sciences;0.00035574729554355145
128;COVIH study: COVID-19 burden in HIV infected individuals;RDF30;Medical, health and life sciences;0.6858084797859192;RDF303;Health sciences;0.9164855480194092;RDF302;Clinical medicine;0.00698836287483573;RDF301;Basic medicine and life sciences;0.0057318005710840225
129;Unravelling the physiological function of a highly conserved HNRNPA1 splice variant (Genes, Cells and Molecules);RDF30;Medical, health and life sciences;0.7000404596328735;RDF301;Basic medicine and life sciences;0.9729797840118408;RDF304;Medical biotechnology;0.9051644802093506;RDF303;Health sciences;0.6960272789001465
130;Valorisation des données de production manufacturière pour une prise de décision personnalisée et décentralisée;RDF20-21;Engineering and technology;0.6564220190048218;RDF204;Mechanical engineering;0.943569540977478;RDF202;Industrial, systems and processes engineering;0.7265191674232483;RDF205;Chemical engineering;0.6504353880882263
131;Uncovering causal complexities and trade-offs in the acceptance of mobile apps used to protect communities: the case of emergency response and contact tracing technologies;RDF20-21;Engineering and technology;0.7204371094703674;RDF212;Other engineering and technologies;0.3142280876636505;RDF203;Electrical engineering, computer engineering, and information engineering;0.13154327869415283;RDF208;Environmental engineering and related engineering;0.03821414336562157
132;Acquisition of an ultracentrifuge to support research in the field of veterinary infectious diseases (Biological Systems and Functions);RDF30;Medical, health and life sciences;0.6075873970985413;RDF305;Other medical sciences;0.0785212442278862;RDF303;Health sciences;0.014825847931206226;RDF301;Basic medicine and life sciences;0.0028666688594967127
133;Penser et agir pour la paix au Québec (Multidisciplinary or interdisciplinary humanities);RDF60;Humanities and the arts;0.6767839193344116;RDF602;Languages and literature;0.7643715739250183;RDF601;History, archaeology and related studies;0.6870908737182617;RDF605;Other humanities;0.49018073081970215
134;Towards a visualization-assisted international history of videogame culture (Fine Arts, Research-Creation);RDF60;Humanities and the arts;0.8455902934074402;RDF605;Other humanities;0.1652166247367859;RDF604;Arts (arts, history of arts, performing arts, music), architecture and design;0.0002929965849034488;RDF601;History, archaeology and related studies;9.273158502765e-05
135;Modélisation et optimisation biomécanique d'orthèses et d'instrumentation de modulation de croissance pour le traitement de la scoliose pédiatrique;RDF30;Medical, health and life sciences;0.40248674154281616;RDF304;Medical biotechnology;0.9992491006851196;RDF301;Basic medicine and life sciences;0.9983868598937988;RDF302;Clinical medicine;0.9973999857902527
136;Randomized controlled trial to evaluate the effect of a postural re-education intervention compared to standard care on scoliosis progression in adolescent (Clinical Investigation – Arthritis, Bone, Skin and Cartilage);RDF10;Natural sciences;0.5603544116020203;RDF107;Other natural sciences;0.9425976872444153;RDF106;Biological sciences;0.01207139901816845;RDF103;Physical sciences;0.00021250602731015533
137;Sommeil après une commotion cérébrale : impact sur le bien-être et le fonctionnement familial (Multidisciplinary or interdisciplinary social sciences);RDF50;Social sciences;0.9877296686172485;RDF504;Sociology and related studies;0.9449506402015686;RDF509;Other social sciences;0.532227635383606;RDF506;Political science and policy administration;0.35126829147338867
138;Few-Mode Optical Coherence Tomography (FM-OCT);RDF30;Medical, health and life sciences;0.4029749631881714;RDF303;Health sciences;0.4444173574447632;RDF301;Basic medicine and life sciences;0.3791581988334656;RDF302;Clinical medicine;0.3725457191467285
139;(IN)VISIBILISATION : Le design au prisme de l'itinérance;RDF60;Humanities and the arts;0.6418823599815369;RDF604;Arts (arts, history of arts, performing arts, music), architecture and design;0.7784304022789001;RDF605;Other humanities;0.5868766903877258;RDF602;Languages and literature;0.013984695076942444
140;Targeting SMOC2-induced epithelial-to-mesenchymal transition inhibits senescence in mouse models of kidney fibrosis (Hematology, Digestive Disease & Kidney);RDF30;Medical, health and life sciences;0.6605514287948608;RDF304;Medical biotechnology;0.9626307487487793;RDF301;Basic medicine and life sciences;0.959852933883667;RDF305;Other medical sciences;0.4748999774456024
141;Modèle explicatif des liens drogues-crimes des jeunes femmes adultes: une nouvelle perspective (Law and criminology);RDF50;Social sciences;0.43514201045036316;RDF505;Law and legal practice;0.022233450785279274;RDF504;Sociology and related studies;0.0030561790335923433;RDF509;Other social sciences;0.0005535507807508111
142;Mégadonnées et techniques avancées démystifiées;RDF60;Humanities and the arts;0.6458585858345032;RDF602;Languages and literature;0.9974860548973083;RDF601;History, archaeology and related studies;0.7007318735122681;RDF604;Arts (arts, history of arts, performing arts, music), architecture and design;0.5059854984283447
143;Developing neurocomputational tools for the prediction and modulation of consciousness (Electrical and Computer Engineering);RDF20-21;Engineering and technology;0.9944502711296082;RDF203;Electrical engineering, computer engineering, and information engineering;0.8019952774047852;RDF212;Other engineering and technologies;0.20611797273159027;RDF207;Medical and biomedical engineering;0.0003073570551350713
144;Description et analyse des interactions orales entre adulte (enseignante/parent) et enfant en lien avec les habiletés narratives lors de la lecture d'albums plurilingues dans une perspective de collaboration école-famille en milieu pluriethnique (Education and social work);RDF50;Social sciences;0.5395875573158264;RDF503;Education;0.854210615158081;RDF504;Sociology and related studies;0.6725530028343201;RDF509;Other social sciences;0.001800578786060214
145;Contribuer au développement d'écoles plus justes et inclusives du personnel scolaire de groupes racisés : quels cadres de référence éthique pour les directions d'établissement d'enseignement? (Education and social work);RDF50;Social sciences;0.6106706857681274;RDF503;Education;0.7712335586547852;RDF504;Sociology and related studies;0.057007212191820145;RDF509;Other social sciences;0.00026573665672913194
146;Manipulating methionine metabolism to shape immune responses and modify disease progression in both sexes in MS (Systems & Circuits Neurosciences);RDF20-21;Engineering and technology;0.5154685974121094;RDF207;Medical and biomedical engineering;0.5102997422218323;RDF212;Other engineering and technologies;0.17459121346473694;RDF205;Chemical engineering;0.06909367442131042
147;Lymphatic vessel function in atherosclerosis (Clinical Investigation – Cardiovascular Systems);RDF30;Medical, health and life sciences;0.7021903991699219;RDF302;Clinical medicine;0.6852249503135681;RDF304;Medical biotechnology;0.018379103392362595;RDF303;Health sciences;0.012890622019767761
148;Théorie de l'improvisation comme pratique de vulnérabilité en recherche-création (Literature);RDF60;Humanities and the arts;0.956299901008606;RDF602;Languages and literature;0.9910479784011841;RDF605;Other humanities;0.023500628769397736;RDF603;Philosophy;0.009814634919166565
149;Potentialiser le leadership normatif de l'Organisation mondiale de la santé: une étude internationale (Law and criminology);RDF50;Social sciences;0.6778894066810608;RDF504;Sociology and related studies;0.9853273630142212;RDF505;Law and legal practice;0.8178098797798157;RDF509;Other social sciences;0.044556476175785065
150;PARCS en Santé: Contrôler les agents pathogènes transmis par les tiques tout en protégeant la biodiversité des parcs nature péri-urbains;RDF30;Medical, health and life sciences;0.8761060833930969;RDF303;Health sciences;0.9983187317848206;RDF304;Medical biotechnology;0.9982222318649292;RDF302;Clinical medicine;0.997951865196228
151;Appréhender la colère sociale : une enquête comparative auprès des jeunes NEET au Québec et en Ontario (Sociology, demography and related fields);RDF50;Social sciences;0.8347797393798828;RDF504;Sociology and related studies;0.9986441135406494;RDF507;Social and economic geography;0.729822039604187;RDF509;Other social sciences;0.059854406863451004
152;La professionnalisation des enseignants d'éducation physique et à la santé à l'école primaire et secondaire : l'enjeu stratégique du savoir professionnel au Québec et en Ontario (Education and social work);RDF30;Medical, health and life sciences;0.5260715484619141;RDF301;Basic medicine and life sciences;0.6968796253204346;RDF303;Health sciences;0.6218900084495544;RDF302;Clinical medicine;0.36194440722465515
153;Two-phase flow numerical model development based on experimental characterization (Mechanical Engineering);RDF20-21;Engineering and technology;0.9925237894058228;RDF204;Mechanical engineering;0.9989957213401794;RDF202;Industrial, systems and processes engineering;0.14545029401779175;RDF212;Other engineering and technologies;0.023445945233106613
154;Idea vitality and group idea elaboration;RDF10;Natural sciences;0.3134782612323761;RDF105;Earth and related environmental sciences;0.15032045543193817;RDF102;Computer and information sciences;0.13609859347343445;RDF106;Biological sciences;0.10672081261873245
155;La réorganisation des services institutionnels et communautaires auprès des personnes en situation d'itinérance et les besoins des personnes en situation d'itinérance pour faire face à la pandémie de COVID-19;RDF30;Medical, health and life sciences;0.6371261477470398;RDF301;Basic medicine and life sciences;0.007656863424926996;RDF302;Clinical medicine;0.0026023448444902897;RDF303;Health sciences;0.0007135588093660772
156;Contribution of 17beta-estradiol in pregnancy-related cardiac arrhythmias (Cardiovascular System – Cells and Tissues);RDF10;Natural sciences;0.47489267587661743;RDF106;Biological sciences;0.5628852248191833;RDF107;Other natural sciences;0.058390311896800995;RDF103;Physical sciences;3.0232198696467094e-05
157;Le vivant à l'aune de l'Anthropocène. Étude des enjeux matériels, sociaux, culturels, éthiques et épistémologiques des représentations du vivant et des imaginaires sociotechniques des biotechnologies (Mutidisciplinary or interdisciplinary social sciences);RDF60;Humanities and the arts;0.4818061292171478;RDF605;Other humanities;0.9484063982963562;RDF601;History, archaeology and related studies;0.9107289910316467;RDF604;Arts (arts, history of arts, performing arts, music), architecture and design;0.0887933075428009
158;Connectivité intelligente des véhicules urbains dans un réseau hétérogène d'ondes millimétriques (Electrical and Computer Engineering);RDF20-21;Engineering and technology;0.9969283938407898;RDF203;Electrical engineering, computer engineering, and information engineering;0.9962205290794373;RDF202;Industrial, systems and processes engineering;0.7656357884407043;RDF208;Environmental engineering and related engineering;0.5818431377410889
159;How spokespersons stand for, act for, and speak for a collective: Understanding the communicative inner workings of political representation and its organizing effects (Communications, media studies, gender studies, library and information science, related fields);RDF50;Social sciences;0.5451019406318665;RDF508;Media and communications;0.9993501305580139;RDF509;Other social sciences;0.025476165115833282;RDF504;Sociology and related studies;0.001610154053196311
160;Coconstruire un modèle théorique de l'objection de conscience : approfondir sa compréhension afin de mieux l'intégrer à la formation et la pratique infirmière;RDF30;Medical, health and life sciences;0.6029075384140015;RDF301;Basic medicine and life sciences;0.8673839569091797;RDF302;Clinical medicine;0.728874146938324;RDF303;Health sciences;0.6469394564628601
161;Acceptability, user experience and effect of a new mobile app, 'OUPS!', a FemTech solution designed for the treatment of urinary incontinence in menopausal women: a mixed method study;RDF30;Medical, health and life sciences;0.8815181851387024;RDF302;Clinical medicine;0.9457571506500244;RDF304;Medical biotechnology;0.7668207287788391;RDF303;Health sciences;0.5608404278755188
162;Traduction et journalisme/Translation and Journalism/Traducción y periodismo;RDF30;Medical, health and life sciences;0.23540093004703522;RDF304;Medical biotechnology;9.386352758156136e-05;RDF305;Other medical sciences;3.221001315978356e-05;RDF302;Clinical medicine;2.98037521133665e-05
163;Réponse différentielle à l'évaluation formelle en protection de la jeunesse en contexte de diversité ethnoculturelle: portrait de la situation et perspectives des familles et des intervenants (Education and social work);RDF50;Social sciences;0.513454258441925;RDF503;Education;0.9970850944519043;RDF504;Sociology and related studies;0.6640976071357727;RDF509;Other social sciences;0.0031327756587415934
164;Grey box optimization (Civil, Industrial and Systems Engineering);RDF20-21;Engineering and technology;0.997519850730896;RDF202;Industrial, systems and processes engineering;0.773758590221405;RDF201;Civil engineering, maritime engineering, transport engineering, and mining engineering;0.38081908226013184;RDF212;Other engineering and technologies;0.0019063359359279275
165;Polymers for realizing energetic materials with tailored performance (Materials and Chemical Engineering);RDF20-21;Engineering and technology;0.9899908304214478;RDF205;Chemical engineering;0.9924181699752808;RDF206;Materials engineering and resources engineering;0.6404105424880981;RDF202;Industrial, systems and processes engineering;0.09788700193166733
166;How does the interplay between mandatory and voluntary regulation shape industry practice change for the better?;RDF50;Social sciences;0.2721621096134186;RDF502;Economics and business administration;0.7269132137298584;RDF504;Sociology and related studies;0.2607876658439636;RDF503;Education;0.11366014182567596
167;Unité de liaison pour la recherche internationale sur le conseil scientifique;RDF10;Natural sciences;0.551893413066864;RDF106;Biological sciences;0.7043721079826355;RDF103;Physical sciences;0.5224599242210388;RDF102;Computer and information sciences;0.31855347752571106
168;La téléologie naturelle au 18e siècle (Philosophy);RDF10;Natural sciences;0.48435086011886597;RDF107;Other natural sciences;0.5072339773178101;RDF105;Earth and related environmental sciences;0.49079275131225586;RDF106;Biological sciences;0.0013906637905165553
169;Mouvements sociaux, droits sociaux et démocratie. Une théorie normative (Philosophy);RDF50;Social sciences;0.8272078037261963;RDF508;Media and communications;0.9997190237045288;RDF505;Law and legal practice;0.9956430792808533;RDF504;Sociology and related studies;0.9784908294677734
170;Modeling the thermodynamic and physical properties of Deep Eutectic Solvents (Materials and Chemical Engineering);RDF20-21;Engineering and technology;0.8780981302261353;RDF205;Chemical engineering;0.9934262037277222;RDF206;Materials engineering and resources engineering;0.3983931839466095;RDF208;Environmental engineering and related engineering;0.0024716095067560673
171;La qualité des relations employé-superviseur : Un modèle processuel des antécédents, conséquences, et modérateurs des évaluations comparatives;RDF50;Social sciences;0.2573879063129425;RDF502;Economics and business administration;0.47385337948799133;RDF503;Education;0.24858301877975464;RDF504;Sociology and related studies;0.07570795714855194
172;Mathésis, mimésis, sémiosis : la littérarité des genres populaires dans les littératures francophones d'Afrique subsaharienne, du Maghreb et des Caraïbes (Literature);RDF60;Humanities and the arts;0.9959549307823181;RDF602;Languages and literature;0.9996580481529236;RDF605;Other humanities;0.6391000151634216;RDF603;Philosophy;0.00015287971473298967
173;Regime Change and Resilience of Maya peoples at the end of the Classic period (ca. 800-1000 CE) (Anthropology and archaeology);RDF60;Humanities and the arts;0.9571828842163086;RDF601;History, archaeology and related studies;0.9978794455528259;RDF604;Arts (arts, history of arts, performing arts, music), architecture and design;0.485970675945282;RDF605;Other humanities;0.07473679631948471
174;Recommendations for culturally sensitive and intersectional practice in suicide prevention intervention for public safety personnel : a qualitative approach (Crisis/Suicide Line and App-based Support Models for post traum. stress in public safety personnel (PSP));RDF50;Social sciences;0.23731064796447754;RDF504;Sociology and related studies;0.30318483710289;RDF509;Other social sciences;0.0001883040531538427;RDF508;Media and communications;8.21772773633711e-05
175;Varieties of Valuings (Philosophy);RDF60;Humanities and the arts;0.28987768292427063;RDF603;Philosophy;0.9936415553092957;RDF605;Other humanities;0.04570087417960167;RDF602;Languages and literature;0.00023800415510777384
176;Pilotage en temps réel des systèmes à l'ère de l'industrie 4.0 (Civil, Industrial and Systems Engineering);RDF20-21;Engineering and technology;0.9967615008354187;RDF202;Industrial, systems and processes engineering;0.8398700952529907;RDF201;Civil engineering, maritime engineering, transport engineering, and mining engineering;0.18119807541370392;RDF204;Mechanical engineering;0.14211194217205048
177;Understanding Esophageal Atresia using Induced Pluripotent Stem Cells;RDF10;Natural sciences;0.4037996232509613;RDF106;Biological sciences;0.9330472946166992;RDF107;Other natural sciences;0.09642960876226425;RDF103;Physical sciences;0.0019969609566032887
178;Discovery and characterization of novel genetic-exchange and drug-resistance mechanisms in Leishmania parasites (Microbiology & Infectious Diseases);RDF10;Natural sciences;0.46211931109428406;RDF106;Biological sciences;0.8927391171455383;RDF107;Other natural sciences;0.07317876815795898;RDF104;Chemical sciences;2.3579301341669634e-05
179;From Perception and Learning to Understanding and Action (Computer Science);RDF10;Natural sciences;0.23797234892845154;RDF102;Computer and information sciences;0.9996162056922913;RDF107;Other natural sciences;0.18523314595222473;RDF103;Physical sciences;5.2938168664695695e-05
180;Novel mechanisms of theca cell growth in the ovarian follicle of cattle (Biological Systems and Functions);RDF40;Agricultural and veterinary sciences;0.5744925141334534;RDF402;Animal and dairy sciences;0.9983322024345398;RDF403;Veterinary sciences;0.97178053855896;RDF404;Agricultural biotechnology and food sciences;0.6241207718849182
181;An OCT-controlled system for precise and reproducible subretinal drug injection in mice;RDF20-21;Engineering and technology;0.5220940113067627;RDF207;Medical and biomedical engineering;0.8230888843536377;RDF208;Environmental engineering and related engineering;0.62822425365448;RDF210;Industrial biotechnology;0.5095244646072388
182;Bioenergetic role of astrocytes in neuronal plasticity and behaviour (Genes, Cells and Molecules);RDF10;Natural sciences;0.46530985832214355;RDF106;Biological sciences;0.7147222757339478;RDF107;Other natural sciences;0.0287421066313982;RDF102;Computer and information sciences;0.0005791296134702861
183;In Democracy we trust, do we? (Sociology, demography and related fields);RDF50;Social sciences;0.9174908399581909;RDF504;Sociology and related studies;0.998755931854248;RDF506;Political science and policy administration;0.6726894974708557;RDF509;Other social sciences;0.1262022852897644
184;Minimally-invasive monitoring of renal health in reptiles (Biological Systems and Functions);RDF10;Natural sciences;0.6576606035232544;RDF106;Biological sciences;0.8039441704750061;RDF107;Other natural sciences;0.2723274230957031;RDF103;Physical sciences;0.00032507660216651857
185;Le réenchantement à contretemps ? Irrationalité et postmodernité littéraire;RDF60;Humanities and the arts;0.9162075519561768;RDF602;Languages and literature;0.9951419234275818;RDF605;Other humanities;0.7504333853721619;RDF604;Arts (arts, history of arts, performing arts, music), architecture and design;0.30673664808273315
186;Structure-functional property-device performance relationships in electronic and energy materials and devices;RDF20-21;Engineering and technology;0.9265310764312744;RDF206;Materials engineering and resources engineering;0.7433573007583618;RDF203;Electrical engineering, computer engineering, and information engineering;0.5798276662826538;RDF202;Industrial, systems and processes engineering;0.45007583498954773
187;AI augmented pilot;RDF30;Medical, health and life sciences;0.3526739776134491;RDF304;Medical biotechnology;0.6689907312393188;RDF305;Other medical sciences;0.014570384286344051;RDF301;Basic medicine and life sciences;0.004525452386587858
188;Transfert, appropriation et rétention des pratiques associées à l'approvisionnement valorisant l'innovation dans le réseau québécois de la santé : le cas de l'approche fonctionnelle;RDF20-21;Engineering and technology;0.7841794490814209;RDF207;Medical and biomedical engineering;0.8317776918411255;RDF212;Other engineering and technologies;0.6433654427528381;RDF202;Industrial, systems and processes engineering;0.5902315974235535
189;Le patrimoine des groupes ethnoculturels de Montréal: le cas de Montréal-Nord;RDF60;Humanities and the arts;0.6383061408996582;RDF601;History, archaeology and related studies;0.9514566659927368;RDF602;Languages and literature;0.0932280421257019;RDF605;Other humanities;0.0028791052754968405
190;Documenting forager adaptations to dramatic climate change at the Pleistocene-Holocene transition in Liguria (Italy) (Anthropology and archaeology);RDF60;Humanities and the arts;0.6072666049003601;RDF601;History, archaeology and related studies;0.9987834095954895;RDF605;Other humanities;0.2541196942329407;RDF604;Arts (arts, history of arts, performing arts, music), architecture and design;0.23816511034965515
191;Abordabilité intégrée: état des connaissances sur les interactions entre coûts d'habitation et de transport;RDF10;Natural sciences;0.25960952043533325;RDF103;Physical sciences;0.13616672158241272;RDF102;Computer and information sciences;0.02892332896590233;RDF104;Chemical sciences;0.020189126953482628
192;High definition digital microscope for accelerating Québec entomological research (Environmental Sciences);RDF10;Natural sciences;0.66399085521698;RDF102;Computer and information sciences;0.43533921241760254;RDF107;Other natural sciences;0.4338992238044739;RDF105;Earth and related environmental sciences;0.02796447090804577
193;Envisioning and Enacting UX Evaluation of Augmented Reality: A Multimethod Approach (Civil, Industrial and Systems Engineering);RDF20-21;Engineering and technology;0.9973934888839722;RDF202;Industrial, systems and processes engineering;0.71375572681427;RDF212;Other engineering and technologies;0.3777264654636383;RDF201;Civil engineering, maritime engineering, transport engineering, and mining engineering;0.1742883324623108
194;Kinematic-specific proprioceptive stimulations to better understand sensory control of gait movements (Mechanical Engineering);RDF20-21;Engineering and technology;0.9073011875152588;RDF204;Mechanical engineering;0.9994762539863586;RDF212;Other engineering and technologies;0.04116465896368027;RDF207;Medical and biomedical engineering;0.00023103589774109423
195;Attentional processes in the human insula (Biological Systems and Functions);RDF10;Natural sciences;0.4287427067756653;RDF106;Biological sciences;0.5279897451400757;RDF103;Physical sciences;0.013482761569321156;RDF107;Other natural sciences;0.007199663668870926
196;Towards More Autonomous and Safer Unmanned Aerial Vehicle Systems (Mechanical Engineering);RDF20-21;Engineering and technology;0.9969097971916199;RDF204;Mechanical engineering;0.9982789158821106;RDF212;Other engineering and technologies;0.3005565106868744;RDF202;Industrial, systems and processes engineering;0.23144423961639404
197;Subsea and terrestrial permafrost of the central and eastern Canadian Arctic Archipelago (Geosciences);RDF10;Natural sciences;0.6327210068702698;RDF105;Earth and related environmental sciences;0.9994339942932129;RDF107;Other natural sciences;0.43335413932800293;RDF106;Biological sciences;0.0003353572392370552
198;Global Centers Track 2: Heat Adaptation;RDF10;Natural sciences;0.66936194896698;RDF105;Earth and related environmental sciences;0.8048961758613586;RDF103;Physical sciences;0.7125267386436462;RDF107;Other natural sciences;0.19860050082206726
199;Immunovirological determinants of breakthrough COVID-19 disease in vaccinated or previously infected individuals (Virology & Viral Pathogenesis);RDF30;Medical, health and life sciences;0.5880688428878784;RDF303;Health sciences;0.6794031858444214;RDF302;Clinical medicine;0.3097992539405823;RDF301;Basic medicine and life sciences;0.11474732309579849
200;Hormonal control of stamen filament growth;RDF10;Natural sciences;0.4717088043689728;RDF106;Biological sciences;0.9273395538330078;RDF105;Earth and related environmental sciences;0.44247186183929443;RDF107;Other natural sciences;0.2718219459056854
201;Investigate features and dynamics of intron RNP biology and its role in modulating RNA metabolism (Biochemistry & Molecular Biology);RDF30;Medical, health and life sciences;0.45364928245544434;RDF301;Basic medicine and life sciences;0.78091961145401;RDF304;Medical biotechnology;0.5022154450416565;RDF305;Other medical sciences;0.0034004144836217165
202;CircRNAome in childhood TCF3-PBX1 ALL: Biomaker potential and mechanisms of circRNA dysregulation and function;RDF10;Natural sciences;0.43982255458831787;RDF106;Biological sciences;0.66221022605896;RDF107;Other natural sciences;0.007679281290620565;RDF105;Earth and related environmental sciences;0.0007876729359850287
203;Additive manufacturing technologies for high-performance and high-productivity of multifunctional composite structures and their sustainability for aerospace applications;RDF20-21;Engineering and technology;0.9646273851394653;RDF204;Mechanical engineering;0.40383321046829224;RDF206;Materials engineering and resources engineering;0.402005672454834;RDF202;Industrial, systems and processes engineering;0.35569876432418823
204;Computational methods and frameworks for unsupervised machine learning;RDF20-21;Engineering and technology;0.46187570691108704;RDF203;Electrical engineering, computer engineering, and information engineering;0.08259810507297516;RDF201;Civil engineering, maritime engineering, transport engineering, and mining engineering;0.0029300260357558727;RDF212;Other engineering and technologies;0.0020144868176430464
205;Au coeur du cosmos TRYSPACES: Colloque, exposition et bibliothèque numérique;RDF60;Humanities and the arts;0.8793435096740723;RDF605;Other humanities;0.9884446263313293;RDF602;Languages and literature;0.8771562576293945;RDF601;History, archaeology and related studies;0.7710902094841003
206;Understanding Attitudes toward Artists with a Physical Disability;RDF60;Humanities and the arts;0.298927903175354;RDF604;Arts (arts, history of arts, performing arts, music), architecture and design;0.2770923674106598;RDF605;Other humanities;0.24651090800762177;RDF603;Philosophy;0.0009214309975504875
207;Non-target analysis of radicals in sonochemical and advanced oxidation processes (AOPs) (Materials and Chemical Engineering);RDF20-21;Engineering and technology;0.9868910312652588;RDF205;Chemical engineering;0.9944933652877808;RDF206;Materials engineering and resources engineering;0.2039988934993744;RDF202;Industrial, systems and processes engineering;0.1746988296508789
208;La cyberviolence dans les relations amoureuses des jeunes : identifier les facteurs de risque et de protection ainsi que leurs impacts différenciés selon le genre;RDF10;Natural sciences;0.2576058506965637;RDF102;Computer and information sciences;0.31551608443260193;RDF103;Physical sciences;0.04099186137318611;RDF106;Biological sciences;0.012549718841910362
209;"""Sentometrics"": Econometrics of textual sentiment with applications in economics and finance";RDF50;Social sciences;0.32224348187446594;RDF502;Economics and business administration;0.002616708865389228;RDF509;Other social sciences;0.0006248989375308156;RDF508;Media and communications;0.00013470204430632293
210;Clean Energy transition, Market Design and Industry Dynamics;RDF20-21;Engineering and technology;0.8695344924926758;RDF208;Environmental engineering and related engineering;0.9034682512283325;RDF202;Industrial, systems and processes engineering;0.677020788192749;RDF212;Other engineering and technologies;0.5656999349594116
211;Conférence de l'International Society for the Study of Drug Policy;RDF50;Social sciences;0.46822357177734375;RDF504;Sociology and related studies;0.164960578083992;RDF509;Other social sciences;0.01034537609666586;RDF506;Political science and policy administration;0.000571858836337924
212;Methods development for the measurement of single-cell molecular state (Genes, Cells and Molecules);RDF10;Natural sciences;0.6134291887283325;RDF106;Biological sciences;0.9290137887001038;RDF104;Chemical sciences;0.8269586563110352;RDF103;Physical sciences;0.570054292678833
213;Multifunctional Engineering Structures via Embodied Intelligence;RDF20-21;Engineering and technology;0.9832101464271545;RDF202;Industrial, systems and processes engineering;0.9358730316162109;RDF203;Electrical engineering, computer engineering, and information engineering;0.7501115798950195;RDF208;Environmental engineering and related engineering;0.6796787977218628
214;Spin waves in ferromagnetic metallic wires (Physics);RDF10;Natural sciences;0.980989396572113;RDF103;Physical sciences;0.9995141625404358;RDF107;Other natural sciences;0.38481178879737854;RDF105;Earth and related environmental sciences;0.00020736819715239108
215;Molecular Chronobiology and regulation of gene expression in dinoflagellates (Genes, Cells and Molecules);RDF10;Natural sciences;0.8222896456718445;RDF106;Biological sciences;0.9812524318695068;RDF107;Other natural sciences;0.5155516862869263;RDF105;Earth and related environmental sciences;0.0011882752878591418
216;Combiner l’hypnose, la réalité virtuelle, la neurophysiologie et l’intelligence artificielle dans la gestion non-pharmacologique et personnalisée de la douleur chronique;RDF20-21;Engineering and technology;0.40338724851608276;RDF212;Other engineering and technologies;0.9751643538475037;RDF203;Electrical engineering, computer engineering, and information engineering;0.758403480052948;RDF202;Industrial, systems and processes engineering;0.726746141910553
217;Les théories inédites de la foi des penseurs dominicains des années 1250-1350 (Philosophy);RDF60;Humanities and the arts;0.5518800020217896;RDF603;Philosophy;0.9995025992393494;RDF605;Other humanities;0.037273164838552475;RDF602;Languages and literature;0.0007352679967880249
218;Computationally efficient multiphysics and multiscale modeling approaches applied to porous materials engineering;RDF20-21;Engineering and technology;0.9852170348167419;RDF205;Chemical engineering;0.6269460916519165;RDF206;Materials engineering and resources engineering;0.4331839382648468;RDF204;Mechanical engineering;0.158002570271492
219;Marriage, Sorting, and Segregation Across U.S. Cities (Economics);RDF50;Social sciences;0.41378116607666016;RDF507;Social and economic geography;0.9997792840003967;RDF502;Economics and business administration;0.28004100918769836;RDF504;Sociology and related studies;0.006982012186199427
220;Highly versatile benchtop Flow Cytometry Analyzer (Materials and Chemical Engineering);RDF20-21;Engineering and technology;0.9929327368736267;RDF205;Chemical engineering;0.98429936170578;RDF206;Materials engineering and resources engineering;0.5566415190696716;RDF212;Other engineering and technologies;0.15160661935806274
221;Analysis of Extreme Values;RDF10;Natural sciences;0.4949544072151184;RDF103;Physical sciences;0.6024381518363953;RDF101;Mathematics and statistics;0.3689076006412506;RDF105;Earth and related environmental sciences;0.2979317605495453
222;Frontlines to Headlines: The Politics of Memory, War and the Press in interwar Germany (History);RDF50;Social sciences;0.3200412392616272;RDF508;Media and communications;0.9965469837188721;RDF504;Sociology and related studies;0.2745177149772644;RDF509;Other social sciences;0.0021588567178696394
223;Mechanistic Investigations of Nickel-Promoted C-Heteroatom Bond Making Reactions (Chemistry);RDF10;Natural sciences;0.7940922975540161;RDF104;Chemical sciences;0.9988444447517395;RDF103;Physical sciences;0.9908425211906433;RDF107;Other natural sciences;0.15324753522872925
224;Manipulated Procurement;RDF30;Medical, health and life sciences;0.31545206904411316;RDF305;Other medical sciences;0.0007491909782402217;RDF304;Medical biotechnology;0.00035956630017608404;RDF301;Basic medicine and life sciences;0.00018238004122395068
225;Functionalized Bilayer Graphene Devices: Achieving Selectivity and Sensitivity;RDF20-21;Engineering and technology;0.9326330423355103;RDF211;Nano-technology;0.9973132014274597;RDF205;Chemical engineering;0.8789334297180176;RDF206;Materials engineering and resources engineering;0.8574641346931458
226;Le rôle de la résilience sur la santé et le bien-être des équipes interprofessionnelles: validation d'une démarche managériale participative;RDF30;Medical, health and life sciences;0.43040594458580017;RDF301;Basic medicine and life sciences;0.5448038578033447;RDF302;Clinical medicine;0.48576459288597107;RDF303;Health sciences;0.48331886529922485
227;Les jeunes en difficulté et faisant l'objet d'une double prise en charge judiciaire : parcours de vie, trajectoires dans les services et pratiques professionnelles (Law and criminology);RDF50;Social sciences;0.24053452908992767;RDF505;Law and legal practice;0.9873062968254089;RDF507;Social and economic geography;0.006298508029431105;RDF503;Education;0.00024812089395709336
228;"Before the ""Great Divide"": The Shared Language(s) of Art and Science in the Early Modern Period (Fine Arts, Research-Creation)";RDF60;Humanities and the arts;0.788151741027832;RDF604;Arts (arts, history of arts, performing arts, music), architecture and design;0.5616540908813477;RDF601;History, archaeology and related studies;0.07673060148954391;RDF602;Languages and literature;0.03437105193734169
229;MID-INFRARED QUANTUM TECHNOLOGY FOR SENSING (MIRAQLS);RDF20-21;Engineering and technology;0.4420740604400635;RDF211;Nano-technology;0.9832553863525391;RDF209;Environmental biotechnology;0.935625433921814;RDF208;Environmental engineering and related engineering;0.7051348686218262
230;Exploiting minor histocompatibility antigens for personalized cancer immunotherapy (Cancer Progression & Therapeutics);RDF30;Medical, health and life sciences;0.5307061076164246;RDF304;Medical biotechnology;0.9975888133049011;RDF303;Health sciences;0.8929498791694641;RDF302;Clinical medicine;0.6917952299118042
231;Investment incentives in matching markets: on the foundations of competitive models (Economics);RDF50;Social sciences;0.26304927468299866;RDF502;Economics and business administration;0.1166844293475151;RDF509;Other social sciences;0.0004999256343580782;RDF503;Education;0.00010987967834807932
232;Advancing Machine Learning with Causal Models (Computer Science);RDF20-21;Engineering and technology;0.36921894550323486;RDF212;Other engineering and technologies;0.06612865626811981;RDF203;Electrical engineering, computer engineering, and information engineering;0.00041052710730582476;RDF201;Civil engineering, maritime engineering, transport engineering, and mining engineering;0.00014036244829185307
233;The Brahma Kumari Tradition in Canada and the United States (Medieval, classics, religious studies);RDF60;Humanities and the arts;0.995534360408783;RDF605;Other humanities;0.9726361632347107;RDF601;History, archaeology and related studies;0.7659880518913269;RDF602;Languages and literature;0.027219898998737335
234;Social polarization in high schools during COVID-19: A mixed-method Positive Youth Development research to inform how to promote well-being and reduce violence among adolescents (Education and social work);RDF50;Social sciences;0.42605331540107727;RDF503;Education;0.9339501261711121;RDF504;Sociology and related studies;0.640903651714325;RDF509;Other social sciences;0.0027804714627563953
235;Assessing the community needs of Canadians with limb loss: Building the foundation for community action;RDF30;Medical, health and life sciences;0.3656349182128906;RDF305;Other medical sciences;0.08060671389102936;RDF303;Health sciences;0.07193347066640854;RDF301;Basic medicine and life sciences;0.07099156826734543
236;Addition of high dose Stimulant and engagement-focused Contingency management, alone and in combination, to treatment as usual for the management of MEthamphetamine use disorder (ASCME): a pan-Canadian multisite randomized controlled trial;RDF30;Medical, health and life sciences;0.8367927074432373;RDF302;Clinical medicine;0.9536677002906799;RDF303;Health sciences;0.42638707160949707;RDF304;Medical biotechnology;0.10029523819684982
237;Écrire / Traduire / Visualiser les humanités numériques;RDF60;Humanities and the arts;0.4680249094963074;RDF602;Languages and literature;0.997915506362915;RDF601;History, archaeology and related studies;0.11271436512470245;RDF604;Arts (arts, history of arts, performing arts, music), architecture and design;0.10683469474315643
238;Smart Electrolytes for a New Perspective on Electrochemical Energy Storage (Chemistry);RDF20-21;Engineering and technology;0.38453230261802673;RDF205;Chemical engineering;0.006084626540541649;RDF212;Other engineering and technologies;0.005671345163136721;RDF211;Nano-technology;0.0018364106072112918
239;Femmes et pouvoirs dans le bailliage de Montréal (1644-1693) (History);RDF20-21;Engineering and technology;0.52995765209198;RDF201;Civil engineering, maritime engineering, transport engineering, and mining engineering;0.12494991719722748;RDF212;Other engineering and technologies;0.1013217493891716;RDF202;Industrial, systems and processes engineering;0.0023239748552441597
240;Entre pressions socioculturelles et insatisfaction à l'égard de l'image corporelle : le rôle médiateur de caractéristiques personnelles chez les adolescents et jeunes hommes. (Psychology);RDF50;Social sciences;0.8572104573249817;RDF501;Psychology and cognitive sciences;0.7286099791526794;RDF509;Other social sciences;0.06586316972970963;RDF508;Media and communications;0.010046875104308128
241;Multi-Precision Optimization and Methods with Inaccurate Functions and Derivatives (Computer Science);RDF20-21;Engineering and technology;0.42369282245635986;RDF212;Other engineering and technologies;0.01953958161175251;RDF203;Electrical engineering, computer engineering, and information engineering;0.009246080182492733;RDF201;Civil engineering, maritime engineering, transport engineering, and mining engineering;0.00036648401874117553
242;Adaptive FEM for Analysis, Design, and Control of Complex Flows (Mechanical Engineering);RDF20-21;Engineering and technology;0.9951428174972534;RDF204;Mechanical engineering;0.9994610548019409;RDF202;Industrial, systems and processes engineering;0.6709772348403931;RDF212;Other engineering and technologies;0.03578582778573036
243;Diagnosis of Aggressive Prostate Cancer Using Key Features of Raman Spectroscopy (Cancer Progression & Therapeutics);RDF30;Medical, health and life sciences;0.568551242351532;RDF302;Clinical medicine;0.9927148818969727;RDF301;Basic medicine and life sciences;0.9606773853302002;RDF303;Health sciences;0.7476986050605774
244;Maintaining balance in an unstable environment: A central role for the vestibular system (Biological Systems and Functions);RDF10;Natural sciences;0.5563218593597412;RDF106;Biological sciences;0.7770495414733887;RDF105;Earth and related environmental sciences;0.25428393483161926;RDF103;Physical sciences;0.05559571832418442
245;Multifarious roles of the smallest Arabidopsis thaliana MAPKKKs clade (MAPKKK19, 20 and 21) as an integrative hub for plant pathogen interactions, growth, development and reproduction (Biological Systems and Functions);RDF10;Natural sciences;0.7081707119941711;RDF106;Biological sciences;0.9135987162590027;RDF105;Earth and related environmental sciences;0.0015297927893698215;RDF107;Other natural sciences;0.0002140481083188206
246;Occurrence et contrôle des bactéries opportunistes et bioaérosols issus des systèmes de traitement des eaux usées (Civil, Industrial and Systems Engineering);RDF20-21;Engineering and technology;0.9942554831504822;RDF208;Environmental engineering and related engineering;0.9991784691810608;RDF209;Environmental biotechnology;0.9898030757904053;RDF202;Industrial, systems and processes engineering;0.9847344160079956
247;Le confinement : étude comparée du choix d'un instrument de politique publique extrême (Political science and public administration);RDF50;Social sciences;0.4564715325832367;RDF506;Political science and policy administration;0.9951445460319519;RDF509;Other social sciences;0.0029224713798612356;RDF504;Sociology and related studies;0.0021452095825225115
248;Valorisation des noirs de carbone recyclés de pneus usagés;RDF20-21;Engineering and technology;0.8667193055152893;RDF208;Environmental engineering and related engineering;0.9561435580253601;RDF205;Chemical engineering;0.9547930359840393;RDF204;Mechanical engineering;0.939727783203125
249;"""Managing AI in Health Ecosystems"" Masterclass";RDF30;Medical, health and life sciences;0.644071102142334;RDF303;Health sciences;0.8097421526908875;RDF302;Clinical medicine;0.20278580486774445;RDF301;Basic medicine and life sciences;0.013157627545297146
250;Novel regulatory mechanisms of the mammalian nuclear proteasome through liquid-liquid phase separation (Cell Biology – Molecular/Fundamental);RDF30;Medical, health and life sciences;0.4202168583869934;RDF301;Basic medicine and life sciences;0.9094128608703613;RDF304;Medical biotechnology;0.6920884251594543;RDF302;Clinical medicine;0.04279843717813492
251;Integrating early neuromonitoring biomarkers to better define eligibility for therapeutic hypothermia after perinatal hypoxia-ischemia;RDF30;Medical, health and life sciences;0.49142733216285706;RDF302;Clinical medicine;0.8520558476448059;RDF301;Basic medicine and life sciences;0.7904695272445679;RDF304;Medical biotechnology;0.7899190187454224
252;Metasurface and Metamaterial-Inspired Devices for 5G, IoT, Sensing and Space Applications;RDF20-21;Engineering and technology;0.7468538880348206;RDF206;Materials engineering and resources engineering;0.7595552802085876;RDF203;Electrical engineering, computer engineering, and information engineering;0.7416442036628723;RDF212;Other engineering and technologies;0.6607953906059265
253;Cross-frequency coupling and machine learning for electrophysiological signal analysis;RDF20-21;Engineering and technology;0.6609467267990112;RDF212;Other engineering and technologies;0.3832319974899292;RDF207;Medical and biomedical engineering;0.28113386034965515;RDF203;Electrical engineering, computer engineering, and information engineering;0.1232462003827095
254;Uncovering a New Cytotoxic Mechanism of Natural Killer Cells (Genes, Cells and Molecules);RDF10;Natural sciences;0.5502775311470032;RDF106;Biological sciences;0.9572147727012634;RDF107;Other natural sciences;0.17533770203590393;RDF104;Chemical sciences;0.02016931027173996
255;Actualisation de la formation sur les pratiques d'affiliation dans les Auberges du coeur du Québec;RDF60;Humanities and the arts;0.3015126883983612;RDF604;Arts (arts, history of arts, performing arts, music), architecture and design;0.17771731317043304;RDF605;Other humanities;0.03225453570485115;RDF602;Languages and literature;0.0002658614539541304
256;Evidence for Impact: The Quebec Experience of Designing Evidence-Based Public Policy Solutions to Reform Home Care;RDF30;Medical, health and life sciences;0.3003201484680176;RDF301;Basic medicine and life sciences;0.00025262843701057136;RDF303;Health sciences;0.00021250535792205483;RDF304;Medical biotechnology;0.00011728649405995384
257;Replicative stress as a primary determinant of chemotherapeutic outcome in ovarian cancer;RDF10;Natural sciences;0.44110924005508423;RDF106;Biological sciences;0.692939281463623;RDF107;Other natural sciences;0.13501213490962982;RDF104;Chemical sciences;0.011081565171480179
258;Improved representation, impact assessment, and adaptive management of water resource systems under changing natural and anthropogenic conditions (Civil, Industrial and Systems Engineering);RDF20-21;Engineering and technology;0.9878907203674316;RDF208;Environmental engineering and related engineering;0.998120903968811;RDF202;Industrial, systems and processes engineering;0.7776286602020264;RDF212;Other engineering and technologies;0.06975586712360382
259;Le travail ensemble comme stratégie de réponse aux besoins complexes des jeunes en difficulté : comprendre les processus d'émergence de la collaboration (Education and social work);RDF50;Social sciences;0.3982715308666229;RDF503;Education;0.9452632665634155;RDF504;Sociology and related studies;0.0006744815036654472;RDF509;Other social sciences;0.0002855446364264935
260;Interneuronopathies and neurodevelopmental disorders (Genetics);RDF30;Medical, health and life sciences;0.4621250331401825;RDF305;Other medical sciences;0.37027284502983093;RDF301;Basic medicine and life sciences;0.04710793122649193;RDF304;Medical biotechnology;0.0025039976462721825
261;Prevention / treatment of the choroidal neovascularization by kinin receptors antagonists (Pharmacology & Toxicology);RDF30;Medical, health and life sciences;0.9517021179199219;RDF301;Basic medicine and life sciences;0.9524129033088684;RDF302;Clinical medicine;0.8307874202728271;RDF304;Medical biotechnology;0.8237231373786926
262;Entre vie et mort: images de médiation (Fine Arts, Research-Creation);RDF60;Humanities and the arts;0.9936310052871704;RDF604;Arts (arts, history of arts, performing arts, music), architecture and design;0.4143540859222412;RDF605;Other humanities;0.3334876000881195;RDF603;Philosophy;0.0009177069296129048
263;Identification of microbial factors to modulate immune dysregulation and treat post-COVID-19 syndrome;RDF30;Medical, health and life sciences;0.6069077849388123;RDF304;Medical biotechnology;0.9594403505325317;RDF303;Health sciences;0.8888445496559143;RDF302;Clinical medicine;0.8696029186248779
264;Les effets de la pandémie de COVID-19 sur les conditions de travail et les trajectoires d'emploi des femmes au Québec: recul, maintien ou avancée? (Business, management and related fields);RDF30;Medical, health and life sciences;0.2810419797897339;RDF303;Health sciences;0.017264995723962784;RDF305;Other medical sciences;0.0003737630322575569;RDF302;Clinical medicine;0.0001858109753811732
265;Data-driven Optimization of Transport Systems (Civil, Industrial and Systems Engineering);RDF20-21;Engineering and technology;0.9961737990379333;RDF202;Industrial, systems and processes engineering;0.6904906034469604;RDF201;Civil engineering, maritime engineering, transport engineering, and mining engineering;0.5517050623893738;RDF212;Other engineering and technologies;0.012669026851654053
266;Le tournant éclectique en architecture à travers les procès-verbaux du Conseil des Bâtiments civils (projet pilote) (Fine Arts, Research-Creation);RDF60;Humanities and the arts;0.9865543246269226;RDF604;Arts (arts, history of arts, performing arts, music), architecture and design;0.7881937623023987;RDF605;Other humanities;0.023403430357575417;RDF601;History, archaeology and related studies;2.0855559341725893e-05
267;Évolution de l'organisation du travail des directions d'établissements d'enseignement du Québec dans le contexte de la transformation des commissions scolaires en centres de services;RDF20-21;Engineering and technology;0.2529100775718689;RDF203;Electrical engineering, computer engineering, and information engineering;0.107688307762146;RDF201;Civil engineering, maritime engineering, transport engineering, and mining engineering;0.07407689094543457;RDF202;Industrial, systems and processes engineering;0.055176034569740295
268;Integrating interdisciplinary perspectives on circular economy;RDF30;Medical, health and life sciences;0.26068127155303955;RDF303;Health sciences;0.03972361609339714;RDF305;Other medical sciences;0.02444113790988922;RDF302;Clinical medicine;0.014927798882126808
269;Homeostasis of the respiratory epithelial tissue: regulatory mechanisms by ion channels (Genes, Cells and Molecules);RDF10;Natural sciences;0.5957160592079163;RDF106;Biological sciences;0.9889962673187256;RDF107;Other natural sciences;0.1941354125738144;RDF104;Chemical sciences;0.006076249293982983
270;Vascular events in patients undergoing same-day noncardiac surgery (VALIANCE) - a prospective cohort and nested biobank study (Clinical Investigation – Cardiovascular Systems);RDF30;Medical, health and life sciences;0.7779257297515869;RDF302;Clinical medicine;0.5618227124214172;RDF304;Medical biotechnology;0.48001596331596375;RDF303;Health sciences;0.0020253174006938934
271;Mental health Recovery from Youth Right-based Perspectives (Education and social work);RDF50;Social sciences;0.3772696256637573;RDF503;Education;0.9135114550590515;RDF509;Other social sciences;0.00828287098556757;RDF504;Sociology and related studies;0.0003822481958195567
272;Ecosystem functioning in the landscape: a meta-ecosystem perspective (Evolution and Ecology);RDF10;Natural sciences;0.7723671793937683;RDF105;Earth and related environmental sciences;0.967776358127594;RDF106;Biological sciences;0.3676994740962982;RDF107;Other natural sciences;0.08919941633939743
273;Multi-Fidelity Zonal Approaches to Multi-Disciplinary Aerodynamic Analysis of Transonic Aircraft;RDF20-21;Engineering and technology;0.7741415500640869;RDF202;Industrial, systems and processes engineering;0.20236313343048096;RDF212;Other engineering and technologies;0.07726313173770905;RDF201;Civil engineering, maritime engineering, transport engineering, and mining engineering;0.0010570911690592766
274;Defining the functions and mechanisms of centrosomal RNA localization;RDF10;Natural sciences;0.6688356995582581;RDF106;Biological sciences;0.9417428970336914;RDF107;Other natural sciences;0.2819116413593292;RDF105;Earth and related environmental sciences;0.08155947178602219
275;Collaborative improvement of moral deliberation methods: An exercise in living ethics (Mutidisciplinary or interdisciplinary social sciences);RDF50;Social sciences;0.9722510576248169;RDF504;Sociology and related studies;0.7964180111885071;RDF501;Psychology and cognitive sciences;0.0622711256146431;RDF506;Political science and policy administration;0.059111338108778
276;The role of GABA signaling in nervous system formation and homeostasis (Genes, Cells and Molecules);RDF10;Natural sciences;0.503413736820221;RDF106;Biological sciences;0.9432448744773865;RDF107;Other natural sciences;0.19787640869617462;RDF104;Chemical sciences;0.0007704586605541408
277;Elimination of senescent endothelial cells to prevent vascular dementia in aging atherosclerotic mice (Biological and Clinical Aspects of Aging);RDF30;Medical, health and life sciences;0.5525882840156555;RDF304;Medical biotechnology;0.8854264616966248;RDF303;Health sciences;0.8017893433570862;RDF302;Clinical medicine;0.7814189195632935
278;Understanding and treating osteoarthritic pain in pet animals: An approach based on neurogenomics and neuropeptidomics manipulation (Biological Systems and Functions);RDF10;Natural sciences;0.5409372448921204;RDF106;Biological sciences;0.8694392442703247;RDF107;Other natural sciences;0.21138513088226318;RDF103;Physical sciences;0.0003204798558726907
279;Optimizing risk averse decisions in data-driven problems;RDF20-21;Engineering and technology;0.28109821677207947;RDF202;Industrial, systems and processes engineering;0.30450722575187683;RDF208;Environmental engineering and related engineering;0.26592928171157837;RDF212;Other engineering and technologies;0.1598987728357315
280;Understanding the genesis of the spliced immunopeptidome (Genes, Cells and Molecules);RDF30;Medical, health and life sciences;0.4896937310695648;RDF301;Basic medicine and life sciences;0.9519141912460327;RDF304;Medical biotechnology;0.9205013513565063;RDF303;Health sciences;0.8851760029792786
281;Fundamental drivers of plant spectral diversity (Evolution and Ecology);RDF10;Natural sciences;0.7381598353385925;RDF105;Earth and related environmental sciences;0.9538636803627014;RDF106;Biological sciences;0.9146926999092102;RDF107;Other natural sciences;0.02635231241583824
282;Systematics, biogeography and evolution of northern floras (Evolution and Ecology);RDF10;Natural sciences;0.9891567826271057;RDF105;Earth and related environmental sciences;0.994572103023529;RDF106;Biological sciences;0.9083536267280579;RDF107;Other natural sciences;0.41892924904823303
283;Development of Additive Manufacturing Superalloys with high ?' volume fraction (Materials and Chemical Engineering);RDF20-21;Engineering and technology;0.9954988956451416;RDF205;Chemical engineering;0.9928314685821533;RDF206;Materials engineering and resources engineering;0.6282227039337158;RDF202;Industrial, systems and processes engineering;0.26387012004852295
284;Judiciarisation des personnes souffrant de troubles mentaux : une recherche en théorisation ancrée sur la perception des patients judiciarisés et le personnel soignant (Psychosocial, Sociocultural & Behavioural Determinants of Health);RDF30;Medical, health and life sciences;0.541232705116272;RDF302;Clinical medicine;0.3344172537326813;RDF303;Health sciences;0.027330486103892326;RDF305;Other medical sciences;0.018180161714553833
285;Methods of initiation and mitigation of thermal runaway in lithium-ion batteries;RDF20-21;Engineering and technology;0.9727324843406677;RDF202;Industrial, systems and processes engineering;0.41282787919044495;RDF208;Environmental engineering and related engineering;0.10954529792070389;RDF212;Other engineering and technologies;0.06938114762306213
286;Automated AI-supported methane plume detection from satellite and aircraft images;RDF10;Natural sciences;0.7686776518821716;RDF105;Earth and related environmental sciences;0.9387044906616211;RDF102;Computer and information sciences;0.8457232117652893;RDF103;Physical sciences;0.7516963481903076
287;From domain-specific languages to domain-specific environments (Computer Science);RDF20-21;Engineering and technology;0.2147282510995865;RDF203;Electrical engineering, computer engineering, and information engineering;0.0011897459626197815;RDF201;Civil engineering, maritime engineering, transport engineering, and mining engineering;0.0007983517716638744;RDF212;Other engineering and technologies;0.00015651930880267173
288;Magnetic Field Characterization and Mapping for Artifact Mitigation in MRI;RDF20-21;Engineering and technology;0.5136560797691345;RDF207;Medical and biomedical engineering;0.7155774235725403;RDF208;Environmental engineering and related engineering;0.12472625076770782;RDF203;Electrical engineering, computer engineering, and information engineering;0.007528101559728384
289;La médiatisation de l'opinion publique au Canada (Political science and public administration);RDF50;Social sciences;0.906914472579956;RDF508;Media and communications;0.9990531802177429;RDF506;Political science and policy administration;0.9891417026519775;RDF509;Other social sciences;0.003531140275299549
290;Entrepreneuring as Relational Process: Tracing the Trajectories of Entrepreneurial Projects (Communications, media studies, gender studies, library and information science, related fields);RDF50;Social sciences;0.45995059609413147;RDF508;Media and communications;0.9974290728569031;RDF509;Other social sciences;0.007531162817031145;RDF504;Sociology and related studies;0.002666944172233343
291;Physiotherapy care in Emergency Departments for Patients with Musculoskeletal Disorders: A Pragmatic Cluster Randomized Controlled Trial and Cost Analysis (Clinical Investigation – Arthritis, Bone, Skin and Cartilage);RDF30;Medical, health and life sciences;0.7404435276985168;RDF302;Clinical medicine;0.7295032739639282;RDF304;Medical biotechnology;0.09947244822978973;RDF303;Health sciences;0.0013093281304463744
292;Le numérique et les études médiévales : enjeux pédagogiques et formation par la recherche;RDF30;Medical, health and life sciences;0.33368876576423645;RDF303;Health sciences;0.6703739166259766;RDF302;Clinical medicine;0.5815063714981079;RDF305;Other medical sciences;0.3979470133781433
293;High power density motors for aeronautics manufactured by cold spraying;RDF20-21;Engineering and technology;0.9825791716575623;RDF204;Mechanical engineering;0.9268147349357605;RDF212;Other engineering and technologies;0.2857500910758972;RDF202;Industrial, systems and processes engineering;0.03156905621290207
294;Cholesterol metabolism and regulation of the senescence-associated secretory phenotype in retinopathy (Systems & Circuits Neurosciences);RDF20-21;Engineering and technology;0.414853036403656;RDF207;Medical and biomedical engineering;0.5247923135757446;RDF212;Other engineering and technologies;0.4029124081134796;RDF208;Environmental engineering and related engineering;0.005698726512491703
295;Second-order Hessian-free methods for statistical learning and stochastic optimization (Civil, Industrial and Systems Engineering);RDF20-21;Engineering and technology;0.9972416162490845;RDF202;Industrial, systems and processes engineering;0.7842139005661011;RDF201;Civil engineering, maritime engineering, transport engineering, and mining engineering;0.09787685424089432;RDF212;Other engineering and technologies;0.0622708722949028
296;Ecosystemic thinking: integrating ecosystem assessment to the strategic thinking process;RDF10;Natural sciences;0.4052700400352478;RDF105;Earth and related environmental sciences;0.8527274131774902;RDF106;Biological sciences;0.2898530662059784;RDF107;Other natural sciences;0.16438508033752441
297;Brain-body interactions during bipedalism (Biological Systems and Functions);RDF10;Natural sciences;0.5479323267936707;RDF106;Biological sciences;0.6340298056602478;RDF107;Other natural sciences;0.09773210436105728;RDF103;Physical sciences;0.0013240554835647345
298;Multiaxial electro-mechanical tensile tester for stretchable electronics (Materials and Chemical Engineering);RDF20-21;Engineering and technology;0.9958564043045044;RDF205;Chemical engineering;0.9891964197158813;RDF202;Industrial, systems and processes engineering;0.6082629561424255;RDF206;Materials engineering and resources engineering;0.5960284471511841
299;Development and Update of Quantitative Pharmacology Concepts and Computational Models for a Better Understanding of Drug Fate and Action (Mathematics and Statistics);RDF30;Medical, health and life sciences;0.6490915417671204;RDF303;Health sciences;0.4588623642921448;RDF302;Clinical medicine;0.09441876411437988;RDF301;Basic medicine and life sciences;0.01548660360276699
300;Frontières vécues dans les institutions éducatives québécoises. Discours des cégépiennes musulmanes issues de l'immigration à Montréal (Education and social work);RDF50;Social sciences;0.610203742980957;RDF503;Education;0.989107608795166;RDF504;Sociology and related studies;0.905857264995575;RDF507;Social and economic geography;0.4505857527256012
301;Non-invasive 4D thoracic imaging infrastructure to support decision-making in the management of lung diseases in intensive care units (ICU) (Electrical and Computer Engineering);RDF20-21;Engineering and technology;0.98819899559021;RDF203;Electrical engineering, computer engineering, and information engineering;0.9960014224052429;RDF207;Medical and biomedical engineering;0.6817933320999146;RDF212;Other engineering and technologies;0.2852254807949066
302;La participation à la société québécoise : exploration de la perception des jeunes issus de l'immigration, de première et de deuxième génération (JIPDG), élèves et étudiants au secondaire et au cegep francophones (Education and social work);RDF50;Social sciences;0.36795637011528015;RDF504;Sociology and related studies;0.5808815956115723;RDF503;Education;0.0183833260089159;RDF509;Other social sciences;0.0043716165237128735
303;Reshaping the urban water management paradigm: towards a new decision-support framework for the sustainable design of hybrid systems;RDF20-21;Engineering and technology;0.29057440161705017;RDF208;Environmental engineering and related engineering;0.8398391604423523;RDF212;Other engineering and technologies;0.02931196242570877;RDF202;Industrial, systems and processes engineering;0.01741516776382923
304;L'activité musculaire des pianistes au service de la production sonore et de l'expression musicale (Multidisciplinary or interdisciplinary humanities);RDF60;Humanities and the arts;0.993777871131897;RDF605;Other humanities;0.03133133426308632;RDF604;Arts (arts, history of arts, performing arts, music), architecture and design;0.0007350961677730083;RDF602;Languages and literature;3.5592751373769715e-05
305;Extraction, migration et mise en place de granite-pegmatite orogénique: construire les vecteurs d'exploration de métaux critiques;RDF20-21;Engineering and technology;0.730592668056488;RDF206;Materials engineering and resources engineering;0.9017611145973206;RDF208;Environmental engineering and related engineering;0.7898358702659607;RDF205;Chemical engineering;0.6961581110954285
306;Mon genou pourrait aller mieux;RDF10;Natural sciences;0.4694041311740875;RDF105;Earth and related environmental sciences;0.3192668855190277;RDF103;Physical sciences;0.2234855592250824;RDF104;Chemical sciences;0.2175852507352829
307;Learning sensorimotor maps through curiosity (Biological Systems and Functions);RDF10;Natural sciences;0.5454484820365906;RDF106;Biological sciences;0.6439341306686401;RDF107;Other natural sciences;0.04982192814350128;RDF105;Earth and related environmental sciences;0.0011165166506543756
308;Improving the Quality Assurance of Machine-Learning Software Applications (Computer Science);RDF20-21;Engineering and technology;0.3878501355648041;RDF212;Other engineering and technologies;0.04563583806157112;RDF203;Electrical engineering, computer engineering, and information engineering;0.00019693549256771803;RDF202;Industrial, systems and processes engineering;2.1765852579846978e-05
309;Mobilizing evidence into the effective treatment of sexual offenders: A feasibility study;RDF30;Medical, health and life sciences;0.3226070702075958;RDF302;Clinical medicine;0.4813949465751648;RDF303;Health sciences;0.1811334490776062;RDF301;Basic medicine and life sciences;0.049374449998140335
310;Simulation of large scale MaaS;RDF10;Natural sciences;0.5684251189231873;RDF103;Physical sciences;0.9502207636833191;RDF105;Earth and related environmental sciences;0.9372259378433228;RDF102;Computer and information sciences;0.7337939739227295
311;PRevention of COVID-19 with high dose Oral Vitamin D supplemental Therapy in Essential healthCare Teams (PROTECT);RDF30;Medical, health and life sciences;0.6011096835136414;RDF302;Clinical medicine;0.8481759428977966;RDF301;Basic medicine and life sciences;0.7047157883644104;RDF304;Medical biotechnology;0.5951011776924133
312;Decrypting nociceptive signaling pathways in Caenorhabditis elegans using behavioral analysis and mass spectrometry-based proteomics (Genes, Cells and Molecules);RDF10;Natural sciences;0.9363662600517273;RDF106;Biological sciences;0.9980495572090149;RDF104;Chemical sciences;0.5274045467376709;RDF107;Other natural sciences;0.3012852370738983
313;Suivre les affaires et les auteurs de violence conjugale : vers une meilleure compréhension du cheminement pénal et de la récidive (Law and criminology);RDF50;Social sciences;0.3479224741458893;RDF505;Law and legal practice;0.9789050817489624;RDF504;Sociology and related studies;0.001663730712607503;RDF509;Other social sciences;0.00036707811523228884
314;Dissection of non-canonical DNA damage response mechanisms controlling the senescence program (Genes, Cells and Molecules);RDF10;Natural sciences;0.47093135118484497;RDF106;Biological sciences;0.9667385816574097;RDF107;Other natural sciences;0.45150718092918396;RDF104;Chemical sciences;0.18866132199764252
315;Comment habiter le territoire québécois de façon sobre et résiliente dans un contexte de transition écologique?;RDF10;Natural sciences;0.3516063690185547;RDF105;Earth and related environmental sciences;0.6779454946517944;RDF103;Physical sciences;0.6485008001327515;RDF106;Biological sciences;0.4233127534389496
316;Deafness Induced Brain Reorganization: a research program to examine how deafness modifies cortical functions and affects compensatory vision and auditory performance following cochlear implantation (Behavioural Sciences – Behavioural Studies, Neuroscience and Cognition);RDF10;Natural sciences;0.45303988456726074;RDF107;Other natural sciences;0.2854590117931366;RDF106;Biological sciences;0.017438584938645363;RDF103;Physical sciences;0.00025992392329499125
317;Multiscale modeling of multiphase flows in chemical engineering processes (Materials and Chemical Engineering);RDF20-21;Engineering and technology;0.9880675077438354;RDF205;Chemical engineering;0.9858883619308472;RDF202;Industrial, systems and processes engineering;0.11975216120481491;RDF211;Nano-technology;0.0412621833384037
318;Soutien à la mobilisation des milieux scolaires pour la mise en oeuvre de mesures intégrées et structurées favorisant la socialisation des élèves, leur bien-être psychologique, ainsi que la prévention de la violence;RDF30;Medical, health and life sciences;0.2556621730327606;RDF305;Other medical sciences;0.0003358795365784317;RDF302;Clinical medicine;0.00030261141364462674;RDF303;Health sciences;0.00020723386842291802
319;La Trajectoire du mouvement debussyste (1895-1923) : Style, réception, implantation institutionnelle (Fine Arts, Research-Creation);RDF60;Humanities and the arts;0.9650205969810486;RDF604;Arts (arts, history of arts, performing arts, music), architecture and design;0.789209246635437;RDF605;Other humanities;0.18663784861564636;RDF601;History, archaeology and related studies;0.0004363327461760491
320;High-order Geometry, Mesh and Adaptivity for Fluid-Structure Interaction Simulations (Mechanical Engineering);RDF20-21;Engineering and technology;0.991936206817627;RDF204;Mechanical engineering;0.9995695352554321;RDF202;Industrial, systems and processes engineering;0.1929740607738495;RDF212;Other engineering and technologies;0.04317136108875275
321;Computational analysis and modeling of ribonucleic acid structure, function, and dynamics (Genes, Cells and Molecules);RDF10;Natural sciences;0.8835427761077881;RDF102;Computer and information sciences;0.9987557530403137;RDF106;Biological sciences;0.983944296836853;RDF104;Chemical sciences;0.9523367285728455
322;Stratégies d'épargne transfusionnelle et de prévention de la pénurie de produits sanguins labiles : de l'utilisation clinique appropriée à l'élargissement du pool de donneurs;RDF20-21;Engineering and technology;0.7805231809616089;RDF208;Environmental engineering and related engineering;0.9943793416023254;RDF207;Medical and biomedical engineering;0.6346467733383179;RDF201;Civil engineering, maritime engineering, transport engineering, and mining engineering;0.23643551766872406
323;Relaxation, friction interne et ondes gravitationnelles (Physics);RDF10;Natural sciences;0.9935498237609863;RDF103;Physical sciences;0.998167097568512;RDF107;Other natural sciences;0.9928532242774963;RDF105;Earth and related environmental sciences;0.006797716487199068
324;Penser la citoyenneté vécue des femmes dans les pratiques participatives du care au quotidien en Amérique latine : Le cas des cuisines communautaires de la ville de Mexico (Political science and public administration);RDF50;Social sciences;0.974031388759613;RDF506;Political science and policy administration;0.9952907562255859;RDF509;Other social sciences;0.28218987584114075;RDF504;Sociology and related studies;0.004838708322495222
325;Statistical analysis of microbiome longitudinal data with multiplex networks (Evolution and Ecology);RDF10;Natural sciences;0.85897296667099;RDF106;Biological sciences;0.9631563425064087;RDF105;Earth and related environmental sciences;0.7949732542037964;RDF107;Other natural sciences;0.3594515323638916
326;Reaction mechanisms of catalytic reactions using earth-abundant metals (Chemistry);RDF10;Natural sciences;0.5540891289710999;RDF104;Chemical sciences;0.9933207035064697;RDF105;Earth and related environmental sciences;0.4627252519130707;RDF107;Other natural sciences;0.07782620936632156
327;Investigation of a novel tumor suppressor mechanism in medulloblastoma;RDF10;Natural sciences;0.7547082901000977;RDF106;Biological sciences;0.9913994669914246;RDF104;Chemical sciences;0.3314402401447296;RDF103;Physical sciences;0.31010761857032776
328;Autonomous security for complex systems (Computer Science);RDF20-21;Engineering and technology;0.7686352729797363;RDF212;Other engineering and technologies;0.2718307077884674;RDF203;Electrical engineering, computer engineering, and information engineering;0.04247129708528519;RDF202;Industrial, systems and processes engineering;0.0012438248377293348
329;Résonance et altération audiovisuelles: pour une pensée sonore de la vidéo et du cinéma expérimental (Fine arts, research-creation);RDF60;Humanities and the arts;0.9504339098930359;RDF605;Other humanities;0.6374651193618774;RDF604;Arts (arts, history of arts, performing arts, music), architecture and design;0.0018187754321843386;RDF603;Philosophy;0.0003852084919344634
330;Concentration of measure on quantum states (Computer Science);RDF10;Natural sciences;0.3111916482448578;RDF102;Computer and information sciences;0.9602310061454773;RDF107;Other natural sciences;0.058086734265089035;RDF103;Physical sciences;0.006425132974982262
331;The use of facial information from developmental prosopagnosics to super-recognizers (Biological Systems and Functions);RDF10;Natural sciences;0.551162600517273;RDF106;Biological sciences;0.6151212453842163;RDF107;Other natural sciences;0.3530290126800537;RDF105;Earth and related environmental sciences;0.00019615959899965674
332;Raman spectroscopy platform integrating highly sensitive photonic devices, nanostructured surfaces and machine learning for on-site detection of multiple diseases;RDF20-21;Engineering and technology;0.5552124381065369;RDF211;Nano-technology;0.9193096160888672;RDF207;Medical and biomedical engineering;0.7401235103607178;RDF212;Other engineering and technologies;0.6663479208946228
333;Capillary stalling and hypoxic micropockets: two sides of the same phenomena? (Cardiovascular System – Vascular System);RDF10;Natural sciences;0.4694063365459442;RDF106;Biological sciences;0.3249078094959259;RDF105;Earth and related environmental sciences;0.08487549424171448;RDF107;Other natural sciences;0.023807337507605553
334;Crime sans châtiment : compétences et réussite criminelle (Law and criminology);RDF20-21;Engineering and technology;0.4425351321697235;RDF201;Civil engineering, maritime engineering, transport engineering, and mining engineering;0.22375456988811493;RDF211;Nano-technology;0.0007522054365836084;RDF212;Other engineering and technologies;0.0005709400866180658
335;Crop rhizosphere response to environmental stress (Biological Systems and Functions);RDF10;Natural sciences;0.4600520133972168;RDF106;Biological sciences;0.7965027093887329;RDF105;Earth and related environmental sciences;0.7145953178405762;RDF107;Other natural sciences;0.010571679100394249
336;Towards remission and full recovery from obsessive-compulsive disorder: Investigating the efficacy of Inference-Based Cognitive-Behavioral Therapy when standard treatment has failed;RDF30;Medical, health and life sciences;0.2654942274093628;RDF302;Clinical medicine;0.23821789026260376;RDF303;Health sciences;0.03018174320459366;RDF305;Other medical sciences;0.0222253929823637
337;Soft coral flexibility: its impact on hydrodynamic loads, feeding and a way to measure flow velocity;RDF10;Natural sciences;0.6115372180938721;RDF106;Biological sciences;0.842728316783905;RDF105;Earth and related environmental sciences;0.37604963779449463;RDF107;Other natural sciences;0.32967299222946167
338;Sexual selection and the evolution of cognition (Evolution and Ecology);RDF10;Natural sciences;0.7344104051589966;RDF106;Biological sciences;0.43290212750434875;RDF107;Other natural sciences;0.32430922985076904;RDF105;Earth and related environmental sciences;0.15176749229431152
339;Characterization of lincRNA-miRNA networks (Genes, Cells and Molecules);RDF10;Natural sciences;0.5530520081520081;RDF106;Biological sciences;0.9612767100334167;RDF104;Chemical sciences;0.6409092545509338;RDF107;Other natural sciences;0.35328781604766846
340;Rétroaction corrective écrite : à quel moment et pour qui? (Education and social work);RDF50;Social sciences;0.6590505838394165;RDF503;Education;0.9836801886558533;RDF504;Sociology and related studies;0.0016326078912243247;RDF509;Other social sciences;0.00025563297094777226
341;EDITH: Efficient Design for Intelligent devices exploiting emerging TecHnologies (Electrical and Computer Engineering);RDF20-21;Engineering and technology;0.9946956038475037;RDF203;Electrical engineering, computer engineering, and information engineering;0.9928997755050659;RDF212;Other engineering and technologies;0.1035715788602829;RDF211;Nano-technology;0.04918895289301872
342;When Pain Drives you N. U. T. S.: A mixed methods approach to investigating triggers of the stress response and multidimensional pain outcomes in a sample of individuals suffering from chronic low back pain (Psychosocial, Sociocultural & Behavioural Determinants of Health);RDF30;Medical, health and life sciences;0.39398622512817383;RDF302;Clinical medicine;0.6794265508651733;RDF303;Health sciences;0.617176353931427;RDF305;Other medical sciences;0.5358072519302368
343;Preclinical development of highly potent and orally bioavailable PCSK9 inhibitors for patients at high cardiovascular risk;RDF10;Natural sciences;0.5817805528640747;RDF106;Biological sciences;0.6927759051322937;RDF104;Chemical sciences;0.6274304986000061;RDF107;Other natural sciences;0.08323956280946732
344;Targeting 14-3-3zeta to promote human pancreatic beta-cell proliferation (Diabetes, Obesity, Lipid & Lipoprotein Disorders);RDF10;Natural sciences;0.4645127058029175;RDF106;Biological sciences;0.8514761328697205;RDF107;Other natural sciences;0.3383023142814636;RDF104;Chemical sciences;0.0022445586510002613
345;Colloque scientifique annuel de l'Équipe de recherche interdisciplinaire sur les familles réfugiées et demandeuses d'asile;RDF10;Natural sciences;0.42649295926094055;RDF107;Other natural sciences;0.7896843552589417;RDF106;Biological sciences;0.6512278914451599;RDF103;Physical sciences;0.5813013911247253
346;Machine Learning in the Presence of Model-Dependent Data (Computer Science);RDF20-21;Engineering and technology;0.3592439293861389;RDF212;Other engineering and technologies;0.07274290919303894;RDF203;Electrical engineering, computer engineering, and information engineering;0.0008330272976309061;RDF201;Civil engineering, maritime engineering, transport engineering, and mining engineering;0.00015327639994211495
347;Sustainable mobility in Canadian cities: Towards an integrated measurement and understanding of the performance of land use and transport systems and their impacts on travel behavior (Civil, Industrial and Systems Engineering);RDF20-21;Engineering and technology;0.9945690035820007;RDF208;Environmental engineering and related engineering;0.997927188873291;RDF202;Industrial, systems and processes engineering;0.5455449223518372;RDF201;Civil engineering, maritime engineering, transport engineering, and mining engineering;0.2504660487174988
348;L'enseignement de l'écriture par les enseignants de littérature et de philosophie du collégial (Education and social work);RDF60;Humanities and the arts;0.9639226198196411;RDF602;Languages and literature;0.9995346069335938;RDF603;Philosophy;0.9808666706085205;RDF605;Other humanities;0.028102070093154907
349;Investigating the metabolic determinants of triple-negative breast cancer progression through chromatin dependencies (Cancer Progression & Therapeutics);RDF10;Natural sciences;0.6401408314704895;RDF106;Biological sciences;0.9965751767158508;RDF107;Other natural sciences;0.19864977896213531;RDF104;Chemical sciences;0.0016700075939297676
350;Modélisation et mesure des risques financiers (Mathematics and Statistics);RDF10;Natural sciences;0.3778393566608429;RDF101;Mathematics and statistics;0.999586820602417;RDF104;Chemical sciences;0.0015738635556772351;RDF103;Physical sciences;0.0007588056032545865
351;Ecological and evolutionary drivers of host-symbiont associations in the phyllosphere (Evolution and Ecology);RDF10;Natural sciences;0.5863602757453918;RDF105;Earth and related environmental sciences;0.8771328926086426;RDF106;Biological sciences;0.48081064224243164;RDF107;Other natural sciences;0.0009092136169783771
352;Comment nourrir en santé toujours plus d'humains sans épuiser les ressources terrestres dans un contexte de changements climatiques ?;RDF30;Medical, health and life sciences;0.4347134232521057;RDF301;Basic medicine and life sciences;0.9443233013153076;RDF303;Health sciences;0.9442645311355591;RDF304;Medical biotechnology;0.7186302542686462
353;Applications of machine learning in finance and economics;RDF20-21;Engineering and technology;0.3658367991447449;RDF212;Other engineering and technologies;0.003565300488844514;RDF203;Electrical engineering, computer engineering, and information engineering;0.00013405182107817382;RDF202;Industrial, systems and processes engineering;6.285433482844383e-05
354;Dynamic Games: Theory, Algorithms and Applications (Civil, Industrial and Systems Engineering);RDF20-21;Engineering and technology;0.9961795210838318;RDF202;Industrial, systems and processes engineering;0.8533344268798828;RDF201;Civil engineering, maritime engineering, transport engineering, and mining engineering;0.17041194438934326;RDF212;Other engineering and technologies;0.07398420572280884
355;In-vitro Oral, Inhalation, and Dermal Bioaccessibility and Bioavailability of Metal(loid)s from Polluted Soils and Mine Tailings;RDF30;Medical, health and life sciences;0.8933728933334351;RDF304;Medical biotechnology;0.9936190843582153;RDF301;Basic medicine and life sciences;0.9243571162223816;RDF303;Health sciences;0.6112071871757507
356;Electrochemical biosensors for point-of-care diagnostics (Materials and Chemical Engineering);RDF20-21;Engineering and technology;0.9787736535072327;RDF205;Chemical engineering;0.9899265170097351;RDF210;Industrial biotechnology;0.2902400493621826;RDF207;Medical and biomedical engineering;0.14929266273975372
357;Look Up!: The Media Logics of Aerial Communication (Communications, media studies, gender studies, library and information science, related fields);RDF50;Social sciences;0.47996434569358826;RDF508;Media and communications;0.9989702105522156;RDF509;Other social sciences;0.012292973697185516;RDF504;Sociology and related studies;0.0008721050689928234
358;Expectation Formation, Excess Currency Returns, and Foreign Exchange Interventions;RDF10;Natural sciences;0.3642846643924713;RDF107;Other natural sciences;0.00175503792706877;RDF101;Mathematics and statistics;0.0014900577953085303;RDF102;Computer and information sciences;0.00020716091967187822
359;Études génétiques et moléculaires de la fonction des Polycomb dans la formation et le maintien de la stabilité de l'hétérochromatine (Genes, Cells and Molecules);RDF10;Natural sciences;0.5761697292327881;RDF106;Biological sciences;0.9883726239204407;RDF104;Chemical sciences;0.7448724508285522;RDF105;Earth and related environmental sciences;0.2388756424188614
360;Bringing the quantum revolution to fruition (Computer Science);RDF20-21;Engineering and technology;0.449847936630249;RDF212;Other engineering and technologies;0.22689640522003174;RDF203;Electrical engineering, computer engineering, and information engineering;0.0004035317397210747;RDF211;Nano-technology;0.0003436283441260457
361;Apprentissage automatique et optimisation pour les graphes et réseaux (Civil, Industrial and Systems Engineering);RDF20-21;Engineering and technology;0.9981717467308044;RDF202;Industrial, systems and processes engineering;0.6837891340255737;RDF212;Other engineering and technologies;0.2900393605232239;RDF201;Civil engineering, maritime engineering, transport engineering, and mining engineering;0.019167089834809303
362;Thanatographies: (re)penser la mort en littérature;RDF60;Humanities and the arts;0.5083561539649963;RDF601;History, archaeology and related studies;0.5891441702842712;RDF602;Languages and literature;0.047679539769887924;RDF605;Other humanities;0.023554235696792603
363;Mechanisms of assembly and function of the septin cytoskeleton in Drosophila (Genes, Cells and Molecules);RDF10;Natural sciences;0.57533198595047;RDF106;Biological sciences;0.9358073472976685;RDF107;Other natural sciences;0.1477791965007782;RDF104;Chemical sciences;0.011847369372844696
364;Propagating Marginal Probability Mass Functions in Constraint Programming Solvers: Challenges and Opportunities;RDF20-21;Engineering and technology;0.5157213807106018;RDF201;Civil engineering, maritime engineering, transport engineering, and mining engineering;0.05306401476264;RDF212;Other engineering and technologies;0.0402381457388401;RDF203;Electrical engineering, computer engineering, and information engineering;0.022806700319051743
365;Magnetic resonance navigation of drug eluting beads for liver cancer therapy: in-vitro optimization and preclinical safety efficacy study (Medical Physics & Imaging);RDF30;Medical, health and life sciences;0.4948340356349945;RDF301;Basic medicine and life sciences;0.9828784465789795;RDF304;Medical biotechnology;0.7869964241981506;RDF305;Other medical sciences;0.01692642644047737
366;Robotic Perception in Extreme Environments (Electrical and Computer Engineering);RDF20-21;Engineering and technology;0.9977689385414124;RDF203;Electrical engineering, computer engineering, and information engineering;0.851751446723938;RDF212;Other engineering and technologies;0.46092304587364197;RDF208;Environmental engineering and related engineering;0.21386019885540009
367;Modular and Lifelong Learning for Developing General Purpose Robotic Agents (Computer Science);RDF20-21;Engineering and technology;0.8694197535514832;RDF212;Other engineering and technologies;0.2064240574836731;RDF203;Electrical engineering, computer engineering, and information engineering;0.06773945689201355;RDF210;Industrial biotechnology;0.0031709643080830574
368;Algorithmic Fairness in Black-box Machine Learning Models (Computer Science);RDF20-21;Engineering and technology;0.3982927203178406;RDF212;Other engineering and technologies;0.06518710404634476;RDF203;Electrical engineering, computer engineering, and information engineering;0.00027790787862613797;RDF201;Civil engineering, maritime engineering, transport engineering, and mining engineering;0.00016726824105717242
369;Sex- and hormone-dependent recruitment of inhibitory neurons in rodent sensory cortex (Genes, Cells and Molecules);RDF10;Natural sciences;0.6086283922195435;RDF106;Biological sciences;0.6807112097740173;RDF107;Other natural sciences;0.09144579619169235;RDF103;Physical sciences;0.0008373328601010144
370;Investigating the Adamts19-dependent mechanisms that regulate valve maturation (Developmental Biology);RDF10;Natural sciences;0.5980068445205688;RDF106;Biological sciences;0.8823340535163879;RDF107;Other natural sciences;0.10032434016466141;RDF105;Earth and related environmental sciences;0.0007495319587178528
371;Social Innovation Processes in and around Multinational Companies: The Role of Social Activists and their Transnational Networks (Social Innovation);RDF50;Social sciences;0.3719511032104492;RDF504;Sociology and related studies;0.3316553831100464;RDF502;Economics and business administration;0.049410220235586166;RDF507;Social and economic geography;0.02818615734577179
372;Regulation of collective cell migration by the kinase Misshapen (Cell and Developmental Physiology);RDF10;Natural sciences;0.6770879626274109;RDF106;Biological sciences;0.7348236441612244;RDF107;Other natural sciences;0.08974733203649521;RDF103;Physical sciences;0.0002920182887464762
373;COHESION Study 2.0: COvid-19, HEalth and Social InteractiOn in Neighbourhoods;RDF40;Agricultural and veterinary sciences;0.597478449344635;RDF405;Other agricultural sciences;0.010162513703107834;RDF404;Agricultural biotechnology and food sciences;0.0016242857091128826;RDF401;Agriculture, forestry, and fisheries;0.0009179180487990379
374;Breaking silos: Integrating software development and operations activities in organizations;RDF20-21;Engineering and technology;0.8406693339347839;RDF203;Electrical engineering, computer engineering, and information engineering;0.16881732642650604;RDF202;Industrial, systems and processes engineering;0.14423580467700958;RDF201;Civil engineering, maritime engineering, transport engineering, and mining engineering;0.09456462413072586
375;Differential impact of stress on risk-taking behaviour in individuals using hippocampus versus caudate nucleus-dependent virtual navigation strategies (Biological Systems and Functions);RDF10;Natural sciences;0.548105001449585;RDF106;Biological sciences;0.6953606605529785;RDF102;Computer and information sciences;0.16704803705215454;RDF107;Other natural sciences;0.0105685293674469
376;Gas phase activation of monosaccharides and 5-hydroxymethylfurfural to 2,5 diformylfuran a PEF monomer (Materials and Chemical Engineering);RDF20-21;Engineering and technology;0.9853086471557617;RDF205;Chemical engineering;0.9977041482925415;RDF206;Materials engineering and resources engineering;0.49717265367507935;RDF208;Environmental engineering and related engineering;0.004046525340527296
377;Critical Edition, Translation and Study of Isaac ibn Latif's Commentary on Ecclesiastes (ca. 1240) (Philosophy, medieval studies, classics, religious);RDF60;Humanities and the arts;0.6726305484771729;RDF603;Philosophy;0.9991054534912109;RDF605;Other humanities;0.6953448057174683;RDF602;Languages and literature;0.4583842158317566
378;Sound Art Documentation : Spatial Audio and Significant Knowledge (Communications, media studies, gender studies, library and information science, related fields);RDF60;Humanities and the arts;0.7617804408073425;RDF605;Other humanities;0.008924348279833794;RDF604;Arts (arts, history of arts, performing arts, music), architecture and design;6.379032129189e-05;RDF603;Philosophy;1.7824464521254413e-05
379;Inter-Brain Synchronization: from Measurements to Mechanisms (Biological Systems and Functions);RDF10;Natural sciences;0.49121972918510437;RDF106;Biological sciences;0.980958878993988;RDF103;Physical sciences;0.7648864984512329;RDF102;Computer and information sciences;0.4514520466327667
380;Endothelial cell genetics and blood pressure regulation (Genetics);RDF10;Natural sciences;0.9235200881958008;RDF106;Biological sciences;0.982011079788208;RDF107;Other natural sciences;0.379483699798584;RDF105;Earth and related environmental sciences;0.0005291588604450226
381;ImproviNg rEnal outcomes following coronary angiograPhy and/or percuTaneoUs coroNary intErventions: a pragmatic, adaptive, patient-oriented randomized controlled trial;RDF30;Medical, health and life sciences;0.6697478294372559;RDF302;Clinical medicine;0.7261544466018677;RDF303;Health sciences;0.6168496012687683;RDF304;Medical biotechnology;0.0016891390550881624
382;Machine Learning with Tensor Networks (Computer Science);RDF20-21;Engineering and technology;0.7172380089759827;RDF212;Other engineering and technologies;0.1999254822731018;RDF203;Electrical engineering, computer engineering, and information engineering;0.0005276888841763139;RDF201;Civil engineering, maritime engineering, transport engineering, and mining engineering;4.3972300773020834e-05
383;Elucidation of novel intracellular signaling mechanisms underlying uterine function and disease in cows (Biological Systems and Functions);RDF40;Agricultural and veterinary sciences;0.44353610277175903;RDF402;Animal and dairy sciences;0.9992973804473877;RDF403;Veterinary sciences;0.8739314079284668;RDF404;Agricultural biotechnology and food sciences;0.462872713804245
384;Data extraction from videos for the analysis of behaviors in urban scenes (Computer Science);RDF50;Social sciences;0.26135799288749695;RDF507;Social and economic geography;0.4138830602169037;RDF509;Other social sciences;0.06810019165277481;RDF508;Media and communications;0.0013215873623266816
385;Inflammatory phenotype, senescence, and viscoelasticity imaging of macrophages in HIV (Medical Physics & Imaging);RDF30;Medical, health and life sciences;0.7577630877494812;RDF301;Basic medicine and life sciences;0.9949365854263306;RDF305;Other medical sciences;0.1954541802406311;RDF304;Medical biotechnology;0.00771262077614665
386;Optimization algorithms for rich vehicle routing problems;RDF20-21;Engineering and technology;0.6397708058357239;RDF204;Mechanical engineering;0.5387057065963745;RDF202;Industrial, systems and processes engineering;0.16815979778766632;RDF201;Civil engineering, maritime engineering, transport engineering, and mining engineering;0.04977249726653099
387;Investigating the Innovation Process in Long-Term Care Facilities: A Research Project on the Adoption, Implementation and Assimilation of Health IT;RDF30;Medical, health and life sciences;0.5513887405395508;RDF304;Medical biotechnology;0.07849069684743881;RDF303;Health sciences;0.0012974528362974524;RDF301;Basic medicine and life sciences;0.0004036148311570287
388;KBTBD4 determines key epigenetic marks that govern human hematopoietic stem cell self-renewal (Genetics);RDF30;Medical, health and life sciences;0.4484156370162964;RDF301;Basic medicine and life sciences;0.8277771472930908;RDF304;Medical biotechnology;0.7743021249771118;RDF303;Health sciences;0.07397110760211945
389;Representation learning and exploration of data geometries (Computer Science);RDF20-21;Engineering and technology;0.3369808495044708;RDF212;Other engineering and technologies;0.003411764744669199;RDF203;Electrical engineering, computer engineering, and information engineering;0.0008336373139172792;RDF201;Civil engineering, maritime engineering, transport engineering, and mining engineering;0.00017040391685441136
390;Vitamin K1 supplementation to improve cognition of patients with coronary heart disease: a randomized controlled pilot study;RDF30;Medical, health and life sciences;0.8084850311279297;RDF303;Health sciences;0.9850039482116699;RDF302;Clinical medicine;0.9678691029548645;RDF304;Medical biotechnology;0.772005558013916
391;Simulation of physical processes with Monte Carlo methods in the keV and MeV energy range (Physics);RDF10;Natural sciences;0.8409812450408936;RDF103;Physical sciences;0.9989596009254456;RDF107;Other natural sciences;0.10494387149810791;RDF105;Earth and related environmental sciences;0.000844472146127373
392;Characterizing and targeting lipocalin-type prostaglandin D2 synthase in osteoarthritis (Clinical Investigation – Arthritis, Bone, Skin and Cartilage);RDF10;Natural sciences;0.4703045189380646;RDF106;Biological sciences;0.6418291330337524;RDF107;Other natural sciences;0.5199499726295471;RDF104;Chemical sciences;0.4295229911804199
393;3D Bioprinting of Cardiac Tissues (Materials and Chemical Engineering);RDF20-21;Engineering and technology;0.966079831123352;RDF205;Chemical engineering;0.9961368441581726;RDF207;Medical and biomedical engineering;0.9717907309532166;RDF210;Industrial biotechnology;0.9460804462432861
394;Fiscal Policy Spillovers and Inter-Sectoral Linkages: Theory and Evidence;RDF10;Natural sciences;0.25171715021133423;RDF103;Physical sciences;0.00010327222844352946;RDF107;Other natural sciences;7.051997090457007e-05;RDF102;Computer and information sciences;3.664876567199826e-05
395;Advanced Distributed Decision-making framework for Smart grid aggregators (Electrical and Computer Engineering);RDF20-21;Engineering and technology;0.9975814819335938;RDF203;Electrical engineering, computer engineering, and information engineering;0.9055495858192444;RDF212;Other engineering and technologies;0.05561789870262146;RDF202;Industrial, systems and processes engineering;0.00015947323117870837
396;Constitutional Legacies of the Judicial Committee of the Privy Council (Law and criminology);RDF50;Social sciences;0.5942761898040771;RDF505;Law and legal practice;0.9849711656570435;RDF509;Other social sciences;0.04119611158967018;RDF504;Sociology and related studies;0.009317846968770027
397;Developing frameworks for climate positive design: Case Study of extraction and processing industries in Nova Scotia and Quebec (Geography, urban planning and related fields);RDF10;Natural sciences;0.252511203289032;RDF107;Other natural sciences;0.0003962624759878963;RDF104;Chemical sciences;6.86615239828825e-05;RDF105;Earth and related environmental sciences;6.417770782718435e-05
398;Re-Imagining Illness: The British Woman Writer's Medical Knowledge, 1660-1820 (Literature);RDF60;Humanities and the arts;0.5242508053779602;RDF605;Other humanities;0.15783585608005524;RDF602;Languages and literature;0.005870400462299585;RDF601;History, archaeology and related studies;0.00041391976992599666
399;Regulation of thymic selection thresholds and their role in establishing T cell function (Immunology & Transplantation);RDF10;Natural sciences;0.4570450484752655;RDF106;Biological sciences;0.7268565893173218;RDF107;Other natural sciences;0.24228045344352722;RDF105;Earth and related environmental sciences;0.00017974669754039496
400;Viral Conjunctures: Pandemics and Planetary Health Narratives (Literature);RDF60;Humanities and the arts;0.45702728629112244;RDF602;Languages and literature;0.2899342477321625;RDF605;Other humanities;0.1969439834356308;RDF603;Philosophy;0.0019744939636439085
401;Companies and States: The Compagnie des Indes occidentales and the Reconfiguration of Authority in the French Atlantic, 1664-1674 (History);RDF20-21;Engineering and technology;0.23975223302841187;RDF201;Civil engineering, maritime engineering, transport engineering, and mining engineering;0.2431284487247467;RDF202;Industrial, systems and processes engineering;0.007067045196890831;RDF208;Environmental engineering and related engineering;0.0012127639492973685
402;Produits sanguins provenant de don de sang d'hommes ayant des relations sexuelles avec d'autres hommes (Étude PS-HARSAH) (Public, Community & Population Health);RDF30;Medical, health and life sciences;0.807431697845459;RDF303;Health sciences;0.9732377529144287;RDF304;Medical biotechnology;0.9546817541122437;RDF301;Basic medicine and life sciences;0.8012888431549072
403;Manipulating cytokine pathways to increase T cell stemness during chronic antigen exposure (Immunology & Transplantation);RDF30;Medical, health and life sciences;0.8335320949554443;RDF304;Medical biotechnology;0.9993728995323181;RDF301;Basic medicine and life sciences;0.9880333542823792;RDF303;Health sciences;0.855929970741272
404;Sexual dimorphism and menopause in the interaction between immune cells and neurovascular coupling (Cardiovascular System – Vascular System);RDF10;Natural sciences;0.49014368653297424;RDF106;Biological sciences;0.7704567909240723;RDF107;Other natural sciences;0.06791171431541443;RDF105;Earth and related environmental sciences;0.00013581528037320822
405;Novel Synthetic Methodologies Exploiting Nitrogen-Containing Molecules (Chemistry);RDF20-21;Engineering and technology;0.40315574407577515;RDF205;Chemical engineering;0.6014713644981384;RDF210;Industrial biotechnology;0.29431289434432983;RDF206;Materials engineering and resources engineering;0.2653196156024933
406;Towards Systematic and Cost-Effective Monitoring of Large-Scale Software Systems (Computer Science);RDF20-21;Engineering and technology;0.5241543650627136;RDF212;Other engineering and technologies;0.029871691018342972;RDF203;Electrical engineering, computer engineering, and information engineering;0.0003751277399715036;RDF202;Industrial, systems and processes engineering;0.00011573384836083278
407;From examples to knowledge to software engineering support and automation (Computer Science);RDF20-21;Engineering and technology;0.9888405799865723;RDF212;Other engineering and technologies;0.08924448490142822;RDF203;Electrical engineering, computer engineering, and information engineering;0.06722895801067352;RDF202;Industrial, systems and processes engineering;0.00016259231779258698
408;B cell intrinsic mechanisms of the germinal centre reaction (Immunology & Transplantation);RDF30;Medical, health and life sciences;0.4680761396884918;RDF301;Basic medicine and life sciences;0.982721745967865;RDF304;Medical biotechnology;0.9675599336624146;RDF302;Clinical medicine;0.38520103693008423
409;Modifications of newly synthesized histones and the cellular response to DNA replication stress (Genes, Cells and Molecules);RDF10;Natural sciences;0.5472838282585144;RDF106;Biological sciences;0.9933474063873291;RDF104;Chemical sciences;0.8980899453163147;RDF103;Physical sciences;0.5580775737762451
410;Innovative Compressor/Fan Technologies for Reduction of Fossil Fuel Consumption;RDF20-21;Engineering and technology;0.9958372116088867;RDF204;Mechanical engineering;0.9984622597694397;RDF208;Environmental engineering and related engineering;0.9703577756881714;RDF202;Industrial, systems and processes engineering;0.8497934341430664
411;Exploring ancestry in Montréal's Notre-Dame Cemetery (1691-1797), using 3D morphometrics and ancient DNA (Multidisciplinary or interdisciplinary humanities);RDF50;Social sciences;0.3849858045578003;RDF504;Sociology and related studies;0.4708779752254486;RDF509;Other social sciences;0.26422005891799927;RDF507;Social and economic geography;0.000556524726562202
412;Individual differences in natural scene semantics investigated with machine learning and neuroimaging (Biological Systems and Functions);RDF10;Natural sciences;0.7819036841392517;RDF106;Biological sciences;0.8523008823394775;RDF107;Other natural sciences;0.4113067090511322;RDF105;Earth and related environmental sciences;0.1545446515083313
413;The Climate Crisis and the Future of Work;RDF10;Natural sciences;0.3788997530937195;RDF105;Earth and related environmental sciences;0.33777916431427;RDF102;Computer and information sciences;0.012581395916640759;RDF107;Other natural sciences;0.001265786588191986
414;Grid Transition: New Generation Methodologies and Tools for Reliable Protection;RDF20-21;Engineering and technology;0.7636373043060303;RDF202;Industrial, systems and processes engineering;0.5549165606498718;RDF212;Other engineering and technologies;0.3891277015209198;RDF208;Environmental engineering and related engineering;0.3506956696510315
415;Art-thérapie et réadaptation: une perspective transdisciplinaire;RDF60;Humanities and the arts;0.509596049785614;RDF604;Arts (arts, history of arts, performing arts, music), architecture and design;0.5454874634742737;RDF601;History, archaeology and related studies;0.06938429176807404;RDF605;Other humanities;0.01659887097775936
416;Optimization and game dynamics in machine learning (Computer Science);RDF20-21;Engineering and technology;0.45700305700302124;RDF212;Other engineering and technologies;0.048337146639823914;RDF203;Electrical engineering, computer engineering, and information engineering;0.0003287661529611796;RDF201;Civil engineering, maritime engineering, transport engineering, and mining engineering;2.7484804377309047e-05
417;Développement et validation d'un outil sur le climat de genre tel que perçu par les élèves des écoles secondaires (Education and social work);RDF50;Social sciences;0.5600311160087585;RDF503;Education;0.977683424949646;RDF504;Sociology and related studies;0.5449413657188416;RDF507;Social and economic geography;0.36180365085601807
418;CMV Dynamics and Transmission in Pregnancy: Comparison Between Women Living with and without HIV (Clinical Investigation – Reproduction, Maternal, Child and Youth Health);RDF30;Medical, health and life sciences;0.9445508122444153;RDF303;Health sciences;0.8573379516601562;RDF302;Clinical medicine;0.8288781046867371;RDF301;Basic medicine and life sciences;0.6337136626243591
419;Solidarité et entraide dans le contexte de l'autisme et du vieillissement;RDF10;Natural sciences;0.372479110956192;RDF106;Biological sciences;0.24942979216575623;RDF105;Earth and related environmental sciences;0.14291216433048248;RDF103;Physical sciences;0.07952821999788284
420;Children with sexual behaviour problems: Do specialized services influence their trajectory within child protection services? (Psychology);RDF50;Social sciences;0.6948121786117554;RDF501;Psychology and cognitive sciences;0.5975142121315002;RDF509;Other social sciences;0.169467493891716;RDF508;Media and communications;0.00027739317738451064
421;Évaluer les pratiques préventives du Centre de prévention et d'intervention pour victimes d'agression sexuelle (CPIVAS) : projet pilote pour le programme de prévention « Clique sur toi! -- primaire »;RDF30;Medical, health and life sciences;0.45209839940071106;RDF302;Clinical medicine;0.003941901493817568;RDF301;Basic medicine and life sciences;0.0002457147929817438;RDF303;Health sciences;0.00016377618885599077
422;Understanding what they want and what works: social support and well-being among men experiencing cancer (Multidisciplinary or interdisciplinary social sciences);RDF50;Social sciences;0.966708242893219;RDF504;Sociology and related studies;0.9300166964530945;RDF509;Other social sciences;0.3825443983078003;RDF506;Political science and policy administration;0.034402865916490555
423;The Burden of Harsh Parenting on Socioemotional and Behavioral Problems: the Role of Chronic Cortisol secretion in the Preschool Years (Social & Developmental Aspects of Children's & Youth's Health);RDF50;Social sciences;0.3222693204879761;RDF504;Sociology and related studies;0.2129436582326889;RDF509;Other social sciences;0.009682567790150642;RDF503;Education;0.0010580627713352442
424;From amusia to dyslexia: the role of feedback (Biological Systems and Functions);RDF10;Natural sciences;0.5259649753570557;RDF106;Biological sciences;0.8469309210777283;RDF107;Other natural sciences;0.34921613335609436;RDF105;Earth and related environmental sciences;0.00017991842469200492
425;Raconter-Cartographier. La scénarisation transmédiale (Fine Arts, Research-Creation);RDF60;Humanities and the arts;0.6982784271240234;RDF605;Other humanities;0.9926642775535583;RDF604;Arts (arts, history of arts, performing arts, music), architecture and design;0.884843647480011;RDF601;History, archaeology and related studies;0.0004906548419967294
426;Stratégies d'actions de communication innovantes visant une sensibilisation résiliente de la population face aux risques liés aux inondations;RDF20-21;Engineering and technology;0.34897708892822266;RDF208;Environmental engineering and related engineering;0.6869366765022278;RDF202;Industrial, systems and processes engineering;0.4525953233242035;RDF211;Nano-technology;0.3411239683628082
427;Chez soi jusqu'à la fin? Entre désirs et possibilités de mourir à domicile (Sociology, demography and related fields);RDF50;Social sciences;0.8499943017959595;RDF504;Sociology and related studies;0.995562732219696;RDF507;Social and economic geography;0.26899072527885437;RDF509;Other social sciences;0.029288223013281822
428;A combined in vivo/ex vivo experimental platform for the thorough 3D investigation of bone fatigue related microdamage (Mechanical Engineering);RDF20-21;Engineering and technology;0.9906210899353027;RDF204;Mechanical engineering;0.9994426369667053;RDF202;Industrial, systems and processes engineering;0.15841861069202423;RDF212;Other engineering and technologies;0.09725482016801834
429;Élaboration et mise à l'essai d'un dispositif d'accompagnement avec, par et pour des conseillers pédagogiques: soutenir le développement professionnel continu des enseignants débutants au regard de l'articulation croyances-pratiques (Education and social work);RDF50;Social sciences;0.4653615653514862;RDF503;Education;0.983231246471405;RDF504;Sociology and related studies;0.2375308871269226;RDF501;Psychology and cognitive sciences;0.04462585598230362
430;Environmental Footprint of Mutual Funds and Pension Plans;RDF10;Natural sciences;0.5186652541160583;RDF105;Earth and related environmental sciences;0.023475060239434242;RDF107;Other natural sciences;0.0006202837103046477;RDF106;Biological sciences;6.138189928606153e-05
431;An Ecology of Wood Cultures in Canada (2003-2020): comparing constructive cultures through awarded architectural designs;RDF10;Natural sciences;0.3939352333545685;RDF107;Other natural sciences;0.19856534898281097;RDF105;Earth and related environmental sciences;0.11823273450136185;RDF106;Biological sciences;0.0004641337145585567
432;Improving allocation and supporting clinical decision-making for deceased donor kidney offers;RDF30;Medical, health and life sciences;0.38626521825790405;RDF302;Clinical medicine;0.8553746342658997;RDF303;Health sciences;0.5712268948554993;RDF304;Medical biotechnology;0.5305413007736206
433;The many facets of black hole feedback in galaxies (Physics);RDF10;Natural sciences;0.5020084381103516;RDF103;Physical sciences;0.9976537823677063;RDF107;Other natural sciences;0.3805588185787201;RDF102;Computer and information sciences;7.188538438640535e-05
434;Tics et syndrome de la Tourette: Bilan et Défis! Avancées des connaissances et discussion des enjeux liés à l'intervention;RDF30;Medical, health and life sciences;0.7311525344848633;RDF302;Clinical medicine;0.3790731728076935;RDF301;Basic medicine and life sciences;0.014591418206691742;RDF303;Health sciences;0.0011688099475577474
435;Targeting the SMARCD1-E2A-p53 Molecular Axis in B-Cell Lymphoma (Molecular & Cellular Biology of Cancer);RDF30;Medical, health and life sciences;0.5182831287384033;RDF304;Medical biotechnology;0.8543375730514526;RDF301;Basic medicine and life sciences;0.4628317356109619;RDF303;Health sciences;0.3979545533657074
436;The biogeochemical heterogeneity of peatlands (Geosciences);RDF30;Medical, health and life sciences;0.265147864818573;RDF305;Other medical sciences;0.00023611250799149275;RDF301;Basic medicine and life sciences;8.76561607583426e-05;RDF304;Medical biotechnology;3.837559779640287e-05
437;The role of referral networks on job outcomes (Economics);RDF50;Social sciences;0.21780137717723846;RDF502;Economics and business administration;0.21373319625854492;RDF507;Social and economic geography;0.0006004344904795289;RDF509;Other social sciences;0.0005774429300799966
438;Investigating neuroprotective strategies in genetic models of neurodegeneration;RDF10;Natural sciences;0.8703284859657288;RDF106;Biological sciences;0.9463552236557007;RDF107;Other natural sciences;0.3298400938510895;RDF103;Physical sciences;0.13584955036640167
439;Plant diversity and ecosystem services in wetlands (Evolution and Ecology);RDF10;Natural sciences;0.8103978037834167;RDF105;Earth and related environmental sciences;0.9486646056175232;RDF106;Biological sciences;0.6580531001091003;RDF107;Other natural sciences;0.15923646092414856
440;How do pioneer factor open chromatin?;RDF10;Natural sciences;0.7885507941246033;RDF106;Biological sciences;0.9790224432945251;RDF107;Other natural sciences;0.2306278795003891;RDF105;Earth and related environmental sciences;0.02066621370613575
441;Integrative physiology of ovarian follicular development and ovulation (Biological Systems and Functions);RDF10;Natural sciences;0.7431000471115112;RDF106;Biological sciences;0.9525642395019531;RDF107;Other natural sciences;0.03098156675696373;RDF103;Physical sciences;0.00018162632477469742
442;Intracellular transport of proteins containing di-arginine endoplasmic reticulum-retention motifs (Genes, Cells and Molecules);RDF30;Medical, health and life sciences;0.5667378306388855;RDF304;Medical biotechnology;0.9479563236236572;RDF301;Basic medicine and life sciences;0.9070783257484436;RDF302;Clinical medicine;0.17747385799884796
443;Plastic Waste Upgrading by Coupling Microwave Heating with Catalytic Pyrolysis (Materials and Chemical Engineering);RDF20-21;Engineering and technology;0.9938681125640869;RDF205;Chemical engineering;0.9974561929702759;RDF202;Industrial, systems and processes engineering;0.8142772316932678;RDF206;Materials engineering and resources engineering;0.7127071022987366
444;Controlling Molecular Organization in Materials (Chemistry);RDF20-21;Engineering and technology;0.6090653538703918;RDF205;Chemical engineering;0.8095048666000366;RDF206;Materials engineering and resources engineering;0.49637672305107117;RDF211;Nano-technology;0.21623973548412323
445;Développement de méthodes d'apprentissage automatique pour la détection d'anomalies à l'échelle d'un ensemble de barrages;RDF20-21;Engineering and technology;0.9705674052238464;RDF208;Environmental engineering and related engineering;0.8045487999916077;RDF212;Other engineering and technologies;0.6487612128257751;RDF202;Industrial, systems and processes engineering;0.513310432434082
446;Investigation of the heterogeneity of mitochondrial dysfunction in idiopathic Parkinson's disease using induced neurons derived from patients (Molecular & Cellular Neurosciences);RDF30;Medical, health and life sciences;0.5772416591644287;RDF301;Basic medicine and life sciences;0.9967247247695923;RDF304;Medical biotechnology;0.8316321969032288;RDF302;Clinical medicine;0.011087177321314812
447;The amyloid precursor protein intracellular domain is an effector molecule of metaplasticity - implications for the regulation of synaptic plasticity in Alzheimer disease (Molecular & Cellular Neurosciences);RDF30;Medical, health and life sciences;0.6381407976150513;RDF301;Basic medicine and life sciences;0.9807054996490479;RDF304;Medical biotechnology;0.5641516447067261;RDF305;Other medical sciences;0.009119481779634953
448;Regulation of neutrophil antimicrobial defense through the pleiotropic receptor FPR2/ALX (Genes, Cells and Molecules);RDF30;Medical, health and life sciences;0.486011266708374;RDF304;Medical biotechnology;0.978449285030365;RDF301;Basic medicine and life sciences;0.9630222320556641;RDF302;Clinical medicine;0.8604170083999634
449;The neural mechanisms underlying the promotion of motor learning by acute exercise (Biological Systems and Functions);RDF10;Natural sciences;0.43069949746131897;RDF106;Biological sciences;0.5545464754104614;RDF107;Other natural sciences;0.07564809173345566;RDF105;Earth and related environmental sciences;0.00020822955411858857
450;Scalable, versatile surface engineering through photo-initiated chemical vapour deposition (Materials and Chemical Engineering);RDF20-21;Engineering and technology;0.9960182309150696;RDF205;Chemical engineering;0.9554792046546936;RDF211;Nano-technology;0.7912117838859558;RDF206;Materials engineering and resources engineering;0.657319188117981
451;Regulation of cytokinesis by the novel and conserved flavin-dependent monooxygenase enzymes OSGN-1/OSGIN (Cell Biology - Molecular/Fundamental);RDF10;Natural sciences;0.5141733884811401;RDF106;Biological sciences;0.9959486722946167;RDF107;Other natural sciences;0.02621234394609928;RDF104;Chemical sciences;5.875543865840882e-05
452;Enabling monitoring of ultra-processed food consumption among Canadians: Development and validation of a screener (Nutrition, Food & Health);RDF20-21;Engineering and technology;0.45395901799201965;RDF208;Environmental engineering and related engineering;0.9217228889465332;RDF210;Industrial biotechnology;0.5850095748901367;RDF202;Industrial, systems and processes engineering;0.30450257658958435
453;Les cognitions sociales implicites et les tendances comportementales associées aux émotions hostiles (Psychology);RDF50;Social sciences;0.6521018743515015;RDF501;Psychology and cognitive sciences;0.9973880052566528;RDF508;Media and communications;0.0028506158851087093;RDF504;Sociology and related studies;0.002701719757169485
454;Heidegger et Gadamer. Correspondance et bilan (Philosophy);RDF60;Humanities and the arts;0.8680073022842407;RDF603;Philosophy;0.9978898763656616;RDF602;Languages and literature;0.9314072132110596;RDF605;Other humanities;0.26273447275161743
455;Generic AC-DC load-flow solution method with controllable AC-DC converters (Electrical and Computer Engineering);RDF20-21;Engineering and technology;0.9969493746757507;RDF203;Electrical engineering, computer engineering, and information engineering;0.8964713215827942;RDF212;Other engineering and technologies;0.002825001487508416;RDF202;Industrial, systems and processes engineering;0.0014391440199688077
456;Étude sur l'apport de l'expérience de l'émotion de la tristesse vécue et exprimée par des enfants endeuillés face à la réalité du processus de deuil tel que vécu au Québec (Education and social work);RDF50;Social sciences;0.7225733399391174;RDF503;Education;0.9589424729347229;RDF504;Sociology and related studies;0.8092741370201111;RDF507;Social and economic geography;0.0004516590270213783
457;Intelligent video surveillance to detect mobility problems of older adults at home: from fall detection to fall prevention (Electrical and Computer Engineering);RDF20-21;Engineering and technology;0.9959779977798462;RDF203;Electrical engineering, computer engineering, and information engineering;0.9511524438858032;RDF212;Other engineering and technologies;0.2654972970485687;RDF211;Nano-technology;0.00011104351870017126
458;Dynamic Ultrasound Localization Pulsatility Imaging (Medical Physics & Imaging);RDF20-21;Engineering and technology;0.42356324195861816;RDF207;Medical and biomedical engineering;0.8584248423576355;RDF212;Other engineering and technologies;0.005764951463788748;RDF210;Industrial biotechnology;5.846916974405758e-05
459;Metabolic control of plant non-photosynthetic metabolism (Biological Systems and Functions);RDF10;Natural sciences;0.7193007469177246;RDF106;Biological sciences;0.9488658308982849;RDF107;Other natural sciences;0.47905343770980835;RDF105;Earth and related environmental sciences;0.15387746691703796
460;COLCOT-T2D : Colchicine for Primary Prevention of Cardiovascular Events in Patients with Type 2 Diabetes;RDF30;Medical, health and life sciences;0.9282662868499756;RDF302;Clinical medicine;0.9925294518470764;RDF304;Medical biotechnology;0.8734814524650574;RDF303;Health sciences;0.020175490528345108
461;Major Resource Support at the Université de Montréal for Canada's Subatomic Physics Program;RDF10;Natural sciences;0.7993788123130798;RDF103;Physical sciences;0.9970505833625793;RDF107;Other natural sciences;0.032852862030267715;RDF102;Computer and information sciences;3.167445902363397e-05
462;Plateforme d'imagerie macroscopique ultra sensible pour l'étude des neurotransmetteurs et des neuromodulateurs in vivo (Biological Systems and Functions);RDF10;Natural sciences;0.6751755475997925;RDF106;Biological sciences;0.8091228604316711;RDF102;Computer and information sciences;0.5119151473045349;RDF103;Physical sciences;0.0017348313704133034
463;Algorithmes de calcul de dose basé sur des modèles pour des applications avancées en physique médicale (Physics);RDF10;Natural sciences;0.9373849034309387;RDF103;Physical sciences;0.9987360239028931;RDF106;Biological sciences;0.0040097832679748535;RDF107;Other natural sciences;0.002559415763244033
464;Logistics and transportation (Civil, Industrial and Systems Engineering);RDF20-21;Engineering and technology;0.975574791431427;RDF201;Civil engineering, maritime engineering, transport engineering, and mining engineering;0.666947603225708;RDF202;Industrial, systems and processes engineering;0.6578691601753235;RDF212;Other engineering and technologies;0.0001703805464785546
465;Systematic mapping of the global ARF network interactome by BioID coupled to functional studies to reveal novel biological functions (Cell Biology – Molecular/Fundamental);RDF10;Natural sciences;0.7239147424697876;RDF106;Biological sciences;0.9755951166152954;RDF105;Earth and related environmental sciences;0.0008648899965919554;RDF107;Other natural sciences;0.0004631952033378184
466;Measuring Partisan Conflicts on Social Media (Political science and public administration);RDF50;Social sciences;0.8530544638633728;RDF508;Media and communications;0.9968585968017578;RDF506;Political science and policy administration;0.9950725436210632;RDF504;Sociology and related studies;0.021903976798057556
467;The emergence of problem clarity in teams and its influence innovation project success;RDF20-21;Engineering and technology;0.4894126057624817;RDF202;Industrial, systems and processes engineering;0.383056640625;RDF201;Civil engineering, maritime engineering, transport engineering, and mining engineering;0.25867095589637756;RDF203;Electrical engineering, computer engineering, and information engineering;0.24348896741867065
468;The release of carbon and pollutants from eastern canadian watersheds in response to atmospheric deposition and climate change;RDF10;Natural sciences;0.9436806440353394;RDF105;Earth and related environmental sciences;0.8492625951766968;RDF107;Other natural sciences;0.09787534922361374;RDF106;Biological sciences;0.05290099233388901
469;Récepteur radiofréquence pour système de caractérisation d'antennes en micro-ondes et ondes millimétriques (Electrical and Computer Engineering);RDF20-21;Engineering and technology;0.9969613552093506;RDF203;Electrical engineering, computer engineering, and information engineering;0.9984372854232788;RDF208;Environmental engineering and related engineering;0.9642738699913025;RDF211;Nano-technology;0.924675464630127
470;Advanced Simulation Tools for the Design and Operation of Circular Economy Strategies;RDF20-21;Engineering and technology;0.8914434313774109;RDF208;Environmental engineering and related engineering;0.9242185354232788;RDF204;Mechanical engineering;0.47587308287620544;RDF202;Industrial, systems and processes engineering;0.31259453296661377
471;Révélations daoustiennes : nouvelles perspectives sur le théâtre francophone du Québec 1895-1940 (Fine Arts, Research-Creation);RDF60;Humanities and the arts;0.9928770661354065;RDF602;Languages and literature;0.9822594523429871;RDF604;Arts (arts, history of arts, performing arts, music), architecture and design;0.7542556524276733;RDF601;History, archaeology and related studies;0.6814230680465698
472;Dormir sans pression: un concept intégrateur pour les patients tétraplégiques et les aidants pour minimiser les plaies de pression, améliorer le sommeil et favoriser la résilience face à la lésion de la moelle épinière;RDF30;Medical, health and life sciences;0.5031834840774536;RDF301;Basic medicine and life sciences;0.9172731637954712;RDF302;Clinical medicine;0.902493417263031;RDF303;Health sciences;0.5643608570098877
473;Assessment of mechanical and durability performances of NSC to self-healing FRC structural components under combined mechanical and environemental loadings (Civil, Industrial and Systems Engineering);RDF20-21;Engineering and technology;0.9957378506660461;RDF208;Environmental engineering and related engineering;0.9966851472854614;RDF204;Mechanical engineering;0.9155967831611633;RDF202;Industrial, systems and processes engineering;0.6422703862190247
474;eNOS regulates endothelial cell polarity and angiogenic sprouting in vascular pathologies (Cardiovascular System – Vascular System);RDF30;Medical, health and life sciences;0.5736470222473145;RDF303;Health sciences;0.5368663668632507;RDF301;Basic medicine and life sciences;0.46044817566871643;RDF302;Clinical medicine;0.27437692880630493
475;Comparative Effectiveness of Repetitive Versus Deep Transcranial Magnetic Stimulation for Major Depression: A Randomized Controlled Trial;RDF30;Medical, health and life sciences;0.4709751605987549;RDF301;Basic medicine and life sciences;0.7685917019844055;RDF302;Clinical medicine;0.7438653707504272;RDF303;Health sciences;0.5435886979103088
476;Planning and developing Canadian intersectoral partnerships and knowledge sharing for sustainable LD risk mitigation in peri-domestic high-risk areas;RDF30;Medical, health and life sciences;0.3190997242927551;RDF303;Health sciences;0.11456327140331268;RDF301;Basic medicine and life sciences;0.11143970489501953;RDF304;Medical biotechnology;0.03439219295978546
477;Du réseau de neurones au circuit logique et réciproquement : le meilleur des deux mondes (Electrical and Computer Engineering);RDF20-21;Engineering and technology;0.9964047074317932;RDF203;Electrical engineering, computer engineering, and information engineering;0.6948655843734741;RDF212;Other engineering and technologies;0.032819800078868866;RDF207;Medical and biomedical engineering;0.0011574464151635766
478;Faire du virtuel une réalité : l'exploration de l'utilité d'agents virtuels autonomes en contexte de formation à l'évaluation des jeunes contrevenants (Psychology);RDF20-21;Engineering and technology;0.34789007902145386;RDF212;Other engineering and technologies;0.6263646483421326;RDF203;Electrical engineering, computer engineering, and information engineering;0.6203067302703857;RDF211;Nano-technology;0.1903812289237976
479;Global Corporate Minimum Tax in Canada? Politics, Policy and Practice;RDF50;Social sciences;0.31701597571372986;RDF506;Political science and policy administration;0.4657508134841919;RDF502;Economics and business administration;0.24089448153972626;RDF504;Sociology and related studies;0.005074843764305115
480;Briser les silos de recherche : pour l'amélioration des interactions entre les milieux universitaire et professionnel en sciences de l'information;RDF10;Natural sciences;0.41774508357048035;RDF102;Computer and information sciences;0.9524730443954468;RDF101;Mathematics and statistics;0.5383259057998657;RDF103;Physical sciences;0.2101571410894394
481;Simulation numérique des écoulements multi-composants à trois phases par l'approche de Boltzmann sur réseau;RDF20-21;Engineering and technology;0.47081810235977173;RDF204;Mechanical engineering;0.9224705100059509;RDF202;Industrial, systems and processes engineering;0.8593142032623291;RDF205;Chemical engineering;0.82676762342453
482;Developing an initial understanding of the factors involved in psychological readiness to return to sport following a concussion (Psychology, linguistics and translation);RDF10;Natural sciences;0.2681597173213959;RDF107;Other natural sciences;0.003011441556736827;RDF106;Biological sciences;6.053058314137161e-05;RDF103;Physical sciences;3.615414607338607e-05
483;Roles for mitochondrial adaptation in fatty liver disease and associated liver cancer (Cell Biology – Disease);RDF10;Natural sciences;0.4598209857940674;RDF106;Biological sciences;0.9469832181930542;RDF107;Other natural sciences;0.007600261829793453;RDF103;Physical sciences;5.8967110817320645e-05
484;Lagrangian analyzes of complex and turbulent flows for advanced flow diagnostics (Mechanical Engineering);RDF20-21;Engineering and technology;0.9846798777580261;RDF204;Mechanical engineering;0.9992262721061707;RDF202;Industrial, systems and processes engineering;0.12090901285409927;RDF212;Other engineering and technologies;0.01750541664659977
485;Energy and spectrum opportunistic relaying for sustainable wireless networks;RDF20-21;Engineering and technology;0.857277512550354;RDF212;Other engineering and technologies;0.5093158483505249;RDF203;Electrical engineering, computer engineering, and information engineering;0.271354615688324;RDF201;Civil engineering, maritime engineering, transport engineering, and mining engineering;0.011417968198657036
486;Plasmonic optophysiology (Chemistry);RDF10;Natural sciences;0.7399554252624512;RDF104;Chemical sciences;0.9908854961395264;RDF103;Physical sciences;0.8802684545516968;RDF107;Other natural sciences;0.2485816329717636
487;A statistical perspective for some challenges in data science;RDF50;Social sciences;0.2116377055644989;RDF509;Other social sciences;6.346240115817636e-05;RDF504;Sociology and related studies;5.644659904646687e-05;RDF503;Education;4.247337346896529e-05
488;Structural and functional characterization of protein-metal interactions (Genes, Cells and Molecules);RDF10;Natural sciences;0.8404076099395752;RDF106;Biological sciences;0.9885797500610352;RDF104;Chemical sciences;0.9206550717353821;RDF103;Physical sciences;0.7008965015411377
489;To study the pathogenesis and its underlying mechanisms of an abnormally large Pol II pool size caused by a defective novel ARMC5-containing POLR2A-specific ubiquitin ligase;RDF10;Natural sciences;0.5097295045852661;RDF106;Biological sciences;0.9040748476982117;RDF104;Chemical sciences;0.1827249974012375;RDF107;Other natural sciences;0.04652032628655434
490;Perspectives compositionnelles sur la sémiotique musicale, à partir de l'intégration théorique et pratique de la sémiotique deleuzienne du cinéma (Fine arts, research-creation);RDF60;Humanities and the arts;0.9785103797912598;RDF605;Other humanities;0.013582735322415829;RDF604;Arts (arts, history of arts, performing arts, music), architecture and design;0.00521573331207037;RDF603;Philosophy;0.0006722158286720514
491;Regulation of germinal center B cell function during antibody responses (Immunology & Transplantation);RDF30;Medical, health and life sciences;0.5049170255661011;RDF304;Medical biotechnology;0.9799076318740845;RDF301;Basic medicine and life sciences;0.8955851197242737;RDF302;Clinical medicine;0.5139360427856445
492;Victims, Law and Justice: A Partnership approach to Transformative Justice;RDF50;Social sciences;0.2341124713420868;RDF505;Law and legal practice;0.9950451850891113;RDF504;Sociology and related studies;0.31225770711898804;RDF506;Political science and policy administration;0.048598214983940125
493;Dynamic scene processing in humans (Biological Systems and Functions);RDF10;Natural sciences;0.3097328245639801;RDF106;Biological sciences;0.7046281099319458;RDF102;Computer and information sciences;0.6157257556915283;RDF107;Other natural sciences;0.10411950200796127
494;Planning for mercury-related vision rehabilitation services for Grassy Narrows First Nation community;RDF30;Medical, health and life sciences;0.6173893809318542;RDF305;Other medical sciences;0.20754967629909515;RDF301;Basic medicine and life sciences;0.12493406981229782;RDF303;Health sciences;0.03355969116091728
495;L'intégration des PFÉ dans les stages d'actualisation et de requalification de l'Université de Montréal;RDF20-21;Engineering and technology;0.5908486247062683;RDF207;Medical and biomedical engineering;0.8694407343864441;RDF202;Industrial, systems and processes engineering;0.8165384531021118;RDF205;Chemical engineering;0.7609794735908508
496;Cartographie des sensibilités queer dans la culture audiovisuelle populaire (Communications, media studies, gender studies, library and information science, related fields);RDF60;Humanities and the arts;0.4287429451942444;RDF605;Other humanities;0.004194740671664476;RDF604;Arts (arts, history of arts, performing arts, music), architecture and design;1.8087059288518503e-05;RDF603;Philosophy;1.7455267879995517e-05
497;De l'innovation à la nouvelle conformité : les usages complexes des smart drugs (Sociology, demography and related fields);RDF30;Medical, health and life sciences;0.9403097033500671;RDF303;Health sciences;0.7462559938430786;RDF304;Medical biotechnology;0.6028093099594116;RDF302;Clinical medicine;0.23055264353752136
498;Favoriser la participation sociale des aînés présentant des problèmes de mobilité : partenariat pour le codéveloppement d'un service innovant offert en contexte communautaire;RDF10;Natural sciences;0.2552167773246765;RDF107;Other natural sciences;0.06803413480520248;RDF106;Biological sciences;0.03713860362768173;RDF105;Earth and related environmental sciences;0.00467032240703702
499;Chemosensation in Parkinson's disease: Trigeminal sensitivity as a potential marker (Behavioural Sciences);RDF30;Medical, health and life sciences;0.47431835532188416;RDF304;Medical biotechnology;0.715904712677002;RDF301;Basic medicine and life sciences;0.6428834795951843;RDF303;Health sciences;0.3452146053314209
500;Nuclear Factor Erythroid 2-Related Factor 2 (NRF2) and Regulation of Sodium-Glucose Co-Transporter 2 (SGLT2) Expression in Type 2 Diabetes (Diabetes, Obesity, Lipid & Lipoprotein Disorders);RDF10;Natural sciences;0.44301918148994446;RDF106;Biological sciences;0.7289833426475525;RDF107;Other natural sciences;0.01321555208414793;RDF104;Chemical sciences;0.008783524855971336
501;Identifying and functionally validating IBD genes and variants impacting intestinal epithelial barrier integrity (Genetics);RDF10;Natural sciences;0.4718267619609833;RDF106;Biological sciences;0.3497122526168823;RDF107;Other natural sciences;0.012049993500113487;RDF105;Earth and related environmental sciences;3.278952499385923e-05
502;Structural and functional characterization of type IV secretion system pili (Biochemistry & Molecular Biology);RDF10;Natural sciences;0.9143096208572388;RDF106;Biological sciences;0.9774495959281921;RDF107;Other natural sciences;0.21682250499725342;RDF104;Chemical sciences;0.03308849409222603
503;Targeting the extracellular adenosine pathway in pancreatic and liver cancers;RDF10;Natural sciences;0.9054837226867676;RDF106;Biological sciences;0.9962708950042725;RDF104;Chemical sciences;0.7976177334785461;RDF107;Other natural sciences;0.3927868604660034
504;The impact of amyloid-induced neurodegeneration on sleep features and memory processes (Biological and Clinical Aspects of Aging);RDF10;Natural sciences;0.49508360028266907;RDF106;Biological sciences;0.906690239906311;RDF107;Other natural sciences;0.23882131278514862;RDF103;Physical sciences;6.0908994782948866e-05
505;Disentangling the Kinematics of the Solar Neighborhood to Calibrate the Ages of Stars and Exoplanets (Physics);RDF10;Natural sciences;0.929816722869873;RDF103;Physical sciences;0.9996284246444702;RDF107;Other natural sciences;0.30949077010154724;RDF102;Computer and information sciences;6.175392627483234e-05
506;Towards a Transcultural History and Theory of Heterophony (Fine Arts, Research-Creation);RDF60;Humanities and the arts;0.9684690833091736;RDF605;Other humanities;0.844944179058075;RDF604;Arts (arts, history of arts, performing arts, music), architecture and design;0.5650134682655334;RDF602;Languages and literature;0.12967737019062042
507;What Do Deep Learning Systems Understand? (Philosophy, medieval studies, classics, religious);RDF60;Humanities and the arts;0.8058149218559265;RDF605;Other humanities;0.994251012802124;RDF603;Philosophy;0.9890638589859009;RDF602;Languages and literature;0.2619000971317291
508;Improving endurance performance using maple syrup;RDF10;Natural sciences;0.5192881226539612;RDF107;Other natural sciences;0.3158782720565796;RDF106;Biological sciences;0.00035000519710592926;RDF105;Earth and related environmental sciences;0.00023995326773729175
509;Multi-Omic Primate Adaptation to Local Environments (Evolution and Ecology);RDF10;Natural sciences;0.6588087677955627;RDF105;Earth and related environmental sciences;0.6359906196594238;RDF107;Other natural sciences;0.07987566292285919;RDF106;Biological sciences;0.04295286536216736
510;The Role of the State for Long-run Economic Development in Europe (Economics);RDF10;Natural sciences;0.1997763216495514;RDF102;Computer and information sciences;0.00012501953460741788;RDF107;Other natural sciences;6.280746310949326e-05;RDF104;Chemical sciences;5.506265733856708e-05
511;Éditions critiques numériques et multilinguisme;RDF60;Humanities and the arts;0.6666684746742249;RDF602;Languages and literature;0.9986363649368286;RDF605;Other humanities;0.9101406335830688;RDF604;Arts (arts, history of arts, performing arts, music), architecture and design;0.00034673605114221573
512;Metabolic control of vascular regeneration in retinopathy of prematurity (Clinical Investigation – Reproduction, Maternal, Child and Youth Health);RDF30;Medical, health and life sciences;0.8944584131240845;RDF302;Clinical medicine;0.734552264213562;RDF301;Basic medicine and life sciences;0.7100762724876404;RDF303;Health sciences;0.6924412846565247
513;Mechanics and dynamics of mineral dust production within cold climates (Geosciences);RDF10;Natural sciences;0.6321887373924255;RDF105;Earth and related environmental sciences;0.9997352361679077;RDF107;Other natural sciences;0.21891313791275024;RDF104;Chemical sciences;0.00045427566510625184
514;Biosecurity in Canadian dairy farms: Unraveling the epidemiology of bovine infectious diseases and refining diagnostic strategies to improve their detection, prevention and control (Biological Systems and Functions);RDF40;Agricultural and veterinary sciences;0.9255091547966003;RDF402;Animal and dairy sciences;0.9994864463806152;RDF403;Veterinary sciences;0.9734408259391785;RDF404;Agricultural biotechnology and food sciences;0.5513660311698914
515;Mobilité urbaine et ressources langagières à Santiago du Chili (Linguistics and translation);RDF60;Humanities and the arts;0.24118655920028687;RDF602;Languages and literature;0.6011678576469421;RDF605;Other humanities;0.4136066436767578;RDF604;Arts (arts, history of arts, performing arts, music), architecture and design;0.0005240177270025015
516;Pays perdus, terres promises : deux imaginaires du territoire de l'Antiquité à nos jours;RDF60;Humanities and the arts;0.6533152461051941;RDF605;Other humanities;0.9484096169471741;RDF601;History, archaeology and related studies;0.9181336760520935;RDF602;Languages and literature;0.0008132453658618033
517;Supraionic engineering of liquid electrolytes for electrochemistry and ionometallurgy;RDF20-21;Engineering and technology;0.989978015422821;RDF205;Chemical engineering;0.32474660873413086;RDF212;Other engineering and technologies;0.05986515060067177;RDF211;Nano-technology;0.004558189306408167
518;Pricing and Profitability in Non-Life Insurance;RDF30;Medical, health and life sciences;0.2385442703962326;RDF305;Other medical sciences;0.0020337027963250875;RDF301;Basic medicine and life sciences;0.0001529323635622859;RDF304;Medical biotechnology;4.293082020012662e-05
519;Regulation of glycolysis in T cell metabolic reprogramming (Genes, Cells and Molecules);RDF10;Natural sciences;0.48025378584861755;RDF106;Biological sciences;0.8321146368980408;RDF107;Other natural sciences;0.1301770955324173;RDF104;Chemical sciences;0.008203025907278061
520;After-images and urban spaces: lesbian, gay and queer visible presence in Montreal (1950-1990) (Communications, media studies, gender studies, library and information science, related fields);RDF60;Humanities and the arts;0.5401115417480469;RDF605;Other humanities;0.9872551560401917;RDF604;Arts (arts, history of arts, performing arts, music), architecture and design;0.00013846006186213344;RDF601;History, archaeology and related studies;1.3763217793894e-05
521;Heterochromatin Protein 1 (HP1) in maternal infertility and embryonic development (Genes, Cells and Molecules);RDF30;Medical, health and life sciences;0.5211545825004578;RDF301;Basic medicine and life sciences;0.9529243111610413;RDF304;Medical biotechnology;0.9349976181983948;RDF303;Health sciences;0.39227956533432007
522;Chronic non-cancer pain, substance use, and related harms: Towards an optimal treatment pathway for people who inject drugs in the context of the opioid crisis (Behavioural Sciences – Clinical Behavioural Sciences);RDF30;Medical, health and life sciences;0.9345501065254211;RDF303;Health sciences;0.9632314443588257;RDF302;Clinical medicine;0.02616064064204693;RDF305;Other medical sciences;0.019277354702353477
523;Simulation stochastique à haute résolution spatiale pour les études des risques d'inondation en milieu urbain;RDF20-21;Engineering and technology;0.33871403336524963;RDF208;Environmental engineering and related engineering;0.9229459166526794;RDF204;Mechanical engineering;0.6947144269943237;RDF202;Industrial, systems and processes engineering;0.3265599310398102
524;Innovative mobile health treatment modality to treat sleep difficulties in healthcare workers working on atypical work schedules;RDF30;Medical, health and life sciences;0.6521454453468323;RDF303;Health sciences;0.6787723898887634;RDF302;Clinical medicine;0.6608731746673584;RDF304;Medical biotechnology;0.5300776362419128
525;Interpretable Machine Learning Approaches Applied to Omics Datasets (Genes, Cells and Molecules);RDF10;Natural sciences;0.7121211290359497;RDF106;Biological sciences;0.6658709049224854;RDF102;Computer and information sciences;0.32631298899650574;RDF107;Other natural sciences;0.09514839947223663
526;Prevention and treatment of preeclampsia using exercise training and Angiotensin-(1-7): determining the mechanisms and clinical potential (Cardiovascular System – Heart and Circulation);RDF30;Medical, health and life sciences;0.6663670539855957;RDF302;Clinical medicine;0.7241953015327454;RDF303;Health sciences;0.6532270312309265;RDF304;Medical biotechnology;0.035063162446022034
527;Connecting MRI physics and artificial intelligence to advance novel acquisition and analyses technologies for neuroimaging applications (Physics);RDF20-21;Engineering and technology;0.6088343262672424;RDF203;Electrical engineering, computer engineering, and information engineering;0.0027845334261655807;RDF207;Medical and biomedical engineering;0.0016119966749101877;RDF212;Other engineering and technologies;0.0005792151787318289
528;The Paperology Symposium;RDF30;Medical, health and life sciences;0.31960099935531616;RDF304;Medical biotechnology;0.0162274781614542;RDF301;Basic medicine and life sciences;0.008623809553682804;RDF303;Health sciences;0.0008102660649456084
529;Mechanisms affecting follicular development and ovulation in the Bovine model;RDF40;Agricultural and veterinary sciences;0.5422223210334778;RDF402;Animal and dairy sciences;0.9940997958183289;RDF403;Veterinary sciences;0.9883153438568115;RDF404;Agricultural biotechnology and food sciences;0.39185285568237305
530;Measuring and modeling large-scale electrophysiological brain dynamics: From neural mechanisms to cognitive processes (Biological Systems and Functions);RDF10;Natural sciences;0.5802428722381592;RDF106;Biological sciences;0.9404863119125366;RDF107;Other natural sciences;0.018549541011452675;RDF102;Computer and information sciences;0.003730579512193799
531;Apprentissage des jeunes adultes touchés par un cancer du sang : création de solutions à l'aide du co-design;RDF20-21;Engineering and technology;0.4070027768611908;RDF207;Medical and biomedical engineering;0.8961605429649353;RDF212;Other engineering and technologies;0.5322442650794983;RDF208;Environmental engineering and related engineering;0.43318119645118713
532;Mentalisation parentale non verbale sous la loupe : Valeur ajoutée à la relation parent-enfant et complémentarité avec la mentalisation parentale verbale (Psychology, linguistics and translation);RDF50;Social sciences;0.3057268559932709;RDF501;Psychology and cognitive sciences;0.9762445092201233;RDF509;Other social sciences;0.39435628056526184;RDF503;Education;0.0631318911910057
533;A multifactorial and integrative approach to investigate spoken discourse in Canadian French (Mutidisciplinary or interdisciplinary social sciences);RDF50;Social sciences;0.9871135354042053;RDF504;Sociology and related studies;0.8597735166549683;RDF508;Media and communications;0.6302799582481384;RDF506;Political science and policy administration;0.0854577049612999
534;Opening the blackbox on the relation between participation in hackathons and the development of longer-term collaborative capabilities;RDF20-21;Engineering and technology;0.6445868015289307;RDF203;Electrical engineering, computer engineering, and information engineering;0.13757404685020447;RDF212;Other engineering and technologies;0.11473530530929565;RDF202;Industrial, systems and processes engineering;0.10638062655925751
535;A multi-country comparison of COVID-19 response: Planning, implementation, and health system resilience (Canadian 2019 Novel Coronavirus (2019-nCoV) Rapid Research);RDF30;Medical, health and life sciences;0.8849298357963562;RDF303;Health sciences;0.5816082954406738;RDF305;Other medical sciences;0.0014651317615061998;RDF301;Basic medicine and life sciences;0.0006224839016795158
536;Participatory Democracy and the Canadian Genetic Non-Discrimination Act (Multidisciplinary or interdisciplinary humanities);RDF50;Social sciences;0.611280083656311;RDF509;Other social sciences;0.7832202911376953;RDF504;Sociology and related studies;0.37333229184150696;RDF506;Political science and policy administration;0.18099065124988556
537;Levelling the Playing Fields: Creating the conditions for free-play to emerge in cities (Public, Community & Population Health);RDF30;Medical, health and life sciences;0.4896487593650818;RDF303;Health sciences;0.6912397146224976;RDF301;Basic medicine and life sciences;0.017751533538103104;RDF305;Other medical sciences;0.004202565643936396
538;Using prospective and observational designs to study support processes and sexual well-being in long-term couples (Psychology);RDF50;Social sciences;0.6772427558898926;RDF501;Psychology and cognitive sciences;0.6994757652282715;RDF509;Other social sciences;0.0007281230646185577;RDF504;Sociology and related studies;0.0003867194755002856
539;Molecular dissection of mitotic kinase functions using chemogenomics (Genes, Cells and Molecules);RDF10;Natural sciences;0.4986465871334076;RDF106;Biological sciences;0.7412847280502319;RDF107;Other natural sciences;0.17840160429477692;RDF104;Chemical sciences;0.03131270781159401
540;Compassion and Collective Care in Long-Term Care Settings: A Communicative Perspective (Communications, media studies, gender studies, library and information science, related fields);RDF50;Social sciences;0.38638922572135925;RDF508;Media and communications;0.9991366267204285;RDF509;Other social sciences;0.04009300842881203;RDF504;Sociology and related studies;0.00025190363521687686
541;Towards a better understanding of contaminant bioavailability- urgent replacement of photosynthetic incubators (Geosciences);RDF10;Natural sciences;0.8644291162490845;RDF105;Earth and related environmental sciences;0.9996981620788574;RDF107;Other natural sciences;0.4347526431083679;RDF106;Biological sciences;0.0004540356167126447
542;Marking Monastic Space: The Spatial Iconography of Inscribed Capitals, 1080-1160 (Fine arts, research-creation);RDF60;Humanities and the arts;0.824274480342865;RDF604;Arts (arts, history of arts, performing arts, music), architecture and design;0.6134177446365356;RDF605;Other humanities;0.30819353461265564;RDF601;History, archaeology and related studies;0.010631178505718708
543;Dans l'intérêt du patient : la relation thérapeutique au sein de la Collection hippocratique (Philosophy, medieval studies, classics, religious);RDF60;Humanities and the arts;0.5688947439193726;RDF603;Philosophy;0.9964997172355652;RDF605;Other humanities;0.6625576019287109;RDF601;History, archaeology and related studies;0.04186123609542847
544;Advanced methods for depth-based human pose estimation and motion analysis: application to vital signs monitoring in the intensive care unit (Electrical and Computer Engineering);RDF20-21;Engineering and technology;0.9950773119926453;RDF203;Electrical engineering, computer engineering, and information engineering;0.9732821583747864;RDF212;Other engineering and technologies;0.38511472940444946;RDF211;Nano-technology;0.015044555068016052
545;RÉAC ! Réactivité de la prise en charge des nouveaux arrivants face à la pandémie de COVID-19 à Montréal, Sherbrooke et Toronto : une recherche mixte participative (Health Policy & Systems Management Research);RDF30;Medical, health and life sciences;0.808103621006012;RDF303;Health sciences;0.4767693877220154;RDF301;Basic medicine and life sciences;0.16060714423656464;RDF305;Other medical sciences;0.09571923315525055
546;Public School Choice and Refugee Assignment: (Dynamic) Minimal Instability for Non-Unit Capacities and for Lotteries and Weak Priorities (Economics);RDF50;Social sciences;0.24377784132957458;RDF503;Education;0.9976527094841003;RDF507;Social and economic geography;0.5068881511688232;RDF502;Economics and business administration;0.047174304723739624
547;Metabolic and translational dependencies of activated T cells (Genes, Cells and Molecules);RDF30;Medical, health and life sciences;0.5557152628898621;RDF304;Medical biotechnology;0.9790577292442322;RDF301;Basic medicine and life sciences;0.9023662805557251;RDF303;Health sciences;0.7142427563667297
548;Transformer des espaces conventionnels et dysfonctionnels de participation : scénarios pour accroître la participation des citoyens aux comités consultatifs;RDF20-21;Engineering and technology;0.7071518898010254;RDF208;Environmental engineering and related engineering;0.41596338152885437;RDF202;Industrial, systems and processes engineering;0.24370762705802917;RDF203;Electrical engineering, computer engineering, and information engineering;0.09182369709014893
549;CITE-sequencing analysis revealed immune cell diversity in colonic mesenteric lymph nodes from IBD patients;RDF30;Medical, health and life sciences;0.7679622769355774;RDF303;Health sciences;0.7225651741027832;RDF302;Clinical medicine;0.6885331273078918;RDF301;Basic medicine and life sciences;0.6216829419136047
550;The neglected place of financial information and accountants in Canadian tech startups;RDF20-21;Engineering and technology;0.31472644209861755;RDF212;Other engineering and technologies;0.11479716747999191;RDF203;Electrical engineering, computer engineering, and information engineering;0.03446061164140701;RDF210;Industrial biotechnology;0.00014673772966489196
551;Reinventing the Rash: A Global History of Measles in the Vaccine Era (History);RDF30;Medical, health and life sciences;0.4589076042175293;RDF305;Other medical sciences;0.13188180327415466;RDF303;Health sciences;0.008029173128306866;RDF304;Medical biotechnology;0.0028622932732105255
552;A New, Data-Driven Era for Precision Cosmology: Measuring the Expansion Rate of the Universe with Machine Learning (Physics);RDF10;Natural sciences;0.6088507175445557;RDF103;Physical sciences;0.8768046498298645;RDF102;Computer and information sciences;0.6662618517875671;RDF107;Other natural sciences;0.10583651810884476
553;Créer-Entreprendre ! Trajectoires croisées : arts numériques et école nationale de cirque. Une exploration des reconfigurations des projets créatifs et des modèles de valeur post-Covid;RDF20-21;Engineering and technology;0.7012085914611816;RDF212;Other engineering and technologies;0.9799652099609375;RDF203;Electrical engineering, computer engineering, and information engineering;0.9265182018280029;RDF202;Industrial, systems and processes engineering;0.32134637236595154
554;Factors that control translational fidelity in mammalian cells (Genes, Cells and Molecules);RDF30;Medical, health and life sciences;0.5601308345794678;RDF301;Basic medicine and life sciences;0.9599093198776245;RDF304;Medical biotechnology;0.9218453764915466;RDF303;Health sciences;0.45858460664749146
555;Exploiting the synthetic-lethal vulnerabilities of stem cells and cancer cells with eroded telomeres (Molecular & Cellular Biology of Cancer);RDF10;Natural sciences;0.44808849692344666;RDF106;Biological sciences;0.9710652232170105;RDF107;Other natural sciences;0.043734192848205566;RDF104;Chemical sciences;0.002779874950647354
556;Physicochemical characterization of pre-clinical samples of a bacteriophage therapy spray-on patch for the treatment of COVID-19-related pressure injury resistant infections;RDF30;Medical, health and life sciences;0.38877782225608826;RDF304;Medical biotechnology;0.9765858054161072;RDF301;Basic medicine and life sciences;0.7680912017822266;RDF303;Health sciences;0.019994957372546196
557;Dumping of waste rocks (WR) in mine stopes being filled with paste backfill (PB): Experimental and numerical investigations on the natural mixing behavior between WR and PB;RDF10;Natural sciences;0.8906732201576233;RDF105;Earth and related environmental sciences;0.9322787523269653;RDF103;Physical sciences;0.7154761552810669;RDF107;Other natural sciences;0.30460453033447266
558;Deep neural network uncertainty estimation for safe integration into autonomous driving autonomy systems;RDF20-21;Engineering and technology;0.668624222278595;RDF203;Electrical engineering, computer engineering, and information engineering;0.20252223312854767;RDF202;Industrial, systems and processes engineering;0.10309042036533356;RDF201;Civil engineering, maritime engineering, transport engineering, and mining engineering;0.07570403814315796
559;Adaptive Mechanical Systems for Physical Embodied Intelligence Robotics;RDF20-21;Engineering and technology;0.6973518133163452;RDF204;Mechanical engineering;0.6351469159126282;RDF202;Industrial, systems and processes engineering;0.34016305208206177;RDF212;Other engineering and technologies;0.2316935509443283
560;Transnational families and midwifery care: Expectations, challenges and practices during pregnancy, childbirth and postpartum (Evolving Narratives of Cultures and Histories);RDF30;Medical, health and life sciences;0.5484312176704407;RDF305;Other medical sciences;0.0036333249881863594;RDF303;Health sciences;0.00045271962881088257;RDF301;Basic medicine and life sciences;0.00012073232210241258
561;Constructing participatory performance: the ecologies and architectures of audience engagement (Communications, media studies, gender studies, library and information science, related fields);RDF60;Humanities and the arts;0.8387323617935181;RDF604;Arts (arts, history of arts, performing arts, music), architecture and design;0.6941403746604919;RDF605;Other humanities;0.0059946333058178425;RDF602;Languages and literature;4.2700881749624386e-05
562;Development and implementation of a standardized methodology aiming to optimize the efficacy and reproducibility of findings using non-invasive brain stimulation techniques in the context of motor training (Biological Systems and Functions);RDF30;Medical, health and life sciences;0.39820584654808044;RDF301;Basic medicine and life sciences;0.5291982889175415;RDF304;Medical biotechnology;0.47501322627067566;RDF305;Other medical sciences;0.008428345434367657
563;Putting interfaces at work (Materials and Chemical Engineering);RDF20-21;Engineering and technology;0.9963544607162476;RDF205;Chemical engineering;0.9748868942260742;RDF206;Materials engineering and resources engineering;0.6642718315124512;RDF211;Nano-technology;0.3261018991470337
564;Les outils de l'intersectorialité au niveau régional, comment sont-ils produits et comment opèrent-ils? (Political science and public administration);RDF50;Social sciences;0.983185350894928;RDF506;Political science and policy administration;0.9991358518600464;RDF507;Social and economic geography;0.4830239415168762;RDF509;Other social sciences;0.05898047983646393
565;Cell biology and function of dopamine neuron connectivity in health and disease (Molecular & Cellular Neurosciences);RDF30;Medical, health and life sciences;0.9631019830703735;RDF301;Basic medicine and life sciences;0.7528022527694702;RDF302;Clinical medicine;0.3826846182346344;RDF304;Medical biotechnology;0.08671450614929199
566;Exploiting Graphical Optimization Models to Solve Discrete Decision Problems in Healthcare and Supply Chain Logistics (Civil, Industrial and Systems Engineering);RDF20-21;Engineering and technology;0.9697983860969543;RDF207;Medical and biomedical engineering;0.9974120259284973;RDF202;Industrial, systems and processes engineering;0.7649213075637817;RDF210;Industrial biotechnology;0.2044302523136139
567;Alliance de recherche et d'action Alternatives inclusives en Santé mentale;RDF30;Medical, health and life sciences;0.8639782071113586;RDF305;Other medical sciences;0.8757025003433228;RDF303;Health sciences;0.06600654870271683;RDF301;Basic medicine and life sciences;0.010924763046205044
568;The development of a quality benchmark that identifies and addresses the determinants of online information reliability to inform information-seeking by a diverse population (Communications, media studies, gender studies, library and information science, related fields);RDF50;Social sciences;0.33299195766448975;RDF508;Media and communications;0.997384786605835;RDF509;Other social sciences;0.004814951214939356;RDF504;Sociology and related studies;0.0009564139181748033
569;Staufen2 and DNA damage (Genes, Cells and Molecules);RDF10;Natural sciences;0.598892331123352;RDF106;Biological sciences;0.9361532330513;RDF104;Chemical sciences;0.6884979605674744;RDF107;Other natural sciences;0.2966320812702179
570;Ultra-high-resolution emission and absorption spectroscopy of non-equilibrium and highly-reactive plasmas applied to complex materials processing (Physics);RDF20-21;Engineering and technology;0.659318208694458;RDF206;Materials engineering and resources engineering;0.5322808623313904;RDF211;Nano-technology;0.3064430058002472;RDF212;Other engineering and technologies;0.28951701521873474
571;Symmetries: Algebra and Physics;RDF10;Natural sciences;0.8998123407363892;RDF103;Physical sciences;0.9924435019493103;RDF107;Other natural sciences;0.7087366580963135;RDF101;Mathematics and statistics;0.014267866499722004
572;Mobilizing Women's Entrepreneurship for empowerment and local economic development;RDF10;Natural sciences;0.3029947280883789;RDF104;Chemical sciences;0.02131766825914383;RDF102;Computer and information sciences;0.007391011342406273;RDF107;Other natural sciences;0.0005514672375284135
573;Calmodulation of ion channels (Genes, Cells and Molecules);RDF10;Natural sciences;0.6641658544540405;RDF106;Biological sciences;0.9381498694419861;RDF104;Chemical sciences;0.7670593857765198;RDF107;Other natural sciences;0.7118980288505554
574;A multidimensional approach to study the biophysics of bioadhesin interaction with advanced nanomaterials;RDF10;Natural sciences;0.49736908078193665;RDF106;Biological sciences;0.7077332735061646;RDF107;Other natural sciences;0.11573415994644165;RDF104;Chemical sciences;0.00654729874804616
575;Smart nanostructured optical coatings prepared by pulsed plasma-based techniques (Physics);RDF20-21;Engineering and technology;0.6511909365653992;RDF211;Nano-technology;0.9637647867202759;RDF206;Materials engineering and resources engineering;0.5054370164871216;RDF212;Other engineering and technologies;0.2264677882194519
576;Développement de vêtements de protection chimique intelligents à haute performance de filtration (Materials and Chemical Engineering);RDF20-21;Engineering and technology;0.99537593126297;RDF205;Chemical engineering;0.9957553148269653;RDF208;Environmental engineering and related engineering;0.9588214755058289;RDF206;Materials engineering and resources engineering;0.8290414810180664
577;Context and Culture: Linguistic Anthropology and the Legacy of Michael Silverstein;RDF60;Humanities and the arts;0.8022711873054504;RDF605;Other humanities;0.2638741433620453;RDF604;Arts (arts, history of arts, performing arts, music), architecture and design;0.17283323407173157;RDF602;Languages and literature;0.12904293835163116
578;Ultra-trace laboratory for legacy and emerging contaminants (Geosciences);RDF10;Natural sciences;0.6334653496742249;RDF105;Earth and related environmental sciences;0.9994943141937256;RDF107;Other natural sciences;0.07638683915138245;RDF104;Chemical sciences;5.375701221055351e-05
579;Improving vulnerable preschoolers' mental health: A superiority trial assessing the How-to Parenting Program;RDF30;Medical, health and life sciences;0.3035261929035187;RDF305;Other medical sciences;0.007343565113842487;RDF301;Basic medicine and life sciences;0.0031141615472733974;RDF303;Health sciences;0.0025545244570821524
580;Polymeric Nanoparticles for Delivery of Ribonucleic Acids: Overcoming the Endosomal Barrier and Going Beyond the Liver (Materials and Chemical Engineering);RDF20-21;Engineering and technology;0.9896549582481384;RDF211;Nano-technology;0.9982000589370728;RDF205;Chemical engineering;0.9975947141647339;RDF210;Industrial biotechnology;0.7876972556114197
581;Crime in the Decentralized Finance Industry (Law and criminology);RDF50;Social sciences;0.2999325394630432;RDF505;Law and legal practice;0.546670138835907;RDF504;Sociology and related studies;0.002352162729948759;RDF507;Social and economic geography;0.001233038492500782
582;Gravitation, quantum mechanics and quantum field theory;RDF10;Natural sciences;0.9423983693122864;RDF103;Physical sciences;0.9853662252426147;RDF107;Other natural sciences;0.6154115200042725;RDF105;Earth and related environmental sciences;0.0001039979251800105
583;Improving hedging effectiveness in actuarial and financial applications (Mathematics and Statistics);RDF10;Natural sciences;0.24002066254615784;RDF101;Mathematics and statistics;0.9995594024658203;RDF107;Other natural sciences;0.00010707062028814107;RDF103;Physical sciences;1.589801104273647e-05
584;Closing the Comorbidity Gap for People Living with HIV : a Randomized Controlled Trial of Fostemsavir to Reduce Inflammaging;RDF30;Medical, health and life sciences;0.5473490953445435;RDF302;Clinical medicine;0.9656175374984741;RDF303;Health sciences;0.9166306853294373;RDF304;Medical biotechnology;0.741985023021698
585;Autonomie des acteurs dans les relations asymétriques: États de facto et leur patron entre l'Europe et la Russie (Political science and public administration);RDF50;Social sciences;0.9461184740066528;RDF506;Political science and policy administration;0.9980169534683228;RDF509;Other social sciences;0.45610713958740234;RDF504;Sociology and related studies;0.0004495415196288377
586;Replacement of the femtosecond laser in the THz spectroscopic microscopy laboratory (Electrical and Computer Engineering);RDF20-21;Engineering and technology;0.9968782663345337;RDF203;Electrical engineering, computer engineering, and information engineering;0.6613636016845703;RDF212;Other engineering and technologies;0.6516321301460266;RDF211;Nano-technology;0.012126849964261055
587;Bringing nutrition to life among vulnerable populations: experiences from Latin America and Canada;RDF30;Medical, health and life sciences;0.38281887769699097;RDF303;Health sciences;0.685853898525238;RDF301;Basic medicine and life sciences;0.6638580560684204;RDF304;Medical biotechnology;0.43370720744132996
588;Long non-coding RNAs in growth factor signaling (Genes, Cells and Molecules);RDF30;Medical, health and life sciences;0.4326637387275696;RDF304;Medical biotechnology;0.9536250233650208;RDF301;Basic medicine and life sciences;0.9182525873184204;RDF303;Health sciences;0.5039434432983398
589;Plan d'action pour la gestion de la douleur chronique du Ministère de la Santé et des Services sociaux du Québec: Évaluation de la mise en œuvre et des impacts des projets initiaux en vue d'une généralisation progressive à l'ensemble du Québec;RDF30;Medical, health and life sciences;0.7813493609428406;RDF302;Clinical medicine;0.6136130690574646;RDF301;Basic medicine and life sciences;0.4222109913825989;RDF304;Medical biotechnology;0.052920665591955185
590;INNOV Phase I: Leverage artificial intelligence to improve Environmental, Social, and Governance (ESG) data;RDF50;Social sciences;0.40843093395233154;RDF507;Social and economic geography;0.003763519925996661;RDF509;Other social sciences;0.0018035871908068657;RDF504;Sociology and related studies;0.0010005644289776683
591;Prevention of anastomotic leak in colorectal surgery through microbiome mediation of intestinal healing (Nutrition, Food & Health);RDF30;Medical, health and life sciences;0.852874755859375;RDF301;Basic medicine and life sciences;0.9709702134132385;RDF304;Medical biotechnology;0.9627296328544617;RDF302;Clinical medicine;0.8449693322181702
592;Development of a tailored approach to move towards a sustainable circular economy business model in the plastic film sector: the case of Balcan;RDF20-21;Engineering and technology;0.8132210373878479;RDF208;Environmental engineering and related engineering;0.8983945846557617;RDF206;Materials engineering and resources engineering;0.7879754900932312;RDF212;Other engineering and technologies;0.07835648208856583
593;Enseignement de l'histoire et jeux vidéos (Education and social work);RDF60;Humanities and the arts;0.8917659521102905;RDF602;Languages and literature;0.462157666683197;RDF605;Other humanities;0.053055521100759506;RDF601;History, archaeology and related studies;0.00040540314512327313
594;Functions of bacterial type IA topoisomerases in the prevention of R-loop-dependent and -independent genomic instability (Genes, Cells and Molecules);RDF10;Natural sciences;0.49531567096710205;RDF106;Biological sciences;0.929250955581665;RDF104;Chemical sciences;0.5684046149253845;RDF107;Other natural sciences;0.1300252079963684
595;High-Performance Dynamic Language Implementation (Computer Science);RDF20-21;Engineering and technology;0.3785838782787323;RDF212;Other engineering and technologies;0.048232510685920715;RDF203;Electrical engineering, computer engineering, and information engineering;0.0002526031748857349;RDF201;Civil engineering, maritime engineering, transport engineering, and mining engineering;8.092431380646303e-05
596;Methodological improvements for the statistical analysis of neurophysiological data with applications in user experience;RDF10;Natural sciences;0.4987141788005829;RDF102;Computer and information sciences;0.7456663846969604;RDF101;Mathematics and statistics;0.39977461099624634;RDF106;Biological sciences;0.21274444460868835
597;Glycerol 3-phosphate phosphatase and the glycerol shunt in senescence and healthy aging;RDF10;Natural sciences;0.5462546944618225;RDF106;Biological sciences;0.6525557637214661;RDF104;Chemical sciences;0.3853518068790436;RDF107;Other natural sciences;0.08602994680404663
598;Regulation of innate antiviral defenses through Interleukin-17 receptor D (IL-17RD) (Virology & Viral Pathogenesis);RDF30;Medical, health and life sciences;0.5207182765007019;RDF304;Medical biotechnology;0.008451076224446297;RDF302;Clinical medicine;0.005928168073296547;RDF303;Health sciences;0.005541976075619459
599;Biological modeling to bridge in vitro and epidemiological studies: A new approach for animal-free chemical risk assessment;RDF10;Natural sciences;0.6255959868431091;RDF106;Biological sciences;0.9092362523078918;RDF104;Chemical sciences;0.41690534353256226;RDF107;Other natural sciences;0.029143812134861946
600;IAL (Intelligence Artificielle Littéraire) : expérimentation d'algorithmes d'apprentissage automatique pour définir et identifier les variations dans l'Anthologie grecque (Literature);RDF60;Humanities and the arts;0.8465156555175781;RDF602;Languages and literature;0.9990668892860413;RDF603;Philosophy;0.728579580783844;RDF601;History, archaeology and related studies;0.6747753620147705
601;Studies on the pathogenesis of the infections caused by streptococcus suis (Biological Systems and Functions);RDF10;Natural sciences;0.659197986125946;RDF106;Biological sciences;0.9349200129508972;RDF107;Other natural sciences;0.2279927134513855;RDF102;Computer and information sciences;0.00019670317124109715
602;Autonomous learning agents for intelligent neurostimulation;RDF20-21;Engineering and technology;0.3861062228679657;RDF212;Other engineering and technologies;0.439921110868454;RDF207;Medical and biomedical engineering;0.3692115545272827;RDF203;Electrical engineering, computer engineering, and information engineering;0.11081099510192871
603;Hox genes in development and evolution of distal limbs (Developmental Biology);RDF10;Natural sciences;0.45576605200767517;RDF106;Biological sciences;0.02738904021680355;RDF107;Other natural sciences;0.0008083858992904425;RDF105;Earth and related environmental sciences;7.349738734774292e-05
604;Defence Lawyers and the Relevance of Social Problems in Lower Criminal Courts: A Comparative Analysis (Law and criminology);RDF50;Social sciences;0.42421069741249084;RDF505;Law and legal practice;0.9961162209510803;RDF504;Sociology and related studies;0.3709356486797333;RDF509;Other social sciences;0.00046362506691366434
605;Les pratiques extrascolaires de littératie d'adolescents ayant une déficience intellectuelle (Education and social work);RDF50;Social sciences;0.5925539135932922;RDF503;Education;0.9765338897705078;RDF509;Other social sciences;0.32621416449546814;RDF504;Sociology and related studies;0.04435591772198677
606;Brain-Derived Neurotrophic Factor in hemostasis and thrombosis;RDF30;Medical, health and life sciences;0.46805450320243835;RDF301;Basic medicine and life sciences;0.6495303511619568;RDF304;Medical biotechnology;0.6187624931335449;RDF305;Other medical sciences;0.1634206920862198
607;Engagement des bibliothèques publiques et scolaires en faveur du développement des compétences en littératie pour les élèves du troisième cycle du primaire et du secondaire : portrait et stratégie de transfert (Communications, media studies, gender studies, library and information science, related fields);RDF60;Humanities and the arts;0.7636998891830444;RDF602;Languages and literature;0.9959468245506287;RDF605;Other humanities;0.8053296804428101;RDF603;Philosophy;0.43332746624946594
608;Mieux comprendre les défis et conditions de pratiques des parents d'accueil dans le contexte actuel de professionnalisation de l'accueil familial (Education and social work);RDF50;Social sciences;0.536361038684845;RDF503;Education;0.6986427307128906;RDF504;Sociology and related studies;0.6092784404754639;RDF509;Other social sciences;0.00022432373953051865
609;A mixed methods study of stakeholders' perspectives on ethical and logistical issues related to advanced living donation in kidney transplantation in Canada, and a proposal for guidelines in a Canadian context (Health Policy & Systems Management Research);RDF30;Medical, health and life sciences;0.5998613238334656;RDF303;Health sciences;0.2517755329608917;RDF302;Clinical medicine;0.004057451616972685;RDF301;Basic medicine and life sciences;0.0035304443445056677
610;To uncover, understand and exploit the estrogen-oncolytic virus crosstalk to improve therapy (Cancer Biology & Therapeutics);RDF30;Medical, health and life sciences;0.7990357279777527;RDF304;Medical biotechnology;0.9568929672241211;RDF303;Health sciences;0.7971376180648804;RDF302;Clinical medicine;0.6322764158248901
611;Structure and rheology of mixed hydrocolloid gels as model systems for food 3D printing (Materials and Chemical Engineering);RDF20-21;Engineering and technology;0.9934278726577759;RDF205;Chemical engineering;0.9954500198364258;RDF206;Materials engineering and resources engineering;0.6067029237747192;RDF202;Industrial, systems and processes engineering;0.5824382901191711
612;« Une bonne relation avec mon chef ! » : anatomie des relations entre gestionnaires et employés en contexte de travail à distance (Business, management and related fields);RDF10;Natural sciences;0.23581062257289886;RDF102;Computer and information sciences;0.1312071830034256;RDF106;Biological sciences;0.01657179370522499;RDF104;Chemical sciences;0.008957576006650925
613;Priorisation des soins intensifs en contexte extrême de pandémie : 1) modélisation/simulation de différentes stratégies de priorisation de l'accès aux soins intensifs et 2) délibérations démocratiques des parties prenantes sur les valeurs qui sous-tendent les modèles et leurs impacts sanitaires;RDF30;Medical, health and life sciences;0.3990109860897064;RDF302;Clinical medicine;0.6487095355987549;RDF303;Health sciences;0.6110082864761353;RDF301;Basic medicine and life sciences;0.5259210467338562
614;Understanding cyber abuse in context: The interplay of distal and situational correlates of daily cyber abuse in young adult couples (Psychology);RDF50;Social sciences;0.3638744056224823;RDF501;Psychology and cognitive sciences;0.6959181427955627;RDF508;Media and communications;0.299419105052948;RDF504;Sociology and related studies;0.000450480030849576
615;Humanitarian Supply Chain Design and Management;RDF20-21;Engineering and technology;0.2956124246120453;RDF212;Other engineering and technologies;0.04107174649834633;RDF201;Civil engineering, maritime engineering, transport engineering, and mining engineering;0.006012165453284979;RDF204;Mechanical engineering;0.00043872027890756726
616;La transformation sémantique et syntaxique des données de situations professionnelles pour l'apprentissage du raisonnement clinique (Education and social work);RDF50;Social sciences;0.46910184621810913;RDF503;Education;0.798081636428833;RDF504;Sociology and related studies;0.362998366355896;RDF509;Other social sciences;0.001972651109099388
617;Intergenerational transmission of vulnerability to PTSD : When children learn fear from their parent (Social & Developmental Aspects of Children's & Youth's Health);RDF50;Social sciences;0.40356507897377014;RDF503;Education;0.03188368305563927;RDF509;Other social sciences;0.020197954028844833;RDF508;Media and communications;0.01416855026036501
618;La musique au service du pouvoir, entre propagande et diplomatie : Du Troisième Reich à la fin de la Guerre froide  (Fine Arts, Research-Creation);RDF60;Humanities and the arts;0.8659404516220093;RDF604;Arts (arts, history of arts, performing arts, music), architecture and design;0.5611304044723511;RDF605;Other humanities;0.10378436744213104;RDF603;Philosophy;1.1363332305336371e-05
619;Mesures de contrôle en santé mentale : un environnement contraignant? (Mutidisciplinary or interdisciplinary social sciences);RDF50;Social sciences;0.9698101878166199;RDF504;Sociology and related studies;0.9211662411689758;RDF501;Psychology and cognitive sciences;0.644018292427063;RDF506;Political science and policy administration;0.23127849400043488
620;R3AI: Shifting Paradigms for a Robust, Reasoning, and Responsible Artificial Intelligence and its Adoption - CFREF (CIHR Contribution);RDF20-21;Engineering and technology;0.5960131287574768;RDF203;Electrical engineering, computer engineering, and information engineering;0.08496367186307907;RDF202;Industrial, systems and processes engineering;0.057203829288482666;RDF212;Other engineering and technologies;0.0008039664244279265
621;À la rencontre des réalités virtuelle et concrète : la place de la scénographie dans la cocréation opératique;RDF20-21;Engineering and technology;0.3648565411567688;RDF202;Industrial, systems and processes engineering;0.6984983682632446;RDF203;Electrical engineering, computer engineering, and information engineering;0.6948851943016052;RDF212;Other engineering and technologies;0.6617644429206848
622;Parenting dimensions' influence on the psychosocial adaptation of preschoolers with language deficits (Psychology);RDF50;Social sciences;0.36538827419281006;RDF501;Psychology and cognitive sciences;0.642032265663147;RDF508;Media and communications;0.11918272078037262;RDF509;Other social sciences;0.005411880556493998
623;The structure-function relationships between capsular polysaccharides and the immune system during Streptococcus suis infections (Genes, Cells and Molecules);RDF10;Natural sciences;0.5871647596359253;RDF106;Biological sciences;0.975943922996521;RDF107;Other natural sciences;0.0315217487514019;RDF104;Chemical sciences;0.010323617607355118
624;Études des mécanismes de colonisation de Clostridium perfringens en productions animales (Biological Systems and Functions);RDF10;Natural sciences;0.47883933782577515;RDF106;Biological sciences;0.9901572465896606;RDF107;Other natural sciences;0.23205827176570892;RDF105;Earth and related environmental sciences;0.027767237275838852
625;Formation interactive en ligne: une solution à la formation des employés dans un contexte de roulement de personnel;RDF20-21;Engineering and technology;0.33421748876571655;RDF208;Environmental engineering and related engineering;0.11740041524171829;RDF202;Industrial, systems and processes engineering;0.11337985098361969;RDF203;Electrical engineering, computer engineering, and information engineering;0.07443103939294815
626;Mise en ouvre des politiques EDI en enseignement supérieur au Québec : construction de sens et types de réponses aux mesures destinées aux parcours étudiants (Education and social work);RDF50;Social sciences;0.5882509350776672;RDF503;Education;0.7827249765396118;RDF504;Sociology and related studies;0.008018355816602707;RDF509;Other social sciences;0.00020401545043569058
627;Continuum PAROLE-Onco : Vers le développement de compétences en auto-soins pour améliorer l'expérience de la vie après les traitements aigus de cancer du sein;RDF20-21;Engineering and technology;0.9471113681793213;RDF207;Medical and biomedical engineering;0.996209442615509;RDF210;Industrial biotechnology;0.6420387625694275;RDF208;Environmental engineering and related engineering;0.512663722038269
628;CAN-DO (CANnabis research DevelOpment): A cells-to-society research program on cannabis and mental health in younger adults;RDF30;Medical, health and life sciences;0.4187955856323242;RDF303;Health sciences;0.6773854494094849;RDF304;Medical biotechnology;0.2698031961917877;RDF301;Basic medicine and life sciences;0.05359971150755882
629;Effets d'une intervention de proximité mère-prématuré et de calme (NeuroN-QI) sur le neurodéveloppement de nouveau-nés prématurés : un essai clinique randomisé;RDF30;Medical, health and life sciences;0.5647727251052856;RDF302;Clinical medicine;0.9918088316917419;RDF303;Health sciences;0.7062616944313049;RDF301;Basic medicine and life sciences;0.6874046921730042
630;Corticospinal mechanisms of locomotor recovery after spinal cord injury (Movement & Exercise);RDF10;Natural sciences;0.6197742223739624;RDF106;Biological sciences;0.004086955450475216;RDF107;Other natural sciences;0.002743705175817013;RDF103;Physical sciences;6.421149737434462e-05
631;Innover pour enseigner le management : cadres théoriques, mise en oeuvre et mesure d'impact;RDF20-21;Engineering and technology;0.5245474576950073;RDF202;Industrial, systems and processes engineering;0.5329545736312866;RDF201;Civil engineering, maritime engineering, transport engineering, and mining engineering;0.011571291834115982;RDF203;Electrical engineering, computer engineering, and information engineering;0.006692994851619005
632;Advances in functional linear regression (Mathematics and Statistics);RDF10;Natural sciences;0.27178317308425903;RDF101;Mathematics and statistics;0.9985983967781067;RDF107;Other natural sciences;0.00044893656740896404;RDF105;Earth and related environmental sciences;5.334296656656079e-05
633;Modélisation et choix du mode de réalisation dans les projets de construction (Civil, Industrial and Systems Engineering);RDF20-21;Engineering and technology;0.9972731471061707;RDF202;Industrial, systems and processes engineering;0.5895920395851135;RDF201;Civil engineering, maritime engineering, transport engineering, and mining engineering;0.0658322274684906;RDF211;Nano-technology;0.015216471627354622
634;An in silico platform simulating cell metabolic behavior (Materials and Chemical Engineering);RDF20-21;Engineering and technology;0.9780154228210449;RDF205;Chemical engineering;0.9927913546562195;RDF206;Materials engineering and resources engineering;0.6179254055023193;RDF210;Industrial biotechnology;0.5087023377418518
635;Commande optimale stochastique avec applications en épidémiologie et en fiabilité (Civil, Industrial and Systems Engineering);RDF20-21;Engineering and technology;0.9953787922859192;RDF208;Environmental engineering and related engineering;0.9987740516662598;RDF202;Industrial, systems and processes engineering;0.8391148447990417;RDF210;Industrial biotechnology;0.6389557719230652
636;Reinforcement Learning in Electricity Markets with Storage Technologies;RDF20-21;Engineering and technology;0.8175004124641418;RDF202;Industrial, systems and processes engineering;0.42691245675086975;RDF203;Electrical engineering, computer engineering, and information engineering;0.17590691149234772;RDF212;Other engineering and technologies;0.1460234820842743
637;Advancing psychobiology of abnormal repetitive behaviours in carnivorous species (Biological Systems and Functions);RDF10;Natural sciences;0.6608285307884216;RDF106;Biological sciences;0.7504438161849976;RDF107;Other natural sciences;0.18772770464420319;RDF105;Earth and related environmental sciences;0.0007197000086307526
638;Du politique dans l'usage des archives filmiques : enjeux contemporains de la production documentaire;RDF50;Social sciences;0.5085400342941284;RDF508;Media and communications;0.9961028099060059;RDF505;Law and legal practice;0.6575115323066711;RDF506;Political science and policy administration;0.5096959471702576
639;Neuroinflammation as a biomarker for epilepsy and neuropsychiatric comorbidities among people with tuberous sclerosis complex: a prospective, multicentre study;RDF30;Medical, health and life sciences;0.6995453834533691;RDF302;Clinical medicine;0.8420199751853943;RDF304;Medical biotechnology;0.24357298016548157;RDF303;Health sciences;0.15944217145442963
640;Quels sont les dimensions et savoirs spécifiques à la coordination des services et des soins des personnes ayant des besoins complexes? (Multidisciplinary or interdisciplinary social sciences);RDF50;Social sciences;0.9880200028419495;RDF504;Sociology and related studies;0.7168644070625305;RDF503;Education;0.1800110638141632;RDF506;Political science and policy administration;0.09535649418830872
641;Determining spatial arrangement, stoichiometry, and substrate specificity of messenger RNA-binding proteins along the gene expression pathway (Genes, Cells and Molecules);RDF30;Medical, health and life sciences;0.40741124749183655;RDF304;Medical biotechnology;0.8706214427947998;RDF301;Basic medicine and life sciences;0.8192602396011353;RDF302;Clinical medicine;0.10052058100700378
642;Plateformes et usages : cinéma, télévision, jeu vidéo et création numérique;RDF60;Humanities and the arts;0.2113555669784546;RDF605;Other humanities;8.77754864632152e-05;RDF603;Philosophy;1.0935234058706556e-05;RDF604;Arts (arts, history of arts, performing arts, music), architecture and design;9.347792911285069e-06
643;Time to investigate human visual shape perception and recognition (Biological Systems and Functions);RDF10;Natural sciences;0.6330565810203552;RDF106;Biological sciences;0.8738534450531006;RDF107;Other natural sciences;0.10518912225961685;RDF103;Physical sciences;0.006088773254305124
644;The gamification of online stochastic optimization problems;RDF20-21;Engineering and technology;0.29018649458885193;RDF203;Electrical engineering, computer engineering, and information engineering;0.07364068925380707;RDF208;Environmental engineering and related engineering;0.005209142807871103;RDF212;Other engineering and technologies;0.003753411816433072
645;Effects of an Open Lung protective protective EXTubation strategy compared to a conventional extubation strategy on postoperative pulmonary complications after general anesthesia as part of a comprehensive lung protective ventilation strategy: a multicenter pilot randomized controlled trial (OLEXT-3 study);RDF10;Natural sciences;0.33926233649253845;RDF106;Biological sciences;0.0014328326797112823;RDF107;Other natural sciences;0.00040620562504045665;RDF101;Mathematics and statistics;3.892643144354224e-05
646;Additively manufactured composite parts service properties prediction : an essential step to unleash the full potential of additive manufacturing of composites;RDF20-21;Engineering and technology;0.726060688495636;RDF204;Mechanical engineering;0.8592929840087891;RDF206;Materials engineering and resources engineering;0.43824997544288635;RDF208;Environmental engineering and related engineering;0.390160471200943
647;Transcriptional regulation by long noncoding RNAs (Genes, Cells and Molecules);RDF30;Medical, health and life sciences;0.5893004536628723;RDF304;Medical biotechnology;0.9108846783638;RDF301;Basic medicine and life sciences;0.9026947021484375;RDF305;Other medical sciences;0.1818673461675644
648;Outils et méthodes de planification des services d'autopartage;RDF20-21;Engineering and technology;0.9833489060401917;RDF202;Industrial, systems and processes engineering;0.8098577857017517;RDF212;Other engineering and technologies;0.4035775363445282;RDF204;Mechanical engineering;0.3090161383152008
649;Sécurité de l'internet des objets dans les villes intelligentes (Computer Science);RDF20-21;Engineering and technology;0.3454575538635254;RDF212;Other engineering and technologies;0.18802718818187714;RDF203;Electrical engineering, computer engineering, and information engineering;0.006835687439888716;RDF201;Civil engineering, maritime engineering, transport engineering, and mining engineering;0.00020672618120443076
650;Understanding the early pathogenesis of necrotic enteritis in chickens (Biological Systems and Functions);RDF40;Agricultural and veterinary sciences;0.4095257818698883;RDF403;Veterinary sciences;0.9660601019859314;RDF402;Animal and dairy sciences;0.5135642290115356;RDF404;Agricultural biotechnology and food sciences;0.18609626591205597
651;Trajectoire vers la sécurité des femmes en situation de handicap victimes de violence conjugale: une recherche-action intersectorielle en soutien aux droits des femmes;RDF30;Medical, health and life sciences;0.43139007687568665;RDF302;Clinical medicine;0.29600754380226135;RDF305;Other medical sciences;0.21732889115810394;RDF301;Basic medicine and life sciences;0.17109236121177673
652;Regard des travailleuses sociales sur leur pratique professionnelle d'évaluation psychosociale à la suite de l'entrée en vigueur de la Loi visant à mieux protéger les personnes en situation de vulnérabilité : une étude à devis mixte;RDF30;Medical, health and life sciences;0.4865782558917999;RDF305;Other medical sciences;0.0009676582412794232;RDF301;Basic medicine and life sciences;0.000940546568017453;RDF302;Clinical medicine;0.0005818373756483197
653;La police face à la justice : une analyse des systèmes de gestion des déviances policières au Québec (Law and criminology);RDF50;Social sciences;0.36172690987586975;RDF505;Law and legal practice;0.0890730768442154;RDF504;Sociology and related studies;0.01020965725183487;RDF509;Other social sciences;0.0005117293330840766
654;Soigner et gouverner les corps autochtones: santé et médecine coloniale au Québec, 1855-1904 (History);RDF30;Medical, health and life sciences;0.9689210653305054;RDF303;Health sciences;0.9908502697944641;RDF302;Clinical medicine;0.5972586870193481;RDF305;Other medical sciences;0.27094024419784546
655;Development of near infrared spectroscopy (NIRS) and electroencephalography (EEG) methods to study neurovascular mechanisms of brain development (Physics);RDF10;Natural sciences;0.7435592412948608;RDF103;Physical sciences;0.8562581539154053;RDF107;Other natural sciences;0.17103849351406097;RDF106;Biological sciences;0.0003110983525402844
656;Role of vitamin K-dependent gamma-carboxylation in beta cell and diabetes (Diabetes, Obesity, Lipid & Lipoprotein Disorders);RDF10;Natural sciences;0.6141319274902344;RDF106;Biological sciences;0.769650399684906;RDF104;Chemical sciences;0.02529630996286869;RDF107;Other natural sciences;0.013826657086610794
657;Competition in the Canadian Mobile Telecommunications Industry: Weak Signals? (Economics);RDF20-21;Engineering and technology;0.2843515872955322;RDF212;Other engineering and technologies;0.015546325594186783;RDF203;Electrical engineering, computer engineering, and information engineering;0.00048812018940225244;RDF202;Industrial, systems and processes engineering;6.96267670718953e-05
658;Gut-lung axis in equine asthma (Biological Systems and Functions);RDF30;Medical, health and life sciences;0.3558247685432434;RDF301;Basic medicine and life sciences;0.832442581653595;RDF303;Health sciences;0.48354828357696533;RDF304;Medical biotechnology;0.3192966878414154
659;Several aspects of L-functions (Mathematics and Statistics);RDF10;Natural sciences;0.6361666917800903;RDF101;Mathematics and statistics;0.9953701496124268;RDF107;Other natural sciences;0.014014355838298798;RDF103;Physical sciences;0.0019675104413181543
660;Estimating the Effects of Government Spending Along the Supply Chain;RDF50;Social sciences;0.36016738414764404;RDF502;Economics and business administration;0.6911917328834534;RDF506;Political science and policy administration;0.0659763291478157;RDF503;Education;0.018574276939034462
661;Using calorespirometry to assemble a complete picture of acute hypoxic metabolic depression in fishes (Biological Systems and Functions);RDF10;Natural sciences;0.774425208568573;RDF106;Biological sciences;0.9211362600326538;RDF107;Other natural sciences;0.059825021773576736;RDF105;Earth and related environmental sciences;0.01509868260473013
662;Electronic structure theory: Merging wave function theory, density functional theory, and machine learning (Chemistry);RDF10;Natural sciences;0.47934168577194214;RDF103;Physical sciences;0.9187647104263306;RDF104;Chemical sciences;0.8820520639419556;RDF102;Computer and information sciences;0.8245893716812134
663;Comprehensive lipidomics to identify novel players involved in the onset of cardiac manifestations of non-alcoholic fatty liver disease;RDF10;Natural sciences;0.689998984336853;RDF107;Other natural sciences;0.041332729160785675;RDF106;Biological sciences;0.021712088957428932;RDF103;Physical sciences;0.00038102027610875666
664;Longitudinal monitoring of visual function during cortical impairment in mice (Systems & Circuits Neurosciences);RDF10;Natural sciences;0.5113722681999207;RDF107;Other natural sciences;0.2418968379497528;RDF106;Biological sciences;0.03822511434555054;RDF102;Computer and information sciences;0.0016408731462433934
665;Gouvernance et acceptabilité sociale des grands projets publics;RDF50;Social sciences;0.2910098433494568;RDF502;Economics and business administration;0.8907608389854431;RDF508;Media and communications;0.7424086928367615;RDF507;Social and economic geography;0.715233325958252
666;Structural and functional changes in the brain of early and late blind individuals (Behavioural Sciences – Behavioural Studies, Neuroscience and Cognition);RDF10;Natural sciences;0.6850830316543579;RDF107;Other natural sciences;0.294075608253479;RDF106;Biological sciences;0.009850756265223026;RDF103;Physical sciences;0.0003007386112585664
667;New unsupervised Bayesian and energy-based models dedicated to image processing and computer vision applications (Computer Science);RDF20-21;Engineering and technology;0.39428043365478516;RDF212;Other engineering and technologies;0.0009552350966259837;RDF203;Electrical engineering, computer engineering, and information engineering;0.0003178181068506092;RDF211;Nano-technology;7.214875950012356e-05
668;Phenomenology and The Norms of Perception (Philosophy);RDF10;Natural sciences;0.3609159290790558;RDF107;Other natural sciences;0.0014755199663341045;RDF105;Earth and related environmental sciences;9.412529470864683e-05;RDF103;Physical sciences;5.596082337433472e-05
669;Intelligent API Engineering: Systematically Leveraging APIs Through Development Knowledge and Usage Data;RDF20-21;Engineering and technology;0.9936536550521851;RDF203;Electrical engineering, computer engineering, and information engineering;0.08355998247861862;RDF201;Civil engineering, maritime engineering, transport engineering, and mining engineering;0.03709660470485687;RDF202;Industrial, systems and processes engineering;0.027902917936444283
670;Investigating mechanisms involved in vestibular substitution (Biological Systems and Functions);RDF10;Natural sciences;0.5324352383613586;RDF106;Biological sciences;0.9578896164894104;RDF107;Other natural sciences;0.24977217614650726;RDF105;Earth and related environmental sciences;0.03319676220417023
671;« COVID-19 » Migration en ligne et évaluation des impacts d'un programme de groupes de codéveloppement professionnel dans la fonction publique québécoise;RDF30;Medical, health and life sciences;0.4126303493976593;RDF303;Health sciences;0.1632341891527176;RDF302;Clinical medicine;0.07148393243551254;RDF301;Basic medicine and life sciences;0.058433812111616135
672;Multibody modelling to prototype next generation portable exoskeletons for everyday assistance (Mechanical Engineering);RDF20-21;Engineering and technology;0.9968944191932678;RDF204;Mechanical engineering;0.9996617436408997;RDF212;Other engineering and technologies;0.11381640285253525;RDF202;Industrial, systems and processes engineering;0.03837114945054054
673;Biomaterials-stimulated tissue regeneration and extracellular vesicles (Genes, Cells and Molecules);RDF30;Medical, health and life sciences;0.3640759289264679;RDF304;Medical biotechnology;0.9979396462440491;RDF301;Basic medicine and life sciences;0.8928403854370117;RDF305;Other medical sciences;0.5661885738372803
674;Clinical Investigation in Canine and Feline Transfusion Medicine: Novel Blood Groups and their Clinical Significance (Biological Systems and Functions);RDF30;Medical, health and life sciences;0.8924967646598816;RDF302;Clinical medicine;0.995307981967926;RDF303;Health sciences;0.8847782611846924;RDF304;Medical biotechnology;0.37693557143211365
675;Uauitamutau assi. Terminologie de l'environnement en langue innue (innu-aimun) (Psychology, linguistics and translation);RDF10;Natural sciences;0.4184921383857727;RDF105;Earth and related environmental sciences;0.913093090057373;RDF107;Other natural sciences;0.5694515109062195;RDF106;Biological sciences;0.031337086111307144
676;Novel role of exercise timing to improve obesity prevention and treatment (Nutrition, Food & Health);RDF30;Medical, health and life sciences;0.7275570034980774;RDF303;Health sciences;0.629220187664032;RDF302;Clinical medicine;0.5389218926429749;RDF304;Medical biotechnology;0.0781378373503685
677;Impact of vascular injury derived exosomes on Lupus Nephritis (Genes, Cells and Molecules);RDF30;Medical, health and life sciences;0.6296514272689819;RDF301;Basic medicine and life sciences;0.7410103678703308;RDF304;Medical biotechnology;0.7372881174087524;RDF303;Health sciences;0.6841537356376648
678;Étude des logiques d'action syndicales dans le domaine de la santé mentale au travail: analyses croisées (Québec-France) dans le secteur de l'aérospatial (Business, management and related fields);RDF20-21;Engineering and technology;0.445594847202301;RDF203;Electrical engineering, computer engineering, and information engineering;0.5321992635726929;RDF202;Industrial, systems and processes engineering;0.11246724426746368;RDF208;Environmental engineering and related engineering;0.007534386124461889
679;Linking lifestyle behaviors, microbiota & cardiometabolic health from childhood to early adulthood: The QUALITY Cohort (Social & Developmental Aspects of Children's & Youth's Health);RDF30;Medical, health and life sciences;0.5773476362228394;RDF303;Health sciences;0.0878230631351471;RDF305;Other medical sciences;0.009585930034518242;RDF304;Medical biotechnology;0.00034144133678637445
680;Les syndicats face à la crise climatique : Analyse stratégique des ressources et des moyens d'action à mettre en oeuvre au plan local;RDF20-21;Engineering and technology;0.4237153232097626;RDF208;Environmental engineering and related engineering;0.9286816120147705;RDF202;Industrial, systems and processes engineering;0.657986581325531;RDF206;Materials engineering and resources engineering;0.11429960280656815
681;Étude du devenir-écrivaine en régime naturaliste : le cas de Georges de Peyrebrune (1841-1917) (Literature);RDF10;Natural sciences;0.9203394055366516;RDF106;Biological sciences;0.9914759993553162;RDF105;Earth and related environmental sciences;0.44064170122146606;RDF107;Other natural sciences;0.02268696203827858
682;Neutrophil extracellular traps (NETs) are major actors in heart failure with preserved ejection fraction (Cardiovascular System – Heart and Circulation);RDF30;Medical, health and life sciences;0.5328208804130554;RDF304;Medical biotechnology;0.5813931226730347;RDF302;Clinical medicine;0.309812068939209;RDF301;Basic medicine and life sciences;0.23167647421360016
683;Harnessing Twitter for morphophonological variation (Psychology, linguistics and translation);RDF50;Social sciences;0.6896179914474487;RDF508;Media and communications;0.9980672001838684;RDF501;Psychology and cognitive sciences;0.6962408423423767;RDF509;Other social sciences;0.6630327701568604
684;Multicarrier energy systems for resilient decarbonized communities;RDF20-21;Engineering and technology;0.5934723019599915;RDF208;Environmental engineering and related engineering;0.8011876344680786;RDF202;Industrial, systems and processes engineering;0.6695185899734497;RDF212;Other engineering and technologies;0.37516528367996216
685;Digital Leigh Hunt (Literature);RDF60;Humanities and the arts;0.824613630771637;RDF602;Languages and literature;0.8933992385864258;RDF603;Philosophy;0.29902184009552;RDF605;Other humanities;0.02689790353178978
686;New disposal techniques for reactive mine wastes to improve stability and facilitate site reclamation upon closure (Civil, Industrial and Systems Engineering);RDF20-21;Engineering and technology;0.9976885914802551;RDF208;Environmental engineering and related engineering;0.8723928332328796;RDF202;Industrial, systems and processes engineering;0.8123698234558105;RDF212;Other engineering and technologies;0.21692870557308197
687;Design and operation of Borehole Thermal Energy Storage systems (Mechanical Engineering);RDF20-21;Engineering and technology;0.9979467988014221;RDF204;Mechanical engineering;0.9989638924598694;RDF202;Industrial, systems and processes engineering;0.6534735560417175;RDF212;Other engineering and technologies;0.14018628001213074
688;Mechanisms and consequences of spatially controlled G protein-coupled receptor signaling (Pharmacology & Toxicology);RDF30;Medical, health and life sciences;0.9322235584259033;RDF301;Basic medicine and life sciences;0.9857538938522339;RDF304;Medical biotechnology;0.8173932433128357;RDF303;Health sciences;0.18971964716911316
689;L'humain au coeur de la transformation du travail;RDF30;Medical, health and life sciences;0.2577694058418274;RDF301;Basic medicine and life sciences;0.5102224946022034;RDF304;Medical biotechnology;0.303907573223114;RDF302;Clinical medicine;0.2555086314678192
690;Vers une nouvelle constitution du travail? Les libertés et droits fondamentaux des salarié.es comme assise des rapports de travail/Towards a New Constitution of Labour? Workers' Fundamental Rights and Freedoms as the Basis of Labour Relations (Law and criminology);RDF50;Social sciences;0.5940360426902771;RDF505;Law and legal practice;0.9926708340644836;RDF509;Other social sciences;0.13308623433113098;RDF506;Political science and policy administration;0.10318590700626373
691;Monitoring and Debugging of High Performance Distributed Heterogeneous Cloud Applications;RDF20-21;Engineering and technology;0.8626436591148376;RDF203;Electrical engineering, computer engineering, and information engineering;0.3404662013053894;RDF212;Other engineering and technologies;0.16665270924568176;RDF202;Industrial, systems and processes engineering;0.018482422456145287
692;The role of Parkinson's disease-related proteins in innate and adaptive immunity (Cell Biology – Physiology);RDF10;Natural sciences;0.5725695490837097;RDF106;Biological sciences;0.9249285459518433;RDF107;Other natural sciences;0.050076358020305634;RDF105;Earth and related environmental sciences;0.00010077174374600872
693;Étude partenariale sur la médiation de la musique: institutionnalisation, professionnalisation, intervention;RDF60;Humanities and the arts;0.9679185748100281;RDF605;Other humanities;0.005886937025934458;RDF604;Arts (arts, history of arts, performing arts, music), architecture and design;0.0004250622296240181;RDF603;Philosophy;1.0369951269240119e-05
694;Planification en temps réel dans les mines souterraines;RDF20-21;Engineering and technology;0.8433680534362793;RDF205;Chemical engineering;0.9924351572990417;RDF208;Environmental engineering and related engineering;0.9525452852249146;RDF204;Mechanical engineering;0.944441556930542
695;Applications of operations research to transportation, logistics, fairness issues, and other topics (Civil, Industrial and Systems Engineering);RDF20-21;Engineering and technology;0.9800623059272766;RDF212;Other engineering and technologies;0.7773497104644775;RDF202;Industrial, systems and processes engineering;0.7290968298912048;RDF201;Civil engineering, maritime engineering, transport engineering, and mining engineering;0.37739571928977966
696;Multiplexed and quantitative immunolabelling for cancer diagnostics using gold-silver alloy nanoprobes;RDF30;Medical, health and life sciences;0.5717036128044128;RDF304;Medical biotechnology;0.9874956607818604;RDF303;Health sciences;0.8001284599304199;RDF301;Basic medicine and life sciences;0.2961396276950836
697;Plasma processing for environment and cell-biology;RDF10;Natural sciences;0.854621410369873;RDF106;Biological sciences;0.9790452122688293;RDF107;Other natural sciences;0.7585141658782959;RDF103;Physical sciences;0.7534210681915283
698;Dynamic Games in Management (Civil, Industrial and Systems Engineering);RDF20-21;Engineering and technology;0.9959788918495178;RDF202;Industrial, systems and processes engineering;0.7471907734870911;RDF201;Civil engineering, maritime engineering, transport engineering, and mining engineering;0.4537563920021057;RDF212;Other engineering and technologies;0.02399492636322975
699;Improved design and operations of building water systems to reduce health risks caused by water & energy conservation and extended shutdowns (Civil, Industrial and Systems Engineering);RDF20-21;Engineering and technology;0.9907107353210449;RDF208;Environmental engineering and related engineering;0.9981892108917236;RDF202;Industrial, systems and processes engineering;0.7230469584465027;RDF212;Other engineering and technologies;0.12324993312358856
700;Shoulder musculoskeletal modeling: from data-tracking to predictive simulations (Mechanical Engineering);RDF20-21;Engineering and technology;0.9551613330841064;RDF204;Mechanical engineering;0.9986891746520996;RDF212;Other engineering and technologies;0.23370802402496338;RDF202;Industrial, systems and processes engineering;0.03362221270799637
701;Sustainable aqueous Sodium-ion batteries (Chemistry);RDF20-21;Engineering and technology;0.4413512051105499;RDF205;Chemical engineering;0.5969895720481873;RDF209;Environmental biotechnology;0.4897964894771576;RDF210;Industrial biotechnology;0.29762935638427734
702;Eigenvectors of Random Matrices (Mathematics and Statistics);RDF10;Natural sciences;0.40953171253204346;RDF101;Mathematics and statistics;0.9988009929656982;RDF107;Other natural sciences;0.00175240368116647;RDF103;Physical sciences;0.00012586281809490174
703;Cellular Reprogramming in Retinal Vascular Development (Genes, Cells and Molecules);RDF10;Natural sciences;0.4692733883857727;RDF106;Biological sciences;0.8936008810997009;RDF107;Other natural sciences;0.11832495033740997;RDF104;Chemical sciences;0.00034241023240610957
704;Creating Virtual Shapes via Intuitive Input (Computer Science);RDF20-21;Engineering and technology;0.7912167906761169;RDF212;Other engineering and technologies;0.12408768385648727;RDF203;Electrical engineering, computer engineering, and information engineering;0.0006528364610858262;RDF201;Civil engineering, maritime engineering, transport engineering, and mining engineering;0.0002448490704409778
705;Data-adaptive causal inference methods for effect modification (Mathematics and Statistics);RDF10;Natural sciences;0.5466952919960022;RDF101;Mathematics and statistics;0.9988236427307129;RDF107;Other natural sciences;0.033000752329826355;RDF103;Physical sciences;0.001293000765144825
706;40 ans de changement linguistique à Montréal et à Welland: le rôle de l'individu et de la communauté (Linguistics and translation);RDF50;Social sciences;0.5551949739456177;RDF504;Sociology and related studies;0.7453451156616211;RDF507;Social and economic geography;0.054885607212781906;RDF508;Media and communications;0.04557570070028305
707;Using digital and immersive technologies to understand the contribution of sensory, perceptual, affective, cognitive and physiological factors to Social Information Processing (Biological Systems and Functions);RDF10;Natural sciences;0.3143726885318756;RDF102;Computer and information sciences;0.8672016859054565;RDF106;Biological sciences;0.6460350155830383;RDF107;Other natural sciences;0.014138104394078255
708;Climate Change and Human Rights: Responsibility and Reparation;RDF50;Social sciences;0.323523610830307;RDF507;Social and economic geography;0.8061400055885315;RDF509;Other social sciences;0.04759623855352402;RDF505;Law and legal practice;0.0008750451961532235
709;Can journalism's `real utopias' address the crisis of the news media? Exploring journalism cooperatives from an international and comparative perspective (Communications, media studies, gender studies, library and information science, related fields);RDF50;Social sciences;0.31419435143470764;RDF508;Media and communications;0.9824720621109009;RDF504;Sociology and related studies;0.002807839307934046;RDF509;Other social sciences;0.0007574281189590693
710;Improving the integration of novice designers into interdisciplinary collaborative design teams (Multidisciplinary or interdisciplinary humanities);RDF60;Humanities and the arts;0.6208356618881226;RDF604;Arts (arts, history of arts, performing arts, music), architecture and design;0.3589601516723633;RDF602;Languages and literature;0.20160456001758575;RDF605;Other humanities;0.005151662509888411
711;Quel futur professionnel pour les jeunes adultes récemment immigré(e)s à Montréal? Identité, projets professionnels et expériences d'accès aux services (Multidisciplinary or interdisciplinary social sciences);RDF50;Social sciences;0.8936305046081543;RDF504;Sociology and related studies;0.6372703313827515;RDF509;Other social sciences;0.1438969373703003;RDF506;Political science and policy administration;0.047305602580308914
712;Unravelling regulatory networks of stem cell states using single cell analysis (Cell Biology – Physiology);RDF30;Medical, health and life sciences;0.4435760974884033;RDF301;Basic medicine and life sciences;0.8387569189071655;RDF304;Medical biotechnology;0.4930802583694458;RDF303;Health sciences;0.03790538012981415
713;Comprendre et soutenir l'entourage des femmes victimes de violence entre partenaires intimes : tissu social, besoins et actions (Mutidisciplinary or interdisciplinary social sciences);RDF50;Social sciences;0.9848292469978333;RDF504;Sociology and related studies;0.8768566250801086;RDF503;Education;0.3664531707763672;RDF501;Psychology and cognitive sciences;0.33756330609321594
714;Development of novel RvD1 analogues for osteoporosis therapy: mechanism of action and structure-activity relationships;RDF10;Natural sciences;0.4002593159675598;RDF106;Biological sciences;0.5087323784828186;RDF107;Other natural sciences;0.26412177085876465;RDF104;Chemical sciences;0.06407196074724197
715;Improving plant biostimulants based on natural products and beneficial microorganisms;RDF10;Natural sciences;0.473488450050354;RDF106;Biological sciences;0.6340251564979553;RDF105;Earth and related environmental sciences;0.3999970257282257;RDF107;Other natural sciences;0.03412426635622978
716;Characterization of the antibacterial activity of some antimicrobial-derived metabolites and their involvement in the development of antimicrobial resistance in bacteria of animal origin (Biological Systems and Functions);RDF10;Natural sciences;0.5619245767593384;RDF106;Biological sciences;0.8111212253570557;RDF107;Other natural sciences;0.01832127757370472;RDF104;Chemical sciences;0.0013865625951439142
717;Développement de méthodes rationnelles de maintenance proactive de systèmes industriels (Civil, Industrial and Systems Engineering);RDF20-21;Engineering and technology;0.9979808926582336;RDF202;Industrial, systems and processes engineering;0.7885830998420715;RDF201;Civil engineering, maritime engineering, transport engineering, and mining engineering;0.24569584429264069;RDF204;Mechanical engineering;0.1130739375948906
718;Intention Driven Development: Towards a new generation of development platforms;RDF20-21;Engineering and technology;0.7028800249099731;RDF203;Electrical engineering, computer engineering, and information engineering;0.33707496523857117;RDF201;Civil engineering, maritime engineering, transport engineering, and mining engineering;0.1151130199432373;RDF210;Industrial biotechnology;0.015573135577142239
719;Decision support systems based on heterogeneous data driven models for a safe and optimal operation of industrial process systems (Materials and Chemical Engineering);RDF20-21;Engineering and technology;0.9952725172042847;RDF202;Industrial, systems and processes engineering;0.9990782141685486;RDF205;Chemical engineering;0.9854809641838074;RDF206;Materials engineering and resources engineering;0.5993598699569702
720;Untangling heterogeneity in cytomegalovirus infection kinetics and evolution using mathematical modelling;RDF10;Natural sciences;0.7343289256095886;RDF103;Physical sciences;0.7207895517349243;RDF106;Biological sciences;0.6875339150428772;RDF101;Mathematics and statistics;0.5136568546295166
721;Getting on track for the audit of tomorrow: Auditors' expertise amidst digitalization;RDF20-21;Engineering and technology;0.508296012878418;RDF203;Electrical engineering, computer engineering, and information engineering;0.06178891286253929;RDF201;Civil engineering, maritime engineering, transport engineering, and mining engineering;0.011003549210727215;RDF202;Industrial, systems and processes engineering;0.004966516979038715
722;Immunoproteasome-expressing mesenchymal stromal cells: a new tool for cancer vaccination (Cancer Biology & Therapeutics);RDF30;Medical, health and life sciences;0.7189136743545532;RDF304;Medical biotechnology;0.9752980470657349;RDF301;Basic medicine and life sciences;0.12147749215364456;RDF303;Health sciences;0.09912087768316269
723;Invisibility of disability in Global South and North: Equitable access to health services in the context of climate change;RDF30;Medical, health and life sciences;0.6682953238487244;RDF301;Basic medicine and life sciences;0.0020706183277070522;RDF302;Clinical medicine;0.0014677707804366946;RDF303;Health sciences;0.0013305132742971182
724;A shock-fitting approach for predicting the two-phase transient flows in stormwater systems (SWS) with best management practices (BMP) (Civil, Industrial and Systems Engineering);RDF20-21;Engineering and technology;0.9903499484062195;RDF208;Environmental engineering and related engineering;0.9994504451751709;RDF202;Industrial, systems and processes engineering;0.6015492081642151;RDF212;Other engineering and technologies;0.1116362065076828
725;Optimiser la transition des soins entre les différents milieux avec l'apport de la technologie pour favoriser la santé et l'autonomie des personnes âgées fragilisées vivant ou non en régions éloignées;RDF20-21;Engineering and technology;0.8380761742591858;RDF212;Other engineering and technologies;0.9691553115844727;RDF207;Medical and biomedical engineering;0.9543742537498474;RDF208;Environmental engineering and related engineering;0.9392427802085876
726;XIe Conférence du Forum Mondial de Médiation:L´humanité face aux conflits actuels: nouveaux défis pour la médiation;RDF60;Humanities and the arts;0.8441687226295471;RDF602;Languages and literature;0.7608935236930847;RDF604;Arts (arts, history of arts, performing arts, music), architecture and design;0.39723747968673706;RDF605;Other humanities;0.036939021199941635
727;Optimization of mechanically induced phase transformation at crack tip in metal for improved crack growth resistance (Materials and Chemical Engineering);RDF20-21;Engineering and technology;0.9950833320617676;RDF205;Chemical engineering;0.997615396976471;RDF206;Materials engineering and resources engineering;0.71696937084198;RDF204;Mechanical engineering;0.446550190448761
728;Investigating important but overlooked streptococcal agents of disease in production animals (Biological Systems and Functions);RDF40;Agricultural and veterinary sciences;0.48730117082595825;RDF403;Veterinary sciences;0.9288820624351501;RDF402;Animal and dairy sciences;0.9276746511459351;RDF404;Agricultural biotechnology and food sciences;0.36859801411628723
729;Adverse Drug Events and Medication Errors in adult Intensive Care Units (Health Services Evaluation & Interventions Research);RDF30;Medical, health and life sciences;0.9494958519935608;RDF302;Clinical medicine;0.8525198101997375;RDF303;Health sciences;0.5008212924003601;RDF301;Basic medicine and life sciences;0.0007912837900221348
730;Entre responsabilité professionnelle et devoir de prendre soin de soi - Mieux comprendre la multiplicité des expériences entourant le processus d'arrêt de travail et de retour à l'emploi chez les travailleuses de la santé et des services sociaux (Sociology, demography and related fields);RDF30;Medical, health and life sciences;0.855467677116394;RDF302;Clinical medicine;0.22997812926769257;RDF303;Health sciences;0.12201233953237534;RDF304;Medical biotechnology;0.01289750263094902
731;Brain alterations and cognitive decline in obstructive sleep apnea;RDF10;Natural sciences;0.5563631057739258;RDF106;Biological sciences;0.4204292595386505;RDF107;Other natural sciences;0.21684369444847107;RDF103;Physical sciences;0.0005226875655353069
732;Methods and analytical tools to optimize patient flow (Civil, Industrial and Systems Engineering);RDF20-21;Engineering and technology;0.9968191385269165;RDF202;Industrial, systems and processes engineering;0.994171679019928;RDF201;Civil engineering, maritime engineering, transport engineering, and mining engineering;0.30401185154914856;RDF212;Other engineering and technologies;0.023107439279556274
733;Heterogeneity of interprofessional primary care teams and its effect on quality of care and health service use in older adults (Health Services Evaluation & Interventions Research);RDF30;Medical, health and life sciences;0.8202781081199646;RDF302;Clinical medicine;0.7628574967384338;RDF303;Health sciences;0.011579688638448715;RDF305;Other medical sciences;0.003325772238895297
734;Recul des gains d'espérance de vie au Canada depuis 2010 : la contribution de la mortalité par drogues, par maladies cardiovasculaires et le rôle catalyseur de la pandémie de COVID-19 (Sociology, demography and related fields);RDF30;Medical, health and life sciences;0.4792754054069519;RDF305;Other medical sciences;0.06517375260591507;RDF303;Health sciences;0.015167592093348503;RDF302;Clinical medicine;0.010404979810118675
735;Canadian Network on Hepatitis C (CanHepC): From Discovery to Implementation (Hepatitis C Research);RDF10;Natural sciences;0.4273297190666199;RDF106;Biological sciences;0.11251029372215271;RDF102;Computer and information sciences;0.011900259181857109;RDF107;Other natural sciences;0.0001769242953741923
736;Novel numerical simulation tools for the vulnerability assessment and rehabilitation of critical structures against the effects of floods and climate change;RDF10;Natural sciences;0.4779263734817505;RDF102;Computer and information sciences;0.8673797845840454;RDF105;Earth and related environmental sciences;0.8236643075942993;RDF103;Physical sciences;0.5718990564346313
737;QUEST: Co-développer avec et pour les jeunes des connaissances sur la QUalité de leur Environnement psychoSocial de Travail;RDF50;Social sciences;0.22908717393875122;RDF507;Social and economic geography;0.5470916628837585;RDF501;Psychology and cognitive sciences;0.5466294884681702;RDF504;Sociology and related studies;0.3490760028362274
738;The effects of COVID-19 pandemics in sustainability controversies: new shades of green in the battery metals industry in Quebec;RDF20-21;Engineering and technology;0.6483572721481323;RDF208;Environmental engineering and related engineering;0.8714205026626587;RDF206;Materials engineering and resources engineering;0.8577014803886414;RDF202;Industrial, systems and processes engineering;0.5030532479286194
739;From birth to adulthood: The role of age of cannabis use onset in the individual and environmental developmental pathways leading to substance use problems (Psychosocial, Sociocultural & Behavioural Determinants of Health);RDF30;Medical, health and life sciences;0.260288804769516;RDF303;Health sciences;0.0025578555651009083;RDF301;Basic medicine and life sciences;0.00022060092305764556;RDF302;Clinical medicine;0.0001110554876504466
740;Creative Pedagogies for Ecological Transitions on the Shoreline;RDF10;Natural sciences;0.3171042203903198;RDF105;Earth and related environmental sciences;0.21625541150569916;RDF106;Biological sciences;0.10597538203001022;RDF102;Computer and information sciences;0.04025620222091675
741;Contribution of the NKG2D pathway to multiple sclerosis (Molecular & Cellular Neurosciences);RDF30;Medical, health and life sciences;0.7061101198196411;RDF301;Basic medicine and life sciences;0.9800235033035278;RDF304;Medical biotechnology;0.3092878758907318;RDF305;Other medical sciences;0.0298236683011055
742;Pregnancy and COVID-19 hospitalization in Quebec (Public, Community & Population Health);RDF30;Medical, health and life sciences;0.9795284867286682;RDF301;Basic medicine and life sciences;0.6615933179855347;RDF303;Health sciences;0.003321512369439006;RDF302;Clinical medicine;0.0019997600466012955
743;La musique est-elle une prière? (Fine Arts, Research-Creation);RDF60;Humanities and the arts;0.9940046668052673;RDF605;Other humanities;0.6727160215377808;RDF604;Arts (arts, history of arts, performing arts, music), architecture and design;0.30015864968299866;RDF603;Philosophy;0.00011906967120012268
744;A multi-site, prospective study of the role of emotional competence in (mal)adaptive functioning among university students exposed to sexual violence (Psychology);RDF50;Social sciences;0.2498599737882614;RDF501;Psychology and cognitive sciences;0.546875;RDF504;Sociology and related studies;0.0005674522835761309;RDF503;Education;0.000538256426807493
745;Effets d'une intervention musicale personnalisée sur les répercussions de la COVID-19 en santé mentale des personnes âgées;RDF30;Medical, health and life sciences;0.5240345597267151;RDF302;Clinical medicine;0.36759617924690247;RDF301;Basic medicine and life sciences;0.0066152154467999935;RDF305;Other medical sciences;0.0006265562842600048
746;Redox regulation of the antiviral response : role of oxidative post-translational modifications of MAVS (Virology & Viral Pathogenesis);RDF30;Medical, health and life sciences;0.5334834456443787;RDF301;Basic medicine and life sciences;0.5286790132522583;RDF304;Medical biotechnology;0.43136876821517944;RDF302;Clinical medicine;0.017499011009931564
747;The role of UCH family deubiquitinases in T cell biology (Genes, Cells and Molecules);RDF10;Natural sciences;0.5026022791862488;RDF106;Biological sciences;0.9444811344146729;RDF107;Other natural sciences;0.03694722801446915;RDF104;Chemical sciences;0.0005262328777462244
748;A high temperature upgrade for the twin-screw extruder to process high-performance hybrid PEEK-based formulations and other engineering polymer-based (PEI, PPSU, etc.) systems (Materials and Chemical Engineering);RDF20-21;Engineering and technology;0.9952682256698608;RDF205;Chemical engineering;0.9978584051132202;RDF212;Other engineering and technologies;0.9976825714111328;RDF202;Industrial, systems and processes engineering;0.9685753583908081
749;Single-cell approaches to characterize and target the cellular reservoirs of HIV infection (Virology & Viral Pathogenesis);RDF30;Medical, health and life sciences;0.5026866793632507;RDF301;Basic medicine and life sciences;0.7037293910980225;RDF304;Medical biotechnology;0.4695749580860138;RDF303;Health sciences;0.43812742829322815
750;Impact of transient neonatal hyperoxia on skeletal muscle development: Relevance for impaired exercise capacity after preterm birth (Clinical Investigation – Reproduction, Maternal, Child and Youth Health);RDF30;Medical, health and life sciences;0.7387015223503113;RDF302;Clinical medicine;0.7303897142410278;RDF303;Health sciences;0.4409753680229187;RDF305;Other medical sciences;0.07175840437412262
751;Le développement de la compétence de collaboration interprofessionnelle : perception des membres d'une équipe de professionnels en exercice de la dynamique de coaction (Education and social work);RDF50;Social sciences;0.7135189175605774;RDF503;Education;0.8489866852760315;RDF504;Sociology and related studies;0.3304036855697632;RDF501;Psychology and cognitive sciences;0.001167362672276795
752;Agreeing to Disagree: Incentives and Innovation in Dynamic Settings (Economics);RDF50;Social sciences;0.24198520183563232;RDF502;Economics and business administration;0.29228347539901733;RDF507;Social and economic geography;0.13071799278259277;RDF509;Other social sciences;0.010004437528550625
753;"L'enfance du ""mauvais genre"". Une sociologie de la non-conformité de genre durant l'enfance en France et au Québec (Sociology, demography and related fields)";RDF50;Social sciences;0.8899030685424805;RDF504;Sociology and related studies;0.9992408752441406;RDF509;Other social sciences;0.22452689707279205;RDF507;Social and economic geography;0.01809617690742016
754;Engineering Sustainable and Inclusive Streets for the 30-Min City;RDF20-21;Engineering and technology;0.9825295209884644;RDF208;Environmental engineering and related engineering;0.9994115233421326;RDF212;Other engineering and technologies;0.1738004833459854;RDF202;Industrial, systems and processes engineering;0.11232603341341019
755;Les incidences de l'architecture logicielle des tribunaux en ligne sur l'accès à la justice (Law and criminology);RDF20-21;Engineering and technology;0.5032276511192322;RDF203;Electrical engineering, computer engineering, and information engineering;0.22905081510543823;RDF212;Other engineering and technologies;0.0009740860550664365;RDF201;Civil engineering, maritime engineering, transport engineering, and mining engineering;0.0005366524565033615
756;Incorporating rich micro-level distributions and dynamics in models with heterogenous firms: method, lessons and applications;RDF20-21;Engineering and technology;0.5181389451026917;RDF202;Industrial, systems and processes engineering;0.881050169467926;RDF212;Other engineering and technologies;0.760560154914856;RDF208;Environmental engineering and related engineering;0.4726937711238861
757;Inhabiting altered worlds: sensory experiences following traumatic brain injuries (Mutidisciplinary or interdisciplinary social sciences);RDF50;Social sciences;0.9088706374168396;RDF504;Sociology and related studies;0.8344823718070984;RDF501;Psychology and cognitive sciences;0.5799089074134827;RDF508;Media and communications;0.15499892830848694
758;Microtubule alterations in progressive supranuclear palsy;RDF30;Medical, health and life sciences;0.3903942108154297;RDF304;Medical biotechnology;0.7985575795173645;RDF301;Basic medicine and life sciences;0.5224397778511047;RDF302;Clinical medicine;0.22476007044315338
759;Improving reproducibility in MRI with vendor-neutral acquisitions and transparent workflows;RDF20-21;Engineering and technology;0.9140967130661011;RDF207;Medical and biomedical engineering;0.8605411648750305;RDF202;Industrial, systems and processes engineering;0.3137185573577881;RDF212;Other engineering and technologies;0.2692541480064392
760;Investigation of Metal Organic Frameworks for Renewable Energy Electrocatalysis (Chemistry);RDF20-21;Engineering and technology;0.6776925325393677;RDF206;Materials engineering and resources engineering;0.8866995573043823;RDF205;Chemical engineering;0.2951175570487976;RDF212;Other engineering and technologies;0.2154366672039032
761;FLUIDELELASTIC INSTABILITY, VORTEX-INDUCED VIBRATION AND SYMMETRY BREAKING IN HELICAL ARRAYS OF CYLINDERS SUBJECTED TO CROSS-FLOW (Mechanical Engineering);RDF20-21;Engineering and technology;0.9954721331596375;RDF204;Mechanical engineering;0.9996710419654846;RDF211;Nano-technology;0.07654011249542236;RDF202;Industrial, systems and processes engineering;0.04771074280142784
762;4D spheroids identify type I protein arginine methyltransferases as a target in NSCLC (Cancer Biology & Therapeutics);RDF30;Medical, health and life sciences;0.7353569269180298;RDF304;Medical biotechnology;0.7444472312927246;RDF302;Clinical medicine;0.06666529178619385;RDF303;Health sciences;0.003664853749796748
763;New perspectives on job search and labour markets;RDF10;Natural sciences;0.3289703130722046;RDF102;Computer and information sciences;0.031443022191524506;RDF104;Chemical sciences;0.005564661230891943;RDF103;Physical sciences;0.0051028309389948845
764;Long time evolution of complex materials : algorithmic developments and applications to metals, semiconductors and proteins (Physics);RDF10;Natural sciences;0.8277127742767334;RDF103;Physical sciences;0.9933012127876282;RDF107;Other natural sciences;0.4401494860649109;RDF104;Chemical sciences;0.003517709206789732
765;L'héritage de Pierre Elliott Trudeau;RDF60;Humanities and the arts;0.7340975403785706;RDF605;Other humanities;0.1727905422449112;RDF604;Arts (arts, history of arts, performing arts, music), architecture and design;0.03536379709839821;RDF601;History, archaeology and related studies;0.019579807296395302
766;A new adaptive-neuroprosthetic treatment to shape post-stroke plasticity and facilitate motor recovery (Biological Systems and Functions);RDF30;Medical, health and life sciences;0.4995339810848236;RDF304;Medical biotechnology;0.5962806940078735;RDF301;Basic medicine and life sciences;0.20658394694328308;RDF302;Clinical medicine;0.023938126862049103
767;Une scène élargie, délocalisée et asynchrone : les reconfigurations technologiques de la salle de spectacle au temps du confinement;RDF20-21;Engineering and technology;0.9817032217979431;RDF212;Other engineering and technologies;0.9915310144424438;RDF202;Industrial, systems and processes engineering;0.9545239210128784;RDF208;Environmental engineering and related engineering;0.7151296138763428
768;Centre de recherches mathématiques (CRM);RDF20-21;Engineering and technology;0.7428507804870605;RDF212;Other engineering and technologies;0.058338843286037445;RDF203;Electrical engineering, computer engineering, and information engineering;0.0017698631854727864;RDF208;Environmental engineering and related engineering;0.00026682604220695794
769;Application of a brief digital screening tool to address parental and adolescent tobacco and electronic cigarette use in pediatric medical care (Health Services Evaluation & Interventions Research);RDF30;Medical, health and life sciences;0.9130769968032837;RDF302;Clinical medicine;0.6972779631614685;RDF303;Health sciences;0.006270142272114754;RDF304;Medical biotechnology;0.0016273627988994122
770;Hybrid Manufacturing: Digital Machining of Flexible Parts Manufactured with Directed Energy Deposition (DED) Method;RDF20-21;Engineering and technology;0.8966287970542908;RDF212;Other engineering and technologies;0.49154722690582275;RDF204;Mechanical engineering;0.4336240291595459;RDF206;Materials engineering and resources engineering;0.41049957275390625
771;Design and management of smart last-mile delivery systems;RDF20-21;Engineering and technology;0.9853325486183167;RDF204;Mechanical engineering;0.4818476438522339;RDF202;Industrial, systems and processes engineering;0.4423716068267822;RDF212;Other engineering and technologies;0.2532676160335541
772;Food Delocalization in Literary Studies: A Saccharine Aesthetic From the Ruins of Empire (Literature);RDF60;Humanities and the arts;0.9407735466957092;RDF602;Languages and literature;0.8171223402023315;RDF605;Other humanities;0.27420949935913086;RDF601;History, archaeology and related studies;0.0002505733573343605
773;Optimal Climate Policy Mix for Canada: Insights from a Multi-Model Approach;RDF10;Natural sciences;0.3614112138748169;RDF105;Earth and related environmental sciences;0.0005864370614290237;RDF101;Mathematics and statistics;0.0004280972352717072;RDF107;Other natural sciences;0.00026372892898507416
774;La production de recherche au Canada: facteurs individuels, institutionnels et systémiques (Education and social work);RDF50;Social sciences;0.7316649556159973;RDF503;Education;0.8275648951530457;RDF504;Sociology and related studies;0.6220913529396057;RDF509;Other social sciences;0.10214322060346603
775;Soutenir la Professionnalisation dans les ORganismes sporTifs (SPORT);RDF40;Agricultural and veterinary sciences;0.4477604329586029;RDF401;Agriculture, forestry, and fisheries;0.9977550506591797;RDF402;Animal and dairy sciences;0.988220751285553;RDF403;Veterinary sciences;0.8239806890487671
776;Identifying innovative responses to problematic gambling among LGBTQ2S+ communities in Canada - A mixed-methods study (Health Impacts of Gambling and Gaming);RDF30;Medical, health and life sciences;0.5364297032356262;RDF303;Health sciences;0.6409643292427063;RDF305;Other medical sciences;0.394422322511673;RDF302;Clinical medicine;0.2887524664402008
777;Intensification and control of cell culture processes (Materials and Chemical Engineering);RDF20-21;Engineering and technology;0.9880264401435852;RDF205;Chemical engineering;0.9925199151039124;RDF210;Industrial biotechnology;0.9112616777420044;RDF202;Industrial, systems and processes engineering;0.7143223285675049
778;Les priorités des citoyens quant aux politiques de santé et à l'État-providence (Political science and public administration);RDF30;Medical, health and life sciences;0.6371820569038391;RDF303;Health sciences;0.06964074820280075;RDF302;Clinical medicine;0.018166860565543175;RDF301;Basic medicine and life sciences;0.005117285531014204
779;Cyberrange pour soutenir les tests de cybersécurité et de cyberrésilience pour les infrastructures critiques;RDF20-21;Engineering and technology;0.9333743453025818;RDF202;Industrial, systems and processes engineering;0.4569893181324005;RDF203;Electrical engineering, computer engineering, and information engineering;0.21316829323768616;RDF201;Civil engineering, maritime engineering, transport engineering, and mining engineering;0.0894249752163887
780;New electrochemical materials breakthrough for energy applications (Materials and Chemical Engineering);RDF20-21;Engineering and technology;0.9948745369911194;RDF205;Chemical engineering;0.9593543410301208;RDF206;Materials engineering and resources engineering;0.5625251531600952;RDF211;Nano-technology;0.03425062820315361
781;Nonequilibrium Group IV Semiconductor Heterostructures;RDF20-21;Engineering and technology;0.5995174646377563;RDF206;Materials engineering and resources engineering;0.5360409617424011;RDF211;Nano-technology;0.49023714661598206;RDF205;Chemical engineering;0.42399367690086365
782;Developmental Trajectories in ARID1B-Related Disorders - a Multi-Method Multi-Site Prospective Natural History Study;RDF10;Natural sciences;0.7156281471252441;RDF106;Biological sciences;0.6006991863250732;RDF105;Earth and related environmental sciences;0.2592238783836365;RDF107;Other natural sciences;0.03523463383316994
783;Mechanisms regulating mRNA localization and localized translation (Genes, Cells and Molecules);RDF10;Natural sciences;0.4820614159107208;RDF106;Biological sciences;0.9320559501647949;RDF104;Chemical sciences;0.5027178525924683;RDF107;Other natural sciences;0.1582522839307785
784;Dévoiler les tactiques stratégiques de communication pour le changement social : Une exploration approfondie de l'agentivité des responsables des communications et des publics dans la lutte contre les inégalités raciales;RDF50;Social sciences;0.28286752104759216;RDF508;Media and communications;0.9732857346534729;RDF504;Sociology and related studies;0.4238819479942322;RDF507;Social and economic geography;0.23565521836280823
785;Que font les luttes écologistes à la protestation sociale ? Analyse comparée multi-échelles au Canada, en France et aux Pays-Bas (Political science and public administration);RDF50;Social sciences;0.9913655519485474;RDF506;Political science and policy administration;0.9954438209533691;RDF504;Sociology and related studies;0.8605858683586121;RDF509;Other social sciences;0.8102604746818542
786;Maturation of microRNAs targeting alpha-synuclein (Molecular & Cellular Neurosciences);RDF30;Medical, health and life sciences;0.4620335102081299;RDF301;Basic medicine and life sciences;0.9976558089256287;RDF304;Medical biotechnology;0.7297546863555908;RDF305;Other medical sciences;0.006210152991116047
787;Privatization, innovation and idiosyncratic volatility: The role of ownership structure and information content;RDF20-21;Engineering and technology;0.44822239875793457;RDF202;Industrial, systems and processes engineering;0.4936315715312958;RDF212;Other engineering and technologies;0.34753718972206116;RDF203;Electrical engineering, computer engineering, and information engineering;0.2321099191904068
788;Thermodynamic and physical property models for the production of greener aluminum alloys;RDF20-21;Engineering and technology;0.8831450939178467;RDF206;Materials engineering and resources engineering;0.9408578872680664;RDF205;Chemical engineering;0.8944860100746155;RDF208;Environmental engineering and related engineering;0.8830744624137878
789;Contextual factors predicting feasibility and impact of preventive mental health interventions across Canada;RDF30;Medical, health and life sciences;0.4602685272693634;RDF303;Health sciences;0.004481516312807798;RDF301;Basic medicine and life sciences;0.002638807287439704;RDF302;Clinical medicine;0.0008394038304686546
790;Between precarity and hospitality: The contentious spaces of migration in North America's borderlands (Geography, urban planning and related fields);RDF50;Social sciences;0.3596195578575134;RDF507;Social and economic geography;0.9909301996231079;RDF504;Sociology and related studies;0.012827329337596893;RDF509;Other social sciences;0.004049452021718025
791;Ecological change and the dynamics of zoonotic disease (Biological Systems and Functions);RDF40;Agricultural and veterinary sciences;0.49824467301368713;RDF403;Veterinary sciences;0.5915622711181641;RDF402;Animal and dairy sciences;0.00125334900803864;RDF405;Other agricultural sciences;0.00033751418231986463
792;NÉONUM : infrastructure de veille pour la néologie en français québécois (Anthropology, archaeology, linguistics and translation);RDF10;Natural sciences;0.3335686922073364;RDF107;Other natural sciences;0.12996917963027954;RDF101;Mathematics and statistics;0.00033105461625382304;RDF105;Earth and related environmental sciences;0.00011133370571769774
793;Detailed bulk composition analysis of extrasolar objects accreted at the surface of white dwarf stars (Physics);RDF10;Natural sciences;0.5583938360214233;RDF103;Physical sciences;0.9990394711494446;RDF107;Other natural sciences;0.9044903516769409;RDF104;Chemical sciences;0.00045644771307706833
794;Atmospheric measurements and modeling studies to improve understanding of organic and mineral dust aerosols in northern Canada (Chemistry);RDF10;Natural sciences;0.4626212418079376;RDF104;Chemical sciences;0.9995220303535461;RDF105;Earth and related environmental sciences;0.7684693932533264;RDF107;Other natural sciences;0.33526724576950073
795;Réfléchir et agir dans l'urgence : l'influence des éléments contextuels sur le processus de jugement et de décision d'infirmier(ère)s (Psychology, linguistics and translation);RDF30;Medical, health and life sciences;0.4428136944770813;RDF302;Clinical medicine;0.860731840133667;RDF301;Basic medicine and life sciences;0.7242647409439087;RDF303;Health sciences;0.5975003242492676
796;Interdisciplinary studies of decision-making and motor planning (Biological Systems and Functions);RDF10;Natural sciences;0.4495517313480377;RDF106;Biological sciences;0.9306206107139587;RDF107;Other natural sciences;0.7828875184059143;RDF105;Earth and related environmental sciences;0.0006302770343609154
797;Data-driven theory : adversarial immunodynamics, modelling and machine learning for engineered lymphocytes in the context of cancer immunotherapy;RDF10;Natural sciences;0.39812809228897095;RDF106;Biological sciences;0.6979466080665588;RDF102;Computer and information sciences;0.4960390329360962;RDF107;Other natural sciences;0.13331060111522675
798;Program for the Development of a Novel Methodology for the Design of Energy Efficient Biorefineries and Industrial Systems (Materials and Chemical Engineering);RDF20-21;Engineering and technology;0.9872426390647888;RDF205;Chemical engineering;0.9967546463012695;RDF202;Industrial, systems and processes engineering;0.9951815009117126;RDF206;Materials engineering and resources engineering;0.969887375831604
799;Underlying neurophysiological mechanisms of non-arthritic chronic painful conditions in cats (Biological Systems and Functions);RDF10;Natural sciences;0.5224205255508423;RDF106;Biological sciences;0.5870010852813721;RDF107;Other natural sciences;0.03759690374135971;RDF103;Physical sciences;0.0005123118753544986
800;Influence of folded foliations on the mechanical behavior of rock masses and rock engineering structures;RDF20-21;Engineering and technology;0.7436452507972717;RDF204;Mechanical engineering;0.7763414978981018;RDF206;Materials engineering and resources engineering;0.3316694498062134;RDF208;Environmental engineering and related engineering;0.08783923834562302
801;The Th17 Master Regulator RORC2 as a New Target for HIV Immune Therapy and Cure Strategy (Virology & Viral Pathogenesis);RDF30;Medical, health and life sciences;0.6358203887939453;RDF304;Medical biotechnology;0.7455059289932251;RDF302;Clinical medicine;0.6431952714920044;RDF303;Health sciences;0.3495809733867645
802;Language Acquisition and Processing in Teen and Adult L1 and L2 (Linguistics and translation);RDF60;Humanities and the arts;0.2422921508550644;RDF602;Languages and literature;0.004913287237286568;RDF605;Other humanities;0.00013920494529884309;RDF604;Arts (arts, history of arts, performing arts, music), architecture and design;6.49807188892737e-05
803;COVID-19 Étude des capacités offertes par les nouvelles formes de regroupements et d'associations d'artistes dans la sortie de crise et le redéploiement des arts à Montréal;RDF30;Medical, health and life sciences;0.45890986919403076;RDF303;Health sciences;0.026369482278823853;RDF304;Medical biotechnology;0.025152437388896942;RDF305;Other medical sciences;0.0016928896075114608
804;A 15 months, double-Blind, randomized controlled trial comparing 18 weeks of two doses of Omalizumab to placebo to accelerate a symptom-driven Oral immunotherapy schedule in subjects aged 6 to 25 years with Multiple food allergies (BOOM) (Nutrition, Food & Health);RDF30;Medical, health and life sciences;0.9726464748382568;RDF302;Clinical medicine;0.994541585445404;RDF303;Health sciences;0.7001148462295532;RDF304;Medical biotechnology;0.5171725153923035
805;Spatial complexity of cardiac cell culture and spatial-temporal bioelectric activity: granularity and mechanical-electrical feedback (Electrical and Computer Engineering);RDF20-21;Engineering and technology;0.9781431555747986;RDF203;Electrical engineering, computer engineering, and information engineering;0.8379545211791992;RDF210;Industrial biotechnology;0.579085111618042;RDF212;Other engineering and technologies;0.18342456221580505
806;Peer Effects and Program Take-Up: Evidence from employer-employee linked administrative data;RDF10;Natural sciences;0.28901106119155884;RDF102;Computer and information sciences;0.04373948276042938;RDF104;Chemical sciences;0.02197132259607315;RDF106;Biological sciences;0.0025119809433817863
807;Evaluation of human gait biomechanics in real-world environments (Biological Systems and Functions);RDF10;Natural sciences;0.48381221294403076;RDF107;Other natural sciences;0.031582798808813095;RDF105;Earth and related environmental sciences;0.010822402313351631;RDF106;Biological sciences;0.0016823782352730632
808;Robust and efficient statistical learning algorithms with applications in actuarial science (Mathematics and Statistics);RDF10;Natural sciences;0.3044101893901825;RDF101;Mathematics and statistics;0.9989328980445862;RDF107;Other natural sciences;0.0004615374200511724;RDF102;Computer and information sciences;0.00011414047912694514
809;HumanitéS-AnimalitéS : discours, pratiques et actions sur le monde animal, du Moyen Âge à l'antispécisme;RDF60;Humanities and the arts;0.45874926447868347;RDF601;History, archaeology and related studies;0.9396535754203796;RDF605;Other humanities;0.8433319926261902;RDF604;Arts (arts, history of arts, performing arts, music), architecture and design;0.00023414143652189523
810;Intelligence artificielle appliquée aux soins aigus de l'enfant;RDF20-21;Engineering and technology;0.7012845277786255;RDF207;Medical and biomedical engineering;0.7785957455635071;RDF208;Environmental engineering and related engineering;0.6633418798446655;RDF206;Materials engineering and resources engineering;0.45283159613609314
811;BUMP: Better Understanding of Model's Performance for more efficient Natural Language Processing (Computer Science);RDF10;Natural sciences;0.3190993070602417;RDF102;Computer and information sciences;0.9992473125457764;RDF107;Other natural sciences;0.00038189979386515915;RDF105;Earth and related environmental sciences;4.51085579697974e-05
812;Application des réseaux de neurones artificiels et de l'inférence bayésienne à la simulation couplée et à la conception des puits à colonne permanente (Civil, Industrial and Systems Engineering);RDF20-21;Engineering and technology;0.9974155426025391;RDF202;Industrial, systems and processes engineering;0.905210554599762;RDF201;Civil engineering, maritime engineering, transport engineering, and mining engineering;0.32826656103134155;RDF212;Other engineering and technologies;0.3273319602012634
813;Identification of MYC-dependent vulnerabilities in breast cancer (Molecular & Cellular Biology of Cancer);RDF30;Medical, health and life sciences;0.46525636315345764;RDF301;Basic medicine and life sciences;0.8535467982292175;RDF304;Medical biotechnology;0.43620696663856506;RDF303;Health sciences;0.033212367445230484
814;Topological quantum optics (Physics);RDF10;Natural sciences;0.9745909571647644;RDF103;Physical sciences;0.9964895844459534;RDF107;Other natural sciences;0.31297656893730164;RDF106;Biological sciences;0.00012890930520370603
815;Demand Driven - MRP : mode éphèmère ou lien sérieux entres les méthodes flux poussé et flux tiré ? (Civil, Industrial and Systems Engineering);RDF20-21;Engineering and technology;0.9974626898765564;RDF202;Industrial, systems and processes engineering;0.993894636631012;RDF208;Environmental engineering and related engineering;0.6444820761680603;RDF201;Civil engineering, maritime engineering, transport engineering, and mining engineering;0.220406636595726
816;Model atmosphere analysis of white dwarfs in the Sloan Digital Sky Survey footprint of Gaia: the definitive work (Physics);RDF10;Natural sciences;0.9839502573013306;RDF103;Physical sciences;0.9994797110557556;RDF107;Other natural sciences;0.23374336957931519;RDF105;Earth and related environmental sciences;0.010608818382024765
817;Les politiques de différenciation et diversification des parcours vers et dans l'enseignement supérieur au Québec : quels effets sur la justice scolaire et sociale? (Education and social work);RDF50;Social sciences;0.4261561930179596;RDF503;Education;0.986137330532074;RDF504;Sociology and related studies;0.006586684845387936;RDF507;Social and economic geography;0.0007349119405262172
818;Development of high performance PLA based nanocomposites (Materials and Chemical Engineering);RDF20-21;Engineering and technology;0.9939057230949402;RDF205;Chemical engineering;0.9950851798057556;RDF211;Nano-technology;0.965657114982605;RDF206;Materials engineering and resources engineering;0.5575292706489563
819;Introducing specificity and sensitivity in imaging mass spectrometry (Chemistry);RDF20-21;Engineering and technology;0.3245394229888916;RDF211;Nano-technology;0.022295119240880013;RDF210;Industrial biotechnology;0.009599685668945312;RDF212;Other engineering and technologies;0.004795494955033064
820;Is cannabis a useful adjunct in the treatment of symptoms of persons with multiple sclerosis? A formal trial of CBD and THC for the control of spasticity and other symptoms: assessing the clinical effects and the basic mechanisms;RDF10;Natural sciences;0.6417162418365479;RDF106;Biological sciences;0.8635419607162476;RDF107;Other natural sciences;0.06563001871109009;RDF104;Chemical sciences;0.0028261621482670307
821;Investigation of the antineoplastic effect of miRNA-181a and development a novel pharmaceutical approaches for treating advanced retinoblastoma (Cancer Biology & Therapeutics);RDF30;Medical, health and life sciences;0.9201856851577759;RDF304;Medical biotechnology;0.9985146522521973;RDF302;Clinical medicine;0.9810351133346558;RDF303;Health sciences;0.969052255153656
822;From spatial community ecology to landscape genetics and genomics (Evolution and Ecology);RDF10;Natural sciences;0.9721607565879822;RDF105;Earth and related environmental sciences;0.9566761255264282;RDF107;Other natural sciences;0.6030580401420593;RDF106;Biological sciences;0.0321146696805954
823;Structural Safety Assessment and Strengthening of Concrete Dams and Gated Spillways Subjected to Severe Loading Conditions (Civil, Industrial and Systems Engineering);RDF20-21;Engineering and technology;0.9955340623855591;RDF202;Industrial, systems and processes engineering;0.5849525928497314;RDF201;Civil engineering, maritime engineering, transport engineering, and mining engineering;0.4696255624294281;RDF208;Environmental engineering and related engineering;0.45720016956329346
824;Voix empruntées. Pratiques de la citation littéraire dans la Première Modernité (1595-1692) (Literature);RDF60;Humanities and the arts;0.8168837428092957;RDF602;Languages and literature;0.999475359916687;RDF603;Philosophy;0.005732232704758644;RDF605;Other humanities;0.0003123922797385603
825;Brain connectivity-based optimization of non-invasive brain stimulation to improve cognitive symptoms in schizophrenia (Behavioural Sciences – Clinical Behavioural Sciences);RDF30;Medical, health and life sciences;0.6043363213539124;RDF305;Other medical sciences;0.5201954245567322;RDF304;Medical biotechnology;0.46856749057769775;RDF303;Health sciences;0.3091117739677429
826;Procedural Creation and Real-time Display of Realistic Complex Scenes (Computer Science);RDF20-21;Engineering and technology;0.4644695818424225;RDF212;Other engineering and technologies;0.02926688827574253;RDF201;Civil engineering, maritime engineering, transport engineering, and mining engineering;0.011932014487683773;RDF202;Industrial, systems and processes engineering;0.0006988048553466797
827;Social hierarchies and the non-verbal communication of pain;RDF50;Social sciences;0.5870157480239868;RDF504;Sociology and related studies;0.7482399940490723;RDF501;Psychology and cognitive sciences;0.30512359738349915;RDF509;Other social sciences;0.23005567491054535
828;Next generation immunopeptidomics (Chemistry);RDF10;Natural sciences;0.5204797387123108;RDF104;Chemical sciences;0.9918261766433716;RDF107;Other natural sciences;0.2078944444656372;RDF103;Physical sciences;0.008055567741394043
829;Income security in retirement: perceptions, incentives and behaviours;RDF10;Natural sciences;0.2859683036804199;RDF107;Other natural sciences;0.0004967519780620933;RDF104;Chemical sciences;0.00036128252395428717;RDF103;Physical sciences;0.00015149739920161664
830;Decision awareness in learning for control;RDF10;Natural sciences;0.3626382648944855;RDF103;Physical sciences;0.5003073811531067;RDF102;Computer and information sciences;0.41700321435928345;RDF105;Earth and related environmental sciences;0.2806846499443054
831;Multimethod UX triangulated approach for multiuser interface evaluation (Civil, Industrial and Systems Engineering);RDF20-21;Engineering and technology;0.9981884360313416;RDF202;Industrial, systems and processes engineering;0.6505568027496338;RDF201;Civil engineering, maritime engineering, transport engineering, and mining engineering;0.19484122097492218;RDF212;Other engineering and technologies;0.0514654815196991
832;Understanding Drug Exceptional Access Programs (DEAPs) Across Canada: A Question of Equity (Mutidisciplinary or interdisciplinary social sciences);RDF50;Social sciences;0.9784485101699829;RDF504;Sociology and related studies;0.9784983396530151;RDF509;Other social sciences;0.8784284591674805;RDF506;Political science and policy administration;0.34609514474868774
833;Geroscience: A novel interdisciplinary approach for research on aging;RDF30;Medical, health and life sciences;0.6832236051559448;RDF305;Other medical sciences;0.3313559889793396;RDF301;Basic medicine and life sciences;0.006681667175143957;RDF303;Health sciences;0.005048713646829128
834;Advanced computational platform for permafrost geomechanical modeling and climate impact assessment of northern infrastructure;RDF20-21;Engineering and technology;0.7378867268562317;RDF208;Environmental engineering and related engineering;0.31738337874412537;RDF204;Mechanical engineering;0.27110379934310913;RDF212;Other engineering and technologies;0.16290700435638428
835;Hybrid artificial intelligence methods for combinatorial optimization;RDF20-21;Engineering and technology;0.6985455751419067;RDF203;Electrical engineering, computer engineering, and information engineering;0.5200510025024414;RDF202;Industrial, systems and processes engineering;0.0789789929986;RDF212;Other engineering and technologies;0.00899419840425253
836;Leveraging high-volume data to characterize age and individual-specific vital signs and to develop novel geriatric vital signs that optimally predict clinical outcomes in older adults;RDF30;Medical, health and life sciences;0.42305004596710205;RDF303;Health sciences;0.7926599979400635;RDF302;Clinical medicine;0.7397633194923401;RDF301;Basic medicine and life sciences;0.46681565046310425
837;Interactions between cortical stimulation and prefrontal population dynamics (Behavioural Sciences – Behavioural Studies, Neuroscience and Cognition);RDF10;Natural sciences;0.5005373358726501;RDF107;Other natural sciences;0.011567467823624611;RDF106;Biological sciences;0.0004698963020928204;RDF103;Physical sciences;6.0093159845564514e-05
838;Coupled Aquatic Biogeochemical Cycles in the Anthropocene (Evolution and Ecology);RDF10;Natural sciences;0.657643735408783;RDF105;Earth and related environmental sciences;0.9973317980766296;RDF106;Biological sciences;0.38691332936286926;RDF107;Other natural sciences;0.00917109940201044
839;Electrically and Optically Active Nanostructures and Interfaces (Chemistry);RDF20-21;Engineering and technology;0.7467029690742493;RDF211;Nano-technology;0.9965097308158875;RDF205;Chemical engineering;0.7955532073974609;RDF206;Materials engineering and resources engineering;0.7621482610702515
840;Performance mécanique à long terme des assemblages collés et boulonnés;RDF20-21;Engineering and technology;0.635337769985199;RDF204;Mechanical engineering;0.9812633395195007;RDF202;Industrial, systems and processes engineering;0.9342275261878967;RDF206;Materials engineering and resources engineering;0.8971396684646606
841;Optimization models and algorithms for complex production planning problems (Civil, Industrial and Systems Engineering);RDF20-21;Engineering and technology;0.997225284576416;RDF202;Industrial, systems and processes engineering;0.9230279326438904;RDF201;Civil engineering, maritime engineering, transport engineering, and mining engineering;0.2033132016658783;RDF212;Other engineering and technologies;0.009153174236416817
842;Development of an accessible integrated computational protein design software suite (Genes, Cells and Molecules);RDF20-21;Engineering and technology;0.5884571075439453;RDF205;Chemical engineering;0.6699492931365967;RDF207;Medical and biomedical engineering;0.6028847098350525;RDF210;Industrial biotechnology;0.5256316065788269
843;Social economy embedding circular economy: theory, practice and potential;RDF50;Social sciences;0.7980160713195801;RDF504;Sociology and related studies;0.5374342799186707;RDF506;Political science and policy administration;0.12251631170511246;RDF509;Other social sciences;0.04337644949555397
844;Complex genetics of hypertrophic cardiomyopathy: Towards an integration of polygenic risk in clinical care (Clinical Investigation – Cardiovascular Systems);RDF30;Medical, health and life sciences;0.7401928901672363;RDF302;Clinical medicine;0.806454598903656;RDF304;Medical biotechnology;0.18856647610664368;RDF303;Health sciences;0.0030907276086509228
845;MERMAIDS: Multichannel ERbium-yeterbiuM AmplIfied high power combiner Devices for Space communications;RDF20-21;Engineering and technology;0.9795686602592468;RDF206;Materials engineering and resources engineering;0.6790973544120789;RDF212;Other engineering and technologies;0.35714876651763916;RDF203;Electrical engineering, computer engineering, and information engineering;0.1466691941022873
846;Medium Chain Triglycerides and Ketogenesis (Biological Systems and Functions);RDF10;Natural sciences;0.5283082127571106;RDF106;Biological sciences;0.815767765045166;RDF107;Other natural sciences;0.3059118092060089;RDF104;Chemical sciences;0.0006288914592005312
847;Impact of Vitamin C on the Reduction of Opioid Consumption After an Emergency Department Visit for Acute Musculoskeletal Pain: A Double-Blind Randomized Control Trial;RDF30;Medical, health and life sciences;0.7866297960281372;RDF302;Clinical medicine;0.9969749450683594;RDF304;Medical biotechnology;0.21823641657829285;RDF303;Health sciences;0.11788243055343628
848;Towards organs-on-paper: building smart paper chips for modern biomedical research;RDF20-21;Engineering and technology;0.5416552424430847;RDF207;Medical and biomedical engineering;0.962111234664917;RDF212;Other engineering and technologies;0.8709617853164673;RDF210;Industrial biotechnology;0.8024816513061523
849;Ultrafast Functional Ultrasound Imaging of the Brain (Genes, Cells and Molecules);RDF10;Natural sciences;0.7688207030296326;RDF106;Biological sciences;0.948615312576294;RDF107;Other natural sciences;0.33328163623809814;RDF103;Physical sciences;0.0010724588064476848
850;Les trajectoires professionnelles des policiers du Québec : phase 2 (Law and criminology);RDF50;Social sciences;0.277563214302063;RDF505;Law and legal practice;0.002376602031290531;RDF509;Other social sciences;0.00021049394854344428;RDF504;Sociology and related studies;5.449235322885215e-05
851;Redefining blood pressure: How novel views of the arterial tree can lead to better cardiovascular risk stratification (Clinical Investigation – Cardiovascular Systems);RDF30;Medical, health and life sciences;0.6436206102371216;RDF302;Clinical medicine;0.6368491053581238;RDF304;Medical biotechnology;0.006807868368923664;RDF303;Health sciences;0.001132768695242703
852;Reducing the burden of hypoglycemia for persons living with type 1 diabetes;RDF30;Medical, health and life sciences;0.5757023692131042;RDF302;Clinical medicine;0.9425876140594482;RDF304;Medical biotechnology;0.3591925799846649;RDF301;Basic medicine and life sciences;0.28089627623558044
853;The energy-based and feature tracking motion systems and their interactions (Biological Systems and Functions);RDF10;Natural sciences;0.48245781660079956;RDF106;Biological sciences;0.7423521876335144;RDF103;Physical sciences;0.6006054282188416;RDF105;Earth and related environmental sciences;0.060230448842048645
854;Adoptive transfers of in vitro differentiated plasmacytoid dendritic cells to prevent acute lymphoblastic leukemia relapse: mechanisms and biomarkers of sensitivity (Cancer Progression & Therapeutics);RDF30;Medical, health and life sciences;0.6638155579566956;RDF304;Medical biotechnology;0.968814492225647;RDF303;Health sciences;0.8822784423828125;RDF302;Clinical medicine;0.7725109457969666
855;Replacement and upgrade of the Optical and Infrared Cameras for Observatoire du Mont-Mégantic (Physics);RDF10;Natural sciences;0.9027240872383118;RDF103;Physical sciences;0.99849933385849;RDF107;Other natural sciences;0.22494448721408844;RDF105;Earth and related environmental sciences;0.0014170488575473428
856;Stochastic Discount Factors, Risk Factors and Performance Evaluation (Economics);RDF50;Social sciences;0.20397916436195374;RDF502;Economics and business administration;0.03384367749094963;RDF509;Other social sciences;0.0006138971075415611;RDF507;Social and economic geography;1.143591453001136e-05
857;Precision digital twin of production machines for sustained high accuracy and traceable part conformity;RDF20-21;Engineering and technology;0.8883446455001831;RDF204;Mechanical engineering;0.8148740530014038;RDF202;Industrial, systems and processes engineering;0.6144996881484985;RDF206;Materials engineering and resources engineering;0.3332659900188446
858;Non-line-of-sight Imaging for Advanced Automotive Sensing;RDF20-21;Engineering and technology;0.7108690738677979;RDF212;Other engineering and technologies;0.27222609519958496;RDF211;Nano-technology;0.08861677348613739;RDF208;Environmental engineering and related engineering;0.0008856820641085505
859;Le nouvel électeur économique (Political science and public administration);RDF50;Social sciences;0.9106737375259399;RDF506;Political science and policy administration;0.9978744387626648;RDF509;Other social sciences;0.09185732901096344;RDF502;Economics and business administration;0.001662840717472136
860;CB1 receptors regulate NMJ denervation and repair (Systems & Circuits Neurosciences);RDF10;Natural sciences;0.8763156533241272;RDF107;Other natural sciences;0.2987329065799713;RDF106;Biological sciences;0.08496692776679993;RDF102;Computer and information sciences;0.00021095854754094034
861;Influence of Lipid Matrix on Ion Channel Oligomerization and Function (Chemistry);RDF10;Natural sciences;0.7900036573410034;RDF104;Chemical sciences;0.9984906911849976;RDF105;Earth and related environmental sciences;0.24806348979473114;RDF107;Other natural sciences;0.12339305132627487
862;Composition musicale immersive et développement de trajectoires 3D, basées sur l'analyse perceptive (Fine Arts, Research-Creation);RDF60;Humanities and the arts;0.7286343574523926;RDF604;Arts (arts, history of arts, performing arts, music), architecture and design;0.7556458115577698;RDF605;Other humanities;0.02614772692322731;RDF603;Philosophy;2.1967129214317538e-05
863;Valorisation des données d'exécution de projets (Civil, Industrial and Systems Engineering);RDF20-21;Engineering and technology;0.9978654980659485;RDF202;Industrial, systems and processes engineering;0.6925484538078308;RDF201;Civil engineering, maritime engineering, transport engineering, and mining engineering;0.25750958919525146;RDF210;Industrial biotechnology;0.003226757748052478
864;Innovative Steel Braced Frame Systems for Tall Buildings in Seismic Active Regions (Civil, Industrial and Systems Engineering);RDF20-21;Engineering and technology;0.9974480271339417;RDF202;Industrial, systems and processes engineering;0.44704902172088623;RDF212;Other engineering and technologies;0.18539592623710632;RDF201;Civil engineering, maritime engineering, transport engineering, and mining engineering;0.12919265031814575
865;Multiscale modelling of aircraft and rocket emissions using high-fidelity numerical simulations and machine learning;RDF20-21;Engineering and technology;0.9763445258140564;RDF208;Environmental engineering and related engineering;0.918401837348938;RDF202;Industrial, systems and processes engineering;0.8190094232559204;RDF212;Other engineering and technologies;0.7191603779792786
866;Coronavirus Crisis Competence Among Sexual and Gender Minorities (Gender, Sex & Health);RDF30;Medical, health and life sciences;0.7404690980911255;RDF303;Health sciences;0.45839235186576843;RDF302;Clinical medicine;0.2246374636888504;RDF305;Other medical sciences;0.029575800523161888
867;From Alterlife to Alterfutures: Contemporary Asian Women's Environmental Moving-Image Arts (Multidisciplinary or interdisciplinary humanities);RDF60;Humanities and the arts;0.997229814529419;RDF605;Other humanities;0.9366143345832825;RDF604;Arts (arts, history of arts, performing arts, music), architecture and design;0.2568831145763397;RDF602;Languages and literature;0.0001198099271277897
868;A FOCUS on youth mental health and substance use-related outcomes, inequities and trajectories during COVID-19 and beyond: A mixed-methods study in Canada and France;RDF30;Medical, health and life sciences;0.5207988023757935;RDF303;Health sciences;0.1905096024274826;RDF305;Other medical sciences;0.10065481811761856;RDF302;Clinical medicine;0.0022989846765995026
869;Sleep, performance and development (Biological Systems and Functions);RDF10;Natural sciences;0.5066702365875244;RDF106;Biological sciences;0.9716233611106873;RDF107;Other natural sciences;0.3886716365814209;RDF105;Earth and related environmental sciences;0.000500218418892473
870;Molecular insights into the targeting of proteins to the inner nuclear membrane (Genes, Cells and Molecules);RDF10;Natural sciences;0.6748970746994019;RDF106;Biological sciences;0.9412510991096497;RDF104;Chemical sciences;0.8173297047615051;RDF107;Other natural sciences;0.086744025349617
871;Les pratiques pédagogiques qui favorisent l'inclusion socioculturelle et scolaire d'élèves immigrants nouvellement arrivés au Québec : regards croisés d'enseignants et d'élèves (Education and social work);RDF50;Social sciences;0.3906926214694977;RDF503;Education;0.7923875451087952;RDF504;Sociology and related studies;0.0023122834973037243;RDF509;Other social sciences;2.849097472790163e-05
872;Control of collective dynamics via mean field and and inverse mean field game theory;RDF10;Natural sciences;0.596497118473053;RDF103;Physical sciences;0.7437986135482788;RDF101;Mathematics and statistics;0.6460459232330322;RDF107;Other natural sciences;0.21087759733200073
873;#WeFeedYou, and yet...: How are temporary migrant workers' food security, nutrition and health shaped in Quebec's agri-food system - A participatory action research multiple-case study;RDF30;Medical, health and life sciences;0.29896366596221924;RDF303;Health sciences;0.0002983198210131377;RDF301;Basic medicine and life sciences;0.00013997899077367038;RDF305;Other medical sciences;0.00013640902761835605
874;Delinquent or victim? Teenage girls' experiences of child protection intervention due to concerns for sexual exploitation (Education and social work);RDF50;Social sciences;0.4183637201786041;RDF503;Education;0.7974416017532349;RDF504;Sociology and related studies;0.0017582516884431243;RDF509;Other social sciences;0.0013086560647934675
875;Femmes, genre, (im)mobilités et vies précaires : projet de développement partenarial dans une perspective féministe transnationale et décoloniale;RDF60;Humanities and the arts;0.2990814447402954;RDF605;Other humanities;0.9779099225997925;RDF604;Arts (arts, history of arts, performing arts, music), architecture and design;0.0007188998279161751;RDF602;Languages and literature;3.280406235717237e-05
876;La cohésion sociale est-elle possible en situation de crises multiples? L'influence des politiques publiques entourant le coronavirus (2019-nCoV) et les préjugés envers les citoyens et citoyennes d'origine chinoise (Canadian 2019 Novel Coronavirus (2019-nCoV) Rapid Research);RDF50;Social sciences;0.5219766497612;RDF504;Sociology and related studies;0.7666400671005249;RDF507;Social and economic geography;0.6652829051017761;RDF506;Political science and policy administration;0.42013320326805115
877;Coronary angiocrine control of heart regeneration (Cardiovascular System – Heart and Circulation);RDF10;Natural sciences;0.571431577205658;RDF106;Biological sciences;0.26340511441230774;RDF107;Other natural sciences;0.005742348730564117;RDF103;Physical sciences;6.117674638517201e-05
878;Management of public media organizations and society;RDF60;Humanities and the arts;0.34117430448532104;RDF605;Other humanities;0.0034768409095704556;RDF602;Languages and literature;2.653745104908012e-05;RDF604;Arts (arts, history of arts, performing arts, music), architecture and design;2.1362127881729975e-05
879;Voters' Identities in their Own Words (Political science and public administration);RDF50;Social sciences;0.7888197302818298;RDF506;Political science and policy administration;0.9940792322158813;RDF509;Other social sciences;0.06300731748342514;RDF508;Media and communications;0.0015216339379549026
880;Santé, justice et sécurité au 21e siècle (Philosophy);RDF30;Medical, health and life sciences;0.5341455936431885;RDF305;Other medical sciences;0.19134362041950226;RDF304;Medical biotechnology;0.1325438916683197;RDF301;Basic medicine and life sciences;0.008337052538990974
881;Role of ATP-P2X7 axis in pathogenesis of ventilator induced lung injury (Respiratory System);RDF10;Natural sciences;0.5677004456520081;RDF106;Biological sciences;0.825675904750824;RDF107;Other natural sciences;0.0020286350045353174;RDF105;Earth and related environmental sciences;0.00020919939561281353
882;Mitochondrial epigenetics and ORFan genes: exploiting the mitochondrial genetic system to fuel phenotypic variation and functional novelties (Genes, Cells and Molecules);RDF10;Natural sciences;0.43211641907691956;RDF106;Biological sciences;0.7060942649841309;RDF105;Earth and related environmental sciences;0.002128946827724576;RDF104;Chemical sciences;0.001012339605949819
883;PeerOnCall as a catalyst for a peer support program based on psychological first aid: a feasibility study among the Sûreté du Québec (Crisis/Suicide Line and App-based Support Models for post traum. stress in public safety personnel (PSP));RDF30;Medical, health and life sciences;0.34426936507225037;RDF305;Other medical sciences;0.0006315790815278888;RDF302;Clinical medicine;0.00013161734386812896;RDF301;Basic medicine and life sciences;5.3874944569543004e-05
884;Computational approaches for analysis and design of complex multiphase flow systems (Mechanical Engineering);RDF20-21;Engineering and technology;0.9944911599159241;RDF204;Mechanical engineering;0.9987080097198486;RDF202;Industrial, systems and processes engineering;0.6760036945343018;RDF212;Other engineering and technologies;0.03704298287630081
885;Understanding the limits of risk instruments in an era of climate change: An exploration of the institutional geographies of climate services in Europe (Geography, urban planning and related fields);RDF50;Social sciences;0.29227015376091003;RDF507;Social and economic geography;0.4040319621562958;RDF504;Sociology and related studies;0.003697660518810153;RDF509;Other social sciences;0.0011523584835231304
886;Randomized Double-Blind Placebo-Controlled Clinical Trial to Assess the Efficacy of Mycophenolate Mofetil in Subclinical Interstitial Lung Disease Associated with Systemic Sclerosis: a Feasibility Study;RDF30;Medical, health and life sciences;0.6412582993507385;RDF303;Health sciences;0.9919830560684204;RDF302;Clinical medicine;0.9893219470977783;RDF304;Medical biotechnology;0.9089270234107971
887;Novel transition support program for young people with disabilities and their families: Identifying most important outcomes for program key stakeholders;RDF30;Medical, health and life sciences;0.2879067659378052;RDF305;Other medical sciences;0.00038831165875308216;RDF301;Basic medicine and life sciences;0.0001753186952555552;RDF303;Health sciences;5.218449587118812e-05
888;Advancing knowledge and developping mechanistic quantitative tools for in vitro-in vivo extrapolations in pharmacokinetics and toxicokinetics (Biological Systems and Functions);RDF10;Natural sciences;0.7807749509811401;RDF106;Biological sciences;0.9960207939147949;RDF104;Chemical sciences;0.46661055088043213;RDF107;Other natural sciences;0.0833791121840477
889;Modeling and optimization for advanced management of the complex products for the robust circular economy in Canada (Civil, Industrial and Systems Engineering);RDF20-21;Engineering and technology;0.9967576861381531;RDF202;Industrial, systems and processes engineering;0.863110363483429;RDF208;Environmental engineering and related engineering;0.5067960619926453;RDF201;Civil engineering, maritime engineering, transport engineering, and mining engineering;0.20963306725025177
890;Advanced Manufacturing of Intelligent Structures (Mechanical Engineering);RDF20-21;Engineering and technology;0.9952887892723083;RDF204;Mechanical engineering;0.997818112373352;RDF212;Other engineering and technologies;0.14368966221809387;RDF202;Industrial, systems and processes engineering;0.0011148171033710241
891;Multimodal Sensing Guidewire with Random Optical Gratings by Ultraviolet laser Exposure for Peripheral Vascular Interventions (Medical Physics & Imaging);RDF30;Medical, health and life sciences;0.5619931221008301;RDF301;Basic medicine and life sciences;0.24942605197429657;RDF302;Clinical medicine;0.24043844640254974;RDF303;Health sciences;0.033696651458740234
892;Intelligent mobility management in emerging vehicular networks (Computer Science);RDF20-21;Engineering and technology;0.5602419376373291;RDF212;Other engineering and technologies;0.020528407767415047;RDF203;Electrical engineering, computer engineering, and information engineering;0.007823319174349308;RDF211;Nano-technology;0.00022154150065034628
893;Chemical biology strategies for discovery and profiling of glycan-protein interactions (Chemistry);RDF30;Medical, health and life sciences;0.4671679139137268;RDF301;Basic medicine and life sciences;0.678040623664856;RDF304;Medical biotechnology;0.006540740840137005;RDF305;Other medical sciences;0.0011557197431102395
894;Local and global biomechanical properties of the eye as new glaucoma risk factors (Medical Physics & Imaging);RDF30;Medical, health and life sciences;0.5593745112419128;RDF301;Basic medicine and life sciences;0.9378116726875305;RDF302;Clinical medicine;0.2826251685619354;RDF303;Health sciences;0.010549499653279781
895;L'accessibilité des médias: éduquer pour ouvrir le dialogue;RDF50;Social sciences;0.2974320650100708;RDF508;Media and communications;0.9997938275337219;RDF503;Education;0.9795073866844177;RDF501;Psychology and cognitive sciences;0.12810416519641876
896;Free prior and informed consent, social equity and the forest sector: A comparison of the Forest Stewardship Council certification regime in Canada, Sweden and Russia (Geography, urban planning and related fields);RDF50;Social sciences;0.7459573149681091;RDF507;Social and economic geography;0.9585946798324585;RDF504;Sociology and related studies;0.24411171674728394;RDF509;Other social sciences;0.00886583048850298
897;Water reuse: innovative monitoring technologies for risk reduction (Civil, Industrial and Systems Engineering);RDF20-21;Engineering and technology;0.9960820078849792;RDF208;Environmental engineering and related engineering;0.9993578791618347;RDF202;Industrial, systems and processes engineering;0.7299811840057373;RDF212;Other engineering and technologies;0.28532424569129944
898;Difficultés psychosociales, scolaires et milieux de vie différentiels d'enfants issus de la diversité ethnoculturelle recevant, ou non, des services de protection de la jeunesse (Education and social work);RDF60;Humanities and the arts;0.37053999304771423;RDF605;Other humanities;0.1730661541223526;RDF602;Languages and literature;0.065311498939991;RDF604;Arts (arts, history of arts, performing arts, music), architecture and design;0.00026833705487661064
899;Participation jeunesse Autochtone dans la prise de décision en milieu scolaire (Education and social work);RDF50;Social sciences;0.4996163249015808;RDF503;Education;0.9762218594551086;RDF504;Sociology and related studies;0.00037381885340437293;RDF509;Other social sciences;0.00026088207960128784
900;Bioinformatics-powered genetic characterization of the impact of biological systems on Alzheimer's disease and neurodegeneration;RDF10;Natural sciences;0.5715988278388977;RDF106;Biological sciences;0.8472186923027039;RDF107;Other natural sciences;0.17995980381965637;RDF102;Computer and information sciences;0.029644731432199478
901;Identification of functional epigenomic regions in sperm that are environmentally responsive and associate with fertility and embryo development;RDF10;Natural sciences;0.4804404675960541;RDF106;Biological sciences;0.9026194214820862;RDF105;Earth and related environmental sciences;0.4485539495944977;RDF107;Other natural sciences;0.23374919593334198
902;Le jeu symbolique en classe d'éducation préscolaire 4 ans: Relations entre la pensée sociale, la maturité du jeu et l'acceptation sociale (Education and social work);RDF60;Humanities and the arts;0.46615761518478394;RDF605;Other humanities;0.001944107236340642;RDF603;Philosophy;0.000237207772443071;RDF604;Arts (arts, history of arts, performing arts, music), architecture and design;0.00016793719260022044
903;Evaluation of supervised consumption services in Montreal in the context of COVID-19 (Evaluation of Harm Reduction Approaches to Address the Opioid Crisis);RDF30;Medical, health and life sciences;0.6246066689491272;RDF303;Health sciences;0.03010016307234764;RDF302;Clinical medicine;0.004441312048584223;RDF305;Other medical sciences;0.0007519868668168783
904;Pacing Brain Rhythms (Biological Systems and Functions);RDF10;Natural sciences;0.6185054183006287;RDF106;Biological sciences;0.7059212327003479;RDF107;Other natural sciences;0.0649958923459053;RDF103;Physical sciences;0.0011658964212983847
905;Representation Learning for Lifelong Learning (Computer Science);RDF50;Social sciences;0.2502087354660034;RDF508;Media and communications;0.0011505463626235723;RDF503;Education;0.0009389079641550779;RDF501;Psychology and cognitive sciences;0.0007778458530083299
906;Inverse Design by Duality;RDF20-21;Engineering and technology;0.3944670855998993;RDF212;Other engineering and technologies;0.5685075521469116;RDF204;Mechanical engineering;0.5567742586135864;RDF208;Environmental engineering and related engineering;0.528328001499176
907;How is cell morphogenesis regulated during mitosis? (Genes, Cells and Molecules);RDF10;Natural sciences;0.7262492179870605;RDF106;Biological sciences;0.9694356322288513;RDF107;Other natural sciences;0.1575614959001541;RDF104;Chemical sciences;0.06330182403326035
908;Superconducting single photon detectors for quantum optics and spectroscopy up to 2.5 microns (Physics);RDF10;Natural sciences;0.7061917185783386;RDF103;Physical sciences;0.9986433982849121;RDF107;Other natural sciences;0.09806942939758301;RDF104;Chemical sciences;0.00011614096001721919
909;The effects of neuropsychiatric CNVs on the integrity of brain structure and connectivity (Behavioural Sciences);RDF10;Natural sciences;0.4474509060382843;RDF106;Biological sciences;0.0032068192958831787;RDF107;Other natural sciences;0.0009993407875299454;RDF103;Physical sciences;4.676236130762845e-05
910;De villes adaptées à la vieillesse aux territoires inclusifs et exempts d'âgisme : vers un changement de perspective sur l'aménagement urbain des municipalités favorisant le vieillissement ?;RDF20-21;Engineering and technology;0.5101144313812256;RDF208;Environmental engineering and related engineering;0.9371057748794556;RDF212;Other engineering and technologies;0.8744064569473267;RDF202;Industrial, systems and processes engineering;0.6875904202461243
911;Environmental fate of emerging contaminants (Geosciences);RDF10;Natural sciences;0.6566207408905029;RDF105;Earth and related environmental sciences;0.9995740056037903;RDF107;Other natural sciences;0.06161029264330864;RDF104;Chemical sciences;0.00010612823098199442
912;Du disque à l'oeuvre. Musique, arts visuels, cinéma;RDF60;Humanities and the arts;0.941202700138092;RDF604;Arts (arts, history of arts, performing arts, music), architecture and design;0.9984913468360901;RDF605;Other humanities;0.9245172142982483;RDF601;History, archaeology and related studies;0.00015332168550230563
913;Decoding the role of DNMT1 in the Inherited Dysregulation of Epigenetic Marks using Embryonic Cells (Genes, Cells and Molecules);RDF10;Natural sciences;0.44919610023498535;RDF106;Biological sciences;0.8734759092330933;RDF107;Other natural sciences;0.03739975020289421;RDF104;Chemical sciences;0.005570010282099247
914;Computational Methods for Verification and Validation with Applications in Mechanics (Mechanical Engineering);RDF20-21;Engineering and technology;0.9948445558547974;RDF204;Mechanical engineering;0.999370276927948;RDF212;Other engineering and technologies;0.0004479087074287236;RDF202;Industrial, systems and processes engineering;0.0001592730259289965
915;Inter-cellular causality in the formation and degradation of the vascular glycocalyx;RDF10;Natural sciences;0.49662867188453674;RDF106;Biological sciences;0.9643526673316956;RDF104;Chemical sciences;0.6072593927383423;RDF105;Earth and related environmental sciences;0.24974413216114044
916;L'écologie et des paysages combinatoires : vers une collaboration permanente avec la nature (Geography, urban planning and related fields);RDF10;Natural sciences;0.9202921986579895;RDF106;Biological sciences;0.9953526854515076;RDF105;Earth and related environmental sciences;0.9076254367828369;RDF107;Other natural sciences;0.4400264620780945
917;An optimization framework for comparative, multi-species studies of visual systems (Biological Systems and Functions);RDF10;Natural sciences;0.5469786524772644;RDF106;Biological sciences;0.7235783934593201;RDF107;Other natural sciences;0.011493979953229427;RDF105;Earth and related environmental sciences;0.0004949962603859603
918;A novel web-based mental health intervention integrating peer support and clinical moderation to enhance recovery and prevent relapse in adults diagnosed with psychotic disorders: A pragmatic feasibility study of Horyzons-Canada (Health Services Evaluation & Interventions Research);RDF30;Medical, health and life sciences;0.6819530725479126;RDF302;Clinical medicine;0.05314871668815613;RDF303;Health sciences;0.05120396986603737;RDF304;Medical biotechnology;0.001402309164404869
919;Maternal Diabetes Induces Perinatal Programming of Chronic Kidney Disease: The Role of Hedgehog Interacting Protein (Hhip) (Clinical Investigation – Reproduction, Maternal, Child and Youth Health);RDF30;Medical, health and life sciences;0.9288232326507568;RDF302;Clinical medicine;0.7427777051925659;RDF303;Health sciences;0.5534895062446594;RDF304;Medical biotechnology;0.4647369086742401
920;Urgent Replacement of a Platform for Gaseous Chemistry and Catalysis (Chemistry);RDF20-21;Engineering and technology;0.6458036303520203;RDF212;Other engineering and technologies;0.3731176257133484;RDF205;Chemical engineering;0.011831960640847683;RDF202;Industrial, systems and processes engineering;0.0035626760218292475
921;CAN OSTEOCLAST BIOMARKERS DETECT EXCESSIVE SUBCHONDRAL BONE RESORPTION IN RACEHORSES? (Genes, Cells and Molecules);RDF10;Natural sciences;0.4251355230808258;RDF106;Biological sciences;0.885537326335907;RDF104;Chemical sciences;0.57846599817276;RDF103;Physical sciences;0.407725989818573
922;Agrégateur numérique de paysages urbains;RDF20-21;Engineering and technology;0.3861612379550934;RDF208;Environmental engineering and related engineering;0.967936635017395;RDF202;Industrial, systems and processes engineering;0.27050405740737915;RDF203;Electrical engineering, computer engineering, and information engineering;0.21490076184272766
923;Study of the effect of sex on drugs dosing, concentrations and pharmacogenomics (Gender, Sex & Health);RDF30;Medical, health and life sciences;0.8182572722434998;RDF302;Clinical medicine;0.7696563601493835;RDF303;Health sciences;0.6883247494697571;RDF304;Medical biotechnology;0.013024033047258854
924;Biosecurity 2.0 for the modern Canadian dairy farm (Biological Systems and Functions);RDF40;Agricultural and veterinary sciences;0.6647200584411621;RDF402;Animal and dairy sciences;0.9976913928985596;RDF404;Agricultural biotechnology and food sciences;0.8805816173553467;RDF403;Veterinary sciences;0.5139735341072083
925;Et si on revenait à l'étude des comportements de leadership : le rôle du style parental et de la motivation comme prédicteurs des comportements de partage de ressources d'élèves officiers (Psychology, linguistics and translation);RDF50;Social sciences;0.6853798627853394;RDF501;Psychology and cognitive sciences;0.6984601616859436;RDF503;Education;0.6346035003662109;RDF509;Other social sciences;0.4052579402923584
926;Penser le temps de la maladie chronique : l'expertise littéraire à l'appui des pratiques de soin (Literature);RDF30;Medical, health and life sciences;0.3993396461009979;RDF302;Clinical medicine;0.8626551032066345;RDF301;Basic medicine and life sciences;0.3575848340988159;RDF305;Other medical sciences;0.1488955169916153
927;Non-releasing alginate hydrogels for analyte sensing and detoxification (Materials and Chemical Engineering);RDF20-21;Engineering and technology;0.987430989742279;RDF205;Chemical engineering;0.9972488284111023;RDF208;Environmental engineering and related engineering;0.7916890978813171;RDF206;Materials engineering and resources engineering;0.681801438331604
928;Quantifying Indigenous family disruption and resilience at the beginning of the 20th century through historical census data (Sociology, demography and related fields);RDF50;Social sciences;0.8336932063102722;RDF504;Sociology and related studies;0.9711121916770935;RDF507;Social and economic geography;0.41679057478904724;RDF509;Other social sciences;0.00432957848533988
929;The impact of biological sex on the brain language network (Biological Systems and Functions);RDF10;Natural sciences;0.5419979691505432;RDF106;Biological sciences;0.7275511026382446;RDF107;Other natural sciences;0.06670337170362473;RDF103;Physical sciences;0.0006233963067643344
930;Tracking the beat of music: Mechanisms underpinning inter-individual differences and effects on rhythm learning (Biological Systems and Functions);RDF10;Natural sciences;0.8391470909118652;RDF106;Biological sciences;0.9647620916366577;RDF107;Other natural sciences;0.13540416955947876;RDF105;Earth and related environmental sciences;0.0003373695653863251
931;The role of rhythm in the development of speech perception and production (Biological Systems and Functions);RDF10;Natural sciences;0.47558385133743286;RDF106;Biological sciences;0.8046050071716309;RDF107;Other natural sciences;0.14584118127822876;RDF103;Physical sciences;0.0030273860320448875
932;Development of an Intelligent Design Support Tool for Integrated Design of Multidomain Systems (Mechanical Engineering);RDF20-21;Engineering and technology;0.9951236248016357;RDF204;Mechanical engineering;0.9993661046028137;RDF202;Industrial, systems and processes engineering;0.7213725447654724;RDF212;Other engineering and technologies;0.06996718794107437
933;Dynamiques socioreligieuses, laïcité et espaces municipaux québécois (Multidisciplinary or interdisciplinary social sciences);RDF50;Social sciences;0.9597591161727905;RDF504;Sociology and related studies;0.9851313233375549;RDF509;Other social sciences;0.7037585973739624;RDF506;Political science and policy administration;0.11059554666280746
934;Optimization and Planning Models for more Sustainable Agrifood Logistics;RDF40;Agricultural and veterinary sciences;0.49113547801971436;RDF402;Animal and dairy sciences;0.4726400077342987;RDF401;Agriculture, forestry, and fisheries;0.24846124649047852;RDF404;Agricultural biotechnology and food sciences;0.053230587393045425
935;Men's migration, social support, and women's health and well-being in three diverse contexts (Sociology, demography and related fields);RDF50;Social sciences;0.3047472834587097;RDF504;Sociology and related studies;0.33734968304634094;RDF507;Social and economic geography;0.001706212991848588;RDF509;Other social sciences;0.0011995566310361028
936;Child maltreatment, emotion regulation and sexual wellbeing over time in women with low sexual desire and their partners (Psychology);RDF50;Social sciences;0.4463123679161072;RDF501;Psychology and cognitive sciences;0.6937331557273865;RDF509;Other social sciences;0.02597084268927574;RDF508;Media and communications;7.118502981029451e-05
937;Détresse, formes d'exclusion et héritage migratoire : trajectoire sociale et subjectivité des personnes descendantes de migrants asiatiques (Education and social work);RDF50;Social sciences;0.4730173647403717;RDF503;Education;0.9729813933372498;RDF504;Sociology and related studies;0.9729306101799011;RDF507;Social and economic geography;0.7629957795143127
938;Elucidating the roles of miRNAs and Hippo signaling on lineage specification in the human and mouse embryo (Endocrinology);RDF10;Natural sciences;0.6682982444763184;RDF106;Biological sciences;0.9948505759239197;RDF107;Other natural sciences;0.14716918766498566;RDF103;Physical sciences;0.00024440453853458166
939;Enabling Collaborative and Intelligent Service Provisioning in Mobile Edge Networks;RDF20-21;Engineering and technology;0.5231128334999084;RDF203;Electrical engineering, computer engineering, and information engineering;0.2278800904750824;RDF212;Other engineering and technologies;0.07595417648553848;RDF201;Civil engineering, maritime engineering, transport engineering, and mining engineering;0.04366717115044594
940;Intelligent Predictive Maintenance 4.0 for Heavy-duty Electrical Bus;RDF20-21;Engineering and technology;0.8066797852516174;RDF212;Other engineering and technologies;0.2439754754304886;RDF202;Industrial, systems and processes engineering;0.24257990717887878;RDF203;Electrical engineering, computer engineering, and information engineering;0.06688567996025085
941;Investigating mitochondrial biogenesis rheostat functions in skin aging: stress sensing and control of immunometabolic landscapes;RDF10;Natural sciences;0.8838069438934326;RDF106;Biological sciences;0.9034491777420044;RDF103;Physical sciences;0.5835138559341431;RDF107;Other natural sciences;0.42909109592437744
942;Role of the Calcitonin Receptor System in Cardiac Physiology and Remodeling;RDF10;Natural sciences;0.6915592551231384;RDF106;Biological sciences;0.42663097381591797;RDF107;Other natural sciences;0.14908267557621002;RDF104;Chemical sciences;7.375457062153146e-05
943;Predicting the Progression and Brace Treatment Response in Spinal Deformities with Temporal-based Machine Learning Approaches (Biomedical Engineering);RDF20-21;Engineering and technology;0.7743173241615295;RDF207;Medical and biomedical engineering;0.9977597594261169;RDF212;Other engineering and technologies;0.08052260428667068;RDF210;Industrial biotechnology;0.030076373368501663
944;Boosting the Productivity of a Graying Workforce;RDF20-21;Engineering and technology;0.31376364827156067;RDF202;Industrial, systems and processes engineering;0.5455058813095093;RDF212;Other engineering and technologies;0.4049556851387024;RDF208;Environmental engineering and related engineering;0.3997885286808014
945;The Biophysics of Cold Plasmas in Cancer Therapy (Physics);RDF30;Medical, health and life sciences;0.6215611696243286;RDF301;Basic medicine and life sciences;0.6709575653076172;RDF304;Medical biotechnology;0.17628908157348633;RDF305;Other medical sciences;0.05700258910655975
946;Virage numérique dans le développement de techniques avancées en soins personnalisés (Physics);RDF20-21;Engineering and technology;0.5888136625289917;RDF207;Medical and biomedical engineering;0.8113675713539124;RDF212;Other engineering and technologies;0.4503355026245117;RDF203;Electrical engineering, computer engineering, and information engineering;0.3990844786167145
947;Rencontres « droits et résistances numériques en contexte francophone »;RDF50;Social sciences;0.33658406138420105;RDF508;Media and communications;0.994065523147583;RDF505;Law and legal practice;0.868545651435852;RDF504;Sociology and related studies;0.004786190576851368
948;Caméra rapide haute résolution pour la mesure de nuages de bulles en écoulement à haute vitesse (Mechanical Engineering);RDF20-21;Engineering and technology;0.9956502914428711;RDF204;Mechanical engineering;0.9996815919876099;RDF212;Other engineering and technologies;0.039322905242443085;RDF208;Environmental engineering and related engineering;0.0029848716221749783
949;Predicting duration and rehospitalization of psychiatric emergency patients: The Signature BioBank;RDF30;Medical, health and life sciences;0.5872079730033875;RDF304;Medical biotechnology;0.818941593170166;RDF302;Clinical medicine;0.028451211750507355;RDF303;Health sciences;0.004156916867941618
950;Perceptions de justice dans les services : les cas des travailleurs de la restauration et des enseignants universitaires au Québec et en France (Sociology, demography and related fields);RDF50;Social sciences;0.9330092668533325;RDF504;Sociology and related studies;0.9961365461349487;RDF503;Education;0.4015374481678009;RDF507;Social and economic geography;0.25050079822540283
951;L'impact de la rémunération tangible et intangible sur le roulement volontaire dans le secteur des TIC au Canada : une approche multiniveaux et longitudinale (Business, management and related fields);RDF20-21;Engineering and technology;0.3673125207424164;RDF203;Electrical engineering, computer engineering, and information engineering;0.6444392204284668;RDF202;Industrial, systems and processes engineering;0.32443416118621826;RDF201;Civil engineering, maritime engineering, transport engineering, and mining engineering;0.006551538128405809
952;The Axolotl a model for vertebrate limb regeneration (Genes, Cells and Molecules);RDF10;Natural sciences;0.6081819534301758;RDF106;Biological sciences;0.9374668598175049;RDF107;Other natural sciences;0.2682684361934662;RDF104;Chemical sciences;0.16453421115875244
953;Microglial fatty acid signalling as a modulator of diet-induced neuroimmune responses in obesity (Diabetes, Obesity, Lipid & Lipoprotein Disorders);RDF10;Natural sciences;0.5299679636955261;RDF106;Biological sciences;0.6133589744567871;RDF107;Other natural sciences;0.040545981377363205;RDF104;Chemical sciences;0.00018739629012998194
954;Diversity and resilience of plant communities in isolated ecosystems (Evolution and Ecology);RDF10;Natural sciences;0.7099037170410156;RDF105;Earth and related environmental sciences;0.9736686944961548;RDF106;Biological sciences;0.817407488822937;RDF107;Other natural sciences;0.2663450837135315
955;Dynamic protein interaction networks to map molecular origins of envronmental and genomic variations (Genes, Cells and Molecules);RDF10;Natural sciences;0.5540802478790283;RDF106;Biological sciences;0.9395418763160706;RDF104;Chemical sciences;0.7551383972167969;RDF105;Earth and related environmental sciences;0.6978537440299988
956;Greening Social Work in Quebec: Exploring the Intersections of Environmental-Ecological Notions in Social Work Theory, Education, and Practice (Education and social work);RDF50;Social sciences;0.33245763182640076;RDF503;Education;0.676486074924469;RDF504;Sociology and related studies;0.0013034844305366278;RDF509;Other social sciences;0.00015993282431736588
957;L'oeuvre d'art comme «analyseur»: en quête d'une méthodologie (Fine arts, research-creation);RDF60;Humanities and the arts;0.4412049353122711;RDF604;Arts (arts, history of arts, performing arts, music), architecture and design;0.38431593775749207;RDF605;Other humanities;0.2940320670604706;RDF603;Philosophy;0.0016993870958685875
958;Control of bacterial cell shape through cell-wall remodeling (Microbiology & Infectious Diseases);RDF10;Natural sciences;0.6448501944541931;RDF106;Biological sciences;0.9696802496910095;RDF107;Other natural sciences;0.06878677010536194;RDF105;Earth and related environmental sciences;0.0003278215881437063
959;Role and therapeutic potential of the atypical MAP kinase ERK3 in basal-like breast cancer progression (Molecular & Cellular Biology of Cancer);RDF30;Medical, health and life sciences;0.5468236804008484;RDF301;Basic medicine and life sciences;0.9937721490859985;RDF304;Medical biotechnology;0.7133739590644836;RDF305;Other medical sciences;0.00361117091961205
960;Personnalisation en temps réel d'interface en fonction de la charge cognitive des utilisateurs (Civil, Industrial and Systems Engineering);RDF20-21;Engineering and technology;0.9970635771751404;RDF202;Industrial, systems and processes engineering;0.504989504814148;RDF201;Civil engineering, maritime engineering, transport engineering, and mining engineering;0.1379174441099167;RDF203;Electrical engineering, computer engineering, and information engineering;0.011560584418475628
961;The I-Care project : Assessing the impact of a multimodal childcare-based intervention to prevent disruptive behaviour problems in children (Psychology);RDF50;Social sciences;0.4240949749946594;RDF508;Media and communications;0.675553023815155;RDF501;Psychology and cognitive sciences;0.5870248675346375;RDF509;Other social sciences;0.0016552285524085164
962;Inter-individual variability in cognitive aging: Neural mechanisms, reserve processes and malleability of neuroprotective processes (Biological Systems and Functions);RDF10;Natural sciences;0.6478840708732605;RDF106;Biological sciences;0.764247715473175;RDF107;Other natural sciences;0.049401894211769104;RDF103;Physical sciences;4.809434904018417e-05
963;Maternal immune cells mediated endothelial activation in preeclampsia (Clinical Investigation – Reproduction, Maternal, Child and Youth Health);RDF30;Medical, health and life sciences;0.9145098924636841;RDF302;Clinical medicine;0.7692358493804932;RDF303;Health sciences;0.7420857548713684;RDF304;Medical biotechnology;0.4646031856536865
964;Projet 'Parité sciences';RDF50;Social sciences;0.5570944547653198;RDF501;Psychology and cognitive sciences;0.5218630433082581;RDF506;Political science and policy administration;0.03261684253811836;RDF509;Other social sciences;0.007329398300498724
965;A Pragmatic Randomized Clinical Trial on Immersive Virtual Reality Compared to Non-Immersive Distraction Using a Tablet for Pain and Anxiety Management of Children During Bone Pins and Sutures Removal in Orthopedic Clinics (Clinical Investigation – Reproduction, Maternal, Child and Youth Health);RDF30;Medical, health and life sciences;0.866641640663147;RDF302;Clinical medicine;0.9675237536430359;RDF304;Medical biotechnology;0.05772910639643669;RDF303;Health sciences;0.02639082260429859
966;IMAGE-GUIDED INJECTION WITH A HIGH-RESOLUTION ULTRASOUND SYSTEM ADAPTED FOR RODENT USE (Genes, Cells and Molecules);RDF30;Medical, health and life sciences;0.3799983263015747;RDF304;Medical biotechnology;0.9937578439712524;RDF301;Basic medicine and life sciences;0.9384266138076782;RDF303;Health sciences;0.5339069962501526
967;Quantum theory and applications (Physics);RDF10;Natural sciences;0.8153569102287292;RDF103;Physical sciences;0.998017430305481;RDF107;Other natural sciences;0.2789044976234436;RDF102;Computer and information sciences;0.00011408222781028599
968;Cardioprotective effect of a cyclic azapeptide ligand of CD36 against ischemia-reperfusion damage and dysfunction in mice (Cardiovascular System – Heart and Circulation);RDF10;Natural sciences;0.7949285507202148;RDF106;Biological sciences;0.21359167993068695;RDF107;Other natural sciences;0.02208086848258972;RDF104;Chemical sciences;8.878805238055065e-05
969;The Mobile health for Kids with Asthma (MoKA) study: predicting exacerbations through multimodal data and machine learning;RDF30;Medical, health and life sciences;0.6723335385322571;RDF303;Health sciences;0.9597256183624268;RDF304;Medical biotechnology;0.6732115745544434;RDF305;Other medical sciences;0.07612402737140656
970;Towards a multi-trajectory understanding of intimate partner homicide (Psychology, linguistics and translation);RDF50;Social sciences;0.44116973876953125;RDF509;Other social sciences;0.5068325400352478;RDF501;Psychology and cognitive sciences;0.027607832103967667;RDF504;Sociology and related studies;0.00048456399235874414
971;Predicting future primary psychotic disorders in youth with methamphetamine-psychosis disorder (Methamphetamine and related psychostimulant use);RDF30;Medical, health and life sciences;0.4386214315891266;RDF302;Clinical medicine;0.6591747403144836;RDF303;Health sciences;0.05307066813111305;RDF301;Basic medicine and life sciences;0.000854934798553586
972;The MYC/MIZ-1 complex in germinal center B cells and B cell lymphomagenesis;RDF10;Natural sciences;0.647081196308136;RDF106;Biological sciences;0.8526027798652649;RDF107;Other natural sciences;0.03393694758415222;RDF104;Chemical sciences;0.0055320970714092255
973;Nouvelle méthodologie prenant en compte les hydrogrammes probabilistes de rupture de barrages par temps sec pour déterminer les vraies zones à risque tenant compte du recul des berges et de l'érosion fluviale (Civil, Industrial and Systems Engineering);RDF20-21;Engineering and technology;0.9959126710891724;RDF208;Environmental engineering and related engineering;0.9979171752929688;RDF201;Civil engineering, maritime engineering, transport engineering, and mining engineering;0.6203407049179077;RDF202;Industrial, systems and processes engineering;0.6115476489067078
974;Interpretable Decision Processes in Data-Driven Supply Chains;RDF10;Natural sciences;0.24952273070812225;RDF102;Computer and information sciences;0.6874431371688843;RDF101;Mathematics and statistics;0.22381190955638885;RDF104;Chemical sciences;0.0025047603994607925
975;Central control of energy homeostasis by neuronal adipose triglyceride lipase (Diabetes, Obesity, Lipid & Lipoprotein Disorders);RDF10;Natural sciences;0.6513977646827698;RDF106;Biological sciences;0.7370781898498535;RDF107;Other natural sciences;0.1857781559228897;RDF105;Earth and related environmental sciences;0.00023794951266609132
976;Les cybryontes et l'anthropocène: Des conditions de possibilité de nouvelles symbioses (Fine Arts, Research-Creation);RDF60;Humanities and the arts;0.9926341772079468;RDF605;Other humanities;0.8081288933753967;RDF604;Arts (arts, history of arts, performing arts, music), architecture and design;0.6843774914741516;RDF602;Languages and literature;0.0011918486561626196
977;L'Insécurité au Sahel et ses Effets sur l'Accès des Services de Santé (ISEASS);RDF30;Medical, health and life sciences;0.8615831136703491;RDF303;Health sciences;0.9910206198692322;RDF301;Basic medicine and life sciences;0.7608324289321899;RDF302;Clinical medicine;0.10841753333806992
978;Advanced reagent delivery systems for microfluidics (Materials and Chemical Engineering);RDF20-21;Engineering and technology;0.9935914874076843;RDF205;Chemical engineering;0.9688887000083923;RDF210;Industrial biotechnology;0.4288877546787262;RDF212;Other engineering and technologies;0.09853531420230865
979;Generative models for 3D textures (Computer Science);RDF20-21;Engineering and technology;0.44627928733825684;RDF212;Other engineering and technologies;0.08160823583602905;RDF203;Electrical engineering, computer engineering, and information engineering;0.00021322561951819807;RDF201;Civil engineering, maritime engineering, transport engineering, and mining engineering;7.249814370879903e-05
980;The many paths to ecological network inference: reconciling machine learning, empirical data, and ecological knowledge (Evolution and Ecology);RDF10;Natural sciences;0.642281711101532;RDF102;Computer and information sciences;0.6354964971542358;RDF105;Earth and related environmental sciences;0.175186425447464;RDF106;Biological sciences;0.025471001863479614
981;Social environment and functioning of adolescents born pre-term (Social & Developmental Aspects of Children's & Youth's Health);RDF50;Social sciences;0.3449781835079193;RDF501;Psychology and cognitive sciences;0.18868453800678253;RDF504;Sociology and related studies;0.16436246037483215;RDF509;Other social sciences;0.06943940371274948
982;Beyond socioeconomic disadvantages: Deepening our understanding of structural inequalities in disparate child protection involvement (Education and social work);RDF50;Social sciences;0.24197199940681458;RDF503;Education;0.7806703448295593;RDF504;Sociology and related studies;0.03839976340532303;RDF507;Social and economic geography;0.000874056713655591
983;Uncovering tumor specific antigens and vulnerabilities in ETP-acute lymphoblastic leukemia;RDF10;Natural sciences;0.5671193599700928;RDF106;Biological sciences;0.9828398823738098;RDF107;Other natural sciences;0.1794218122959137;RDF104;Chemical sciences;0.008467370644211769
984;Démystifier les mathématiques;RDF20-21;Engineering and technology;0.6273720264434814;RDF202;Industrial, systems and processes engineering;0.07788246124982834;RDF201;Civil engineering, maritime engineering, transport engineering, and mining engineering;0.0013614683412015438;RDF203;Electrical engineering, computer engineering, and information engineering;0.000842631736304611
985;Defining interrelationships between brain region-specific structural plasticity and sleep electrophysiology via the integration of sex and learning (Behavioural Sciences – Neurobiological Basis of Behavioural Processes);RDF10;Natural sciences;0.40931084752082825;RDF106;Biological sciences;0.005702307913452387;RDF107;Other natural sciences;0.0006015846156515181;RDF103;Physical sciences;8.894254278857261e-05
986;Becoming an adult in changing times: Struggles and resilience among youth who entered adulthood without a high school diploma (Education and social work);RDF50;Social sciences;0.6663109064102173;RDF503;Education;0.9138156175613403;RDF504;Sociology and related studies;0.26704853773117065;RDF509;Other social sciences;0.0021540289744734764
987;The just organization (Business, management and related fields);RDF10;Natural sciences;0.20314964652061462;RDF101;Mathematics and statistics;0.000126792278024368;RDF104;Chemical sciences;0.00010606357682263479;RDF102;Computer and information sciences;0.00010153297625947744
988;Exploring the use of temporal cues for the optimization of speech processing, perception, and comprehension (Mechanical Engineering);RDF20-21;Engineering and technology;0.9923103451728821;RDF204;Mechanical engineering;0.9995723962783813;RDF212;Other engineering and technologies;0.10103939473628998;RDF202;Industrial, systems and processes engineering;0.010343492031097412
989;PICO Search for Dark Matter with Bubble Chambers (Subatomic Physics);RDF10;Natural sciences;0.5009199976921082;RDF103;Physical sciences;0.9912503361701965;RDF107;Other natural sciences;0.17570187151432037;RDF104;Chemical sciences;6.0005932027706876e-05
990;Is quantitative research in political science credible? (Political science and public administration);RDF50;Social sciences;0.7558849453926086;RDF506;Political science and policy administration;0.9969813823699951;RDF509;Other social sciences;0.07008762657642365;RDF504;Sociology and related studies;0.0004966126289218664
991;The hardening of soft information in financial markets;RDF20-21;Engineering and technology;0.4352404475212097;RDF203;Electrical engineering, computer engineering, and information engineering;0.13669314980506897;RDF212;Other engineering and technologies;0.03632880747318268;RDF211;Nano-technology;0.001667680568061769
992;From micro- to macro-reentries in discrete multiscale mathematical models of atrial tissue (Genes, Cells and Molecules);RDF10;Natural sciences;0.4221513867378235;RDF106;Biological sciences;0.8132538795471191;RDF103;Physical sciences;0.7003747224807739;RDF101;Mathematics and statistics;0.5108646750450134
993;Mapping scientific consensus in the age of misinformation;RDF10;Natural sciences;0.5643717646598816;RDF103;Physical sciences;0.8002693057060242;RDF106;Biological sciences;0.7297481894493103;RDF101;Mathematics and statistics;0.7247242331504822
994;The role of RGS9 in pancreatic islet function (Biological Systems and Functions);RDF10;Natural sciences;0.5459817051887512;RDF106;Biological sciences;0.8472657799720764;RDF107;Other natural sciences;0.01684754714369774;RDF105;Earth and related environmental sciences;0.00013504127855412662
995;La diversité dans les équipes de travail: le rôle des perceptions des membres (Psychology);RDF50;Social sciences;0.8311502933502197;RDF501;Psychology and cognitive sciences;0.8953199982643127;RDF509;Other social sciences;0.5834742784500122;RDF503;Education;0.009722682647407055
996;Real-time Control of Decoded Brain Activity Using Artificial Neural Networks (Biological Systems and Functions);RDF20-21;Engineering and technology;0.4868505001068115;RDF207;Medical and biomedical engineering;0.5100979208946228;RDF201;Civil engineering, maritime engineering, transport engineering, and mining engineering;0.19374874234199524;RDF212;Other engineering and technologies;0.12758171558380127
997;Conférence internationale et publication « Logement : crises partout, justice nulle part ! ». Coconstruire et mutualiser les savoirs;RDF60;Humanities and the arts;0.3086628019809723;RDF604;Arts (arts, history of arts, performing arts, music), architecture and design;0.6149864792823792;RDF605;Other humanities;0.5247673392295837;RDF601;History, archaeology and related studies;0.47598928213119507
998;Verdir les chantiers de construction par l'adoption des comportements écoresponsables : une étude de cas du secteur non résidentiel;RDF20-21;Engineering and technology;0.6118667125701904;RDF208;Environmental engineering and related engineering;0.8933724761009216;RDF212;Other engineering and technologies;0.7452598214149475;RDF202;Industrial, systems and processes engineering;0.5746480822563171
999;Highly Entangled Quantum Matter;RDF10;Natural sciences;0.7295122742652893;RDF103;Physical sciences;0.7629122138023376;RDF107;Other natural sciences;0.28483685851097107;RDF104;Chemical sciences;0.01840059831738472
1000;Usinage intelligent des composants d'aéronefs de haute précision (UICAP);RDF20-21;Engineering and technology;0.9814400672912598;RDF208;Environmental engineering and related engineering;0.6727296710014343;RDF204;Mechanical engineering;0.6714105010032654;RDF202;Industrial, systems and processes engineering;0.33865782618522644
1001;Socialness in the Digital Economy: Supporting Meaningful Work through Enterprise Social Media;RDF50;Social sciences;0.4540555477142334;RDF508;Media and communications;0.9951921701431274;RDF504;Sociology and related studies;0.7314824461936951;RDF502;Economics and business administration;0.4662097096443176
1002;Proactive prescription-based fluid management vs usual care in critically ill patients on Kidney Replacement Therapy;RDF30;Medical, health and life sciences;0.6021375060081482;RDF302;Clinical medicine;0.9904364943504333;RDF303;Health sciences;0.6031574606895447;RDF301;Basic medicine and life sciences;0.5395641922950745
1003;Safe and selective anti-parasite therapy targeting ribosome and glycosome function (Pharmaceutical Sciences);RDF30;Medical, health and life sciences;0.7338353991508484;RDF304;Medical biotechnology;0.9984225630760193;RDF302;Clinical medicine;0.012975628487765789;RDF303;Health sciences;0.0065247006714344025
1004;Rational Integration of Molecular and surface interactions for lubricating, adhesive and high penetration soft materials (Materials and Chemical Engineering);RDF20-21;Engineering and technology;0.9933743476867676;RDF205;Chemical engineering;0.9950993657112122;RDF206;Materials engineering and resources engineering;0.5883291959762573;RDF211;Nano-technology;0.09382061660289764
1005;Comprendre les antécédents et les conséquences d'une gestion algorithmique transparente, juste et habilitante;RDF20-21;Engineering and technology;0.5933792591094971;RDF202;Industrial, systems and processes engineering;0.5190050601959229;RDF208;Environmental engineering and related engineering;0.2910984456539154;RDF203;Electrical engineering, computer engineering, and information engineering;0.2815752923488617
1006;Sustainable Healthy Cities: The Interplay between Urban Interventions, Gentrification, and Population Health (Public, Community & Population Health);RDF30;Medical, health and life sciences;0.37493976950645447;RDF303;Health sciences;0.0013209348544478416;RDF305;Other medical sciences;9.926350321620703e-05;RDF304;Medical biotechnology;3.8390204281313345e-05
1007;Regards croisés sur les conditions de travail, les politiques publiques et la résistance: récits de vie de travailleurs et travailleuses pauvres au Canada, en Inde et au Brésil (Sociology, demography and related fields);RDF50;Social sciences;0.795822262763977;RDF504;Sociology and related studies;0.9973521828651428;RDF507;Social and economic geography;0.14330238103866577;RDF509;Other social sciences;0.05767979100346565
1008;Examining the effectiveness of AI-powered health technology to improve self management of mental health and reduce inequities in mental health care;RDF30;Medical, health and life sciences;0.3531283438205719;RDF304;Medical biotechnology;0.3665210008621216;RDF303;Health sciences;0.16574503481388092;RDF302;Clinical medicine;0.0035226475447416306
1009;Probing the Particle Nature of Dark Matter with Strong Gravitational Lensing (Physics);RDF10;Natural sciences;0.3126288056373596;RDF103;Physical sciences;0.9964818358421326;RDF107;Other natural sciences;0.0798763632774353;RDF104;Chemical sciences;1.95060911210021e-05
1010;Large reductions in arterial CARbon dioxide and development of acute Brain Injury in invasively mechanically ventilated patients with acute respiratory failure (CARBI);RDF30;Medical, health and life sciences;0.5655580163002014;RDF301;Basic medicine and life sciences;0.04155072569847107;RDF302;Clinical medicine;0.029871558770537376;RDF304;Medical biotechnology;0.0030497813131660223
1011;Investigating Intercommunications of Glioblastoma with Brain Microenvironment using 3D Organoid (Genes, Cells and Molecules);RDF10;Natural sciences;0.5418049693107605;RDF106;Biological sciences;0.9600335955619812;RDF103;Physical sciences;0.3598853349685669;RDF107;Other natural sciences;0.21071673929691315
1012;Autonomous Deep Learning for AI (Computer Science);RDF20-21;Engineering and technology;0.6735532283782959;RDF212;Other engineering and technologies;0.055461350828409195;RDF203;Electrical engineering, computer engineering, and information engineering;0.0007759641739539802;RDF202;Industrial, systems and processes engineering;4.196307418169454e-05
1013;Supply Chain Analytics under Disruptive Uncertainty (Civil, Industrial and Systems Engineering);RDF20-21;Engineering and technology;0.9964728951454163;RDF202;Industrial, systems and processes engineering;0.7054110765457153;RDF201;Civil engineering, maritime engineering, transport engineering, and mining engineering;0.11093207448720932;RDF212;Other engineering and technologies;0.005754438228905201
1014;Concevoir et développer des outils d'appréciation et de réduction des risques physiques au travail liés aux équipements;RDF20-21;Engineering and technology;0.9275229573249817;RDF207;Medical and biomedical engineering;0.7708948254585266;RDF204;Mechanical engineering;0.7252110242843628;RDF208;Environmental engineering and related engineering;0.7041006684303284
1015;Reaction Mechanisms and Methodology for the Design and Synthesis of Bioactive Agents (Chemistry);RDF30;Medical, health and life sciences;0.3497347831726074;RDF304;Medical biotechnology;0.6930464506149292;RDF301;Basic medicine and life sciences;0.5951575636863708;RDF302;Clinical medicine;0.00820166151970625
1016;Algebraic methods for lattice models of statistical physics (Mathematics and Statistics);RDF10;Natural sciences;0.6821007132530212;RDF101;Mathematics and statistics;0.9982589483261108;RDF103;Physical sciences;0.9276446104049683;RDF107;Other natural sciences;0.025364693254232407
1017;Optimisation et développement de technologies de déphosphatation des eaux usées;RDF20-21;Engineering and technology;0.9687099456787109;RDF208;Environmental engineering and related engineering;0.9979480504989624;RDF209;Environmental biotechnology;0.8588111400604248;RDF205;Chemical engineering;0.8335483074188232
1018;The Eastern Canada Preparedness Hub - ECaPH;RDF30;Medical, health and life sciences;0.41426482796669006;RDF301;Basic medicine and life sciences;0.014484528452157974;RDF305;Other medical sciences;0.0005195799167267978;RDF304;Medical biotechnology;0.0004342658503446728
1019;On chip optical microresonators for light emission, manipulation & sensing (Electrical and Computer Engineering);RDF20-21;Engineering and technology;0.9970561861991882;RDF203;Electrical engineering, computer engineering, and information engineering;0.9982272386550903;RDF211;Nano-technology;0.4793621897697449;RDF212;Other engineering and technologies;0.28225263953208923
1020;Kushpitau ! (montons en territoire);RDF20-21;Engineering and technology;0.29487404227256775;RDF208;Environmental engineering and related engineering;0.8145668506622314;RDF202;Industrial, systems and processes engineering;0.4735308885574341;RDF209;Environmental biotechnology;0.391543447971344
1021;"Hardware support for reliable networking; from protocols to accelerators (Electrical and Computer Engineering)";RDF20-21;Engineering and technology;0.9978749752044678;RDF203;Electrical engineering, computer engineering, and information engineering;0.9970383048057556;RDF212;Other engineering and technologies;0.24114897847175598;RDF211;Nano-technology;0.00015756519860588014
1022;Documentary Activism by Migrant Filmmakers from Cuba and Venezuela (2013-2023) (Fine arts, research-creation);RDF60;Humanities and the arts;0.7661246061325073;RDF605;Other humanities;0.8259848952293396;RDF604;Arts (arts, history of arts, performing arts, music), architecture and design;0.0008596357074566185;RDF601;History, archaeology and related studies;0.00012126421643188223
1023;Investigating the role of notochord defects in the etiopathogenesis of congenital scoliosis;RDF10;Natural sciences;0.6407346725463867;RDF106;Biological sciences;0.8588289618492126;RDF107;Other natural sciences;0.18042854964733124;RDF103;Physical sciences;0.006641669664531946
