INFO:__main__:Grant #1 classification DONE			Quelles sont les mathématiques utilisées par les ingénieurs au quotidien? Une étude sur les pratiques des ingénieurs pour déterminer leurs besoins mathématiques (Education and social work)
INFO:__main__:Grant #2 classification DONE			High-tech paper: Security printing and the aesthetics of trust (Communications, media studies, gender studies, library and information science, related fields)
INFO:__main__:Grant #3 classification DONE			Integrin Alpha8 is a novel mediator of T lymphocyte migration across the CNS barriers (Systems & Circuits Neurosciences)
INFO:__main__:Grant #4 classification DONE			Growing up trans: A qualitative, international, and longitudinal investigation of trans youth access to gender affirming medical care, gender affirmation and well-being (Social & Developmental Aspects of Children's & Youth's Health)
INFO:__main__:Grant #5 classification DONE			Programmable DNA-based switches and nanomachines for sensing and drug delivery applications (Chemistry)
INFO:__main__:Grant #6 classification DONE			Interactions between attention, perception and reaching movements (Biological Systems and Functions)
INFO:__main__:Grant #7 classification DONE			Design and Management of Fog Networks (Computer Science)
INFO:__main__:Grant #8 classification DONE			Polymer Porous Fibrous Structures with Antiviral Properties (Materials and Chemical Engineering)
INFO:__main__:Grant #9 classification DONE			L'art Noir: cartographies for an emerging field (Multidisciplinary or interdisciplinary humanities)
INFO:__main__:Grant #10 classification DONE			System Identification of Human Postural Control: A Multimodal Sensory Stimulation Approach for Diagnosing Balance Disorders
INFO:__main__:Grant #11 classification DONE			Transitioning patients with advanced chronic kidney disease to home or facility dialysis: understanding the experience and quality of life for patients and their caregivers (TRANSIT-CARE)
INFO:__main__:Grant #12 classification DONE			Tenrikyo and the Rise and Fall of New Religions in Japan (Philosophy, medieval studies, classics, religious)
INFO:__main__:Grant #13 classification DONE			Systems biology of size control in eukaryotes (Genes, Cells and Molecules)
INFO:__main__:Grant #14 classification DONE			Drop-based microfluidics (DBM) for single cell studies and ultrahigh-throughput phenotypic screens and lab evolution (Genes, Cells and Molecules)
INFO:__main__:Grant #15 classification DONE			Neural repair in glaucoma: the role of insulin signaling (Cell Biology – Disease)
INFO:__main__:Grant #16 classification DONE			Impacts des mesures de protection contre la COVID-19 sur la communication des personnes malentendantes
INFO:__main__:Grant #17 classification DONE			Mixité sociale et scolaire en classe : perception des exigences professionnelles des étudiant·e·s en formation à l'enseignement au Québec et en Suisse (Education and social work)
INFO:__main__:Grant #18 classification DONE			Discharges at/near gas-liquid and liquid-liquid interfaces: fundamental investigation and application in liquid processing and nanomaterial synthesis (Physics)
INFO:__main__:Grant #19 classification DONE			Fully-Lagrangian three-dimensional modelling of river ice jam initiation
INFO:__main__:Grant #20 classification DONE			Juger l'homosexualité, attribuer l'asile: le traitement des demandes d'asile OSIG au Canada (Political science and public administration)
INFO:__main__:Grant #21 classification DONE			Intentions or affect: Which is a key driver of physical activity? Using ecological momentary assessment to understand the intention-behaviour gap in schizophrenia spectrum disorders (Multidisciplinary or interdisciplinary social sciences)
INFO:__main__:Grant #22 classification DONE			Biophysical and genetic control of root growth
INFO:__main__:Grant #23 classification DONE			Open-source numerical strategy for the analysis and redesign of turbomachine blades accounting for nonlinear structural interactions
INFO:__main__:Grant #24 classification DONE			Application of Boltzmann Transport Equation solutions to nuclear reactor physics and radiotherapy applications (Physics)
INFO:__main__:Grant #25 classification DONE			La théorie des graphes : analyse structurelle, algorithmique et applications dans les sciences de l'ingénieur
INFO:__main__:Grant #26 classification DONE			Interdisciplinary Canadian Collaborative ME Research Network
INFO:__main__:Grant #27 classification DONE			La nouvelle politique de la redistribution (Political science and public administration)
INFO:__main__:Grant #28 classification DONE			Extracellular vesicles and their miR cargo to enhance ischemia-induced neovascularization in peripheral artery disease (Cardiovascular System – Vascular System)
INFO:__main__:Grant #29 classification DONE			Low-Dimensional Organic Materials for Energy, Electronic and Environment Applications
INFO:__main__:Grant #30 classification DONE			Histone protein supply and demand: life on a knife's edge (Genes, Cells and Molecules)
INFO:__main__:Grant #31 classification DONE			Bayesian deep-learning prediction with sparse graphs (Mathematics and Statistics)
INFO:__main__:Grant #32 classification DONE			At the Edge of Soft Power: French Saint-Simonians and Nineteenth-Century Visions of Development (History)
INFO:__main__:Grant #33 classification DONE			Random walks on random graphs in high dimensions (Mathematics and Statistics)
INFO:__main__:Grant #34 classification DONE			Roles, mechanisms of action and regulation of Hippo signaling in the testis (Biological Systems and Functions)
INFO:__main__:Grant #35 classification DONE			The role of the TGFB-SOX9 signaling pathway in brain angiogenesis (Biological Systems and Functions)
INFO:__main__:Grant #36 classification DONE			A randomized controlled trial comparing Virtual Reality Therapy to Supportive Therapy to reduce cannabis use in patients with psychotic disorders
INFO:__main__:Grant #37 classification DONE			Le contrat didactique en sciences humaines au primaire : mieux comprendre les pratiques enseignantes et leurs effets sur l'apprentissage (Education and social work)
INFO:__main__:Grant #38 classification DONE			Impact of insects by-products and phytogenics on the piglet's intestinal health
INFO:__main__:Grant #39 classification DONE			Response of the continental water cycle to greenhouse warming: evaluating, understanding and constraining Earth System Model projections (Geosciences)
INFO:__main__:Grant #40 classification DONE			Why Do Green Products Suffer from Low Consumer Preference? An Explanation Based on Ease of Benefit Visualization and Price Fairness Perceptions
INFO:__main__:Grant #41 classification DONE			Architecture comme tissu spatial et social: perspectives japonaises pour promouvoir les relations multi échelles (Geography, urban planning and related fields)
INFO:__main__:Grant #42 classification DONE			Femmes mémorialistes sous l'Ancien Régime (XVIe-XVIIIe siècles)
INFO:__main__:Grant #43 classification DONE			Répit Une Heure pour Moi : Ethnographie ciblée d'un programme de soutien familial à domicile pour les familles dont un enfant a des problèmes de santé mentale
INFO:__main__:Grant #44 classification DONE			The ethical challenges of Artificial Intelligence for start-ups
INFO:__main__:Grant #45 classification DONE			Integrating impacts from marine plastics in Life Cycle Assessment (Civil, Industrial and Systems Engineering)
INFO:__main__:Grant #46 classification DONE			A Semantic Parsing Approach to Open-world Knowledge Graph Question Answering
INFO:__main__:Grant #47 classification DONE			Appropriation et déploiement d'une approche pédagogique antiraciste chez des formateurs en sciences de la santé (Indigenous research)
INFO:__main__:Grant #48 classification DONE			Pathways for the digital economy: Adolescent digital literacies and InstaPoetry
INFO:__main__:Grant #49 classification DONE			Les discours en matière de pauvreté dans les revues scientifiques francophones du travail social : ce qu'ils nous disent du travail social et de ses rapports à la science et à la théorie (Multidisciplinary or interdisciplinary social sciences)
INFO:__main__:Grant #50 classification DONE			Bilingualism and attentional processes in the age and language proficiency continuum (Biological Systems and Functions)
INFO:__main__:Grant #51 classification DONE			Arts de la scène, innovations technologiques et clowns pour le renouvellement de l'opéra
INFO:__main__:Grant #52 classification DONE			"Domestic art galleries" in Cuba, Russia, and China after 1989: a(n) (imagined) trans-socialist network (Fine Arts, Research-Creation)
INFO:__main__:Grant #53 classification DONE			Advancing the understanding of fundamental principles of motor control (Biological Systems and Functions)
INFO:__main__:Grant #54 classification DONE			Impact Award: Insight
INFO:__main__:Grant #55 classification DONE			New Methods for the Stereoselective Synthesis of Organic Compounds (Chemistry)
INFO:__main__:Grant #56 classification DONE			Capturer le rythme de la vie moderne : le montage rapide comme symptôme et modèle pour les sociétés du début du XXe siècle jusqu'à aujourd'hui (Fine Arts, Research-Creation)
INFO:__main__:Grant #57 classification DONE			Environnement, médias, archives : une anatomie contemporaine de la mélancolie et de la nostalgie (Fine Arts, Research-Creation)
INFO:__main__:Grant #58 classification DONE			Multimode determination of gene transcription and metabolic labeling (Genes, Cells and Molecules)
INFO:__main__:Grant #59 classification DONE			SLAMF7 in innate immune cells and anti-cancer immunotherapy
INFO:__main__:Grant #60 classification DONE			À votre service : figures ambivalentes du care dans le Roman français de 1870 à 1945 (Literature)
INFO:__main__:Grant #61 classification DONE			Using a point-of-care electrophysiological method to study the impact of neuro-sacral function on recovery after acute spinal cord injury
INFO:__main__:Grant #62 classification DONE			Local intersectoral networks and institutional transformations: how can local actors promote social innovations? (Education)
INFO:__main__:Grant #63 classification DONE			Plasma biomarkers of Alzheimer's disease in insomnia before and after cognitive behavioral therapy for insomnia
INFO:__main__:Grant #64 classification DONE			Developing algorithm aided fabrication methods for polyhedral structures (Civil, Industrial and Systems Engineering)
INFO:__main__:Grant #65 classification DONE			SARS-CoV-2 Spike conformation: impact on Fc-mediated effector functions (Virology & Viral Pathogenesis)
INFO:__main__:Grant #66 classification DONE			Questions in number theory (Mathematics and Statistics)
INFO:__main__:Grant #67 classification DONE			The mammalian target of rapamycin provides the female rodent heart sex-dependent resistance to ischemic damage (Gender, Sex & Health)
INFO:__main__:Grant #68 classification DONE			The CAnadian Mother-ChIld COLlaborative Training Platform - The CAMCCO-L Training Platform (Health Research Training Platform)
INFO:__main__:Grant #69 classification DONE			Life course body fatness and physical activity, and ovarian cancer etiology (Gender, Sex & Health)
INFO:__main__:Grant #70 classification DONE			Modeling cue-triggered relapse to cocaine use in rats (Behavioural Sciences – Neurobiological Basis of Behavioural Processes)
INFO:__main__:Grant #71 classification DONE			Exploring emotional underpinnings of audit work amidst the rise of the digital age
INFO:__main__:Grant #72 classification DONE			Moving towards culturally safe services for Indigenous people in forensic mental health: A Partnership Development Programme
INFO:__main__:Grant #73 classification DONE			Development of functional language brain networks: a multimodal neuroimaging approach (Physics)
INFO:__main__:Grant #74 classification DONE			Une deuxième peau à vif: vêtement, genre et violence dans la Bible hébraïque (Philosophy, medieval studies, classics, religious)
INFO:__main__:Grant #75 classification DONE			Social Innovation through Participatory Art and Design with Youth at the Margins - Solutions for Engaging and Empowering Youth with Trans-Atlantic Mirroring (Social Innovation)
INFO:__main__:Grant #76 classification DONE			Assessment of renal function in adults born preterm: The HAPI-Kidney study (Clinical Investigation – Reproduction, Maternal, Child and Youth Health)
INFO:__main__:Grant #77 classification DONE			Unveiling the Role of Cellular Aging in Postmenopausal Syndrome: Rationale for Senolytic-Based Strategies to Enhance Women's Health
INFO:__main__:Grant #78 classification DONE			Optimizing the Ageing Brain? Situating Ethical Aspects of Dementia Prevention (BEAD)
INFO:__main__:Grant #79 classification DONE			Multicommunicating during team meetings and its effect on team functioning
INFO:__main__:Grant #80 classification DONE			Transitioning from late adolescence into emerging adulthood: The role of past and current parenting (Psychology)
INFO:__main__:Grant #81 classification DONE			Plateforme intégrée de caractérisation expérimentale/numérique pour la conception de matériaux poreux innovants (Mechanical Engineering)
INFO:__main__:Grant #82 classification DONE			How Peers in Healthcare Teams Transform Homelessness Prevention and Care Practices: A Participatory Multiple Case Study
INFO:__main__:Grant #83 classification DONE			Online stochastic optimization for dynamic operations management systems (Civil, Industrial and Systems Engineering)
INFO:__main__:Grant #84 classification DONE			Assessing latent-structure models in natural language processing with artificial datasets (Computer Science)
INFO:__main__:Grant #85 classification DONE			Electroactive Self-Assembled Monolayers: Putting Surface-Confined Redox Reactions to Work (Chemistry)
INFO:__main__:Grant #86 classification DONE			Role of SCPPPQ1, a junctional epithelium protein, in maintaining periodontal integrity and health (Clinical Investigation – Arthritis, Bone, Skin and Cartilage)
INFO:__main__:Grant #87 classification DONE			What dreams may come: How cinema shapes the language, experience, and images of dreaming (Multidisciplinary or interdisciplinary social sciences)
INFO:__main__:Grant #88 classification DONE			Supramolecular strategies to target cellular membranes (Chemistry)
INFO:__main__:Grant #89 classification DONE			Geopolitics, bargaining, and firm selection along the Belt and Road
INFO:__main__:Grant #90 classification DONE			Role of neuron-glia interactions in sensori-motor integration in mastication (Movement & Exercise)
INFO:__main__:Grant #91 classification DONE			Dual-Energy Cone-Beam CT as an online quantitative imaging modality for adaptive radiotherapy (Physics)
INFO:__main__:Grant #92 classification DONE			Le "patient expert": enjeux épistémiques et normatifs (Philosophy, medieval studies, classics, religious)
INFO:__main__:Grant #93 classification DONE			Les données numériques en santé: peut-on bâtir la confiance
INFO:__main__:Grant #94 classification DONE			Role of ARF1 as a key GTPAse regulating immune surveillance in breast cancer
INFO:__main__:Grant #95 classification DONE			Critical Replacement of Thermogravimetric Analyzer to Leverage Materials Discovery and Innovation (Chemistry)
INFO:__main__:Grant #96 classification DONE			Partnering with Canadian Youth to Co-Design a Toolkit to Support Youth who Experience Climate-Related Distress
INFO:__main__:Grant #97 classification DONE			Family Acculturation: Identity, Legitimacy, and the Marketplace
INFO:__main__:Grant #98 classification DONE			Low-Resource Text Understanding (Computer Science)
INFO:__main__:Grant #99 classification DONE			Privilège des minoritaires et inégalités épistémiques: une perspective féministe et décoloniale sur la reconnaissance des savoirs expérientiels dans la lutte contre la pauvreté au Québec et en Belgique francophone (Sociology, demography and related fields)
INFO:__main__:Grant #100 classification DONE			L'esthétique moyenne ou la coupe régulière (Sociology, demography and related fields)
INFO:__main__:Grant #101 classification DONE			Deepening understanding on infant and child mortality disparities in low- and middle-income countries: untangling the direct and indirect effects of gender inequality (Multidisciplinary or interdisciplinary social sciences)
INFO:__main__:Grant #102 classification DONE			Isolating the role of the raphe-ventral hippocampus serotonergic pathway in anxiety (Behavioural Sciences – Neurobiological Basis of Behavioural Processes)
INFO:__main__:Grant #103 classification DONE			Facing pain is effortful: a multidisciplinary approach to investigate the effects of pain on perception of effort and performance (Biological Systems and Functions)
INFO:__main__:Grant #104 classification DONE			Enjeux émergents liés à la présence de manganèse dans les eaux potables (Civil, Industrial and Systems Engineering)
INFO:__main__:Grant #105 classification DONE			Élaboration d'un procédé de stockage de CO2 par minéralisation visant à réduire les émissions des Gaz à Effet de Serre du secteur agricole
INFO:__main__:Grant #106 classification DONE			Factor models for forecasting and macroeconomic applications (Economics)
INFO:__main__:Grant #107 classification DONE			Une histoire écrite avec des si. Les devenirs romanesques des idéaux libertaires (1898-1940) (Literature)
INFO:__main__:Grant #108 classification DONE			Jean-Marc Vallée : de Montréal à Hollywood
INFO:__main__:Grant #109 classification DONE			Prebiotics to modify the gut microbiome and enhance immune checkpoint blockers (Cancer Progression & Therapeutics)
INFO:__main__:Grant #110 classification DONE			Words Matter, Numbers Matter, Ways Matter: Establishing a Data and Resource Platform to Guide Equitable Healthcare for Women Living with Female Genital Mutilation/Cutting in Canada (Public, Community & Population Health)
INFO:__main__:Grant #111 classification DONE			Dynamiques de cohabitation à l'ère de la "super-diversité" (Anthropology and archaeology)
INFO:__main__:Grant #112 classification DONE			Dependence Modelling for Arbitrary Distributions (Mathematics and Statistics)
INFO:__main__:Grant #113 classification DONE			CONTACT BY SEA: : Basques et Autochtones dans le golfe Saint-Laurent, XVIe-XVIIIe siècle (Anthropology and archaeology)
INFO:__main__:Grant #114 classification DONE			The impact of genetic variation on genome biology and function (Genes, Cells and Molecules)
INFO:__main__:Grant #115 classification DONE			Orphan Nuclear Receptor Regulation of Fertility (Clinical Investigation – Reproduction, Maternal, Child and Youth Health)
INFO:__main__:Grant #116 classification DONE			Identifying the roles of atypical MAP kinases ERK3 and ERK4 in cardiac remodelling (Cardiovascular System – Heart and Circulation)
INFO:__main__:Grant #117 classification DONE			Valorisation des données industrielles (Civil, Industrial and Systems Engineering)
INFO:__main__:Grant #118 classification DONE			Multiphysics and multiscale modeling for the intensification of chemical engineering processes (Materials and Chemical Engineering)
INFO:__main__:Grant #119 classification DONE			Targeting BMP signaling in the tumor endothelium to improve cancer immunotherapy (Cancer Progression & Therapeutics)
INFO:__main__:Grant #120 classification DONE			The Impact of Job Transformations on Frontline Employees' Burnout and Performance: Examining the Roles of Manager Support and Empathy
INFO:__main__:Grant #121 classification DONE			Structural design and rehabilitation of bridge superstructure and foundation elements utilizing fibre reinforced concrete and ultra-high performance fibre reinforced concrete with conventional reinforcement
INFO:__main__:Grant #122 classification DONE			Des dispositifs de développement professionnels transformateurs pour les enseignants du postsecondaire (Education and social work)
INFO:__main__:Grant #123 classification DONE			High-fidelity simulations of turbulent combustion relevant to gas turbines and compression ignition engines (Mechanical Engineering)
INFO:__main__:Grant #124 classification DONE			Responsible Conduct in Research: From Norms to Practice
INFO:__main__:Grant #125 classification DONE			Integrity of the cellular transformation barriers in reprogrammed cell (Genes, Cells and Molecules)
INFO:__main__:Grant #126 classification DONE			Deuterostome extracellular matrix structures (ossicles and tubes): Evolution, composition, function and development (Evolution and Ecology)
INFO:__main__:Grant #127 classification DONE			Finding Order in Chaos: Vibrational Spectroscopy Study of Oriented Soft Materials (Chemistry)
INFO:__main__:Grant #128 classification DONE			COVID-19 seroepidemiology in children Using Retrieved POPCORN site Leftover Samples (CURNLS)
INFO:__main__:Grant #129 classification DONE			COVIH study: COVID-19 burden in HIV infected individuals
INFO:__main__:Grant #130 classification DONE			Unravelling the physiological function of a highly conserved HNRNPA1 splice variant (Genes, Cells and Molecules)
INFO:__main__:Grant #131 classification DONE			Valorisation des données de production manufacturière pour une prise de décision personnalisée et décentralisée
INFO:__main__:Grant #132 classification DONE			Uncovering causal complexities and trade-offs in the acceptance of mobile apps used to protect communities: the case of emergency response and contact tracing technologies
INFO:__main__:Grant #133 classification DONE			Acquisition of an ultracentrifuge to support research in the field of veterinary infectious diseases (Biological Systems and Functions)
INFO:__main__:Grant #134 classification DONE			Penser et agir pour la paix au Québec (Multidisciplinary or interdisciplinary humanities)
INFO:__main__:Grant #135 classification DONE			Towards a visualization-assisted international history of videogame culture (Fine Arts, Research-Creation)
INFO:__main__:Grant #136 classification DONE			Modélisation et optimisation biomécanique d'orthèses et d'instrumentation de modulation de croissance pour le traitement de la scoliose pédiatrique
INFO:__main__:Grant #137 classification DONE			Randomized controlled trial to evaluate the effect of a postural re-education intervention compared to standard care on scoliosis progression in adolescent (Clinical Investigation – Arthritis, Bone, Skin and Cartilage)
INFO:__main__:Grant #138 classification DONE			Sommeil après une commotion cérébrale : impact sur le bien-être et le fonctionnement familial (Multidisciplinary or interdisciplinary social sciences)
INFO:__main__:Grant #139 classification DONE			Few-Mode Optical Coherence Tomography (FM-OCT)
INFO:__main__:Grant #140 classification DONE			(IN)VISIBILISATION : Le design au prisme de l'itinérance
INFO:__main__:Grant #141 classification DONE			Targeting SMOC2-induced epithelial-to-mesenchymal transition inhibits senescence in mouse models of kidney fibrosis (Hematology, Digestive Disease & Kidney)
INFO:__main__:Grant #142 classification DONE			Modèle explicatif des liens drogues-crimes des jeunes femmes adultes: une nouvelle perspective (Law and criminology)
INFO:__main__:Grant #143 classification DONE			Mégadonnées et techniques avancées démystifiées
INFO:__main__:Grant #144 classification DONE			Developing neurocomputational tools for the prediction and modulation of consciousness (Electrical and Computer Engineering)
INFO:__main__:Grant #145 classification DONE			Description et analyse des interactions orales entre adulte (enseignante/parent) et enfant en lien avec les habiletés narratives lors de la lecture d'albums plurilingues dans une perspective de collaboration école-famille en milieu pluriethnique (Education and social work)
INFO:__main__:Grant #146 classification DONE			Contribuer au développement d'écoles plus justes et inclusives du personnel scolaire de groupes racisés : quels cadres de référence éthique pour les directions d'établissement d'enseignement? (Education and social work)
INFO:__main__:Grant #147 classification DONE			Manipulating methionine metabolism to shape immune responses and modify disease progression in both sexes in MS (Systems & Circuits Neurosciences)
INFO:__main__:Grant #148 classification DONE			Lymphatic vessel function in atherosclerosis (Clinical Investigation – Cardiovascular Systems)
INFO:__main__:Grant #149 classification DONE			Théorie de l'improvisation comme pratique de vulnérabilité en recherche-création (Literature)
INFO:__main__:Grant #150 classification DONE			Potentialiser le leadership normatif de l'Organisation mondiale de la santé: une étude internationale (Law and criminology)
INFO:__main__:Grant #151 classification DONE			PARCS en Santé: Contrôler les agents pathogènes transmis par les tiques tout en protégeant la biodiversité des parcs nature péri-urbains
INFO:__main__:Grant #152 classification DONE			Appréhender la colère sociale : une enquête comparative auprès des jeunes NEET au Québec et en Ontario (Sociology, demography and related fields)
INFO:__main__:Grant #153 classification DONE			La professionnalisation des enseignants d'éducation physique et à la santé à l'école primaire et secondaire : l'enjeu stratégique du savoir professionnel au Québec et en Ontario (Education and social work)
INFO:__main__:Grant #154 classification DONE			Two-phase flow numerical model development based on experimental characterization (Mechanical Engineering)
INFO:__main__:Grant #155 classification DONE			Idea vitality and group idea elaboration
INFO:__main__:Grant #156 classification DONE			La réorganisation des services institutionnels et communautaires auprès des personnes en situation d'itinérance et les besoins des personnes en situation d'itinérance pour faire face à la pandémie de COVID-19
INFO:__main__:Grant #157 classification DONE			Contribution of 17beta-estradiol in pregnancy-related cardiac arrhythmias (Cardiovascular System – Cells and Tissues)
INFO:__main__:Grant #158 classification DONE			Le vivant à l'aune de l'Anthropocène. Étude des enjeux matériels, sociaux, culturels, éthiques et épistémologiques des représentations du vivant et des imaginaires sociotechniques des biotechnologies (Mutidisciplinary or interdisciplinary social sciences)
INFO:__main__:Grant #159 classification DONE			Connectivité intelligente des véhicules urbains dans un réseau hétérogène d'ondes millimétriques (Electrical and Computer Engineering)
INFO:__main__:Grant #160 classification DONE			How spokespersons stand for, act for, and speak for a collective: Understanding the communicative inner workings of political representation and its organizing effects (Communications, media studies, gender studies, library and information science, related fields)
INFO:__main__:Grant #161 classification DONE			Coconstruire un modèle théorique de l'objection de conscience : approfondir sa compréhension afin de mieux l'intégrer à la formation et la pratique infirmière
INFO:__main__:Grant #162 classification DONE			Acceptability, user experience and effect of a new mobile app, 'OUPS!', a FemTech solution designed for the treatment of urinary incontinence in menopausal women: a mixed method study
INFO:__main__:Grant #163 classification DONE			Traduction et journalisme/Translation and Journalism/Traducción y periodismo
INFO:__main__:Grant #164 classification DONE			Réponse différentielle à l'évaluation formelle en protection de la jeunesse en contexte de diversité ethnoculturelle: portrait de la situation et perspectives des familles et des intervenants (Education and social work)
INFO:__main__:Grant #165 classification DONE			Grey box optimization (Civil, Industrial and Systems Engineering)
INFO:__main__:Grant #166 classification DONE			Polymers for realizing energetic materials with tailored performance (Materials and Chemical Engineering)
INFO:__main__:Grant #167 classification DONE			How does the interplay between mandatory and voluntary regulation shape industry practice change for the better?
INFO:__main__:Grant #168 classification DONE			Unité de liaison pour la recherche internationale sur le conseil scientifique
INFO:__main__:Grant #169 classification DONE			La téléologie naturelle au 18e siècle (Philosophy)
INFO:__main__:Grant #170 classification DONE			Mouvements sociaux, droits sociaux et démocratie. Une théorie normative (Philosophy)
INFO:__main__:Grant #171 classification DONE			Modeling the thermodynamic and physical properties of Deep Eutectic Solvents (Materials and Chemical Engineering)
INFO:__main__:Grant #172 classification DONE			La qualité des relations employé-superviseur : Un modèle processuel des antécédents, conséquences, et modérateurs des évaluations comparatives
INFO:__main__:Grant #173 classification DONE			Mathésis, mimésis, sémiosis : la littérarité des genres populaires dans les littératures francophones d'Afrique subsaharienne, du Maghreb et des Caraïbes (Literature)
INFO:__main__:Grant #174 classification DONE			Regime Change and Resilience of Maya peoples at the end of the Classic period (ca. 800-1000 CE) (Anthropology and archaeology)
INFO:__main__:Grant #175 classification DONE			Recommendations for culturally sensitive and intersectional practice in suicide prevention intervention for public safety personnel : a qualitative approach (Crisis/Suicide Line and App-based Support Models for post traum. stress in public safety personnel (PSP))
INFO:__main__:Grant #176 classification DONE			Varieties of Valuings (Philosophy)
INFO:__main__:Grant #177 classification DONE			Pilotage en temps réel des systèmes à l'ère de l'industrie 4.0 (Civil, Industrial and Systems Engineering)
INFO:__main__:Grant #178 classification DONE			Understanding Esophageal Atresia using Induced Pluripotent Stem Cells
INFO:__main__:Grant #179 classification DONE			Discovery and characterization of novel genetic-exchange and drug-resistance mechanisms in Leishmania parasites (Microbiology & Infectious Diseases)
INFO:__main__:Grant #180 classification DONE			From Perception and Learning to Understanding and Action (Computer Science)
INFO:__main__:Grant #181 classification DONE			Novel mechanisms of theca cell growth in the ovarian follicle of cattle (Biological Systems and Functions)
INFO:__main__:Grant #182 classification DONE			An OCT-controlled system for precise and reproducible subretinal drug injection in mice
INFO:__main__:Grant #183 classification DONE			Bioenergetic role of astrocytes in neuronal plasticity and behaviour (Genes, Cells and Molecules)
INFO:__main__:Grant #184 classification DONE			In Democracy we trust, do we? (Sociology, demography and related fields)
INFO:__main__:Grant #185 classification DONE			Minimally-invasive monitoring of renal health in reptiles (Biological Systems and Functions)
INFO:__main__:Grant #186 classification DONE			Le réenchantement à contretemps ? Irrationalité et postmodernité littéraire
INFO:__main__:Grant #187 classification DONE			Structure-functional property-device performance relationships in electronic and energy materials and devices
INFO:__main__:Grant #188 classification DONE			AI augmented pilot
INFO:__main__:Grant #189 classification DONE			Transfert, appropriation et rétention des pratiques associées à l'approvisionnement valorisant l'innovation dans le réseau québécois de la santé : le cas de l'approche fonctionnelle
INFO:__main__:Grant #190 classification DONE			Le patrimoine des groupes ethnoculturels de Montréal: le cas de Montréal-Nord
INFO:__main__:Grant #191 classification DONE			Documenting forager adaptations to dramatic climate change at the Pleistocene-Holocene transition in Liguria (Italy) (Anthropology and archaeology)
INFO:__main__:Grant #192 classification DONE			Abordabilité intégrée: état des connaissances sur les interactions entre coûts d'habitation et de transport
INFO:__main__:Grant #193 classification DONE			High definition digital microscope for accelerating Québec entomological research (Environmental Sciences)
INFO:__main__:Grant #194 classification DONE			Envisioning and Enacting UX Evaluation of Augmented Reality: A Multimethod Approach (Civil, Industrial and Systems Engineering)
INFO:__main__:Grant #195 classification DONE			Kinematic-specific proprioceptive stimulations to better understand sensory control of gait movements (Mechanical Engineering)
INFO:__main__:Grant #196 classification DONE			Attentional processes in the human insula (Biological Systems and Functions)
INFO:__main__:Grant #197 classification DONE			Towards More Autonomous and Safer Unmanned Aerial Vehicle Systems (Mechanical Engineering)
INFO:__main__:Grant #198 classification DONE			Subsea and terrestrial permafrost of the central and eastern Canadian Arctic Archipelago (Geosciences)
INFO:__main__:Grant #199 classification DONE			Global Centers Track 2: Heat Adaptation
INFO:__main__:Grant #200 classification DONE			Immunovirological determinants of breakthrough COVID-19 disease in vaccinated or previously infected individuals (Virology & Viral Pathogenesis)
INFO:__main__:Grant #201 classification DONE			Hormonal control of stamen filament growth
INFO:__main__:Grant #202 classification DONE			Investigate features and dynamics of intron RNP biology and its role in modulating RNA metabolism (Biochemistry & Molecular Biology)
INFO:__main__:Grant #203 classification DONE			CircRNAome in childhood TCF3-PBX1 ALL: Biomaker potential and mechanisms of circRNA dysregulation and function
INFO:__main__:Grant #204 classification DONE			Additive manufacturing technologies for high-performance and high-productivity of multifunctional composite structures and their sustainability for aerospace applications
INFO:__main__:Grant #205 classification DONE			Computational methods and frameworks for unsupervised machine learning
INFO:__main__:Grant #206 classification DONE			Au coeur du cosmos TRYSPACES: Colloque, exposition et bibliothèque numérique
INFO:__main__:Grant #207 classification DONE			Understanding Attitudes toward Artists with a Physical Disability
INFO:__main__:Grant #208 classification DONE			Non-target analysis of radicals in sonochemical and advanced oxidation processes (AOPs) (Materials and Chemical Engineering)
INFO:__main__:Grant #209 classification DONE			La cyberviolence dans les relations amoureuses des jeunes : identifier les facteurs de risque et de protection ainsi que leurs impacts différenciés selon le genre
INFO:__main__:Grant #210 classification DONE			"Sentometrics": Econometrics of textual sentiment with applications in economics and finance
INFO:__main__:Grant #211 classification DONE			Clean Energy transition, Market Design and Industry Dynamics
INFO:__main__:Grant #212 classification DONE			Conférence de l'International Society for the Study of Drug Policy
INFO:__main__:Grant #213 classification DONE			Methods development for the measurement of single-cell molecular state (Genes, Cells and Molecules)
INFO:__main__:Grant #214 classification DONE			Multifunctional Engineering Structures via Embodied Intelligence
INFO:__main__:Grant #215 classification DONE			Spin waves in ferromagnetic metallic wires (Physics)
INFO:__main__:Grant #216 classification DONE			Molecular Chronobiology and regulation of gene expression in dinoflagellates (Genes, Cells and Molecules)
INFO:__main__:Grant #217 classification DONE			Combiner l’hypnose, la réalité virtuelle, la neurophysiologie et l’intelligence artificielle dans la gestion non-pharmacologique et personnalisée de la douleur chronique
INFO:__main__:Grant #218 classification DONE			Les théories inédites de la foi des penseurs dominicains des années 1250-1350 (Philosophy)
INFO:__main__:Grant #219 classification DONE			Computationally efficient multiphysics and multiscale modeling approaches applied to porous materials engineering
INFO:__main__:Grant #220 classification DONE			Marriage, Sorting, and Segregation Across U.S. Cities (Economics)
INFO:__main__:Grant #221 classification DONE			Highly versatile benchtop Flow Cytometry Analyzer (Materials and Chemical Engineering)
INFO:__main__:Grant #222 classification DONE			Analysis of Extreme Values
INFO:__main__:Grant #223 classification DONE			Frontlines to Headlines: The Politics of Memory, War and the Press in interwar Germany (History)
INFO:__main__:Grant #224 classification DONE			Mechanistic Investigations of Nickel-Promoted C-Heteroatom Bond Making Reactions (Chemistry)
INFO:__main__:Grant #225 classification DONE			Manipulated Procurement
INFO:__main__:Grant #226 classification DONE			Functionalized Bilayer Graphene Devices: Achieving Selectivity and Sensitivity
INFO:__main__:Grant #227 classification DONE			Le rôle de la résilience sur la santé et le bien-être des équipes interprofessionnelles: validation d'une démarche managériale participative
INFO:__main__:Grant #228 classification DONE			Les jeunes en difficulté et faisant l'objet d'une double prise en charge judiciaire : parcours de vie, trajectoires dans les services et pratiques professionnelles (Law and criminology)
INFO:__main__:Grant #229 classification DONE			Before the "Great Divide": The Shared Language(s) of Art and Science in the Early Modern Period (Fine Arts, Research-Creation)
INFO:__main__:Grant #230 classification DONE			MID-INFRARED QUANTUM TECHNOLOGY FOR SENSING (MIRAQLS)
INFO:__main__:Grant #231 classification DONE			Exploiting minor histocompatibility antigens for personalized cancer immunotherapy (Cancer Progression & Therapeutics)
INFO:__main__:Grant #232 classification DONE			Investment incentives in matching markets: on the foundations of competitive models (Economics)
INFO:__main__:Grant #233 classification DONE			Advancing Machine Learning with Causal Models (Computer Science)
INFO:__main__:Grant #234 classification DONE			The Brahma Kumari Tradition in Canada and the United States (Medieval, classics, religious studies)
INFO:__main__:Grant #235 classification DONE			Social polarization in high schools during COVID-19: A mixed-method Positive Youth Development research to inform how to promote well-being and reduce violence among adolescents (Education and social work)
INFO:__main__:Grant #236 classification DONE			Assessing the community needs of Canadians with limb loss: Building the foundation for community action
INFO:__main__:Grant #237 classification DONE			Addition of high dose Stimulant and engagement-focused Contingency management, alone and in combination, to treatment as usual for the management of MEthamphetamine use disorder (ASCME): a pan-Canadian multisite randomized controlled trial
INFO:__main__:Grant #238 classification DONE			Écrire / Traduire / Visualiser les humanités numériques
INFO:__main__:Grant #239 classification DONE			Smart Electrolytes for a New Perspective on Electrochemical Energy Storage (Chemistry)
INFO:__main__:Grant #240 classification DONE			Femmes et pouvoirs dans le bailliage de Montréal (1644-1693) (History)
INFO:__main__:Grant #241 classification DONE			Entre pressions socioculturelles et insatisfaction à l'égard de l'image corporelle : le rôle médiateur de caractéristiques personnelles chez les adolescents et jeunes hommes. (Psychology)
INFO:__main__:Grant #242 classification DONE			Multi-Precision Optimization and Methods with Inaccurate Functions and Derivatives (Computer Science)
INFO:__main__:Grant #243 classification DONE			Adaptive FEM for Analysis, Design, and Control of Complex Flows (Mechanical Engineering)
INFO:__main__:Grant #244 classification DONE			Diagnosis of Aggressive Prostate Cancer Using Key Features of Raman Spectroscopy (Cancer Progression & Therapeutics)
INFO:__main__:Grant #245 classification DONE			Maintaining balance in an unstable environment: A central role for the vestibular system (Biological Systems and Functions)
INFO:__main__:Grant #246 classification DONE			Multifarious roles of the smallest Arabidopsis thaliana MAPKKKs clade (MAPKKK19, 20 and 21) as an integrative hub for plant pathogen interactions, growth, development and reproduction (Biological Systems and Functions)
INFO:__main__:Grant #247 classification DONE			Occurrence et contrôle des bactéries opportunistes et bioaérosols issus des systèmes de traitement des eaux usées (Civil, Industrial and Systems Engineering)
INFO:__main__:Grant #248 classification DONE			Le confinement : étude comparée du choix d'un instrument de politique publique extrême (Political science and public administration)
INFO:__main__:Grant #249 classification DONE			Valorisation des noirs de carbone recyclés de pneus usagés
INFO:__main__:Grant #250 classification DONE			"Managing AI in Health Ecosystems" Masterclass
INFO:__main__:Grant #251 classification DONE			Novel regulatory mechanisms of the mammalian nuclear proteasome through liquid-liquid phase separation (Cell Biology – Molecular/Fundamental)
INFO:__main__:Grant #252 classification DONE			Integrating early neuromonitoring biomarkers to better define eligibility for therapeutic hypothermia after perinatal hypoxia-ischemia
INFO:__main__:Grant #253 classification DONE			Metasurface and Metamaterial-Inspired Devices for 5G, IoT, Sensing and Space Applications
INFO:__main__:Grant #254 classification DONE			Cross-frequency coupling and machine learning for electrophysiological signal analysis
INFO:__main__:Grant #255 classification DONE			Uncovering a New Cytotoxic Mechanism of Natural Killer Cells (Genes, Cells and Molecules)
INFO:__main__:Grant #256 classification DONE			Actualisation de la formation sur les pratiques d'affiliation dans les Auberges du coeur du Québec
INFO:__main__:Grant #257 classification DONE			Evidence for Impact: The Quebec Experience of Designing Evidence-Based Public Policy Solutions to Reform Home Care
INFO:__main__:Grant #258 classification DONE			Replicative stress as a primary determinant of chemotherapeutic outcome in ovarian cancer
INFO:__main__:Grant #259 classification DONE			Improved representation, impact assessment, and adaptive management of water resource systems under changing natural and anthropogenic conditions (Civil, Industrial and Systems Engineering)
INFO:__main__:Grant #260 classification DONE			Le travail ensemble comme stratégie de réponse aux besoins complexes des jeunes en difficulté : comprendre les processus d'émergence de la collaboration (Education and social work)
INFO:__main__:Grant #261 classification DONE			Interneuronopathies and neurodevelopmental disorders (Genetics)
INFO:__main__:Grant #262 classification DONE			Prevention / treatment of the choroidal neovascularization by kinin receptors antagonists (Pharmacology & Toxicology)
INFO:__main__:Grant #263 classification DONE			Entre vie et mort: images de médiation (Fine Arts, Research-Creation)
INFO:__main__:Grant #264 classification DONE			Identification of microbial factors to modulate immune dysregulation and treat post-COVID-19 syndrome
INFO:__main__:Grant #265 classification DONE			Les effets de la pandémie de COVID-19 sur les conditions de travail et les trajectoires d'emploi des femmes au Québec: recul, maintien ou avancée? (Business, management and related fields)
INFO:__main__:Grant #266 classification DONE			Data-driven Optimization of Transport Systems (Civil, Industrial and Systems Engineering)
INFO:__main__:Grant #267 classification DONE			Le tournant éclectique en architecture à travers les procès-verbaux du Conseil des Bâtiments civils (projet pilote) (Fine Arts, Research-Creation)
INFO:__main__:Grant #268 classification DONE			Évolution de l'organisation du travail des directions d'établissements d'enseignement du Québec dans le contexte de la transformation des commissions scolaires en centres de services
INFO:__main__:Grant #269 classification DONE			Integrating interdisciplinary perspectives on circular economy
INFO:__main__:Grant #270 classification DONE			Homeostasis of the respiratory epithelial tissue: regulatory mechanisms by ion channels (Genes, Cells and Molecules)
INFO:__main__:Grant #271 classification DONE			Vascular events in patients undergoing same-day noncardiac surgery (VALIANCE) - a prospective cohort and nested biobank study (Clinical Investigation – Cardiovascular Systems)
INFO:__main__:Grant #272 classification DONE			Mental health Recovery from Youth Right-based Perspectives (Education and social work)
INFO:__main__:Grant #273 classification DONE			Ecosystem functioning in the landscape: a meta-ecosystem perspective (Evolution and Ecology)
INFO:__main__:Grant #274 classification DONE			Multi-Fidelity Zonal Approaches to Multi-Disciplinary Aerodynamic Analysis of Transonic Aircraft
INFO:__main__:Grant #275 classification DONE			Defining the functions and mechanisms of centrosomal RNA localization
INFO:__main__:Grant #276 classification DONE			Collaborative improvement of moral deliberation methods: An exercise in living ethics (Mutidisciplinary or interdisciplinary social sciences)
INFO:__main__:Grant #277 classification DONE			The role of GABA signaling in nervous system formation and homeostasis (Genes, Cells and Molecules)
INFO:__main__:Grant #278 classification DONE			Elimination of senescent endothelial cells to prevent vascular dementia in aging atherosclerotic mice (Biological and Clinical Aspects of Aging)
INFO:__main__:Grant #279 classification DONE			Understanding and treating osteoarthritic pain in pet animals: An approach based on neurogenomics and neuropeptidomics manipulation (Biological Systems and Functions)
INFO:__main__:Grant #280 classification DONE			Optimizing risk averse decisions in data-driven problems
INFO:__main__:Grant #281 classification DONE			Understanding the genesis of the spliced immunopeptidome (Genes, Cells and Molecules)
INFO:__main__:Grant #282 classification DONE			Fundamental drivers of plant spectral diversity (Evolution and Ecology)
INFO:__main__:Grant #283 classification DONE			Systematics, biogeography and evolution of northern floras (Evolution and Ecology)
INFO:__main__:Grant #284 classification DONE			Development of Additive Manufacturing Superalloys with high ?' volume fraction (Materials and Chemical Engineering)
INFO:__main__:Grant #285 classification DONE			Judiciarisation des personnes souffrant de troubles mentaux : une recherche en théorisation ancrée sur la perception des patients judiciarisés et le personnel soignant (Psychosocial, Sociocultural & Behavioural Determinants of Health)
INFO:__main__:Grant #286 classification DONE			Methods of initiation and mitigation of thermal runaway in lithium-ion batteries
INFO:__main__:Grant #287 classification DONE			Automated AI-supported methane plume detection from satellite and aircraft images
INFO:__main__:Grant #288 classification DONE			From domain-specific languages to domain-specific environments (Computer Science)
INFO:__main__:Grant #289 classification DONE			Magnetic Field Characterization and Mapping for Artifact Mitigation in MRI
INFO:__main__:Grant #290 classification DONE			La médiatisation de l'opinion publique au Canada (Political science and public administration)
INFO:__main__:Grant #291 classification DONE			Entrepreneuring as Relational Process: Tracing the Trajectories of Entrepreneurial Projects (Communications, media studies, gender studies, library and information science, related fields)
INFO:__main__:Grant #292 classification DONE			Physiotherapy care in Emergency Departments for Patients with Musculoskeletal Disorders: A Pragmatic Cluster Randomized Controlled Trial and Cost Analysis (Clinical Investigation – Arthritis, Bone, Skin and Cartilage)
INFO:__main__:Grant #293 classification DONE			Le numérique et les études médiévales : enjeux pédagogiques et formation par la recherche
INFO:__main__:Grant #294 classification DONE			High power density motors for aeronautics manufactured by cold spraying
INFO:__main__:Grant #295 classification DONE			Cholesterol metabolism and regulation of the senescence-associated secretory phenotype in retinopathy (Systems & Circuits Neurosciences)
INFO:__main__:Grant #296 classification DONE			Second-order Hessian-free methods for statistical learning and stochastic optimization (Civil, Industrial and Systems Engineering)
INFO:__main__:Grant #297 classification DONE			Ecosystemic thinking: integrating ecosystem assessment to the strategic thinking process
INFO:__main__:Grant #298 classification DONE			Brain-body interactions during bipedalism (Biological Systems and Functions)
INFO:__main__:Grant #299 classification DONE			Multiaxial electro-mechanical tensile tester for stretchable electronics (Materials and Chemical Engineering)
INFO:__main__:Grant #300 classification DONE			Development and Update of Quantitative Pharmacology Concepts and Computational Models for a Better Understanding of Drug Fate and Action (Mathematics and Statistics)
INFO:__main__:Grant #301 classification DONE			Frontières vécues dans les institutions éducatives québécoises. Discours des cégépiennes musulmanes issues de l'immigration à Montréal (Education and social work)
INFO:__main__:Grant #302 classification DONE			Non-invasive 4D thoracic imaging infrastructure to support decision-making in the management of lung diseases in intensive care units (ICU) (Electrical and Computer Engineering)
INFO:__main__:Grant #303 classification DONE			La participation à la société québécoise : exploration de la perception des jeunes issus de l'immigration, de première et de deuxième génération (JIPDG), élèves et étudiants au secondaire et au cegep francophones (Education and social work)
INFO:__main__:Grant #304 classification DONE			Reshaping the urban water management paradigm: towards a new decision-support framework for the sustainable design of hybrid systems
INFO:__main__:Grant #305 classification DONE			L'activité musculaire des pianistes au service de la production sonore et de l'expression musicale (Multidisciplinary or interdisciplinary humanities)
INFO:__main__:Grant #306 classification DONE			Extraction, migration et mise en place de granite-pegmatite orogénique: construire les vecteurs d'exploration de métaux critiques
INFO:__main__:Grant #307 classification DONE			Mon genou pourrait aller mieux
INFO:__main__:Grant #308 classification DONE			Learning sensorimotor maps through curiosity (Biological Systems and Functions)
INFO:__main__:Grant #309 classification DONE			Improving the Quality Assurance of Machine-Learning Software Applications (Computer Science)
INFO:__main__:Grant #310 classification DONE			Mobilizing evidence into the effective treatment of sexual offenders: A feasibility study
INFO:__main__:Grant #311 classification DONE			Simulation of large scale MaaS
INFO:__main__:Grant #312 classification DONE			PRevention of COVID-19 with high dose Oral Vitamin D supplemental Therapy in Essential healthCare Teams (PROTECT)
INFO:__main__:Grant #313 classification DONE			Decrypting nociceptive signaling pathways in Caenorhabditis elegans using behavioral analysis and mass spectrometry-based proteomics (Genes, Cells and Molecules)
INFO:__main__:Grant #314 classification DONE			Suivre les affaires et les auteurs de violence conjugale : vers une meilleure compréhension du cheminement pénal et de la récidive (Law and criminology)
INFO:__main__:Grant #315 classification DONE			Dissection of non-canonical DNA damage response mechanisms controlling the senescence program (Genes, Cells and Molecules)
INFO:__main__:Grant #316 classification DONE			Comment habiter le territoire québécois de façon sobre et résiliente dans un contexte de transition écologique?
INFO:__main__:Grant #317 classification DONE			Deafness Induced Brain Reorganization: a research program to examine how deafness modifies cortical functions and affects compensatory vision and auditory performance following cochlear implantation (Behavioural Sciences – Behavioural Studies, Neuroscience and Cognition)
INFO:__main__:Grant #318 classification DONE			Multiscale modeling of multiphase flows in chemical engineering processes (Materials and Chemical Engineering)
INFO:__main__:Grant #319 classification DONE			Soutien à la mobilisation des milieux scolaires pour la mise en oeuvre de mesures intégrées et structurées favorisant la socialisation des élèves, leur bien-être psychologique, ainsi que la prévention de la violence
INFO:__main__:Grant #320 classification DONE			La Trajectoire du mouvement debussyste (1895-1923) : Style, réception, implantation institutionnelle (Fine Arts, Research-Creation)
INFO:__main__:Grant #321 classification DONE			High-order Geometry, Mesh and Adaptivity for Fluid-Structure Interaction Simulations (Mechanical Engineering)
INFO:__main__:Grant #322 classification DONE			Computational analysis and modeling of ribonucleic acid structure, function, and dynamics (Genes, Cells and Molecules)
INFO:__main__:Grant #323 classification DONE			Stratégies d'épargne transfusionnelle et de prévention de la pénurie de produits sanguins labiles : de l'utilisation clinique appropriée à l'élargissement du pool de donneurs
INFO:__main__:Grant #324 classification DONE			Relaxation, friction interne et ondes gravitationnelles (Physics)
INFO:__main__:Grant #325 classification DONE			Penser la citoyenneté vécue des femmes dans les pratiques participatives du care au quotidien en Amérique latine : Le cas des cuisines communautaires de la ville de Mexico (Political science and public administration)
INFO:__main__:Grant #326 classification DONE			Statistical analysis of microbiome longitudinal data with multiplex networks (Evolution and Ecology)
INFO:__main__:Grant #327 classification DONE			Reaction mechanisms of catalytic reactions using earth-abundant metals (Chemistry)
INFO:__main__:Grant #328 classification DONE			Investigation of a novel tumor suppressor mechanism in medulloblastoma
INFO:__main__:Grant #329 classification DONE			Autonomous security for complex systems (Computer Science)
INFO:__main__:Grant #330 classification DONE			Résonance et altération audiovisuelles: pour une pensée sonore de la vidéo et du cinéma expérimental (Fine arts, research-creation)
INFO:__main__:Grant #331 classification DONE			Concentration of measure on quantum states (Computer Science)
INFO:__main__:Grant #332 classification DONE			The use of facial information from developmental prosopagnosics to super-recognizers (Biological Systems and Functions)
INFO:__main__:Grant #333 classification DONE			Raman spectroscopy platform integrating highly sensitive photonic devices, nanostructured surfaces and machine learning for on-site detection of multiple diseases
INFO:__main__:Grant #334 classification DONE			Capillary stalling and hypoxic micropockets: two sides of the same phenomena? (Cardiovascular System – Vascular System)
INFO:__main__:Grant #335 classification DONE			Crime sans châtiment : compétences et réussite criminelle (Law and criminology)
INFO:__main__:Grant #336 classification DONE			Crop rhizosphere response to environmental stress (Biological Systems and Functions)
INFO:__main__:Grant #337 classification DONE			Towards remission and full recovery from obsessive-compulsive disorder: Investigating the efficacy of Inference-Based Cognitive-Behavioral Therapy when standard treatment has failed
INFO:__main__:Grant #338 classification DONE			Soft coral flexibility: its impact on hydrodynamic loads, feeding and a way to measure flow velocity
INFO:__main__:Grant #339 classification DONE			Sexual selection and the evolution of cognition (Evolution and Ecology)
INFO:__main__:Grant #340 classification DONE			Characterization of lincRNA-miRNA networks (Genes, Cells and Molecules)
INFO:__main__:Grant #341 classification DONE			Rétroaction corrective écrite : à quel moment et pour qui? (Education and social work)
INFO:__main__:Grant #342 classification DONE			EDITH: Efficient Design for Intelligent devices exploiting emerging TecHnologies (Electrical and Computer Engineering)
INFO:__main__:Grant #343 classification DONE			When Pain Drives you N. U. T. S.: A mixed methods approach to investigating triggers of the stress response and multidimensional pain outcomes in a sample of individuals suffering from chronic low back pain (Psychosocial, Sociocultural & Behavioural Determinants of Health)
INFO:__main__:Grant #344 classification DONE			Preclinical development of highly potent and orally bioavailable PCSK9 inhibitors for patients at high cardiovascular risk
INFO:__main__:Grant #345 classification DONE			Targeting 14-3-3zeta to promote human pancreatic beta-cell proliferation (Diabetes, Obesity, Lipid & Lipoprotein Disorders)
INFO:__main__:Grant #346 classification DONE			Colloque scientifique annuel de l'Équipe de recherche interdisciplinaire sur les familles réfugiées et demandeuses d'asile
INFO:__main__:Grant #347 classification DONE			Machine Learning in the Presence of Model-Dependent Data (Computer Science)
INFO:__main__:Grant #348 classification DONE			Sustainable mobility in Canadian cities: Towards an integrated measurement and understanding of the performance of land use and transport systems and their impacts on travel behavior (Civil, Industrial and Systems Engineering)
INFO:__main__:Grant #349 classification DONE			L'enseignement de l'écriture par les enseignants de littérature et de philosophie du collégial (Education and social work)
INFO:__main__:Grant #350 classification DONE			Investigating the metabolic determinants of triple-negative breast cancer progression through chromatin dependencies (Cancer Progression & Therapeutics)
INFO:__main__:Grant #351 classification DONE			Modélisation et mesure des risques financiers (Mathematics and Statistics)
INFO:__main__:Grant #352 classification DONE			Ecological and evolutionary drivers of host-symbiont associations in the phyllosphere (Evolution and Ecology)
INFO:__main__:Grant #353 classification DONE			Comment nourrir en santé toujours plus d'humains sans épuiser les ressources terrestres dans un contexte de changements climatiques ?
INFO:__main__:Grant #354 classification DONE			Applications of machine learning in finance and economics
INFO:__main__:Grant #355 classification DONE			Dynamic Games: Theory, Algorithms and Applications (Civil, Industrial and Systems Engineering)
INFO:__main__:Grant #356 classification DONE			In-vitro Oral, Inhalation, and Dermal Bioaccessibility and Bioavailability of Metal(loid)s from Polluted Soils and Mine Tailings
INFO:__main__:Grant #357 classification DONE			Electrochemical biosensors for point-of-care diagnostics (Materials and Chemical Engineering)
INFO:__main__:Grant #358 classification DONE			Look Up!: The Media Logics of Aerial Communication (Communications, media studies, gender studies, library and information science, related fields)
INFO:__main__:Grant #359 classification DONE			Expectation Formation, Excess Currency Returns, and Foreign Exchange Interventions
INFO:__main__:Grant #360 classification DONE			Études génétiques et moléculaires de la fonction des Polycomb dans la formation et le maintien de la stabilité de l'hétérochromatine (Genes, Cells and Molecules)
INFO:__main__:Grant #361 classification DONE			Bringing the quantum revolution to fruition (Computer Science)
INFO:__main__:Grant #362 classification DONE			Apprentissage automatique et optimisation pour les graphes et réseaux (Civil, Industrial and Systems Engineering)
INFO:__main__:Grant #363 classification DONE			Thanatographies: (re)penser la mort en littérature
INFO:__main__:Grant #364 classification DONE			Mechanisms of assembly and function of the septin cytoskeleton in Drosophila (Genes, Cells and Molecules)
INFO:__main__:Grant #365 classification DONE			Propagating Marginal Probability Mass Functions in Constraint Programming Solvers: Challenges and Opportunities
INFO:__main__:Grant #366 classification DONE			Magnetic resonance navigation of drug eluting beads for liver cancer therapy: in-vitro optimization and preclinical safety efficacy study (Medical Physics & Imaging)
INFO:__main__:Grant #367 classification DONE			Robotic Perception in Extreme Environments (Electrical and Computer Engineering)
INFO:__main__:Grant #368 classification DONE			Modular and Lifelong Learning for Developing General Purpose Robotic Agents (Computer Science)
INFO:__main__:Grant #369 classification DONE			Algorithmic Fairness in Black-box Machine Learning Models (Computer Science)
INFO:__main__:Grant #370 classification DONE			Sex- and hormone-dependent recruitment of inhibitory neurons in rodent sensory cortex (Genes, Cells and Molecules)
INFO:__main__:Grant #371 classification DONE			Investigating the Adamts19-dependent mechanisms that regulate valve maturation (Developmental Biology)
INFO:__main__:Grant #372 classification DONE			Social Innovation Processes in and around Multinational Companies: The Role of Social Activists and their Transnational Networks (Social Innovation)
INFO:__main__:Grant #373 classification DONE			Regulation of collective cell migration by the kinase Misshapen (Cell and Developmental Physiology)
INFO:__main__:Grant #374 classification DONE			COHESION Study 2.0: COvid-19, HEalth and Social InteractiOn in Neighbourhoods
INFO:__main__:Grant #375 classification DONE			Breaking silos: Integrating software development and operations activities in organizations
INFO:__main__:Grant #376 classification DONE			Differential impact of stress on risk-taking behaviour in individuals using hippocampus versus caudate nucleus-dependent virtual navigation strategies (Biological Systems and Functions)
INFO:__main__:Grant #377 classification DONE			Gas phase activation of monosaccharides and 5-hydroxymethylfurfural to 2,5 diformylfuran a PEF monomer (Materials and Chemical Engineering)
INFO:__main__:Grant #378 classification DONE			Critical Edition, Translation and Study of Isaac ibn Latif's Commentary on Ecclesiastes (ca. 1240) (Philosophy, medieval studies, classics, religious)
INFO:__main__:Grant #379 classification DONE			Sound Art Documentation : Spatial Audio and Significant Knowledge (Communications, media studies, gender studies, library and information science, related fields)
INFO:__main__:Grant #380 classification DONE			Inter-Brain Synchronization: from Measurements to Mechanisms (Biological Systems and Functions)
INFO:__main__:Grant #381 classification DONE			Endothelial cell genetics and blood pressure regulation (Genetics)
INFO:__main__:Grant #382 classification DONE			ImproviNg rEnal outcomes following coronary angiograPhy and/or percuTaneoUs coroNary intErventions: a pragmatic, adaptive, patient-oriented randomized controlled trial
INFO:__main__:Grant #383 classification DONE			Machine Learning with Tensor Networks (Computer Science)
INFO:__main__:Grant #384 classification DONE			Elucidation of novel intracellular signaling mechanisms underlying uterine function and disease in cows (Biological Systems and Functions)
INFO:__main__:Grant #385 classification DONE			Data extraction from videos for the analysis of behaviors in urban scenes (Computer Science)
INFO:__main__:Grant #386 classification DONE			Inflammatory phenotype, senescence, and viscoelasticity imaging of macrophages in HIV (Medical Physics & Imaging)
INFO:__main__:Grant #387 classification DONE			Optimization algorithms for rich vehicle routing problems
INFO:__main__:Grant #388 classification DONE			Investigating the Innovation Process in Long-Term Care Facilities: A Research Project on the Adoption, Implementation and Assimilation of Health IT
INFO:__main__:Grant #389 classification DONE			KBTBD4 determines key epigenetic marks that govern human hematopoietic stem cell self-renewal (Genetics)
INFO:__main__:Grant #390 classification DONE			Representation learning and exploration of data geometries (Computer Science)
INFO:__main__:Grant #391 classification DONE			Vitamin K1 supplementation to improve cognition of patients with coronary heart disease: a randomized controlled pilot study
INFO:__main__:Grant #392 classification DONE			Simulation of physical processes with Monte Carlo methods in the keV and MeV energy range (Physics)
INFO:__main__:Grant #393 classification DONE			Characterizing and targeting lipocalin-type prostaglandin D2 synthase in osteoarthritis (Clinical Investigation – Arthritis, Bone, Skin and Cartilage)
INFO:__main__:Grant #394 classification DONE			3D Bioprinting of Cardiac Tissues (Materials and Chemical Engineering)
INFO:__main__:Grant #395 classification DONE			Fiscal Policy Spillovers and Inter-Sectoral Linkages: Theory and Evidence
INFO:__main__:Grant #396 classification DONE			Advanced Distributed Decision-making framework for Smart grid aggregators (Electrical and Computer Engineering)
INFO:__main__:Grant #397 classification DONE			Constitutional Legacies of the Judicial Committee of the Privy Council (Law and criminology)
INFO:__main__:Grant #398 classification DONE			Developing frameworks for climate positive design: Case Study of extraction and processing industries in Nova Scotia and Quebec (Geography, urban planning and related fields)
INFO:__main__:Grant #399 classification DONE			Re-Imagining Illness: The British Woman Writer's Medical Knowledge, 1660-1820 (Literature)
INFO:__main__:Grant #400 classification DONE			Regulation of thymic selection thresholds and their role in establishing T cell function (Immunology & Transplantation)
INFO:__main__:Grant #401 classification DONE			Viral Conjunctures: Pandemics and Planetary Health Narratives (Literature)
INFO:__main__:Grant #402 classification DONE			Companies and States: The Compagnie des Indes occidentales and the Reconfiguration of Authority in the French Atlantic, 1664-1674 (History)
INFO:__main__:Grant #403 classification DONE			Produits sanguins provenant de don de sang d'hommes ayant des relations sexuelles avec d'autres hommes (Étude PS-HARSAH) (Public, Community & Population Health)
INFO:__main__:Grant #404 classification DONE			Manipulating cytokine pathways to increase T cell stemness during chronic antigen exposure (Immunology & Transplantation)
INFO:__main__:Grant #405 classification DONE			Sexual dimorphism and menopause in the interaction between immune cells and neurovascular coupling (Cardiovascular System – Vascular System)
INFO:__main__:Grant #406 classification DONE			Novel Synthetic Methodologies Exploiting Nitrogen-Containing Molecules (Chemistry)
INFO:__main__:Grant #407 classification DONE			Towards Systematic and Cost-Effective Monitoring of Large-Scale Software Systems (Computer Science)
INFO:__main__:Grant #408 classification DONE			From examples to knowledge to software engineering support and automation (Computer Science)
INFO:__main__:Grant #409 classification DONE			B cell intrinsic mechanisms of the germinal centre reaction (Immunology & Transplantation)
INFO:__main__:Grant #410 classification DONE			Modifications of newly synthesized histones and the cellular response to DNA replication stress (Genes, Cells and Molecules)
INFO:__main__:Grant #411 classification DONE			Innovative Compressor/Fan Technologies for Reduction of Fossil Fuel Consumption
INFO:__main__:Grant #412 classification DONE			Exploring ancestry in Montréal's Notre-Dame Cemetery (1691-1797), using 3D morphometrics and ancient DNA (Multidisciplinary or interdisciplinary humanities)
INFO:__main__:Grant #413 classification DONE			Individual differences in natural scene semantics investigated with machine learning and neuroimaging (Biological Systems and Functions)
INFO:__main__:Grant #414 classification DONE			The Climate Crisis and the Future of Work
INFO:__main__:Grant #415 classification DONE			Grid Transition: New Generation Methodologies and Tools for Reliable Protection
INFO:__main__:Grant #416 classification DONE			Art-thérapie et réadaptation: une perspective transdisciplinaire
INFO:__main__:Grant #417 classification DONE			Optimization and game dynamics in machine learning (Computer Science)
INFO:__main__:Grant #418 classification DONE			Développement et validation d'un outil sur le climat de genre tel que perçu par les élèves des écoles secondaires (Education and social work)
INFO:__main__:Grant #419 classification DONE			CMV Dynamics and Transmission in Pregnancy: Comparison Between Women Living with and without HIV (Clinical Investigation – Reproduction, Maternal, Child and Youth Health)
INFO:__main__:Grant #420 classification DONE			Solidarité et entraide dans le contexte de l'autisme et du vieillissement
INFO:__main__:Grant #421 classification DONE			Children with sexual behaviour problems: Do specialized services influence their trajectory within child protection services? (Psychology)
INFO:__main__:Grant #422 classification DONE			Évaluer les pratiques préventives du Centre de prévention et d'intervention pour victimes d'agression sexuelle (CPIVAS) : projet pilote pour le programme de prévention « Clique sur toi! -- primaire »
INFO:__main__:Grant #423 classification DONE			Understanding what they want and what works: social support and well-being among men experiencing cancer (Multidisciplinary or interdisciplinary social sciences)
INFO:__main__:Grant #424 classification DONE			The Burden of Harsh Parenting on Socioemotional and Behavioral Problems: the Role of Chronic Cortisol secretion in the Preschool Years (Social & Developmental Aspects of Children's & Youth's Health)
INFO:__main__:Grant #425 classification DONE			From amusia to dyslexia: the role of feedback (Biological Systems and Functions)
INFO:__main__:Grant #426 classification DONE			Raconter-Cartographier. La scénarisation transmédiale (Fine Arts, Research-Creation)
INFO:__main__:Grant #427 classification DONE			Stratégies d'actions de communication innovantes visant une sensibilisation résiliente de la population face aux risques liés aux inondations
INFO:__main__:Grant #428 classification DONE			Chez soi jusqu'à la fin? Entre désirs et possibilités de mourir à domicile (Sociology, demography and related fields)
INFO:__main__:Grant #429 classification DONE			A combined in vivo/ex vivo experimental platform for the thorough 3D investigation of bone fatigue related microdamage (Mechanical Engineering)
INFO:__main__:Grant #430 classification DONE			Élaboration et mise à l'essai d'un dispositif d'accompagnement avec, par et pour des conseillers pédagogiques: soutenir le développement professionnel continu des enseignants débutants au regard de l'articulation croyances-pratiques (Education and social work)
INFO:__main__:Grant #431 classification DONE			Environmental Footprint of Mutual Funds and Pension Plans
INFO:__main__:Grant #432 classification DONE			An Ecology of Wood Cultures in Canada (2003-2020): comparing constructive cultures through awarded architectural designs
INFO:__main__:Grant #433 classification DONE			Improving allocation and supporting clinical decision-making for deceased donor kidney offers
INFO:__main__:Grant #434 classification DONE			The many facets of black hole feedback in galaxies (Physics)
INFO:__main__:Grant #435 classification DONE			Tics et syndrome de la Tourette: Bilan et Défis! Avancées des connaissances et discussion des enjeux liés à l'intervention
INFO:__main__:Grant #436 classification DONE			Targeting the SMARCD1-E2A-p53 Molecular Axis in B-Cell Lymphoma (Molecular & Cellular Biology of Cancer)
INFO:__main__:Grant #437 classification DONE			The biogeochemical heterogeneity of peatlands (Geosciences)
INFO:__main__:Grant #438 classification DONE			The role of referral networks on job outcomes (Economics)
INFO:__main__:Grant #439 classification DONE			Investigating neuroprotective strategies in genetic models of neurodegeneration
INFO:__main__:Grant #440 classification DONE			Plant diversity and ecosystem services in wetlands (Evolution and Ecology)
INFO:__main__:Grant #441 classification DONE			How do pioneer factor open chromatin?
INFO:__main__:Grant #442 classification DONE			Integrative physiology of ovarian follicular development and ovulation (Biological Systems and Functions)
INFO:__main__:Grant #443 classification DONE			Intracellular transport of proteins containing di-arginine endoplasmic reticulum-retention motifs (Genes, Cells and Molecules)
INFO:__main__:Grant #444 classification DONE			Plastic Waste Upgrading by Coupling Microwave Heating with Catalytic Pyrolysis (Materials and Chemical Engineering)
INFO:__main__:Grant #445 classification DONE			Controlling Molecular Organization in Materials (Chemistry)
INFO:__main__:Grant #446 classification DONE			Développement de méthodes d'apprentissage automatique pour la détection d'anomalies à l'échelle d'un ensemble de barrages
INFO:__main__:Grant #447 classification DONE			Investigation of the heterogeneity of mitochondrial dysfunction in idiopathic Parkinson's disease using induced neurons derived from patients (Molecular & Cellular Neurosciences)
INFO:__main__:Grant #448 classification DONE			The amyloid precursor protein intracellular domain is an effector molecule of metaplasticity - implications for the regulation of synaptic plasticity in Alzheimer disease (Molecular & Cellular Neurosciences)
INFO:__main__:Grant #449 classification DONE			Regulation of neutrophil antimicrobial defense through the pleiotropic receptor FPR2/ALX (Genes, Cells and Molecules)
INFO:__main__:Grant #450 classification DONE			The neural mechanisms underlying the promotion of motor learning by acute exercise (Biological Systems and Functions)
INFO:__main__:Grant #451 classification DONE			Scalable, versatile surface engineering through photo-initiated chemical vapour deposition (Materials and Chemical Engineering)
INFO:__main__:Grant #452 classification DONE			Regulation of cytokinesis by the novel and conserved flavin-dependent monooxygenase enzymes OSGN-1/OSGIN (Cell Biology - Molecular/Fundamental)
INFO:__main__:Grant #453 classification DONE			Enabling monitoring of ultra-processed food consumption among Canadians: Development and validation of a screener (Nutrition, Food & Health)
INFO:__main__:Grant #454 classification DONE			Les cognitions sociales implicites et les tendances comportementales associées aux émotions hostiles (Psychology)
INFO:__main__:Grant #455 classification DONE			Heidegger et Gadamer. Correspondance et bilan (Philosophy)
INFO:__main__:Grant #456 classification DONE			Generic AC-DC load-flow solution method with controllable AC-DC converters (Electrical and Computer Engineering)
INFO:__main__:Grant #457 classification DONE			Étude sur l'apport de l'expérience de l'émotion de la tristesse vécue et exprimée par des enfants endeuillés face à la réalité du processus de deuil tel que vécu au Québec (Education and social work)
INFO:__main__:Grant #458 classification DONE			Intelligent video surveillance to detect mobility problems of older adults at home: from fall detection to fall prevention (Electrical and Computer Engineering)
INFO:__main__:Grant #459 classification DONE			Dynamic Ultrasound Localization Pulsatility Imaging (Medical Physics & Imaging)
INFO:__main__:Grant #460 classification DONE			Metabolic control of plant non-photosynthetic metabolism (Biological Systems and Functions)
INFO:__main__:Grant #461 classification DONE			COLCOT-T2D : Colchicine for Primary Prevention of Cardiovascular Events in Patients with Type 2 Diabetes
INFO:__main__:Grant #462 classification DONE			Major Resource Support at the Université de Montréal for Canada's Subatomic Physics Program
INFO:__main__:Grant #463 classification DONE			Plateforme d'imagerie macroscopique ultra sensible pour l'étude des neurotransmetteurs et des neuromodulateurs in vivo (Biological Systems and Functions)
INFO:__main__:Grant #464 classification DONE			Algorithmes de calcul de dose basé sur des modèles pour des applications avancées en physique médicale (Physics)
INFO:__main__:Grant #465 classification DONE			Logistics and transportation (Civil, Industrial and Systems Engineering)
INFO:__main__:Grant #466 classification DONE			Systematic mapping of the global ARF network interactome by BioID coupled to functional studies to reveal novel biological functions (Cell Biology – Molecular/Fundamental)
INFO:__main__:Grant #467 classification DONE			Measuring Partisan Conflicts on Social Media (Political science and public administration)
INFO:__main__:Grant #468 classification DONE			The emergence of problem clarity in teams and its influence innovation project success
INFO:__main__:Grant #469 classification DONE			The release of carbon and pollutants from eastern canadian watersheds in response to atmospheric deposition and climate change
INFO:__main__:Grant #470 classification DONE			Récepteur radiofréquence pour système de caractérisation d'antennes en micro-ondes et ondes millimétriques (Electrical and Computer Engineering)
INFO:__main__:Grant #471 classification DONE			Advanced Simulation Tools for the Design and Operation of Circular Economy Strategies
INFO:__main__:Grant #472 classification DONE			Révélations daoustiennes : nouvelles perspectives sur le théâtre francophone du Québec 1895-1940 (Fine Arts, Research-Creation)
INFO:__main__:Grant #473 classification DONE			Dormir sans pression: un concept intégrateur pour les patients tétraplégiques et les aidants pour minimiser les plaies de pression, améliorer le sommeil et favoriser la résilience face à la lésion de la moelle épinière
INFO:__main__:Grant #474 classification DONE			Assessment of mechanical and durability performances of NSC to self-healing FRC structural components under combined mechanical and environemental loadings (Civil, Industrial and Systems Engineering)
INFO:__main__:Grant #475 classification DONE			eNOS regulates endothelial cell polarity and angiogenic sprouting in vascular pathologies (Cardiovascular System – Vascular System)
INFO:__main__:Grant #476 classification DONE			Comparative Effectiveness of Repetitive Versus Deep Transcranial Magnetic Stimulation for Major Depression: A Randomized Controlled Trial
INFO:__main__:Grant #477 classification DONE			Planning and developing Canadian intersectoral partnerships and knowledge sharing for sustainable LD risk mitigation in peri-domestic high-risk areas
INFO:__main__:Grant #478 classification DONE			Du réseau de neurones au circuit logique et réciproquement : le meilleur des deux mondes (Electrical and Computer Engineering)
INFO:__main__:Grant #479 classification DONE			Faire du virtuel une réalité : l'exploration de l'utilité d'agents virtuels autonomes en contexte de formation à l'évaluation des jeunes contrevenants (Psychology)
INFO:__main__:Grant #480 classification DONE			Global Corporate Minimum Tax in Canada? Politics, Policy and Practice
INFO:__main__:Grant #481 classification DONE			Briser les silos de recherche : pour l'amélioration des interactions entre les milieux universitaire et professionnel en sciences de l'information
INFO:__main__:Grant #482 classification DONE			Simulation numérique des écoulements multi-composants à trois phases par l'approche de Boltzmann sur réseau
INFO:__main__:Grant #483 classification DONE			Developing an initial understanding of the factors involved in psychological readiness to return to sport following a concussion (Psychology, linguistics and translation)
INFO:__main__:Grant #484 classification DONE			Roles for mitochondrial adaptation in fatty liver disease and associated liver cancer (Cell Biology – Disease)
INFO:__main__:Grant #485 classification DONE			Lagrangian analyzes of complex and turbulent flows for advanced flow diagnostics (Mechanical Engineering)
INFO:__main__:Grant #486 classification DONE			Energy and spectrum opportunistic relaying for sustainable wireless networks
INFO:__main__:Grant #487 classification DONE			Plasmonic optophysiology (Chemistry)
INFO:__main__:Grant #488 classification DONE			A statistical perspective for some challenges in data science
INFO:__main__:Grant #489 classification DONE			Structural and functional characterization of protein-metal interactions (Genes, Cells and Molecules)
INFO:__main__:Grant #490 classification DONE			To study the pathogenesis and its underlying mechanisms of an abnormally large Pol II pool size caused by a defective novel ARMC5-containing POLR2A-specific ubiquitin ligase
INFO:__main__:Grant #491 classification DONE			Perspectives compositionnelles sur la sémiotique musicale, à partir de l'intégration théorique et pratique de la sémiotique deleuzienne du cinéma (Fine arts, research-creation)
INFO:__main__:Grant #492 classification DONE			Regulation of germinal center B cell function during antibody responses (Immunology & Transplantation)
INFO:__main__:Grant #493 classification DONE			Victims, Law and Justice: A Partnership approach to Transformative Justice
INFO:__main__:Grant #494 classification DONE			Dynamic scene processing in humans (Biological Systems and Functions)
INFO:__main__:Grant #495 classification DONE			Planning for mercury-related vision rehabilitation services for Grassy Narrows First Nation community
INFO:__main__:Grant #496 classification DONE			L'intégration des PFÉ dans les stages d'actualisation et de requalification de l'Université de Montréal
INFO:__main__:Grant #497 classification DONE			Cartographie des sensibilités queer dans la culture audiovisuelle populaire (Communications, media studies, gender studies, library and information science, related fields)
INFO:__main__:Grant #498 classification DONE			De l'innovation à la nouvelle conformité : les usages complexes des smart drugs (Sociology, demography and related fields)
INFO:__main__:Grant #499 classification DONE			Favoriser la participation sociale des aînés présentant des problèmes de mobilité : partenariat pour le codéveloppement d'un service innovant offert en contexte communautaire
INFO:__main__:Grant #500 classification DONE			Chemosensation in Parkinson's disease: Trigeminal sensitivity as a potential marker (Behavioural Sciences)
INFO:__main__:Grant #501 classification DONE			Nuclear Factor Erythroid 2-Related Factor 2 (NRF2) and Regulation of Sodium-Glucose Co-Transporter 2 (SGLT2) Expression in Type 2 Diabetes (Diabetes, Obesity, Lipid & Lipoprotein Disorders)
INFO:__main__:Grant #502 classification DONE			Identifying and functionally validating IBD genes and variants impacting intestinal epithelial barrier integrity (Genetics)
INFO:__main__:Grant #503 classification DONE			Structural and functional characterization of type IV secretion system pili (Biochemistry & Molecular Biology)
INFO:__main__:Grant #504 classification DONE			Targeting the extracellular adenosine pathway in pancreatic and liver cancers
INFO:__main__:Grant #505 classification DONE			The impact of amyloid-induced neurodegeneration on sleep features and memory processes (Biological and Clinical Aspects of Aging)
INFO:__main__:Grant #506 classification DONE			Disentangling the Kinematics of the Solar Neighborhood to Calibrate the Ages of Stars and Exoplanets (Physics)
INFO:__main__:Grant #507 classification DONE			Towards a Transcultural History and Theory of Heterophony (Fine Arts, Research-Creation)
INFO:__main__:Grant #508 classification DONE			What Do Deep Learning Systems Understand? (Philosophy, medieval studies, classics, religious)
INFO:__main__:Grant #509 classification DONE			Improving endurance performance using maple syrup
INFO:__main__:Grant #510 classification DONE			Multi-Omic Primate Adaptation to Local Environments (Evolution and Ecology)
INFO:__main__:Grant #511 classification DONE			The Role of the State for Long-run Economic Development in Europe (Economics)
INFO:__main__:Grant #512 classification DONE			Éditions critiques numériques et multilinguisme
INFO:__main__:Grant #513 classification DONE			Metabolic control of vascular regeneration in retinopathy of prematurity (Clinical Investigation – Reproduction, Maternal, Child and Youth Health)
INFO:__main__:Grant #514 classification DONE			Mechanics and dynamics of mineral dust production within cold climates (Geosciences)
INFO:__main__:Grant #515 classification DONE			Biosecurity in Canadian dairy farms: Unraveling the epidemiology of bovine infectious diseases and refining diagnostic strategies to improve their detection, prevention and control (Biological Systems and Functions)
INFO:__main__:Grant #516 classification DONE			Mobilité urbaine et ressources langagières à Santiago du Chili (Linguistics and translation)
INFO:__main__:Grant #517 classification DONE			Pays perdus, terres promises : deux imaginaires du territoire de l'Antiquité à nos jours
INFO:__main__:Grant #518 classification DONE			Supraionic engineering of liquid electrolytes for electrochemistry and ionometallurgy
INFO:__main__:Grant #519 classification DONE			Pricing and Profitability in Non-Life Insurance
INFO:__main__:Grant #520 classification DONE			Regulation of glycolysis in T cell metabolic reprogramming (Genes, Cells and Molecules)
INFO:__main__:Grant #521 classification DONE			After-images and urban spaces: lesbian, gay and queer visible presence in Montreal (1950-1990) (Communications, media studies, gender studies, library and information science, related fields)
INFO:__main__:Grant #522 classification DONE			Heterochromatin Protein 1 (HP1) in maternal infertility and embryonic development (Genes, Cells and Molecules)
INFO:__main__:Grant #523 classification DONE			Chronic non-cancer pain, substance use, and related harms: Towards an optimal treatment pathway for people who inject drugs in the context of the opioid crisis (Behavioural Sciences – Clinical Behavioural Sciences)
INFO:__main__:Grant #524 classification DONE			Simulation stochastique à haute résolution spatiale pour les études des risques d'inondation en milieu urbain
INFO:__main__:Grant #525 classification DONE			Innovative mobile health treatment modality to treat sleep difficulties in healthcare workers working on atypical work schedules
INFO:__main__:Grant #526 classification DONE			Interpretable Machine Learning Approaches Applied to Omics Datasets (Genes, Cells and Molecules)
INFO:__main__:Grant #527 classification DONE			Prevention and treatment of preeclampsia using exercise training and Angiotensin-(1-7): determining the mechanisms and clinical potential (Cardiovascular System – Heart and Circulation)
INFO:__main__:Grant #528 classification DONE			Connecting MRI physics and artificial intelligence to advance novel acquisition and analyses technologies for neuroimaging applications (Physics)
INFO:__main__:Grant #529 classification DONE			The Paperology Symposium
INFO:__main__:Grant #530 classification DONE			Mechanisms affecting follicular development and ovulation in the Bovine model
INFO:__main__:Grant #531 classification DONE			Measuring and modeling large-scale electrophysiological brain dynamics: From neural mechanisms to cognitive processes (Biological Systems and Functions)
INFO:__main__:Grant #532 classification DONE			Apprentissage des jeunes adultes touchés par un cancer du sang : création de solutions à l'aide du co-design
INFO:__main__:Grant #533 classification DONE			Mentalisation parentale non verbale sous la loupe : Valeur ajoutée à la relation parent-enfant et complémentarité avec la mentalisation parentale verbale (Psychology, linguistics and translation)
INFO:__main__:Grant #534 classification DONE			A multifactorial and integrative approach to investigate spoken discourse in Canadian French (Mutidisciplinary or interdisciplinary social sciences)
INFO:__main__:Grant #535 classification DONE			Opening the blackbox on the relation between participation in hackathons and the development of longer-term collaborative capabilities
INFO:__main__:Grant #536 classification DONE			A multi-country comparison of COVID-19 response: Planning, implementation, and health system resilience (Canadian 2019 Novel Coronavirus (2019-nCoV) Rapid Research)
INFO:__main__:Grant #537 classification DONE			Participatory Democracy and the Canadian Genetic Non-Discrimination Act (Multidisciplinary or interdisciplinary humanities)
INFO:__main__:Grant #538 classification DONE			Levelling the Playing Fields: Creating the conditions for free-play to emerge in cities (Public, Community & Population Health)
INFO:__main__:Grant #539 classification DONE			Using prospective and observational designs to study support processes and sexual well-being in long-term couples (Psychology)
INFO:__main__:Grant #540 classification DONE			Molecular dissection of mitotic kinase functions using chemogenomics (Genes, Cells and Molecules)
INFO:__main__:Grant #541 classification DONE			Compassion and Collective Care in Long-Term Care Settings: A Communicative Perspective (Communications, media studies, gender studies, library and information science, related fields)
INFO:__main__:Grant #542 classification DONE			Towards a better understanding of contaminant bioavailability- urgent replacement of photosynthetic incubators (Geosciences)
INFO:__main__:Grant #543 classification DONE			Marking Monastic Space: The Spatial Iconography of Inscribed Capitals, 1080-1160 (Fine arts, research-creation)
INFO:__main__:Grant #544 classification DONE			Dans l'intérêt du patient : la relation thérapeutique au sein de la Collection hippocratique (Philosophy, medieval studies, classics, religious)
INFO:__main__:Grant #545 classification DONE			Advanced methods for depth-based human pose estimation and motion analysis: application to vital signs monitoring in the intensive care unit (Electrical and Computer Engineering)
INFO:__main__:Grant #546 classification DONE			RÉAC ! Réactivité de la prise en charge des nouveaux arrivants face à la pandémie de COVID-19 à Montréal, Sherbrooke et Toronto : une recherche mixte participative (Health Policy & Systems Management Research)
INFO:__main__:Grant #547 classification DONE			Public School Choice and Refugee Assignment: (Dynamic) Minimal Instability for Non-Unit Capacities and for Lotteries and Weak Priorities (Economics)
INFO:__main__:Grant #548 classification DONE			Metabolic and translational dependencies of activated T cells (Genes, Cells and Molecules)
INFO:__main__:Grant #549 classification DONE			Transformer des espaces conventionnels et dysfonctionnels de participation : scénarios pour accroître la participation des citoyens aux comités consultatifs
INFO:__main__:Grant #550 classification DONE			CITE-sequencing analysis revealed immune cell diversity in colonic mesenteric lymph nodes from IBD patients
INFO:__main__:Grant #551 classification DONE			The neglected place of financial information and accountants in Canadian tech startups
INFO:__main__:Grant #552 classification DONE			Reinventing the Rash: A Global History of Measles in the Vaccine Era (History)
INFO:__main__:Grant #553 classification DONE			A New, Data-Driven Era for Precision Cosmology: Measuring the Expansion Rate of the Universe with Machine Learning (Physics)
INFO:__main__:Grant #554 classification DONE			Créer-Entreprendre ! Trajectoires croisées : arts numériques et école nationale de cirque. Une exploration des reconfigurations des projets créatifs et des modèles de valeur post-Covid
INFO:__main__:Grant #555 classification DONE			Factors that control translational fidelity in mammalian cells (Genes, Cells and Molecules)
INFO:__main__:Grant #556 classification DONE			Exploiting the synthetic-lethal vulnerabilities of stem cells and cancer cells with eroded telomeres (Molecular & Cellular Biology of Cancer)
INFO:__main__:Grant #557 classification DONE			Physicochemical characterization of pre-clinical samples of a bacteriophage therapy spray-on patch for the treatment of COVID-19-related pressure injury resistant infections
INFO:__main__:Grant #558 classification DONE			Dumping of waste rocks (WR) in mine stopes being filled with paste backfill (PB): Experimental and numerical investigations on the natural mixing behavior between WR and PB
INFO:__main__:Grant #559 classification DONE			Deep neural network uncertainty estimation for safe integration into autonomous driving autonomy systems
INFO:__main__:Grant #560 classification DONE			Adaptive Mechanical Systems for Physical Embodied Intelligence Robotics
INFO:__main__:Grant #561 classification DONE			Transnational families and midwifery care: Expectations, challenges and practices during pregnancy, childbirth and postpartum (Evolving Narratives of Cultures and Histories)
INFO:__main__:Grant #562 classification DONE			Constructing participatory performance: the ecologies and architectures of audience engagement (Communications, media studies, gender studies, library and information science, related fields)
INFO:__main__:Grant #563 classification DONE			Development and implementation of a standardized methodology aiming to optimize the efficacy and reproducibility of findings using non-invasive brain stimulation techniques in the context of motor training (Biological Systems and Functions)
INFO:__main__:Grant #564 classification DONE			Putting interfaces at work (Materials and Chemical Engineering)
INFO:__main__:Grant #565 classification DONE			Les outils de l'intersectorialité au niveau régional, comment sont-ils produits et comment opèrent-ils? (Political science and public administration)
INFO:__main__:Grant #566 classification DONE			Cell biology and function of dopamine neuron connectivity in health and disease (Molecular & Cellular Neurosciences)
INFO:__main__:Grant #567 classification DONE			Exploiting Graphical Optimization Models to Solve Discrete Decision Problems in Healthcare and Supply Chain Logistics (Civil, Industrial and Systems Engineering)
INFO:__main__:Grant #568 classification DONE			Alliance de recherche et d'action Alternatives inclusives en Santé mentale
INFO:__main__:Grant #569 classification DONE			The development of a quality benchmark that identifies and addresses the determinants of online information reliability to inform information-seeking by a diverse population (Communications, media studies, gender studies, library and information science, related fields)
INFO:__main__:Grant #570 classification DONE			Staufen2 and DNA damage (Genes, Cells and Molecules)
INFO:__main__:Grant #571 classification DONE			Ultra-high-resolution emission and absorption spectroscopy of non-equilibrium and highly-reactive plasmas applied to complex materials processing (Physics)
INFO:__main__:Grant #572 classification DONE			Symmetries: Algebra and Physics
INFO:__main__:Grant #573 classification DONE			Mobilizing Women's Entrepreneurship for empowerment and local economic development
INFO:__main__:Grant #574 classification DONE			Calmodulation of ion channels (Genes, Cells and Molecules)
INFO:__main__:Grant #575 classification DONE			A multidimensional approach to study the biophysics of bioadhesin interaction with advanced nanomaterials
INFO:__main__:Grant #576 classification DONE			Smart nanostructured optical coatings prepared by pulsed plasma-based techniques (Physics)
INFO:__main__:Grant #577 classification DONE			Développement de vêtements de protection chimique intelligents à haute performance de filtration (Materials and Chemical Engineering)
INFO:__main__:Grant #578 classification DONE			Context and Culture: Linguistic Anthropology and the Legacy of Michael Silverstein
INFO:__main__:Grant #579 classification DONE			Ultra-trace laboratory for legacy and emerging contaminants (Geosciences)
INFO:__main__:Grant #580 classification DONE			Improving vulnerable preschoolers' mental health: A superiority trial assessing the How-to Parenting Program
INFO:__main__:Grant #581 classification DONE			Polymeric Nanoparticles for Delivery of Ribonucleic Acids: Overcoming the Endosomal Barrier and Going Beyond the Liver (Materials and Chemical Engineering)
INFO:__main__:Grant #582 classification DONE			Crime in the Decentralized Finance Industry (Law and criminology)
INFO:__main__:Grant #583 classification DONE			Gravitation, quantum mechanics and quantum field theory
INFO:__main__:Grant #584 classification DONE			Improving hedging effectiveness in actuarial and financial applications (Mathematics and Statistics)
INFO:__main__:Grant #585 classification DONE			Closing the Comorbidity Gap for People Living with HIV : a Randomized Controlled Trial of Fostemsavir to Reduce Inflammaging
INFO:__main__:Grant #586 classification DONE			Autonomie des acteurs dans les relations asymétriques: États de facto et leur patron entre l'Europe et la Russie (Political science and public administration)
INFO:__main__:Grant #587 classification DONE			Replacement of the femtosecond laser in the THz spectroscopic microscopy laboratory (Electrical and Computer Engineering)
INFO:__main__:Grant #588 classification DONE			Bringing nutrition to life among vulnerable populations: experiences from Latin America and Canada
INFO:__main__:Grant #589 classification DONE			Long non-coding RNAs in growth factor signaling (Genes, Cells and Molecules)
INFO:__main__:Grant #590 classification DONE			Plan d'action pour la gestion de la douleur chronique du Ministère de la Santé et des Services sociaux du Québec: Évaluation de la mise en œuvre et des impacts des projets initiaux en vue d'une généralisation progressive à l'ensemble du Québec
INFO:__main__:Grant #591 classification DONE			INNOV Phase I: Leverage artificial intelligence to improve Environmental, Social, and Governance (ESG) data
INFO:__main__:Grant #592 classification DONE			Prevention of anastomotic leak in colorectal surgery through microbiome mediation of intestinal healing (Nutrition, Food & Health)
INFO:__main__:Grant #593 classification DONE			Development of a tailored approach to move towards a sustainable circular economy business model in the plastic film sector: the case of Balcan
INFO:__main__:Grant #594 classification DONE			Enseignement de l'histoire et jeux vidéos (Education and social work)
INFO:__main__:Grant #595 classification DONE			Functions of bacterial type IA topoisomerases in the prevention of R-loop-dependent and -independent genomic instability (Genes, Cells and Molecules)
INFO:__main__:Grant #596 classification DONE			High-Performance Dynamic Language Implementation (Computer Science)
INFO:__main__:Grant #597 classification DONE			Methodological improvements for the statistical analysis of neurophysiological data with applications in user experience
INFO:__main__:Grant #598 classification DONE			Glycerol 3-phosphate phosphatase and the glycerol shunt in senescence and healthy aging
INFO:__main__:Grant #599 classification DONE			Regulation of innate antiviral defenses through Interleukin-17 receptor D (IL-17RD) (Virology & Viral Pathogenesis)
INFO:__main__:Grant #600 classification DONE			Biological modeling to bridge in vitro and epidemiological studies: A new approach for animal-free chemical risk assessment
INFO:__main__:Grant #601 classification DONE			IAL (Intelligence Artificielle Littéraire) : expérimentation d'algorithmes d'apprentissage automatique pour définir et identifier les variations dans l'Anthologie grecque (Literature)
INFO:__main__:Grant #602 classification DONE			Studies on the pathogenesis of the infections caused by streptococcus suis (Biological Systems and Functions)
INFO:__main__:Grant #603 classification DONE			Autonomous learning agents for intelligent neurostimulation
INFO:__main__:Grant #604 classification DONE			Hox genes in development and evolution of distal limbs (Developmental Biology)
INFO:__main__:Grant #605 classification DONE			Defence Lawyers and the Relevance of Social Problems in Lower Criminal Courts: A Comparative Analysis (Law and criminology)
INFO:__main__:Grant #606 classification DONE			Les pratiques extrascolaires de littératie d'adolescents ayant une déficience intellectuelle (Education and social work)
INFO:__main__:Grant #607 classification DONE			Brain-Derived Neurotrophic Factor in hemostasis and thrombosis
INFO:__main__:Grant #608 classification DONE			Engagement des bibliothèques publiques et scolaires en faveur du développement des compétences en littératie pour les élèves du troisième cycle du primaire et du secondaire : portrait et stratégie de transfert (Communications, media studies, gender studies, library and information science, related fields)
INFO:__main__:Grant #609 classification DONE			Mieux comprendre les défis et conditions de pratiques des parents d'accueil dans le contexte actuel de professionnalisation de l'accueil familial (Education and social work)
INFO:__main__:Grant #610 classification DONE			A mixed methods study of stakeholders' perspectives on ethical and logistical issues related to advanced living donation in kidney transplantation in Canada, and a proposal for guidelines in a Canadian context (Health Policy & Systems Management Research)
INFO:__main__:Grant #611 classification DONE			To uncover, understand and exploit the estrogen-oncolytic virus crosstalk to improve therapy (Cancer Biology & Therapeutics)
INFO:__main__:Grant #612 classification DONE			Structure and rheology of mixed hydrocolloid gels as model systems for food 3D printing (Materials and Chemical Engineering)
INFO:__main__:Grant #613 classification DONE			« Une bonne relation avec mon chef ! » : anatomie des relations entre gestionnaires et employés en contexte de travail à distance (Business, management and related fields)
INFO:__main__:Grant #614 classification DONE			Priorisation des soins intensifs en contexte extrême de pandémie : 1) modélisation/simulation de différentes stratégies de priorisation de l'accès aux soins intensifs et 2) délibérations démocratiques des parties prenantes sur les valeurs qui sous-tendent les modèles et leurs impacts sanitaires
INFO:__main__:Grant #615 classification DONE			Understanding cyber abuse in context: The interplay of distal and situational correlates of daily cyber abuse in young adult couples (Psychology)
INFO:__main__:Grant #616 classification DONE			Humanitarian Supply Chain Design and Management
INFO:__main__:Grant #617 classification DONE			La transformation sémantique et syntaxique des données de situations professionnelles pour l'apprentissage du raisonnement clinique (Education and social work)
INFO:__main__:Grant #618 classification DONE			Intergenerational transmission of vulnerability to PTSD : When children learn fear from their parent (Social & Developmental Aspects of Children's & Youth's Health)
INFO:__main__:Grant #619 classification DONE			La musique au service du pouvoir, entre propagande et diplomatie : Du Troisième Reich à la fin de la Guerre froide  (Fine Arts, Research-Creation)
INFO:__main__:Grant #620 classification DONE			Mesures de contrôle en santé mentale : un environnement contraignant? (Mutidisciplinary or interdisciplinary social sciences)
INFO:__main__:Grant #621 classification DONE			R3AI: Shifting Paradigms for a Robust, Reasoning, and Responsible Artificial Intelligence and its Adoption - CFREF (CIHR Contribution)
INFO:__main__:Grant #622 classification DONE			À la rencontre des réalités virtuelle et concrète : la place de la scénographie dans la cocréation opératique
INFO:__main__:Grant #623 classification DONE			Parenting dimensions' influence on the psychosocial adaptation of preschoolers with language deficits (Psychology)
INFO:__main__:Grant #624 classification DONE			The structure-function relationships between capsular polysaccharides and the immune system during Streptococcus suis infections (Genes, Cells and Molecules)
INFO:__main__:Grant #625 classification DONE			Études des mécanismes de colonisation de Clostridium perfringens en productions animales (Biological Systems and Functions)
INFO:__main__:Grant #626 classification DONE			Formation interactive en ligne: une solution à la formation des employés dans un contexte de roulement de personnel
INFO:__main__:Grant #627 classification DONE			Mise en ouvre des politiques EDI en enseignement supérieur au Québec : construction de sens et types de réponses aux mesures destinées aux parcours étudiants (Education and social work)
INFO:__main__:Grant #628 classification DONE			Continuum PAROLE-Onco : Vers le développement de compétences en auto-soins pour améliorer l'expérience de la vie après les traitements aigus de cancer du sein
INFO:__main__:Grant #629 classification DONE			CAN-DO (CANnabis research DevelOpment): A cells-to-society research program on cannabis and mental health in younger adults
INFO:__main__:Grant #630 classification DONE			Effets d'une intervention de proximité mère-prématuré et de calme (NeuroN-QI) sur le neurodéveloppement de nouveau-nés prématurés : un essai clinique randomisé
INFO:__main__:Grant #631 classification DONE			Corticospinal mechanisms of locomotor recovery after spinal cord injury (Movement & Exercise)
INFO:__main__:Grant #632 classification DONE			Innover pour enseigner le management : cadres théoriques, mise en oeuvre et mesure d'impact
INFO:__main__:Grant #633 classification DONE			Advances in functional linear regression (Mathematics and Statistics)
INFO:__main__:Grant #634 classification DONE			Modélisation et choix du mode de réalisation dans les projets de construction (Civil, Industrial and Systems Engineering)
INFO:__main__:Grant #635 classification DONE			An in silico platform simulating cell metabolic behavior (Materials and Chemical Engineering)
INFO:__main__:Grant #636 classification DONE			Commande optimale stochastique avec applications en épidémiologie et en fiabilité (Civil, Industrial and Systems Engineering)
INFO:__main__:Grant #637 classification DONE			Reinforcement Learning in Electricity Markets with Storage Technologies
INFO:__main__:Grant #638 classification DONE			Advancing psychobiology of abnormal repetitive behaviours in carnivorous species (Biological Systems and Functions)
INFO:__main__:Grant #639 classification DONE			Du politique dans l'usage des archives filmiques : enjeux contemporains de la production documentaire
INFO:__main__:Grant #640 classification DONE			Neuroinflammation as a biomarker for epilepsy and neuropsychiatric comorbidities among people with tuberous sclerosis complex: a prospective, multicentre study
INFO:__main__:Grant #641 classification DONE			Quels sont les dimensions et savoirs spécifiques à la coordination des services et des soins des personnes ayant des besoins complexes? (Multidisciplinary or interdisciplinary social sciences)
INFO:__main__:Grant #642 classification DONE			Determining spatial arrangement, stoichiometry, and substrate specificity of messenger RNA-binding proteins along the gene expression pathway (Genes, Cells and Molecules)
INFO:__main__:Grant #643 classification DONE			Plateformes et usages : cinéma, télévision, jeu vidéo et création numérique
INFO:__main__:Grant #644 classification DONE			Time to investigate human visual shape perception and recognition (Biological Systems and Functions)
INFO:__main__:Grant #645 classification DONE			The gamification of online stochastic optimization problems
INFO:__main__:Grant #646 classification DONE			Effects of an Open Lung protective protective EXTubation strategy compared to a conventional extubation strategy on postoperative pulmonary complications after general anesthesia as part of a comprehensive lung protective ventilation strategy: a multicenter pilot randomized controlled trial (OLEXT-3 study)
INFO:__main__:Grant #647 classification DONE			Additively manufactured composite parts service properties prediction : an essential step to unleash the full potential of additive manufacturing of composites
INFO:__main__:Grant #648 classification DONE			Transcriptional regulation by long noncoding RNAs (Genes, Cells and Molecules)
INFO:__main__:Grant #649 classification DONE			Outils et méthodes de planification des services d'autopartage
INFO:__main__:Grant #650 classification DONE			Sécurité de l'internet des objets dans les villes intelligentes (Computer Science)
INFO:__main__:Grant #651 classification DONE			Understanding the early pathogenesis of necrotic enteritis in chickens (Biological Systems and Functions)
INFO:__main__:Grant #652 classification DONE			Trajectoire vers la sécurité des femmes en situation de handicap victimes de violence conjugale: une recherche-action intersectorielle en soutien aux droits des femmes
INFO:__main__:Grant #653 classification DONE			Regard des travailleuses sociales sur leur pratique professionnelle d'évaluation psychosociale à la suite de l'entrée en vigueur de la Loi visant à mieux protéger les personnes en situation de vulnérabilité : une étude à devis mixte
INFO:__main__:Grant #654 classification DONE			La police face à la justice : une analyse des systèmes de gestion des déviances policières au Québec (Law and criminology)
INFO:__main__:Grant #655 classification DONE			Soigner et gouverner les corps autochtones: santé et médecine coloniale au Québec, 1855-1904 (History)
INFO:__main__:Grant #656 classification DONE			Development of near infrared spectroscopy (NIRS) and electroencephalography (EEG) methods to study neurovascular mechanisms of brain development (Physics)
INFO:__main__:Grant #657 classification DONE			Role of vitamin K-dependent gamma-carboxylation in beta cell and diabetes (Diabetes, Obesity, Lipid & Lipoprotein Disorders)
INFO:__main__:Grant #658 classification DONE			Competition in the Canadian Mobile Telecommunications Industry: Weak Signals? (Economics)
INFO:__main__:Grant #659 classification DONE			Gut-lung axis in equine asthma (Biological Systems and Functions)
INFO:__main__:Grant #660 classification DONE			Several aspects of L-functions (Mathematics and Statistics)
INFO:__main__:Grant #661 classification DONE			Estimating the Effects of Government Spending Along the Supply Chain
INFO:__main__:Grant #662 classification DONE			Using calorespirometry to assemble a complete picture of acute hypoxic metabolic depression in fishes (Biological Systems and Functions)
INFO:__main__:Grant #663 classification DONE			Electronic structure theory: Merging wave function theory, density functional theory, and machine learning (Chemistry)
INFO:__main__:Grant #664 classification DONE			Comprehensive lipidomics to identify novel players involved in the onset of cardiac manifestations of non-alcoholic fatty liver disease
INFO:__main__:Grant #665 classification DONE			Longitudinal monitoring of visual function during cortical impairment in mice (Systems & Circuits Neurosciences)
INFO:__main__:Grant #666 classification DONE			Gouvernance et acceptabilité sociale des grands projets publics
INFO:__main__:Grant #667 classification DONE			Structural and functional changes in the brain of early and late blind individuals (Behavioural Sciences – Behavioural Studies, Neuroscience and Cognition)
INFO:__main__:Grant #668 classification DONE			New unsupervised Bayesian and energy-based models dedicated to image processing and computer vision applications (Computer Science)
INFO:__main__:Grant #669 classification DONE			Phenomenology and The Norms of Perception (Philosophy)
INFO:__main__:Grant #670 classification DONE			Intelligent API Engineering: Systematically Leveraging APIs Through Development Knowledge and Usage Data
INFO:__main__:Grant #671 classification DONE			Investigating mechanisms involved in vestibular substitution (Biological Systems and Functions)
INFO:__main__:Grant #672 classification DONE			« COVID-19 » Migration en ligne et évaluation des impacts d'un programme de groupes de codéveloppement professionnel dans la fonction publique québécoise
INFO:__main__:Grant #673 classification DONE			Multibody modelling to prototype next generation portable exoskeletons for everyday assistance (Mechanical Engineering)
INFO:__main__:Grant #674 classification DONE			Biomaterials-stimulated tissue regeneration and extracellular vesicles (Genes, Cells and Molecules)
INFO:__main__:Grant #675 classification DONE			Clinical Investigation in Canine and Feline Transfusion Medicine: Novel Blood Groups and their Clinical Significance (Biological Systems and Functions)
INFO:__main__:Grant #676 classification DONE			Uauitamutau assi. Terminologie de l'environnement en langue innue (innu-aimun) (Psychology, linguistics and translation)
INFO:__main__:Grant #677 classification DONE			Novel role of exercise timing to improve obesity prevention and treatment (Nutrition, Food & Health)
INFO:__main__:Grant #678 classification DONE			Impact of vascular injury derived exosomes on Lupus Nephritis (Genes, Cells and Molecules)
INFO:__main__:Grant #679 classification DONE			Étude des logiques d'action syndicales dans le domaine de la santé mentale au travail: analyses croisées (Québec-France) dans le secteur de l'aérospatial (Business, management and related fields)
INFO:__main__:Grant #680 classification DONE			Linking lifestyle behaviors, microbiota & cardiometabolic health from childhood to early adulthood: The QUALITY Cohort (Social & Developmental Aspects of Children's & Youth's Health)
INFO:__main__:Grant #681 classification DONE			Les syndicats face à la crise climatique : Analyse stratégique des ressources et des moyens d'action à mettre en oeuvre au plan local
INFO:__main__:Grant #682 classification DONE			Étude du devenir-écrivaine en régime naturaliste : le cas de Georges de Peyrebrune (1841-1917) (Literature)
INFO:__main__:Grant #683 classification DONE			Neutrophil extracellular traps (NETs) are major actors in heart failure with preserved ejection fraction (Cardiovascular System – Heart and Circulation)
INFO:__main__:Grant #684 classification DONE			Harnessing Twitter for morphophonological variation (Psychology, linguistics and translation)
INFO:__main__:Grant #685 classification DONE			Multicarrier energy systems for resilient decarbonized communities
INFO:__main__:Grant #686 classification DONE			Digital Leigh Hunt (Literature)
INFO:__main__:Grant #687 classification DONE			New disposal techniques for reactive mine wastes to improve stability and facilitate site reclamation upon closure (Civil, Industrial and Systems Engineering)
INFO:__main__:Grant #688 classification DONE			Design and operation of Borehole Thermal Energy Storage systems (Mechanical Engineering)
INFO:__main__:Grant #689 classification DONE			Mechanisms and consequences of spatially controlled G protein-coupled receptor signaling (Pharmacology & Toxicology)
INFO:__main__:Grant #690 classification DONE			L'humain au coeur de la transformation du travail
INFO:__main__:Grant #691 classification DONE			Vers une nouvelle constitution du travail? Les libertés et droits fondamentaux des salarié.es comme assise des rapports de travail/Towards a New Constitution of Labour? Workers' Fundamental Rights and Freedoms as the Basis of Labour Relations (Law and criminology)
INFO:__main__:Grant #692 classification DONE			Monitoring and Debugging of High Performance Distributed Heterogeneous Cloud Applications
INFO:__main__:Grant #693 classification DONE			The role of Parkinson's disease-related proteins in innate and adaptive immunity (Cell Biology – Physiology)
INFO:__main__:Grant #694 classification DONE			Étude partenariale sur la médiation de la musique: institutionnalisation, professionnalisation, intervention
INFO:__main__:Grant #695 classification DONE			Planification en temps réel dans les mines souterraines
INFO:__main__:Grant #696 classification DONE			Applications of operations research to transportation, logistics, fairness issues, and other topics (Civil, Industrial and Systems Engineering)
INFO:__main__:Grant #697 classification DONE			Multiplexed and quantitative immunolabelling for cancer diagnostics using gold-silver alloy nanoprobes
INFO:__main__:Grant #698 classification DONE			Plasma processing for environment and cell-biology
INFO:__main__:Grant #699 classification DONE			Dynamic Games in Management (Civil, Industrial and Systems Engineering)
INFO:__main__:Grant #700 classification DONE			Improved design and operations of building water systems to reduce health risks caused by water & energy conservation and extended shutdowns (Civil, Industrial and Systems Engineering)
INFO:__main__:Grant #701 classification DONE			Shoulder musculoskeletal modeling: from data-tracking to predictive simulations (Mechanical Engineering)
INFO:__main__:Grant #702 classification DONE			Sustainable aqueous Sodium-ion batteries (Chemistry)
INFO:__main__:Grant #703 classification DONE			Eigenvectors of Random Matrices (Mathematics and Statistics)
INFO:__main__:Grant #704 classification DONE			Cellular Reprogramming in Retinal Vascular Development (Genes, Cells and Molecules)
INFO:__main__:Grant #705 classification DONE			Creating Virtual Shapes via Intuitive Input (Computer Science)
INFO:__main__:Grant #706 classification DONE			Data-adaptive causal inference methods for effect modification (Mathematics and Statistics)
INFO:__main__:Grant #707 classification DONE			40 ans de changement linguistique à Montréal et à Welland: le rôle de l'individu et de la communauté (Linguistics and translation)
INFO:__main__:Grant #708 classification DONE			Using digital and immersive technologies to understand the contribution of sensory, perceptual, affective, cognitive and physiological factors to Social Information Processing (Biological Systems and Functions)
INFO:__main__:Grant #709 classification DONE			Climate Change and Human Rights: Responsibility and Reparation
INFO:__main__:Grant #710 classification DONE			Can journalism's `real utopias' address the crisis of the news media? Exploring journalism cooperatives from an international and comparative perspective (Communications, media studies, gender studies, library and information science, related fields)
INFO:__main__:Grant #711 classification DONE			Improving the integration of novice designers into interdisciplinary collaborative design teams (Multidisciplinary or interdisciplinary humanities)
INFO:__main__:Grant #712 classification DONE			Quel futur professionnel pour les jeunes adultes récemment immigré(e)s à Montréal? Identité, projets professionnels et expériences d'accès aux services (Multidisciplinary or interdisciplinary social sciences)
INFO:__main__:Grant #713 classification DONE			Unravelling regulatory networks of stem cell states using single cell analysis (Cell Biology – Physiology)
INFO:__main__:Grant #714 classification DONE			Comprendre et soutenir l'entourage des femmes victimes de violence entre partenaires intimes : tissu social, besoins et actions (Mutidisciplinary or interdisciplinary social sciences)
INFO:__main__:Grant #715 classification DONE			Development of novel RvD1 analogues for osteoporosis therapy: mechanism of action and structure-activity relationships
INFO:__main__:Grant #716 classification DONE			Improving plant biostimulants based on natural products and beneficial microorganisms
INFO:__main__:Grant #717 classification DONE			Characterization of the antibacterial activity of some antimicrobial-derived metabolites and their involvement in the development of antimicrobial resistance in bacteria of animal origin (Biological Systems and Functions)
INFO:__main__:Grant #718 classification DONE			Développement de méthodes rationnelles de maintenance proactive de systèmes industriels (Civil, Industrial and Systems Engineering)
INFO:__main__:Grant #719 classification DONE			Intention Driven Development: Towards a new generation of development platforms
INFO:__main__:Grant #720 classification DONE			Decision support systems based on heterogeneous data driven models for a safe and optimal operation of industrial process systems (Materials and Chemical Engineering)
INFO:__main__:Grant #721 classification DONE			Untangling heterogeneity in cytomegalovirus infection kinetics and evolution using mathematical modelling
INFO:__main__:Grant #722 classification DONE			Getting on track for the audit of tomorrow: Auditors' expertise amidst digitalization
INFO:__main__:Grant #723 classification DONE			Immunoproteasome-expressing mesenchymal stromal cells: a new tool for cancer vaccination (Cancer Biology & Therapeutics)
INFO:__main__:Grant #724 classification DONE			Invisibility of disability in Global South and North: Equitable access to health services in the context of climate change
INFO:__main__:Grant #725 classification DONE			A shock-fitting approach for predicting the two-phase transient flows in stormwater systems (SWS) with best management practices (BMP) (Civil, Industrial and Systems Engineering)
INFO:__main__:Grant #726 classification DONE			Optimiser la transition des soins entre les différents milieux avec l'apport de la technologie pour favoriser la santé et l'autonomie des personnes âgées fragilisées vivant ou non en régions éloignées
INFO:__main__:Grant #727 classification DONE			XIe Conférence du Forum Mondial de Médiation:L´humanité face aux conflits actuels: nouveaux défis pour la médiation
INFO:__main__:Grant #728 classification DONE			Optimization of mechanically induced phase transformation at crack tip in metal for improved crack growth resistance (Materials and Chemical Engineering)
INFO:__main__:Grant #729 classification DONE			Investigating important but overlooked streptococcal agents of disease in production animals (Biological Systems and Functions)
INFO:__main__:Grant #730 classification DONE			Adverse Drug Events and Medication Errors in adult Intensive Care Units (Health Services Evaluation & Interventions Research)
INFO:__main__:Grant #731 classification DONE			Entre responsabilité professionnelle et devoir de prendre soin de soi - Mieux comprendre la multiplicité des expériences entourant le processus d'arrêt de travail et de retour à l'emploi chez les travailleuses de la santé et des services sociaux (Sociology, demography and related fields)
INFO:__main__:Grant #732 classification DONE			Brain alterations and cognitive decline in obstructive sleep apnea
INFO:__main__:Grant #733 classification DONE			Methods and analytical tools to optimize patient flow (Civil, Industrial and Systems Engineering)
INFO:__main__:Grant #734 classification DONE			Heterogeneity of interprofessional primary care teams and its effect on quality of care and health service use in older adults (Health Services Evaluation & Interventions Research)
INFO:__main__:Grant #735 classification DONE			Recul des gains d'espérance de vie au Canada depuis 2010 : la contribution de la mortalité par drogues, par maladies cardiovasculaires et le rôle catalyseur de la pandémie de COVID-19 (Sociology, demography and related fields)
INFO:__main__:Grant #736 classification DONE			Canadian Network on Hepatitis C (CanHepC): From Discovery to Implementation (Hepatitis C Research)
INFO:__main__:Grant #737 classification DONE			Novel numerical simulation tools for the vulnerability assessment and rehabilitation of critical structures against the effects of floods and climate change
INFO:__main__:Grant #738 classification DONE			QUEST: Co-développer avec et pour les jeunes des connaissances sur la QUalité de leur Environnement psychoSocial de Travail
INFO:__main__:Grant #739 classification DONE			The effects of COVID-19 pandemics in sustainability controversies: new shades of green in the battery metals industry in Quebec
INFO:__main__:Grant #740 classification DONE			From birth to adulthood: The role of age of cannabis use onset in the individual and environmental developmental pathways leading to substance use problems (Psychosocial, Sociocultural & Behavioural Determinants of Health)
INFO:__main__:Grant #741 classification DONE			Creative Pedagogies for Ecological Transitions on the Shoreline
INFO:__main__:Grant #742 classification DONE			Contribution of the NKG2D pathway to multiple sclerosis (Molecular & Cellular Neurosciences)
INFO:__main__:Grant #743 classification DONE			Pregnancy and COVID-19 hospitalization in Quebec (Public, Community & Population Health)
INFO:__main__:Grant #744 classification DONE			La musique est-elle une prière? (Fine Arts, Research-Creation)
INFO:__main__:Grant #745 classification DONE			A multi-site, prospective study of the role of emotional competence in (mal)adaptive functioning among university students exposed to sexual violence (Psychology)
INFO:__main__:Grant #746 classification DONE			Effets d'une intervention musicale personnalisée sur les répercussions de la COVID-19 en santé mentale des personnes âgées
INFO:__main__:Grant #747 classification DONE			Redox regulation of the antiviral response : role of oxidative post-translational modifications of MAVS (Virology & Viral Pathogenesis)
INFO:__main__:Grant #748 classification DONE			The role of UCH family deubiquitinases in T cell biology (Genes, Cells and Molecules)
INFO:__main__:Grant #749 classification DONE			A high temperature upgrade for the twin-screw extruder to process high-performance hybrid PEEK-based formulations and other engineering polymer-based (PEI, PPSU, etc.) systems (Materials and Chemical Engineering)
INFO:__main__:Grant #750 classification DONE			Single-cell approaches to characterize and target the cellular reservoirs of HIV infection (Virology & Viral Pathogenesis)
INFO:__main__:Grant #751 classification DONE			Impact of transient neonatal hyperoxia on skeletal muscle development: Relevance for impaired exercise capacity after preterm birth (Clinical Investigation – Reproduction, Maternal, Child and Youth Health)
INFO:__main__:Grant #752 classification DONE			Le développement de la compétence de collaboration interprofessionnelle : perception des membres d'une équipe de professionnels en exercice de la dynamique de coaction (Education and social work)
INFO:__main__:Grant #753 classification DONE			Agreeing to Disagree: Incentives and Innovation in Dynamic Settings (Economics)
INFO:__main__:Grant #754 classification DONE			L'enfance du "mauvais genre". Une sociologie de la non-conformité de genre durant l'enfance en France et au Québec (Sociology, demography and related fields)
INFO:__main__:Grant #755 classification DONE			Engineering Sustainable and Inclusive Streets for the 30-Min City
INFO:__main__:Grant #756 classification DONE			Les incidences de l'architecture logicielle des tribunaux en ligne sur l'accès à la justice (Law and criminology)
INFO:__main__:Grant #757 classification DONE			Incorporating rich micro-level distributions and dynamics in models with heterogenous firms: method, lessons and applications
INFO:__main__:Grant #758 classification DONE			Inhabiting altered worlds: sensory experiences following traumatic brain injuries (Mutidisciplinary or interdisciplinary social sciences)
INFO:__main__:Grant #759 classification DONE			Microtubule alterations in progressive supranuclear palsy
INFO:__main__:Grant #760 classification DONE			Improving reproducibility in MRI with vendor-neutral acquisitions and transparent workflows
INFO:__main__:Grant #761 classification DONE			Investigation of Metal Organic Frameworks for Renewable Energy Electrocatalysis (Chemistry)
INFO:__main__:Grant #762 classification DONE			FLUIDELELASTIC INSTABILITY, VORTEX-INDUCED VIBRATION AND SYMMETRY BREAKING IN HELICAL ARRAYS OF CYLINDERS SUBJECTED TO CROSS-FLOW (Mechanical Engineering)
INFO:__main__:Grant #763 classification DONE			4D spheroids identify type I protein arginine methyltransferases as a target in NSCLC (Cancer Biology & Therapeutics)
INFO:__main__:Grant #764 classification DONE			New perspectives on job search and labour markets
INFO:__main__:Grant #765 classification DONE			Long time evolution of complex materials : algorithmic developments and applications to metals, semiconductors and proteins (Physics)
INFO:__main__:Grant #766 classification DONE			L'héritage de Pierre Elliott Trudeau
INFO:__main__:Grant #767 classification DONE			A new adaptive-neuroprosthetic treatment to shape post-stroke plasticity and facilitate motor recovery (Biological Systems and Functions)
INFO:__main__:Grant #768 classification DONE			Une scène élargie, délocalisée et asynchrone : les reconfigurations technologiques de la salle de spectacle au temps du confinement
INFO:__main__:Grant #769 classification DONE			Centre de recherches mathématiques (CRM)
INFO:__main__:Grant #770 classification DONE			Application of a brief digital screening tool to address parental and adolescent tobacco and electronic cigarette use in pediatric medical care (Health Services Evaluation & Interventions Research)
INFO:__main__:Grant #771 classification DONE			Hybrid Manufacturing: Digital Machining of Flexible Parts Manufactured with Directed Energy Deposition (DED) Method
INFO:__main__:Grant #772 classification DONE			Design and management of smart last-mile delivery systems
INFO:__main__:Grant #773 classification DONE			Food Delocalization in Literary Studies: A Saccharine Aesthetic From the Ruins of Empire (Literature)
INFO:__main__:Grant #774 classification DONE			Optimal Climate Policy Mix for Canada: Insights from a Multi-Model Approach
INFO:__main__:Grant #775 classification DONE			La production de recherche au Canada: facteurs individuels, institutionnels et systémiques (Education and social work)
INFO:__main__:Grant #776 classification DONE			Soutenir la Professionnalisation dans les ORganismes sporTifs (SPORT)
INFO:__main__:Grant #777 classification DONE			Identifying innovative responses to problematic gambling among LGBTQ2S+ communities in Canada - A mixed-methods study (Health Impacts of Gambling and Gaming)
INFO:__main__:Grant #778 classification DONE			Intensification and control of cell culture processes (Materials and Chemical Engineering)
INFO:__main__:Grant #779 classification DONE			Les priorités des citoyens quant aux politiques de santé et à l'État-providence (Political science and public administration)
INFO:__main__:Grant #780 classification DONE			Cyberrange pour soutenir les tests de cybersécurité et de cyberrésilience pour les infrastructures critiques
INFO:__main__:Grant #781 classification DONE			New electrochemical materials breakthrough for energy applications (Materials and Chemical Engineering)
INFO:__main__:Grant #782 classification DONE			Nonequilibrium Group IV Semiconductor Heterostructures
INFO:__main__:Grant #783 classification DONE			Developmental Trajectories in ARID1B-Related Disorders - a Multi-Method Multi-Site Prospective Natural History Study
INFO:__main__:Grant #784 classification DONE			Mechanisms regulating mRNA localization and localized translation (Genes, Cells and Molecules)
INFO:__main__:Grant #785 classification DONE			Dévoiler les tactiques stratégiques de communication pour le changement social : Une exploration approfondie de l'agentivité des responsables des communications et des publics dans la lutte contre les inégalités raciales
INFO:__main__:Grant #786 classification DONE			Que font les luttes écologistes à la protestation sociale ? Analyse comparée multi-échelles au Canada, en France et aux Pays-Bas (Political science and public administration)
INFO:__main__:Grant #787 classification DONE			Maturation of microRNAs targeting alpha-synuclein (Molecular & Cellular Neurosciences)
INFO:__main__:Grant #788 classification DONE			Privatization, innovation and idiosyncratic volatility: The role of ownership structure and information content
INFO:__main__:Grant #789 classification DONE			Thermodynamic and physical property models for the production of greener aluminum alloys
INFO:__main__:Grant #790 classification DONE			Contextual factors predicting feasibility and impact of preventive mental health interventions across Canada
INFO:__main__:Grant #791 classification DONE			Between precarity and hospitality: The contentious spaces of migration in North America's borderlands (Geography, urban planning and related fields)
INFO:__main__:Grant #792 classification DONE			Ecological change and the dynamics of zoonotic disease (Biological Systems and Functions)
INFO:__main__:Grant #793 classification DONE			NÉONUM : infrastructure de veille pour la néologie en français québécois (Anthropology, archaeology, linguistics and translation)
INFO:__main__:Grant #794 classification DONE			Detailed bulk composition analysis of extrasolar objects accreted at the surface of white dwarf stars (Physics)
INFO:__main__:Grant #795 classification DONE			Atmospheric measurements and modeling studies to improve understanding of organic and mineral dust aerosols in northern Canada (Chemistry)
INFO:__main__:Grant #796 classification DONE			Réfléchir et agir dans l'urgence : l'influence des éléments contextuels sur le processus de jugement et de décision d'infirmier(ère)s (Psychology, linguistics and translation)
INFO:__main__:Grant #797 classification DONE			Interdisciplinary studies of decision-making and motor planning (Biological Systems and Functions)
INFO:__main__:Grant #798 classification DONE			Data-driven theory : adversarial immunodynamics, modelling and machine learning for engineered lymphocytes in the context of cancer immunotherapy
INFO:__main__:Grant #799 classification DONE			Program for the Development of a Novel Methodology for the Design of Energy Efficient Biorefineries and Industrial Systems (Materials and Chemical Engineering)
INFO:__main__:Grant #800 classification DONE			Underlying neurophysiological mechanisms of non-arthritic chronic painful conditions in cats (Biological Systems and Functions)
INFO:__main__:Grant #801 classification DONE			Influence of folded foliations on the mechanical behavior of rock masses and rock engineering structures
INFO:__main__:Grant #802 classification DONE			The Th17 Master Regulator RORC2 as a New Target for HIV Immune Therapy and Cure Strategy (Virology & Viral Pathogenesis)
INFO:__main__:Grant #803 classification DONE			Language Acquisition and Processing in Teen and Adult L1 and L2 (Linguistics and translation)
INFO:__main__:Grant #804 classification DONE			COVID-19 Étude des capacités offertes par les nouvelles formes de regroupements et d'associations d'artistes dans la sortie de crise et le redéploiement des arts à Montréal
INFO:__main__:Grant #805 classification DONE			A 15 months, double-Blind, randomized controlled trial comparing 18 weeks of two doses of Omalizumab to placebo to accelerate a symptom-driven Oral immunotherapy schedule in subjects aged 6 to 25 years with Multiple food allergies (BOOM) (Nutrition, Food & Health)
INFO:__main__:Grant #806 classification DONE			Spatial complexity of cardiac cell culture and spatial-temporal bioelectric activity: granularity and mechanical-electrical feedback (Electrical and Computer Engineering)
INFO:__main__:Grant #807 classification DONE			Peer Effects and Program Take-Up: Evidence from employer-employee linked administrative data
INFO:__main__:Grant #808 classification DONE			Evaluation of human gait biomechanics in real-world environments (Biological Systems and Functions)
INFO:__main__:Grant #809 classification DONE			Robust and efficient statistical learning algorithms with applications in actuarial science (Mathematics and Statistics)
INFO:__main__:Grant #810 classification DONE			HumanitéS-AnimalitéS : discours, pratiques et actions sur le monde animal, du Moyen Âge à l'antispécisme
INFO:__main__:Grant #811 classification DONE			Intelligence artificielle appliquée aux soins aigus de l'enfant
INFO:__main__:Grant #812 classification DONE			BUMP: Better Understanding of Model's Performance for more efficient Natural Language Processing (Computer Science)
INFO:__main__:Grant #813 classification DONE			Application des réseaux de neurones artificiels et de l'inférence bayésienne à la simulation couplée et à la conception des puits à colonne permanente (Civil, Industrial and Systems Engineering)
INFO:__main__:Grant #814 classification DONE			Identification of MYC-dependent vulnerabilities in breast cancer (Molecular & Cellular Biology of Cancer)
INFO:__main__:Grant #815 classification DONE			Topological quantum optics (Physics)
INFO:__main__:Grant #816 classification DONE			Demand Driven - MRP : mode éphèmère ou lien sérieux entres les méthodes flux poussé et flux tiré ? (Civil, Industrial and Systems Engineering)
INFO:__main__:Grant #817 classification DONE			Model atmosphere analysis of white dwarfs in the Sloan Digital Sky Survey footprint of Gaia: the definitive work (Physics)
INFO:__main__:Grant #818 classification DONE			Les politiques de différenciation et diversification des parcours vers et dans l'enseignement supérieur au Québec : quels effets sur la justice scolaire et sociale? (Education and social work)
INFO:__main__:Grant #819 classification DONE			Development of high performance PLA based nanocomposites (Materials and Chemical Engineering)
INFO:__main__:Grant #820 classification DONE			Introducing specificity and sensitivity in imaging mass spectrometry (Chemistry)
INFO:__main__:Grant #821 classification DONE			Is cannabis a useful adjunct in the treatment of symptoms of persons with multiple sclerosis? A formal trial of CBD and THC for the control of spasticity and other symptoms: assessing the clinical effects and the basic mechanisms
INFO:__main__:Grant #822 classification DONE			Investigation of the antineoplastic effect of miRNA-181a and development a novel pharmaceutical approaches for treating advanced retinoblastoma (Cancer Biology & Therapeutics)
INFO:__main__:Grant #823 classification DONE			From spatial community ecology to landscape genetics and genomics (Evolution and Ecology)
INFO:__main__:Grant #824 classification DONE			Structural Safety Assessment and Strengthening of Concrete Dams and Gated Spillways Subjected to Severe Loading Conditions (Civil, Industrial and Systems Engineering)
INFO:__main__:Grant #825 classification DONE			Voix empruntées. Pratiques de la citation littéraire dans la Première Modernité (1595-1692) (Literature)
INFO:__main__:Grant #826 classification DONE			Brain connectivity-based optimization of non-invasive brain stimulation to improve cognitive symptoms in schizophrenia (Behavioural Sciences – Clinical Behavioural Sciences)
INFO:__main__:Grant #827 classification DONE			Procedural Creation and Real-time Display of Realistic Complex Scenes (Computer Science)
INFO:__main__:Grant #828 classification DONE			Social hierarchies and the non-verbal communication of pain
INFO:__main__:Grant #829 classification DONE			Next generation immunopeptidomics (Chemistry)
INFO:__main__:Grant #830 classification DONE			Income security in retirement: perceptions, incentives and behaviours
INFO:__main__:Grant #831 classification DONE			Decision awareness in learning for control
INFO:__main__:Grant #832 classification DONE			Multimethod UX triangulated approach for multiuser interface evaluation (Civil, Industrial and Systems Engineering)
INFO:__main__:Grant #833 classification DONE			Understanding Drug Exceptional Access Programs (DEAPs) Across Canada: A Question of Equity (Mutidisciplinary or interdisciplinary social sciences)
INFO:__main__:Grant #834 classification DONE			Geroscience: A novel interdisciplinary approach for research on aging
INFO:__main__:Grant #835 classification DONE			Advanced computational platform for permafrost geomechanical modeling and climate impact assessment of northern infrastructure
INFO:__main__:Grant #836 classification DONE			Hybrid artificial intelligence methods for combinatorial optimization
INFO:__main__:Grant #837 classification DONE			Leveraging high-volume data to characterize age and individual-specific vital signs and to develop novel geriatric vital signs that optimally predict clinical outcomes in older adults
INFO:__main__:Grant #838 classification DONE			Interactions between cortical stimulation and prefrontal population dynamics (Behavioural Sciences – Behavioural Studies, Neuroscience and Cognition)
INFO:__main__:Grant #839 classification DONE			Coupled Aquatic Biogeochemical Cycles in the Anthropocene (Evolution and Ecology)
INFO:__main__:Grant #840 classification DONE			Electrically and Optically Active Nanostructures and Interfaces (Chemistry)
INFO:__main__:Grant #841 classification DONE			Performance mécanique à long terme des assemblages collés et boulonnés
INFO:__main__:Grant #842 classification DONE			Optimization models and algorithms for complex production planning problems (Civil, Industrial and Systems Engineering)
INFO:__main__:Grant #843 classification DONE			Development of an accessible integrated computational protein design software suite (Genes, Cells and Molecules)
INFO:__main__:Grant #844 classification DONE			Social economy embedding circular economy: theory, practice and potential
INFO:__main__:Grant #845 classification DONE			Complex genetics of hypertrophic cardiomyopathy: Towards an integration of polygenic risk in clinical care (Clinical Investigation – Cardiovascular Systems)
INFO:__main__:Grant #846 classification DONE			MERMAIDS: Multichannel ERbium-yeterbiuM AmplIfied high power combiner Devices for Space communications
INFO:__main__:Grant #847 classification DONE			Medium Chain Triglycerides and Ketogenesis (Biological Systems and Functions)
INFO:__main__:Grant #848 classification DONE			Impact of Vitamin C on the Reduction of Opioid Consumption After an Emergency Department Visit for Acute Musculoskeletal Pain: A Double-Blind Randomized Control Trial
INFO:__main__:Grant #849 classification DONE			Towards organs-on-paper: building smart paper chips for modern biomedical research
INFO:__main__:Grant #850 classification DONE			Ultrafast Functional Ultrasound Imaging of the Brain (Genes, Cells and Molecules)
INFO:__main__:Grant #851 classification DONE			Les trajectoires professionnelles des policiers du Québec : phase 2 (Law and criminology)
INFO:__main__:Grant #852 classification DONE			Redefining blood pressure: How novel views of the arterial tree can lead to better cardiovascular risk stratification (Clinical Investigation – Cardiovascular Systems)
INFO:__main__:Grant #853 classification DONE			Reducing the burden of hypoglycemia for persons living with type 1 diabetes
INFO:__main__:Grant #854 classification DONE			The energy-based and feature tracking motion systems and their interactions (Biological Systems and Functions)
INFO:__main__:Grant #855 classification DONE			Adoptive transfers of in vitro differentiated plasmacytoid dendritic cells to prevent acute lymphoblastic leukemia relapse: mechanisms and biomarkers of sensitivity (Cancer Progression & Therapeutics)
INFO:__main__:Grant #856 classification DONE			Replacement and upgrade of the Optical and Infrared Cameras for Observatoire du Mont-Mégantic (Physics)
INFO:__main__:Grant #857 classification DONE			Stochastic Discount Factors, Risk Factors and Performance Evaluation (Economics)
INFO:__main__:Grant #858 classification DONE			Precision digital twin of production machines for sustained high accuracy and traceable part conformity
INFO:__main__:Grant #859 classification DONE			Non-line-of-sight Imaging for Advanced Automotive Sensing
INFO:__main__:Grant #860 classification DONE			Le nouvel électeur économique (Political science and public administration)
INFO:__main__:Grant #861 classification DONE			CB1 receptors regulate NMJ denervation and repair (Systems & Circuits Neurosciences)
INFO:__main__:Grant #862 classification DONE			Influence of Lipid Matrix on Ion Channel Oligomerization and Function (Chemistry)
INFO:__main__:Grant #863 classification DONE			Composition musicale immersive et développement de trajectoires 3D, basées sur l'analyse perceptive (Fine Arts, Research-Creation)
INFO:__main__:Grant #864 classification DONE			Valorisation des données d'exécution de projets (Civil, Industrial and Systems Engineering)
INFO:__main__:Grant #865 classification DONE			Innovative Steel Braced Frame Systems for Tall Buildings in Seismic Active Regions (Civil, Industrial and Systems Engineering)
INFO:__main__:Grant #866 classification DONE			Multiscale modelling of aircraft and rocket emissions using high-fidelity numerical simulations and machine learning
INFO:__main__:Grant #867 classification DONE			Coronavirus Crisis Competence Among Sexual and Gender Minorities (Gender, Sex & Health)
INFO:__main__:Grant #868 classification DONE			From Alterlife to Alterfutures: Contemporary Asian Women's Environmental Moving-Image Arts (Multidisciplinary or interdisciplinary humanities)
INFO:__main__:Grant #869 classification DONE			A FOCUS on youth mental health and substance use-related outcomes, inequities and trajectories during COVID-19 and beyond: A mixed-methods study in Canada and France
INFO:__main__:Grant #870 classification DONE			Sleep, performance and development (Biological Systems and Functions)
INFO:__main__:Grant #871 classification DONE			Molecular insights into the targeting of proteins to the inner nuclear membrane (Genes, Cells and Molecules)
INFO:__main__:Grant #872 classification DONE			Les pratiques pédagogiques qui favorisent l'inclusion socioculturelle et scolaire d'élèves immigrants nouvellement arrivés au Québec : regards croisés d'enseignants et d'élèves (Education and social work)
INFO:__main__:Grant #873 classification DONE			Control of collective dynamics via mean field and and inverse mean field game theory
INFO:__main__:Grant #874 classification DONE			#WeFeedYou, and yet...: How are temporary migrant workers' food security, nutrition and health shaped in Quebec's agri-food system - A participatory action research multiple-case study
INFO:__main__:Grant #875 classification DONE			Delinquent or victim? Teenage girls' experiences of child protection intervention due to concerns for sexual exploitation (Education and social work)
INFO:__main__:Grant #876 classification DONE			Femmes, genre, (im)mobilités et vies précaires : projet de développement partenarial dans une perspective féministe transnationale et décoloniale
INFO:__main__:Grant #877 classification DONE			La cohésion sociale est-elle possible en situation de crises multiples? L'influence des politiques publiques entourant le coronavirus (2019-nCoV) et les préjugés envers les citoyens et citoyennes d'origine chinoise (Canadian 2019 Novel Coronavirus (2019-nCoV) Rapid Research)
INFO:__main__:Grant #878 classification DONE			Coronary angiocrine control of heart regeneration (Cardiovascular System – Heart and Circulation)
INFO:__main__:Grant #879 classification DONE			Management of public media organizations and society
INFO:__main__:Grant #880 classification DONE			Voters' Identities in their Own Words (Political science and public administration)
INFO:__main__:Grant #881 classification DONE			Santé, justice et sécurité au 21e siècle (Philosophy)
INFO:__main__:Grant #882 classification DONE			Role of ATP-P2X7 axis in pathogenesis of ventilator induced lung injury (Respiratory System)
INFO:__main__:Grant #883 classification DONE			Mitochondrial epigenetics and ORFan genes: exploiting the mitochondrial genetic system to fuel phenotypic variation and functional novelties (Genes, Cells and Molecules)
INFO:__main__:Grant #884 classification DONE			PeerOnCall as a catalyst for a peer support program based on psychological first aid: a feasibility study among the Sûreté du Québec (Crisis/Suicide Line and App-based Support Models for post traum. stress in public safety personnel (PSP))
INFO:__main__:Grant #885 classification DONE			Computational approaches for analysis and design of complex multiphase flow systems (Mechanical Engineering)
INFO:__main__:Grant #886 classification DONE			Understanding the limits of risk instruments in an era of climate change: An exploration of the institutional geographies of climate services in Europe (Geography, urban planning and related fields)
INFO:__main__:Grant #887 classification DONE			Randomized Double-Blind Placebo-Controlled Clinical Trial to Assess the Efficacy of Mycophenolate Mofetil in Subclinical Interstitial Lung Disease Associated with Systemic Sclerosis: a Feasibility Study
INFO:__main__:Grant #888 classification DONE			Novel transition support program for young people with disabilities and their families: Identifying most important outcomes for program key stakeholders
INFO:__main__:Grant #889 classification DONE			Advancing knowledge and developping mechanistic quantitative tools for in vitro-in vivo extrapolations in pharmacokinetics and toxicokinetics (Biological Systems and Functions)
INFO:__main__:Grant #890 classification DONE			Modeling and optimization for advanced management of the complex products for the robust circular economy in Canada (Civil, Industrial and Systems Engineering)
INFO:__main__:Grant #891 classification DONE			Advanced Manufacturing of Intelligent Structures (Mechanical Engineering)
INFO:__main__:Grant #892 classification DONE			Multimodal Sensing Guidewire with Random Optical Gratings by Ultraviolet laser Exposure for Peripheral Vascular Interventions (Medical Physics & Imaging)
INFO:__main__:Grant #893 classification DONE			Intelligent mobility management in emerging vehicular networks (Computer Science)
INFO:__main__:Grant #894 classification DONE			Chemical biology strategies for discovery and profiling of glycan-protein interactions (Chemistry)
INFO:__main__:Grant #895 classification DONE			Local and global biomechanical properties of the eye as new glaucoma risk factors (Medical Physics & Imaging)
INFO:__main__:Grant #896 classification DONE			L'accessibilité des médias: éduquer pour ouvrir le dialogue
INFO:__main__:Grant #897 classification DONE			Free prior and informed consent, social equity and the forest sector: A comparison of the Forest Stewardship Council certification regime in Canada, Sweden and Russia (Geography, urban planning and related fields)
INFO:__main__:Grant #898 classification DONE			Water reuse: innovative monitoring technologies for risk reduction (Civil, Industrial and Systems Engineering)
INFO:__main__:Grant #899 classification DONE			Difficultés psychosociales, scolaires et milieux de vie différentiels d'enfants issus de la diversité ethnoculturelle recevant, ou non, des services de protection de la jeunesse (Education and social work)
INFO:__main__:Grant #900 classification DONE			Participation jeunesse Autochtone dans la prise de décision en milieu scolaire (Education and social work)
INFO:__main__:Grant #901 classification DONE			Bioinformatics-powered genetic characterization of the impact of biological systems on Alzheimer's disease and neurodegeneration
INFO:__main__:Grant #902 classification DONE			Identification of functional epigenomic regions in sperm that are environmentally responsive and associate with fertility and embryo development
INFO:__main__:Grant #903 classification DONE			Le jeu symbolique en classe d'éducation préscolaire 4 ans: Relations entre la pensée sociale, la maturité du jeu et l'acceptation sociale (Education and social work)
INFO:__main__:Grant #904 classification DONE			Evaluation of supervised consumption services in Montreal in the context of COVID-19 (Evaluation of Harm Reduction Approaches to Address the Opioid Crisis)
INFO:__main__:Grant #905 classification DONE			Pacing Brain Rhythms (Biological Systems and Functions)
INFO:__main__:Grant #906 classification DONE			Representation Learning for Lifelong Learning (Computer Science)
INFO:__main__:Grant #907 classification DONE			Inverse Design by Duality
INFO:__main__:Grant #908 classification DONE			How is cell morphogenesis regulated during mitosis? (Genes, Cells and Molecules)
INFO:__main__:Grant #909 classification DONE			Superconducting single photon detectors for quantum optics and spectroscopy up to 2.5 microns (Physics)
INFO:__main__:Grant #910 classification DONE			The effects of neuropsychiatric CNVs on the integrity of brain structure and connectivity (Behavioural Sciences)
INFO:__main__:Grant #911 classification DONE			De villes adaptées à la vieillesse aux territoires inclusifs et exempts d'âgisme : vers un changement de perspective sur l'aménagement urbain des municipalités favorisant le vieillissement ?
INFO:__main__:Grant #912 classification DONE			Environmental fate of emerging contaminants (Geosciences)
INFO:__main__:Grant #913 classification DONE			Du disque à l'oeuvre. Musique, arts visuels, cinéma
INFO:__main__:Grant #914 classification DONE			Decoding the role of DNMT1 in the Inherited Dysregulation of Epigenetic Marks using Embryonic Cells (Genes, Cells and Molecules)
INFO:__main__:Grant #915 classification DONE			Computational Methods for Verification and Validation with Applications in Mechanics (Mechanical Engineering)
INFO:__main__:Grant #916 classification DONE			Inter-cellular causality in the formation and degradation of the vascular glycocalyx
INFO:__main__:Grant #917 classification DONE			L'écologie et des paysages combinatoires : vers une collaboration permanente avec la nature (Geography, urban planning and related fields)
INFO:__main__:Grant #918 classification DONE			An optimization framework for comparative, multi-species studies of visual systems (Biological Systems and Functions)
INFO:__main__:Grant #919 classification DONE			A novel web-based mental health intervention integrating peer support and clinical moderation to enhance recovery and prevent relapse in adults diagnosed with psychotic disorders: A pragmatic feasibility study of Horyzons-Canada (Health Services Evaluation & Interventions Research)
INFO:__main__:Grant #920 classification DONE			Maternal Diabetes Induces Perinatal Programming of Chronic Kidney Disease: The Role of Hedgehog Interacting Protein (Hhip) (Clinical Investigation – Reproduction, Maternal, Child and Youth Health)
INFO:__main__:Grant #921 classification DONE			Urgent Replacement of a Platform for Gaseous Chemistry and Catalysis (Chemistry)
INFO:__main__:Grant #922 classification DONE			CAN OSTEOCLAST BIOMARKERS DETECT EXCESSIVE SUBCHONDRAL BONE RESORPTION IN RACEHORSES? (Genes, Cells and Molecules)
INFO:__main__:Grant #923 classification DONE			Agrégateur numérique de paysages urbains
INFO:__main__:Grant #924 classification DONE			Study of the effect of sex on drugs dosing, concentrations and pharmacogenomics (Gender, Sex & Health)
INFO:__main__:Grant #925 classification DONE			Biosecurity 2.0 for the modern Canadian dairy farm (Biological Systems and Functions)
INFO:__main__:Grant #926 classification DONE			Et si on revenait à l'étude des comportements de leadership : le rôle du style parental et de la motivation comme prédicteurs des comportements de partage de ressources d'élèves officiers (Psychology, linguistics and translation)
INFO:__main__:Grant #927 classification DONE			Penser le temps de la maladie chronique : l'expertise littéraire à l'appui des pratiques de soin (Literature)
INFO:__main__:Grant #928 classification DONE			Non-releasing alginate hydrogels for analyte sensing and detoxification (Materials and Chemical Engineering)
INFO:__main__:Grant #929 classification DONE			Quantifying Indigenous family disruption and resilience at the beginning of the 20th century through historical census data (Sociology, demography and related fields)
INFO:__main__:Grant #930 classification DONE			The impact of biological sex on the brain language network (Biological Systems and Functions)
INFO:__main__:Grant #931 classification DONE			Tracking the beat of music: Mechanisms underpinning inter-individual differences and effects on rhythm learning (Biological Systems and Functions)
INFO:__main__:Grant #932 classification DONE			The role of rhythm in the development of speech perception and production (Biological Systems and Functions)
INFO:__main__:Grant #933 classification DONE			Development of an Intelligent Design Support Tool for Integrated Design of Multidomain Systems (Mechanical Engineering)
INFO:__main__:Grant #934 classification DONE			Dynamiques socioreligieuses, laïcité et espaces municipaux québécois (Multidisciplinary or interdisciplinary social sciences)
INFO:__main__:Grant #935 classification DONE			Optimization and Planning Models for more Sustainable Agrifood Logistics
INFO:__main__:Grant #936 classification DONE			Men's migration, social support, and women's health and well-being in three diverse contexts (Sociology, demography and related fields)
INFO:__main__:Grant #937 classification DONE			Child maltreatment, emotion regulation and sexual wellbeing over time in women with low sexual desire and their partners (Psychology)
INFO:__main__:Grant #938 classification DONE			Détresse, formes d'exclusion et héritage migratoire : trajectoire sociale et subjectivité des personnes descendantes de migrants asiatiques (Education and social work)
INFO:__main__:Grant #939 classification DONE			Elucidating the roles of miRNAs and Hippo signaling on lineage specification in the human and mouse embryo (Endocrinology)
INFO:__main__:Grant #940 classification DONE			Enabling Collaborative and Intelligent Service Provisioning in Mobile Edge Networks
INFO:__main__:Grant #941 classification DONE			Intelligent Predictive Maintenance 4.0 for Heavy-duty Electrical Bus
INFO:__main__:Grant #942 classification DONE			Investigating mitochondrial biogenesis rheostat functions in skin aging: stress sensing and control of immunometabolic landscapes
INFO:__main__:Grant #943 classification DONE			Role of the Calcitonin Receptor System in Cardiac Physiology and Remodeling
INFO:__main__:Grant #944 classification DONE			Predicting the Progression and Brace Treatment Response in Spinal Deformities with Temporal-based Machine Learning Approaches (Biomedical Engineering)
INFO:__main__:Grant #945 classification DONE			Boosting the Productivity of a Graying Workforce
INFO:__main__:Grant #946 classification DONE			The Biophysics of Cold Plasmas in Cancer Therapy (Physics)
INFO:__main__:Grant #947 classification DONE			Virage numérique dans le développement de techniques avancées en soins personnalisés (Physics)
INFO:__main__:Grant #948 classification DONE			Rencontres « droits et résistances numériques en contexte francophone »
INFO:__main__:Grant #949 classification DONE			Caméra rapide haute résolution pour la mesure de nuages de bulles en écoulement à haute vitesse (Mechanical Engineering)
INFO:__main__:Grant #950 classification DONE			Predicting duration and rehospitalization of psychiatric emergency patients: The Signature BioBank
INFO:__main__:Grant #951 classification DONE			Perceptions de justice dans les services : les cas des travailleurs de la restauration et des enseignants universitaires au Québec et en France (Sociology, demography and related fields)
INFO:__main__:Grant #952 classification DONE			L'impact de la rémunération tangible et intangible sur le roulement volontaire dans le secteur des TIC au Canada : une approche multiniveaux et longitudinale (Business, management and related fields)
INFO:__main__:Grant #953 classification DONE			The Axolotl a model for vertebrate limb regeneration (Genes, Cells and Molecules)
INFO:__main__:Grant #954 classification DONE			Microglial fatty acid signalling as a modulator of diet-induced neuroimmune responses in obesity (Diabetes, Obesity, Lipid & Lipoprotein Disorders)
INFO:__main__:Grant #955 classification DONE			Diversity and resilience of plant communities in isolated ecosystems (Evolution and Ecology)
INFO:__main__:Grant #956 classification DONE			Dynamic protein interaction networks to map molecular origins of envronmental and genomic variations (Genes, Cells and Molecules)
INFO:__main__:Grant #957 classification DONE			Greening Social Work in Quebec: Exploring the Intersections of Environmental-Ecological Notions in Social Work Theory, Education, and Practice (Education and social work)
INFO:__main__:Grant #958 classification DONE			L'oeuvre d'art comme «analyseur»: en quête d'une méthodologie (Fine arts, research-creation)
INFO:__main__:Grant #959 classification DONE			Control of bacterial cell shape through cell-wall remodeling (Microbiology & Infectious Diseases)
INFO:__main__:Grant #960 classification DONE			Role and therapeutic potential of the atypical MAP kinase ERK3 in basal-like breast cancer progression (Molecular & Cellular Biology of Cancer)
INFO:__main__:Grant #961 classification DONE			Personnalisation en temps réel d'interface en fonction de la charge cognitive des utilisateurs (Civil, Industrial and Systems Engineering)
INFO:__main__:Grant #962 classification DONE			The I-Care project : Assessing the impact of a multimodal childcare-based intervention to prevent disruptive behaviour problems in children (Psychology)
INFO:__main__:Grant #963 classification DONE			Inter-individual variability in cognitive aging: Neural mechanisms, reserve processes and malleability of neuroprotective processes (Biological Systems and Functions)
INFO:__main__:Grant #964 classification DONE			Maternal immune cells mediated endothelial activation in preeclampsia (Clinical Investigation – Reproduction, Maternal, Child and Youth Health)
INFO:__main__:Grant #965 classification DONE			Projet 'Parité sciences'
INFO:__main__:Grant #966 classification DONE			A Pragmatic Randomized Clinical Trial on Immersive Virtual Reality Compared to Non-Immersive Distraction Using a Tablet for Pain and Anxiety Management of Children During Bone Pins and Sutures Removal in Orthopedic Clinics (Clinical Investigation – Reproduction, Maternal, Child and Youth Health)
INFO:__main__:Grant #967 classification DONE			IMAGE-GUIDED INJECTION WITH A HIGH-RESOLUTION ULTRASOUND SYSTEM ADAPTED FOR RODENT USE (Genes, Cells and Molecules)
INFO:__main__:Grant #968 classification DONE			Quantum theory and applications (Physics)
INFO:__main__:Grant #969 classification DONE			Cardioprotective effect of a cyclic azapeptide ligand of CD36 against ischemia-reperfusion damage and dysfunction in mice (Cardiovascular System – Heart and Circulation)
INFO:__main__:Grant #970 classification DONE			The Mobile health for Kids with Asthma (MoKA) study: predicting exacerbations through multimodal data and machine learning
INFO:__main__:Grant #971 classification DONE			Towards a multi-trajectory understanding of intimate partner homicide (Psychology, linguistics and translation)
INFO:__main__:Grant #972 classification DONE			Predicting future primary psychotic disorders in youth with methamphetamine-psychosis disorder (Methamphetamine and related psychostimulant use)
INFO:__main__:Grant #973 classification DONE			The MYC/MIZ-1 complex in germinal center B cells and B cell lymphomagenesis
INFO:__main__:Grant #974 classification DONE			Nouvelle méthodologie prenant en compte les hydrogrammes probabilistes de rupture de barrages par temps sec pour déterminer les vraies zones à risque tenant compte du recul des berges et de l'érosion fluviale (Civil, Industrial and Systems Engineering)
INFO:__main__:Grant #975 classification DONE			Interpretable Decision Processes in Data-Driven Supply Chains
INFO:__main__:Grant #976 classification DONE			Central control of energy homeostasis by neuronal adipose triglyceride lipase (Diabetes, Obesity, Lipid & Lipoprotein Disorders)
INFO:__main__:Grant #977 classification DONE			Les cybryontes et l'anthropocène: Des conditions de possibilité de nouvelles symbioses (Fine Arts, Research-Creation)
INFO:__main__:Grant #978 classification DONE			L'Insécurité au Sahel et ses Effets sur l'Accès des Services de Santé (ISEASS)
INFO:__main__:Grant #979 classification DONE			Advanced reagent delivery systems for microfluidics (Materials and Chemical Engineering)
INFO:__main__:Grant #980 classification DONE			Generative models for 3D textures (Computer Science)
INFO:__main__:Grant #981 classification DONE			The many paths to ecological network inference: reconciling machine learning, empirical data, and ecological knowledge (Evolution and Ecology)
INFO:__main__:Grant #982 classification DONE			Social environment and functioning of adolescents born pre-term (Social & Developmental Aspects of Children's & Youth's Health)
INFO:__main__:Grant #983 classification DONE			Beyond socioeconomic disadvantages: Deepening our understanding of structural inequalities in disparate child protection involvement (Education and social work)
INFO:__main__:Grant #984 classification DONE			Uncovering tumor specific antigens and vulnerabilities in ETP-acute lymphoblastic leukemia
INFO:__main__:Grant #985 classification DONE			Démystifier les mathématiques
INFO:__main__:Grant #986 classification DONE			Defining interrelationships between brain region-specific structural plasticity and sleep electrophysiology via the integration of sex and learning (Behavioural Sciences – Neurobiological Basis of Behavioural Processes)
INFO:__main__:Grant #987 classification DONE			Becoming an adult in changing times: Struggles and resilience among youth who entered adulthood without a high school diploma (Education and social work)
INFO:__main__:Grant #988 classification DONE			The just organization (Business, management and related fields)
INFO:__main__:Grant #989 classification DONE			Exploring the use of temporal cues for the optimization of speech processing, perception, and comprehension (Mechanical Engineering)
INFO:__main__:Grant #990 classification DONE			PICO Search for Dark Matter with Bubble Chambers (Subatomic Physics)
INFO:__main__:Grant #991 classification DONE			Is quantitative research in political science credible? (Political science and public administration)
INFO:__main__:Grant #992 classification DONE			The hardening of soft information in financial markets
INFO:__main__:Grant #993 classification DONE			From micro- to macro-reentries in discrete multiscale mathematical models of atrial tissue (Genes, Cells and Molecules)
INFO:__main__:Grant #994 classification DONE			Mapping scientific consensus in the age of misinformation
INFO:__main__:Grant #995 classification DONE			The role of RGS9 in pancreatic islet function (Biological Systems and Functions)
INFO:__main__:Grant #996 classification DONE			La diversité dans les équipes de travail: le rôle des perceptions des membres (Psychology)
INFO:__main__:Grant #997 classification DONE			Real-time Control of Decoded Brain Activity Using Artificial Neural Networks (Biological Systems and Functions)
INFO:__main__:Grant #998 classification DONE			Conférence internationale et publication « Logement : crises partout, justice nulle part ! ». Coconstruire et mutualiser les savoirs
INFO:__main__:Grant #999 classification DONE			Verdir les chantiers de construction par l'adoption des comportements écoresponsables : une étude de cas du secteur non résidentiel
INFO:__main__:Grant #1000 classification DONE			Highly Entangled Quantum Matter
INFO:__main__:Grant #1001 classification DONE			Usinage intelligent des composants d'aéronefs de haute précision (UICAP)
INFO:__main__:Grant #1002 classification DONE			Socialness in the Digital Economy: Supporting Meaningful Work through Enterprise Social Media
INFO:__main__:Grant #1003 classification DONE			Proactive prescription-based fluid management vs usual care in critically ill patients on Kidney Replacement Therapy
INFO:__main__:Grant #1004 classification DONE			Safe and selective anti-parasite therapy targeting ribosome and glycosome function (Pharmaceutical Sciences)
INFO:__main__:Grant #1005 classification DONE			Rational Integration of Molecular and surface interactions for lubricating, adhesive and high penetration soft materials (Materials and Chemical Engineering)
INFO:__main__:Grant #1006 classification DONE			Comprendre les antécédents et les conséquences d'une gestion algorithmique transparente, juste et habilitante
INFO:__main__:Grant #1007 classification DONE			Sustainable Healthy Cities: The Interplay between Urban Interventions, Gentrification, and Population Health (Public, Community & Population Health)
INFO:__main__:Grant #1008 classification DONE			Regards croisés sur les conditions de travail, les politiques publiques et la résistance: récits de vie de travailleurs et travailleuses pauvres au Canada, en Inde et au Brésil (Sociology, demography and related fields)
INFO:__main__:Grant #1009 classification DONE			Examining the effectiveness of AI-powered health technology to improve self management of mental health and reduce inequities in mental health care
INFO:__main__:Grant #1010 classification DONE			Probing the Particle Nature of Dark Matter with Strong Gravitational Lensing (Physics)
INFO:__main__:Grant #1011 classification DONE			Large reductions in arterial CARbon dioxide and development of acute Brain Injury in invasively mechanically ventilated patients with acute respiratory failure (CARBI)
INFO:__main__:Grant #1012 classification DONE			Investigating Intercommunications of Glioblastoma with Brain Microenvironment using 3D Organoid (Genes, Cells and Molecules)
INFO:__main__:Grant #1013 classification DONE			Autonomous Deep Learning for AI (Computer Science)
INFO:__main__:Grant #1014 classification DONE			Supply Chain Analytics under Disruptive Uncertainty (Civil, Industrial and Systems Engineering)
INFO:__main__:Grant #1015 classification DONE			Concevoir et développer des outils d'appréciation et de réduction des risques physiques au travail liés aux équipements
INFO:__main__:Grant #1016 classification DONE			Reaction Mechanisms and Methodology for the Design and Synthesis of Bioactive Agents (Chemistry)
INFO:__main__:Grant #1017 classification DONE			Algebraic methods for lattice models of statistical physics (Mathematics and Statistics)
INFO:__main__:Grant #1018 classification DONE			Optimisation et développement de technologies de déphosphatation des eaux usées
INFO:__main__:Grant #1019 classification DONE			The Eastern Canada Preparedness Hub - ECaPH
INFO:__main__:Grant #1020 classification DONE			On chip optical microresonators for light emission, manipulation & sensing (Electrical and Computer Engineering)
INFO:__main__:Grant #1021 classification DONE			Kushpitau ! (montons en territoire)
INFO:__main__:Grant #1022 classification DONE			Hardware support for reliable networking; from protocols to accelerators (Electrical and Computer Engineering)
INFO:__main__:Grant #1023 classification DONE			Documentary Activism by Migrant Filmmakers from Cuba and Venezuela (2013-2023) (Fine arts, research-creation)
INFO:__main__:Grant #1024 classification DONE			Investigating the role of notochord defects in the etiopathogenesis of congenital scoliosis
INFO:__main__:Grant #1 classification DONE			Quelles sont les mathématiques utilisées par les ingénieurs au quotidien? Une étude sur les pratiques des ingénieurs pour déterminer leurs besoins mathématiques (Education and social work)
INFO:__main__:Grant #2 classification DONE			High-tech paper: Security printing and the aesthetics of trust (Communications, media studies, gender studies, library and information science, related fields)
INFO:__main__:Grant #3 classification DONE			Integrin Alpha8 is a novel mediator of T lymphocyte migration across the CNS barriers (Systems & Circuits Neurosciences)
INFO:__main__:Grant #4 classification DONE			Growing up trans: A qualitative, international, and longitudinal investigation of trans youth access to gender affirming medical care, gender affirmation and well-being (Social & Developmental Aspects of Children's & Youth's Health)
INFO:__main__:Grant #5 classification DONE			Programmable DNA-based switches and nanomachines for sensing and drug delivery applications (Chemistry)
INFO:__main__:Grant #6 classification DONE			Interactions between attention, perception and reaching movements (Biological Systems and Functions)
INFO:__main__:Grant #7 classification DONE			Design and Management of Fog Networks (Computer Science)
INFO:__main__:Grant #8 classification DONE			Polymer Porous Fibrous Structures with Antiviral Properties (Materials and Chemical Engineering)
INFO:__main__:Grant #9 classification DONE			L'art Noir: cartographies for an emerging field (Multidisciplinary or interdisciplinary humanities)
INFO:__main__:Grant #10 classification DONE			System Identification of Human Postural Control: A Multimodal Sensory Stimulation Approach for Diagnosing Balance Disorders
INFO:__main__:Grant #11 classification DONE			Transitioning patients with advanced chronic kidney disease to home or facility dialysis: understanding the experience and quality of life for patients and their caregivers (TRANSIT-CARE)
INFO:__main__:Grant #12 classification DONE			Tenrikyo and the Rise and Fall of New Religions in Japan (Philosophy, medieval studies, classics, religious)
INFO:__main__:Grant #13 classification DONE			Systems biology of size control in eukaryotes (Genes, Cells and Molecules)
INFO:__main__:Grant #14 classification DONE			Drop-based microfluidics (DBM) for single cell studies and ultrahigh-throughput phenotypic screens and lab evolution (Genes, Cells and Molecules)
INFO:__main__:Grant #15 classification DONE			Neural repair in glaucoma: the role of insulin signaling (Cell Biology – Disease)
INFO:__main__:Grant #16 classification DONE			Impacts des mesures de protection contre la COVID-19 sur la communication des personnes malentendantes
INFO:__main__:Grant #17 classification DONE			Mixité sociale et scolaire en classe : perception des exigences professionnelles des étudiant·e·s en formation à l'enseignement au Québec et en Suisse (Education and social work)
INFO:__main__:Grant #18 classification DONE			Discharges at/near gas-liquid and liquid-liquid interfaces: fundamental investigation and application in liquid processing and nanomaterial synthesis (Physics)
INFO:__main__:Grant #19 classification DONE			Fully-Lagrangian three-dimensional modelling of river ice jam initiation
INFO:__main__:Grant #20 classification DONE			Juger l'homosexualité, attribuer l'asile: le traitement des demandes d'asile OSIG au Canada (Political science and public administration)
INFO:__main__:Grant #21 classification DONE			Intentions or affect: Which is a key driver of physical activity? Using ecological momentary assessment to understand the intention-behaviour gap in schizophrenia spectrum disorders (Multidisciplinary or interdisciplinary social sciences)
INFO:__main__:Grant #22 classification DONE			Biophysical and genetic control of root growth
INFO:__main__:Grant #23 classification DONE			Open-source numerical strategy for the analysis and redesign of turbomachine blades accounting for nonlinear structural interactions
INFO:__main__:Grant #24 classification DONE			Application of Boltzmann Transport Equation solutions to nuclear reactor physics and radiotherapy applications (Physics)
INFO:__main__:Grant #25 classification DONE			La théorie des graphes : analyse structurelle, algorithmique et applications dans les sciences de l'ingénieur
INFO:__main__:Grant #26 classification DONE			Interdisciplinary Canadian Collaborative ME Research Network
INFO:__main__:Grant #27 classification DONE			La nouvelle politique de la redistribution (Political science and public administration)
INFO:__main__:Grant #28 classification DONE			Extracellular vesicles and their miR cargo to enhance ischemia-induced neovascularization in peripheral artery disease (Cardiovascular System – Vascular System)
INFO:__main__:Grant #29 classification DONE			Low-Dimensional Organic Materials for Energy, Electronic and Environment Applications
INFO:__main__:Grant #30 classification DONE			Histone protein supply and demand: life on a knife's edge (Genes, Cells and Molecules)
INFO:__main__:Grant #31 classification DONE			Bayesian deep-learning prediction with sparse graphs (Mathematics and Statistics)
INFO:__main__:Grant #32 classification DONE			At the Edge of Soft Power: French Saint-Simonians and Nineteenth-Century Visions of Development (History)
INFO:__main__:Grant #33 classification DONE			Random walks on random graphs in high dimensions (Mathematics and Statistics)
INFO:__main__:Grant #34 classification DONE			Roles, mechanisms of action and regulation of Hippo signaling in the testis (Biological Systems and Functions)
INFO:__main__:Grant #35 classification DONE			The role of the TGFB-SOX9 signaling pathway in brain angiogenesis (Biological Systems and Functions)
INFO:__main__:Grant #36 classification DONE			A randomized controlled trial comparing Virtual Reality Therapy to Supportive Therapy to reduce cannabis use in patients with psychotic disorders
INFO:__main__:Grant #37 classification DONE			Le contrat didactique en sciences humaines au primaire : mieux comprendre les pratiques enseignantes et leurs effets sur l'apprentissage (Education and social work)
INFO:__main__:Grant #38 classification DONE			Impact of insects by-products and phytogenics on the piglet's intestinal health
INFO:__main__:Grant #39 classification DONE			Response of the continental water cycle to greenhouse warming: evaluating, understanding and constraining Earth System Model projections (Geosciences)
INFO:__main__:Grant #40 classification DONE			Why Do Green Products Suffer from Low Consumer Preference? An Explanation Based on Ease of Benefit Visualization and Price Fairness Perceptions
INFO:__main__:Grant #41 classification DONE			Architecture comme tissu spatial et social: perspectives japonaises pour promouvoir les relations multi échelles (Geography, urban planning and related fields)
INFO:__main__:Grant #42 classification DONE			Femmes mémorialistes sous l'Ancien Régime (XVIe-XVIIIe siècles)
INFO:__main__:Grant #43 classification DONE			Répit Une Heure pour Moi : Ethnographie ciblée d'un programme de soutien familial à domicile pour les familles dont un enfant a des problèmes de santé mentale
INFO:__main__:Grant #44 classification DONE			The ethical challenges of Artificial Intelligence for start-ups
INFO:__main__:Grant #45 classification DONE			Integrating impacts from marine plastics in Life Cycle Assessment (Civil, Industrial and Systems Engineering)
INFO:__main__:Grant #46 classification DONE			A Semantic Parsing Approach to Open-world Knowledge Graph Question Answering
INFO:__main__:Grant #47 classification DONE			Appropriation et déploiement d'une approche pédagogique antiraciste chez des formateurs en sciences de la santé (Indigenous research)
INFO:__main__:Grant #48 classification DONE			Pathways for the digital economy: Adolescent digital literacies and InstaPoetry
INFO:__main__:Grant #49 classification DONE			Les discours en matière de pauvreté dans les revues scientifiques francophones du travail social : ce qu'ils nous disent du travail social et de ses rapports à la science et à la théorie (Multidisciplinary or interdisciplinary social sciences)
INFO:__main__:Grant #50 classification DONE			Bilingualism and attentional processes in the age and language proficiency continuum (Biological Systems and Functions)
INFO:__main__:Grant #51 classification DONE			Arts de la scène, innovations technologiques et clowns pour le renouvellement de l'opéra
INFO:__main__:Grant #52 classification DONE			"Domestic art galleries" in Cuba, Russia, and China after 1989: a(n) (imagined) trans-socialist network (Fine Arts, Research-Creation)
INFO:__main__:Grant #53 classification DONE			Advancing the understanding of fundamental principles of motor control (Biological Systems and Functions)
INFO:__main__:Grant #54 classification DONE			Impact Award: Insight
INFO:__main__:Grant #55 classification DONE			New Methods for the Stereoselective Synthesis of Organic Compounds (Chemistry)
INFO:__main__:Grant #56 classification DONE			Capturer le rythme de la vie moderne : le montage rapide comme symptôme et modèle pour les sociétés du début du XXe siècle jusqu'à aujourd'hui (Fine Arts, Research-Creation)
INFO:__main__:Grant #57 classification DONE			Environnement, médias, archives : une anatomie contemporaine de la mélancolie et de la nostalgie (Fine Arts, Research-Creation)
INFO:__main__:Grant #58 classification DONE			Multimode determination of gene transcription and metabolic labeling (Genes, Cells and Molecules)
INFO:__main__:Grant #59 classification DONE			SLAMF7 in innate immune cells and anti-cancer immunotherapy
INFO:__main__:Grant #60 classification DONE			À votre service : figures ambivalentes du care dans le Roman français de 1870 à 1945 (Literature)
INFO:__main__:Grant #61 classification DONE			Using a point-of-care electrophysiological method to study the impact of neuro-sacral function on recovery after acute spinal cord injury
INFO:__main__:Grant #62 classification DONE			Local intersectoral networks and institutional transformations: how can local actors promote social innovations? (Education)
INFO:__main__:Grant #63 classification DONE			Plasma biomarkers of Alzheimer's disease in insomnia before and after cognitive behavioral therapy for insomnia
INFO:__main__:Grant #64 classification DONE			Developing algorithm aided fabrication methods for polyhedral structures (Civil, Industrial and Systems Engineering)
INFO:__main__:Grant #65 classification DONE			SARS-CoV-2 Spike conformation: impact on Fc-mediated effector functions (Virology & Viral Pathogenesis)
INFO:__main__:Grant #66 classification DONE			Questions in number theory (Mathematics and Statistics)
INFO:__main__:Grant #67 classification DONE			The mammalian target of rapamycin provides the female rodent heart sex-dependent resistance to ischemic damage (Gender, Sex & Health)
INFO:__main__:Grant #68 classification DONE			The CAnadian Mother-ChIld COLlaborative Training Platform - The CAMCCO-L Training Platform (Health Research Training Platform)
INFO:__main__:Grant #69 classification DONE			Life course body fatness and physical activity, and ovarian cancer etiology (Gender, Sex & Health)
INFO:__main__:Grant #70 classification DONE			Modeling cue-triggered relapse to cocaine use in rats (Behavioural Sciences – Neurobiological Basis of Behavioural Processes)
INFO:__main__:Grant #71 classification DONE			Exploring emotional underpinnings of audit work amidst the rise of the digital age
INFO:__main__:Grant #72 classification DONE			Moving towards culturally safe services for Indigenous people in forensic mental health: A Partnership Development Programme
INFO:__main__:Grant #73 classification DONE			Development of functional language brain networks: a multimodal neuroimaging approach (Physics)
INFO:__main__:Grant #74 classification DONE			Une deuxième peau à vif: vêtement, genre et violence dans la Bible hébraïque (Philosophy, medieval studies, classics, religious)
INFO:__main__:Grant #75 classification DONE			Social Innovation through Participatory Art and Design with Youth at the Margins - Solutions for Engaging and Empowering Youth with Trans-Atlantic Mirroring (Social Innovation)
INFO:__main__:Grant #76 classification DONE			Assessment of renal function in adults born preterm: The HAPI-Kidney study (Clinical Investigation – Reproduction, Maternal, Child and Youth Health)
INFO:__main__:Grant #77 classification DONE			Unveiling the Role of Cellular Aging in Postmenopausal Syndrome: Rationale for Senolytic-Based Strategies to Enhance Women's Health
INFO:__main__:Grant #78 classification DONE			Optimizing the Ageing Brain? Situating Ethical Aspects of Dementia Prevention (BEAD)
INFO:__main__:Grant #79 classification DONE			Multicommunicating during team meetings and its effect on team functioning
INFO:__main__:Grant #80 classification DONE			Transitioning from late adolescence into emerging adulthood: The role of past and current parenting (Psychology)
INFO:__main__:Grant #81 classification DONE			Plateforme intégrée de caractérisation expérimentale/numérique pour la conception de matériaux poreux innovants (Mechanical Engineering)
INFO:__main__:Grant #82 classification DONE			How Peers in Healthcare Teams Transform Homelessness Prevention and Care Practices: A Participatory Multiple Case Study
INFO:__main__:Grant #83 classification DONE			Online stochastic optimization for dynamic operations management systems (Civil, Industrial and Systems Engineering)
INFO:__main__:Grant #84 classification DONE			Assessing latent-structure models in natural language processing with artificial datasets (Computer Science)
INFO:__main__:Grant #85 classification DONE			Electroactive Self-Assembled Monolayers: Putting Surface-Confined Redox Reactions to Work (Chemistry)
INFO:__main__:Grant #86 classification DONE			Role of SCPPPQ1, a junctional epithelium protein, in maintaining periodontal integrity and health (Clinical Investigation – Arthritis, Bone, Skin and Cartilage)
INFO:__main__:Grant #87 classification DONE			What dreams may come: How cinema shapes the language, experience, and images of dreaming (Multidisciplinary or interdisciplinary social sciences)
INFO:__main__:Grant #88 classification DONE			Supramolecular strategies to target cellular membranes (Chemistry)
INFO:__main__:Grant #89 classification DONE			Geopolitics, bargaining, and firm selection along the Belt and Road
INFO:__main__:Grant #90 classification DONE			Role of neuron-glia interactions in sensori-motor integration in mastication (Movement & Exercise)
INFO:__main__:Grant #91 classification DONE			Dual-Energy Cone-Beam CT as an online quantitative imaging modality for adaptive radiotherapy (Physics)
INFO:__main__:Grant #92 classification DONE			Le "patient expert": enjeux épistémiques et normatifs (Philosophy, medieval studies, classics, religious)
INFO:__main__:Grant #93 classification DONE			Les données numériques en santé: peut-on bâtir la confiance
INFO:__main__:Grant #94 classification DONE			Role of ARF1 as a key GTPAse regulating immune surveillance in breast cancer
INFO:__main__:Grant #95 classification DONE			Critical Replacement of Thermogravimetric Analyzer to Leverage Materials Discovery and Innovation (Chemistry)
INFO:__main__:Grant #96 classification DONE			Partnering with Canadian Youth to Co-Design a Toolkit to Support Youth who Experience Climate-Related Distress
INFO:__main__:Grant #97 classification DONE			Family Acculturation: Identity, Legitimacy, and the Marketplace
INFO:__main__:Grant #98 classification DONE			Low-Resource Text Understanding (Computer Science)
INFO:__main__:Grant #99 classification DONE			Privilège des minoritaires et inégalités épistémiques: une perspective féministe et décoloniale sur la reconnaissance des savoirs expérientiels dans la lutte contre la pauvreté au Québec et en Belgique francophone (Sociology, demography and related fields)
INFO:__main__:Grant #100 classification DONE			L'esthétique moyenne ou la coupe régulière (Sociology, demography and related fields)
INFO:__main__:Grant #101 classification DONE			Deepening understanding on infant and child mortality disparities in low- and middle-income countries: untangling the direct and indirect effects of gender inequality (Multidisciplinary or interdisciplinary social sciences)
INFO:__main__:Grant #102 classification DONE			Isolating the role of the raphe-ventral hippocampus serotonergic pathway in anxiety (Behavioural Sciences – Neurobiological Basis of Behavioural Processes)
INFO:__main__:Grant #103 classification DONE			Facing pain is effortful: a multidisciplinary approach to investigate the effects of pain on perception of effort and performance (Biological Systems and Functions)
INFO:__main__:Grant #104 classification DONE			Enjeux émergents liés à la présence de manganèse dans les eaux potables (Civil, Industrial and Systems Engineering)
INFO:__main__:Grant #105 classification DONE			Élaboration d'un procédé de stockage de CO2 par minéralisation visant à réduire les émissions des Gaz à Effet de Serre du secteur agricole
INFO:__main__:Grant #106 classification DONE			Factor models for forecasting and macroeconomic applications (Economics)
INFO:__main__:Grant #107 classification DONE			Une histoire écrite avec des si. Les devenirs romanesques des idéaux libertaires (1898-1940) (Literature)
INFO:__main__:Grant #108 classification DONE			Jean-Marc Vallée : de Montréal à Hollywood
INFO:__main__:Grant #109 classification DONE			Prebiotics to modify the gut microbiome and enhance immune checkpoint blockers (Cancer Progression & Therapeutics)
INFO:__main__:Grant #110 classification DONE			Words Matter, Numbers Matter, Ways Matter: Establishing a Data and Resource Platform to Guide Equitable Healthcare for Women Living with Female Genital Mutilation/Cutting in Canada (Public, Community & Population Health)
INFO:__main__:Grant #111 classification DONE			Dynamiques de cohabitation à l'ère de la "super-diversité" (Anthropology and archaeology)
INFO:__main__:Grant #112 classification DONE			Dependence Modelling for Arbitrary Distributions (Mathematics and Statistics)
INFO:__main__:Grant #113 classification DONE			CONTACT BY SEA: : Basques et Autochtones dans le golfe Saint-Laurent, XVIe-XVIIIe siècle (Anthropology and archaeology)
INFO:__main__:Grant #114 classification DONE			The impact of genetic variation on genome biology and function (Genes, Cells and Molecules)
INFO:__main__:Grant #115 classification DONE			Orphan Nuclear Receptor Regulation of Fertility (Clinical Investigation – Reproduction, Maternal, Child and Youth Health)
INFO:__main__:Grant #116 classification DONE			Identifying the roles of atypical MAP kinases ERK3 and ERK4 in cardiac remodelling (Cardiovascular System – Heart and Circulation)
INFO:__main__:Grant #117 classification DONE			Valorisation des données industrielles (Civil, Industrial and Systems Engineering)
INFO:__main__:Grant #118 classification DONE			Multiphysics and multiscale modeling for the intensification of chemical engineering processes (Materials and Chemical Engineering)
INFO:__main__:Grant #119 classification DONE			Targeting BMP signaling in the tumor endothelium to improve cancer immunotherapy (Cancer Progression & Therapeutics)
INFO:__main__:Grant #120 classification DONE			The Impact of Job Transformations on Frontline Employees' Burnout and Performance: Examining the Roles of Manager Support and Empathy
INFO:__main__:Grant #121 classification DONE			Structural design and rehabilitation of bridge superstructure and foundation elements utilizing fibre reinforced concrete and ultra-high performance fibre reinforced concrete with conventional reinforcement
INFO:__main__:Grant #122 classification DONE			Des dispositifs de développement professionnels transformateurs pour les enseignants du postsecondaire (Education and social work)
INFO:__main__:Grant #123 classification DONE			High-fidelity simulations of turbulent combustion relevant to gas turbines and compression ignition engines (Mechanical Engineering)
INFO:__main__:Grant #124 classification DONE			Responsible Conduct in Research: From Norms to Practice
INFO:__main__:Grant #125 classification DONE			Integrity of the cellular transformation barriers in reprogrammed cell (Genes, Cells and Molecules)
INFO:__main__:Grant #126 classification DONE			Deuterostome extracellular matrix structures (ossicles and tubes): Evolution, composition, function and development (Evolution and Ecology)
INFO:__main__:Grant #127 classification DONE			Finding Order in Chaos: Vibrational Spectroscopy Study of Oriented Soft Materials (Chemistry)
INFO:__main__:Grant #128 classification DONE			COVID-19 seroepidemiology in children Using Retrieved POPCORN site Leftover Samples (CURNLS)
INFO:__main__:Grant #129 classification DONE			COVIH study: COVID-19 burden in HIV infected individuals
INFO:__main__:Grant #130 classification DONE			Unravelling the physiological function of a highly conserved HNRNPA1 splice variant (Genes, Cells and Molecules)
INFO:__main__:Grant #131 classification DONE			Valorisation des données de production manufacturière pour une prise de décision personnalisée et décentralisée
INFO:__main__:Grant #132 classification DONE			Uncovering causal complexities and trade-offs in the acceptance of mobile apps used to protect communities: the case of emergency response and contact tracing technologies
INFO:__main__:Grant #133 classification DONE			Acquisition of an ultracentrifuge to support research in the field of veterinary infectious diseases (Biological Systems and Functions)
INFO:__main__:Grant #134 classification DONE			Penser et agir pour la paix au Québec (Multidisciplinary or interdisciplinary humanities)
INFO:__main__:Grant #135 classification DONE			Towards a visualization-assisted international history of videogame culture (Fine Arts, Research-Creation)
INFO:__main__:Grant #136 classification DONE			Modélisation et optimisation biomécanique d'orthèses et d'instrumentation de modulation de croissance pour le traitement de la scoliose pédiatrique
INFO:__main__:Grant #137 classification DONE			Randomized controlled trial to evaluate the effect of a postural re-education intervention compared to standard care on scoliosis progression in adolescent (Clinical Investigation – Arthritis, Bone, Skin and Cartilage)
INFO:__main__:Grant #138 classification DONE			Sommeil après une commotion cérébrale : impact sur le bien-être et le fonctionnement familial (Multidisciplinary or interdisciplinary social sciences)
INFO:__main__:Grant #139 classification DONE			Few-Mode Optical Coherence Tomography (FM-OCT)
INFO:__main__:Grant #140 classification DONE			(IN)VISIBILISATION : Le design au prisme de l'itinérance
INFO:__main__:Grant #141 classification DONE			Targeting SMOC2-induced epithelial-to-mesenchymal transition inhibits senescence in mouse models of kidney fibrosis (Hematology, Digestive Disease & Kidney)
INFO:__main__:Grant #142 classification DONE			Modèle explicatif des liens drogues-crimes des jeunes femmes adultes: une nouvelle perspective (Law and criminology)
INFO:__main__:Grant #143 classification DONE			Mégadonnées et techniques avancées démystifiées
INFO:__main__:Grant #144 classification DONE			Developing neurocomputational tools for the prediction and modulation of consciousness (Electrical and Computer Engineering)
INFO:__main__:Grant #145 classification DONE			Description et analyse des interactions orales entre adulte (enseignante/parent) et enfant en lien avec les habiletés narratives lors de la lecture d'albums plurilingues dans une perspective de collaboration école-famille en milieu pluriethnique (Education and social work)
INFO:__main__:Grant #146 classification DONE			Contribuer au développement d'écoles plus justes et inclusives du personnel scolaire de groupes racisés : quels cadres de référence éthique pour les directions d'établissement d'enseignement? (Education and social work)
INFO:__main__:Grant #147 classification DONE			Manipulating methionine metabolism to shape immune responses and modify disease progression in both sexes in MS (Systems & Circuits Neurosciences)
INFO:__main__:Grant #148 classification DONE			Lymphatic vessel function in atherosclerosis (Clinical Investigation – Cardiovascular Systems)
INFO:__main__:Grant #149 classification DONE			Théorie de l'improvisation comme pratique de vulnérabilité en recherche-création (Literature)
INFO:__main__:Grant #150 classification DONE			Potentialiser le leadership normatif de l'Organisation mondiale de la santé: une étude internationale (Law and criminology)
INFO:__main__:Grant #151 classification DONE			PARCS en Santé: Contrôler les agents pathogènes transmis par les tiques tout en protégeant la biodiversité des parcs nature péri-urbains
INFO:__main__:Grant #152 classification DONE			Appréhender la colère sociale : une enquête comparative auprès des jeunes NEET au Québec et en Ontario (Sociology, demography and related fields)
INFO:__main__:Grant #153 classification DONE			La professionnalisation des enseignants d'éducation physique et à la santé à l'école primaire et secondaire : l'enjeu stratégique du savoir professionnel au Québec et en Ontario (Education and social work)
INFO:__main__:Grant #154 classification DONE			Two-phase flow numerical model development based on experimental characterization (Mechanical Engineering)
INFO:__main__:Grant #155 classification DONE			Idea vitality and group idea elaboration
INFO:__main__:Grant #156 classification DONE			La réorganisation des services institutionnels et communautaires auprès des personnes en situation d'itinérance et les besoins des personnes en situation d'itinérance pour faire face à la pandémie de COVID-19
INFO:__main__:Grant #157 classification DONE			Contribution of 17beta-estradiol in pregnancy-related cardiac arrhythmias (Cardiovascular System – Cells and Tissues)
INFO:__main__:Grant #158 classification DONE			Le vivant à l'aune de l'Anthropocène. Étude des enjeux matériels, sociaux, culturels, éthiques et épistémologiques des représentations du vivant et des imaginaires sociotechniques des biotechnologies (Mutidisciplinary or interdisciplinary social sciences)
INFO:__main__:Grant #159 classification DONE			Connectivité intelligente des véhicules urbains dans un réseau hétérogène d'ondes millimétriques (Electrical and Computer Engineering)
INFO:__main__:Grant #160 classification DONE			How spokespersons stand for, act for, and speak for a collective: Understanding the communicative inner workings of political representation and its organizing effects (Communications, media studies, gender studies, library and information science, related fields)
INFO:__main__:Grant #161 classification DONE			Coconstruire un modèle théorique de l'objection de conscience : approfondir sa compréhension afin de mieux l'intégrer à la formation et la pratique infirmière
INFO:__main__:Grant #162 classification DONE			Acceptability, user experience and effect of a new mobile app, 'OUPS!', a FemTech solution designed for the treatment of urinary incontinence in menopausal women: a mixed method study
INFO:__main__:Grant #163 classification DONE			Traduction et journalisme/Translation and Journalism/Traducción y periodismo
INFO:__main__:Grant #164 classification DONE			Réponse différentielle à l'évaluation formelle en protection de la jeunesse en contexte de diversité ethnoculturelle: portrait de la situation et perspectives des familles et des intervenants (Education and social work)
INFO:__main__:Grant #165 classification DONE			Grey box optimization (Civil, Industrial and Systems Engineering)
INFO:__main__:Grant #166 classification DONE			Polymers for realizing energetic materials with tailored performance (Materials and Chemical Engineering)
INFO:__main__:Grant #167 classification DONE			How does the interplay between mandatory and voluntary regulation shape industry practice change for the better?
INFO:__main__:Grant #168 classification DONE			Unité de liaison pour la recherche internationale sur le conseil scientifique
INFO:__main__:Grant #169 classification DONE			La téléologie naturelle au 18e siècle (Philosophy)
INFO:__main__:Grant #170 classification DONE			Mouvements sociaux, droits sociaux et démocratie. Une théorie normative (Philosophy)
INFO:__main__:Grant #171 classification DONE			Modeling the thermodynamic and physical properties of Deep Eutectic Solvents (Materials and Chemical Engineering)
INFO:__main__:Grant #172 classification DONE			La qualité des relations employé-superviseur : Un modèle processuel des antécédents, conséquences, et modérateurs des évaluations comparatives
INFO:__main__:Grant #173 classification DONE			Mathésis, mimésis, sémiosis : la littérarité des genres populaires dans les littératures francophones d'Afrique subsaharienne, du Maghreb et des Caraïbes (Literature)
INFO:__main__:Grant #174 classification DONE			Regime Change and Resilience of Maya peoples at the end of the Classic period (ca. 800-1000 CE) (Anthropology and archaeology)
INFO:__main__:Grant #175 classification DONE			Recommendations for culturally sensitive and intersectional practice in suicide prevention intervention for public safety personnel : a qualitative approach (Crisis/Suicide Line and App-based Support Models for post traum. stress in public safety personnel (PSP))
INFO:__main__:Grant #176 classification DONE			Varieties of Valuings (Philosophy)
INFO:__main__:Grant #177 classification DONE			Pilotage en temps réel des systèmes à l'ère de l'industrie 4.0 (Civil, Industrial and Systems Engineering)
INFO:__main__:Grant #178 classification DONE			Understanding Esophageal Atresia using Induced Pluripotent Stem Cells
INFO:__main__:Grant #179 classification DONE			Discovery and characterization of novel genetic-exchange and drug-resistance mechanisms in Leishmania parasites (Microbiology & Infectious Diseases)
INFO:__main__:Grant #180 classification DONE			From Perception and Learning to Understanding and Action (Computer Science)
INFO:__main__:Grant #181 classification DONE			Novel mechanisms of theca cell growth in the ovarian follicle of cattle (Biological Systems and Functions)
INFO:__main__:Grant #182 classification DONE			An OCT-controlled system for precise and reproducible subretinal drug injection in mice
INFO:__main__:Grant #183 classification DONE			Bioenergetic role of astrocytes in neuronal plasticity and behaviour (Genes, Cells and Molecules)
INFO:__main__:Grant #184 classification DONE			In Democracy we trust, do we? (Sociology, demography and related fields)
INFO:__main__:Grant #185 classification DONE			Minimally-invasive monitoring of renal health in reptiles (Biological Systems and Functions)
INFO:__main__:Grant #186 classification DONE			Le réenchantement à contretemps ? Irrationalité et postmodernité littéraire
INFO:__main__:Grant #187 classification DONE			Structure-functional property-device performance relationships in electronic and energy materials and devices
INFO:__main__:Grant #188 classification DONE			AI augmented pilot
INFO:__main__:Grant #189 classification DONE			Transfert, appropriation et rétention des pratiques associées à l'approvisionnement valorisant l'innovation dans le réseau québécois de la santé : le cas de l'approche fonctionnelle
INFO:__main__:Grant #190 classification DONE			Le patrimoine des groupes ethnoculturels de Montréal: le cas de Montréal-Nord
INFO:__main__:Grant #191 classification DONE			Documenting forager adaptations to dramatic climate change at the Pleistocene-Holocene transition in Liguria (Italy) (Anthropology and archaeology)
INFO:__main__:Grant #192 classification DONE			Abordabilité intégrée: état des connaissances sur les interactions entre coûts d'habitation et de transport
INFO:__main__:Grant #193 classification DONE			High definition digital microscope for accelerating Québec entomological research (Environmental Sciences)
INFO:__main__:Grant #194 classification DONE			Envisioning and Enacting UX Evaluation of Augmented Reality: A Multimethod Approach (Civil, Industrial and Systems Engineering)
INFO:__main__:Grant #195 classification DONE			Kinematic-specific proprioceptive stimulations to better understand sensory control of gait movements (Mechanical Engineering)
INFO:__main__:Grant #196 classification DONE			Attentional processes in the human insula (Biological Systems and Functions)
INFO:__main__:Grant #197 classification DONE			Towards More Autonomous and Safer Unmanned Aerial Vehicle Systems (Mechanical Engineering)
INFO:__main__:Grant #198 classification DONE			Subsea and terrestrial permafrost of the central and eastern Canadian Arctic Archipelago (Geosciences)
INFO:__main__:Grant #199 classification DONE			Global Centers Track 2: Heat Adaptation
INFO:__main__:Grant #200 classification DONE			Immunovirological determinants of breakthrough COVID-19 disease in vaccinated or previously infected individuals (Virology & Viral Pathogenesis)
INFO:__main__:Grant #201 classification DONE			Hormonal control of stamen filament growth
INFO:__main__:Grant #202 classification DONE			Investigate features and dynamics of intron RNP biology and its role in modulating RNA metabolism (Biochemistry & Molecular Biology)
INFO:__main__:Grant #203 classification DONE			CircRNAome in childhood TCF3-PBX1 ALL: Biomaker potential and mechanisms of circRNA dysregulation and function
INFO:__main__:Grant #204 classification DONE			Additive manufacturing technologies for high-performance and high-productivity of multifunctional composite structures and their sustainability for aerospace applications
INFO:__main__:Grant #205 classification DONE			Computational methods and frameworks for unsupervised machine learning
INFO:__main__:Grant #206 classification DONE			Au coeur du cosmos TRYSPACES: Colloque, exposition et bibliothèque numérique
INFO:__main__:Grant #207 classification DONE			Understanding Attitudes toward Artists with a Physical Disability
INFO:__main__:Grant #208 classification DONE			Non-target analysis of radicals in sonochemical and advanced oxidation processes (AOPs) (Materials and Chemical Engineering)
INFO:__main__:Grant #209 classification DONE			La cyberviolence dans les relations amoureuses des jeunes : identifier les facteurs de risque et de protection ainsi que leurs impacts différenciés selon le genre
INFO:__main__:Grant #210 classification DONE			"Sentometrics": Econometrics of textual sentiment with applications in economics and finance
INFO:__main__:Grant #211 classification DONE			Clean Energy transition, Market Design and Industry Dynamics
INFO:__main__:Grant #212 classification DONE			Conférence de l'International Society for the Study of Drug Policy
INFO:__main__:Grant #213 classification DONE			Methods development for the measurement of single-cell molecular state (Genes, Cells and Molecules)
INFO:__main__:Grant #214 classification DONE			Multifunctional Engineering Structures via Embodied Intelligence
INFO:__main__:Grant #215 classification DONE			Spin waves in ferromagnetic metallic wires (Physics)
INFO:__main__:Grant #216 classification DONE			Molecular Chronobiology and regulation of gene expression in dinoflagellates (Genes, Cells and Molecules)
INFO:__main__:Grant #217 classification DONE			Combiner l’hypnose, la réalité virtuelle, la neurophysiologie et l’intelligence artificielle dans la gestion non-pharmacologique et personnalisée de la douleur chronique
INFO:__main__:Grant #218 classification DONE			Les théories inédites de la foi des penseurs dominicains des années 1250-1350 (Philosophy)
INFO:__main__:Grant #219 classification DONE			Computationally efficient multiphysics and multiscale modeling approaches applied to porous materials engineering
INFO:__main__:Grant #220 classification DONE			Marriage, Sorting, and Segregation Across U.S. Cities (Economics)
INFO:__main__:Grant #221 classification DONE			Highly versatile benchtop Flow Cytometry Analyzer (Materials and Chemical Engineering)
INFO:__main__:Grant #222 classification DONE			Analysis of Extreme Values
INFO:__main__:Grant #223 classification DONE			Frontlines to Headlines: The Politics of Memory, War and the Press in interwar Germany (History)
INFO:__main__:Grant #224 classification DONE			Mechanistic Investigations of Nickel-Promoted C-Heteroatom Bond Making Reactions (Chemistry)
INFO:__main__:Grant #225 classification DONE			Manipulated Procurement
INFO:__main__:Grant #226 classification DONE			Functionalized Bilayer Graphene Devices: Achieving Selectivity and Sensitivity
INFO:__main__:Grant #227 classification DONE			Le rôle de la résilience sur la santé et le bien-être des équipes interprofessionnelles: validation d'une démarche managériale participative
INFO:__main__:Grant #228 classification DONE			Les jeunes en difficulté et faisant l'objet d'une double prise en charge judiciaire : parcours de vie, trajectoires dans les services et pratiques professionnelles (Law and criminology)
INFO:__main__:Grant #229 classification DONE			Before the "Great Divide": The Shared Language(s) of Art and Science in the Early Modern Period (Fine Arts, Research-Creation)
INFO:__main__:Grant #230 classification DONE			MID-INFRARED QUANTUM TECHNOLOGY FOR SENSING (MIRAQLS)
INFO:__main__:Grant #231 classification DONE			Exploiting minor histocompatibility antigens for personalized cancer immunotherapy (Cancer Progression & Therapeutics)
INFO:__main__:Grant #232 classification DONE			Investment incentives in matching markets: on the foundations of competitive models (Economics)
INFO:__main__:Grant #233 classification DONE			Advancing Machine Learning with Causal Models (Computer Science)
INFO:__main__:Grant #234 classification DONE			The Brahma Kumari Tradition in Canada and the United States (Medieval, classics, religious studies)
INFO:__main__:Grant #235 classification DONE			Social polarization in high schools during COVID-19: A mixed-method Positive Youth Development research to inform how to promote well-being and reduce violence among adolescents (Education and social work)
INFO:__main__:Grant #236 classification DONE			Assessing the community needs of Canadians with limb loss: Building the foundation for community action
INFO:__main__:Grant #237 classification DONE			Addition of high dose Stimulant and engagement-focused Contingency management, alone and in combination, to treatment as usual for the management of MEthamphetamine use disorder (ASCME): a pan-Canadian multisite randomized controlled trial
INFO:__main__:Grant #238 classification DONE			Écrire / Traduire / Visualiser les humanités numériques
INFO:__main__:Grant #239 classification DONE			Smart Electrolytes for a New Perspective on Electrochemical Energy Storage (Chemistry)
INFO:__main__:Grant #240 classification DONE			Femmes et pouvoirs dans le bailliage de Montréal (1644-1693) (History)
INFO:__main__:Grant #241 classification DONE			Entre pressions socioculturelles et insatisfaction à l'égard de l'image corporelle : le rôle médiateur de caractéristiques personnelles chez les adolescents et jeunes hommes. (Psychology)
INFO:__main__:Grant #242 classification DONE			Multi-Precision Optimization and Methods with Inaccurate Functions and Derivatives (Computer Science)
INFO:__main__:Grant #243 classification DONE			Adaptive FEM for Analysis, Design, and Control of Complex Flows (Mechanical Engineering)
INFO:__main__:Grant #244 classification DONE			Diagnosis of Aggressive Prostate Cancer Using Key Features of Raman Spectroscopy (Cancer Progression & Therapeutics)
INFO:__main__:Grant #245 classification DONE			Maintaining balance in an unstable environment: A central role for the vestibular system (Biological Systems and Functions)
INFO:__main__:Grant #246 classification DONE			Multifarious roles of the smallest Arabidopsis thaliana MAPKKKs clade (MAPKKK19, 20 and 21) as an integrative hub for plant pathogen interactions, growth, development and reproduction (Biological Systems and Functions)
INFO:__main__:Grant #247 classification DONE			Occurrence et contrôle des bactéries opportunistes et bioaérosols issus des systèmes de traitement des eaux usées (Civil, Industrial and Systems Engineering)
INFO:__main__:Grant #248 classification DONE			Le confinement : étude comparée du choix d'un instrument de politique publique extrême (Political science and public administration)
INFO:__main__:Grant #249 classification DONE			Valorisation des noirs de carbone recyclés de pneus usagés
INFO:__main__:Grant #250 classification DONE			"Managing AI in Health Ecosystems" Masterclass
INFO:__main__:Grant #251 classification DONE			Novel regulatory mechanisms of the mammalian nuclear proteasome through liquid-liquid phase separation (Cell Biology – Molecular/Fundamental)
INFO:__main__:Grant #252 classification DONE			Integrating early neuromonitoring biomarkers to better define eligibility for therapeutic hypothermia after perinatal hypoxia-ischemia
INFO:__main__:Grant #253 classification DONE			Metasurface and Metamaterial-Inspired Devices for 5G, IoT, Sensing and Space Applications
INFO:__main__:Grant #254 classification DONE			Cross-frequency coupling and machine learning for electrophysiological signal analysis
INFO:__main__:Grant #255 classification DONE			Uncovering a New Cytotoxic Mechanism of Natural Killer Cells (Genes, Cells and Molecules)
INFO:__main__:Grant #256 classification DONE			Actualisation de la formation sur les pratiques d'affiliation dans les Auberges du coeur du Québec
INFO:__main__:Grant #257 classification DONE			Evidence for Impact: The Quebec Experience of Designing Evidence-Based Public Policy Solutions to Reform Home Care
INFO:__main__:Grant #258 classification DONE			Replicative stress as a primary determinant of chemotherapeutic outcome in ovarian cancer
INFO:__main__:Grant #259 classification DONE			Improved representation, impact assessment, and adaptive management of water resource systems under changing natural and anthropogenic conditions (Civil, Industrial and Systems Engineering)
INFO:__main__:Grant #260 classification DONE			Le travail ensemble comme stratégie de réponse aux besoins complexes des jeunes en difficulté : comprendre les processus d'émergence de la collaboration (Education and social work)
INFO:__main__:Grant #261 classification DONE			Interneuronopathies and neurodevelopmental disorders (Genetics)
INFO:__main__:Grant #262 classification DONE			Prevention / treatment of the choroidal neovascularization by kinin receptors antagonists (Pharmacology & Toxicology)
INFO:__main__:Grant #263 classification DONE			Entre vie et mort: images de médiation (Fine Arts, Research-Creation)
INFO:__main__:Grant #264 classification DONE			Identification of microbial factors to modulate immune dysregulation and treat post-COVID-19 syndrome
INFO:__main__:Grant #265 classification DONE			Les effets de la pandémie de COVID-19 sur les conditions de travail et les trajectoires d'emploi des femmes au Québec: recul, maintien ou avancée? (Business, management and related fields)
INFO:__main__:Grant #266 classification DONE			Data-driven Optimization of Transport Systems (Civil, Industrial and Systems Engineering)
INFO:__main__:Grant #267 classification DONE			Le tournant éclectique en architecture à travers les procès-verbaux du Conseil des Bâtiments civils (projet pilote) (Fine Arts, Research-Creation)
INFO:__main__:Grant #268 classification DONE			Évolution de l'organisation du travail des directions d'établissements d'enseignement du Québec dans le contexte de la transformation des commissions scolaires en centres de services
INFO:__main__:Grant #269 classification DONE			Integrating interdisciplinary perspectives on circular economy
INFO:__main__:Grant #270 classification DONE			Homeostasis of the respiratory epithelial tissue: regulatory mechanisms by ion channels (Genes, Cells and Molecules)
INFO:__main__:Grant #271 classification DONE			Vascular events in patients undergoing same-day noncardiac surgery (VALIANCE) - a prospective cohort and nested biobank study (Clinical Investigation – Cardiovascular Systems)
INFO:__main__:Grant #272 classification DONE			Mental health Recovery from Youth Right-based Perspectives (Education and social work)
INFO:__main__:Grant #273 classification DONE			Ecosystem functioning in the landscape: a meta-ecosystem perspective (Evolution and Ecology)
INFO:__main__:Grant #274 classification DONE			Multi-Fidelity Zonal Approaches to Multi-Disciplinary Aerodynamic Analysis of Transonic Aircraft
INFO:__main__:Grant #275 classification DONE			Defining the functions and mechanisms of centrosomal RNA localization
INFO:__main__:Grant #276 classification DONE			Collaborative improvement of moral deliberation methods: An exercise in living ethics (Mutidisciplinary or interdisciplinary social sciences)
INFO:__main__:Grant #277 classification DONE			The role of GABA signaling in nervous system formation and homeostasis (Genes, Cells and Molecules)
INFO:__main__:Grant #278 classification DONE			Elimination of senescent endothelial cells to prevent vascular dementia in aging atherosclerotic mice (Biological and Clinical Aspects of Aging)
INFO:__main__:Grant #279 classification DONE			Understanding and treating osteoarthritic pain in pet animals: An approach based on neurogenomics and neuropeptidomics manipulation (Biological Systems and Functions)
INFO:__main__:Grant #280 classification DONE			Optimizing risk averse decisions in data-driven problems
INFO:__main__:Grant #281 classification DONE			Understanding the genesis of the spliced immunopeptidome (Genes, Cells and Molecules)
INFO:__main__:Grant #282 classification DONE			Fundamental drivers of plant spectral diversity (Evolution and Ecology)
INFO:__main__:Grant #283 classification DONE			Systematics, biogeography and evolution of northern floras (Evolution and Ecology)
INFO:__main__:Grant #284 classification DONE			Development of Additive Manufacturing Superalloys with high ?' volume fraction (Materials and Chemical Engineering)
INFO:__main__:Grant #285 classification DONE			Judiciarisation des personnes souffrant de troubles mentaux : une recherche en théorisation ancrée sur la perception des patients judiciarisés et le personnel soignant (Psychosocial, Sociocultural & Behavioural Determinants of Health)
INFO:__main__:Grant #286 classification DONE			Methods of initiation and mitigation of thermal runaway in lithium-ion batteries
INFO:__main__:Grant #287 classification DONE			Automated AI-supported methane plume detection from satellite and aircraft images
INFO:__main__:Grant #288 classification DONE			From domain-specific languages to domain-specific environments (Computer Science)
INFO:__main__:Grant #289 classification DONE			Magnetic Field Characterization and Mapping for Artifact Mitigation in MRI
INFO:__main__:Grant #290 classification DONE			La médiatisation de l'opinion publique au Canada (Political science and public administration)
INFO:__main__:Grant #291 classification DONE			Entrepreneuring as Relational Process: Tracing the Trajectories of Entrepreneurial Projects (Communications, media studies, gender studies, library and information science, related fields)
INFO:__main__:Grant #292 classification DONE			Physiotherapy care in Emergency Departments for Patients with Musculoskeletal Disorders: A Pragmatic Cluster Randomized Controlled Trial and Cost Analysis (Clinical Investigation – Arthritis, Bone, Skin and Cartilage)
INFO:__main__:Grant #293 classification DONE			Le numérique et les études médiévales : enjeux pédagogiques et formation par la recherche
INFO:__main__:Grant #294 classification DONE			High power density motors for aeronautics manufactured by cold spraying
INFO:__main__:Grant #295 classification DONE			Cholesterol metabolism and regulation of the senescence-associated secretory phenotype in retinopathy (Systems & Circuits Neurosciences)
INFO:__main__:Grant #296 classification DONE			Second-order Hessian-free methods for statistical learning and stochastic optimization (Civil, Industrial and Systems Engineering)
INFO:__main__:Grant #297 classification DONE			Ecosystemic thinking: integrating ecosystem assessment to the strategic thinking process
INFO:__main__:Grant #298 classification DONE			Brain-body interactions during bipedalism (Biological Systems and Functions)
INFO:__main__:Grant #299 classification DONE			Multiaxial electro-mechanical tensile tester for stretchable electronics (Materials and Chemical Engineering)
INFO:__main__:Grant #300 classification DONE			Development and Update of Quantitative Pharmacology Concepts and Computational Models for a Better Understanding of Drug Fate and Action (Mathematics and Statistics)
INFO:__main__:Grant #301 classification DONE			Frontières vécues dans les institutions éducatives québécoises. Discours des cégépiennes musulmanes issues de l'immigration à Montréal (Education and social work)
INFO:__main__:Grant #302 classification DONE			Non-invasive 4D thoracic imaging infrastructure to support decision-making in the management of lung diseases in intensive care units (ICU) (Electrical and Computer Engineering)
INFO:__main__:Grant #303 classification DONE			La participation à la société québécoise : exploration de la perception des jeunes issus de l'immigration, de première et de deuxième génération (JIPDG), élèves et étudiants au secondaire et au cegep francophones (Education and social work)
INFO:__main__:Grant #304 classification DONE			Reshaping the urban water management paradigm: towards a new decision-support framework for the sustainable design of hybrid systems
INFO:__main__:Grant #305 classification DONE			L'activité musculaire des pianistes au service de la production sonore et de l'expression musicale (Multidisciplinary or interdisciplinary humanities)
INFO:__main__:Grant #306 classification DONE			Extraction, migration et mise en place de granite-pegmatite orogénique: construire les vecteurs d'exploration de métaux critiques
INFO:__main__:Grant #307 classification DONE			Mon genou pourrait aller mieux
INFO:__main__:Grant #308 classification DONE			Learning sensorimotor maps through curiosity (Biological Systems and Functions)
INFO:__main__:Grant #309 classification DONE			Improving the Quality Assurance of Machine-Learning Software Applications (Computer Science)
INFO:__main__:Grant #310 classification DONE			Mobilizing evidence into the effective treatment of sexual offenders: A feasibility study
INFO:__main__:Grant #311 classification DONE			Simulation of large scale MaaS
INFO:__main__:Grant #312 classification DONE			PRevention of COVID-19 with high dose Oral Vitamin D supplemental Therapy in Essential healthCare Teams (PROTECT)
INFO:__main__:Grant #313 classification DONE			Decrypting nociceptive signaling pathways in Caenorhabditis elegans using behavioral analysis and mass spectrometry-based proteomics (Genes, Cells and Molecules)
INFO:__main__:Grant #314 classification DONE			Suivre les affaires et les auteurs de violence conjugale : vers une meilleure compréhension du cheminement pénal et de la récidive (Law and criminology)
INFO:__main__:Grant #315 classification DONE			Dissection of non-canonical DNA damage response mechanisms controlling the senescence program (Genes, Cells and Molecules)
INFO:__main__:Grant #316 classification DONE			Comment habiter le territoire québécois de façon sobre et résiliente dans un contexte de transition écologique?
INFO:__main__:Grant #317 classification DONE			Deafness Induced Brain Reorganization: a research program to examine how deafness modifies cortical functions and affects compensatory vision and auditory performance following cochlear implantation (Behavioural Sciences – Behavioural Studies, Neuroscience and Cognition)
INFO:__main__:Grant #318 classification DONE			Multiscale modeling of multiphase flows in chemical engineering processes (Materials and Chemical Engineering)
INFO:__main__:Grant #319 classification DONE			Soutien à la mobilisation des milieux scolaires pour la mise en oeuvre de mesures intégrées et structurées favorisant la socialisation des élèves, leur bien-être psychologique, ainsi que la prévention de la violence
INFO:__main__:Grant #320 classification DONE			La Trajectoire du mouvement debussyste (1895-1923) : Style, réception, implantation institutionnelle (Fine Arts, Research-Creation)
INFO:__main__:Grant #321 classification DONE			High-order Geometry, Mesh and Adaptivity for Fluid-Structure Interaction Simulations (Mechanical Engineering)
INFO:__main__:Grant #322 classification DONE			Computational analysis and modeling of ribonucleic acid structure, function, and dynamics (Genes, Cells and Molecules)
INFO:__main__:Grant #323 classification DONE			Stratégies d'épargne transfusionnelle et de prévention de la pénurie de produits sanguins labiles : de l'utilisation clinique appropriée à l'élargissement du pool de donneurs
INFO:__main__:Grant #324 classification DONE			Relaxation, friction interne et ondes gravitationnelles (Physics)
INFO:__main__:Grant #325 classification DONE			Penser la citoyenneté vécue des femmes dans les pratiques participatives du care au quotidien en Amérique latine : Le cas des cuisines communautaires de la ville de Mexico (Political science and public administration)
INFO:__main__:Grant #326 classification DONE			Statistical analysis of microbiome longitudinal data with multiplex networks (Evolution and Ecology)
INFO:__main__:Grant #327 classification DONE			Reaction mechanisms of catalytic reactions using earth-abundant metals (Chemistry)
INFO:__main__:Grant #328 classification DONE			Investigation of a novel tumor suppressor mechanism in medulloblastoma
INFO:__main__:Grant #329 classification DONE			Autonomous security for complex systems (Computer Science)
INFO:__main__:Grant #330 classification DONE			Résonance et altération audiovisuelles: pour une pensée sonore de la vidéo et du cinéma expérimental (Fine arts, research-creation)
INFO:__main__:Grant #331 classification DONE			Concentration of measure on quantum states (Computer Science)
INFO:__main__:Grant #332 classification DONE			The use of facial information from developmental prosopagnosics to super-recognizers (Biological Systems and Functions)
INFO:__main__:Grant #333 classification DONE			Raman spectroscopy platform integrating highly sensitive photonic devices, nanostructured surfaces and machine learning for on-site detection of multiple diseases
INFO:__main__:Grant #334 classification DONE			Capillary stalling and hypoxic micropockets: two sides of the same phenomena? (Cardiovascular System – Vascular System)
INFO:__main__:Grant #335 classification DONE			Crime sans châtiment : compétences et réussite criminelle (Law and criminology)
INFO:__main__:Grant #336 classification DONE			Crop rhizosphere response to environmental stress (Biological Systems and Functions)
INFO:__main__:Grant #337 classification DONE			Towards remission and full recovery from obsessive-compulsive disorder: Investigating the efficacy of Inference-Based Cognitive-Behavioral Therapy when standard treatment has failed
INFO:__main__:Grant #338 classification DONE			Soft coral flexibility: its impact on hydrodynamic loads, feeding and a way to measure flow velocity
INFO:__main__:Grant #339 classification DONE			Sexual selection and the evolution of cognition (Evolution and Ecology)
INFO:__main__:Grant #340 classification DONE			Characterization of lincRNA-miRNA networks (Genes, Cells and Molecules)
INFO:__main__:Grant #341 classification DONE			Rétroaction corrective écrite : à quel moment et pour qui? (Education and social work)
INFO:__main__:Grant #342 classification DONE			EDITH: Efficient Design for Intelligent devices exploiting emerging TecHnologies (Electrical and Computer Engineering)
INFO:__main__:Grant #343 classification DONE			When Pain Drives you N. U. T. S.: A mixed methods approach to investigating triggers of the stress response and multidimensional pain outcomes in a sample of individuals suffering from chronic low back pain (Psychosocial, Sociocultural & Behavioural Determinants of Health)
INFO:__main__:Grant #344 classification DONE			Preclinical development of highly potent and orally bioavailable PCSK9 inhibitors for patients at high cardiovascular risk
INFO:__main__:Grant #345 classification DONE			Targeting 14-3-3zeta to promote human pancreatic beta-cell proliferation (Diabetes, Obesity, Lipid & Lipoprotein Disorders)
INFO:__main__:Grant #346 classification DONE			Colloque scientifique annuel de l'Équipe de recherche interdisciplinaire sur les familles réfugiées et demandeuses d'asile
INFO:__main__:Grant #347 classification DONE			Machine Learning in the Presence of Model-Dependent Data (Computer Science)
INFO:__main__:Grant #348 classification DONE			Sustainable mobility in Canadian cities: Towards an integrated measurement and understanding of the performance of land use and transport systems and their impacts on travel behavior (Civil, Industrial and Systems Engineering)
INFO:__main__:Grant #349 classification DONE			L'enseignement de l'écriture par les enseignants de littérature et de philosophie du collégial (Education and social work)
INFO:__main__:Grant #350 classification DONE			Investigating the metabolic determinants of triple-negative breast cancer progression through chromatin dependencies (Cancer Progression & Therapeutics)
INFO:__main__:Grant #351 classification DONE			Modélisation et mesure des risques financiers (Mathematics and Statistics)
INFO:__main__:Grant #352 classification DONE			Ecological and evolutionary drivers of host-symbiont associations in the phyllosphere (Evolution and Ecology)
INFO:__main__:Grant #353 classification DONE			Comment nourrir en santé toujours plus d'humains sans épuiser les ressources terrestres dans un contexte de changements climatiques ?
INFO:__main__:Grant #354 classification DONE			Applications of machine learning in finance and economics
INFO:__main__:Grant #355 classification DONE			Dynamic Games: Theory, Algorithms and Applications (Civil, Industrial and Systems Engineering)
INFO:__main__:Grant #356 classification DONE			In-vitro Oral, Inhalation, and Dermal Bioaccessibility and Bioavailability of Metal(loid)s from Polluted Soils and Mine Tailings
INFO:__main__:Grant #357 classification DONE			Electrochemical biosensors for point-of-care diagnostics (Materials and Chemical Engineering)
INFO:__main__:Grant #358 classification DONE			Look Up!: The Media Logics of Aerial Communication (Communications, media studies, gender studies, library and information science, related fields)
INFO:__main__:Grant #359 classification DONE			Expectation Formation, Excess Currency Returns, and Foreign Exchange Interventions
INFO:__main__:Grant #360 classification DONE			Études génétiques et moléculaires de la fonction des Polycomb dans la formation et le maintien de la stabilité de l'hétérochromatine (Genes, Cells and Molecules)
INFO:__main__:Grant #361 classification DONE			Bringing the quantum revolution to fruition (Computer Science)
INFO:__main__:Grant #362 classification DONE			Apprentissage automatique et optimisation pour les graphes et réseaux (Civil, Industrial and Systems Engineering)
INFO:__main__:Grant #363 classification DONE			Thanatographies: (re)penser la mort en littérature
INFO:__main__:Grant #364 classification DONE			Mechanisms of assembly and function of the septin cytoskeleton in Drosophila (Genes, Cells and Molecules)
INFO:__main__:Grant #365 classification DONE			Propagating Marginal Probability Mass Functions in Constraint Programming Solvers: Challenges and Opportunities
INFO:__main__:Grant #366 classification DONE			Magnetic resonance navigation of drug eluting beads for liver cancer therapy: in-vitro optimization and preclinical safety efficacy study (Medical Physics & Imaging)
INFO:__main__:Grant #367 classification DONE			Robotic Perception in Extreme Environments (Electrical and Computer Engineering)
INFO:__main__:Grant #368 classification DONE			Modular and Lifelong Learning for Developing General Purpose Robotic Agents (Computer Science)
INFO:__main__:Grant #369 classification DONE			Algorithmic Fairness in Black-box Machine Learning Models (Computer Science)
INFO:__main__:Grant #370 classification DONE			Sex- and hormone-dependent recruitment of inhibitory neurons in rodent sensory cortex (Genes, Cells and Molecules)
INFO:__main__:Grant #371 classification DONE			Investigating the Adamts19-dependent mechanisms that regulate valve maturation (Developmental Biology)
INFO:__main__:Grant #372 classification DONE			Social Innovation Processes in and around Multinational Companies: The Role of Social Activists and their Transnational Networks (Social Innovation)
INFO:__main__:Grant #373 classification DONE			Regulation of collective cell migration by the kinase Misshapen (Cell and Developmental Physiology)
INFO:__main__:Grant #374 classification DONE			COHESION Study 2.0: COvid-19, HEalth and Social InteractiOn in Neighbourhoods
INFO:__main__:Grant #375 classification DONE			Breaking silos: Integrating software development and operations activities in organizations
INFO:__main__:Grant #376 classification DONE			Differential impact of stress on risk-taking behaviour in individuals using hippocampus versus caudate nucleus-dependent virtual navigation strategies (Biological Systems and Functions)
INFO:__main__:Grant #377 classification DONE			Gas phase activation of monosaccharides and 5-hydroxymethylfurfural to 2,5 diformylfuran a PEF monomer (Materials and Chemical Engineering)
INFO:__main__:Grant #378 classification DONE			Critical Edition, Translation and Study of Isaac ibn Latif's Commentary on Ecclesiastes (ca. 1240) (Philosophy, medieval studies, classics, religious)
INFO:__main__:Grant #379 classification DONE			Sound Art Documentation : Spatial Audio and Significant Knowledge (Communications, media studies, gender studies, library and information science, related fields)
INFO:__main__:Grant #380 classification DONE			Inter-Brain Synchronization: from Measurements to Mechanisms (Biological Systems and Functions)
INFO:__main__:Grant #381 classification DONE			Endothelial cell genetics and blood pressure regulation (Genetics)
INFO:__main__:Grant #382 classification DONE			ImproviNg rEnal outcomes following coronary angiograPhy and/or percuTaneoUs coroNary intErventions: a pragmatic, adaptive, patient-oriented randomized controlled trial
INFO:__main__:Grant #383 classification DONE			Machine Learning with Tensor Networks (Computer Science)
INFO:__main__:Grant #384 classification DONE			Elucidation of novel intracellular signaling mechanisms underlying uterine function and disease in cows (Biological Systems and Functions)
INFO:__main__:Grant #385 classification DONE			Data extraction from videos for the analysis of behaviors in urban scenes (Computer Science)
INFO:__main__:Grant #386 classification DONE			Inflammatory phenotype, senescence, and viscoelasticity imaging of macrophages in HIV (Medical Physics & Imaging)
INFO:__main__:Grant #387 classification DONE			Optimization algorithms for rich vehicle routing problems
INFO:__main__:Grant #388 classification DONE			Investigating the Innovation Process in Long-Term Care Facilities: A Research Project on the Adoption, Implementation and Assimilation of Health IT
INFO:__main__:Grant #389 classification DONE			KBTBD4 determines key epigenetic marks that govern human hematopoietic stem cell self-renewal (Genetics)
INFO:__main__:Grant #390 classification DONE			Representation learning and exploration of data geometries (Computer Science)
INFO:__main__:Grant #391 classification DONE			Vitamin K1 supplementation to improve cognition of patients with coronary heart disease: a randomized controlled pilot study
INFO:__main__:Grant #392 classification DONE			Simulation of physical processes with Monte Carlo methods in the keV and MeV energy range (Physics)
INFO:__main__:Grant #393 classification DONE			Characterizing and targeting lipocalin-type prostaglandin D2 synthase in osteoarthritis (Clinical Investigation – Arthritis, Bone, Skin and Cartilage)
INFO:__main__:Grant #394 classification DONE			3D Bioprinting of Cardiac Tissues (Materials and Chemical Engineering)
INFO:__main__:Grant #395 classification DONE			Fiscal Policy Spillovers and Inter-Sectoral Linkages: Theory and Evidence
INFO:__main__:Grant #396 classification DONE			Advanced Distributed Decision-making framework for Smart grid aggregators (Electrical and Computer Engineering)
INFO:__main__:Grant #397 classification DONE			Constitutional Legacies of the Judicial Committee of the Privy Council (Law and criminology)
INFO:__main__:Grant #398 classification DONE			Developing frameworks for climate positive design: Case Study of extraction and processing industries in Nova Scotia and Quebec (Geography, urban planning and related fields)
INFO:__main__:Grant #399 classification DONE			Re-Imagining Illness: The British Woman Writer's Medical Knowledge, 1660-1820 (Literature)
INFO:__main__:Grant #400 classification DONE			Regulation of thymic selection thresholds and their role in establishing T cell function (Immunology & Transplantation)
INFO:__main__:Grant #401 classification DONE			Viral Conjunctures: Pandemics and Planetary Health Narratives (Literature)
INFO:__main__:Grant #402 classification DONE			Companies and States: The Compagnie des Indes occidentales and the Reconfiguration of Authority in the French Atlantic, 1664-1674 (History)
INFO:__main__:Grant #403 classification DONE			Produits sanguins provenant de don de sang d'hommes ayant des relations sexuelles avec d'autres hommes (Étude PS-HARSAH) (Public, Community & Population Health)
INFO:__main__:Grant #404 classification DONE			Manipulating cytokine pathways to increase T cell stemness during chronic antigen exposure (Immunology & Transplantation)
INFO:__main__:Grant #405 classification DONE			Sexual dimorphism and menopause in the interaction between immune cells and neurovascular coupling (Cardiovascular System – Vascular System)
INFO:__main__:Grant #406 classification DONE			Novel Synthetic Methodologies Exploiting Nitrogen-Containing Molecules (Chemistry)
INFO:__main__:Grant #407 classification DONE			Towards Systematic and Cost-Effective Monitoring of Large-Scale Software Systems (Computer Science)
INFO:__main__:Grant #408 classification DONE			From examples to knowledge to software engineering support and automation (Computer Science)
INFO:__main__:Grant #409 classification DONE			B cell intrinsic mechanisms of the germinal centre reaction (Immunology & Transplantation)
INFO:__main__:Grant #410 classification DONE			Modifications of newly synthesized histones and the cellular response to DNA replication stress (Genes, Cells and Molecules)
INFO:__main__:Grant #411 classification DONE			Innovative Compressor/Fan Technologies for Reduction of Fossil Fuel Consumption
INFO:__main__:Grant #412 classification DONE			Exploring ancestry in Montréal's Notre-Dame Cemetery (1691-1797), using 3D morphometrics and ancient DNA (Multidisciplinary or interdisciplinary humanities)
INFO:__main__:Grant #413 classification DONE			Individual differences in natural scene semantics investigated with machine learning and neuroimaging (Biological Systems and Functions)
INFO:__main__:Grant #414 classification DONE			The Climate Crisis and the Future of Work
INFO:__main__:Grant #415 classification DONE			Grid Transition: New Generation Methodologies and Tools for Reliable Protection
INFO:__main__:Grant #416 classification DONE			Art-thérapie et réadaptation: une perspective transdisciplinaire
INFO:__main__:Grant #417 classification DONE			Optimization and game dynamics in machine learning (Computer Science)
INFO:__main__:Grant #418 classification DONE			Développement et validation d'un outil sur le climat de genre tel que perçu par les élèves des écoles secondaires (Education and social work)
INFO:__main__:Grant #419 classification DONE			CMV Dynamics and Transmission in Pregnancy: Comparison Between Women Living with and without HIV (Clinical Investigation – Reproduction, Maternal, Child and Youth Health)
INFO:__main__:Grant #420 classification DONE			Solidarité et entraide dans le contexte de l'autisme et du vieillissement
INFO:__main__:Grant #421 classification DONE			Children with sexual behaviour problems: Do specialized services influence their trajectory within child protection services? (Psychology)
INFO:__main__:Grant #422 classification DONE			Évaluer les pratiques préventives du Centre de prévention et d'intervention pour victimes d'agression sexuelle (CPIVAS) : projet pilote pour le programme de prévention « Clique sur toi! -- primaire »
INFO:__main__:Grant #423 classification DONE			Understanding what they want and what works: social support and well-being among men experiencing cancer (Multidisciplinary or interdisciplinary social sciences)
INFO:__main__:Grant #424 classification DONE			The Burden of Harsh Parenting on Socioemotional and Behavioral Problems: the Role of Chronic Cortisol secretion in the Preschool Years (Social & Developmental Aspects of Children's & Youth's Health)
INFO:__main__:Grant #425 classification DONE			From amusia to dyslexia: the role of feedback (Biological Systems and Functions)
INFO:__main__:Grant #426 classification DONE			Raconter-Cartographier. La scénarisation transmédiale (Fine Arts, Research-Creation)
INFO:__main__:Grant #427 classification DONE			Stratégies d'actions de communication innovantes visant une sensibilisation résiliente de la population face aux risques liés aux inondations
INFO:__main__:Grant #428 classification DONE			Chez soi jusqu'à la fin? Entre désirs et possibilités de mourir à domicile (Sociology, demography and related fields)
INFO:__main__:Grant #429 classification DONE			A combined in vivo/ex vivo experimental platform for the thorough 3D investigation of bone fatigue related microdamage (Mechanical Engineering)
INFO:__main__:Grant #430 classification DONE			Élaboration et mise à l'essai d'un dispositif d'accompagnement avec, par et pour des conseillers pédagogiques: soutenir le développement professionnel continu des enseignants débutants au regard de l'articulation croyances-pratiques (Education and social work)
INFO:__main__:Grant #431 classification DONE			Environmental Footprint of Mutual Funds and Pension Plans
INFO:__main__:Grant #432 classification DONE			An Ecology of Wood Cultures in Canada (2003-2020): comparing constructive cultures through awarded architectural designs
INFO:__main__:Grant #433 classification DONE			Improving allocation and supporting clinical decision-making for deceased donor kidney offers
INFO:__main__:Grant #434 classification DONE			The many facets of black hole feedback in galaxies (Physics)
INFO:__main__:Grant #435 classification DONE			Tics et syndrome de la Tourette: Bilan et Défis! Avancées des connaissances et discussion des enjeux liés à l'intervention
INFO:__main__:Grant #436 classification DONE			Targeting the SMARCD1-E2A-p53 Molecular Axis in B-Cell Lymphoma (Molecular & Cellular Biology of Cancer)
INFO:__main__:Grant #437 classification DONE			The biogeochemical heterogeneity of peatlands (Geosciences)
INFO:__main__:Grant #438 classification DONE			The role of referral networks on job outcomes (Economics)
INFO:__main__:Grant #439 classification DONE			Investigating neuroprotective strategies in genetic models of neurodegeneration
INFO:__main__:Grant #440 classification DONE			Plant diversity and ecosystem services in wetlands (Evolution and Ecology)
INFO:__main__:Grant #441 classification DONE			How do pioneer factor open chromatin?
INFO:__main__:Grant #442 classification DONE			Integrative physiology of ovarian follicular development and ovulation (Biological Systems and Functions)
INFO:__main__:Grant #443 classification DONE			Intracellular transport of proteins containing di-arginine endoplasmic reticulum-retention motifs (Genes, Cells and Molecules)
INFO:__main__:Grant #444 classification DONE			Plastic Waste Upgrading by Coupling Microwave Heating with Catalytic Pyrolysis (Materials and Chemical Engineering)
INFO:__main__:Grant #445 classification DONE			Controlling Molecular Organization in Materials (Chemistry)
INFO:__main__:Grant #446 classification DONE			Développement de méthodes d'apprentissage automatique pour la détection d'anomalies à l'échelle d'un ensemble de barrages
INFO:__main__:Grant #447 classification DONE			Investigation of the heterogeneity of mitochondrial dysfunction in idiopathic Parkinson's disease using induced neurons derived from patients (Molecular & Cellular Neurosciences)
INFO:__main__:Grant #448 classification DONE			The amyloid precursor protein intracellular domain is an effector molecule of metaplasticity - implications for the regulation of synaptic plasticity in Alzheimer disease (Molecular & Cellular Neurosciences)
INFO:__main__:Grant #449 classification DONE			Regulation of neutrophil antimicrobial defense through the pleiotropic receptor FPR2/ALX (Genes, Cells and Molecules)
INFO:__main__:Grant #450 classification DONE			The neural mechanisms underlying the promotion of motor learning by acute exercise (Biological Systems and Functions)
INFO:__main__:Grant #451 classification DONE			Scalable, versatile surface engineering through photo-initiated chemical vapour deposition (Materials and Chemical Engineering)
INFO:__main__:Grant #452 classification DONE			Regulation of cytokinesis by the novel and conserved flavin-dependent monooxygenase enzymes OSGN-1/OSGIN (Cell Biology - Molecular/Fundamental)
INFO:__main__:Grant #453 classification DONE			Enabling monitoring of ultra-processed food consumption among Canadians: Development and validation of a screener (Nutrition, Food & Health)
INFO:__main__:Grant #454 classification DONE			Les cognitions sociales implicites et les tendances comportementales associées aux émotions hostiles (Psychology)
INFO:__main__:Grant #455 classification DONE			Heidegger et Gadamer. Correspondance et bilan (Philosophy)
INFO:__main__:Grant #456 classification DONE			Generic AC-DC load-flow solution method with controllable AC-DC converters (Electrical and Computer Engineering)
INFO:__main__:Grant #457 classification DONE			Étude sur l'apport de l'expérience de l'émotion de la tristesse vécue et exprimée par des enfants endeuillés face à la réalité du processus de deuil tel que vécu au Québec (Education and social work)
INFO:__main__:Grant #458 classification DONE			Intelligent video surveillance to detect mobility problems of older adults at home: from fall detection to fall prevention (Electrical and Computer Engineering)
INFO:__main__:Grant #459 classification DONE			Dynamic Ultrasound Localization Pulsatility Imaging (Medical Physics & Imaging)
INFO:__main__:Grant #460 classification DONE			Metabolic control of plant non-photosynthetic metabolism (Biological Systems and Functions)
INFO:__main__:Grant #461 classification DONE			COLCOT-T2D : Colchicine for Primary Prevention of Cardiovascular Events in Patients with Type 2 Diabetes
INFO:__main__:Grant #462 classification DONE			Major Resource Support at the Université de Montréal for Canada's Subatomic Physics Program
INFO:__main__:Grant #463 classification DONE			Plateforme d'imagerie macroscopique ultra sensible pour l'étude des neurotransmetteurs et des neuromodulateurs in vivo (Biological Systems and Functions)
INFO:__main__:Grant #464 classification DONE			Algorithmes de calcul de dose basé sur des modèles pour des applications avancées en physique médicale (Physics)
INFO:__main__:Grant #465 classification DONE			Logistics and transportation (Civil, Industrial and Systems Engineering)
INFO:__main__:Grant #466 classification DONE			Systematic mapping of the global ARF network interactome by BioID coupled to functional studies to reveal novel biological functions (Cell Biology – Molecular/Fundamental)
INFO:__main__:Grant #467 classification DONE			Measuring Partisan Conflicts on Social Media (Political science and public administration)
INFO:__main__:Grant #468 classification DONE			The emergence of problem clarity in teams and its influence innovation project success
INFO:__main__:Grant #469 classification DONE			The release of carbon and pollutants from eastern canadian watersheds in response to atmospheric deposition and climate change
INFO:__main__:Grant #470 classification DONE			Récepteur radiofréquence pour système de caractérisation d'antennes en micro-ondes et ondes millimétriques (Electrical and Computer Engineering)
INFO:__main__:Grant #471 classification DONE			Advanced Simulation Tools for the Design and Operation of Circular Economy Strategies
INFO:__main__:Grant #472 classification DONE			Révélations daoustiennes : nouvelles perspectives sur le théâtre francophone du Québec 1895-1940 (Fine Arts, Research-Creation)
INFO:__main__:Grant #473 classification DONE			Dormir sans pression: un concept intégrateur pour les patients tétraplégiques et les aidants pour minimiser les plaies de pression, améliorer le sommeil et favoriser la résilience face à la lésion de la moelle épinière
INFO:__main__:Grant #474 classification DONE			Assessment of mechanical and durability performances of NSC to self-healing FRC structural components under combined mechanical and environemental loadings (Civil, Industrial and Systems Engineering)
INFO:__main__:Grant #475 classification DONE			eNOS regulates endothelial cell polarity and angiogenic sprouting in vascular pathologies (Cardiovascular System – Vascular System)
INFO:__main__:Grant #476 classification DONE			Comparative Effectiveness of Repetitive Versus Deep Transcranial Magnetic Stimulation for Major Depression: A Randomized Controlled Trial
INFO:__main__:Grant #477 classification DONE			Planning and developing Canadian intersectoral partnerships and knowledge sharing for sustainable LD risk mitigation in peri-domestic high-risk areas
INFO:__main__:Grant #478 classification DONE			Du réseau de neurones au circuit logique et réciproquement : le meilleur des deux mondes (Electrical and Computer Engineering)
INFO:__main__:Grant #479 classification DONE			Faire du virtuel une réalité : l'exploration de l'utilité d'agents virtuels autonomes en contexte de formation à l'évaluation des jeunes contrevenants (Psychology)
INFO:__main__:Grant #480 classification DONE			Global Corporate Minimum Tax in Canada? Politics, Policy and Practice
INFO:__main__:Grant #481 classification DONE			Briser les silos de recherche : pour l'amélioration des interactions entre les milieux universitaire et professionnel en sciences de l'information
INFO:__main__:Grant #482 classification DONE			Simulation numérique des écoulements multi-composants à trois phases par l'approche de Boltzmann sur réseau
INFO:__main__:Grant #483 classification DONE			Developing an initial understanding of the factors involved in psychological readiness to return to sport following a concussion (Psychology, linguistics and translation)
INFO:__main__:Grant #484 classification DONE			Roles for mitochondrial adaptation in fatty liver disease and associated liver cancer (Cell Biology – Disease)
INFO:__main__:Grant #485 classification DONE			Lagrangian analyzes of complex and turbulent flows for advanced flow diagnostics (Mechanical Engineering)
INFO:__main__:Grant #486 classification DONE			Energy and spectrum opportunistic relaying for sustainable wireless networks
INFO:__main__:Grant #487 classification DONE			Plasmonic optophysiology (Chemistry)
INFO:__main__:Grant #488 classification DONE			A statistical perspective for some challenges in data science
INFO:__main__:Grant #489 classification DONE			Structural and functional characterization of protein-metal interactions (Genes, Cells and Molecules)
INFO:__main__:Grant #490 classification DONE			To study the pathogenesis and its underlying mechanisms of an abnormally large Pol II pool size caused by a defective novel ARMC5-containing POLR2A-specific ubiquitin ligase
INFO:__main__:Grant #491 classification DONE			Perspectives compositionnelles sur la sémiotique musicale, à partir de l'intégration théorique et pratique de la sémiotique deleuzienne du cinéma (Fine arts, research-creation)
INFO:__main__:Grant #492 classification DONE			Regulation of germinal center B cell function during antibody responses (Immunology & Transplantation)
INFO:__main__:Grant #493 classification DONE			Victims, Law and Justice: A Partnership approach to Transformative Justice
INFO:__main__:Grant #494 classification DONE			Dynamic scene processing in humans (Biological Systems and Functions)
INFO:__main__:Grant #495 classification DONE			Planning for mercury-related vision rehabilitation services for Grassy Narrows First Nation community
INFO:__main__:Grant #496 classification DONE			L'intégration des PFÉ dans les stages d'actualisation et de requalification de l'Université de Montréal
INFO:__main__:Grant #497 classification DONE			Cartographie des sensibilités queer dans la culture audiovisuelle populaire (Communications, media studies, gender studies, library and information science, related fields)
INFO:__main__:Grant #498 classification DONE			De l'innovation à la nouvelle conformité : les usages complexes des smart drugs (Sociology, demography and related fields)
INFO:__main__:Grant #499 classification DONE			Favoriser la participation sociale des aînés présentant des problèmes de mobilité : partenariat pour le codéveloppement d'un service innovant offert en contexte communautaire
INFO:__main__:Grant #500 classification DONE			Chemosensation in Parkinson's disease: Trigeminal sensitivity as a potential marker (Behavioural Sciences)
INFO:__main__:Grant #501 classification DONE			Nuclear Factor Erythroid 2-Related Factor 2 (NRF2) and Regulation of Sodium-Glucose Co-Transporter 2 (SGLT2) Expression in Type 2 Diabetes (Diabetes, Obesity, Lipid & Lipoprotein Disorders)
INFO:__main__:Grant #502 classification DONE			Identifying and functionally validating IBD genes and variants impacting intestinal epithelial barrier integrity (Genetics)
INFO:__main__:Grant #503 classification DONE			Structural and functional characterization of type IV secretion system pili (Biochemistry & Molecular Biology)
INFO:__main__:Grant #504 classification DONE			Targeting the extracellular adenosine pathway in pancreatic and liver cancers
INFO:__main__:Grant #505 classification DONE			The impact of amyloid-induced neurodegeneration on sleep features and memory processes (Biological and Clinical Aspects of Aging)
INFO:__main__:Grant #506 classification DONE			Disentangling the Kinematics of the Solar Neighborhood to Calibrate the Ages of Stars and Exoplanets (Physics)
INFO:__main__:Grant #507 classification DONE			Towards a Transcultural History and Theory of Heterophony (Fine Arts, Research-Creation)
INFO:__main__:Grant #508 classification DONE			What Do Deep Learning Systems Understand? (Philosophy, medieval studies, classics, religious)
INFO:__main__:Grant #509 classification DONE			Improving endurance performance using maple syrup
INFO:__main__:Grant #510 classification DONE			Multi-Omic Primate Adaptation to Local Environments (Evolution and Ecology)
INFO:__main__:Grant #511 classification DONE			The Role of the State for Long-run Economic Development in Europe (Economics)
INFO:__main__:Grant #512 classification DONE			Éditions critiques numériques et multilinguisme
INFO:__main__:Grant #513 classification DONE			Metabolic control of vascular regeneration in retinopathy of prematurity (Clinical Investigation – Reproduction, Maternal, Child and Youth Health)
INFO:__main__:Grant #514 classification DONE			Mechanics and dynamics of mineral dust production within cold climates (Geosciences)
INFO:__main__:Grant #515 classification DONE			Biosecurity in Canadian dairy farms: Unraveling the epidemiology of bovine infectious diseases and refining diagnostic strategies to improve their detection, prevention and control (Biological Systems and Functions)
INFO:__main__:Grant #516 classification DONE			Mobilité urbaine et ressources langagières à Santiago du Chili (Linguistics and translation)
INFO:__main__:Grant #517 classification DONE			Pays perdus, terres promises : deux imaginaires du territoire de l'Antiquité à nos jours
INFO:__main__:Grant #518 classification DONE			Supraionic engineering of liquid electrolytes for electrochemistry and ionometallurgy
INFO:__main__:Grant #519 classification DONE			Pricing and Profitability in Non-Life Insurance
INFO:__main__:Grant #520 classification DONE			Regulation of glycolysis in T cell metabolic reprogramming (Genes, Cells and Molecules)
INFO:__main__:Grant #521 classification DONE			After-images and urban spaces: lesbian, gay and queer visible presence in Montreal (1950-1990) (Communications, media studies, gender studies, library and information science, related fields)
INFO:__main__:Grant #522 classification DONE			Heterochromatin Protein 1 (HP1) in maternal infertility and embryonic development (Genes, Cells and Molecules)
INFO:__main__:Grant #523 classification DONE			Chronic non-cancer pain, substance use, and related harms: Towards an optimal treatment pathway for people who inject drugs in the context of the opioid crisis (Behavioural Sciences – Clinical Behavioural Sciences)
INFO:__main__:Grant #524 classification DONE			Simulation stochastique à haute résolution spatiale pour les études des risques d'inondation en milieu urbain
INFO:__main__:Grant #525 classification DONE			Innovative mobile health treatment modality to treat sleep difficulties in healthcare workers working on atypical work schedules
INFO:__main__:Grant #526 classification DONE			Interpretable Machine Learning Approaches Applied to Omics Datasets (Genes, Cells and Molecules)
INFO:__main__:Grant #527 classification DONE			Prevention and treatment of preeclampsia using exercise training and Angiotensin-(1-7): determining the mechanisms and clinical potential (Cardiovascular System – Heart and Circulation)
INFO:__main__:Grant #528 classification DONE			Connecting MRI physics and artificial intelligence to advance novel acquisition and analyses technologies for neuroimaging applications (Physics)
INFO:__main__:Grant #529 classification DONE			The Paperology Symposium
INFO:__main__:Grant #530 classification DONE			Mechanisms affecting follicular development and ovulation in the Bovine model
INFO:__main__:Grant #531 classification DONE			Measuring and modeling large-scale electrophysiological brain dynamics: From neural mechanisms to cognitive processes (Biological Systems and Functions)
INFO:__main__:Grant #532 classification DONE			Apprentissage des jeunes adultes touchés par un cancer du sang : création de solutions à l'aide du co-design
INFO:__main__:Grant #533 classification DONE			Mentalisation parentale non verbale sous la loupe : Valeur ajoutée à la relation parent-enfant et complémentarité avec la mentalisation parentale verbale (Psychology, linguistics and translation)
INFO:__main__:Grant #534 classification DONE			A multifactorial and integrative approach to investigate spoken discourse in Canadian French (Mutidisciplinary or interdisciplinary social sciences)
INFO:__main__:Grant #535 classification DONE			Opening the blackbox on the relation between participation in hackathons and the development of longer-term collaborative capabilities
INFO:__main__:Grant #536 classification DONE			A multi-country comparison of COVID-19 response: Planning, implementation, and health system resilience (Canadian 2019 Novel Coronavirus (2019-nCoV) Rapid Research)
INFO:__main__:Grant #537 classification DONE			Participatory Democracy and the Canadian Genetic Non-Discrimination Act (Multidisciplinary or interdisciplinary humanities)
INFO:__main__:Grant #538 classification DONE			Levelling the Playing Fields: Creating the conditions for free-play to emerge in cities (Public, Community & Population Health)
INFO:__main__:Grant #539 classification DONE			Using prospective and observational designs to study support processes and sexual well-being in long-term couples (Psychology)
INFO:__main__:Grant #540 classification DONE			Molecular dissection of mitotic kinase functions using chemogenomics (Genes, Cells and Molecules)
INFO:__main__:Grant #541 classification DONE			Compassion and Collective Care in Long-Term Care Settings: A Communicative Perspective (Communications, media studies, gender studies, library and information science, related fields)
INFO:__main__:Grant #542 classification DONE			Towards a better understanding of contaminant bioavailability- urgent replacement of photosynthetic incubators (Geosciences)
INFO:__main__:Grant #543 classification DONE			Marking Monastic Space: The Spatial Iconography of Inscribed Capitals, 1080-1160 (Fine arts, research-creation)
INFO:__main__:Grant #544 classification DONE			Dans l'intérêt du patient : la relation thérapeutique au sein de la Collection hippocratique (Philosophy, medieval studies, classics, religious)
INFO:__main__:Grant #545 classification DONE			Advanced methods for depth-based human pose estimation and motion analysis: application to vital signs monitoring in the intensive care unit (Electrical and Computer Engineering)
INFO:__main__:Grant #546 classification DONE			RÉAC ! Réactivité de la prise en charge des nouveaux arrivants face à la pandémie de COVID-19 à Montréal, Sherbrooke et Toronto : une recherche mixte participative (Health Policy & Systems Management Research)
INFO:__main__:Grant #547 classification DONE			Public School Choice and Refugee Assignment: (Dynamic) Minimal Instability for Non-Unit Capacities and for Lotteries and Weak Priorities (Economics)
INFO:__main__:Grant #548 classification DONE			Metabolic and translational dependencies of activated T cells (Genes, Cells and Molecules)
INFO:__main__:Grant #549 classification DONE			Transformer des espaces conventionnels et dysfonctionnels de participation : scénarios pour accroître la participation des citoyens aux comités consultatifs
INFO:__main__:Grant #550 classification DONE			CITE-sequencing analysis revealed immune cell diversity in colonic mesenteric lymph nodes from IBD patients
INFO:__main__:Grant #551 classification DONE			The neglected place of financial information and accountants in Canadian tech startups
INFO:__main__:Grant #552 classification DONE			Reinventing the Rash: A Global History of Measles in the Vaccine Era (History)
INFO:__main__:Grant #553 classification DONE			A New, Data-Driven Era for Precision Cosmology: Measuring the Expansion Rate of the Universe with Machine Learning (Physics)
INFO:__main__:Grant #554 classification DONE			Créer-Entreprendre ! Trajectoires croisées : arts numériques et école nationale de cirque. Une exploration des reconfigurations des projets créatifs et des modèles de valeur post-Covid
INFO:__main__:Grant #555 classification DONE			Factors that control translational fidelity in mammalian cells (Genes, Cells and Molecules)
INFO:__main__:Grant #556 classification DONE			Exploiting the synthetic-lethal vulnerabilities of stem cells and cancer cells with eroded telomeres (Molecular & Cellular Biology of Cancer)
INFO:__main__:Grant #557 classification DONE			Physicochemical characterization of pre-clinical samples of a bacteriophage therapy spray-on patch for the treatment of COVID-19-related pressure injury resistant infections
INFO:__main__:Grant #558 classification DONE			Dumping of waste rocks (WR) in mine stopes being filled with paste backfill (PB): Experimental and numerical investigations on the natural mixing behavior between WR and PB
INFO:__main__:Grant #559 classification DONE			Deep neural network uncertainty estimation for safe integration into autonomous driving autonomy systems
INFO:__main__:Grant #560 classification DONE			Adaptive Mechanical Systems for Physical Embodied Intelligence Robotics
INFO:__main__:Grant #561 classification DONE			Transnational families and midwifery care: Expectations, challenges and practices during pregnancy, childbirth and postpartum (Evolving Narratives of Cultures and Histories)
INFO:__main__:Grant #562 classification DONE			Constructing participatory performance: the ecologies and architectures of audience engagement (Communications, media studies, gender studies, library and information science, related fields)
INFO:__main__:Grant #563 classification DONE			Development and implementation of a standardized methodology aiming to optimize the efficacy and reproducibility of findings using non-invasive brain stimulation techniques in the context of motor training (Biological Systems and Functions)
INFO:__main__:Grant #564 classification DONE			Putting interfaces at work (Materials and Chemical Engineering)
INFO:__main__:Grant #565 classification DONE			Les outils de l'intersectorialité au niveau régional, comment sont-ils produits et comment opèrent-ils? (Political science and public administration)
INFO:__main__:Grant #566 classification DONE			Cell biology and function of dopamine neuron connectivity in health and disease (Molecular & Cellular Neurosciences)
INFO:__main__:Grant #567 classification DONE			Exploiting Graphical Optimization Models to Solve Discrete Decision Problems in Healthcare and Supply Chain Logistics (Civil, Industrial and Systems Engineering)
INFO:__main__:Grant #568 classification DONE			Alliance de recherche et d'action Alternatives inclusives en Santé mentale
INFO:__main__:Grant #569 classification DONE			The development of a quality benchmark that identifies and addresses the determinants of online information reliability to inform information-seeking by a diverse population (Communications, media studies, gender studies, library and information science, related fields)
INFO:__main__:Grant #570 classification DONE			Staufen2 and DNA damage (Genes, Cells and Molecules)
INFO:__main__:Grant #571 classification DONE			Ultra-high-resolution emission and absorption spectroscopy of non-equilibrium and highly-reactive plasmas applied to complex materials processing (Physics)
INFO:__main__:Grant #572 classification DONE			Symmetries: Algebra and Physics
INFO:__main__:Grant #573 classification DONE			Mobilizing Women's Entrepreneurship for empowerment and local economic development
INFO:__main__:Grant #574 classification DONE			Calmodulation of ion channels (Genes, Cells and Molecules)
INFO:__main__:Grant #575 classification DONE			A multidimensional approach to study the biophysics of bioadhesin interaction with advanced nanomaterials
INFO:__main__:Grant #576 classification DONE			Smart nanostructured optical coatings prepared by pulsed plasma-based techniques (Physics)
INFO:__main__:Grant #577 classification DONE			Développement de vêtements de protection chimique intelligents à haute performance de filtration (Materials and Chemical Engineering)
INFO:__main__:Grant #578 classification DONE			Context and Culture: Linguistic Anthropology and the Legacy of Michael Silverstein
INFO:__main__:Grant #579 classification DONE			Ultra-trace laboratory for legacy and emerging contaminants (Geosciences)
INFO:__main__:Grant #580 classification DONE			Improving vulnerable preschoolers' mental health: A superiority trial assessing the How-to Parenting Program
INFO:__main__:Grant #581 classification DONE			Polymeric Nanoparticles for Delivery of Ribonucleic Acids: Overcoming the Endosomal Barrier and Going Beyond the Liver (Materials and Chemical Engineering)
INFO:__main__:Grant #582 classification DONE			Crime in the Decentralized Finance Industry (Law and criminology)
INFO:__main__:Grant #583 classification DONE			Gravitation, quantum mechanics and quantum field theory
INFO:__main__:Grant #584 classification DONE			Improving hedging effectiveness in actuarial and financial applications (Mathematics and Statistics)
INFO:__main__:Grant #585 classification DONE			Closing the Comorbidity Gap for People Living with HIV : a Randomized Controlled Trial of Fostemsavir to Reduce Inflammaging
INFO:__main__:Grant #586 classification DONE			Autonomie des acteurs dans les relations asymétriques: États de facto et leur patron entre l'Europe et la Russie (Political science and public administration)
INFO:__main__:Grant #587 classification DONE			Replacement of the femtosecond laser in the THz spectroscopic microscopy laboratory (Electrical and Computer Engineering)
INFO:__main__:Grant #588 classification DONE			Bringing nutrition to life among vulnerable populations: experiences from Latin America and Canada
INFO:__main__:Grant #589 classification DONE			Long non-coding RNAs in growth factor signaling (Genes, Cells and Molecules)
INFO:__main__:Grant #590 classification DONE			Plan d'action pour la gestion de la douleur chronique du Ministère de la Santé et des Services sociaux du Québec: Évaluation de la mise en œuvre et des impacts des projets initiaux en vue d'une généralisation progressive à l'ensemble du Québec
INFO:__main__:Grant #591 classification DONE			INNOV Phase I: Leverage artificial intelligence to improve Environmental, Social, and Governance (ESG) data
INFO:__main__:Grant #592 classification DONE			Prevention of anastomotic leak in colorectal surgery through microbiome mediation of intestinal healing (Nutrition, Food & Health)
INFO:__main__:Grant #593 classification DONE			Development of a tailored approach to move towards a sustainable circular economy business model in the plastic film sector: the case of Balcan
INFO:__main__:Grant #594 classification DONE			Enseignement de l'histoire et jeux vidéos (Education and social work)
INFO:__main__:Grant #595 classification DONE			Functions of bacterial type IA topoisomerases in the prevention of R-loop-dependent and -independent genomic instability (Genes, Cells and Molecules)
INFO:__main__:Grant #596 classification DONE			High-Performance Dynamic Language Implementation (Computer Science)
INFO:__main__:Grant #597 classification DONE			Methodological improvements for the statistical analysis of neurophysiological data with applications in user experience
INFO:__main__:Grant #598 classification DONE			Glycerol 3-phosphate phosphatase and the glycerol shunt in senescence and healthy aging
INFO:__main__:Grant #599 classification DONE			Regulation of innate antiviral defenses through Interleukin-17 receptor D (IL-17RD) (Virology & Viral Pathogenesis)
INFO:__main__:Grant #600 classification DONE			Biological modeling to bridge in vitro and epidemiological studies: A new approach for animal-free chemical risk assessment
INFO:__main__:Grant #601 classification DONE			IAL (Intelligence Artificielle Littéraire) : expérimentation d'algorithmes d'apprentissage automatique pour définir et identifier les variations dans l'Anthologie grecque (Literature)
INFO:__main__:Grant #602 classification DONE			Studies on the pathogenesis of the infections caused by streptococcus suis (Biological Systems and Functions)
INFO:__main__:Grant #603 classification DONE			Autonomous learning agents for intelligent neurostimulation
INFO:__main__:Grant #604 classification DONE			Hox genes in development and evolution of distal limbs (Developmental Biology)
INFO:__main__:Grant #605 classification DONE			Defence Lawyers and the Relevance of Social Problems in Lower Criminal Courts: A Comparative Analysis (Law and criminology)
INFO:__main__:Grant #606 classification DONE			Les pratiques extrascolaires de littératie d'adolescents ayant une déficience intellectuelle (Education and social work)
INFO:__main__:Grant #607 classification DONE			Brain-Derived Neurotrophic Factor in hemostasis and thrombosis
INFO:__main__:Grant #608 classification DONE			Engagement des bibliothèques publiques et scolaires en faveur du développement des compétences en littératie pour les élèves du troisième cycle du primaire et du secondaire : portrait et stratégie de transfert (Communications, media studies, gender studies, library and information science, related fields)
INFO:__main__:Grant #609 classification DONE			Mieux comprendre les défis et conditions de pratiques des parents d'accueil dans le contexte actuel de professionnalisation de l'accueil familial (Education and social work)
INFO:__main__:Grant #610 classification DONE			A mixed methods study of stakeholders' perspectives on ethical and logistical issues related to advanced living donation in kidney transplantation in Canada, and a proposal for guidelines in a Canadian context (Health Policy & Systems Management Research)
INFO:__main__:Grant #611 classification DONE			To uncover, understand and exploit the estrogen-oncolytic virus crosstalk to improve therapy (Cancer Biology & Therapeutics)
INFO:__main__:Grant #612 classification DONE			Structure and rheology of mixed hydrocolloid gels as model systems for food 3D printing (Materials and Chemical Engineering)
INFO:__main__:Grant #613 classification DONE			« Une bonne relation avec mon chef ! » : anatomie des relations entre gestionnaires et employés en contexte de travail à distance (Business, management and related fields)
INFO:__main__:Grant #614 classification DONE			Priorisation des soins intensifs en contexte extrême de pandémie : 1) modélisation/simulation de différentes stratégies de priorisation de l'accès aux soins intensifs et 2) délibérations démocratiques des parties prenantes sur les valeurs qui sous-tendent les modèles et leurs impacts sanitaires
INFO:__main__:Grant #615 classification DONE			Understanding cyber abuse in context: The interplay of distal and situational correlates of daily cyber abuse in young adult couples (Psychology)
INFO:__main__:Grant #616 classification DONE			Humanitarian Supply Chain Design and Management
INFO:__main__:Grant #617 classification DONE			La transformation sémantique et syntaxique des données de situations professionnelles pour l'apprentissage du raisonnement clinique (Education and social work)
INFO:__main__:Grant #618 classification DONE			Intergenerational transmission of vulnerability to PTSD : When children learn fear from their parent (Social & Developmental Aspects of Children's & Youth's Health)
INFO:__main__:Grant #619 classification DONE			La musique au service du pouvoir, entre propagande et diplomatie : Du Troisième Reich à la fin de la Guerre froide  (Fine Arts, Research-Creation)
INFO:__main__:Grant #620 classification DONE			Mesures de contrôle en santé mentale : un environnement contraignant? (Mutidisciplinary or interdisciplinary social sciences)
INFO:__main__:Grant #621 classification DONE			R3AI: Shifting Paradigms for a Robust, Reasoning, and Responsible Artificial Intelligence and its Adoption - CFREF (CIHR Contribution)
INFO:__main__:Grant #622 classification DONE			À la rencontre des réalités virtuelle et concrète : la place de la scénographie dans la cocréation opératique
INFO:__main__:Grant #623 classification DONE			Parenting dimensions' influence on the psychosocial adaptation of preschoolers with language deficits (Psychology)
INFO:__main__:Grant #624 classification DONE			The structure-function relationships between capsular polysaccharides and the immune system during Streptococcus suis infections (Genes, Cells and Molecules)
INFO:__main__:Grant #625 classification DONE			Études des mécanismes de colonisation de Clostridium perfringens en productions animales (Biological Systems and Functions)
INFO:__main__:Grant #626 classification DONE			Formation interactive en ligne: une solution à la formation des employés dans un contexte de roulement de personnel
INFO:__main__:Grant #627 classification DONE			Mise en ouvre des politiques EDI en enseignement supérieur au Québec : construction de sens et types de réponses aux mesures destinées aux parcours étudiants (Education and social work)
INFO:__main__:Grant #628 classification DONE			Continuum PAROLE-Onco : Vers le développement de compétences en auto-soins pour améliorer l'expérience de la vie après les traitements aigus de cancer du sein
INFO:__main__:Grant #629 classification DONE			CAN-DO (CANnabis research DevelOpment): A cells-to-society research program on cannabis and mental health in younger adults
INFO:__main__:Grant #630 classification DONE			Effets d'une intervention de proximité mère-prématuré et de calme (NeuroN-QI) sur le neurodéveloppement de nouveau-nés prématurés : un essai clinique randomisé
INFO:__main__:Grant #631 classification DONE			Corticospinal mechanisms of locomotor recovery after spinal cord injury (Movement & Exercise)
INFO:__main__:Grant #632 classification DONE			Innover pour enseigner le management : cadres théoriques, mise en oeuvre et mesure d'impact
INFO:__main__:Grant #633 classification DONE			Advances in functional linear regression (Mathematics and Statistics)
INFO:__main__:Grant #634 classification DONE			Modélisation et choix du mode de réalisation dans les projets de construction (Civil, Industrial and Systems Engineering)
INFO:__main__:Grant #635 classification DONE			An in silico platform simulating cell metabolic behavior (Materials and Chemical Engineering)
INFO:__main__:Grant #636 classification DONE			Commande optimale stochastique avec applications en épidémiologie et en fiabilité (Civil, Industrial and Systems Engineering)
INFO:__main__:Grant #637 classification DONE			Reinforcement Learning in Electricity Markets with Storage Technologies
INFO:__main__:Grant #638 classification DONE			Advancing psychobiology of abnormal repetitive behaviours in carnivorous species (Biological Systems and Functions)
INFO:__main__:Grant #639 classification DONE			Du politique dans l'usage des archives filmiques : enjeux contemporains de la production documentaire
INFO:__main__:Grant #640 classification DONE			Neuroinflammation as a biomarker for epilepsy and neuropsychiatric comorbidities among people with tuberous sclerosis complex: a prospective, multicentre study
INFO:__main__:Grant #641 classification DONE			Quels sont les dimensions et savoirs spécifiques à la coordination des services et des soins des personnes ayant des besoins complexes? (Multidisciplinary or interdisciplinary social sciences)
INFO:__main__:Grant #642 classification DONE			Determining spatial arrangement, stoichiometry, and substrate specificity of messenger RNA-binding proteins along the gene expression pathway (Genes, Cells and Molecules)
INFO:__main__:Grant #643 classification DONE			Plateformes et usages : cinéma, télévision, jeu vidéo et création numérique
INFO:__main__:Grant #644 classification DONE			Time to investigate human visual shape perception and recognition (Biological Systems and Functions)
INFO:__main__:Grant #645 classification DONE			The gamification of online stochastic optimization problems
INFO:__main__:Grant #646 classification DONE			Effects of an Open Lung protective protective EXTubation strategy compared to a conventional extubation strategy on postoperative pulmonary complications after general anesthesia as part of a comprehensive lung protective ventilation strategy: a multicenter pilot randomized controlled trial (OLEXT-3 study)
INFO:__main__:Grant #647 classification DONE			Additively manufactured composite parts service properties prediction : an essential step to unleash the full potential of additive manufacturing of composites
INFO:__main__:Grant #648 classification DONE			Transcriptional regulation by long noncoding RNAs (Genes, Cells and Molecules)
INFO:__main__:Grant #649 classification DONE			Outils et méthodes de planification des services d'autopartage
INFO:__main__:Grant #650 classification DONE			Sécurité de l'internet des objets dans les villes intelligentes (Computer Science)
INFO:__main__:Grant #651 classification DONE			Understanding the early pathogenesis of necrotic enteritis in chickens (Biological Systems and Functions)
INFO:__main__:Grant #652 classification DONE			Trajectoire vers la sécurité des femmes en situation de handicap victimes de violence conjugale: une recherche-action intersectorielle en soutien aux droits des femmes
INFO:__main__:Grant #653 classification DONE			Regard des travailleuses sociales sur leur pratique professionnelle d'évaluation psychosociale à la suite de l'entrée en vigueur de la Loi visant à mieux protéger les personnes en situation de vulnérabilité : une étude à devis mixte
INFO:__main__:Grant #654 classification DONE			La police face à la justice : une analyse des systèmes de gestion des déviances policières au Québec (Law and criminology)
INFO:__main__:Grant #655 classification DONE			Soigner et gouverner les corps autochtones: santé et médecine coloniale au Québec, 1855-1904 (History)
INFO:__main__:Grant #656 classification DONE			Development of near infrared spectroscopy (NIRS) and electroencephalography (EEG) methods to study neurovascular mechanisms of brain development (Physics)
INFO:__main__:Grant #657 classification DONE			Role of vitamin K-dependent gamma-carboxylation in beta cell and diabetes (Diabetes, Obesity, Lipid & Lipoprotein Disorders)
INFO:__main__:Grant #658 classification DONE			Competition in the Canadian Mobile Telecommunications Industry: Weak Signals? (Economics)
INFO:__main__:Grant #659 classification DONE			Gut-lung axis in equine asthma (Biological Systems and Functions)
INFO:__main__:Grant #660 classification DONE			Several aspects of L-functions (Mathematics and Statistics)
INFO:__main__:Grant #661 classification DONE			Estimating the Effects of Government Spending Along the Supply Chain
INFO:__main__:Grant #662 classification DONE			Using calorespirometry to assemble a complete picture of acute hypoxic metabolic depression in fishes (Biological Systems and Functions)
INFO:__main__:Grant #663 classification DONE			Electronic structure theory: Merging wave function theory, density functional theory, and machine learning (Chemistry)
INFO:__main__:Grant #664 classification DONE			Comprehensive lipidomics to identify novel players involved in the onset of cardiac manifestations of non-alcoholic fatty liver disease
INFO:__main__:Grant #665 classification DONE			Longitudinal monitoring of visual function during cortical impairment in mice (Systems & Circuits Neurosciences)
INFO:__main__:Grant #666 classification DONE			Gouvernance et acceptabilité sociale des grands projets publics
INFO:__main__:Grant #667 classification DONE			Structural and functional changes in the brain of early and late blind individuals (Behavioural Sciences – Behavioural Studies, Neuroscience and Cognition)
INFO:__main__:Grant #668 classification DONE			New unsupervised Bayesian and energy-based models dedicated to image processing and computer vision applications (Computer Science)
INFO:__main__:Grant #669 classification DONE			Phenomenology and The Norms of Perception (Philosophy)
INFO:__main__:Grant #670 classification DONE			Intelligent API Engineering: Systematically Leveraging APIs Through Development Knowledge and Usage Data
INFO:__main__:Grant #671 classification DONE			Investigating mechanisms involved in vestibular substitution (Biological Systems and Functions)
INFO:__main__:Grant #672 classification DONE			« COVID-19 » Migration en ligne et évaluation des impacts d'un programme de groupes de codéveloppement professionnel dans la fonction publique québécoise
INFO:__main__:Grant #673 classification DONE			Multibody modelling to prototype next generation portable exoskeletons for everyday assistance (Mechanical Engineering)
INFO:__main__:Grant #674 classification DONE			Biomaterials-stimulated tissue regeneration and extracellular vesicles (Genes, Cells and Molecules)
INFO:__main__:Grant #675 classification DONE			Clinical Investigation in Canine and Feline Transfusion Medicine: Novel Blood Groups and their Clinical Significance (Biological Systems and Functions)
INFO:__main__:Grant #676 classification DONE			Uauitamutau assi. Terminologie de l'environnement en langue innue (innu-aimun) (Psychology, linguistics and translation)
INFO:__main__:Grant #677 classification DONE			Novel role of exercise timing to improve obesity prevention and treatment (Nutrition, Food & Health)
INFO:__main__:Grant #678 classification DONE			Impact of vascular injury derived exosomes on Lupus Nephritis (Genes, Cells and Molecules)
INFO:__main__:Grant #679 classification DONE			Étude des logiques d'action syndicales dans le domaine de la santé mentale au travail: analyses croisées (Québec-France) dans le secteur de l'aérospatial (Business, management and related fields)
INFO:__main__:Grant #680 classification DONE			Linking lifestyle behaviors, microbiota & cardiometabolic health from childhood to early adulthood: The QUALITY Cohort (Social & Developmental Aspects of Children's & Youth's Health)
INFO:__main__:Grant #681 classification DONE			Les syndicats face à la crise climatique : Analyse stratégique des ressources et des moyens d'action à mettre en oeuvre au plan local
INFO:__main__:Grant #682 classification DONE			Étude du devenir-écrivaine en régime naturaliste : le cas de Georges de Peyrebrune (1841-1917) (Literature)
INFO:__main__:Grant #683 classification DONE			Neutrophil extracellular traps (NETs) are major actors in heart failure with preserved ejection fraction (Cardiovascular System – Heart and Circulation)
INFO:__main__:Grant #684 classification DONE			Harnessing Twitter for morphophonological variation (Psychology, linguistics and translation)
INFO:__main__:Grant #685 classification DONE			Multicarrier energy systems for resilient decarbonized communities
INFO:__main__:Grant #686 classification DONE			Digital Leigh Hunt (Literature)
INFO:__main__:Grant #687 classification DONE			New disposal techniques for reactive mine wastes to improve stability and facilitate site reclamation upon closure (Civil, Industrial and Systems Engineering)
INFO:__main__:Grant #688 classification DONE			Design and operation of Borehole Thermal Energy Storage systems (Mechanical Engineering)
INFO:__main__:Grant #689 classification DONE			Mechanisms and consequences of spatially controlled G protein-coupled receptor signaling (Pharmacology & Toxicology)
INFO:__main__:Grant #690 classification DONE			L'humain au coeur de la transformation du travail
INFO:__main__:Grant #691 classification DONE			Vers une nouvelle constitution du travail? Les libertés et droits fondamentaux des salarié.es comme assise des rapports de travail/Towards a New Constitution of Labour? Workers' Fundamental Rights and Freedoms as the Basis of Labour Relations (Law and criminology)
INFO:__main__:Grant #692 classification DONE			Monitoring and Debugging of High Performance Distributed Heterogeneous Cloud Applications
INFO:__main__:Grant #693 classification DONE			The role of Parkinson's disease-related proteins in innate and adaptive immunity (Cell Biology – Physiology)
INFO:__main__:Grant #694 classification DONE			Étude partenariale sur la médiation de la musique: institutionnalisation, professionnalisation, intervention
INFO:__main__:Grant #695 classification DONE			Planification en temps réel dans les mines souterraines
INFO:__main__:Grant #696 classification DONE			Applications of operations research to transportation, logistics, fairness issues, and other topics (Civil, Industrial and Systems Engineering)
INFO:__main__:Grant #697 classification DONE			Multiplexed and quantitative immunolabelling for cancer diagnostics using gold-silver alloy nanoprobes
INFO:__main__:Grant #698 classification DONE			Plasma processing for environment and cell-biology
INFO:__main__:Grant #699 classification DONE			Dynamic Games in Management (Civil, Industrial and Systems Engineering)
INFO:__main__:Grant #700 classification DONE			Improved design and operations of building water systems to reduce health risks caused by water & energy conservation and extended shutdowns (Civil, Industrial and Systems Engineering)
INFO:__main__:Grant #701 classification DONE			Shoulder musculoskeletal modeling: from data-tracking to predictive simulations (Mechanical Engineering)
INFO:__main__:Grant #702 classification DONE			Sustainable aqueous Sodium-ion batteries (Chemistry)
INFO:__main__:Grant #703 classification DONE			Eigenvectors of Random Matrices (Mathematics and Statistics)
INFO:__main__:Grant #704 classification DONE			Cellular Reprogramming in Retinal Vascular Development (Genes, Cells and Molecules)
INFO:__main__:Grant #705 classification DONE			Creating Virtual Shapes via Intuitive Input (Computer Science)
INFO:__main__:Grant #706 classification DONE			Data-adaptive causal inference methods for effect modification (Mathematics and Statistics)
INFO:__main__:Grant #707 classification DONE			40 ans de changement linguistique à Montréal et à Welland: le rôle de l'individu et de la communauté (Linguistics and translation)
INFO:__main__:Grant #708 classification DONE			Using digital and immersive technologies to understand the contribution of sensory, perceptual, affective, cognitive and physiological factors to Social Information Processing (Biological Systems and Functions)
INFO:__main__:Grant #709 classification DONE			Climate Change and Human Rights: Responsibility and Reparation
INFO:__main__:Grant #710 classification DONE			Can journalism's `real utopias' address the crisis of the news media? Exploring journalism cooperatives from an international and comparative perspective (Communications, media studies, gender studies, library and information science, related fields)
INFO:__main__:Grant #711 classification DONE			Improving the integration of novice designers into interdisciplinary collaborative design teams (Multidisciplinary or interdisciplinary humanities)
INFO:__main__:Grant #712 classification DONE			Quel futur professionnel pour les jeunes adultes récemment immigré(e)s à Montréal? Identité, projets professionnels et expériences d'accès aux services (Multidisciplinary or interdisciplinary social sciences)
INFO:__main__:Grant #713 classification DONE			Unravelling regulatory networks of stem cell states using single cell analysis (Cell Biology – Physiology)
INFO:__main__:Grant #714 classification DONE			Comprendre et soutenir l'entourage des femmes victimes de violence entre partenaires intimes : tissu social, besoins et actions (Mutidisciplinary or interdisciplinary social sciences)
INFO:__main__:Grant #715 classification DONE			Development of novel RvD1 analogues for osteoporosis therapy: mechanism of action and structure-activity relationships
INFO:__main__:Grant #716 classification DONE			Improving plant biostimulants based on natural products and beneficial microorganisms
INFO:__main__:Grant #717 classification DONE			Characterization of the antibacterial activity of some antimicrobial-derived metabolites and their involvement in the development of antimicrobial resistance in bacteria of animal origin (Biological Systems and Functions)
INFO:__main__:Grant #718 classification DONE			Développement de méthodes rationnelles de maintenance proactive de systèmes industriels (Civil, Industrial and Systems Engineering)
INFO:__main__:Grant #719 classification DONE			Intention Driven Development: Towards a new generation of development platforms
INFO:__main__:Grant #720 classification DONE			Decision support systems based on heterogeneous data driven models for a safe and optimal operation of industrial process systems (Materials and Chemical Engineering)
INFO:__main__:Grant #721 classification DONE			Untangling heterogeneity in cytomegalovirus infection kinetics and evolution using mathematical modelling
INFO:__main__:Grant #722 classification DONE			Getting on track for the audit of tomorrow: Auditors' expertise amidst digitalization
INFO:__main__:Grant #723 classification DONE			Immunoproteasome-expressing mesenchymal stromal cells: a new tool for cancer vaccination (Cancer Biology & Therapeutics)
INFO:__main__:Grant #724 classification DONE			Invisibility of disability in Global South and North: Equitable access to health services in the context of climate change
INFO:__main__:Grant #725 classification DONE			A shock-fitting approach for predicting the two-phase transient flows in stormwater systems (SWS) with best management practices (BMP) (Civil, Industrial and Systems Engineering)
INFO:__main__:Grant #726 classification DONE			Optimiser la transition des soins entre les différents milieux avec l'apport de la technologie pour favoriser la santé et l'autonomie des personnes âgées fragilisées vivant ou non en régions éloignées
INFO:__main__:Grant #727 classification DONE			XIe Conférence du Forum Mondial de Médiation:L´humanité face aux conflits actuels: nouveaux défis pour la médiation
INFO:__main__:Grant #728 classification DONE			Optimization of mechanically induced phase transformation at crack tip in metal for improved crack growth resistance (Materials and Chemical Engineering)
INFO:__main__:Grant #729 classification DONE			Investigating important but overlooked streptococcal agents of disease in production animals (Biological Systems and Functions)
INFO:__main__:Grant #730 classification DONE			Adverse Drug Events and Medication Errors in adult Intensive Care Units (Health Services Evaluation & Interventions Research)
INFO:__main__:Grant #731 classification DONE			Entre responsabilité professionnelle et devoir de prendre soin de soi - Mieux comprendre la multiplicité des expériences entourant le processus d'arrêt de travail et de retour à l'emploi chez les travailleuses de la santé et des services sociaux (Sociology, demography and related fields)
INFO:__main__:Grant #732 classification DONE			Brain alterations and cognitive decline in obstructive sleep apnea
INFO:__main__:Grant #733 classification DONE			Methods and analytical tools to optimize patient flow (Civil, Industrial and Systems Engineering)
INFO:__main__:Grant #734 classification DONE			Heterogeneity of interprofessional primary care teams and its effect on quality of care and health service use in older adults (Health Services Evaluation & Interventions Research)
INFO:__main__:Grant #735 classification DONE			Recul des gains d'espérance de vie au Canada depuis 2010 : la contribution de la mortalité par drogues, par maladies cardiovasculaires et le rôle catalyseur de la pandémie de COVID-19 (Sociology, demography and related fields)
INFO:__main__:Grant #736 classification DONE			Canadian Network on Hepatitis C (CanHepC): From Discovery to Implementation (Hepatitis C Research)
INFO:__main__:Grant #737 classification DONE			Novel numerical simulation tools for the vulnerability assessment and rehabilitation of critical structures against the effects of floods and climate change
INFO:__main__:Grant #738 classification DONE			QUEST: Co-développer avec et pour les jeunes des connaissances sur la QUalité de leur Environnement psychoSocial de Travail
INFO:__main__:Grant #739 classification DONE			The effects of COVID-19 pandemics in sustainability controversies: new shades of green in the battery metals industry in Quebec
INFO:__main__:Grant #740 classification DONE			From birth to adulthood: The role of age of cannabis use onset in the individual and environmental developmental pathways leading to substance use problems (Psychosocial, Sociocultural & Behavioural Determinants of Health)
INFO:__main__:Grant #741 classification DONE			Creative Pedagogies for Ecological Transitions on the Shoreline
INFO:__main__:Grant #742 classification DONE			Contribution of the NKG2D pathway to multiple sclerosis (Molecular & Cellular Neurosciences)
INFO:__main__:Grant #743 classification DONE			Pregnancy and COVID-19 hospitalization in Quebec (Public, Community & Population Health)
INFO:__main__:Grant #744 classification DONE			La musique est-elle une prière? (Fine Arts, Research-Creation)
INFO:__main__:Grant #745 classification DONE			A multi-site, prospective study of the role of emotional competence in (mal)adaptive functioning among university students exposed to sexual violence (Psychology)
INFO:__main__:Grant #746 classification DONE			Effets d'une intervention musicale personnalisée sur les répercussions de la COVID-19 en santé mentale des personnes âgées
INFO:__main__:Grant #747 classification DONE			Redox regulation of the antiviral response : role of oxidative post-translational modifications of MAVS (Virology & Viral Pathogenesis)
INFO:__main__:Grant #748 classification DONE			The role of UCH family deubiquitinases in T cell biology (Genes, Cells and Molecules)
INFO:__main__:Grant #749 classification DONE			A high temperature upgrade for the twin-screw extruder to process high-performance hybrid PEEK-based formulations and other engineering polymer-based (PEI, PPSU, etc.) systems (Materials and Chemical Engineering)
INFO:__main__:Grant #750 classification DONE			Single-cell approaches to characterize and target the cellular reservoirs of HIV infection (Virology & Viral Pathogenesis)
INFO:__main__:Grant #751 classification DONE			Impact of transient neonatal hyperoxia on skeletal muscle development: Relevance for impaired exercise capacity after preterm birth (Clinical Investigation – Reproduction, Maternal, Child and Youth Health)
INFO:__main__:Grant #752 classification DONE			Le développement de la compétence de collaboration interprofessionnelle : perception des membres d'une équipe de professionnels en exercice de la dynamique de coaction (Education and social work)
INFO:__main__:Grant #753 classification DONE			Agreeing to Disagree: Incentives and Innovation in Dynamic Settings (Economics)
INFO:__main__:Grant #754 classification DONE			L'enfance du "mauvais genre". Une sociologie de la non-conformité de genre durant l'enfance en France et au Québec (Sociology, demography and related fields)
INFO:__main__:Grant #755 classification DONE			Engineering Sustainable and Inclusive Streets for the 30-Min City
INFO:__main__:Grant #756 classification DONE			Les incidences de l'architecture logicielle des tribunaux en ligne sur l'accès à la justice (Law and criminology)
INFO:__main__:Grant #757 classification DONE			Incorporating rich micro-level distributions and dynamics in models with heterogenous firms: method, lessons and applications
INFO:__main__:Grant #758 classification DONE			Inhabiting altered worlds: sensory experiences following traumatic brain injuries (Mutidisciplinary or interdisciplinary social sciences)
INFO:__main__:Grant #759 classification DONE			Microtubule alterations in progressive supranuclear palsy
INFO:__main__:Grant #760 classification DONE			Improving reproducibility in MRI with vendor-neutral acquisitions and transparent workflows
INFO:__main__:Grant #761 classification DONE			Investigation of Metal Organic Frameworks for Renewable Energy Electrocatalysis (Chemistry)
INFO:__main__:Grant #762 classification DONE			FLUIDELELASTIC INSTABILITY, VORTEX-INDUCED VIBRATION AND SYMMETRY BREAKING IN HELICAL ARRAYS OF CYLINDERS SUBJECTED TO CROSS-FLOW (Mechanical Engineering)
INFO:__main__:Grant #763 classification DONE			4D spheroids identify type I protein arginine methyltransferases as a target in NSCLC (Cancer Biology & Therapeutics)
INFO:__main__:Grant #764 classification DONE			New perspectives on job search and labour markets
INFO:__main__:Grant #765 classification DONE			Long time evolution of complex materials : algorithmic developments and applications to metals, semiconductors and proteins (Physics)
INFO:__main__:Grant #766 classification DONE			L'héritage de Pierre Elliott Trudeau
INFO:__main__:Grant #767 classification DONE			A new adaptive-neuroprosthetic treatment to shape post-stroke plasticity and facilitate motor recovery (Biological Systems and Functions)
INFO:__main__:Grant #768 classification DONE			Une scène élargie, délocalisée et asynchrone : les reconfigurations technologiques de la salle de spectacle au temps du confinement
INFO:__main__:Grant #769 classification DONE			Centre de recherches mathématiques (CRM)
INFO:__main__:Grant #770 classification DONE			Application of a brief digital screening tool to address parental and adolescent tobacco and electronic cigarette use in pediatric medical care (Health Services Evaluation & Interventions Research)
INFO:__main__:Grant #771 classification DONE			Hybrid Manufacturing: Digital Machining of Flexible Parts Manufactured with Directed Energy Deposition (DED) Method
INFO:__main__:Grant #772 classification DONE			Design and management of smart last-mile delivery systems
INFO:__main__:Grant #773 classification DONE			Food Delocalization in Literary Studies: A Saccharine Aesthetic From the Ruins of Empire (Literature)
INFO:__main__:Grant #774 classification DONE			Optimal Climate Policy Mix for Canada: Insights from a Multi-Model Approach
INFO:__main__:Grant #775 classification DONE			La production de recherche au Canada: facteurs individuels, institutionnels et systémiques (Education and social work)
INFO:__main__:Grant #776 classification DONE			Soutenir la Professionnalisation dans les ORganismes sporTifs (SPORT)
INFO:__main__:Grant #777 classification DONE			Identifying innovative responses to problematic gambling among LGBTQ2S+ communities in Canada - A mixed-methods study (Health Impacts of Gambling and Gaming)
INFO:__main__:Grant #778 classification DONE			Intensification and control of cell culture processes (Materials and Chemical Engineering)
INFO:__main__:Grant #779 classification DONE			Les priorités des citoyens quant aux politiques de santé et à l'État-providence (Political science and public administration)
INFO:__main__:Grant #780 classification DONE			Cyberrange pour soutenir les tests de cybersécurité et de cyberrésilience pour les infrastructures critiques
INFO:__main__:Grant #781 classification DONE			New electrochemical materials breakthrough for energy applications (Materials and Chemical Engineering)
INFO:__main__:Grant #782 classification DONE			Nonequilibrium Group IV Semiconductor Heterostructures
INFO:__main__:Grant #783 classification DONE			Developmental Trajectories in ARID1B-Related Disorders - a Multi-Method Multi-Site Prospective Natural History Study
INFO:__main__:Grant #784 classification DONE			Mechanisms regulating mRNA localization and localized translation (Genes, Cells and Molecules)
INFO:__main__:Grant #785 classification DONE			Dévoiler les tactiques stratégiques de communication pour le changement social : Une exploration approfondie de l'agentivité des responsables des communications et des publics dans la lutte contre les inégalités raciales
INFO:__main__:Grant #786 classification DONE			Que font les luttes écologistes à la protestation sociale ? Analyse comparée multi-échelles au Canada, en France et aux Pays-Bas (Political science and public administration)
INFO:__main__:Grant #787 classification DONE			Maturation of microRNAs targeting alpha-synuclein (Molecular & Cellular Neurosciences)
INFO:__main__:Grant #788 classification DONE			Privatization, innovation and idiosyncratic volatility: The role of ownership structure and information content
INFO:__main__:Grant #789 classification DONE			Thermodynamic and physical property models for the production of greener aluminum alloys
INFO:__main__:Grant #790 classification DONE			Contextual factors predicting feasibility and impact of preventive mental health interventions across Canada
INFO:__main__:Grant #791 classification DONE			Between precarity and hospitality: The contentious spaces of migration in North America's borderlands (Geography, urban planning and related fields)
INFO:__main__:Grant #792 classification DONE			Ecological change and the dynamics of zoonotic disease (Biological Systems and Functions)
INFO:__main__:Grant #793 classification DONE			NÉONUM : infrastructure de veille pour la néologie en français québécois (Anthropology, archaeology, linguistics and translation)
INFO:__main__:Grant #794 classification DONE			Detailed bulk composition analysis of extrasolar objects accreted at the surface of white dwarf stars (Physics)
INFO:__main__:Grant #795 classification DONE			Atmospheric measurements and modeling studies to improve understanding of organic and mineral dust aerosols in northern Canada (Chemistry)
INFO:__main__:Grant #796 classification DONE			Réfléchir et agir dans l'urgence : l'influence des éléments contextuels sur le processus de jugement et de décision d'infirmier(ère)s (Psychology, linguistics and translation)
INFO:__main__:Grant #797 classification DONE			Interdisciplinary studies of decision-making and motor planning (Biological Systems and Functions)
INFO:__main__:Grant #798 classification DONE			Data-driven theory : adversarial immunodynamics, modelling and machine learning for engineered lymphocytes in the context of cancer immunotherapy
INFO:__main__:Grant #799 classification DONE			Program for the Development of a Novel Methodology for the Design of Energy Efficient Biorefineries and Industrial Systems (Materials and Chemical Engineering)
INFO:__main__:Grant #800 classification DONE			Underlying neurophysiological mechanisms of non-arthritic chronic painful conditions in cats (Biological Systems and Functions)
INFO:__main__:Grant #801 classification DONE			Influence of folded foliations on the mechanical behavior of rock masses and rock engineering structures
INFO:__main__:Grant #802 classification DONE			The Th17 Master Regulator RORC2 as a New Target for HIV Immune Therapy and Cure Strategy (Virology & Viral Pathogenesis)
INFO:__main__:Grant #803 classification DONE			Language Acquisition and Processing in Teen and Adult L1 and L2 (Linguistics and translation)
INFO:__main__:Grant #804 classification DONE			COVID-19 Étude des capacités offertes par les nouvelles formes de regroupements et d'associations d'artistes dans la sortie de crise et le redéploiement des arts à Montréal
INFO:__main__:Grant #805 classification DONE			A 15 months, double-Blind, randomized controlled trial comparing 18 weeks of two doses of Omalizumab to placebo to accelerate a symptom-driven Oral immunotherapy schedule in subjects aged 6 to 25 years with Multiple food allergies (BOOM) (Nutrition, Food & Health)
INFO:__main__:Grant #806 classification DONE			Spatial complexity of cardiac cell culture and spatial-temporal bioelectric activity: granularity and mechanical-electrical feedback (Electrical and Computer Engineering)
INFO:__main__:Grant #807 classification DONE			Peer Effects and Program Take-Up: Evidence from employer-employee linked administrative data
INFO:__main__:Grant #808 classification DONE			Evaluation of human gait biomechanics in real-world environments (Biological Systems and Functions)
INFO:__main__:Grant #809 classification DONE			Robust and efficient statistical learning algorithms with applications in actuarial science (Mathematics and Statistics)
INFO:__main__:Grant #810 classification DONE			HumanitéS-AnimalitéS : discours, pratiques et actions sur le monde animal, du Moyen Âge à l'antispécisme
INFO:__main__:Grant #811 classification DONE			Intelligence artificielle appliquée aux soins aigus de l'enfant
INFO:__main__:Grant #812 classification DONE			BUMP: Better Understanding of Model's Performance for more efficient Natural Language Processing (Computer Science)
INFO:__main__:Grant #813 classification DONE			Application des réseaux de neurones artificiels et de l'inférence bayésienne à la simulation couplée et à la conception des puits à colonne permanente (Civil, Industrial and Systems Engineering)
INFO:__main__:Grant #814 classification DONE			Identification of MYC-dependent vulnerabilities in breast cancer (Molecular & Cellular Biology of Cancer)
INFO:__main__:Grant #815 classification DONE			Topological quantum optics (Physics)
INFO:__main__:Grant #816 classification DONE			Demand Driven - MRP : mode éphèmère ou lien sérieux entres les méthodes flux poussé et flux tiré ? (Civil, Industrial and Systems Engineering)
INFO:__main__:Grant #817 classification DONE			Model atmosphere analysis of white dwarfs in the Sloan Digital Sky Survey footprint of Gaia: the definitive work (Physics)
INFO:__main__:Grant #818 classification DONE			Les politiques de différenciation et diversification des parcours vers et dans l'enseignement supérieur au Québec : quels effets sur la justice scolaire et sociale? (Education and social work)
INFO:__main__:Grant #819 classification DONE			Development of high performance PLA based nanocomposites (Materials and Chemical Engineering)
INFO:__main__:Grant #820 classification DONE			Introducing specificity and sensitivity in imaging mass spectrometry (Chemistry)
INFO:__main__:Grant #821 classification DONE			Is cannabis a useful adjunct in the treatment of symptoms of persons with multiple sclerosis? A formal trial of CBD and THC for the control of spasticity and other symptoms: assessing the clinical effects and the basic mechanisms
INFO:__main__:Grant #822 classification DONE			Investigation of the antineoplastic effect of miRNA-181a and development a novel pharmaceutical approaches for treating advanced retinoblastoma (Cancer Biology & Therapeutics)
INFO:__main__:Grant #823 classification DONE			From spatial community ecology to landscape genetics and genomics (Evolution and Ecology)
INFO:__main__:Grant #824 classification DONE			Structural Safety Assessment and Strengthening of Concrete Dams and Gated Spillways Subjected to Severe Loading Conditions (Civil, Industrial and Systems Engineering)
INFO:__main__:Grant #825 classification DONE			Voix empruntées. Pratiques de la citation littéraire dans la Première Modernité (1595-1692) (Literature)
INFO:__main__:Grant #826 classification DONE			Brain connectivity-based optimization of non-invasive brain stimulation to improve cognitive symptoms in schizophrenia (Behavioural Sciences – Clinical Behavioural Sciences)
INFO:__main__:Grant #827 classification DONE			Procedural Creation and Real-time Display of Realistic Complex Scenes (Computer Science)
INFO:__main__:Grant #828 classification DONE			Social hierarchies and the non-verbal communication of pain
INFO:__main__:Grant #829 classification DONE			Next generation immunopeptidomics (Chemistry)
INFO:__main__:Grant #830 classification DONE			Income security in retirement: perceptions, incentives and behaviours
INFO:__main__:Grant #831 classification DONE			Decision awareness in learning for control
INFO:__main__:Grant #832 classification DONE			Multimethod UX triangulated approach for multiuser interface evaluation (Civil, Industrial and Systems Engineering)
INFO:__main__:Grant #833 classification DONE			Understanding Drug Exceptional Access Programs (DEAPs) Across Canada: A Question of Equity (Mutidisciplinary or interdisciplinary social sciences)
INFO:__main__:Grant #834 classification DONE			Geroscience: A novel interdisciplinary approach for research on aging
INFO:__main__:Grant #835 classification DONE			Advanced computational platform for permafrost geomechanical modeling and climate impact assessment of northern infrastructure
INFO:__main__:Grant #836 classification DONE			Hybrid artificial intelligence methods for combinatorial optimization
INFO:__main__:Grant #837 classification DONE			Leveraging high-volume data to characterize age and individual-specific vital signs and to develop novel geriatric vital signs that optimally predict clinical outcomes in older adults
INFO:__main__:Grant #838 classification DONE			Interactions between cortical stimulation and prefrontal population dynamics (Behavioural Sciences – Behavioural Studies, Neuroscience and Cognition)
INFO:__main__:Grant #839 classification DONE			Coupled Aquatic Biogeochemical Cycles in the Anthropocene (Evolution and Ecology)
INFO:__main__:Grant #840 classification DONE			Electrically and Optically Active Nanostructures and Interfaces (Chemistry)
INFO:__main__:Grant #841 classification DONE			Performance mécanique à long terme des assemblages collés et boulonnés
INFO:__main__:Grant #842 classification DONE			Optimization models and algorithms for complex production planning problems (Civil, Industrial and Systems Engineering)
INFO:__main__:Grant #843 classification DONE			Development of an accessible integrated computational protein design software suite (Genes, Cells and Molecules)
INFO:__main__:Grant #844 classification DONE			Social economy embedding circular economy: theory, practice and potential
INFO:__main__:Grant #845 classification DONE			Complex genetics of hypertrophic cardiomyopathy: Towards an integration of polygenic risk in clinical care (Clinical Investigation – Cardiovascular Systems)
INFO:__main__:Grant #846 classification DONE			MERMAIDS: Multichannel ERbium-yeterbiuM AmplIfied high power combiner Devices for Space communications
INFO:__main__:Grant #847 classification DONE			Medium Chain Triglycerides and Ketogenesis (Biological Systems and Functions)
INFO:__main__:Grant #848 classification DONE			Impact of Vitamin C on the Reduction of Opioid Consumption After an Emergency Department Visit for Acute Musculoskeletal Pain: A Double-Blind Randomized Control Trial
INFO:__main__:Grant #849 classification DONE			Towards organs-on-paper: building smart paper chips for modern biomedical research
INFO:__main__:Grant #850 classification DONE			Ultrafast Functional Ultrasound Imaging of the Brain (Genes, Cells and Molecules)
INFO:__main__:Grant #851 classification DONE			Les trajectoires professionnelles des policiers du Québec : phase 2 (Law and criminology)
INFO:__main__:Grant #852 classification DONE			Redefining blood pressure: How novel views of the arterial tree can lead to better cardiovascular risk stratification (Clinical Investigation – Cardiovascular Systems)
INFO:__main__:Grant #853 classification DONE			Reducing the burden of hypoglycemia for persons living with type 1 diabetes
INFO:__main__:Grant #854 classification DONE			The energy-based and feature tracking motion systems and their interactions (Biological Systems and Functions)
INFO:__main__:Grant #855 classification DONE			Adoptive transfers of in vitro differentiated plasmacytoid dendritic cells to prevent acute lymphoblastic leukemia relapse: mechanisms and biomarkers of sensitivity (Cancer Progression & Therapeutics)
INFO:__main__:Grant #856 classification DONE			Replacement and upgrade of the Optical and Infrared Cameras for Observatoire du Mont-Mégantic (Physics)
INFO:__main__:Grant #857 classification DONE			Stochastic Discount Factors, Risk Factors and Performance Evaluation (Economics)
INFO:__main__:Grant #858 classification DONE			Precision digital twin of production machines for sustained high accuracy and traceable part conformity
INFO:__main__:Grant #859 classification DONE			Non-line-of-sight Imaging for Advanced Automotive Sensing
INFO:__main__:Grant #860 classification DONE			Le nouvel électeur économique (Political science and public administration)
INFO:__main__:Grant #861 classification DONE			CB1 receptors regulate NMJ denervation and repair (Systems & Circuits Neurosciences)
INFO:__main__:Grant #862 classification DONE			Influence of Lipid Matrix on Ion Channel Oligomerization and Function (Chemistry)
INFO:__main__:Grant #863 classification DONE			Composition musicale immersive et développement de trajectoires 3D, basées sur l'analyse perceptive (Fine Arts, Research-Creation)
INFO:__main__:Grant #864 classification DONE			Valorisation des données d'exécution de projets (Civil, Industrial and Systems Engineering)
INFO:__main__:Grant #865 classification DONE			Innovative Steel Braced Frame Systems for Tall Buildings in Seismic Active Regions (Civil, Industrial and Systems Engineering)
INFO:__main__:Grant #866 classification DONE			Multiscale modelling of aircraft and rocket emissions using high-fidelity numerical simulations and machine learning
INFO:__main__:Grant #867 classification DONE			Coronavirus Crisis Competence Among Sexual and Gender Minorities (Gender, Sex & Health)
INFO:__main__:Grant #868 classification DONE			From Alterlife to Alterfutures: Contemporary Asian Women's Environmental Moving-Image Arts (Multidisciplinary or interdisciplinary humanities)
INFO:__main__:Grant #869 classification DONE			A FOCUS on youth mental health and substance use-related outcomes, inequities and trajectories during COVID-19 and beyond: A mixed-methods study in Canada and France
INFO:__main__:Grant #870 classification DONE			Sleep, performance and development (Biological Systems and Functions)
INFO:__main__:Grant #871 classification DONE			Molecular insights into the targeting of proteins to the inner nuclear membrane (Genes, Cells and Molecules)
INFO:__main__:Grant #872 classification DONE			Les pratiques pédagogiques qui favorisent l'inclusion socioculturelle et scolaire d'élèves immigrants nouvellement arrivés au Québec : regards croisés d'enseignants et d'élèves (Education and social work)
INFO:__main__:Grant #873 classification DONE			Control of collective dynamics via mean field and and inverse mean field game theory
INFO:__main__:Grant #874 classification DONE			#WeFeedYou, and yet...: How are temporary migrant workers' food security, nutrition and health shaped in Quebec's agri-food system - A participatory action research multiple-case study
INFO:__main__:Grant #875 classification DONE			Delinquent or victim? Teenage girls' experiences of child protection intervention due to concerns for sexual exploitation (Education and social work)
INFO:__main__:Grant #876 classification DONE			Femmes, genre, (im)mobilités et vies précaires : projet de développement partenarial dans une perspective féministe transnationale et décoloniale
INFO:__main__:Grant #877 classification DONE			La cohésion sociale est-elle possible en situation de crises multiples? L'influence des politiques publiques entourant le coronavirus (2019-nCoV) et les préjugés envers les citoyens et citoyennes d'origine chinoise (Canadian 2019 Novel Coronavirus (2019-nCoV) Rapid Research)
INFO:__main__:Grant #878 classification DONE			Coronary angiocrine control of heart regeneration (Cardiovascular System – Heart and Circulation)
INFO:__main__:Grant #879 classification DONE			Management of public media organizations and society
INFO:__main__:Grant #880 classification DONE			Voters' Identities in their Own Words (Political science and public administration)
INFO:__main__:Grant #881 classification DONE			Santé, justice et sécurité au 21e siècle (Philosophy)
INFO:__main__:Grant #882 classification DONE			Role of ATP-P2X7 axis in pathogenesis of ventilator induced lung injury (Respiratory System)
INFO:__main__:Grant #883 classification DONE			Mitochondrial epigenetics and ORFan genes: exploiting the mitochondrial genetic system to fuel phenotypic variation and functional novelties (Genes, Cells and Molecules)
INFO:__main__:Grant #884 classification DONE			PeerOnCall as a catalyst for a peer support program based on psychological first aid: a feasibility study among the Sûreté du Québec (Crisis/Suicide Line and App-based Support Models for post traum. stress in public safety personnel (PSP))
INFO:__main__:Grant #885 classification DONE			Computational approaches for analysis and design of complex multiphase flow systems (Mechanical Engineering)
INFO:__main__:Grant #886 classification DONE			Understanding the limits of risk instruments in an era of climate change: An exploration of the institutional geographies of climate services in Europe (Geography, urban planning and related fields)
INFO:__main__:Grant #887 classification DONE			Randomized Double-Blind Placebo-Controlled Clinical Trial to Assess the Efficacy of Mycophenolate Mofetil in Subclinical Interstitial Lung Disease Associated with Systemic Sclerosis: a Feasibility Study
INFO:__main__:Grant #888 classification DONE			Novel transition support program for young people with disabilities and their families: Identifying most important outcomes for program key stakeholders
INFO:__main__:Grant #889 classification DONE			Advancing knowledge and developping mechanistic quantitative tools for in vitro-in vivo extrapolations in pharmacokinetics and toxicokinetics (Biological Systems and Functions)
INFO:__main__:Grant #890 classification DONE			Modeling and optimization for advanced management of the complex products for the robust circular economy in Canada (Civil, Industrial and Systems Engineering)
INFO:__main__:Grant #891 classification DONE			Advanced Manufacturing of Intelligent Structures (Mechanical Engineering)
INFO:__main__:Grant #892 classification DONE			Multimodal Sensing Guidewire with Random Optical Gratings by Ultraviolet laser Exposure for Peripheral Vascular Interventions (Medical Physics & Imaging)
INFO:__main__:Grant #893 classification DONE			Intelligent mobility management in emerging vehicular networks (Computer Science)
INFO:__main__:Grant #894 classification DONE			Chemical biology strategies for discovery and profiling of glycan-protein interactions (Chemistry)
INFO:__main__:Grant #895 classification DONE			Local and global biomechanical properties of the eye as new glaucoma risk factors (Medical Physics & Imaging)
INFO:__main__:Grant #896 classification DONE			L'accessibilité des médias: éduquer pour ouvrir le dialogue
INFO:__main__:Grant #897 classification DONE			Free prior and informed consent, social equity and the forest sector: A comparison of the Forest Stewardship Council certification regime in Canada, Sweden and Russia (Geography, urban planning and related fields)
INFO:__main__:Grant #898 classification DONE			Water reuse: innovative monitoring technologies for risk reduction (Civil, Industrial and Systems Engineering)
INFO:__main__:Grant #899 classification DONE			Difficultés psychosociales, scolaires et milieux de vie différentiels d'enfants issus de la diversité ethnoculturelle recevant, ou non, des services de protection de la jeunesse (Education and social work)
INFO:__main__:Grant #900 classification DONE			Participation jeunesse Autochtone dans la prise de décision en milieu scolaire (Education and social work)
INFO:__main__:Grant #901 classification DONE			Bioinformatics-powered genetic characterization of the impact of biological systems on Alzheimer's disease and neurodegeneration
INFO:__main__:Grant #902 classification DONE			Identification of functional epigenomic regions in sperm that are environmentally responsive and associate with fertility and embryo development
INFO:__main__:Grant #903 classification DONE			Le jeu symbolique en classe d'éducation préscolaire 4 ans: Relations entre la pensée sociale, la maturité du jeu et l'acceptation sociale (Education and social work)
INFO:__main__:Grant #904 classification DONE			Evaluation of supervised consumption services in Montreal in the context of COVID-19 (Evaluation of Harm Reduction Approaches to Address the Opioid Crisis)
INFO:__main__:Grant #905 classification DONE			Pacing Brain Rhythms (Biological Systems and Functions)
INFO:__main__:Grant #906 classification DONE			Representation Learning for Lifelong Learning (Computer Science)
INFO:__main__:Grant #907 classification DONE			Inverse Design by Duality
INFO:__main__:Grant #908 classification DONE			How is cell morphogenesis regulated during mitosis? (Genes, Cells and Molecules)
INFO:__main__:Grant #909 classification DONE			Superconducting single photon detectors for quantum optics and spectroscopy up to 2.5 microns (Physics)
INFO:__main__:Grant #910 classification DONE			The effects of neuropsychiatric CNVs on the integrity of brain structure and connectivity (Behavioural Sciences)
INFO:__main__:Grant #911 classification DONE			De villes adaptées à la vieillesse aux territoires inclusifs et exempts d'âgisme : vers un changement de perspective sur l'aménagement urbain des municipalités favorisant le vieillissement ?
INFO:__main__:Grant #912 classification DONE			Environmental fate of emerging contaminants (Geosciences)
INFO:__main__:Grant #913 classification DONE			Du disque à l'oeuvre. Musique, arts visuels, cinéma
INFO:__main__:Grant #914 classification DONE			Decoding the role of DNMT1 in the Inherited Dysregulation of Epigenetic Marks using Embryonic Cells (Genes, Cells and Molecules)
INFO:__main__:Grant #915 classification DONE			Computational Methods for Verification and Validation with Applications in Mechanics (Mechanical Engineering)
INFO:__main__:Grant #916 classification DONE			Inter-cellular causality in the formation and degradation of the vascular glycocalyx
INFO:__main__:Grant #917 classification DONE			L'écologie et des paysages combinatoires : vers une collaboration permanente avec la nature (Geography, urban planning and related fields)
INFO:__main__:Grant #918 classification DONE			An optimization framework for comparative, multi-species studies of visual systems (Biological Systems and Functions)
INFO:__main__:Grant #919 classification DONE			A novel web-based mental health intervention integrating peer support and clinical moderation to enhance recovery and prevent relapse in adults diagnosed with psychotic disorders: A pragmatic feasibility study of Horyzons-Canada (Health Services Evaluation & Interventions Research)
INFO:__main__:Grant #920 classification DONE			Maternal Diabetes Induces Perinatal Programming of Chronic Kidney Disease: The Role of Hedgehog Interacting Protein (Hhip) (Clinical Investigation – Reproduction, Maternal, Child and Youth Health)
INFO:__main__:Grant #921 classification DONE			Urgent Replacement of a Platform for Gaseous Chemistry and Catalysis (Chemistry)
INFO:__main__:Grant #922 classification DONE			CAN OSTEOCLAST BIOMARKERS DETECT EXCESSIVE SUBCHONDRAL BONE RESORPTION IN RACEHORSES? (Genes, Cells and Molecules)
INFO:__main__:Grant #923 classification DONE			Agrégateur numérique de paysages urbains
INFO:__main__:Grant #924 classification DONE			Study of the effect of sex on drugs dosing, concentrations and pharmacogenomics (Gender, Sex & Health)
INFO:__main__:Grant #925 classification DONE			Biosecurity 2.0 for the modern Canadian dairy farm (Biological Systems and Functions)
INFO:__main__:Grant #926 classification DONE			Et si on revenait à l'étude des comportements de leadership : le rôle du style parental et de la motivation comme prédicteurs des comportements de partage de ressources d'élèves officiers (Psychology, linguistics and translation)
INFO:__main__:Grant #927 classification DONE			Penser le temps de la maladie chronique : l'expertise littéraire à l'appui des pratiques de soin (Literature)
INFO:__main__:Grant #928 classification DONE			Non-releasing alginate hydrogels for analyte sensing and detoxification (Materials and Chemical Engineering)
INFO:__main__:Grant #929 classification DONE			Quantifying Indigenous family disruption and resilience at the beginning of the 20th century through historical census data (Sociology, demography and related fields)
INFO:__main__:Grant #930 classification DONE			The impact of biological sex on the brain language network (Biological Systems and Functions)
INFO:__main__:Grant #931 classification DONE			Tracking the beat of music: Mechanisms underpinning inter-individual differences and effects on rhythm learning (Biological Systems and Functions)
INFO:__main__:Grant #932 classification DONE			The role of rhythm in the development of speech perception and production (Biological Systems and Functions)
INFO:__main__:Grant #933 classification DONE			Development of an Intelligent Design Support Tool for Integrated Design of Multidomain Systems (Mechanical Engineering)
INFO:__main__:Grant #934 classification DONE			Dynamiques socioreligieuses, laïcité et espaces municipaux québécois (Multidisciplinary or interdisciplinary social sciences)
INFO:__main__:Grant #935 classification DONE			Optimization and Planning Models for more Sustainable Agrifood Logistics
INFO:__main__:Grant #936 classification DONE			Men's migration, social support, and women's health and well-being in three diverse contexts (Sociology, demography and related fields)
INFO:__main__:Grant #937 classification DONE			Child maltreatment, emotion regulation and sexual wellbeing over time in women with low sexual desire and their partners (Psychology)
INFO:__main__:Grant #938 classification DONE			Détresse, formes d'exclusion et héritage migratoire : trajectoire sociale et subjectivité des personnes descendantes de migrants asiatiques (Education and social work)
INFO:__main__:Grant #939 classification DONE			Elucidating the roles of miRNAs and Hippo signaling on lineage specification in the human and mouse embryo (Endocrinology)
INFO:__main__:Grant #940 classification DONE			Enabling Collaborative and Intelligent Service Provisioning in Mobile Edge Networks
INFO:__main__:Grant #941 classification DONE			Intelligent Predictive Maintenance 4.0 for Heavy-duty Electrical Bus
INFO:__main__:Grant #942 classification DONE			Investigating mitochondrial biogenesis rheostat functions in skin aging: stress sensing and control of immunometabolic landscapes
INFO:__main__:Grant #943 classification DONE			Role of the Calcitonin Receptor System in Cardiac Physiology and Remodeling
INFO:__main__:Grant #944 classification DONE			Predicting the Progression and Brace Treatment Response in Spinal Deformities with Temporal-based Machine Learning Approaches (Biomedical Engineering)
INFO:__main__:Grant #945 classification DONE			Boosting the Productivity of a Graying Workforce
INFO:__main__:Grant #946 classification DONE			The Biophysics of Cold Plasmas in Cancer Therapy (Physics)
INFO:__main__:Grant #947 classification DONE			Virage numérique dans le développement de techniques avancées en soins personnalisés (Physics)
INFO:__main__:Grant #948 classification DONE			Rencontres « droits et résistances numériques en contexte francophone »
INFO:__main__:Grant #949 classification DONE			Caméra rapide haute résolution pour la mesure de nuages de bulles en écoulement à haute vitesse (Mechanical Engineering)
INFO:__main__:Grant #950 classification DONE			Predicting duration and rehospitalization of psychiatric emergency patients: The Signature BioBank
INFO:__main__:Grant #951 classification DONE			Perceptions de justice dans les services : les cas des travailleurs de la restauration et des enseignants universitaires au Québec et en France (Sociology, demography and related fields)
INFO:__main__:Grant #952 classification DONE			L'impact de la rémunération tangible et intangible sur le roulement volontaire dans le secteur des TIC au Canada : une approche multiniveaux et longitudinale (Business, management and related fields)
INFO:__main__:Grant #953 classification DONE			The Axolotl a model for vertebrate limb regeneration (Genes, Cells and Molecules)
INFO:__main__:Grant #954 classification DONE			Microglial fatty acid signalling as a modulator of diet-induced neuroimmune responses in obesity (Diabetes, Obesity, Lipid & Lipoprotein Disorders)
INFO:__main__:Grant #955 classification DONE			Diversity and resilience of plant communities in isolated ecosystems (Evolution and Ecology)
INFO:__main__:Grant #956 classification DONE			Dynamic protein interaction networks to map molecular origins of envronmental and genomic variations (Genes, Cells and Molecules)
INFO:__main__:Grant #957 classification DONE			Greening Social Work in Quebec: Exploring the Intersections of Environmental-Ecological Notions in Social Work Theory, Education, and Practice (Education and social work)
INFO:__main__:Grant #958 classification DONE			L'oeuvre d'art comme «analyseur»: en quête d'une méthodologie (Fine arts, research-creation)
INFO:__main__:Grant #959 classification DONE			Control of bacterial cell shape through cell-wall remodeling (Microbiology & Infectious Diseases)
INFO:__main__:Grant #960 classification DONE			Role and therapeutic potential of the atypical MAP kinase ERK3 in basal-like breast cancer progression (Molecular & Cellular Biology of Cancer)
INFO:__main__:Grant #961 classification DONE			Personnalisation en temps réel d'interface en fonction de la charge cognitive des utilisateurs (Civil, Industrial and Systems Engineering)
INFO:__main__:Grant #962 classification DONE			The I-Care project : Assessing the impact of a multimodal childcare-based intervention to prevent disruptive behaviour problems in children (Psychology)
INFO:__main__:Grant #963 classification DONE			Inter-individual variability in cognitive aging: Neural mechanisms, reserve processes and malleability of neuroprotective processes (Biological Systems and Functions)
INFO:__main__:Grant #964 classification DONE			Maternal immune cells mediated endothelial activation in preeclampsia (Clinical Investigation – Reproduction, Maternal, Child and Youth Health)
INFO:__main__:Grant #965 classification DONE			Projet 'Parité sciences'
INFO:__main__:Grant #966 classification DONE			A Pragmatic Randomized Clinical Trial on Immersive Virtual Reality Compared to Non-Immersive Distraction Using a Tablet for Pain and Anxiety Management of Children During Bone Pins and Sutures Removal in Orthopedic Clinics (Clinical Investigation – Reproduction, Maternal, Child and Youth Health)
INFO:__main__:Grant #967 classification DONE			IMAGE-GUIDED INJECTION WITH A HIGH-RESOLUTION ULTRASOUND SYSTEM ADAPTED FOR RODENT USE (Genes, Cells and Molecules)
INFO:__main__:Grant #968 classification DONE			Quantum theory and applications (Physics)
INFO:__main__:Grant #969 classification DONE			Cardioprotective effect of a cyclic azapeptide ligand of CD36 against ischemia-reperfusion damage and dysfunction in mice (Cardiovascular System – Heart and Circulation)
INFO:__main__:Grant #970 classification DONE			The Mobile health for Kids with Asthma (MoKA) study: predicting exacerbations through multimodal data and machine learning
INFO:__main__:Grant #971 classification DONE			Towards a multi-trajectory understanding of intimate partner homicide (Psychology, linguistics and translation)
INFO:__main__:Grant #972 classification DONE			Predicting future primary psychotic disorders in youth with methamphetamine-psychosis disorder (Methamphetamine and related psychostimulant use)
INFO:__main__:Grant #973 classification DONE			The MYC/MIZ-1 complex in germinal center B cells and B cell lymphomagenesis
INFO:__main__:Grant #974 classification DONE			Nouvelle méthodologie prenant en compte les hydrogrammes probabilistes de rupture de barrages par temps sec pour déterminer les vraies zones à risque tenant compte du recul des berges et de l'érosion fluviale (Civil, Industrial and Systems Engineering)
INFO:__main__:Grant #975 classification DONE			Interpretable Decision Processes in Data-Driven Supply Chains
INFO:__main__:Grant #976 classification DONE			Central control of energy homeostasis by neuronal adipose triglyceride lipase (Diabetes, Obesity, Lipid & Lipoprotein Disorders)
INFO:__main__:Grant #977 classification DONE			Les cybryontes et l'anthropocène: Des conditions de possibilité de nouvelles symbioses (Fine Arts, Research-Creation)
INFO:__main__:Grant #978 classification DONE			L'Insécurité au Sahel et ses Effets sur l'Accès des Services de Santé (ISEASS)
INFO:__main__:Grant #979 classification DONE			Advanced reagent delivery systems for microfluidics (Materials and Chemical Engineering)
INFO:__main__:Grant #980 classification DONE			Generative models for 3D textures (Computer Science)
INFO:__main__:Grant #981 classification DONE			The many paths to ecological network inference: reconciling machine learning, empirical data, and ecological knowledge (Evolution and Ecology)
INFO:__main__:Grant #982 classification DONE			Social environment and functioning of adolescents born pre-term (Social & Developmental Aspects of Children's & Youth's Health)
INFO:__main__:Grant #983 classification DONE			Beyond socioeconomic disadvantages: Deepening our understanding of structural inequalities in disparate child protection involvement (Education and social work)
INFO:__main__:Grant #984 classification DONE			Uncovering tumor specific antigens and vulnerabilities in ETP-acute lymphoblastic leukemia
INFO:__main__:Grant #985 classification DONE			Démystifier les mathématiques
INFO:__main__:Grant #986 classification DONE			Defining interrelationships between brain region-specific structural plasticity and sleep electrophysiology via the integration of sex and learning (Behavioural Sciences – Neurobiological Basis of Behavioural Processes)
INFO:__main__:Grant #987 classification DONE			Becoming an adult in changing times: Struggles and resilience among youth who entered adulthood without a high school diploma (Education and social work)
INFO:__main__:Grant #988 classification DONE			The just organization (Business, management and related fields)
INFO:__main__:Grant #989 classification DONE			Exploring the use of temporal cues for the optimization of speech processing, perception, and comprehension (Mechanical Engineering)
INFO:__main__:Grant #990 classification DONE			PICO Search for Dark Matter with Bubble Chambers (Subatomic Physics)
INFO:__main__:Grant #991 classification DONE			Is quantitative research in political science credible? (Political science and public administration)
INFO:__main__:Grant #992 classification DONE			The hardening of soft information in financial markets
INFO:__main__:Grant #993 classification DONE			From micro- to macro-reentries in discrete multiscale mathematical models of atrial tissue (Genes, Cells and Molecules)
INFO:__main__:Grant #994 classification DONE			Mapping scientific consensus in the age of misinformation
INFO:__main__:Grant #995 classification DONE			The role of RGS9 in pancreatic islet function (Biological Systems and Functions)
INFO:__main__:Grant #996 classification DONE			La diversité dans les équipes de travail: le rôle des perceptions des membres (Psychology)
INFO:__main__:Grant #997 classification DONE			Real-time Control of Decoded Brain Activity Using Artificial Neural Networks (Biological Systems and Functions)
INFO:__main__:Grant #998 classification DONE			Conférence internationale et publication « Logement : crises partout, justice nulle part ! ». Coconstruire et mutualiser les savoirs
INFO:__main__:Grant #999 classification DONE			Verdir les chantiers de construction par l'adoption des comportements écoresponsables : une étude de cas du secteur non résidentiel
INFO:__main__:Grant #1000 classification DONE			Highly Entangled Quantum Matter
INFO:__main__:Grant #1001 classification DONE			Usinage intelligent des composants d'aéronefs de haute précision (UICAP)
INFO:__main__:Grant #1002 classification DONE			Socialness in the Digital Economy: Supporting Meaningful Work through Enterprise Social Media
INFO:__main__:Grant #1003 classification DONE			Proactive prescription-based fluid management vs usual care in critically ill patients on Kidney Replacement Therapy
INFO:__main__:Grant #1004 classification DONE			Safe and selective anti-parasite therapy targeting ribosome and glycosome function (Pharmaceutical Sciences)
INFO:__main__:Grant #1005 classification DONE			Rational Integration of Molecular and surface interactions for lubricating, adhesive and high penetration soft materials (Materials and Chemical Engineering)
INFO:__main__:Grant #1006 classification DONE			Comprendre les antécédents et les conséquences d'une gestion algorithmique transparente, juste et habilitante
INFO:__main__:Grant #1007 classification DONE			Sustainable Healthy Cities: The Interplay between Urban Interventions, Gentrification, and Population Health (Public, Community & Population Health)
INFO:__main__:Grant #1008 classification DONE			Regards croisés sur les conditions de travail, les politiques publiques et la résistance: récits de vie de travailleurs et travailleuses pauvres au Canada, en Inde et au Brésil (Sociology, demography and related fields)
INFO:__main__:Grant #1009 classification DONE			Examining the effectiveness of AI-powered health technology to improve self management of mental health and reduce inequities in mental health care
INFO:__main__:Grant #1010 classification DONE			Probing the Particle Nature of Dark Matter with Strong Gravitational Lensing (Physics)
INFO:__main__:Grant #1011 classification DONE			Large reductions in arterial CARbon dioxide and development of acute Brain Injury in invasively mechanically ventilated patients with acute respiratory failure (CARBI)
INFO:__main__:Grant #1012 classification DONE			Investigating Intercommunications of Glioblastoma with Brain Microenvironment using 3D Organoid (Genes, Cells and Molecules)
INFO:__main__:Grant #1013 classification DONE			Autonomous Deep Learning for AI (Computer Science)
INFO:__main__:Grant #1014 classification DONE			Supply Chain Analytics under Disruptive Uncertainty (Civil, Industrial and Systems Engineering)
INFO:__main__:Grant #1015 classification DONE			Concevoir et développer des outils d'appréciation et de réduction des risques physiques au travail liés aux équipements
INFO:__main__:Grant #1016 classification DONE			Reaction Mechanisms and Methodology for the Design and Synthesis of Bioactive Agents (Chemistry)
INFO:__main__:Grant #1017 classification DONE			Algebraic methods for lattice models of statistical physics (Mathematics and Statistics)
INFO:__main__:Grant #1018 classification DONE			Optimisation et développement de technologies de déphosphatation des eaux usées
INFO:__main__:Grant #1019 classification DONE			The Eastern Canada Preparedness Hub - ECaPH
INFO:__main__:Grant #1020 classification DONE			On chip optical microresonators for light emission, manipulation & sensing (Electrical and Computer Engineering)
INFO:__main__:Grant #1021 classification DONE			Kushpitau ! (montons en territoire)
INFO:__main__:Grant #1022 classification DONE			Hardware support for reliable networking; from protocols to accelerators (Electrical and Computer Engineering)
INFO:__main__:Grant #1023 classification DONE			Documentary Activism by Migrant Filmmakers from Cuba and Venezuela (2013-2023) (Fine arts, research-creation)
INFO:__main__:Grant #1024 classification DONE			Investigating the role of notochord defects in the etiopathogenesis of congenital scoliosis
INFO:__main__:Grant #1 classification DONE			Quelles sont les mathématiques utilisées par les ingénieurs au quotidien? Une étude sur les pratiques des ingénieurs pour déterminer leurs besoins mathématiques (Education and social work)
INFO:__main__:Grant #2 classification DONE			High-tech paper: Security printing and the aesthetics of trust (Communications, media studies, gender studies, library and information science, related fields)
INFO:__main__:Grant #3 classification DONE			Integrin Alpha8 is a novel mediator of T lymphocyte migration across the CNS barriers (Systems & Circuits Neurosciences)
INFO:__main__:Grant #4 classification DONE			Growing up trans: A qualitative, international, and longitudinal investigation of trans youth access to gender affirming medical care, gender affirmation and well-being (Social & Developmental Aspects of Children's & Youth's Health)
INFO:__main__:Grant #5 classification DONE			Programmable DNA-based switches and nanomachines for sensing and drug delivery applications (Chemistry)
INFO:__main__:Grant #6 classification DONE			Interactions between attention, perception and reaching movements (Biological Systems and Functions)
INFO:__main__:Grant #7 classification DONE			Design and Management of Fog Networks (Computer Science)
INFO:__main__:Grant #8 classification DONE			Polymer Porous Fibrous Structures with Antiviral Properties (Materials and Chemical Engineering)
INFO:__main__:Grant #9 classification DONE			L'art Noir: cartographies for an emerging field (Multidisciplinary or interdisciplinary humanities)
INFO:__main__:Grant #10 classification DONE			System Identification of Human Postural Control: A Multimodal Sensory Stimulation Approach for Diagnosing Balance Disorders
INFO:__main__:Grant #11 classification DONE			Transitioning patients with advanced chronic kidney disease to home or facility dialysis: understanding the experience and quality of life for patients and their caregivers (TRANSIT-CARE)
INFO:__main__:Grant #12 classification DONE			Tenrikyo and the Rise and Fall of New Religions in Japan (Philosophy, medieval studies, classics, religious)
INFO:__main__:Grant #13 classification DONE			Systems biology of size control in eukaryotes (Genes, Cells and Molecules)
INFO:__main__:Grant #14 classification DONE			Drop-based microfluidics (DBM) for single cell studies and ultrahigh-throughput phenotypic screens and lab evolution (Genes, Cells and Molecules)
INFO:__main__:Grant #15 classification DONE			Neural repair in glaucoma: the role of insulin signaling (Cell Biology – Disease)
INFO:__main__:Grant #16 classification DONE			Impacts des mesures de protection contre la COVID-19 sur la communication des personnes malentendantes
INFO:__main__:Grant #17 classification DONE			Mixité sociale et scolaire en classe : perception des exigences professionnelles des étudiant·e·s en formation à l'enseignement au Québec et en Suisse (Education and social work)
INFO:__main__:Grant #18 classification DONE			Discharges at/near gas-liquid and liquid-liquid interfaces: fundamental investigation and application in liquid processing and nanomaterial synthesis (Physics)
INFO:__main__:Grant #19 classification DONE			Fully-Lagrangian three-dimensional modelling of river ice jam initiation
INFO:__main__:Grant #20 classification DONE			Juger l'homosexualité, attribuer l'asile: le traitement des demandes d'asile OSIG au Canada (Political science and public administration)
INFO:__main__:Grant #21 classification DONE			Intentions or affect: Which is a key driver of physical activity? Using ecological momentary assessment to understand the intention-behaviour gap in schizophrenia spectrum disorders (Multidisciplinary or interdisciplinary social sciences)
INFO:__main__:Grant #22 classification DONE			Biophysical and genetic control of root growth
INFO:__main__:Grant #23 classification DONE			Open-source numerical strategy for the analysis and redesign of turbomachine blades accounting for nonlinear structural interactions
INFO:__main__:Grant #24 classification DONE			Application of Boltzmann Transport Equation solutions to nuclear reactor physics and radiotherapy applications (Physics)
INFO:__main__:Grant #25 classification DONE			La théorie des graphes : analyse structurelle, algorithmique et applications dans les sciences de l'ingénieur
INFO:__main__:Grant #26 classification DONE			Interdisciplinary Canadian Collaborative ME Research Network
INFO:__main__:Grant #27 classification DONE			La nouvelle politique de la redistribution (Political science and public administration)
INFO:__main__:Grant #28 classification DONE			Extracellular vesicles and their miR cargo to enhance ischemia-induced neovascularization in peripheral artery disease (Cardiovascular System – Vascular System)
INFO:__main__:Grant #29 classification DONE			Low-Dimensional Organic Materials for Energy, Electronic and Environment Applications
INFO:__main__:Grant #30 classification DONE			Histone protein supply and demand: life on a knife's edge (Genes, Cells and Molecules)
INFO:__main__:Grant #31 classification DONE			Bayesian deep-learning prediction with sparse graphs (Mathematics and Statistics)
INFO:__main__:Grant #32 classification DONE			At the Edge of Soft Power: French Saint-Simonians and Nineteenth-Century Visions of Development (History)
INFO:__main__:Grant #33 classification DONE			Random walks on random graphs in high dimensions (Mathematics and Statistics)
INFO:__main__:Grant #34 classification DONE			Roles, mechanisms of action and regulation of Hippo signaling in the testis (Biological Systems and Functions)
INFO:__main__:Grant #35 classification DONE			The role of the TGFB-SOX9 signaling pathway in brain angiogenesis (Biological Systems and Functions)
INFO:__main__:Grant #36 classification DONE			A randomized controlled trial comparing Virtual Reality Therapy to Supportive Therapy to reduce cannabis use in patients with psychotic disorders
INFO:__main__:Grant #37 classification DONE			Le contrat didactique en sciences humaines au primaire : mieux comprendre les pratiques enseignantes et leurs effets sur l'apprentissage (Education and social work)
INFO:__main__:Grant #38 classification DONE			Impact of insects by-products and phytogenics on the piglet's intestinal health
INFO:__main__:Grant #39 classification DONE			Response of the continental water cycle to greenhouse warming: evaluating, understanding and constraining Earth System Model projections (Geosciences)
INFO:__main__:Grant #40 classification DONE			Why Do Green Products Suffer from Low Consumer Preference? An Explanation Based on Ease of Benefit Visualization and Price Fairness Perceptions
INFO:__main__:Grant #41 classification DONE			Architecture comme tissu spatial et social: perspectives japonaises pour promouvoir les relations multi échelles (Geography, urban planning and related fields)
INFO:__main__:Grant #42 classification DONE			Femmes mémorialistes sous l'Ancien Régime (XVIe-XVIIIe siècles)
INFO:__main__:Grant #43 classification DONE			Répit Une Heure pour Moi : Ethnographie ciblée d'un programme de soutien familial à domicile pour les familles dont un enfant a des problèmes de santé mentale
INFO:__main__:Grant #44 classification DONE			The ethical challenges of Artificial Intelligence for start-ups
INFO:__main__:Grant #45 classification DONE			Integrating impacts from marine plastics in Life Cycle Assessment (Civil, Industrial and Systems Engineering)
INFO:__main__:Grant #46 classification DONE			A Semantic Parsing Approach to Open-world Knowledge Graph Question Answering
INFO:__main__:Grant #47 classification DONE			Appropriation et déploiement d'une approche pédagogique antiraciste chez des formateurs en sciences de la santé (Indigenous research)
INFO:__main__:Grant #48 classification DONE			Pathways for the digital economy: Adolescent digital literacies and InstaPoetry
INFO:__main__:Grant #49 classification DONE			Les discours en matière de pauvreté dans les revues scientifiques francophones du travail social : ce qu'ils nous disent du travail social et de ses rapports à la science et à la théorie (Multidisciplinary or interdisciplinary social sciences)
INFO:__main__:Grant #50 classification DONE			Bilingualism and attentional processes in the age and language proficiency continuum (Biological Systems and Functions)
INFO:__main__:Grant #51 classification DONE			Arts de la scène, innovations technologiques et clowns pour le renouvellement de l'opéra
INFO:__main__:Grant #52 classification DONE			"Domestic art galleries" in Cuba, Russia, and China after 1989: a(n) (imagined) trans-socialist network (Fine Arts, Research-Creation)
INFO:__main__:Grant #53 classification DONE			Advancing the understanding of fundamental principles of motor control (Biological Systems and Functions)
INFO:__main__:Grant #54 classification DONE			Impact Award: Insight
INFO:__main__:Grant #55 classification DONE			New Methods for the Stereoselective Synthesis of Organic Compounds (Chemistry)
INFO:__main__:Grant #56 classification DONE			Capturer le rythme de la vie moderne : le montage rapide comme symptôme et modèle pour les sociétés du début du XXe siècle jusqu'à aujourd'hui (Fine Arts, Research-Creation)
INFO:__main__:Grant #57 classification DONE			Environnement, médias, archives : une anatomie contemporaine de la mélancolie et de la nostalgie (Fine Arts, Research-Creation)
INFO:__main__:Grant #58 classification DONE			Multimode determination of gene transcription and metabolic labeling (Genes, Cells and Molecules)
INFO:__main__:Grant #59 classification DONE			SLAMF7 in innate immune cells and anti-cancer immunotherapy
INFO:__main__:Grant #60 classification DONE			À votre service : figures ambivalentes du care dans le Roman français de 1870 à 1945 (Literature)
INFO:__main__:Grant #61 classification DONE			Using a point-of-care electrophysiological method to study the impact of neuro-sacral function on recovery after acute spinal cord injury
INFO:__main__:Grant #62 classification DONE			Local intersectoral networks and institutional transformations: how can local actors promote social innovations? (Education)
INFO:__main__:Grant #63 classification DONE			Plasma biomarkers of Alzheimer's disease in insomnia before and after cognitive behavioral therapy for insomnia
INFO:__main__:Grant #64 classification DONE			Developing algorithm aided fabrication methods for polyhedral structures (Civil, Industrial and Systems Engineering)
INFO:__main__:Grant #65 classification DONE			SARS-CoV-2 Spike conformation: impact on Fc-mediated effector functions (Virology & Viral Pathogenesis)
INFO:__main__:Grant #66 classification DONE			Questions in number theory (Mathematics and Statistics)
INFO:__main__:Grant #67 classification DONE			The mammalian target of rapamycin provides the female rodent heart sex-dependent resistance to ischemic damage (Gender, Sex & Health)
INFO:__main__:Grant #68 classification DONE			The CAnadian Mother-ChIld COLlaborative Training Platform - The CAMCCO-L Training Platform (Health Research Training Platform)
INFO:__main__:Grant #69 classification DONE			Life course body fatness and physical activity, and ovarian cancer etiology (Gender, Sex & Health)
INFO:__main__:Grant #70 classification DONE			Modeling cue-triggered relapse to cocaine use in rats (Behavioural Sciences – Neurobiological Basis of Behavioural Processes)
INFO:__main__:Grant #71 classification DONE			Exploring emotional underpinnings of audit work amidst the rise of the digital age
INFO:__main__:Grant #72 classification DONE			Moving towards culturally safe services for Indigenous people in forensic mental health: A Partnership Development Programme
INFO:__main__:Grant #73 classification DONE			Development of functional language brain networks: a multimodal neuroimaging approach (Physics)
INFO:__main__:Grant #74 classification DONE			Une deuxième peau à vif: vêtement, genre et violence dans la Bible hébraïque (Philosophy, medieval studies, classics, religious)
INFO:__main__:Grant #75 classification DONE			Social Innovation through Participatory Art and Design with Youth at the Margins - Solutions for Engaging and Empowering Youth with Trans-Atlantic Mirroring (Social Innovation)
INFO:__main__:Grant #76 classification DONE			Assessment of renal function in adults born preterm: The HAPI-Kidney study (Clinical Investigation – Reproduction, Maternal, Child and Youth Health)
INFO:__main__:Grant #77 classification DONE			Unveiling the Role of Cellular Aging in Postmenopausal Syndrome: Rationale for Senolytic-Based Strategies to Enhance Women's Health
INFO:__main__:Grant #78 classification DONE			Optimizing the Ageing Brain? Situating Ethical Aspects of Dementia Prevention (BEAD)
INFO:__main__:Grant #79 classification DONE			Multicommunicating during team meetings and its effect on team functioning
INFO:__main__:Grant #80 classification DONE			Transitioning from late adolescence into emerging adulthood: The role of past and current parenting (Psychology)
INFO:__main__:Grant #81 classification DONE			Plateforme intégrée de caractérisation expérimentale/numérique pour la conception de matériaux poreux innovants (Mechanical Engineering)
INFO:__main__:Grant #82 classification DONE			How Peers in Healthcare Teams Transform Homelessness Prevention and Care Practices: A Participatory Multiple Case Study
INFO:__main__:Grant #83 classification DONE			Online stochastic optimization for dynamic operations management systems (Civil, Industrial and Systems Engineering)
INFO:__main__:Grant #84 classification DONE			Assessing latent-structure models in natural language processing with artificial datasets (Computer Science)
INFO:__main__:Grant #85 classification DONE			Electroactive Self-Assembled Monolayers: Putting Surface-Confined Redox Reactions to Work (Chemistry)
INFO:__main__:Grant #86 classification DONE			Role of SCPPPQ1, a junctional epithelium protein, in maintaining periodontal integrity and health (Clinical Investigation – Arthritis, Bone, Skin and Cartilage)
INFO:__main__:Grant #87 classification DONE			What dreams may come: How cinema shapes the language, experience, and images of dreaming (Multidisciplinary or interdisciplinary social sciences)
INFO:__main__:Grant #88 classification DONE			Supramolecular strategies to target cellular membranes (Chemistry)
INFO:__main__:Grant #89 classification DONE			Geopolitics, bargaining, and firm selection along the Belt and Road
INFO:__main__:Grant #90 classification DONE			Role of neuron-glia interactions in sensori-motor integration in mastication (Movement & Exercise)
INFO:__main__:Grant #91 classification DONE			Dual-Energy Cone-Beam CT as an online quantitative imaging modality for adaptive radiotherapy (Physics)
INFO:__main__:Grant #92 classification DONE			Le "patient expert": enjeux épistémiques et normatifs (Philosophy, medieval studies, classics, religious)
INFO:__main__:Grant #93 classification DONE			Les données numériques en santé: peut-on bâtir la confiance
INFO:__main__:Grant #94 classification DONE			Role of ARF1 as a key GTPAse regulating immune surveillance in breast cancer
INFO:__main__:Grant #95 classification DONE			Critical Replacement of Thermogravimetric Analyzer to Leverage Materials Discovery and Innovation (Chemistry)
INFO:__main__:Grant #96 classification DONE			Partnering with Canadian Youth to Co-Design a Toolkit to Support Youth who Experience Climate-Related Distress
INFO:__main__:Grant #97 classification DONE			Family Acculturation: Identity, Legitimacy, and the Marketplace
INFO:__main__:Grant #98 classification DONE			Low-Resource Text Understanding (Computer Science)
INFO:__main__:Grant #99 classification DONE			Privilège des minoritaires et inégalités épistémiques: une perspective féministe et décoloniale sur la reconnaissance des savoirs expérientiels dans la lutte contre la pauvreté au Québec et en Belgique francophone (Sociology, demography and related fields)
INFO:__main__:Grant #100 classification DONE			L'esthétique moyenne ou la coupe régulière (Sociology, demography and related fields)
INFO:__main__:Grant #101 classification DONE			Deepening understanding on infant and child mortality disparities in low- and middle-income countries: untangling the direct and indirect effects of gender inequality (Multidisciplinary or interdisciplinary social sciences)
INFO:__main__:Grant #102 classification DONE			Isolating the role of the raphe-ventral hippocampus serotonergic pathway in anxiety (Behavioural Sciences – Neurobiological Basis of Behavioural Processes)
INFO:__main__:Grant #103 classification DONE			Facing pain is effortful: a multidisciplinary approach to investigate the effects of pain on perception of effort and performance (Biological Systems and Functions)
INFO:__main__:Grant #104 classification DONE			Enjeux émergents liés à la présence de manganèse dans les eaux potables (Civil, Industrial and Systems Engineering)
INFO:__main__:Grant #105 classification DONE			Élaboration d'un procédé de stockage de CO2 par minéralisation visant à réduire les émissions des Gaz à Effet de Serre du secteur agricole
INFO:__main__:Grant #106 classification DONE			Factor models for forecasting and macroeconomic applications (Economics)
INFO:__main__:Grant #107 classification DONE			Une histoire écrite avec des si. Les devenirs romanesques des idéaux libertaires (1898-1940) (Literature)
INFO:__main__:Grant #108 classification DONE			Jean-Marc Vallée : de Montréal à Hollywood
INFO:__main__:Grant #109 classification DONE			Prebiotics to modify the gut microbiome and enhance immune checkpoint blockers (Cancer Progression & Therapeutics)
INFO:__main__:Grant #110 classification DONE			Words Matter, Numbers Matter, Ways Matter: Establishing a Data and Resource Platform to Guide Equitable Healthcare for Women Living with Female Genital Mutilation/Cutting in Canada (Public, Community & Population Health)
INFO:__main__:Grant #111 classification DONE			Dynamiques de cohabitation à l'ère de la "super-diversité" (Anthropology and archaeology)
INFO:__main__:Grant #112 classification DONE			Dependence Modelling for Arbitrary Distributions (Mathematics and Statistics)
INFO:__main__:Grant #113 classification DONE			CONTACT BY SEA: : Basques et Autochtones dans le golfe Saint-Laurent, XVIe-XVIIIe siècle (Anthropology and archaeology)
INFO:__main__:Grant #114 classification DONE			The impact of genetic variation on genome biology and function (Genes, Cells and Molecules)
INFO:__main__:Grant #115 classification DONE			Orphan Nuclear Receptor Regulation of Fertility (Clinical Investigation – Reproduction, Maternal, Child and Youth Health)
INFO:__main__:Grant #116 classification DONE			Identifying the roles of atypical MAP kinases ERK3 and ERK4 in cardiac remodelling (Cardiovascular System – Heart and Circulation)
INFO:__main__:Grant #117 classification DONE			Valorisation des données industrielles (Civil, Industrial and Systems Engineering)
INFO:__main__:Grant #118 classification DONE			Multiphysics and multiscale modeling for the intensification of chemical engineering processes (Materials and Chemical Engineering)
INFO:__main__:Grant #119 classification DONE			Targeting BMP signaling in the tumor endothelium to improve cancer immunotherapy (Cancer Progression & Therapeutics)
INFO:__main__:Grant #120 classification DONE			The Impact of Job Transformations on Frontline Employees' Burnout and Performance: Examining the Roles of Manager Support and Empathy
INFO:__main__:Grant #121 classification DONE			Structural design and rehabilitation of bridge superstructure and foundation elements utilizing fibre reinforced concrete and ultra-high performance fibre reinforced concrete with conventional reinforcement
INFO:__main__:Grant #122 classification DONE			Des dispositifs de développement professionnels transformateurs pour les enseignants du postsecondaire (Education and social work)
INFO:__main__:Grant #123 classification DONE			High-fidelity simulations of turbulent combustion relevant to gas turbines and compression ignition engines (Mechanical Engineering)
INFO:__main__:Grant #124 classification DONE			Responsible Conduct in Research: From Norms to Practice
INFO:__main__:Grant #125 classification DONE			Integrity of the cellular transformation barriers in reprogrammed cell (Genes, Cells and Molecules)
INFO:__main__:Grant #126 classification DONE			Deuterostome extracellular matrix structures (ossicles and tubes): Evolution, composition, function and development (Evolution and Ecology)
INFO:__main__:Grant #127 classification DONE			Finding Order in Chaos: Vibrational Spectroscopy Study of Oriented Soft Materials (Chemistry)
INFO:__main__:Grant #128 classification DONE			COVID-19 seroepidemiology in children Using Retrieved POPCORN site Leftover Samples (CURNLS)
INFO:__main__:Grant #129 classification DONE			COVIH study: COVID-19 burden in HIV infected individuals
INFO:__main__:Grant #130 classification DONE			Unravelling the physiological function of a highly conserved HNRNPA1 splice variant (Genes, Cells and Molecules)
INFO:__main__:Grant #131 classification DONE			Valorisation des données de production manufacturière pour une prise de décision personnalisée et décentralisée
INFO:__main__:Grant #132 classification DONE			Uncovering causal complexities and trade-offs in the acceptance of mobile apps used to protect communities: the case of emergency response and contact tracing technologies
INFO:__main__:Grant #133 classification DONE			Acquisition of an ultracentrifuge to support research in the field of veterinary infectious diseases (Biological Systems and Functions)
INFO:__main__:Grant #134 classification DONE			Penser et agir pour la paix au Québec (Multidisciplinary or interdisciplinary humanities)
INFO:__main__:Grant #135 classification DONE			Towards a visualization-assisted international history of videogame culture (Fine Arts, Research-Creation)
INFO:__main__:Grant #136 classification DONE			Modélisation et optimisation biomécanique d'orthèses et d'instrumentation de modulation de croissance pour le traitement de la scoliose pédiatrique
INFO:__main__:Grant #137 classification DONE			Randomized controlled trial to evaluate the effect of a postural re-education intervention compared to standard care on scoliosis progression in adolescent (Clinical Investigation – Arthritis, Bone, Skin and Cartilage)
INFO:__main__:Grant #138 classification DONE			Sommeil après une commotion cérébrale : impact sur le bien-être et le fonctionnement familial (Multidisciplinary or interdisciplinary social sciences)
INFO:__main__:Grant #139 classification DONE			Few-Mode Optical Coherence Tomography (FM-OCT)
INFO:__main__:Grant #140 classification DONE			(IN)VISIBILISATION : Le design au prisme de l'itinérance
INFO:__main__:Grant #141 classification DONE			Targeting SMOC2-induced epithelial-to-mesenchymal transition inhibits senescence in mouse models of kidney fibrosis (Hematology, Digestive Disease & Kidney)
INFO:__main__:Grant #142 classification DONE			Modèle explicatif des liens drogues-crimes des jeunes femmes adultes: une nouvelle perspective (Law and criminology)
INFO:__main__:Grant #143 classification DONE			Mégadonnées et techniques avancées démystifiées
INFO:__main__:Grant #144 classification DONE			Developing neurocomputational tools for the prediction and modulation of consciousness (Electrical and Computer Engineering)
INFO:__main__:Grant #145 classification DONE			Description et analyse des interactions orales entre adulte (enseignante/parent) et enfant en lien avec les habiletés narratives lors de la lecture d'albums plurilingues dans une perspective de collaboration école-famille en milieu pluriethnique (Education and social work)
INFO:__main__:Grant #146 classification DONE			Contribuer au développement d'écoles plus justes et inclusives du personnel scolaire de groupes racisés : quels cadres de référence éthique pour les directions d'établissement d'enseignement? (Education and social work)
INFO:__main__:Grant #147 classification DONE			Manipulating methionine metabolism to shape immune responses and modify disease progression in both sexes in MS (Systems & Circuits Neurosciences)
INFO:__main__:Grant #148 classification DONE			Lymphatic vessel function in atherosclerosis (Clinical Investigation – Cardiovascular Systems)
INFO:__main__:Grant #149 classification DONE			Théorie de l'improvisation comme pratique de vulnérabilité en recherche-création (Literature)
INFO:__main__:Grant #150 classification DONE			Potentialiser le leadership normatif de l'Organisation mondiale de la santé: une étude internationale (Law and criminology)
INFO:__main__:Grant #151 classification DONE			PARCS en Santé: Contrôler les agents pathogènes transmis par les tiques tout en protégeant la biodiversité des parcs nature péri-urbains
INFO:__main__:Grant #152 classification DONE			Appréhender la colère sociale : une enquête comparative auprès des jeunes NEET au Québec et en Ontario (Sociology, demography and related fields)
INFO:__main__:Grant #153 classification DONE			La professionnalisation des enseignants d'éducation physique et à la santé à l'école primaire et secondaire : l'enjeu stratégique du savoir professionnel au Québec et en Ontario (Education and social work)
INFO:__main__:Grant #154 classification DONE			Two-phase flow numerical model development based on experimental characterization (Mechanical Engineering)
INFO:__main__:Grant #155 classification DONE			Idea vitality and group idea elaboration
INFO:__main__:Grant #156 classification DONE			La réorganisation des services institutionnels et communautaires auprès des personnes en situation d'itinérance et les besoins des personnes en situation d'itinérance pour faire face à la pandémie de COVID-19
INFO:__main__:Grant #157 classification DONE			Contribution of 17beta-estradiol in pregnancy-related cardiac arrhythmias (Cardiovascular System – Cells and Tissues)
INFO:__main__:Grant #158 classification DONE			Le vivant à l'aune de l'Anthropocène. Étude des enjeux matériels, sociaux, culturels, éthiques et épistémologiques des représentations du vivant et des imaginaires sociotechniques des biotechnologies (Mutidisciplinary or interdisciplinary social sciences)
INFO:__main__:Grant #159 classification DONE			Connectivité intelligente des véhicules urbains dans un réseau hétérogène d'ondes millimétriques (Electrical and Computer Engineering)
INFO:__main__:Grant #160 classification DONE			How spokespersons stand for, act for, and speak for a collective: Understanding the communicative inner workings of political representation and its organizing effects (Communications, media studies, gender studies, library and information science, related fields)
INFO:__main__:Grant #161 classification DONE			Coconstruire un modèle théorique de l'objection de conscience : approfondir sa compréhension afin de mieux l'intégrer à la formation et la pratique infirmière
INFO:__main__:Grant #162 classification DONE			Acceptability, user experience and effect of a new mobile app, 'OUPS!', a FemTech solution designed for the treatment of urinary incontinence in menopausal women: a mixed method study
INFO:__main__:Grant #163 classification DONE			Traduction et journalisme/Translation and Journalism/Traducción y periodismo
INFO:__main__:Grant #164 classification DONE			Réponse différentielle à l'évaluation formelle en protection de la jeunesse en contexte de diversité ethnoculturelle: portrait de la situation et perspectives des familles et des intervenants (Education and social work)
INFO:__main__:Grant #165 classification DONE			Grey box optimization (Civil, Industrial and Systems Engineering)
INFO:__main__:Grant #166 classification DONE			Polymers for realizing energetic materials with tailored performance (Materials and Chemical Engineering)
INFO:__main__:Grant #167 classification DONE			How does the interplay between mandatory and voluntary regulation shape industry practice change for the better?
INFO:__main__:Grant #168 classification DONE			Unité de liaison pour la recherche internationale sur le conseil scientifique
INFO:__main__:Grant #169 classification DONE			La téléologie naturelle au 18e siècle (Philosophy)
INFO:__main__:Grant #170 classification DONE			Mouvements sociaux, droits sociaux et démocratie. Une théorie normative (Philosophy)
INFO:__main__:Grant #171 classification DONE			Modeling the thermodynamic and physical properties of Deep Eutectic Solvents (Materials and Chemical Engineering)
INFO:__main__:Grant #172 classification DONE			La qualité des relations employé-superviseur : Un modèle processuel des antécédents, conséquences, et modérateurs des évaluations comparatives
INFO:__main__:Grant #173 classification DONE			Mathésis, mimésis, sémiosis : la littérarité des genres populaires dans les littératures francophones d'Afrique subsaharienne, du Maghreb et des Caraïbes (Literature)
INFO:__main__:Grant #174 classification DONE			Regime Change and Resilience of Maya peoples at the end of the Classic period (ca. 800-1000 CE) (Anthropology and archaeology)
INFO:__main__:Grant #175 classification DONE			Recommendations for culturally sensitive and intersectional practice in suicide prevention intervention for public safety personnel : a qualitative approach (Crisis/Suicide Line and App-based Support Models for post traum. stress in public safety personnel (PSP))
INFO:__main__:Grant #176 classification DONE			Varieties of Valuings (Philosophy)
INFO:__main__:Grant #177 classification DONE			Pilotage en temps réel des systèmes à l'ère de l'industrie 4.0 (Civil, Industrial and Systems Engineering)
INFO:__main__:Grant #178 classification DONE			Understanding Esophageal Atresia using Induced Pluripotent Stem Cells
INFO:__main__:Grant #179 classification DONE			Discovery and characterization of novel genetic-exchange and drug-resistance mechanisms in Leishmania parasites (Microbiology & Infectious Diseases)
INFO:__main__:Grant #180 classification DONE			From Perception and Learning to Understanding and Action (Computer Science)
INFO:__main__:Grant #181 classification DONE			Novel mechanisms of theca cell growth in the ovarian follicle of cattle (Biological Systems and Functions)
INFO:__main__:Grant #182 classification DONE			An OCT-controlled system for precise and reproducible subretinal drug injection in mice
INFO:__main__:Grant #183 classification DONE			Bioenergetic role of astrocytes in neuronal plasticity and behaviour (Genes, Cells and Molecules)
INFO:__main__:Grant #184 classification DONE			In Democracy we trust, do we? (Sociology, demography and related fields)
INFO:__main__:Grant #185 classification DONE			Minimally-invasive monitoring of renal health in reptiles (Biological Systems and Functions)
INFO:__main__:Grant #186 classification DONE			Le réenchantement à contretemps ? Irrationalité et postmodernité littéraire
INFO:__main__:Grant #187 classification DONE			Structure-functional property-device performance relationships in electronic and energy materials and devices
INFO:__main__:Grant #188 classification DONE			AI augmented pilot
INFO:__main__:Grant #189 classification DONE			Transfert, appropriation et rétention des pratiques associées à l'approvisionnement valorisant l'innovation dans le réseau québécois de la santé : le cas de l'approche fonctionnelle
INFO:__main__:Grant #190 classification DONE			Le patrimoine des groupes ethnoculturels de Montréal: le cas de Montréal-Nord
INFO:__main__:Grant #191 classification DONE			Documenting forager adaptations to dramatic climate change at the Pleistocene-Holocene transition in Liguria (Italy) (Anthropology and archaeology)
INFO:__main__:Grant #192 classification DONE			Abordabilité intégrée: état des connaissances sur les interactions entre coûts d'habitation et de transport
INFO:__main__:Grant #193 classification DONE			High definition digital microscope for accelerating Québec entomological research (Environmental Sciences)
INFO:__main__:Grant #194 classification DONE			Envisioning and Enacting UX Evaluation of Augmented Reality: A Multimethod Approach (Civil, Industrial and Systems Engineering)
INFO:__main__:Grant #195 classification DONE			Kinematic-specific proprioceptive stimulations to better understand sensory control of gait movements (Mechanical Engineering)
INFO:__main__:Grant #196 classification DONE			Attentional processes in the human insula (Biological Systems and Functions)
INFO:__main__:Grant #197 classification DONE			Towards More Autonomous and Safer Unmanned Aerial Vehicle Systems (Mechanical Engineering)
INFO:__main__:Grant #198 classification DONE			Subsea and terrestrial permafrost of the central and eastern Canadian Arctic Archipelago (Geosciences)
INFO:__main__:Grant #199 classification DONE			Global Centers Track 2: Heat Adaptation
INFO:__main__:Grant #200 classification DONE			Immunovirological determinants of breakthrough COVID-19 disease in vaccinated or previously infected individuals (Virology & Viral Pathogenesis)
INFO:__main__:Grant #201 classification DONE			Hormonal control of stamen filament growth
INFO:__main__:Grant #202 classification DONE			Investigate features and dynamics of intron RNP biology and its role in modulating RNA metabolism (Biochemistry & Molecular Biology)
INFO:__main__:Grant #203 classification DONE			CircRNAome in childhood TCF3-PBX1 ALL: Biomaker potential and mechanisms of circRNA dysregulation and function
INFO:__main__:Grant #204 classification DONE			Additive manufacturing technologies for high-performance and high-productivity of multifunctional composite structures and their sustainability for aerospace applications
INFO:__main__:Grant #205 classification DONE			Computational methods and frameworks for unsupervised machine learning
INFO:__main__:Grant #206 classification DONE			Au coeur du cosmos TRYSPACES: Colloque, exposition et bibliothèque numérique
INFO:__main__:Grant #207 classification DONE			Understanding Attitudes toward Artists with a Physical Disability
INFO:__main__:Grant #208 classification DONE			Non-target analysis of radicals in sonochemical and advanced oxidation processes (AOPs) (Materials and Chemical Engineering)
INFO:__main__:Grant #209 classification DONE			La cyberviolence dans les relations amoureuses des jeunes : identifier les facteurs de risque et de protection ainsi que leurs impacts différenciés selon le genre
INFO:__main__:Grant #210 classification DONE			"Sentometrics": Econometrics of textual sentiment with applications in economics and finance
INFO:__main__:Grant #211 classification DONE			Clean Energy transition, Market Design and Industry Dynamics
INFO:__main__:Grant #212 classification DONE			Conférence de l'International Society for the Study of Drug Policy
INFO:__main__:Grant #213 classification DONE			Methods development for the measurement of single-cell molecular state (Genes, Cells and Molecules)
INFO:__main__:Grant #214 classification DONE			Multifunctional Engineering Structures via Embodied Intelligence
INFO:__main__:Grant #215 classification DONE			Spin waves in ferromagnetic metallic wires (Physics)
INFO:__main__:Grant #216 classification DONE			Molecular Chronobiology and regulation of gene expression in dinoflagellates (Genes, Cells and Molecules)
INFO:__main__:Grant #217 classification DONE			Combiner l’hypnose, la réalité virtuelle, la neurophysiologie et l’intelligence artificielle dans la gestion non-pharmacologique et personnalisée de la douleur chronique
INFO:__main__:Grant #218 classification DONE			Les théories inédites de la foi des penseurs dominicains des années 1250-1350 (Philosophy)
INFO:__main__:Grant #219 classification DONE			Computationally efficient multiphysics and multiscale modeling approaches applied to porous materials engineering
INFO:__main__:Grant #220 classification DONE			Marriage, Sorting, and Segregation Across U.S. Cities (Economics)
INFO:__main__:Grant #221 classification DONE			Highly versatile benchtop Flow Cytometry Analyzer (Materials and Chemical Engineering)
INFO:__main__:Grant #222 classification DONE			Analysis of Extreme Values
INFO:__main__:Grant #223 classification DONE			Frontlines to Headlines: The Politics of Memory, War and the Press in interwar Germany (History)
INFO:__main__:Grant #224 classification DONE			Mechanistic Investigations of Nickel-Promoted C-Heteroatom Bond Making Reactions (Chemistry)
INFO:__main__:Grant #225 classification DONE			Manipulated Procurement
INFO:__main__:Grant #226 classification DONE			Functionalized Bilayer Graphene Devices: Achieving Selectivity and Sensitivity
INFO:__main__:Grant #227 classification DONE			Le rôle de la résilience sur la santé et le bien-être des équipes interprofessionnelles: validation d'une démarche managériale participative
INFO:__main__:Grant #228 classification DONE			Les jeunes en difficulté et faisant l'objet d'une double prise en charge judiciaire : parcours de vie, trajectoires dans les services et pratiques professionnelles (Law and criminology)
INFO:__main__:Grant #229 classification DONE			Before the "Great Divide": The Shared Language(s) of Art and Science in the Early Modern Period (Fine Arts, Research-Creation)
INFO:__main__:Grant #230 classification DONE			MID-INFRARED QUANTUM TECHNOLOGY FOR SENSING (MIRAQLS)
INFO:__main__:Grant #231 classification DONE			Exploiting minor histocompatibility antigens for personalized cancer immunotherapy (Cancer Progression & Therapeutics)
INFO:__main__:Grant #232 classification DONE			Investment incentives in matching markets: on the foundations of competitive models (Economics)
INFO:__main__:Grant #233 classification DONE			Advancing Machine Learning with Causal Models (Computer Science)
INFO:__main__:Grant #234 classification DONE			The Brahma Kumari Tradition in Canada and the United States (Medieval, classics, religious studies)
INFO:__main__:Grant #235 classification DONE			Social polarization in high schools during COVID-19: A mixed-method Positive Youth Development research to inform how to promote well-being and reduce violence among adolescents (Education and social work)
INFO:__main__:Grant #236 classification DONE			Assessing the community needs of Canadians with limb loss: Building the foundation for community action
INFO:__main__:Grant #237 classification DONE			Addition of high dose Stimulant and engagement-focused Contingency management, alone and in combination, to treatment as usual for the management of MEthamphetamine use disorder (ASCME): a pan-Canadian multisite randomized controlled trial
INFO:__main__:Grant #238 classification DONE			Écrire / Traduire / Visualiser les humanités numériques
INFO:__main__:Grant #239 classification DONE			Smart Electrolytes for a New Perspective on Electrochemical Energy Storage (Chemistry)
INFO:__main__:Grant #240 classification DONE			Femmes et pouvoirs dans le bailliage de Montréal (1644-1693) (History)
INFO:__main__:Grant #241 classification DONE			Entre pressions socioculturelles et insatisfaction à l'égard de l'image corporelle : le rôle médiateur de caractéristiques personnelles chez les adolescents et jeunes hommes. (Psychology)
INFO:__main__:Grant #242 classification DONE			Multi-Precision Optimization and Methods with Inaccurate Functions and Derivatives (Computer Science)
INFO:__main__:Grant #243 classification DONE			Adaptive FEM for Analysis, Design, and Control of Complex Flows (Mechanical Engineering)
INFO:__main__:Grant #244 classification DONE			Diagnosis of Aggressive Prostate Cancer Using Key Features of Raman Spectroscopy (Cancer Progression & Therapeutics)
INFO:__main__:Grant #245 classification DONE			Maintaining balance in an unstable environment: A central role for the vestibular system (Biological Systems and Functions)
INFO:__main__:Grant #246 classification DONE			Multifarious roles of the smallest Arabidopsis thaliana MAPKKKs clade (MAPKKK19, 20 and 21) as an integrative hub for plant pathogen interactions, growth, development and reproduction (Biological Systems and Functions)
INFO:__main__:Grant #247 classification DONE			Occurrence et contrôle des bactéries opportunistes et bioaérosols issus des systèmes de traitement des eaux usées (Civil, Industrial and Systems Engineering)
INFO:__main__:Grant #248 classification DONE			Le confinement : étude comparée du choix d'un instrument de politique publique extrême (Political science and public administration)
INFO:__main__:Grant #249 classification DONE			Valorisation des noirs de carbone recyclés de pneus usagés
INFO:__main__:Grant #250 classification DONE			"Managing AI in Health Ecosystems" Masterclass
INFO:__main__:Grant #251 classification DONE			Novel regulatory mechanisms of the mammalian nuclear proteasome through liquid-liquid phase separation (Cell Biology – Molecular/Fundamental)
INFO:__main__:Grant #252 classification DONE			Integrating early neuromonitoring biomarkers to better define eligibility for therapeutic hypothermia after perinatal hypoxia-ischemia
INFO:__main__:Grant #253 classification DONE			Metasurface and Metamaterial-Inspired Devices for 5G, IoT, Sensing and Space Applications
INFO:__main__:Grant #254 classification DONE			Cross-frequency coupling and machine learning for electrophysiological signal analysis
INFO:__main__:Grant #255 classification DONE			Uncovering a New Cytotoxic Mechanism of Natural Killer Cells (Genes, Cells and Molecules)
INFO:__main__:Grant #256 classification DONE			Actualisation de la formation sur les pratiques d'affiliation dans les Auberges du coeur du Québec
INFO:__main__:Grant #257 classification DONE			Evidence for Impact: The Quebec Experience of Designing Evidence-Based Public Policy Solutions to Reform Home Care
INFO:__main__:Grant #258 classification DONE			Replicative stress as a primary determinant of chemotherapeutic outcome in ovarian cancer
INFO:__main__:Grant #259 classification DONE			Improved representation, impact assessment, and adaptive management of water resource systems under changing natural and anthropogenic conditions (Civil, Industrial and Systems Engineering)
INFO:__main__:Grant #260 classification DONE			Le travail ensemble comme stratégie de réponse aux besoins complexes des jeunes en difficulté : comprendre les processus d'émergence de la collaboration (Education and social work)
INFO:__main__:Grant #261 classification DONE			Interneuronopathies and neurodevelopmental disorders (Genetics)
INFO:__main__:Grant #262 classification DONE			Prevention / treatment of the choroidal neovascularization by kinin receptors antagonists (Pharmacology & Toxicology)
INFO:__main__:Grant #263 classification DONE			Entre vie et mort: images de médiation (Fine Arts, Research-Creation)
INFO:__main__:Grant #264 classification DONE			Identification of microbial factors to modulate immune dysregulation and treat post-COVID-19 syndrome
INFO:__main__:Grant #265 classification DONE			Les effets de la pandémie de COVID-19 sur les conditions de travail et les trajectoires d'emploi des femmes au Québec: recul, maintien ou avancée? (Business, management and related fields)
INFO:__main__:Grant #266 classification DONE			Data-driven Optimization of Transport Systems (Civil, Industrial and Systems Engineering)
INFO:__main__:Grant #267 classification DONE			Le tournant éclectique en architecture à travers les procès-verbaux du Conseil des Bâtiments civils (projet pilote) (Fine Arts, Research-Creation)
INFO:__main__:Grant #268 classification DONE			Évolution de l'organisation du travail des directions d'établissements d'enseignement du Québec dans le contexte de la transformation des commissions scolaires en centres de services
INFO:__main__:Grant #269 classification DONE			Integrating interdisciplinary perspectives on circular economy
INFO:__main__:Grant #270 classification DONE			Homeostasis of the respiratory epithelial tissue: regulatory mechanisms by ion channels (Genes, Cells and Molecules)
INFO:__main__:Grant #271 classification DONE			Vascular events in patients undergoing same-day noncardiac surgery (VALIANCE) - a prospective cohort and nested biobank study (Clinical Investigation – Cardiovascular Systems)
INFO:__main__:Grant #272 classification DONE			Mental health Recovery from Youth Right-based Perspectives (Education and social work)
INFO:__main__:Grant #273 classification DONE			Ecosystem functioning in the landscape: a meta-ecosystem perspective (Evolution and Ecology)
INFO:__main__:Grant #274 classification DONE			Multi-Fidelity Zonal Approaches to Multi-Disciplinary Aerodynamic Analysis of Transonic Aircraft
INFO:__main__:Grant #275 classification DONE			Defining the functions and mechanisms of centrosomal RNA localization
INFO:__main__:Grant #276 classification DONE			Collaborative improvement of moral deliberation methods: An exercise in living ethics (Mutidisciplinary or interdisciplinary social sciences)
INFO:__main__:Grant #277 classification DONE			The role of GABA signaling in nervous system formation and homeostasis (Genes, Cells and Molecules)
INFO:__main__:Grant #278 classification DONE			Elimination of senescent endothelial cells to prevent vascular dementia in aging atherosclerotic mice (Biological and Clinical Aspects of Aging)
INFO:__main__:Grant #279 classification DONE			Understanding and treating osteoarthritic pain in pet animals: An approach based on neurogenomics and neuropeptidomics manipulation (Biological Systems and Functions)
INFO:__main__:Grant #280 classification DONE			Optimizing risk averse decisions in data-driven problems
INFO:__main__:Grant #281 classification DONE			Understanding the genesis of the spliced immunopeptidome (Genes, Cells and Molecules)
INFO:__main__:Grant #282 classification DONE			Fundamental drivers of plant spectral diversity (Evolution and Ecology)
INFO:__main__:Grant #283 classification DONE			Systematics, biogeography and evolution of northern floras (Evolution and Ecology)
INFO:__main__:Grant #284 classification DONE			Development of Additive Manufacturing Superalloys with high ?' volume fraction (Materials and Chemical Engineering)
INFO:__main__:Grant #285 classification DONE			Judiciarisation des personnes souffrant de troubles mentaux : une recherche en théorisation ancrée sur la perception des patients judiciarisés et le personnel soignant (Psychosocial, Sociocultural & Behavioural Determinants of Health)
INFO:__main__:Grant #286 classification DONE			Methods of initiation and mitigation of thermal runaway in lithium-ion batteries
INFO:__main__:Grant #287 classification DONE			Automated AI-supported methane plume detection from satellite and aircraft images
INFO:__main__:Grant #288 classification DONE			From domain-specific languages to domain-specific environments (Computer Science)
INFO:__main__:Grant #289 classification DONE			Magnetic Field Characterization and Mapping for Artifact Mitigation in MRI
INFO:__main__:Grant #290 classification DONE			La médiatisation de l'opinion publique au Canada (Political science and public administration)
INFO:__main__:Grant #291 classification DONE			Entrepreneuring as Relational Process: Tracing the Trajectories of Entrepreneurial Projects (Communications, media studies, gender studies, library and information science, related fields)
INFO:__main__:Grant #292 classification DONE			Physiotherapy care in Emergency Departments for Patients with Musculoskeletal Disorders: A Pragmatic Cluster Randomized Controlled Trial and Cost Analysis (Clinical Investigation – Arthritis, Bone, Skin and Cartilage)
INFO:__main__:Grant #293 classification DONE			Le numérique et les études médiévales : enjeux pédagogiques et formation par la recherche
INFO:__main__:Grant #294 classification DONE			High power density motors for aeronautics manufactured by cold spraying
INFO:__main__:Grant #295 classification DONE			Cholesterol metabolism and regulation of the senescence-associated secretory phenotype in retinopathy (Systems & Circuits Neurosciences)
INFO:__main__:Grant #296 classification DONE			Second-order Hessian-free methods for statistical learning and stochastic optimization (Civil, Industrial and Systems Engineering)
INFO:__main__:Grant #297 classification DONE			Ecosystemic thinking: integrating ecosystem assessment to the strategic thinking process
INFO:__main__:Grant #298 classification DONE			Brain-body interactions during bipedalism (Biological Systems and Functions)
INFO:__main__:Grant #299 classification DONE			Multiaxial electro-mechanical tensile tester for stretchable electronics (Materials and Chemical Engineering)
INFO:__main__:Grant #300 classification DONE			Development and Update of Quantitative Pharmacology Concepts and Computational Models for a Better Understanding of Drug Fate and Action (Mathematics and Statistics)
INFO:__main__:Grant #301 classification DONE			Frontières vécues dans les institutions éducatives québécoises. Discours des cégépiennes musulmanes issues de l'immigration à Montréal (Education and social work)
INFO:__main__:Grant #302 classification DONE			Non-invasive 4D thoracic imaging infrastructure to support decision-making in the management of lung diseases in intensive care units (ICU) (Electrical and Computer Engineering)
INFO:__main__:Grant #303 classification DONE			La participation à la société québécoise : exploration de la perception des jeunes issus de l'immigration, de première et de deuxième génération (JIPDG), élèves et étudiants au secondaire et au cegep francophones (Education and social work)
INFO:__main__:Grant #304 classification DONE			Reshaping the urban water management paradigm: towards a new decision-support framework for the sustainable design of hybrid systems
INFO:__main__:Grant #305 classification DONE			L'activité musculaire des pianistes au service de la production sonore et de l'expression musicale (Multidisciplinary or interdisciplinary humanities)
INFO:__main__:Grant #306 classification DONE			Extraction, migration et mise en place de granite-pegmatite orogénique: construire les vecteurs d'exploration de métaux critiques
INFO:__main__:Grant #307 classification DONE			Mon genou pourrait aller mieux
INFO:__main__:Grant #308 classification DONE			Learning sensorimotor maps through curiosity (Biological Systems and Functions)
INFO:__main__:Grant #309 classification DONE			Improving the Quality Assurance of Machine-Learning Software Applications (Computer Science)
INFO:__main__:Grant #310 classification DONE			Mobilizing evidence into the effective treatment of sexual offenders: A feasibility study
INFO:__main__:Grant #311 classification DONE			Simulation of large scale MaaS
INFO:__main__:Grant #312 classification DONE			PRevention of COVID-19 with high dose Oral Vitamin D supplemental Therapy in Essential healthCare Teams (PROTECT)
INFO:__main__:Grant #313 classification DONE			Decrypting nociceptive signaling pathways in Caenorhabditis elegans using behavioral analysis and mass spectrometry-based proteomics (Genes, Cells and Molecules)
INFO:__main__:Grant #314 classification DONE			Suivre les affaires et les auteurs de violence conjugale : vers une meilleure compréhension du cheminement pénal et de la récidive (Law and criminology)
INFO:__main__:Grant #315 classification DONE			Dissection of non-canonical DNA damage response mechanisms controlling the senescence program (Genes, Cells and Molecules)
INFO:__main__:Grant #316 classification DONE			Comment habiter le territoire québécois de façon sobre et résiliente dans un contexte de transition écologique?
INFO:__main__:Grant #317 classification DONE			Deafness Induced Brain Reorganization: a research program to examine how deafness modifies cortical functions and affects compensatory vision and auditory performance following cochlear implantation (Behavioural Sciences – Behavioural Studies, Neuroscience and Cognition)
INFO:__main__:Grant #318 classification DONE			Multiscale modeling of multiphase flows in chemical engineering processes (Materials and Chemical Engineering)
INFO:__main__:Grant #319 classification DONE			Soutien à la mobilisation des milieux scolaires pour la mise en oeuvre de mesures intégrées et structurées favorisant la socialisation des élèves, leur bien-être psychologique, ainsi que la prévention de la violence
INFO:__main__:Grant #320 classification DONE			La Trajectoire du mouvement debussyste (1895-1923) : Style, réception, implantation institutionnelle (Fine Arts, Research-Creation)
INFO:__main__:Grant #321 classification DONE			High-order Geometry, Mesh and Adaptivity for Fluid-Structure Interaction Simulations (Mechanical Engineering)
INFO:__main__:Grant #322 classification DONE			Computational analysis and modeling of ribonucleic acid structure, function, and dynamics (Genes, Cells and Molecules)
INFO:__main__:Grant #323 classification DONE			Stratégies d'épargne transfusionnelle et de prévention de la pénurie de produits sanguins labiles : de l'utilisation clinique appropriée à l'élargissement du pool de donneurs
INFO:__main__:Grant #324 classification DONE			Relaxation, friction interne et ondes gravitationnelles (Physics)
INFO:__main__:Grant #325 classification DONE			Penser la citoyenneté vécue des femmes dans les pratiques participatives du care au quotidien en Amérique latine : Le cas des cuisines communautaires de la ville de Mexico (Political science and public administration)
INFO:__main__:Grant #326 classification DONE			Statistical analysis of microbiome longitudinal data with multiplex networks (Evolution and Ecology)
INFO:__main__:Grant #327 classification DONE			Reaction mechanisms of catalytic reactions using earth-abundant metals (Chemistry)
INFO:__main__:Grant #328 classification DONE			Investigation of a novel tumor suppressor mechanism in medulloblastoma
INFO:__main__:Grant #329 classification DONE			Autonomous security for complex systems (Computer Science)
INFO:__main__:Grant #330 classification DONE			Résonance et altération audiovisuelles: pour une pensée sonore de la vidéo et du cinéma expérimental (Fine arts, research-creation)
INFO:__main__:Grant #331 classification DONE			Concentration of measure on quantum states (Computer Science)
INFO:__main__:Grant #332 classification DONE			The use of facial information from developmental prosopagnosics to super-recognizers (Biological Systems and Functions)
INFO:__main__:Grant #333 classification DONE			Raman spectroscopy platform integrating highly sensitive photonic devices, nanostructured surfaces and machine learning for on-site detection of multiple diseases
INFO:__main__:Grant #334 classification DONE			Capillary stalling and hypoxic micropockets: two sides of the same phenomena? (Cardiovascular System – Vascular System)
INFO:__main__:Grant #335 classification DONE			Crime sans châtiment : compétences et réussite criminelle (Law and criminology)
INFO:__main__:Grant #336 classification DONE			Crop rhizosphere response to environmental stress (Biological Systems and Functions)
INFO:__main__:Grant #337 classification DONE			Towards remission and full recovery from obsessive-compulsive disorder: Investigating the efficacy of Inference-Based Cognitive-Behavioral Therapy when standard treatment has failed
INFO:__main__:Grant #338 classification DONE			Soft coral flexibility: its impact on hydrodynamic loads, feeding and a way to measure flow velocity
INFO:__main__:Grant #339 classification DONE			Sexual selection and the evolution of cognition (Evolution and Ecology)
INFO:__main__:Grant #340 classification DONE			Characterization of lincRNA-miRNA networks (Genes, Cells and Molecules)
INFO:__main__:Grant #341 classification DONE			Rétroaction corrective écrite : à quel moment et pour qui? (Education and social work)
INFO:__main__:Grant #342 classification DONE			EDITH: Efficient Design for Intelligent devices exploiting emerging TecHnologies (Electrical and Computer Engineering)
INFO:__main__:Grant #343 classification DONE			When Pain Drives you N. U. T. S.: A mixed methods approach to investigating triggers of the stress response and multidimensional pain outcomes in a sample of individuals suffering from chronic low back pain (Psychosocial, Sociocultural & Behavioural Determinants of Health)
INFO:__main__:Grant #344 classification DONE			Preclinical development of highly potent and orally bioavailable PCSK9 inhibitors for patients at high cardiovascular risk
INFO:__main__:Grant #345 classification DONE			Targeting 14-3-3zeta to promote human pancreatic beta-cell proliferation (Diabetes, Obesity, Lipid & Lipoprotein Disorders)
INFO:__main__:Grant #346 classification DONE			Colloque scientifique annuel de l'Équipe de recherche interdisciplinaire sur les familles réfugiées et demandeuses d'asile
INFO:__main__:Grant #347 classification DONE			Machine Learning in the Presence of Model-Dependent Data (Computer Science)
INFO:__main__:Grant #348 classification DONE			Sustainable mobility in Canadian cities: Towards an integrated measurement and understanding of the performance of land use and transport systems and their impacts on travel behavior (Civil, Industrial and Systems Engineering)
INFO:__main__:Grant #349 classification DONE			L'enseignement de l'écriture par les enseignants de littérature et de philosophie du collégial (Education and social work)
INFO:__main__:Grant #350 classification DONE			Investigating the metabolic determinants of triple-negative breast cancer progression through chromatin dependencies (Cancer Progression & Therapeutics)
INFO:__main__:Grant #351 classification DONE			Modélisation et mesure des risques financiers (Mathematics and Statistics)
INFO:__main__:Grant #352 classification DONE			Ecological and evolutionary drivers of host-symbiont associations in the phyllosphere (Evolution and Ecology)
INFO:__main__:Grant #353 classification DONE			Comment nourrir en santé toujours plus d'humains sans épuiser les ressources terrestres dans un contexte de changements climatiques ?
INFO:__main__:Grant #354 classification DONE			Applications of machine learning in finance and economics
INFO:__main__:Grant #355 classification DONE			Dynamic Games: Theory, Algorithms and Applications (Civil, Industrial and Systems Engineering)
INFO:__main__:Grant #356 classification DONE			In-vitro Oral, Inhalation, and Dermal Bioaccessibility and Bioavailability of Metal(loid)s from Polluted Soils and Mine Tailings
INFO:__main__:Grant #357 classification DONE			Electrochemical biosensors for point-of-care diagnostics (Materials and Chemical Engineering)
INFO:__main__:Grant #358 classification DONE			Look Up!: The Media Logics of Aerial Communication (Communications, media studies, gender studies, library and information science, related fields)
INFO:__main__:Grant #359 classification DONE			Expectation Formation, Excess Currency Returns, and Foreign Exchange Interventions
INFO:__main__:Grant #360 classification DONE			Études génétiques et moléculaires de la fonction des Polycomb dans la formation et le maintien de la stabilité de l'hétérochromatine (Genes, Cells and Molecules)
INFO:__main__:Grant #361 classification DONE			Bringing the quantum revolution to fruition (Computer Science)
INFO:__main__:Grant #362 classification DONE			Apprentissage automatique et optimisation pour les graphes et réseaux (Civil, Industrial and Systems Engineering)
INFO:__main__:Grant #363 classification DONE			Thanatographies: (re)penser la mort en littérature
INFO:__main__:Grant #364 classification DONE			Mechanisms of assembly and function of the septin cytoskeleton in Drosophila (Genes, Cells and Molecules)
INFO:__main__:Grant #365 classification DONE			Propagating Marginal Probability Mass Functions in Constraint Programming Solvers: Challenges and Opportunities
INFO:__main__:Grant #366 classification DONE			Magnetic resonance navigation of drug eluting beads for liver cancer therapy: in-vitro optimization and preclinical safety efficacy study (Medical Physics & Imaging)
INFO:__main__:Grant #367 classification DONE			Robotic Perception in Extreme Environments (Electrical and Computer Engineering)
INFO:__main__:Grant #368 classification DONE			Modular and Lifelong Learning for Developing General Purpose Robotic Agents (Computer Science)
INFO:__main__:Grant #369 classification DONE			Algorithmic Fairness in Black-box Machine Learning Models (Computer Science)
INFO:__main__:Grant #370 classification DONE			Sex- and hormone-dependent recruitment of inhibitory neurons in rodent sensory cortex (Genes, Cells and Molecules)
INFO:__main__:Grant #371 classification DONE			Investigating the Adamts19-dependent mechanisms that regulate valve maturation (Developmental Biology)
INFO:__main__:Grant #372 classification DONE			Social Innovation Processes in and around Multinational Companies: The Role of Social Activists and their Transnational Networks (Social Innovation)
INFO:__main__:Grant #373 classification DONE			Regulation of collective cell migration by the kinase Misshapen (Cell and Developmental Physiology)
INFO:__main__:Grant #374 classification DONE			COHESION Study 2.0: COvid-19, HEalth and Social InteractiOn in Neighbourhoods
INFO:__main__:Grant #375 classification DONE			Breaking silos: Integrating software development and operations activities in organizations
INFO:__main__:Grant #376 classification DONE			Differential impact of stress on risk-taking behaviour in individuals using hippocampus versus caudate nucleus-dependent virtual navigation strategies (Biological Systems and Functions)
INFO:__main__:Grant #377 classification DONE			Gas phase activation of monosaccharides and 5-hydroxymethylfurfural to 2,5 diformylfuran a PEF monomer (Materials and Chemical Engineering)
INFO:__main__:Grant #378 classification DONE			Critical Edition, Translation and Study of Isaac ibn Latif's Commentary on Ecclesiastes (ca. 1240) (Philosophy, medieval studies, classics, religious)
INFO:__main__:Grant #379 classification DONE			Sound Art Documentation : Spatial Audio and Significant Knowledge (Communications, media studies, gender studies, library and information science, related fields)
INFO:__main__:Grant #380 classification DONE			Inter-Brain Synchronization: from Measurements to Mechanisms (Biological Systems and Functions)
INFO:__main__:Grant #381 classification DONE			Endothelial cell genetics and blood pressure regulation (Genetics)
INFO:__main__:Grant #382 classification DONE			ImproviNg rEnal outcomes following coronary angiograPhy and/or percuTaneoUs coroNary intErventions: a pragmatic, adaptive, patient-oriented randomized controlled trial
INFO:__main__:Grant #383 classification DONE			Machine Learning with Tensor Networks (Computer Science)
INFO:__main__:Grant #384 classification DONE			Elucidation of novel intracellular signaling mechanisms underlying uterine function and disease in cows (Biological Systems and Functions)
INFO:__main__:Grant #385 classification DONE			Data extraction from videos for the analysis of behaviors in urban scenes (Computer Science)
INFO:__main__:Grant #386 classification DONE			Inflammatory phenotype, senescence, and viscoelasticity imaging of macrophages in HIV (Medical Physics & Imaging)
INFO:__main__:Grant #387 classification DONE			Optimization algorithms for rich vehicle routing problems
INFO:__main__:Grant #388 classification DONE			Investigating the Innovation Process in Long-Term Care Facilities: A Research Project on the Adoption, Implementation and Assimilation of Health IT
INFO:__main__:Grant #389 classification DONE			KBTBD4 determines key epigenetic marks that govern human hematopoietic stem cell self-renewal (Genetics)
INFO:__main__:Grant #390 classification DONE			Representation learning and exploration of data geometries (Computer Science)
INFO:__main__:Grant #391 classification DONE			Vitamin K1 supplementation to improve cognition of patients with coronary heart disease: a randomized controlled pilot study
INFO:__main__:Grant #392 classification DONE			Simulation of physical processes with Monte Carlo methods in the keV and MeV energy range (Physics)
INFO:__main__:Grant #393 classification DONE			Characterizing and targeting lipocalin-type prostaglandin D2 synthase in osteoarthritis (Clinical Investigation – Arthritis, Bone, Skin and Cartilage)
INFO:__main__:Grant #394 classification DONE			3D Bioprinting of Cardiac Tissues (Materials and Chemical Engineering)
INFO:__main__:Grant #395 classification DONE			Fiscal Policy Spillovers and Inter-Sectoral Linkages: Theory and Evidence
INFO:__main__:Grant #396 classification DONE			Advanced Distributed Decision-making framework for Smart grid aggregators (Electrical and Computer Engineering)
INFO:__main__:Grant #397 classification DONE			Constitutional Legacies of the Judicial Committee of the Privy Council (Law and criminology)
INFO:__main__:Grant #398 classification DONE			Developing frameworks for climate positive design: Case Study of extraction and processing industries in Nova Scotia and Quebec (Geography, urban planning and related fields)
INFO:__main__:Grant #399 classification DONE			Re-Imagining Illness: The British Woman Writer's Medical Knowledge, 1660-1820 (Literature)
INFO:__main__:Grant #400 classification DONE			Regulation of thymic selection thresholds and their role in establishing T cell function (Immunology & Transplantation)
INFO:__main__:Grant #401 classification DONE			Viral Conjunctures: Pandemics and Planetary Health Narratives (Literature)
INFO:__main__:Grant #402 classification DONE			Companies and States: The Compagnie des Indes occidentales and the Reconfiguration of Authority in the French Atlantic, 1664-1674 (History)
INFO:__main__:Grant #403 classification DONE			Produits sanguins provenant de don de sang d'hommes ayant des relations sexuelles avec d'autres hommes (Étude PS-HARSAH) (Public, Community & Population Health)
INFO:__main__:Grant #404 classification DONE			Manipulating cytokine pathways to increase T cell stemness during chronic antigen exposure (Immunology & Transplantation)
INFO:__main__:Grant #405 classification DONE			Sexual dimorphism and menopause in the interaction between immune cells and neurovascular coupling (Cardiovascular System – Vascular System)
INFO:__main__:Grant #406 classification DONE			Novel Synthetic Methodologies Exploiting Nitrogen-Containing Molecules (Chemistry)
INFO:__main__:Grant #407 classification DONE			Towards Systematic and Cost-Effective Monitoring of Large-Scale Software Systems (Computer Science)
INFO:__main__:Grant #408 classification DONE			From examples to knowledge to software engineering support and automation (Computer Science)
INFO:__main__:Grant #409 classification DONE			B cell intrinsic mechanisms of the germinal centre reaction (Immunology & Transplantation)
INFO:__main__:Grant #410 classification DONE			Modifications of newly synthesized histones and the cellular response to DNA replication stress (Genes, Cells and Molecules)
INFO:__main__:Grant #411 classification DONE			Innovative Compressor/Fan Technologies for Reduction of Fossil Fuel Consumption
INFO:__main__:Grant #412 classification DONE			Exploring ancestry in Montréal's Notre-Dame Cemetery (1691-1797), using 3D morphometrics and ancient DNA (Multidisciplinary or interdisciplinary humanities)
INFO:__main__:Grant #413 classification DONE			Individual differences in natural scene semantics investigated with machine learning and neuroimaging (Biological Systems and Functions)
INFO:__main__:Grant #414 classification DONE			The Climate Crisis and the Future of Work
INFO:__main__:Grant #415 classification DONE			Grid Transition: New Generation Methodologies and Tools for Reliable Protection
INFO:__main__:Grant #416 classification DONE			Art-thérapie et réadaptation: une perspective transdisciplinaire
INFO:__main__:Grant #417 classification DONE			Optimization and game dynamics in machine learning (Computer Science)
INFO:__main__:Grant #418 classification DONE			Développement et validation d'un outil sur le climat de genre tel que perçu par les élèves des écoles secondaires (Education and social work)
INFO:__main__:Grant #419 classification DONE			CMV Dynamics and Transmission in Pregnancy: Comparison Between Women Living with and without HIV (Clinical Investigation – Reproduction, Maternal, Child and Youth Health)
INFO:__main__:Grant #420 classification DONE			Solidarité et entraide dans le contexte de l'autisme et du vieillissement
INFO:__main__:Grant #421 classification DONE			Children with sexual behaviour problems: Do specialized services influence their trajectory within child protection services? (Psychology)
INFO:__main__:Grant #422 classification DONE			Évaluer les pratiques préventives du Centre de prévention et d'intervention pour victimes d'agression sexuelle (CPIVAS) : projet pilote pour le programme de prévention « Clique sur toi! -- primaire »
INFO:__main__:Grant #423 classification DONE			Understanding what they want and what works: social support and well-being among men experiencing cancer (Multidisciplinary or interdisciplinary social sciences)
INFO:__main__:Grant #424 classification DONE			The Burden of Harsh Parenting on Socioemotional and Behavioral Problems: the Role of Chronic Cortisol secretion in the Preschool Years (Social & Developmental Aspects of Children's & Youth's Health)
INFO:__main__:Grant #425 classification DONE			From amusia to dyslexia: the role of feedback (Biological Systems and Functions)
INFO:__main__:Grant #426 classification DONE			Raconter-Cartographier. La scénarisation transmédiale (Fine Arts, Research-Creation)
INFO:__main__:Grant #427 classification DONE			Stratégies d'actions de communication innovantes visant une sensibilisation résiliente de la population face aux risques liés aux inondations
INFO:__main__:Grant #428 classification DONE			Chez soi jusqu'à la fin? Entre désirs et possibilités de mourir à domicile (Sociology, demography and related fields)
INFO:__main__:Grant #429 classification DONE			A combined in vivo/ex vivo experimental platform for the thorough 3D investigation of bone fatigue related microdamage (Mechanical Engineering)
INFO:__main__:Grant #430 classification DONE			Élaboration et mise à l'essai d'un dispositif d'accompagnement avec, par et pour des conseillers pédagogiques: soutenir le développement professionnel continu des enseignants débutants au regard de l'articulation croyances-pratiques (Education and social work)
INFO:__main__:Grant #431 classification DONE			Environmental Footprint of Mutual Funds and Pension Plans
INFO:__main__:Grant #432 classification DONE			An Ecology of Wood Cultures in Canada (2003-2020): comparing constructive cultures through awarded architectural designs
INFO:__main__:Grant #433 classification DONE			Improving allocation and supporting clinical decision-making for deceased donor kidney offers
INFO:__main__:Grant #434 classification DONE			The many facets of black hole feedback in galaxies (Physics)
INFO:__main__:Grant #435 classification DONE			Tics et syndrome de la Tourette: Bilan et Défis! Avancées des connaissances et discussion des enjeux liés à l'intervention
INFO:__main__:Grant #436 classification DONE			Targeting the SMARCD1-E2A-p53 Molecular Axis in B-Cell Lymphoma (Molecular & Cellular Biology of Cancer)
INFO:__main__:Grant #437 classification DONE			The biogeochemical heterogeneity of peatlands (Geosciences)
INFO:__main__:Grant #438 classification DONE			The role of referral networks on job outcomes (Economics)
INFO:__main__:Grant #439 classification DONE			Investigating neuroprotective strategies in genetic models of neurodegeneration
INFO:__main__:Grant #440 classification DONE			Plant diversity and ecosystem services in wetlands (Evolution and Ecology)
INFO:__main__:Grant #441 classification DONE			How do pioneer factor open chromatin?
INFO:__main__:Grant #442 classification DONE			Integrative physiology of ovarian follicular development and ovulation (Biological Systems and Functions)
INFO:__main__:Grant #443 classification DONE			Intracellular transport of proteins containing di-arginine endoplasmic reticulum-retention motifs (Genes, Cells and Molecules)
INFO:__main__:Grant #444 classification DONE			Plastic Waste Upgrading by Coupling Microwave Heating with Catalytic Pyrolysis (Materials and Chemical Engineering)
INFO:__main__:Grant #445 classification DONE			Controlling Molecular Organization in Materials (Chemistry)
INFO:__main__:Grant #446 classification DONE			Développement de méthodes d'apprentissage automatique pour la détection d'anomalies à l'échelle d'un ensemble de barrages
INFO:__main__:Grant #447 classification DONE			Investigation of the heterogeneity of mitochondrial dysfunction in idiopathic Parkinson's disease using induced neurons derived from patients (Molecular & Cellular Neurosciences)
INFO:__main__:Grant #448 classification DONE			The amyloid precursor protein intracellular domain is an effector molecule of metaplasticity - implications for the regulation of synaptic plasticity in Alzheimer disease (Molecular & Cellular Neurosciences)
INFO:__main__:Grant #449 classification DONE			Regulation of neutrophil antimicrobial defense through the pleiotropic receptor FPR2/ALX (Genes, Cells and Molecules)
INFO:__main__:Grant #450 classification DONE			The neural mechanisms underlying the promotion of motor learning by acute exercise (Biological Systems and Functions)
INFO:__main__:Grant #451 classification DONE			Scalable, versatile surface engineering through photo-initiated chemical vapour deposition (Materials and Chemical Engineering)
INFO:__main__:Grant #452 classification DONE			Regulation of cytokinesis by the novel and conserved flavin-dependent monooxygenase enzymes OSGN-1/OSGIN (Cell Biology - Molecular/Fundamental)
INFO:__main__:Grant #453 classification DONE			Enabling monitoring of ultra-processed food consumption among Canadians: Development and validation of a screener (Nutrition, Food & Health)
INFO:__main__:Grant #454 classification DONE			Les cognitions sociales implicites et les tendances comportementales associées aux émotions hostiles (Psychology)
INFO:__main__:Grant #455 classification DONE			Heidegger et Gadamer. Correspondance et bilan (Philosophy)
INFO:__main__:Grant #456 classification DONE			Generic AC-DC load-flow solution method with controllable AC-DC converters (Electrical and Computer Engineering)
INFO:__main__:Grant #457 classification DONE			Étude sur l'apport de l'expérience de l'émotion de la tristesse vécue et exprimée par des enfants endeuillés face à la réalité du processus de deuil tel que vécu au Québec (Education and social work)
INFO:__main__:Grant #458 classification DONE			Intelligent video surveillance to detect mobility problems of older adults at home: from fall detection to fall prevention (Electrical and Computer Engineering)
INFO:__main__:Grant #459 classification DONE			Dynamic Ultrasound Localization Pulsatility Imaging (Medical Physics & Imaging)
INFO:__main__:Grant #460 classification DONE			Metabolic control of plant non-photosynthetic metabolism (Biological Systems and Functions)
INFO:__main__:Grant #461 classification DONE			COLCOT-T2D : Colchicine for Primary Prevention of Cardiovascular Events in Patients with Type 2 Diabetes
INFO:__main__:Grant #462 classification DONE			Major Resource Support at the Université de Montréal for Canada's Subatomic Physics Program
INFO:__main__:Grant #463 classification DONE			Plateforme d'imagerie macroscopique ultra sensible pour l'étude des neurotransmetteurs et des neuromodulateurs in vivo (Biological Systems and Functions)
INFO:__main__:Grant #464 classification DONE			Algorithmes de calcul de dose basé sur des modèles pour des applications avancées en physique médicale (Physics)
INFO:__main__:Grant #465 classification DONE			Logistics and transportation (Civil, Industrial and Systems Engineering)
INFO:__main__:Grant #466 classification DONE			Systematic mapping of the global ARF network interactome by BioID coupled to functional studies to reveal novel biological functions (Cell Biology – Molecular/Fundamental)
INFO:__main__:Grant #467 classification DONE			Measuring Partisan Conflicts on Social Media (Political science and public administration)
INFO:__main__:Grant #468 classification DONE			The emergence of problem clarity in teams and its influence innovation project success
INFO:__main__:Grant #469 classification DONE			The release of carbon and pollutants from eastern canadian watersheds in response to atmospheric deposition and climate change
INFO:__main__:Grant #470 classification DONE			Récepteur radiofréquence pour système de caractérisation d'antennes en micro-ondes et ondes millimétriques (Electrical and Computer Engineering)
INFO:__main__:Grant #471 classification DONE			Advanced Simulation Tools for the Design and Operation of Circular Economy Strategies
INFO:__main__:Grant #472 classification DONE			Révélations daoustiennes : nouvelles perspectives sur le théâtre francophone du Québec 1895-1940 (Fine Arts, Research-Creation)
INFO:__main__:Grant #473 classification DONE			Dormir sans pression: un concept intégrateur pour les patients tétraplégiques et les aidants pour minimiser les plaies de pression, améliorer le sommeil et favoriser la résilience face à la lésion de la moelle épinière
INFO:__main__:Grant #474 classification DONE			Assessment of mechanical and durability performances of NSC to self-healing FRC structural components under combined mechanical and environemental loadings (Civil, Industrial and Systems Engineering)
INFO:__main__:Grant #475 classification DONE			eNOS regulates endothelial cell polarity and angiogenic sprouting in vascular pathologies (Cardiovascular System – Vascular System)
INFO:__main__:Grant #476 classification DONE			Comparative Effectiveness of Repetitive Versus Deep Transcranial Magnetic Stimulation for Major Depression: A Randomized Controlled Trial
INFO:__main__:Grant #477 classification DONE			Planning and developing Canadian intersectoral partnerships and knowledge sharing for sustainable LD risk mitigation in peri-domestic high-risk areas
INFO:__main__:Grant #478 classification DONE			Du réseau de neurones au circuit logique et réciproquement : le meilleur des deux mondes (Electrical and Computer Engineering)
INFO:__main__:Grant #479 classification DONE			Faire du virtuel une réalité : l'exploration de l'utilité d'agents virtuels autonomes en contexte de formation à l'évaluation des jeunes contrevenants (Psychology)
INFO:__main__:Grant #480 classification DONE			Global Corporate Minimum Tax in Canada? Politics, Policy and Practice
INFO:__main__:Grant #481 classification DONE			Briser les silos de recherche : pour l'amélioration des interactions entre les milieux universitaire et professionnel en sciences de l'information
INFO:__main__:Grant #482 classification DONE			Simulation numérique des écoulements multi-composants à trois phases par l'approche de Boltzmann sur réseau
INFO:__main__:Grant #483 classification DONE			Developing an initial understanding of the factors involved in psychological readiness to return to sport following a concussion (Psychology, linguistics and translation)
INFO:__main__:Grant #484 classification DONE			Roles for mitochondrial adaptation in fatty liver disease and associated liver cancer (Cell Biology – Disease)
INFO:__main__:Grant #485 classification DONE			Lagrangian analyzes of complex and turbulent flows for advanced flow diagnostics (Mechanical Engineering)
INFO:__main__:Grant #486 classification DONE			Energy and spectrum opportunistic relaying for sustainable wireless networks
INFO:__main__:Grant #487 classification DONE			Plasmonic optophysiology (Chemistry)
INFO:__main__:Grant #488 classification DONE			A statistical perspective for some challenges in data science
INFO:__main__:Grant #489 classification DONE			Structural and functional characterization of protein-metal interactions (Genes, Cells and Molecules)
INFO:__main__:Grant #490 classification DONE			To study the pathogenesis and its underlying mechanisms of an abnormally large Pol II pool size caused by a defective novel ARMC5-containing POLR2A-specific ubiquitin ligase
INFO:__main__:Grant #491 classification DONE			Perspectives compositionnelles sur la sémiotique musicale, à partir de l'intégration théorique et pratique de la sémiotique deleuzienne du cinéma (Fine arts, research-creation)
INFO:__main__:Grant #492 classification DONE			Regulation of germinal center B cell function during antibody responses (Immunology & Transplantation)
INFO:__main__:Grant #493 classification DONE			Victims, Law and Justice: A Partnership approach to Transformative Justice
INFO:__main__:Grant #494 classification DONE			Dynamic scene processing in humans (Biological Systems and Functions)
INFO:__main__:Grant #495 classification DONE			Planning for mercury-related vision rehabilitation services for Grassy Narrows First Nation community
INFO:__main__:Grant #496 classification DONE			L'intégration des PFÉ dans les stages d'actualisation et de requalification de l'Université de Montréal
INFO:__main__:Grant #497 classification DONE			Cartographie des sensibilités queer dans la culture audiovisuelle populaire (Communications, media studies, gender studies, library and information science, related fields)
INFO:__main__:Grant #498 classification DONE			De l'innovation à la nouvelle conformité : les usages complexes des smart drugs (Sociology, demography and related fields)
INFO:__main__:Grant #499 classification DONE			Favoriser la participation sociale des aînés présentant des problèmes de mobilité : partenariat pour le codéveloppement d'un service innovant offert en contexte communautaire
INFO:__main__:Grant #500 classification DONE			Chemosensation in Parkinson's disease: Trigeminal sensitivity as a potential marker (Behavioural Sciences)
INFO:__main__:Grant #501 classification DONE			Nuclear Factor Erythroid 2-Related Factor 2 (NRF2) and Regulation of Sodium-Glucose Co-Transporter 2 (SGLT2) Expression in Type 2 Diabetes (Diabetes, Obesity, Lipid & Lipoprotein Disorders)
INFO:__main__:Grant #502 classification DONE			Identifying and functionally validating IBD genes and variants impacting intestinal epithelial barrier integrity (Genetics)
INFO:__main__:Grant #503 classification DONE			Structural and functional characterization of type IV secretion system pili (Biochemistry & Molecular Biology)
INFO:__main__:Grant #504 classification DONE			Targeting the extracellular adenosine pathway in pancreatic and liver cancers
INFO:__main__:Grant #505 classification DONE			The impact of amyloid-induced neurodegeneration on sleep features and memory processes (Biological and Clinical Aspects of Aging)
INFO:__main__:Grant #506 classification DONE			Disentangling the Kinematics of the Solar Neighborhood to Calibrate the Ages of Stars and Exoplanets (Physics)
INFO:__main__:Grant #507 classification DONE			Towards a Transcultural History and Theory of Heterophony (Fine Arts, Research-Creation)
INFO:__main__:Grant #508 classification DONE			What Do Deep Learning Systems Understand? (Philosophy, medieval studies, classics, religious)
INFO:__main__:Grant #509 classification DONE			Improving endurance performance using maple syrup
INFO:__main__:Grant #510 classification DONE			Multi-Omic Primate Adaptation to Local Environments (Evolution and Ecology)
INFO:__main__:Grant #511 classification DONE			The Role of the State for Long-run Economic Development in Europe (Economics)
INFO:__main__:Grant #512 classification DONE			Éditions critiques numériques et multilinguisme
INFO:__main__:Grant #513 classification DONE			Metabolic control of vascular regeneration in retinopathy of prematurity (Clinical Investigation – Reproduction, Maternal, Child and Youth Health)
INFO:__main__:Grant #514 classification DONE			Mechanics and dynamics of mineral dust production within cold climates (Geosciences)
INFO:__main__:Grant #515 classification DONE			Biosecurity in Canadian dairy farms: Unraveling the epidemiology of bovine infectious diseases and refining diagnostic strategies to improve their detection, prevention and control (Biological Systems and Functions)
INFO:__main__:Grant #516 classification DONE			Mobilité urbaine et ressources langagières à Santiago du Chili (Linguistics and translation)
INFO:__main__:Grant #517 classification DONE			Pays perdus, terres promises : deux imaginaires du territoire de l'Antiquité à nos jours
INFO:__main__:Grant #518 classification DONE			Supraionic engineering of liquid electrolytes for electrochemistry and ionometallurgy
INFO:__main__:Grant #519 classification DONE			Pricing and Profitability in Non-Life Insurance
INFO:__main__:Grant #520 classification DONE			Regulation of glycolysis in T cell metabolic reprogramming (Genes, Cells and Molecules)
INFO:__main__:Grant #521 classification DONE			After-images and urban spaces: lesbian, gay and queer visible presence in Montreal (1950-1990) (Communications, media studies, gender studies, library and information science, related fields)
INFO:__main__:Grant #522 classification DONE			Heterochromatin Protein 1 (HP1) in maternal infertility and embryonic development (Genes, Cells and Molecules)
INFO:__main__:Grant #523 classification DONE			Chronic non-cancer pain, substance use, and related harms: Towards an optimal treatment pathway for people who inject drugs in the context of the opioid crisis (Behavioural Sciences – Clinical Behavioural Sciences)
INFO:__main__:Grant #524 classification DONE			Simulation stochastique à haute résolution spatiale pour les études des risques d'inondation en milieu urbain
INFO:__main__:Grant #525 classification DONE			Innovative mobile health treatment modality to treat sleep difficulties in healthcare workers working on atypical work schedules
INFO:__main__:Grant #526 classification DONE			Interpretable Machine Learning Approaches Applied to Omics Datasets (Genes, Cells and Molecules)
INFO:__main__:Grant #527 classification DONE			Prevention and treatment of preeclampsia using exercise training and Angiotensin-(1-7): determining the mechanisms and clinical potential (Cardiovascular System – Heart and Circulation)
INFO:__main__:Grant #528 classification DONE			Connecting MRI physics and artificial intelligence to advance novel acquisition and analyses technologies for neuroimaging applications (Physics)
INFO:__main__:Grant #529 classification DONE			The Paperology Symposium
INFO:__main__:Grant #530 classification DONE			Mechanisms affecting follicular development and ovulation in the Bovine model
INFO:__main__:Grant #531 classification DONE			Measuring and modeling large-scale electrophysiological brain dynamics: From neural mechanisms to cognitive processes (Biological Systems and Functions)
INFO:__main__:Grant #532 classification DONE			Apprentissage des jeunes adultes touchés par un cancer du sang : création de solutions à l'aide du co-design
INFO:__main__:Grant #533 classification DONE			Mentalisation parentale non verbale sous la loupe : Valeur ajoutée à la relation parent-enfant et complémentarité avec la mentalisation parentale verbale (Psychology, linguistics and translation)
INFO:__main__:Grant #534 classification DONE			A multifactorial and integrative approach to investigate spoken discourse in Canadian French (Mutidisciplinary or interdisciplinary social sciences)
INFO:__main__:Grant #535 classification DONE			Opening the blackbox on the relation between participation in hackathons and the development of longer-term collaborative capabilities
INFO:__main__:Grant #536 classification DONE			A multi-country comparison of COVID-19 response: Planning, implementation, and health system resilience (Canadian 2019 Novel Coronavirus (2019-nCoV) Rapid Research)
INFO:__main__:Grant #537 classification DONE			Participatory Democracy and the Canadian Genetic Non-Discrimination Act (Multidisciplinary or interdisciplinary humanities)
INFO:__main__:Grant #538 classification DONE			Levelling the Playing Fields: Creating the conditions for free-play to emerge in cities (Public, Community & Population Health)
INFO:__main__:Grant #539 classification DONE			Using prospective and observational designs to study support processes and sexual well-being in long-term couples (Psychology)
INFO:__main__:Grant #540 classification DONE			Molecular dissection of mitotic kinase functions using chemogenomics (Genes, Cells and Molecules)
INFO:__main__:Grant #541 classification DONE			Compassion and Collective Care in Long-Term Care Settings: A Communicative Perspective (Communications, media studies, gender studies, library and information science, related fields)
INFO:__main__:Grant #542 classification DONE			Towards a better understanding of contaminant bioavailability- urgent replacement of photosynthetic incubators (Geosciences)
INFO:__main__:Grant #543 classification DONE			Marking Monastic Space: The Spatial Iconography of Inscribed Capitals, 1080-1160 (Fine arts, research-creation)
INFO:__main__:Grant #544 classification DONE			Dans l'intérêt du patient : la relation thérapeutique au sein de la Collection hippocratique (Philosophy, medieval studies, classics, religious)
INFO:__main__:Grant #545 classification DONE			Advanced methods for depth-based human pose estimation and motion analysis: application to vital signs monitoring in the intensive care unit (Electrical and Computer Engineering)
INFO:__main__:Grant #546 classification DONE			RÉAC ! Réactivité de la prise en charge des nouveaux arrivants face à la pandémie de COVID-19 à Montréal, Sherbrooke et Toronto : une recherche mixte participative (Health Policy & Systems Management Research)
INFO:__main__:Grant #547 classification DONE			Public School Choice and Refugee Assignment: (Dynamic) Minimal Instability for Non-Unit Capacities and for Lotteries and Weak Priorities (Economics)
INFO:__main__:Grant #548 classification DONE			Metabolic and translational dependencies of activated T cells (Genes, Cells and Molecules)
INFO:__main__:Grant #549 classification DONE			Transformer des espaces conventionnels et dysfonctionnels de participation : scénarios pour accroître la participation des citoyens aux comités consultatifs
INFO:__main__:Grant #550 classification DONE			CITE-sequencing analysis revealed immune cell diversity in colonic mesenteric lymph nodes from IBD patients
INFO:__main__:Grant #551 classification DONE			The neglected place of financial information and accountants in Canadian tech startups
INFO:__main__:Grant #552 classification DONE			Reinventing the Rash: A Global History of Measles in the Vaccine Era (History)
INFO:__main__:Grant #553 classification DONE			A New, Data-Driven Era for Precision Cosmology: Measuring the Expansion Rate of the Universe with Machine Learning (Physics)
INFO:__main__:Grant #554 classification DONE			Créer-Entreprendre ! Trajectoires croisées : arts numériques et école nationale de cirque. Une exploration des reconfigurations des projets créatifs et des modèles de valeur post-Covid
INFO:__main__:Grant #555 classification DONE			Factors that control translational fidelity in mammalian cells (Genes, Cells and Molecules)
INFO:__main__:Grant #556 classification DONE			Exploiting the synthetic-lethal vulnerabilities of stem cells and cancer cells with eroded telomeres (Molecular & Cellular Biology of Cancer)
INFO:__main__:Grant #557 classification DONE			Physicochemical characterization of pre-clinical samples of a bacteriophage therapy spray-on patch for the treatment of COVID-19-related pressure injury resistant infections
INFO:__main__:Grant #558 classification DONE			Dumping of waste rocks (WR) in mine stopes being filled with paste backfill (PB): Experimental and numerical investigations on the natural mixing behavior between WR and PB
INFO:__main__:Grant #559 classification DONE			Deep neural network uncertainty estimation for safe integration into autonomous driving autonomy systems
INFO:__main__:Grant #560 classification DONE			Adaptive Mechanical Systems for Physical Embodied Intelligence Robotics
INFO:__main__:Grant #561 classification DONE			Transnational families and midwifery care: Expectations, challenges and practices during pregnancy, childbirth and postpartum (Evolving Narratives of Cultures and Histories)
INFO:__main__:Grant #562 classification DONE			Constructing participatory performance: the ecologies and architectures of audience engagement (Communications, media studies, gender studies, library and information science, related fields)
INFO:__main__:Grant #563 classification DONE			Development and implementation of a standardized methodology aiming to optimize the efficacy and reproducibility of findings using non-invasive brain stimulation techniques in the context of motor training (Biological Systems and Functions)
INFO:__main__:Grant #564 classification DONE			Putting interfaces at work (Materials and Chemical Engineering)
INFO:__main__:Grant #565 classification DONE			Les outils de l'intersectorialité au niveau régional, comment sont-ils produits et comment opèrent-ils? (Political science and public administration)
INFO:__main__:Grant #566 classification DONE			Cell biology and function of dopamine neuron connectivity in health and disease (Molecular & Cellular Neurosciences)
INFO:__main__:Grant #567 classification DONE			Exploiting Graphical Optimization Models to Solve Discrete Decision Problems in Healthcare and Supply Chain Logistics (Civil, Industrial and Systems Engineering)
INFO:__main__:Grant #568 classification DONE			Alliance de recherche et d'action Alternatives inclusives en Santé mentale
INFO:__main__:Grant #569 classification DONE			The development of a quality benchmark that identifies and addresses the determinants of online information reliability to inform information-seeking by a diverse population (Communications, media studies, gender studies, library and information science, related fields)
INFO:__main__:Grant #570 classification DONE			Staufen2 and DNA damage (Genes, Cells and Molecules)
INFO:__main__:Grant #571 classification DONE			Ultra-high-resolution emission and absorption spectroscopy of non-equilibrium and highly-reactive plasmas applied to complex materials processing (Physics)
INFO:__main__:Grant #572 classification DONE			Symmetries: Algebra and Physics
INFO:__main__:Grant #573 classification DONE			Mobilizing Women's Entrepreneurship for empowerment and local economic development
INFO:__main__:Grant #574 classification DONE			Calmodulation of ion channels (Genes, Cells and Molecules)
INFO:__main__:Grant #575 classification DONE			A multidimensional approach to study the biophysics of bioadhesin interaction with advanced nanomaterials
INFO:__main__:Grant #576 classification DONE			Smart nanostructured optical coatings prepared by pulsed plasma-based techniques (Physics)
INFO:__main__:Grant #577 classification DONE			Développement de vêtements de protection chimique intelligents à haute performance de filtration (Materials and Chemical Engineering)
INFO:__main__:Grant #578 classification DONE			Context and Culture: Linguistic Anthropology and the Legacy of Michael Silverstein
INFO:__main__:Grant #579 classification DONE			Ultra-trace laboratory for legacy and emerging contaminants (Geosciences)
INFO:__main__:Grant #580 classification DONE			Improving vulnerable preschoolers' mental health: A superiority trial assessing the How-to Parenting Program
INFO:__main__:Grant #581 classification DONE			Polymeric Nanoparticles for Delivery of Ribonucleic Acids: Overcoming the Endosomal Barrier and Going Beyond the Liver (Materials and Chemical Engineering)
INFO:__main__:Grant #582 classification DONE			Crime in the Decentralized Finance Industry (Law and criminology)
INFO:__main__:Grant #583 classification DONE			Gravitation, quantum mechanics and quantum field theory
INFO:__main__:Grant #584 classification DONE			Improving hedging effectiveness in actuarial and financial applications (Mathematics and Statistics)
INFO:__main__:Grant #585 classification DONE			Closing the Comorbidity Gap for People Living with HIV : a Randomized Controlled Trial of Fostemsavir to Reduce Inflammaging
INFO:__main__:Grant #586 classification DONE			Autonomie des acteurs dans les relations asymétriques: États de facto et leur patron entre l'Europe et la Russie (Political science and public administration)
INFO:__main__:Grant #587 classification DONE			Replacement of the femtosecond laser in the THz spectroscopic microscopy laboratory (Electrical and Computer Engineering)
INFO:__main__:Grant #588 classification DONE			Bringing nutrition to life among vulnerable populations: experiences from Latin America and Canada
INFO:__main__:Grant #589 classification DONE			Long non-coding RNAs in growth factor signaling (Genes, Cells and Molecules)
INFO:__main__:Grant #590 classification DONE			Plan d'action pour la gestion de la douleur chronique du Ministère de la Santé et des Services sociaux du Québec: Évaluation de la mise en œuvre et des impacts des projets initiaux en vue d'une généralisation progressive à l'ensemble du Québec
INFO:__main__:Grant #591 classification DONE			INNOV Phase I: Leverage artificial intelligence to improve Environmental, Social, and Governance (ESG) data
INFO:__main__:Grant #592 classification DONE			Prevention of anastomotic leak in colorectal surgery through microbiome mediation of intestinal healing (Nutrition, Food & Health)
INFO:__main__:Grant #593 classification DONE			Development of a tailored approach to move towards a sustainable circular economy business model in the plastic film sector: the case of Balcan
INFO:__main__:Grant #594 classification DONE			Enseignement de l'histoire et jeux vidéos (Education and social work)
INFO:__main__:Grant #595 classification DONE			Functions of bacterial type IA topoisomerases in the prevention of R-loop-dependent and -independent genomic instability (Genes, Cells and Molecules)
INFO:__main__:Grant #596 classification DONE			High-Performance Dynamic Language Implementation (Computer Science)
INFO:__main__:Grant #597 classification DONE			Methodological improvements for the statistical analysis of neurophysiological data with applications in user experience
INFO:__main__:Grant #598 classification DONE			Glycerol 3-phosphate phosphatase and the glycerol shunt in senescence and healthy aging
INFO:__main__:Grant #599 classification DONE			Regulation of innate antiviral defenses through Interleukin-17 receptor D (IL-17RD) (Virology & Viral Pathogenesis)
INFO:__main__:Grant #600 classification DONE			Biological modeling to bridge in vitro and epidemiological studies: A new approach for animal-free chemical risk assessment
INFO:__main__:Grant #601 classification DONE			IAL (Intelligence Artificielle Littéraire) : expérimentation d'algorithmes d'apprentissage automatique pour définir et identifier les variations dans l'Anthologie grecque (Literature)
INFO:__main__:Grant #602 classification DONE			Studies on the pathogenesis of the infections caused by streptococcus suis (Biological Systems and Functions)
INFO:__main__:Grant #603 classification DONE			Autonomous learning agents for intelligent neurostimulation
INFO:__main__:Grant #604 classification DONE			Hox genes in development and evolution of distal limbs (Developmental Biology)
INFO:__main__:Grant #605 classification DONE			Defence Lawyers and the Relevance of Social Problems in Lower Criminal Courts: A Comparative Analysis (Law and criminology)
INFO:__main__:Grant #606 classification DONE			Les pratiques extrascolaires de littératie d'adolescents ayant une déficience intellectuelle (Education and social work)
INFO:__main__:Grant #607 classification DONE			Brain-Derived Neurotrophic Factor in hemostasis and thrombosis
INFO:__main__:Grant #608 classification DONE			Engagement des bibliothèques publiques et scolaires en faveur du développement des compétences en littératie pour les élèves du troisième cycle du primaire et du secondaire : portrait et stratégie de transfert (Communications, media studies, gender studies, library and information science, related fields)
INFO:__main__:Grant #609 classification DONE			Mieux comprendre les défis et conditions de pratiques des parents d'accueil dans le contexte actuel de professionnalisation de l'accueil familial (Education and social work)
INFO:__main__:Grant #610 classification DONE			A mixed methods study of stakeholders' perspectives on ethical and logistical issues related to advanced living donation in kidney transplantation in Canada, and a proposal for guidelines in a Canadian context (Health Policy & Systems Management Research)
INFO:__main__:Grant #611 classification DONE			To uncover, understand and exploit the estrogen-oncolytic virus crosstalk to improve therapy (Cancer Biology & Therapeutics)
INFO:__main__:Grant #612 classification DONE			Structure and rheology of mixed hydrocolloid gels as model systems for food 3D printing (Materials and Chemical Engineering)
INFO:__main__:Grant #613 classification DONE			« Une bonne relation avec mon chef ! » : anatomie des relations entre gestionnaires et employés en contexte de travail à distance (Business, management and related fields)
INFO:__main__:Grant #614 classification DONE			Priorisation des soins intensifs en contexte extrême de pandémie : 1) modélisation/simulation de différentes stratégies de priorisation de l'accès aux soins intensifs et 2) délibérations démocratiques des parties prenantes sur les valeurs qui sous-tendent les modèles et leurs impacts sanitaires
INFO:__main__:Grant #615 classification DONE			Understanding cyber abuse in context: The interplay of distal and situational correlates of daily cyber abuse in young adult couples (Psychology)
INFO:__main__:Grant #616 classification DONE			Humanitarian Supply Chain Design and Management
INFO:__main__:Grant #617 classification DONE			La transformation sémantique et syntaxique des données de situations professionnelles pour l'apprentissage du raisonnement clinique (Education and social work)
INFO:__main__:Grant #618 classification DONE			Intergenerational transmission of vulnerability to PTSD : When children learn fear from their parent (Social & Developmental Aspects of Children's & Youth's Health)
INFO:__main__:Grant #619 classification DONE			La musique au service du pouvoir, entre propagande et diplomatie : Du Troisième Reich à la fin de la Guerre froide  (Fine Arts, Research-Creation)
INFO:__main__:Grant #620 classification DONE			Mesures de contrôle en santé mentale : un environnement contraignant? (Mutidisciplinary or interdisciplinary social sciences)
INFO:__main__:Grant #621 classification DONE			R3AI: Shifting Paradigms for a Robust, Reasoning, and Responsible Artificial Intelligence and its Adoption - CFREF (CIHR Contribution)
INFO:__main__:Grant #622 classification DONE			À la rencontre des réalités virtuelle et concrète : la place de la scénographie dans la cocréation opératique
INFO:__main__:Grant #623 classification DONE			Parenting dimensions' influence on the psychosocial adaptation of preschoolers with language deficits (Psychology)
INFO:__main__:Grant #624 classification DONE			The structure-function relationships between capsular polysaccharides and the immune system during Streptococcus suis infections (Genes, Cells and Molecules)
INFO:__main__:Grant #625 classification DONE			Études des mécanismes de colonisation de Clostridium perfringens en productions animales (Biological Systems and Functions)
INFO:__main__:Grant #626 classification DONE			Formation interactive en ligne: une solution à la formation des employés dans un contexte de roulement de personnel
INFO:__main__:Grant #627 classification DONE			Mise en ouvre des politiques EDI en enseignement supérieur au Québec : construction de sens et types de réponses aux mesures destinées aux parcours étudiants (Education and social work)
INFO:__main__:Grant #628 classification DONE			Continuum PAROLE-Onco : Vers le développement de compétences en auto-soins pour améliorer l'expérience de la vie après les traitements aigus de cancer du sein
INFO:__main__:Grant #629 classification DONE			CAN-DO (CANnabis research DevelOpment): A cells-to-society research program on cannabis and mental health in younger adults
INFO:__main__:Grant #630 classification DONE			Effets d'une intervention de proximité mère-prématuré et de calme (NeuroN-QI) sur le neurodéveloppement de nouveau-nés prématurés : un essai clinique randomisé
INFO:__main__:Grant #631 classification DONE			Corticospinal mechanisms of locomotor recovery after spinal cord injury (Movement & Exercise)
INFO:__main__:Grant #632 classification DONE			Innover pour enseigner le management : cadres théoriques, mise en oeuvre et mesure d'impact
INFO:__main__:Grant #633 classification DONE			Advances in functional linear regression (Mathematics and Statistics)
INFO:__main__:Grant #634 classification DONE			Modélisation et choix du mode de réalisation dans les projets de construction (Civil, Industrial and Systems Engineering)
INFO:__main__:Grant #635 classification DONE			An in silico platform simulating cell metabolic behavior (Materials and Chemical Engineering)
INFO:__main__:Grant #636 classification DONE			Commande optimale stochastique avec applications en épidémiologie et en fiabilité (Civil, Industrial and Systems Engineering)
INFO:__main__:Grant #637 classification DONE			Reinforcement Learning in Electricity Markets with Storage Technologies
INFO:__main__:Grant #638 classification DONE			Advancing psychobiology of abnormal repetitive behaviours in carnivorous species (Biological Systems and Functions)
INFO:__main__:Grant #639 classification DONE			Du politique dans l'usage des archives filmiques : enjeux contemporains de la production documentaire
INFO:__main__:Grant #640 classification DONE			Neuroinflammation as a biomarker for epilepsy and neuropsychiatric comorbidities among people with tuberous sclerosis complex: a prospective, multicentre study
INFO:__main__:Grant #641 classification DONE			Quels sont les dimensions et savoirs spécifiques à la coordination des services et des soins des personnes ayant des besoins complexes? (Multidisciplinary or interdisciplinary social sciences)
INFO:__main__:Grant #642 classification DONE			Determining spatial arrangement, stoichiometry, and substrate specificity of messenger RNA-binding proteins along the gene expression pathway (Genes, Cells and Molecules)
INFO:__main__:Grant #643 classification DONE			Plateformes et usages : cinéma, télévision, jeu vidéo et création numérique
INFO:__main__:Grant #644 classification DONE			Time to investigate human visual shape perception and recognition (Biological Systems and Functions)
INFO:__main__:Grant #645 classification DONE			The gamification of online stochastic optimization problems
INFO:__main__:Grant #646 classification DONE			Effects of an Open Lung protective protective EXTubation strategy compared to a conventional extubation strategy on postoperative pulmonary complications after general anesthesia as part of a comprehensive lung protective ventilation strategy: a multicenter pilot randomized controlled trial (OLEXT-3 study)
INFO:__main__:Grant #647 classification DONE			Additively manufactured composite parts service properties prediction : an essential step to unleash the full potential of additive manufacturing of composites
INFO:__main__:Grant #648 classification DONE			Transcriptional regulation by long noncoding RNAs (Genes, Cells and Molecules)
INFO:__main__:Grant #649 classification DONE			Outils et méthodes de planification des services d'autopartage
INFO:__main__:Grant #650 classification DONE			Sécurité de l'internet des objets dans les villes intelligentes (Computer Science)
INFO:__main__:Grant #651 classification DONE			Understanding the early pathogenesis of necrotic enteritis in chickens (Biological Systems and Functions)
INFO:__main__:Grant #652 classification DONE			Trajectoire vers la sécurité des femmes en situation de handicap victimes de violence conjugale: une recherche-action intersectorielle en soutien aux droits des femmes
INFO:__main__:Grant #653 classification DONE			Regard des travailleuses sociales sur leur pratique professionnelle d'évaluation psychosociale à la suite de l'entrée en vigueur de la Loi visant à mieux protéger les personnes en situation de vulnérabilité : une étude à devis mixte
INFO:__main__:Grant #654 classification DONE			La police face à la justice : une analyse des systèmes de gestion des déviances policières au Québec (Law and criminology)
INFO:__main__:Grant #655 classification DONE			Soigner et gouverner les corps autochtones: santé et médecine coloniale au Québec, 1855-1904 (History)
INFO:__main__:Grant #656 classification DONE			Development of near infrared spectroscopy (NIRS) and electroencephalography (EEG) methods to study neurovascular mechanisms of brain development (Physics)
INFO:__main__:Grant #657 classification DONE			Role of vitamin K-dependent gamma-carboxylation in beta cell and diabetes (Diabetes, Obesity, Lipid & Lipoprotein Disorders)
INFO:__main__:Grant #658 classification DONE			Competition in the Canadian Mobile Telecommunications Industry: Weak Signals? (Economics)
INFO:__main__:Grant #659 classification DONE			Gut-lung axis in equine asthma (Biological Systems and Functions)
INFO:__main__:Grant #660 classification DONE			Several aspects of L-functions (Mathematics and Statistics)
INFO:__main__:Grant #661 classification DONE			Estimating the Effects of Government Spending Along the Supply Chain
INFO:__main__:Grant #662 classification DONE			Using calorespirometry to assemble a complete picture of acute hypoxic metabolic depression in fishes (Biological Systems and Functions)
INFO:__main__:Grant #663 classification DONE			Electronic structure theory: Merging wave function theory, density functional theory, and machine learning (Chemistry)
INFO:__main__:Grant #664 classification DONE			Comprehensive lipidomics to identify novel players involved in the onset of cardiac manifestations of non-alcoholic fatty liver disease
INFO:__main__:Grant #665 classification DONE			Longitudinal monitoring of visual function during cortical impairment in mice (Systems & Circuits Neurosciences)
INFO:__main__:Grant #666 classification DONE			Gouvernance et acceptabilité sociale des grands projets publics
INFO:__main__:Grant #667 classification DONE			Structural and functional changes in the brain of early and late blind individuals (Behavioural Sciences – Behavioural Studies, Neuroscience and Cognition)
INFO:__main__:Grant #668 classification DONE			New unsupervised Bayesian and energy-based models dedicated to image processing and computer vision applications (Computer Science)
INFO:__main__:Grant #669 classification DONE			Phenomenology and The Norms of Perception (Philosophy)
INFO:__main__:Grant #670 classification DONE			Intelligent API Engineering: Systematically Leveraging APIs Through Development Knowledge and Usage Data
INFO:__main__:Grant #671 classification DONE			Investigating mechanisms involved in vestibular substitution (Biological Systems and Functions)
INFO:__main__:Grant #672 classification DONE			« COVID-19 » Migration en ligne et évaluation des impacts d'un programme de groupes de codéveloppement professionnel dans la fonction publique québécoise
INFO:__main__:Grant #673 classification DONE			Multibody modelling to prototype next generation portable exoskeletons for everyday assistance (Mechanical Engineering)
INFO:__main__:Grant #674 classification DONE			Biomaterials-stimulated tissue regeneration and extracellular vesicles (Genes, Cells and Molecules)
INFO:__main__:Grant #675 classification DONE			Clinical Investigation in Canine and Feline Transfusion Medicine: Novel Blood Groups and their Clinical Significance (Biological Systems and Functions)
INFO:__main__:Grant #676 classification DONE			Uauitamutau assi. Terminologie de l'environnement en langue innue (innu-aimun) (Psychology, linguistics and translation)
INFO:__main__:Grant #677 classification DONE			Novel role of exercise timing to improve obesity prevention and treatment (Nutrition, Food & Health)
INFO:__main__:Grant #678 classification DONE			Impact of vascular injury derived exosomes on Lupus Nephritis (Genes, Cells and Molecules)
INFO:__main__:Grant #679 classification DONE			Étude des logiques d'action syndicales dans le domaine de la santé mentale au travail: analyses croisées (Québec-France) dans le secteur de l'aérospatial (Business, management and related fields)
INFO:__main__:Grant #680 classification DONE			Linking lifestyle behaviors, microbiota & cardiometabolic health from childhood to early adulthood: The QUALITY Cohort (Social & Developmental Aspects of Children's & Youth's Health)
INFO:__main__:Grant #681 classification DONE			Les syndicats face à la crise climatique : Analyse stratégique des ressources et des moyens d'action à mettre en oeuvre au plan local
INFO:__main__:Grant #682 classification DONE			Étude du devenir-écrivaine en régime naturaliste : le cas de Georges de Peyrebrune (1841-1917) (Literature)
INFO:__main__:Grant #683 classification DONE			Neutrophil extracellular traps (NETs) are major actors in heart failure with preserved ejection fraction (Cardiovascular System – Heart and Circulation)
INFO:__main__:Grant #684 classification DONE			Harnessing Twitter for morphophonological variation (Psychology, linguistics and translation)
INFO:__main__:Grant #685 classification DONE			Multicarrier energy systems for resilient decarbonized communities
INFO:__main__:Grant #686 classification DONE			Digital Leigh Hunt (Literature)
INFO:__main__:Grant #687 classification DONE			New disposal techniques for reactive mine wastes to improve stability and facilitate site reclamation upon closure (Civil, Industrial and Systems Engineering)
INFO:__main__:Grant #688 classification DONE			Design and operation of Borehole Thermal Energy Storage systems (Mechanical Engineering)
INFO:__main__:Grant #689 classification DONE			Mechanisms and consequences of spatially controlled G protein-coupled receptor signaling (Pharmacology & Toxicology)
INFO:__main__:Grant #690 classification DONE			L'humain au coeur de la transformation du travail
INFO:__main__:Grant #691 classification DONE			Vers une nouvelle constitution du travail? Les libertés et droits fondamentaux des salarié.es comme assise des rapports de travail/Towards a New Constitution of Labour? Workers' Fundamental Rights and Freedoms as the Basis of Labour Relations (Law and criminology)
INFO:__main__:Grant #692 classification DONE			Monitoring and Debugging of High Performance Distributed Heterogeneous Cloud Applications
INFO:__main__:Grant #693 classification DONE			The role of Parkinson's disease-related proteins in innate and adaptive immunity (Cell Biology – Physiology)
INFO:__main__:Grant #694 classification DONE			Étude partenariale sur la médiation de la musique: institutionnalisation, professionnalisation, intervention
INFO:__main__:Grant #695 classification DONE			Planification en temps réel dans les mines souterraines
INFO:__main__:Grant #696 classification DONE			Applications of operations research to transportation, logistics, fairness issues, and other topics (Civil, Industrial and Systems Engineering)
INFO:__main__:Grant #697 classification DONE			Multiplexed and quantitative immunolabelling for cancer diagnostics using gold-silver alloy nanoprobes
INFO:__main__:Grant #698 classification DONE			Plasma processing for environment and cell-biology
INFO:__main__:Grant #699 classification DONE			Dynamic Games in Management (Civil, Industrial and Systems Engineering)
INFO:__main__:Grant #700 classification DONE			Improved design and operations of building water systems to reduce health risks caused by water & energy conservation and extended shutdowns (Civil, Industrial and Systems Engineering)
INFO:__main__:Grant #701 classification DONE			Shoulder musculoskeletal modeling: from data-tracking to predictive simulations (Mechanical Engineering)
INFO:__main__:Grant #702 classification DONE			Sustainable aqueous Sodium-ion batteries (Chemistry)
INFO:__main__:Grant #703 classification DONE			Eigenvectors of Random Matrices (Mathematics and Statistics)
INFO:__main__:Grant #704 classification DONE			Cellular Reprogramming in Retinal Vascular Development (Genes, Cells and Molecules)
INFO:__main__:Grant #705 classification DONE			Creating Virtual Shapes via Intuitive Input (Computer Science)
INFO:__main__:Grant #706 classification DONE			Data-adaptive causal inference methods for effect modification (Mathematics and Statistics)
INFO:__main__:Grant #707 classification DONE			40 ans de changement linguistique à Montréal et à Welland: le rôle de l'individu et de la communauté (Linguistics and translation)
INFO:__main__:Grant #708 classification DONE			Using digital and immersive technologies to understand the contribution of sensory, perceptual, affective, cognitive and physiological factors to Social Information Processing (Biological Systems and Functions)
INFO:__main__:Grant #709 classification DONE			Climate Change and Human Rights: Responsibility and Reparation
INFO:__main__:Grant #710 classification DONE			Can journalism's `real utopias' address the crisis of the news media? Exploring journalism cooperatives from an international and comparative perspective (Communications, media studies, gender studies, library and information science, related fields)
INFO:__main__:Grant #711 classification DONE			Improving the integration of novice designers into interdisciplinary collaborative design teams (Multidisciplinary or interdisciplinary humanities)
INFO:__main__:Grant #712 classification DONE			Quel futur professionnel pour les jeunes adultes récemment immigré(e)s à Montréal? Identité, projets professionnels et expériences d'accès aux services (Multidisciplinary or interdisciplinary social sciences)
INFO:__main__:Grant #713 classification DONE			Unravelling regulatory networks of stem cell states using single cell analysis (Cell Biology – Physiology)
INFO:__main__:Grant #714 classification DONE			Comprendre et soutenir l'entourage des femmes victimes de violence entre partenaires intimes : tissu social, besoins et actions (Mutidisciplinary or interdisciplinary social sciences)
INFO:__main__:Grant #715 classification DONE			Development of novel RvD1 analogues for osteoporosis therapy: mechanism of action and structure-activity relationships
INFO:__main__:Grant #716 classification DONE			Improving plant biostimulants based on natural products and beneficial microorganisms
INFO:__main__:Grant #717 classification DONE			Characterization of the antibacterial activity of some antimicrobial-derived metabolites and their involvement in the development of antimicrobial resistance in bacteria of animal origin (Biological Systems and Functions)
INFO:__main__:Grant #718 classification DONE			Développement de méthodes rationnelles de maintenance proactive de systèmes industriels (Civil, Industrial and Systems Engineering)
INFO:__main__:Grant #719 classification DONE			Intention Driven Development: Towards a new generation of development platforms
INFO:__main__:Grant #720 classification DONE			Decision support systems based on heterogeneous data driven models for a safe and optimal operation of industrial process systems (Materials and Chemical Engineering)
INFO:__main__:Grant #721 classification DONE			Untangling heterogeneity in cytomegalovirus infection kinetics and evolution using mathematical modelling
INFO:__main__:Grant #722 classification DONE			Getting on track for the audit of tomorrow: Auditors' expertise amidst digitalization
INFO:__main__:Grant #723 classification DONE			Immunoproteasome-expressing mesenchymal stromal cells: a new tool for cancer vaccination (Cancer Biology & Therapeutics)
INFO:__main__:Grant #724 classification DONE			Invisibility of disability in Global South and North: Equitable access to health services in the context of climate change
INFO:__main__:Grant #725 classification DONE			A shock-fitting approach for predicting the two-phase transient flows in stormwater systems (SWS) with best management practices (BMP) (Civil, Industrial and Systems Engineering)
INFO:__main__:Grant #726 classification DONE			Optimiser la transition des soins entre les différents milieux avec l'apport de la technologie pour favoriser la santé et l'autonomie des personnes âgées fragilisées vivant ou non en régions éloignées
INFO:__main__:Grant #727 classification DONE			XIe Conférence du Forum Mondial de Médiation:L´humanité face aux conflits actuels: nouveaux défis pour la médiation
INFO:__main__:Grant #728 classification DONE			Optimization of mechanically induced phase transformation at crack tip in metal for improved crack growth resistance (Materials and Chemical Engineering)
INFO:__main__:Grant #729 classification DONE			Investigating important but overlooked streptococcal agents of disease in production animals (Biological Systems and Functions)
INFO:__main__:Grant #730 classification DONE			Adverse Drug Events and Medication Errors in adult Intensive Care Units (Health Services Evaluation & Interventions Research)
INFO:__main__:Grant #731 classification DONE			Entre responsabilité professionnelle et devoir de prendre soin de soi - Mieux comprendre la multiplicité des expériences entourant le processus d'arrêt de travail et de retour à l'emploi chez les travailleuses de la santé et des services sociaux (Sociology, demography and related fields)
INFO:__main__:Grant #732 classification DONE			Brain alterations and cognitive decline in obstructive sleep apnea
INFO:__main__:Grant #733 classification DONE			Methods and analytical tools to optimize patient flow (Civil, Industrial and Systems Engineering)
INFO:__main__:Grant #734 classification DONE			Heterogeneity of interprofessional primary care teams and its effect on quality of care and health service use in older adults (Health Services Evaluation & Interventions Research)
INFO:__main__:Grant #735 classification DONE			Recul des gains d'espérance de vie au Canada depuis 2010 : la contribution de la mortalité par drogues, par maladies cardiovasculaires et le rôle catalyseur de la pandémie de COVID-19 (Sociology, demography and related fields)
INFO:__main__:Grant #736 classification DONE			Canadian Network on Hepatitis C (CanHepC): From Discovery to Implementation (Hepatitis C Research)
INFO:__main__:Grant #737 classification DONE			Novel numerical simulation tools for the vulnerability assessment and rehabilitation of critical structures against the effects of floods and climate change
INFO:__main__:Grant #738 classification DONE			QUEST: Co-développer avec et pour les jeunes des connaissances sur la QUalité de leur Environnement psychoSocial de Travail
INFO:__main__:Grant #739 classification DONE			The effects of COVID-19 pandemics in sustainability controversies: new shades of green in the battery metals industry in Quebec
INFO:__main__:Grant #740 classification DONE			From birth to adulthood: The role of age of cannabis use onset in the individual and environmental developmental pathways leading to substance use problems (Psychosocial, Sociocultural & Behavioural Determinants of Health)
INFO:__main__:Grant #741 classification DONE			Creative Pedagogies for Ecological Transitions on the Shoreline
INFO:__main__:Grant #742 classification DONE			Contribution of the NKG2D pathway to multiple sclerosis (Molecular & Cellular Neurosciences)
INFO:__main__:Grant #743 classification DONE			Pregnancy and COVID-19 hospitalization in Quebec (Public, Community & Population Health)
INFO:__main__:Grant #744 classification DONE			La musique est-elle une prière? (Fine Arts, Research-Creation)
INFO:__main__:Grant #745 classification DONE			A multi-site, prospective study of the role of emotional competence in (mal)adaptive functioning among university students exposed to sexual violence (Psychology)
INFO:__main__:Grant #746 classification DONE			Effets d'une intervention musicale personnalisée sur les répercussions de la COVID-19 en santé mentale des personnes âgées
INFO:__main__:Grant #747 classification DONE			Redox regulation of the antiviral response : role of oxidative post-translational modifications of MAVS (Virology & Viral Pathogenesis)
INFO:__main__:Grant #748 classification DONE			The role of UCH family deubiquitinases in T cell biology (Genes, Cells and Molecules)
INFO:__main__:Grant #749 classification DONE			A high temperature upgrade for the twin-screw extruder to process high-performance hybrid PEEK-based formulations and other engineering polymer-based (PEI, PPSU, etc.) systems (Materials and Chemical Engineering)
INFO:__main__:Grant #750 classification DONE			Single-cell approaches to characterize and target the cellular reservoirs of HIV infection (Virology & Viral Pathogenesis)
INFO:__main__:Grant #751 classification DONE			Impact of transient neonatal hyperoxia on skeletal muscle development: Relevance for impaired exercise capacity after preterm birth (Clinical Investigation – Reproduction, Maternal, Child and Youth Health)
INFO:__main__:Grant #752 classification DONE			Le développement de la compétence de collaboration interprofessionnelle : perception des membres d'une équipe de professionnels en exercice de la dynamique de coaction (Education and social work)
INFO:__main__:Grant #753 classification DONE			Agreeing to Disagree: Incentives and Innovation in Dynamic Settings (Economics)
INFO:__main__:Grant #754 classification DONE			L'enfance du "mauvais genre". Une sociologie de la non-conformité de genre durant l'enfance en France et au Québec (Sociology, demography and related fields)
INFO:__main__:Grant #755 classification DONE			Engineering Sustainable and Inclusive Streets for the 30-Min City
INFO:__main__:Grant #756 classification DONE			Les incidences de l'architecture logicielle des tribunaux en ligne sur l'accès à la justice (Law and criminology)
INFO:__main__:Grant #757 classification DONE			Incorporating rich micro-level distributions and dynamics in models with heterogenous firms: method, lessons and applications
INFO:__main__:Grant #758 classification DONE			Inhabiting altered worlds: sensory experiences following traumatic brain injuries (Mutidisciplinary or interdisciplinary social sciences)
INFO:__main__:Grant #759 classification DONE			Microtubule alterations in progressive supranuclear palsy
INFO:__main__:Grant #760 classification DONE			Improving reproducibility in MRI with vendor-neutral acquisitions and transparent workflows
INFO:__main__:Grant #761 classification DONE			Investigation of Metal Organic Frameworks for Renewable Energy Electrocatalysis (Chemistry)
INFO:__main__:Grant #762 classification DONE			FLUIDELELASTIC INSTABILITY, VORTEX-INDUCED VIBRATION AND SYMMETRY BREAKING IN HELICAL ARRAYS OF CYLINDERS SUBJECTED TO CROSS-FLOW (Mechanical Engineering)
INFO:__main__:Grant #763 classification DONE			4D spheroids identify type I protein arginine methyltransferases as a target in NSCLC (Cancer Biology & Therapeutics)
INFO:__main__:Grant #764 classification DONE			New perspectives on job search and labour markets
INFO:__main__:Grant #765 classification DONE			Long time evolution of complex materials : algorithmic developments and applications to metals, semiconductors and proteins (Physics)
INFO:__main__:Grant #766 classification DONE			L'héritage de Pierre Elliott Trudeau
INFO:__main__:Grant #767 classification DONE			A new adaptive-neuroprosthetic treatment to shape post-stroke plasticity and facilitate motor recovery (Biological Systems and Functions)
INFO:__main__:Grant #768 classification DONE			Une scène élargie, délocalisée et asynchrone : les reconfigurations technologiques de la salle de spectacle au temps du confinement
INFO:__main__:Grant #769 classification DONE			Centre de recherches mathématiques (CRM)
INFO:__main__:Grant #770 classification DONE			Application of a brief digital screening tool to address parental and adolescent tobacco and electronic cigarette use in pediatric medical care (Health Services Evaluation & Interventions Research)
INFO:__main__:Grant #771 classification DONE			Hybrid Manufacturing: Digital Machining of Flexible Parts Manufactured with Directed Energy Deposition (DED) Method
INFO:__main__:Grant #772 classification DONE			Design and management of smart last-mile delivery systems
INFO:__main__:Grant #773 classification DONE			Food Delocalization in Literary Studies: A Saccharine Aesthetic From the Ruins of Empire (Literature)
INFO:__main__:Grant #774 classification DONE			Optimal Climate Policy Mix for Canada: Insights from a Multi-Model Approach
INFO:__main__:Grant #775 classification DONE			La production de recherche au Canada: facteurs individuels, institutionnels et systémiques (Education and social work)
INFO:__main__:Grant #776 classification DONE			Soutenir la Professionnalisation dans les ORganismes sporTifs (SPORT)
INFO:__main__:Grant #777 classification DONE			Identifying innovative responses to problematic gambling among LGBTQ2S+ communities in Canada - A mixed-methods study (Health Impacts of Gambling and Gaming)
INFO:__main__:Grant #778 classification DONE			Intensification and control of cell culture processes (Materials and Chemical Engineering)
INFO:__main__:Grant #779 classification DONE			Les priorités des citoyens quant aux politiques de santé et à l'État-providence (Political science and public administration)
INFO:__main__:Grant #780 classification DONE			Cyberrange pour soutenir les tests de cybersécurité et de cyberrésilience pour les infrastructures critiques
INFO:__main__:Grant #781 classification DONE			New electrochemical materials breakthrough for energy applications (Materials and Chemical Engineering)
INFO:__main__:Grant #782 classification DONE			Nonequilibrium Group IV Semiconductor Heterostructures
INFO:__main__:Grant #783 classification DONE			Developmental Trajectories in ARID1B-Related Disorders - a Multi-Method Multi-Site Prospective Natural History Study
INFO:__main__:Grant #784 classification DONE			Mechanisms regulating mRNA localization and localized translation (Genes, Cells and Molecules)
INFO:__main__:Grant #785 classification DONE			Dévoiler les tactiques stratégiques de communication pour le changement social : Une exploration approfondie de l'agentivité des responsables des communications et des publics dans la lutte contre les inégalités raciales
INFO:__main__:Grant #786 classification DONE			Que font les luttes écologistes à la protestation sociale ? Analyse comparée multi-échelles au Canada, en France et aux Pays-Bas (Political science and public administration)
INFO:__main__:Grant #787 classification DONE			Maturation of microRNAs targeting alpha-synuclein (Molecular & Cellular Neurosciences)
INFO:__main__:Grant #788 classification DONE			Privatization, innovation and idiosyncratic volatility: The role of ownership structure and information content
INFO:__main__:Grant #789 classification DONE			Thermodynamic and physical property models for the production of greener aluminum alloys
INFO:__main__:Grant #790 classification DONE			Contextual factors predicting feasibility and impact of preventive mental health interventions across Canada
INFO:__main__:Grant #791 classification DONE			Between precarity and hospitality: The contentious spaces of migration in North America's borderlands (Geography, urban planning and related fields)
INFO:__main__:Grant #792 classification DONE			Ecological change and the dynamics of zoonotic disease (Biological Systems and Functions)
INFO:__main__:Grant #793 classification DONE			NÉONUM : infrastructure de veille pour la néologie en français québécois (Anthropology, archaeology, linguistics and translation)
INFO:__main__:Grant #794 classification DONE			Detailed bulk composition analysis of extrasolar objects accreted at the surface of white dwarf stars (Physics)
INFO:__main__:Grant #795 classification DONE			Atmospheric measurements and modeling studies to improve understanding of organic and mineral dust aerosols in northern Canada (Chemistry)
INFO:__main__:Grant #796 classification DONE			Réfléchir et agir dans l'urgence : l'influence des éléments contextuels sur le processus de jugement et de décision d'infirmier(ère)s (Psychology, linguistics and translation)
INFO:__main__:Grant #797 classification DONE			Interdisciplinary studies of decision-making and motor planning (Biological Systems and Functions)
INFO:__main__:Grant #798 classification DONE			Data-driven theory : adversarial immunodynamics, modelling and machine learning for engineered lymphocytes in the context of cancer immunotherapy
INFO:__main__:Grant #799 classification DONE			Program for the Development of a Novel Methodology for the Design of Energy Efficient Biorefineries and Industrial Systems (Materials and Chemical Engineering)
INFO:__main__:Grant #800 classification DONE			Underlying neurophysiological mechanisms of non-arthritic chronic painful conditions in cats (Biological Systems and Functions)
INFO:__main__:Grant #801 classification DONE			Influence of folded foliations on the mechanical behavior of rock masses and rock engineering structures
INFO:__main__:Grant #802 classification DONE			The Th17 Master Regulator RORC2 as a New Target for HIV Immune Therapy and Cure Strategy (Virology & Viral Pathogenesis)
INFO:__main__:Grant #803 classification DONE			Language Acquisition and Processing in Teen and Adult L1 and L2 (Linguistics and translation)
INFO:__main__:Grant #804 classification DONE			COVID-19 Étude des capacités offertes par les nouvelles formes de regroupements et d'associations d'artistes dans la sortie de crise et le redéploiement des arts à Montréal
INFO:__main__:Grant #805 classification DONE			A 15 months, double-Blind, randomized controlled trial comparing 18 weeks of two doses of Omalizumab to placebo to accelerate a symptom-driven Oral immunotherapy schedule in subjects aged 6 to 25 years with Multiple food allergies (BOOM) (Nutrition, Food & Health)
INFO:__main__:Grant #806 classification DONE			Spatial complexity of cardiac cell culture and spatial-temporal bioelectric activity: granularity and mechanical-electrical feedback (Electrical and Computer Engineering)
INFO:__main__:Grant #807 classification DONE			Peer Effects and Program Take-Up: Evidence from employer-employee linked administrative data
INFO:__main__:Grant #808 classification DONE			Evaluation of human gait biomechanics in real-world environments (Biological Systems and Functions)
INFO:__main__:Grant #809 classification DONE			Robust and efficient statistical learning algorithms with applications in actuarial science (Mathematics and Statistics)
INFO:__main__:Grant #810 classification DONE			HumanitéS-AnimalitéS : discours, pratiques et actions sur le monde animal, du Moyen Âge à l'antispécisme
INFO:__main__:Grant #811 classification DONE			Intelligence artificielle appliquée aux soins aigus de l'enfant
INFO:__main__:Grant #812 classification DONE			BUMP: Better Understanding of Model's Performance for more efficient Natural Language Processing (Computer Science)
INFO:__main__:Grant #813 classification DONE			Application des réseaux de neurones artificiels et de l'inférence bayésienne à la simulation couplée et à la conception des puits à colonne permanente (Civil, Industrial and Systems Engineering)
INFO:__main__:Grant #814 classification DONE			Identification of MYC-dependent vulnerabilities in breast cancer (Molecular & Cellular Biology of Cancer)
INFO:__main__:Grant #815 classification DONE			Topological quantum optics (Physics)
INFO:__main__:Grant #816 classification DONE			Demand Driven - MRP : mode éphèmère ou lien sérieux entres les méthodes flux poussé et flux tiré ? (Civil, Industrial and Systems Engineering)
INFO:__main__:Grant #817 classification DONE			Model atmosphere analysis of white dwarfs in the Sloan Digital Sky Survey footprint of Gaia: the definitive work (Physics)
INFO:__main__:Grant #818 classification DONE			Les politiques de différenciation et diversification des parcours vers et dans l'enseignement supérieur au Québec : quels effets sur la justice scolaire et sociale? (Education and social work)
INFO:__main__:Grant #819 classification DONE			Development of high performance PLA based nanocomposites (Materials and Chemical Engineering)
INFO:__main__:Grant #820 classification DONE			Introducing specificity and sensitivity in imaging mass spectrometry (Chemistry)
INFO:__main__:Grant #821 classification DONE			Is cannabis a useful adjunct in the treatment of symptoms of persons with multiple sclerosis? A formal trial of CBD and THC for the control of spasticity and other symptoms: assessing the clinical effects and the basic mechanisms
INFO:__main__:Grant #822 classification DONE			Investigation of the antineoplastic effect of miRNA-181a and development a novel pharmaceutical approaches for treating advanced retinoblastoma (Cancer Biology & Therapeutics)
INFO:__main__:Grant #823 classification DONE			From spatial community ecology to landscape genetics and genomics (Evolution and Ecology)
INFO:__main__:Grant #824 classification DONE			Structural Safety Assessment and Strengthening of Concrete Dams and Gated Spillways Subjected to Severe Loading Conditions (Civil, Industrial and Systems Engineering)
INFO:__main__:Grant #825 classification DONE			Voix empruntées. Pratiques de la citation littéraire dans la Première Modernité (1595-1692) (Literature)
INFO:__main__:Grant #826 classification DONE			Brain connectivity-based optimization of non-invasive brain stimulation to improve cognitive symptoms in schizophrenia (Behavioural Sciences – Clinical Behavioural Sciences)
INFO:__main__:Grant #827 classification DONE			Procedural Creation and Real-time Display of Realistic Complex Scenes (Computer Science)
INFO:__main__:Grant #828 classification DONE			Social hierarchies and the non-verbal communication of pain
INFO:__main__:Grant #829 classification DONE			Next generation immunopeptidomics (Chemistry)
INFO:__main__:Grant #830 classification DONE			Income security in retirement: perceptions, incentives and behaviours
INFO:__main__:Grant #831 classification DONE			Decision awareness in learning for control
INFO:__main__:Grant #832 classification DONE			Multimethod UX triangulated approach for multiuser interface evaluation (Civil, Industrial and Systems Engineering)
INFO:__main__:Grant #833 classification DONE			Understanding Drug Exceptional Access Programs (DEAPs) Across Canada: A Question of Equity (Mutidisciplinary or interdisciplinary social sciences)
INFO:__main__:Grant #834 classification DONE			Geroscience: A novel interdisciplinary approach for research on aging
INFO:__main__:Grant #835 classification DONE			Advanced computational platform for permafrost geomechanical modeling and climate impact assessment of northern infrastructure
INFO:__main__:Grant #836 classification DONE			Hybrid artificial intelligence methods for combinatorial optimization
INFO:__main__:Grant #837 classification DONE			Leveraging high-volume data to characterize age and individual-specific vital signs and to develop novel geriatric vital signs that optimally predict clinical outcomes in older adults
INFO:__main__:Grant #838 classification DONE			Interactions between cortical stimulation and prefrontal population dynamics (Behavioural Sciences – Behavioural Studies, Neuroscience and Cognition)
INFO:__main__:Grant #839 classification DONE			Coupled Aquatic Biogeochemical Cycles in the Anthropocene (Evolution and Ecology)
INFO:__main__:Grant #840 classification DONE			Electrically and Optically Active Nanostructures and Interfaces (Chemistry)
INFO:__main__:Grant #841 classification DONE			Performance mécanique à long terme des assemblages collés et boulonnés
INFO:__main__:Grant #842 classification DONE			Optimization models and algorithms for complex production planning problems (Civil, Industrial and Systems Engineering)
INFO:__main__:Grant #843 classification DONE			Development of an accessible integrated computational protein design software suite (Genes, Cells and Molecules)
INFO:__main__:Grant #844 classification DONE			Social economy embedding circular economy: theory, practice and potential
INFO:__main__:Grant #845 classification DONE			Complex genetics of hypertrophic cardiomyopathy: Towards an integration of polygenic risk in clinical care (Clinical Investigation – Cardiovascular Systems)
INFO:__main__:Grant #846 classification DONE			MERMAIDS: Multichannel ERbium-yeterbiuM AmplIfied high power combiner Devices for Space communications
INFO:__main__:Grant #847 classification DONE			Medium Chain Triglycerides and Ketogenesis (Biological Systems and Functions)
INFO:__main__:Grant #848 classification DONE			Impact of Vitamin C on the Reduction of Opioid Consumption After an Emergency Department Visit for Acute Musculoskeletal Pain: A Double-Blind Randomized Control Trial
INFO:__main__:Grant #849 classification DONE			Towards organs-on-paper: building smart paper chips for modern biomedical research
INFO:__main__:Grant #850 classification DONE			Ultrafast Functional Ultrasound Imaging of the Brain (Genes, Cells and Molecules)
INFO:__main__:Grant #851 classification DONE			Les trajectoires professionnelles des policiers du Québec : phase 2 (Law and criminology)
INFO:__main__:Grant #852 classification DONE			Redefining blood pressure: How novel views of the arterial tree can lead to better cardiovascular risk stratification (Clinical Investigation – Cardiovascular Systems)
INFO:__main__:Grant #853 classification DONE			Reducing the burden of hypoglycemia for persons living with type 1 diabetes
INFO:__main__:Grant #854 classification DONE			The energy-based and feature tracking motion systems and their interactions (Biological Systems and Functions)
INFO:__main__:Grant #855 classification DONE			Adoptive transfers of in vitro differentiated plasmacytoid dendritic cells to prevent acute lymphoblastic leukemia relapse: mechanisms and biomarkers of sensitivity (Cancer Progression & Therapeutics)
INFO:__main__:Grant #856 classification DONE			Replacement and upgrade of the Optical and Infrared Cameras for Observatoire du Mont-Mégantic (Physics)
INFO:__main__:Grant #857 classification DONE			Stochastic Discount Factors, Risk Factors and Performance Evaluation (Economics)
INFO:__main__:Grant #858 classification DONE			Precision digital twin of production machines for sustained high accuracy and traceable part conformity
INFO:__main__:Grant #859 classification DONE			Non-line-of-sight Imaging for Advanced Automotive Sensing
INFO:__main__:Grant #860 classification DONE			Le nouvel électeur économique (Political science and public administration)
INFO:__main__:Grant #861 classification DONE			CB1 receptors regulate NMJ denervation and repair (Systems & Circuits Neurosciences)
INFO:__main__:Grant #862 classification DONE			Influence of Lipid Matrix on Ion Channel Oligomerization and Function (Chemistry)
INFO:__main__:Grant #863 classification DONE			Composition musicale immersive et développement de trajectoires 3D, basées sur l'analyse perceptive (Fine Arts, Research-Creation)
INFO:__main__:Grant #864 classification DONE			Valorisation des données d'exécution de projets (Civil, Industrial and Systems Engineering)
INFO:__main__:Grant #865 classification DONE			Innovative Steel Braced Frame Systems for Tall Buildings in Seismic Active Regions (Civil, Industrial and Systems Engineering)
INFO:__main__:Grant #866 classification DONE			Multiscale modelling of aircraft and rocket emissions using high-fidelity numerical simulations and machine learning
INFO:__main__:Grant #867 classification DONE			Coronavirus Crisis Competence Among Sexual and Gender Minorities (Gender, Sex & Health)
INFO:__main__:Grant #868 classification DONE			From Alterlife to Alterfutures: Contemporary Asian Women's Environmental Moving-Image Arts (Multidisciplinary or interdisciplinary humanities)
INFO:__main__:Grant #869 classification DONE			A FOCUS on youth mental health and substance use-related outcomes, inequities and trajectories during COVID-19 and beyond: A mixed-methods study in Canada and France
INFO:__main__:Grant #870 classification DONE			Sleep, performance and development (Biological Systems and Functions)
INFO:__main__:Grant #871 classification DONE			Molecular insights into the targeting of proteins to the inner nuclear membrane (Genes, Cells and Molecules)
INFO:__main__:Grant #872 classification DONE			Les pratiques pédagogiques qui favorisent l'inclusion socioculturelle et scolaire d'élèves immigrants nouvellement arrivés au Québec : regards croisés d'enseignants et d'élèves (Education and social work)
INFO:__main__:Grant #873 classification DONE			Control of collective dynamics via mean field and and inverse mean field game theory
INFO:__main__:Grant #874 classification DONE			#WeFeedYou, and yet...: How are temporary migrant workers' food security, nutrition and health shaped in Quebec's agri-food system - A participatory action research multiple-case study
INFO:__main__:Grant #875 classification DONE			Delinquent or victim? Teenage girls' experiences of child protection intervention due to concerns for sexual exploitation (Education and social work)
INFO:__main__:Grant #876 classification DONE			Femmes, genre, (im)mobilités et vies précaires : projet de développement partenarial dans une perspective féministe transnationale et décoloniale
INFO:__main__:Grant #877 classification DONE			La cohésion sociale est-elle possible en situation de crises multiples? L'influence des politiques publiques entourant le coronavirus (2019-nCoV) et les préjugés envers les citoyens et citoyennes d'origine chinoise (Canadian 2019 Novel Coronavirus (2019-nCoV) Rapid Research)
INFO:__main__:Grant #878 classification DONE			Coronary angiocrine control of heart regeneration (Cardiovascular System – Heart and Circulation)
INFO:__main__:Grant #879 classification DONE			Management of public media organizations and society
INFO:__main__:Grant #880 classification DONE			Voters' Identities in their Own Words (Political science and public administration)
INFO:__main__:Grant #881 classification DONE			Santé, justice et sécurité au 21e siècle (Philosophy)
INFO:__main__:Grant #882 classification DONE			Role of ATP-P2X7 axis in pathogenesis of ventilator induced lung injury (Respiratory System)
INFO:__main__:Grant #883 classification DONE			Mitochondrial epigenetics and ORFan genes: exploiting the mitochondrial genetic system to fuel phenotypic variation and functional novelties (Genes, Cells and Molecules)
INFO:__main__:Grant #884 classification DONE			PeerOnCall as a catalyst for a peer support program based on psychological first aid: a feasibility study among the Sûreté du Québec (Crisis/Suicide Line and App-based Support Models for post traum. stress in public safety personnel (PSP))
INFO:__main__:Grant #885 classification DONE			Computational approaches for analysis and design of complex multiphase flow systems (Mechanical Engineering)
INFO:__main__:Grant #886 classification DONE			Understanding the limits of risk instruments in an era of climate change: An exploration of the institutional geographies of climate services in Europe (Geography, urban planning and related fields)
INFO:__main__:Grant #887 classification DONE			Randomized Double-Blind Placebo-Controlled Clinical Trial to Assess the Efficacy of Mycophenolate Mofetil in Subclinical Interstitial Lung Disease Associated with Systemic Sclerosis: a Feasibility Study
INFO:__main__:Grant #888 classification DONE			Novel transition support program for young people with disabilities and their families: Identifying most important outcomes for program key stakeholders
INFO:__main__:Grant #889 classification DONE			Advancing knowledge and developping mechanistic quantitative tools for in vitro-in vivo extrapolations in pharmacokinetics and toxicokinetics (Biological Systems and Functions)
INFO:__main__:Grant #890 classification DONE			Modeling and optimization for advanced management of the complex products for the robust circular economy in Canada (Civil, Industrial and Systems Engineering)
INFO:__main__:Grant #891 classification DONE			Advanced Manufacturing of Intelligent Structures (Mechanical Engineering)
INFO:__main__:Grant #892 classification DONE			Multimodal Sensing Guidewire with Random Optical Gratings by Ultraviolet laser Exposure for Peripheral Vascular Interventions (Medical Physics & Imaging)
INFO:__main__:Grant #893 classification DONE			Intelligent mobility management in emerging vehicular networks (Computer Science)
INFO:__main__:Grant #894 classification DONE			Chemical biology strategies for discovery and profiling of glycan-protein interactions (Chemistry)
INFO:__main__:Grant #895 classification DONE			Local and global biomechanical properties of the eye as new glaucoma risk factors (Medical Physics & Imaging)
INFO:__main__:Grant #896 classification DONE			L'accessibilité des médias: éduquer pour ouvrir le dialogue
INFO:__main__:Grant #897 classification DONE			Free prior and informed consent, social equity and the forest sector: A comparison of the Forest Stewardship Council certification regime in Canada, Sweden and Russia (Geography, urban planning and related fields)
INFO:__main__:Grant #898 classification DONE			Water reuse: innovative monitoring technologies for risk reduction (Civil, Industrial and Systems Engineering)
INFO:__main__:Grant #899 classification DONE			Difficultés psychosociales, scolaires et milieux de vie différentiels d'enfants issus de la diversité ethnoculturelle recevant, ou non, des services de protection de la jeunesse (Education and social work)
INFO:__main__:Grant #900 classification DONE			Participation jeunesse Autochtone dans la prise de décision en milieu scolaire (Education and social work)
INFO:__main__:Grant #901 classification DONE			Bioinformatics-powered genetic characterization of the impact of biological systems on Alzheimer's disease and neurodegeneration
INFO:__main__:Grant #902 classification DONE			Identification of functional epigenomic regions in sperm that are environmentally responsive and associate with fertility and embryo development
INFO:__main__:Grant #903 classification DONE			Le jeu symbolique en classe d'éducation préscolaire 4 ans: Relations entre la pensée sociale, la maturité du jeu et l'acceptation sociale (Education and social work)
INFO:__main__:Grant #904 classification DONE			Evaluation of supervised consumption services in Montreal in the context of COVID-19 (Evaluation of Harm Reduction Approaches to Address the Opioid Crisis)
INFO:__main__:Grant #905 classification DONE			Pacing Brain Rhythms (Biological Systems and Functions)
INFO:__main__:Grant #906 classification DONE			Representation Learning for Lifelong Learning (Computer Science)
INFO:__main__:Grant #907 classification DONE			Inverse Design by Duality
INFO:__main__:Grant #908 classification DONE			How is cell morphogenesis regulated during mitosis? (Genes, Cells and Molecules)
INFO:__main__:Grant #909 classification DONE			Superconducting single photon detectors for quantum optics and spectroscopy up to 2.5 microns (Physics)
INFO:__main__:Grant #910 classification DONE			The effects of neuropsychiatric CNVs on the integrity of brain structure and connectivity (Behavioural Sciences)
INFO:__main__:Grant #911 classification DONE			De villes adaptées à la vieillesse aux territoires inclusifs et exempts d'âgisme : vers un changement de perspective sur l'aménagement urbain des municipalités favorisant le vieillissement ?
INFO:__main__:Grant #912 classification DONE			Environmental fate of emerging contaminants (Geosciences)
INFO:__main__:Grant #913 classification DONE			Du disque à l'oeuvre. Musique, arts visuels, cinéma
INFO:__main__:Grant #914 classification DONE			Decoding the role of DNMT1 in the Inherited Dysregulation of Epigenetic Marks using Embryonic Cells (Genes, Cells and Molecules)
INFO:__main__:Grant #915 classification DONE			Computational Methods for Verification and Validation with Applications in Mechanics (Mechanical Engineering)
INFO:__main__:Grant #916 classification DONE			Inter-cellular causality in the formation and degradation of the vascular glycocalyx
INFO:__main__:Grant #917 classification DONE			L'écologie et des paysages combinatoires : vers une collaboration permanente avec la nature (Geography, urban planning and related fields)
INFO:__main__:Grant #918 classification DONE			An optimization framework for comparative, multi-species studies of visual systems (Biological Systems and Functions)
INFO:__main__:Grant #919 classification DONE			A novel web-based mental health intervention integrating peer support and clinical moderation to enhance recovery and prevent relapse in adults diagnosed with psychotic disorders: A pragmatic feasibility study of Horyzons-Canada (Health Services Evaluation & Interventions Research)
INFO:__main__:Grant #920 classification DONE			Maternal Diabetes Induces Perinatal Programming of Chronic Kidney Disease: The Role of Hedgehog Interacting Protein (Hhip) (Clinical Investigation – Reproduction, Maternal, Child and Youth Health)
INFO:__main__:Grant #921 classification DONE			Urgent Replacement of a Platform for Gaseous Chemistry and Catalysis (Chemistry)
INFO:__main__:Grant #922 classification DONE			CAN OSTEOCLAST BIOMARKERS DETECT EXCESSIVE SUBCHONDRAL BONE RESORPTION IN RACEHORSES? (Genes, Cells and Molecules)
INFO:__main__:Grant #923 classification DONE			Agrégateur numérique de paysages urbains
INFO:__main__:Grant #924 classification DONE			Study of the effect of sex on drugs dosing, concentrations and pharmacogenomics (Gender, Sex & Health)
INFO:__main__:Grant #925 classification DONE			Biosecurity 2.0 for the modern Canadian dairy farm (Biological Systems and Functions)
INFO:__main__:Grant #926 classification DONE			Et si on revenait à l'étude des comportements de leadership : le rôle du style parental et de la motivation comme prédicteurs des comportements de partage de ressources d'élèves officiers (Psychology, linguistics and translation)
INFO:__main__:Grant #927 classification DONE			Penser le temps de la maladie chronique : l'expertise littéraire à l'appui des pratiques de soin (Literature)
INFO:__main__:Grant #928 classification DONE			Non-releasing alginate hydrogels for analyte sensing and detoxification (Materials and Chemical Engineering)
INFO:__main__:Grant #929 classification DONE			Quantifying Indigenous family disruption and resilience at the beginning of the 20th century through historical census data (Sociology, demography and related fields)
INFO:__main__:Grant #930 classification DONE			The impact of biological sex on the brain language network (Biological Systems and Functions)
INFO:__main__:Grant #931 classification DONE			Tracking the beat of music: Mechanisms underpinning inter-individual differences and effects on rhythm learning (Biological Systems and Functions)
INFO:__main__:Grant #932 classification DONE			The role of rhythm in the development of speech perception and production (Biological Systems and Functions)
INFO:__main__:Grant #933 classification DONE			Development of an Intelligent Design Support Tool for Integrated Design of Multidomain Systems (Mechanical Engineering)
INFO:__main__:Grant #934 classification DONE			Dynamiques socioreligieuses, laïcité et espaces municipaux québécois (Multidisciplinary or interdisciplinary social sciences)
INFO:__main__:Grant #935 classification DONE			Optimization and Planning Models for more Sustainable Agrifood Logistics
INFO:__main__:Grant #936 classification DONE			Men's migration, social support, and women's health and well-being in three diverse contexts (Sociology, demography and related fields)
INFO:__main__:Grant #937 classification DONE			Child maltreatment, emotion regulation and sexual wellbeing over time in women with low sexual desire and their partners (Psychology)
INFO:__main__:Grant #938 classification DONE			Détresse, formes d'exclusion et héritage migratoire : trajectoire sociale et subjectivité des personnes descendantes de migrants asiatiques (Education and social work)
INFO:__main__:Grant #939 classification DONE			Elucidating the roles of miRNAs and Hippo signaling on lineage specification in the human and mouse embryo (Endocrinology)
INFO:__main__:Grant #940 classification DONE			Enabling Collaborative and Intelligent Service Provisioning in Mobile Edge Networks
INFO:__main__:Grant #941 classification DONE			Intelligent Predictive Maintenance 4.0 for Heavy-duty Electrical Bus
INFO:__main__:Grant #942 classification DONE			Investigating mitochondrial biogenesis rheostat functions in skin aging: stress sensing and control of immunometabolic landscapes
INFO:__main__:Grant #943 classification DONE			Role of the Calcitonin Receptor System in Cardiac Physiology and Remodeling
INFO:__main__:Grant #944 classification DONE			Predicting the Progression and Brace Treatment Response in Spinal Deformities with Temporal-based Machine Learning Approaches (Biomedical Engineering)
INFO:__main__:Grant #945 classification DONE			Boosting the Productivity of a Graying Workforce
INFO:__main__:Grant #946 classification DONE			The Biophysics of Cold Plasmas in Cancer Therapy (Physics)
INFO:__main__:Grant #947 classification DONE			Virage numérique dans le développement de techniques avancées en soins personnalisés (Physics)
INFO:__main__:Grant #948 classification DONE			Rencontres « droits et résistances numériques en contexte francophone »
INFO:__main__:Grant #949 classification DONE			Caméra rapide haute résolution pour la mesure de nuages de bulles en écoulement à haute vitesse (Mechanical Engineering)
INFO:__main__:Grant #950 classification DONE			Predicting duration and rehospitalization of psychiatric emergency patients: The Signature BioBank
INFO:__main__:Grant #951 classification DONE			Perceptions de justice dans les services : les cas des travailleurs de la restauration et des enseignants universitaires au Québec et en France (Sociology, demography and related fields)
INFO:__main__:Grant #952 classification DONE			L'impact de la rémunération tangible et intangible sur le roulement volontaire dans le secteur des TIC au Canada : une approche multiniveaux et longitudinale (Business, management and related fields)
INFO:__main__:Grant #953 classification DONE			The Axolotl a model for vertebrate limb regeneration (Genes, Cells and Molecules)
INFO:__main__:Grant #954 classification DONE			Microglial fatty acid signalling as a modulator of diet-induced neuroimmune responses in obesity (Diabetes, Obesity, Lipid & Lipoprotein Disorders)
INFO:__main__:Grant #955 classification DONE			Diversity and resilience of plant communities in isolated ecosystems (Evolution and Ecology)
INFO:__main__:Grant #956 classification DONE			Dynamic protein interaction networks to map molecular origins of envronmental and genomic variations (Genes, Cells and Molecules)
INFO:__main__:Grant #957 classification DONE			Greening Social Work in Quebec: Exploring the Intersections of Environmental-Ecological Notions in Social Work Theory, Education, and Practice (Education and social work)
INFO:__main__:Grant #958 classification DONE			L'oeuvre d'art comme «analyseur»: en quête d'une méthodologie (Fine arts, research-creation)
INFO:__main__:Grant #959 classification DONE			Control of bacterial cell shape through cell-wall remodeling (Microbiology & Infectious Diseases)
INFO:__main__:Grant #960 classification DONE			Role and therapeutic potential of the atypical MAP kinase ERK3 in basal-like breast cancer progression (Molecular & Cellular Biology of Cancer)
INFO:__main__:Grant #961 classification DONE			Personnalisation en temps réel d'interface en fonction de la charge cognitive des utilisateurs (Civil, Industrial and Systems Engineering)
INFO:__main__:Grant #962 classification DONE			The I-Care project : Assessing the impact of a multimodal childcare-based intervention to prevent disruptive behaviour problems in children (Psychology)
INFO:__main__:Grant #963 classification DONE			Inter-individual variability in cognitive aging: Neural mechanisms, reserve processes and malleability of neuroprotective processes (Biological Systems and Functions)
INFO:__main__:Grant #964 classification DONE			Maternal immune cells mediated endothelial activation in preeclampsia (Clinical Investigation – Reproduction, Maternal, Child and Youth Health)
INFO:__main__:Grant #965 classification DONE			Projet 'Parité sciences'
INFO:__main__:Grant #966 classification DONE			A Pragmatic Randomized Clinical Trial on Immersive Virtual Reality Compared to Non-Immersive Distraction Using a Tablet for Pain and Anxiety Management of Children During Bone Pins and Sutures Removal in Orthopedic Clinics (Clinical Investigation – Reproduction, Maternal, Child and Youth Health)
INFO:__main__:Grant #967 classification DONE			IMAGE-GUIDED INJECTION WITH A HIGH-RESOLUTION ULTRASOUND SYSTEM ADAPTED FOR RODENT USE (Genes, Cells and Molecules)
INFO:__main__:Grant #968 classification DONE			Quantum theory and applications (Physics)
INFO:__main__:Grant #969 classification DONE			Cardioprotective effect of a cyclic azapeptide ligand of CD36 against ischemia-reperfusion damage and dysfunction in mice (Cardiovascular System – Heart and Circulation)
INFO:__main__:Grant #970 classification DONE			The Mobile health for Kids with Asthma (MoKA) study: predicting exacerbations through multimodal data and machine learning
INFO:__main__:Grant #971 classification DONE			Towards a multi-trajectory understanding of intimate partner homicide (Psychology, linguistics and translation)
INFO:__main__:Grant #972 classification DONE			Predicting future primary psychotic disorders in youth with methamphetamine-psychosis disorder (Methamphetamine and related psychostimulant use)
INFO:__main__:Grant #973 classification DONE			The MYC/MIZ-1 complex in germinal center B cells and B cell lymphomagenesis
INFO:__main__:Grant #974 classification DONE			Nouvelle méthodologie prenant en compte les hydrogrammes probabilistes de rupture de barrages par temps sec pour déterminer les vraies zones à risque tenant compte du recul des berges et de l'érosion fluviale (Civil, Industrial and Systems Engineering)
INFO:__main__:Grant #975 classification DONE			Interpretable Decision Processes in Data-Driven Supply Chains
INFO:__main__:Grant #976 classification DONE			Central control of energy homeostasis by neuronal adipose triglyceride lipase (Diabetes, Obesity, Lipid & Lipoprotein Disorders)
INFO:__main__:Grant #977 classification DONE			Les cybryontes et l'anthropocène: Des conditions de possibilité de nouvelles symbioses (Fine Arts, Research-Creation)
INFO:__main__:Grant #978 classification DONE			L'Insécurité au Sahel et ses Effets sur l'Accès des Services de Santé (ISEASS)
INFO:__main__:Grant #979 classification DONE			Advanced reagent delivery systems for microfluidics (Materials and Chemical Engineering)
INFO:__main__:Grant #980 classification DONE			Generative models for 3D textures (Computer Science)
INFO:__main__:Grant #981 classification DONE			The many paths to ecological network inference: reconciling machine learning, empirical data, and ecological knowledge (Evolution and Ecology)
INFO:__main__:Grant #982 classification DONE			Social environment and functioning of adolescents born pre-term (Social & Developmental Aspects of Children's & Youth's Health)
INFO:__main__:Grant #983 classification DONE			Beyond socioeconomic disadvantages: Deepening our understanding of structural inequalities in disparate child protection involvement (Education and social work)
INFO:__main__:Grant #984 classification DONE			Uncovering tumor specific antigens and vulnerabilities in ETP-acute lymphoblastic leukemia
INFO:__main__:Grant #985 classification DONE			Démystifier les mathématiques
INFO:__main__:Grant #986 classification DONE			Defining interrelationships between brain region-specific structural plasticity and sleep electrophysiology via the integration of sex and learning (Behavioural Sciences – Neurobiological Basis of Behavioural Processes)
INFO:__main__:Grant #987 classification DONE			Becoming an adult in changing times: Struggles and resilience among youth who entered adulthood without a high school diploma (Education and social work)
INFO:__main__:Grant #988 classification DONE			The just organization (Business, management and related fields)
INFO:__main__:Grant #989 classification DONE			Exploring the use of temporal cues for the optimization of speech processing, perception, and comprehension (Mechanical Engineering)
INFO:__main__:Grant #990 classification DONE			PICO Search for Dark Matter with Bubble Chambers (Subatomic Physics)
INFO:__main__:Grant #991 classification DONE			Is quantitative research in political science credible? (Political science and public administration)
INFO:__main__:Grant #992 classification DONE			The hardening of soft information in financial markets
INFO:__main__:Grant #993 classification DONE			From micro- to macro-reentries in discrete multiscale mathematical models of atrial tissue (Genes, Cells and Molecules)
INFO:__main__:Grant #994 classification DONE			Mapping scientific consensus in the age of misinformation
INFO:__main__:Grant #995 classification DONE			The role of RGS9 in pancreatic islet function (Biological Systems and Functions)
INFO:__main__:Grant #996 classification DONE			La diversité dans les équipes de travail: le rôle des perceptions des membres (Psychology)
INFO:__main__:Grant #997 classification DONE			Real-time Control of Decoded Brain Activity Using Artificial Neural Networks (Biological Systems and Functions)
INFO:__main__:Grant #998 classification DONE			Conférence internationale et publication « Logement : crises partout, justice nulle part ! ». Coconstruire et mutualiser les savoirs
INFO:__main__:Grant #999 classification DONE			Verdir les chantiers de construction par l'adoption des comportements écoresponsables : une étude de cas du secteur non résidentiel
INFO:__main__:Grant #1000 classification DONE			Highly Entangled Quantum Matter
INFO:__main__:Grant #1001 classification DONE			Usinage intelligent des composants d'aéronefs de haute précision (UICAP)
INFO:__main__:Grant #1002 classification DONE			Socialness in the Digital Economy: Supporting Meaningful Work through Enterprise Social Media
INFO:__main__:Grant #1003 classification DONE			Proactive prescription-based fluid management vs usual care in critically ill patients on Kidney Replacement Therapy
INFO:__main__:Grant #1004 classification DONE			Safe and selective anti-parasite therapy targeting ribosome and glycosome function (Pharmaceutical Sciences)
INFO:__main__:Grant #1005 classification DONE			Rational Integration of Molecular and surface interactions for lubricating, adhesive and high penetration soft materials (Materials and Chemical Engineering)
INFO:__main__:Grant #1006 classification DONE			Comprendre les antécédents et les conséquences d'une gestion algorithmique transparente, juste et habilitante
INFO:__main__:Grant #1007 classification DONE			Sustainable Healthy Cities: The Interplay between Urban Interventions, Gentrification, and Population Health (Public, Community & Population Health)
INFO:__main__:Grant #1008 classification DONE			Regards croisés sur les conditions de travail, les politiques publiques et la résistance: récits de vie de travailleurs et travailleuses pauvres au Canada, en Inde et au Brésil (Sociology, demography and related fields)
INFO:__main__:Grant #1009 classification DONE			Examining the effectiveness of AI-powered health technology to improve self management of mental health and reduce inequities in mental health care
INFO:__main__:Grant #1010 classification DONE			Probing the Particle Nature of Dark Matter with Strong Gravitational Lensing (Physics)
INFO:__main__:Grant #1011 classification DONE			Large reductions in arterial CARbon dioxide and development of acute Brain Injury in invasively mechanically ventilated patients with acute respiratory failure (CARBI)
INFO:__main__:Grant #1012 classification DONE			Investigating Intercommunications of Glioblastoma with Brain Microenvironment using 3D Organoid (Genes, Cells and Molecules)
INFO:__main__:Grant #1013 classification DONE			Autonomous Deep Learning for AI (Computer Science)
INFO:__main__:Grant #1014 classification DONE			Supply Chain Analytics under Disruptive Uncertainty (Civil, Industrial and Systems Engineering)
INFO:__main__:Grant #1015 classification DONE			Concevoir et développer des outils d'appréciation et de réduction des risques physiques au travail liés aux équipements
INFO:__main__:Grant #1016 classification DONE			Reaction Mechanisms and Methodology for the Design and Synthesis of Bioactive Agents (Chemistry)
INFO:__main__:Grant #1017 classification DONE			Algebraic methods for lattice models of statistical physics (Mathematics and Statistics)
INFO:__main__:Grant #1018 classification DONE			Optimisation et développement de technologies de déphosphatation des eaux usées
INFO:__main__:Grant #1019 classification DONE			The Eastern Canada Preparedness Hub - ECaPH
INFO:__main__:Grant #1020 classification DONE			On chip optical microresonators for light emission, manipulation & sensing (Electrical and Computer Engineering)
INFO:__main__:Grant #1021 classification DONE			Kushpitau ! (montons en territoire)
INFO:__main__:Grant #1022 classification DONE			Hardware support for reliable networking; from protocols to accelerators (Electrical and Computer Engineering)
INFO:__main__:Grant #1023 classification DONE			Documentary Activism by Migrant Filmmakers from Cuba and Venezuela (2013-2023) (Fine arts, research-creation)
INFO:__main__:Grant #1024 classification DONE			Investigating the role of notochord defects in the etiopathogenesis of congenital scoliosis
INFO:__main__:Grant #1 limited group-level DONE			Quelles sont les mathématiques utilisées par les ingénieurs au quotidien? Une étude sur les pratiques des ingénieurs pour déterminer leurs besoins mathématiques (Education and social work)
INFO:__main__:Grant #2 limited group-level DONE			High-tech paper: Security printing and the aesthetics of trust (Communications, media studies, gender studies, library and information science, related fields)
INFO:__main__:Grant #3 limited group-level DONE			Integrin Alpha8 is a novel mediator of T lymphocyte migration across the CNS barriers (Systems & Circuits Neurosciences)
INFO:__main__:Grant #4 limited group-level DONE			Growing up trans: A qualitative, international, and longitudinal investigation of trans youth access to gender affirming medical care, gender affirmation and well-being (Social & Developmental Aspects of Children's & Youth's Health)
INFO:__main__:Grant #5 limited group-level DONE			Programmable DNA-based switches and nanomachines for sensing and drug delivery applications (Chemistry)
INFO:__main__:Grant #6 limited group-level DONE			Interactions between attention, perception and reaching movements (Biological Systems and Functions)
INFO:__main__:Grant #7 limited group-level DONE			Design and Management of Fog Networks (Computer Science)
INFO:__main__:Grant #8 limited group-level DONE			Polymer Porous Fibrous Structures with Antiviral Properties (Materials and Chemical Engineering)
INFO:__main__:Grant #9 limited group-level DONE			L'art Noir: cartographies for an emerging field (Multidisciplinary or interdisciplinary humanities)
INFO:__main__:Grant #10 limited group-level DONE			System Identification of Human Postural Control: A Multimodal Sensory Stimulation Approach for Diagnosing Balance Disorders
INFO:__main__:Grant #11 limited group-level DONE			Transitioning patients with advanced chronic kidney disease to home or facility dialysis: understanding the experience and quality of life for patients and their caregivers (TRANSIT-CARE)
INFO:__main__:Grant #12 limited group-level DONE			Tenrikyo and the Rise and Fall of New Religions in Japan (Philosophy, medieval studies, classics, religious)
INFO:__main__:Grant #13 limited group-level DONE			Systems biology of size control in eukaryotes (Genes, Cells and Molecules)
INFO:__main__:Grant #14 limited group-level DONE			Drop-based microfluidics (DBM) for single cell studies and ultrahigh-throughput phenotypic screens and lab evolution (Genes, Cells and Molecules)
INFO:__main__:Grant #15 limited group-level DONE			Neural repair in glaucoma: the role of insulin signaling (Cell Biology – Disease)
INFO:__main__:Grant #16 limited group-level DONE			Impacts des mesures de protection contre la COVID-19 sur la communication des personnes malentendantes
INFO:__main__:Grant #17 limited group-level DONE			Mixité sociale et scolaire en classe : perception des exigences professionnelles des étudiant·e·s en formation à l'enseignement au Québec et en Suisse (Education and social work)
INFO:__main__:Grant #18 limited group-level DONE			Discharges at/near gas-liquid and liquid-liquid interfaces: fundamental investigation and application in liquid processing and nanomaterial synthesis (Physics)
INFO:__main__:Grant #19 limited group-level DONE			Fully-Lagrangian three-dimensional modelling of river ice jam initiation
INFO:__main__:Grant #20 limited group-level DONE			Juger l'homosexualité, attribuer l'asile: le traitement des demandes d'asile OSIG au Canada (Political science and public administration)
INFO:__main__:Grant #21 limited group-level DONE			Intentions or affect: Which is a key driver of physical activity? Using ecological momentary assessment to understand the intention-behaviour gap in schizophrenia spectrum disorders (Multidisciplinary or interdisciplinary social sciences)
INFO:__main__:Grant #22 limited group-level DONE			Biophysical and genetic control of root growth
INFO:__main__:Grant #23 limited group-level DONE			Open-source numerical strategy for the analysis and redesign of turbomachine blades accounting for nonlinear structural interactions
INFO:__main__:Grant #24 limited group-level DONE			Application of Boltzmann Transport Equation solutions to nuclear reactor physics and radiotherapy applications (Physics)
INFO:__main__:Grant #25 limited group-level DONE			La théorie des graphes : analyse structurelle, algorithmique et applications dans les sciences de l'ingénieur
INFO:__main__:Grant #26 limited group-level DONE			Interdisciplinary Canadian Collaborative ME Research Network
INFO:__main__:Grant #27 limited group-level DONE			La nouvelle politique de la redistribution (Political science and public administration)
INFO:__main__:Grant #28 limited group-level DONE			Extracellular vesicles and their miR cargo to enhance ischemia-induced neovascularization in peripheral artery disease (Cardiovascular System – Vascular System)
INFO:__main__:Grant #29 limited group-level DONE			Low-Dimensional Organic Materials for Energy, Electronic and Environment Applications
INFO:__main__:Grant #30 limited group-level DONE			Histone protein supply and demand: life on a knife's edge (Genes, Cells and Molecules)
INFO:__main__:Grant #31 limited group-level DONE			Bayesian deep-learning prediction with sparse graphs (Mathematics and Statistics)
INFO:__main__:Grant #32 limited group-level DONE			At the Edge of Soft Power: French Saint-Simonians and Nineteenth-Century Visions of Development (History)
INFO:__main__:Grant #33 limited group-level DONE			Random walks on random graphs in high dimensions (Mathematics and Statistics)
INFO:__main__:Grant #34 limited group-level DONE			Roles, mechanisms of action and regulation of Hippo signaling in the testis (Biological Systems and Functions)
INFO:__main__:Grant #35 limited group-level DONE			The role of the TGFB-SOX9 signaling pathway in brain angiogenesis (Biological Systems and Functions)
INFO:__main__:Grant #36 limited group-level DONE			A randomized controlled trial comparing Virtual Reality Therapy to Supportive Therapy to reduce cannabis use in patients with psychotic disorders
INFO:__main__:Grant #37 limited group-level DONE			Le contrat didactique en sciences humaines au primaire : mieux comprendre les pratiques enseignantes et leurs effets sur l'apprentissage (Education and social work)
INFO:__main__:Grant #38 limited group-level DONE			Impact of insects by-products and phytogenics on the piglet's intestinal health
INFO:__main__:Grant #39 limited group-level DONE			Response of the continental water cycle to greenhouse warming: evaluating, understanding and constraining Earth System Model projections (Geosciences)
INFO:__main__:Grant #40 limited group-level DONE			Why Do Green Products Suffer from Low Consumer Preference? An Explanation Based on Ease of Benefit Visualization and Price Fairness Perceptions
INFO:__main__:Grant #41 limited group-level DONE			Architecture comme tissu spatial et social: perspectives japonaises pour promouvoir les relations multi échelles (Geography, urban planning and related fields)
INFO:__main__:Grant #42 limited group-level DONE			Femmes mémorialistes sous l'Ancien Régime (XVIe-XVIIIe siècles)
INFO:__main__:Grant #43 limited group-level DONE			Répit Une Heure pour Moi : Ethnographie ciblée d'un programme de soutien familial à domicile pour les familles dont un enfant a des problèmes de santé mentale
INFO:__main__:Grant #44 limited group-level DONE			The ethical challenges of Artificial Intelligence for start-ups
INFO:__main__:Grant #45 limited group-level DONE			Integrating impacts from marine plastics in Life Cycle Assessment (Civil, Industrial and Systems Engineering)
INFO:__main__:Grant #46 limited group-level DONE			A Semantic Parsing Approach to Open-world Knowledge Graph Question Answering
INFO:__main__:Grant #47 limited group-level DONE			Appropriation et déploiement d'une approche pédagogique antiraciste chez des formateurs en sciences de la santé (Indigenous research)
INFO:__main__:Grant #48 limited group-level DONE			Pathways for the digital economy: Adolescent digital literacies and InstaPoetry
INFO:__main__:Grant #49 limited group-level DONE			Les discours en matière de pauvreté dans les revues scientifiques francophones du travail social : ce qu'ils nous disent du travail social et de ses rapports à la science et à la théorie (Multidisciplinary or interdisciplinary social sciences)
INFO:__main__:Grant #50 limited group-level DONE			Bilingualism and attentional processes in the age and language proficiency continuum (Biological Systems and Functions)
INFO:__main__:Grant #51 limited group-level DONE			Arts de la scène, innovations technologiques et clowns pour le renouvellement de l'opéra
INFO:__main__:Grant #52 limited group-level DONE			"Domestic art galleries" in Cuba, Russia, and China after 1989: a(n) (imagined) trans-socialist network (Fine Arts, Research-Creation)
INFO:__main__:Grant #53 limited group-level DONE			Advancing the understanding of fundamental principles of motor control (Biological Systems and Functions)
INFO:__main__:Grant #54 limited group-level DONE			Impact Award: Insight
INFO:__main__:Grant #55 limited group-level DONE			New Methods for the Stereoselective Synthesis of Organic Compounds (Chemistry)
INFO:__main__:Grant #56 limited group-level DONE			Capturer le rythme de la vie moderne : le montage rapide comme symptôme et modèle pour les sociétés du début du XXe siècle jusqu'à aujourd'hui (Fine Arts, Research-Creation)
INFO:__main__:Grant #57 limited group-level DONE			Environnement, médias, archives : une anatomie contemporaine de la mélancolie et de la nostalgie (Fine Arts, Research-Creation)
INFO:__main__:Grant #58 limited group-level DONE			Multimode determination of gene transcription and metabolic labeling (Genes, Cells and Molecules)
INFO:__main__:Grant #59 limited group-level DONE			SLAMF7 in innate immune cells and anti-cancer immunotherapy
INFO:__main__:Grant #60 limited group-level DONE			À votre service : figures ambivalentes du care dans le Roman français de 1870 à 1945 (Literature)
INFO:__main__:Grant #61 limited group-level DONE			Using a point-of-care electrophysiological method to study the impact of neuro-sacral function on recovery after acute spinal cord injury
INFO:__main__:Grant #62 limited group-level DONE			Local intersectoral networks and institutional transformations: how can local actors promote social innovations? (Education)
INFO:__main__:Grant #63 limited group-level DONE			Plasma biomarkers of Alzheimer's disease in insomnia before and after cognitive behavioral therapy for insomnia
INFO:__main__:Grant #64 limited group-level DONE			Developing algorithm aided fabrication methods for polyhedral structures (Civil, Industrial and Systems Engineering)
INFO:__main__:Grant #65 limited group-level DONE			SARS-CoV-2 Spike conformation: impact on Fc-mediated effector functions (Virology & Viral Pathogenesis)
INFO:__main__:Grant #66 limited group-level DONE			Questions in number theory (Mathematics and Statistics)
INFO:__main__:Grant #67 limited group-level DONE			The mammalian target of rapamycin provides the female rodent heart sex-dependent resistance to ischemic damage (Gender, Sex & Health)
INFO:__main__:Grant #68 limited group-level DONE			The CAnadian Mother-ChIld COLlaborative Training Platform - The CAMCCO-L Training Platform (Health Research Training Platform)
INFO:__main__:Grant #69 limited group-level DONE			Life course body fatness and physical activity, and ovarian cancer etiology (Gender, Sex & Health)
INFO:__main__:Grant #70 limited group-level DONE			Modeling cue-triggered relapse to cocaine use in rats (Behavioural Sciences – Neurobiological Basis of Behavioural Processes)
INFO:__main__:Grant #71 limited group-level DONE			Exploring emotional underpinnings of audit work amidst the rise of the digital age
INFO:__main__:Grant #72 limited group-level DONE			Moving towards culturally safe services for Indigenous people in forensic mental health: A Partnership Development Programme
INFO:__main__:Grant #73 limited group-level DONE			Development of functional language brain networks: a multimodal neuroimaging approach (Physics)
INFO:__main__:Grant #74 limited group-level DONE			Une deuxième peau à vif: vêtement, genre et violence dans la Bible hébraïque (Philosophy, medieval studies, classics, religious)
INFO:__main__:Grant #75 limited group-level DONE			Social Innovation through Participatory Art and Design with Youth at the Margins - Solutions for Engaging and Empowering Youth with Trans-Atlantic Mirroring (Social Innovation)
INFO:__main__:Grant #76 limited group-level DONE			Assessment of renal function in adults born preterm: The HAPI-Kidney study (Clinical Investigation – Reproduction, Maternal, Child and Youth Health)
INFO:__main__:Grant #77 limited group-level DONE			Unveiling the Role of Cellular Aging in Postmenopausal Syndrome: Rationale for Senolytic-Based Strategies to Enhance Women's Health
INFO:__main__:Grant #78 limited group-level DONE			Optimizing the Ageing Brain? Situating Ethical Aspects of Dementia Prevention (BEAD)
INFO:__main__:Grant #79 limited group-level DONE			Multicommunicating during team meetings and its effect on team functioning
INFO:__main__:Grant #80 limited group-level DONE			Transitioning from late adolescence into emerging adulthood: The role of past and current parenting (Psychology)
INFO:__main__:Grant #81 limited group-level DONE			Plateforme intégrée de caractérisation expérimentale/numérique pour la conception de matériaux poreux innovants (Mechanical Engineering)
INFO:__main__:Grant #82 limited group-level DONE			How Peers in Healthcare Teams Transform Homelessness Prevention and Care Practices: A Participatory Multiple Case Study
INFO:__main__:Grant #83 limited group-level DONE			Online stochastic optimization for dynamic operations management systems (Civil, Industrial and Systems Engineering)
INFO:__main__:Grant #84 limited group-level DONE			Assessing latent-structure models in natural language processing with artificial datasets (Computer Science)
INFO:__main__:Grant #85 limited group-level DONE			Electroactive Self-Assembled Monolayers: Putting Surface-Confined Redox Reactions to Work (Chemistry)
INFO:__main__:Grant #86 limited group-level DONE			Role of SCPPPQ1, a junctional epithelium protein, in maintaining periodontal integrity and health (Clinical Investigation – Arthritis, Bone, Skin and Cartilage)
INFO:__main__:Grant #87 limited group-level DONE			What dreams may come: How cinema shapes the language, experience, and images of dreaming (Multidisciplinary or interdisciplinary social sciences)
INFO:__main__:Grant #88 limited group-level DONE			Supramolecular strategies to target cellular membranes (Chemistry)
INFO:__main__:Grant #89 limited group-level DONE			Geopolitics, bargaining, and firm selection along the Belt and Road
INFO:__main__:Grant #90 limited group-level DONE			Role of neuron-glia interactions in sensori-motor integration in mastication (Movement & Exercise)
INFO:__main__:Grant #91 limited group-level DONE			Dual-Energy Cone-Beam CT as an online quantitative imaging modality for adaptive radiotherapy (Physics)
INFO:__main__:Grant #92 limited group-level DONE			Le "patient expert": enjeux épistémiques et normatifs (Philosophy, medieval studies, classics, religious)
INFO:__main__:Grant #93 limited group-level DONE			Les données numériques en santé: peut-on bâtir la confiance
INFO:__main__:Grant #94 limited group-level DONE			Role of ARF1 as a key GTPAse regulating immune surveillance in breast cancer
INFO:__main__:Grant #95 limited group-level DONE			Critical Replacement of Thermogravimetric Analyzer to Leverage Materials Discovery and Innovation (Chemistry)
INFO:__main__:Grant #96 limited group-level DONE			Partnering with Canadian Youth to Co-Design a Toolkit to Support Youth who Experience Climate-Related Distress
INFO:__main__:Grant #97 limited group-level DONE			Family Acculturation: Identity, Legitimacy, and the Marketplace
INFO:__main__:Grant #98 limited group-level DONE			Low-Resource Text Understanding (Computer Science)
INFO:__main__:Grant #99 limited group-level DONE			Privilège des minoritaires et inégalités épistémiques: une perspective féministe et décoloniale sur la reconnaissance des savoirs expérientiels dans la lutte contre la pauvreté au Québec et en Belgique francophone (Sociology, demography and related fields)
INFO:__main__:Grant #100 limited group-level DONE			L'esthétique moyenne ou la coupe régulière (Sociology, demography and related fields)
INFO:__main__:Grant #101 limited group-level DONE			Deepening understanding on infant and child mortality disparities in low- and middle-income countries: untangling the direct and indirect effects of gender inequality (Multidisciplinary or interdisciplinary social sciences)
INFO:__main__:Grant #102 limited group-level DONE			Isolating the role of the raphe-ventral hippocampus serotonergic pathway in anxiety (Behavioural Sciences – Neurobiological Basis of Behavioural Processes)
INFO:__main__:Grant #103 limited group-level DONE			Facing pain is effortful: a multidisciplinary approach to investigate the effects of pain on perception of effort and performance (Biological Systems and Functions)
INFO:__main__:Grant #104 limited group-level DONE			Enjeux émergents liés à la présence de manganèse dans les eaux potables (Civil, Industrial and Systems Engineering)
INFO:__main__:Grant #105 limited group-level DONE			Élaboration d'un procédé de stockage de CO2 par minéralisation visant à réduire les émissions des Gaz à Effet de Serre du secteur agricole
INFO:__main__:Grant #106 limited group-level DONE			Factor models for forecasting and macroeconomic applications (Economics)
INFO:__main__:Grant #107 limited group-level DONE			Une histoire écrite avec des si. Les devenirs romanesques des idéaux libertaires (1898-1940) (Literature)
INFO:__main__:Grant #108 limited group-level DONE			Jean-Marc Vallée : de Montréal à Hollywood
INFO:__main__:Grant #109 limited group-level DONE			Prebiotics to modify the gut microbiome and enhance immune checkpoint blockers (Cancer Progression & Therapeutics)
INFO:__main__:Grant #110 limited group-level DONE			Words Matter, Numbers Matter, Ways Matter: Establishing a Data and Resource Platform to Guide Equitable Healthcare for Women Living with Female Genital Mutilation/Cutting in Canada (Public, Community & Population Health)
INFO:__main__:Grant #111 limited group-level DONE			Dynamiques de cohabitation à l'ère de la "super-diversité" (Anthropology and archaeology)
INFO:__main__:Grant #112 limited group-level DONE			Dependence Modelling for Arbitrary Distributions (Mathematics and Statistics)
INFO:__main__:Grant #113 limited group-level DONE			CONTACT BY SEA: : Basques et Autochtones dans le golfe Saint-Laurent, XVIe-XVIIIe siècle (Anthropology and archaeology)
INFO:__main__:Grant #114 limited group-level DONE			The impact of genetic variation on genome biology and function (Genes, Cells and Molecules)
INFO:__main__:Grant #115 limited group-level DONE			Orphan Nuclear Receptor Regulation of Fertility (Clinical Investigation – Reproduction, Maternal, Child and Youth Health)
INFO:__main__:Grant #116 limited group-level DONE			Identifying the roles of atypical MAP kinases ERK3 and ERK4 in cardiac remodelling (Cardiovascular System – Heart and Circulation)
INFO:__main__:Grant #117 limited group-level DONE			Valorisation des données industrielles (Civil, Industrial and Systems Engineering)
INFO:__main__:Grant #118 limited group-level DONE			Multiphysics and multiscale modeling for the intensification of chemical engineering processes (Materials and Chemical Engineering)
INFO:__main__:Grant #119 limited group-level DONE			Targeting BMP signaling in the tumor endothelium to improve cancer immunotherapy (Cancer Progression & Therapeutics)
INFO:__main__:Grant #120 limited group-level DONE			The Impact of Job Transformations on Frontline Employees' Burnout and Performance: Examining the Roles of Manager Support and Empathy
INFO:__main__:Grant #121 limited group-level DONE			Structural design and rehabilitation of bridge superstructure and foundation elements utilizing fibre reinforced concrete and ultra-high performance fibre reinforced concrete with conventional reinforcement
INFO:__main__:Grant #122 limited group-level DONE			Des dispositifs de développement professionnels transformateurs pour les enseignants du postsecondaire (Education and social work)
INFO:__main__:Grant #123 limited group-level DONE			High-fidelity simulations of turbulent combustion relevant to gas turbines and compression ignition engines (Mechanical Engineering)
INFO:__main__:Grant #124 limited group-level DONE			Responsible Conduct in Research: From Norms to Practice
INFO:__main__:Grant #125 limited group-level DONE			Integrity of the cellular transformation barriers in reprogrammed cell (Genes, Cells and Molecules)
INFO:__main__:Grant #126 limited group-level DONE			Deuterostome extracellular matrix structures (ossicles and tubes): Evolution, composition, function and development (Evolution and Ecology)
INFO:__main__:Grant #127 limited group-level DONE			Finding Order in Chaos: Vibrational Spectroscopy Study of Oriented Soft Materials (Chemistry)
INFO:__main__:Grant #128 limited group-level DONE			COVID-19 seroepidemiology in children Using Retrieved POPCORN site Leftover Samples (CURNLS)
INFO:__main__:Grant #129 limited group-level DONE			COVIH study: COVID-19 burden in HIV infected individuals
INFO:__main__:Grant #130 limited group-level DONE			Unravelling the physiological function of a highly conserved HNRNPA1 splice variant (Genes, Cells and Molecules)
INFO:__main__:Grant #131 limited group-level DONE			Valorisation des données de production manufacturière pour une prise de décision personnalisée et décentralisée
INFO:__main__:Grant #132 limited group-level DONE			Uncovering causal complexities and trade-offs in the acceptance of mobile apps used to protect communities: the case of emergency response and contact tracing technologies
INFO:__main__:Grant #133 limited group-level DONE			Acquisition of an ultracentrifuge to support research in the field of veterinary infectious diseases (Biological Systems and Functions)
INFO:__main__:Grant #134 limited group-level DONE			Penser et agir pour la paix au Québec (Multidisciplinary or interdisciplinary humanities)
INFO:__main__:Grant #135 limited group-level DONE			Towards a visualization-assisted international history of videogame culture (Fine Arts, Research-Creation)
INFO:__main__:Grant #136 limited group-level DONE			Modélisation et optimisation biomécanique d'orthèses et d'instrumentation de modulation de croissance pour le traitement de la scoliose pédiatrique
INFO:__main__:Grant #137 limited group-level DONE			Randomized controlled trial to evaluate the effect of a postural re-education intervention compared to standard care on scoliosis progression in adolescent (Clinical Investigation – Arthritis, Bone, Skin and Cartilage)
INFO:__main__:Grant #138 limited group-level DONE			Sommeil après une commotion cérébrale : impact sur le bien-être et le fonctionnement familial (Multidisciplinary or interdisciplinary social sciences)
INFO:__main__:Grant #139 limited group-level DONE			Few-Mode Optical Coherence Tomography (FM-OCT)
INFO:__main__:Grant #140 limited group-level DONE			(IN)VISIBILISATION : Le design au prisme de l'itinérance
INFO:__main__:Grant #141 limited group-level DONE			Targeting SMOC2-induced epithelial-to-mesenchymal transition inhibits senescence in mouse models of kidney fibrosis (Hematology, Digestive Disease & Kidney)
INFO:__main__:Grant #142 limited group-level DONE			Modèle explicatif des liens drogues-crimes des jeunes femmes adultes: une nouvelle perspective (Law and criminology)
INFO:__main__:Grant #143 limited group-level DONE			Mégadonnées et techniques avancées démystifiées
INFO:__main__:Grant #144 limited group-level DONE			Developing neurocomputational tools for the prediction and modulation of consciousness (Electrical and Computer Engineering)
INFO:__main__:Grant #145 limited group-level DONE			Description et analyse des interactions orales entre adulte (enseignante/parent) et enfant en lien avec les habiletés narratives lors de la lecture d'albums plurilingues dans une perspective de collaboration école-famille en milieu pluriethnique (Education and social work)
INFO:__main__:Grant #146 limited group-level DONE			Contribuer au développement d'écoles plus justes et inclusives du personnel scolaire de groupes racisés : quels cadres de référence éthique pour les directions d'établissement d'enseignement? (Education and social work)
INFO:__main__:Grant #147 limited group-level DONE			Manipulating methionine metabolism to shape immune responses and modify disease progression in both sexes in MS (Systems & Circuits Neurosciences)
INFO:__main__:Grant #148 limited group-level DONE			Lymphatic vessel function in atherosclerosis (Clinical Investigation – Cardiovascular Systems)
INFO:__main__:Grant #149 limited group-level DONE			Théorie de l'improvisation comme pratique de vulnérabilité en recherche-création (Literature)
INFO:__main__:Grant #150 limited group-level DONE			Potentialiser le leadership normatif de l'Organisation mondiale de la santé: une étude internationale (Law and criminology)
INFO:__main__:Grant #151 limited group-level DONE			PARCS en Santé: Contrôler les agents pathogènes transmis par les tiques tout en protégeant la biodiversité des parcs nature péri-urbains
INFO:__main__:Grant #152 limited group-level DONE			Appréhender la colère sociale : une enquête comparative auprès des jeunes NEET au Québec et en Ontario (Sociology, demography and related fields)
INFO:__main__:Grant #153 limited group-level DONE			La professionnalisation des enseignants d'éducation physique et à la santé à l'école primaire et secondaire : l'enjeu stratégique du savoir professionnel au Québec et en Ontario (Education and social work)
INFO:__main__:Grant #154 limited group-level DONE			Two-phase flow numerical model development based on experimental characterization (Mechanical Engineering)
INFO:__main__:Grant #155 limited group-level DONE			Idea vitality and group idea elaboration
INFO:__main__:Grant #156 limited group-level DONE			La réorganisation des services institutionnels et communautaires auprès des personnes en situation d'itinérance et les besoins des personnes en situation d'itinérance pour faire face à la pandémie de COVID-19
INFO:__main__:Grant #157 limited group-level DONE			Contribution of 17beta-estradiol in pregnancy-related cardiac arrhythmias (Cardiovascular System – Cells and Tissues)
INFO:__main__:Grant #158 limited group-level DONE			Le vivant à l'aune de l'Anthropocène. Étude des enjeux matériels, sociaux, culturels, éthiques et épistémologiques des représentations du vivant et des imaginaires sociotechniques des biotechnologies (Mutidisciplinary or interdisciplinary social sciences)
INFO:__main__:Grant #159 limited group-level DONE			Connectivité intelligente des véhicules urbains dans un réseau hétérogène d'ondes millimétriques (Electrical and Computer Engineering)
INFO:__main__:Grant #160 limited group-level DONE			How spokespersons stand for, act for, and speak for a collective: Understanding the communicative inner workings of political representation and its organizing effects (Communications, media studies, gender studies, library and information science, related fields)
INFO:__main__:Grant #161 limited group-level DONE			Coconstruire un modèle théorique de l'objection de conscience : approfondir sa compréhension afin de mieux l'intégrer à la formation et la pratique infirmière
INFO:__main__:Grant #162 limited group-level DONE			Acceptability, user experience and effect of a new mobile app, 'OUPS!', a FemTech solution designed for the treatment of urinary incontinence in menopausal women: a mixed method study
INFO:__main__:Grant #163 limited group-level DONE			Traduction et journalisme/Translation and Journalism/Traducción y periodismo
INFO:__main__:Grant #164 limited group-level DONE			Réponse différentielle à l'évaluation formelle en protection de la jeunesse en contexte de diversité ethnoculturelle: portrait de la situation et perspectives des familles et des intervenants (Education and social work)
INFO:__main__:Grant #165 limited group-level DONE			Grey box optimization (Civil, Industrial and Systems Engineering)
INFO:__main__:Grant #166 limited group-level DONE			Polymers for realizing energetic materials with tailored performance (Materials and Chemical Engineering)
INFO:__main__:Grant #167 limited group-level DONE			How does the interplay between mandatory and voluntary regulation shape industry practice change for the better?
INFO:__main__:Grant #168 limited group-level DONE			Unité de liaison pour la recherche internationale sur le conseil scientifique
INFO:__main__:Grant #169 limited group-level DONE			La téléologie naturelle au 18e siècle (Philosophy)
INFO:__main__:Grant #170 limited group-level DONE			Mouvements sociaux, droits sociaux et démocratie. Une théorie normative (Philosophy)
INFO:__main__:Grant #171 limited group-level DONE			Modeling the thermodynamic and physical properties of Deep Eutectic Solvents (Materials and Chemical Engineering)
INFO:__main__:Grant #172 limited group-level DONE			La qualité des relations employé-superviseur : Un modèle processuel des antécédents, conséquences, et modérateurs des évaluations comparatives
INFO:__main__:Grant #173 limited group-level DONE			Mathésis, mimésis, sémiosis : la littérarité des genres populaires dans les littératures francophones d'Afrique subsaharienne, du Maghreb et des Caraïbes (Literature)
INFO:__main__:Grant #174 limited group-level DONE			Regime Change and Resilience of Maya peoples at the end of the Classic period (ca. 800-1000 CE) (Anthropology and archaeology)
INFO:__main__:Grant #175 limited group-level DONE			Recommendations for culturally sensitive and intersectional practice in suicide prevention intervention for public safety personnel : a qualitative approach (Crisis/Suicide Line and App-based Support Models for post traum. stress in public safety personnel (PSP))
INFO:__main__:Grant #176 limited group-level DONE			Varieties of Valuings (Philosophy)
INFO:__main__:Grant #177 limited group-level DONE			Pilotage en temps réel des systèmes à l'ère de l'industrie 4.0 (Civil, Industrial and Systems Engineering)
INFO:__main__:Grant #178 limited group-level DONE			Understanding Esophageal Atresia using Induced Pluripotent Stem Cells
INFO:__main__:Grant #179 limited group-level DONE			Discovery and characterization of novel genetic-exchange and drug-resistance mechanisms in Leishmania parasites (Microbiology & Infectious Diseases)
INFO:__main__:Grant #180 limited group-level DONE			From Perception and Learning to Understanding and Action (Computer Science)
INFO:__main__:Grant #181 limited group-level DONE			Novel mechanisms of theca cell growth in the ovarian follicle of cattle (Biological Systems and Functions)
INFO:__main__:Grant #182 limited group-level DONE			An OCT-controlled system for precise and reproducible subretinal drug injection in mice
INFO:__main__:Grant #183 limited group-level DONE			Bioenergetic role of astrocytes in neuronal plasticity and behaviour (Genes, Cells and Molecules)
INFO:__main__:Grant #184 limited group-level DONE			In Democracy we trust, do we? (Sociology, demography and related fields)
INFO:__main__:Grant #185 limited group-level DONE			Minimally-invasive monitoring of renal health in reptiles (Biological Systems and Functions)
INFO:__main__:Grant #186 limited group-level DONE			Le réenchantement à contretemps ? Irrationalité et postmodernité littéraire
INFO:__main__:Grant #187 limited group-level DONE			Structure-functional property-device performance relationships in electronic and energy materials and devices
INFO:__main__:Grant #188 limited group-level DONE			AI augmented pilot
INFO:__main__:Grant #189 limited group-level DONE			Transfert, appropriation et rétention des pratiques associées à l'approvisionnement valorisant l'innovation dans le réseau québécois de la santé : le cas de l'approche fonctionnelle
INFO:__main__:Grant #190 limited group-level DONE			Le patrimoine des groupes ethnoculturels de Montréal: le cas de Montréal-Nord
INFO:__main__:Grant #191 limited group-level DONE			Documenting forager adaptations to dramatic climate change at the Pleistocene-Holocene transition in Liguria (Italy) (Anthropology and archaeology)
INFO:__main__:Grant #192 limited group-level DONE			Abordabilité intégrée: état des connaissances sur les interactions entre coûts d'habitation et de transport
INFO:__main__:Grant #193 limited group-level DONE			High definition digital microscope for accelerating Québec entomological research (Environmental Sciences)
INFO:__main__:Grant #194 limited group-level DONE			Envisioning and Enacting UX Evaluation of Augmented Reality: A Multimethod Approach (Civil, Industrial and Systems Engineering)
INFO:__main__:Grant #195 limited group-level DONE			Kinematic-specific proprioceptive stimulations to better understand sensory control of gait movements (Mechanical Engineering)
INFO:__main__:Grant #196 limited group-level DONE			Attentional processes in the human insula (Biological Systems and Functions)
INFO:__main__:Grant #197 limited group-level DONE			Towards More Autonomous and Safer Unmanned Aerial Vehicle Systems (Mechanical Engineering)
INFO:__main__:Grant #198 limited group-level DONE			Subsea and terrestrial permafrost of the central and eastern Canadian Arctic Archipelago (Geosciences)
INFO:__main__:Grant #199 limited group-level DONE			Global Centers Track 2: Heat Adaptation
INFO:__main__:Grant #200 limited group-level DONE			Immunovirological determinants of breakthrough COVID-19 disease in vaccinated or previously infected individuals (Virology & Viral Pathogenesis)
INFO:__main__:Grant #201 limited group-level DONE			Hormonal control of stamen filament growth
INFO:__main__:Grant #202 limited group-level DONE			Investigate features and dynamics of intron RNP biology and its role in modulating RNA metabolism (Biochemistry & Molecular Biology)
INFO:__main__:Grant #203 limited group-level DONE			CircRNAome in childhood TCF3-PBX1 ALL: Biomaker potential and mechanisms of circRNA dysregulation and function
INFO:__main__:Grant #204 limited group-level DONE			Additive manufacturing technologies for high-performance and high-productivity of multifunctional composite structures and their sustainability for aerospace applications
INFO:__main__:Grant #205 limited group-level DONE			Computational methods and frameworks for unsupervised machine learning
INFO:__main__:Grant #206 limited group-level DONE			Au coeur du cosmos TRYSPACES: Colloque, exposition et bibliothèque numérique
INFO:__main__:Grant #207 limited group-level DONE			Understanding Attitudes toward Artists with a Physical Disability
INFO:__main__:Grant #208 limited group-level DONE			Non-target analysis of radicals in sonochemical and advanced oxidation processes (AOPs) (Materials and Chemical Engineering)
INFO:__main__:Grant #209 limited group-level DONE			La cyberviolence dans les relations amoureuses des jeunes : identifier les facteurs de risque et de protection ainsi que leurs impacts différenciés selon le genre
INFO:__main__:Grant #210 limited group-level DONE			"Sentometrics": Econometrics of textual sentiment with applications in economics and finance
INFO:__main__:Grant #211 limited group-level DONE			Clean Energy transition, Market Design and Industry Dynamics
INFO:__main__:Grant #212 limited group-level DONE			Conférence de l'International Society for the Study of Drug Policy
INFO:__main__:Grant #213 limited group-level DONE			Methods development for the measurement of single-cell molecular state (Genes, Cells and Molecules)
INFO:__main__:Grant #214 limited group-level DONE			Multifunctional Engineering Structures via Embodied Intelligence
INFO:__main__:Grant #215 limited group-level DONE			Spin waves in ferromagnetic metallic wires (Physics)
INFO:__main__:Grant #216 limited group-level DONE			Molecular Chronobiology and regulation of gene expression in dinoflagellates (Genes, Cells and Molecules)
INFO:__main__:Grant #217 limited group-level DONE			Combiner l’hypnose, la réalité virtuelle, la neurophysiologie et l’intelligence artificielle dans la gestion non-pharmacologique et personnalisée de la douleur chronique
INFO:__main__:Grant #218 limited group-level DONE			Les théories inédites de la foi des penseurs dominicains des années 1250-1350 (Philosophy)
INFO:__main__:Grant #219 limited group-level DONE			Computationally efficient multiphysics and multiscale modeling approaches applied to porous materials engineering
INFO:__main__:Grant #220 limited group-level DONE			Marriage, Sorting, and Segregation Across U.S. Cities (Economics)
INFO:__main__:Grant #221 limited group-level DONE			Highly versatile benchtop Flow Cytometry Analyzer (Materials and Chemical Engineering)
INFO:__main__:Grant #222 limited group-level DONE			Analysis of Extreme Values
INFO:__main__:Grant #223 limited group-level DONE			Frontlines to Headlines: The Politics of Memory, War and the Press in interwar Germany (History)
INFO:__main__:Grant #224 limited group-level DONE			Mechanistic Investigations of Nickel-Promoted C-Heteroatom Bond Making Reactions (Chemistry)
INFO:__main__:Grant #225 limited group-level DONE			Manipulated Procurement
INFO:__main__:Grant #226 limited group-level DONE			Functionalized Bilayer Graphene Devices: Achieving Selectivity and Sensitivity
INFO:__main__:Grant #227 limited group-level DONE			Le rôle de la résilience sur la santé et le bien-être des équipes interprofessionnelles: validation d'une démarche managériale participative
INFO:__main__:Grant #228 limited group-level DONE			Les jeunes en difficulté et faisant l'objet d'une double prise en charge judiciaire : parcours de vie, trajectoires dans les services et pratiques professionnelles (Law and criminology)
INFO:__main__:Grant #229 limited group-level DONE			Before the "Great Divide": The Shared Language(s) of Art and Science in the Early Modern Period (Fine Arts, Research-Creation)
INFO:__main__:Grant #230 limited group-level DONE			MID-INFRARED QUANTUM TECHNOLOGY FOR SENSING (MIRAQLS)
INFO:__main__:Grant #231 limited group-level DONE			Exploiting minor histocompatibility antigens for personalized cancer immunotherapy (Cancer Progression & Therapeutics)
INFO:__main__:Grant #232 limited group-level DONE			Investment incentives in matching markets: on the foundations of competitive models (Economics)
INFO:__main__:Grant #233 limited group-level DONE			Advancing Machine Learning with Causal Models (Computer Science)
INFO:__main__:Grant #234 limited group-level DONE			The Brahma Kumari Tradition in Canada and the United States (Medieval, classics, religious studies)
INFO:__main__:Grant #235 limited group-level DONE			Social polarization in high schools during COVID-19: A mixed-method Positive Youth Development research to inform how to promote well-being and reduce violence among adolescents (Education and social work)
INFO:__main__:Grant #236 limited group-level DONE			Assessing the community needs of Canadians with limb loss: Building the foundation for community action
INFO:__main__:Grant #237 limited group-level DONE			Addition of high dose Stimulant and engagement-focused Contingency management, alone and in combination, to treatment as usual for the management of MEthamphetamine use disorder (ASCME): a pan-Canadian multisite randomized controlled trial
INFO:__main__:Grant #238 limited group-level DONE			Écrire / Traduire / Visualiser les humanités numériques
INFO:__main__:Grant #239 limited group-level DONE			Smart Electrolytes for a New Perspective on Electrochemical Energy Storage (Chemistry)
INFO:__main__:Grant #240 limited group-level DONE			Femmes et pouvoirs dans le bailliage de Montréal (1644-1693) (History)
INFO:__main__:Grant #241 limited group-level DONE			Entre pressions socioculturelles et insatisfaction à l'égard de l'image corporelle : le rôle médiateur de caractéristiques personnelles chez les adolescents et jeunes hommes. (Psychology)
INFO:__main__:Grant #242 limited group-level DONE			Multi-Precision Optimization and Methods with Inaccurate Functions and Derivatives (Computer Science)
INFO:__main__:Grant #243 limited group-level DONE			Adaptive FEM for Analysis, Design, and Control of Complex Flows (Mechanical Engineering)
INFO:__main__:Grant #244 limited group-level DONE			Diagnosis of Aggressive Prostate Cancer Using Key Features of Raman Spectroscopy (Cancer Progression & Therapeutics)
INFO:__main__:Grant #245 limited group-level DONE			Maintaining balance in an unstable environment: A central role for the vestibular system (Biological Systems and Functions)
INFO:__main__:Grant #246 limited group-level DONE			Multifarious roles of the smallest Arabidopsis thaliana MAPKKKs clade (MAPKKK19, 20 and 21) as an integrative hub for plant pathogen interactions, growth, development and reproduction (Biological Systems and Functions)
INFO:__main__:Grant #247 limited group-level DONE			Occurrence et contrôle des bactéries opportunistes et bioaérosols issus des systèmes de traitement des eaux usées (Civil, Industrial and Systems Engineering)
INFO:__main__:Grant #248 limited group-level DONE			Le confinement : étude comparée du choix d'un instrument de politique publique extrême (Political science and public administration)
INFO:__main__:Grant #249 limited group-level DONE			Valorisation des noirs de carbone recyclés de pneus usagés
INFO:__main__:Grant #250 limited group-level DONE			"Managing AI in Health Ecosystems" Masterclass
INFO:__main__:Grant #251 limited group-level DONE			Novel regulatory mechanisms of the mammalian nuclear proteasome through liquid-liquid phase separation (Cell Biology – Molecular/Fundamental)
INFO:__main__:Grant #252 limited group-level DONE			Integrating early neuromonitoring biomarkers to better define eligibility for therapeutic hypothermia after perinatal hypoxia-ischemia
INFO:__main__:Grant #253 limited group-level DONE			Metasurface and Metamaterial-Inspired Devices for 5G, IoT, Sensing and Space Applications
INFO:__main__:Grant #254 limited group-level DONE			Cross-frequency coupling and machine learning for electrophysiological signal analysis
INFO:__main__:Grant #255 limited group-level DONE			Uncovering a New Cytotoxic Mechanism of Natural Killer Cells (Genes, Cells and Molecules)
INFO:__main__:Grant #256 limited group-level DONE			Actualisation de la formation sur les pratiques d'affiliation dans les Auberges du coeur du Québec
INFO:__main__:Grant #257 limited group-level DONE			Evidence for Impact: The Quebec Experience of Designing Evidence-Based Public Policy Solutions to Reform Home Care
INFO:__main__:Grant #258 limited group-level DONE			Replicative stress as a primary determinant of chemotherapeutic outcome in ovarian cancer
INFO:__main__:Grant #259 limited group-level DONE			Improved representation, impact assessment, and adaptive management of water resource systems under changing natural and anthropogenic conditions (Civil, Industrial and Systems Engineering)
INFO:__main__:Grant #260 limited group-level DONE			Le travail ensemble comme stratégie de réponse aux besoins complexes des jeunes en difficulté : comprendre les processus d'émergence de la collaboration (Education and social work)
INFO:__main__:Grant #261 limited group-level DONE			Interneuronopathies and neurodevelopmental disorders (Genetics)
INFO:__main__:Grant #262 limited group-level DONE			Prevention / treatment of the choroidal neovascularization by kinin receptors antagonists (Pharmacology & Toxicology)
INFO:__main__:Grant #263 limited group-level DONE			Entre vie et mort: images de médiation (Fine Arts, Research-Creation)
INFO:__main__:Grant #264 limited group-level DONE			Identification of microbial factors to modulate immune dysregulation and treat post-COVID-19 syndrome
INFO:__main__:Grant #265 limited group-level DONE			Les effets de la pandémie de COVID-19 sur les conditions de travail et les trajectoires d'emploi des femmes au Québec: recul, maintien ou avancée? (Business, management and related fields)
INFO:__main__:Grant #266 limited group-level DONE			Data-driven Optimization of Transport Systems (Civil, Industrial and Systems Engineering)
INFO:__main__:Grant #267 limited group-level DONE			Le tournant éclectique en architecture à travers les procès-verbaux du Conseil des Bâtiments civils (projet pilote) (Fine Arts, Research-Creation)
INFO:__main__:Grant #268 limited group-level DONE			Évolution de l'organisation du travail des directions d'établissements d'enseignement du Québec dans le contexte de la transformation des commissions scolaires en centres de services
INFO:__main__:Grant #269 limited group-level DONE			Integrating interdisciplinary perspectives on circular economy
INFO:__main__:Grant #270 limited group-level DONE			Homeostasis of the respiratory epithelial tissue: regulatory mechanisms by ion channels (Genes, Cells and Molecules)
INFO:__main__:Grant #271 limited group-level DONE			Vascular events in patients undergoing same-day noncardiac surgery (VALIANCE) - a prospective cohort and nested biobank study (Clinical Investigation – Cardiovascular Systems)
INFO:__main__:Grant #272 limited group-level DONE			Mental health Recovery from Youth Right-based Perspectives (Education and social work)
INFO:__main__:Grant #273 limited group-level DONE			Ecosystem functioning in the landscape: a meta-ecosystem perspective (Evolution and Ecology)
INFO:__main__:Grant #274 limited group-level DONE			Multi-Fidelity Zonal Approaches to Multi-Disciplinary Aerodynamic Analysis of Transonic Aircraft
INFO:__main__:Grant #275 limited group-level DONE			Defining the functions and mechanisms of centrosomal RNA localization
INFO:__main__:Grant #276 limited group-level DONE			Collaborative improvement of moral deliberation methods: An exercise in living ethics (Mutidisciplinary or interdisciplinary social sciences)
INFO:__main__:Grant #277 limited group-level DONE			The role of GABA signaling in nervous system formation and homeostasis (Genes, Cells and Molecules)
INFO:__main__:Grant #278 limited group-level DONE			Elimination of senescent endothelial cells to prevent vascular dementia in aging atherosclerotic mice (Biological and Clinical Aspects of Aging)
INFO:__main__:Grant #279 limited group-level DONE			Understanding and treating osteoarthritic pain in pet animals: An approach based on neurogenomics and neuropeptidomics manipulation (Biological Systems and Functions)
INFO:__main__:Grant #280 limited group-level DONE			Optimizing risk averse decisions in data-driven problems
INFO:__main__:Grant #281 limited group-level DONE			Understanding the genesis of the spliced immunopeptidome (Genes, Cells and Molecules)
INFO:__main__:Grant #282 limited group-level DONE			Fundamental drivers of plant spectral diversity (Evolution and Ecology)
INFO:__main__:Grant #283 limited group-level DONE			Systematics, biogeography and evolution of northern floras (Evolution and Ecology)
INFO:__main__:Grant #284 limited group-level DONE			Development of Additive Manufacturing Superalloys with high ?' volume fraction (Materials and Chemical Engineering)
INFO:__main__:Grant #285 limited group-level DONE			Judiciarisation des personnes souffrant de troubles mentaux : une recherche en théorisation ancrée sur la perception des patients judiciarisés et le personnel soignant (Psychosocial, Sociocultural & Behavioural Determinants of Health)
INFO:__main__:Grant #286 limited group-level DONE			Methods of initiation and mitigation of thermal runaway in lithium-ion batteries
INFO:__main__:Grant #287 limited group-level DONE			Automated AI-supported methane plume detection from satellite and aircraft images
INFO:__main__:Grant #288 limited group-level DONE			From domain-specific languages to domain-specific environments (Computer Science)
INFO:__main__:Grant #289 limited group-level DONE			Magnetic Field Characterization and Mapping for Artifact Mitigation in MRI
INFO:__main__:Grant #290 limited group-level DONE			La médiatisation de l'opinion publique au Canada (Political science and public administration)
INFO:__main__:Grant #291 limited group-level DONE			Entrepreneuring as Relational Process: Tracing the Trajectories of Entrepreneurial Projects (Communications, media studies, gender studies, library and information science, related fields)
INFO:__main__:Grant #292 limited group-level DONE			Physiotherapy care in Emergency Departments for Patients with Musculoskeletal Disorders: A Pragmatic Cluster Randomized Controlled Trial and Cost Analysis (Clinical Investigation – Arthritis, Bone, Skin and Cartilage)
INFO:__main__:Grant #293 limited group-level DONE			Le numérique et les études médiévales : enjeux pédagogiques et formation par la recherche
INFO:__main__:Grant #294 limited group-level DONE			High power density motors for aeronautics manufactured by cold spraying
INFO:__main__:Grant #295 limited group-level DONE			Cholesterol metabolism and regulation of the senescence-associated secretory phenotype in retinopathy (Systems & Circuits Neurosciences)
INFO:__main__:Grant #296 limited group-level DONE			Second-order Hessian-free methods for statistical learning and stochastic optimization (Civil, Industrial and Systems Engineering)
INFO:__main__:Grant #297 limited group-level DONE			Ecosystemic thinking: integrating ecosystem assessment to the strategic thinking process
INFO:__main__:Grant #298 limited group-level DONE			Brain-body interactions during bipedalism (Biological Systems and Functions)
INFO:__main__:Grant #299 limited group-level DONE			Multiaxial electro-mechanical tensile tester for stretchable electronics (Materials and Chemical Engineering)
INFO:__main__:Grant #300 limited group-level DONE			Development and Update of Quantitative Pharmacology Concepts and Computational Models for a Better Understanding of Drug Fate and Action (Mathematics and Statistics)
INFO:__main__:Grant #301 limited group-level DONE			Frontières vécues dans les institutions éducatives québécoises. Discours des cégépiennes musulmanes issues de l'immigration à Montréal (Education and social work)
INFO:__main__:Grant #302 limited group-level DONE			Non-invasive 4D thoracic imaging infrastructure to support decision-making in the management of lung diseases in intensive care units (ICU) (Electrical and Computer Engineering)
INFO:__main__:Grant #303 limited group-level DONE			La participation à la société québécoise : exploration de la perception des jeunes issus de l'immigration, de première et de deuxième génération (JIPDG), élèves et étudiants au secondaire et au cegep francophones (Education and social work)
INFO:__main__:Grant #304 limited group-level DONE			Reshaping the urban water management paradigm: towards a new decision-support framework for the sustainable design of hybrid systems
INFO:__main__:Grant #305 limited group-level DONE			L'activité musculaire des pianistes au service de la production sonore et de l'expression musicale (Multidisciplinary or interdisciplinary humanities)
INFO:__main__:Grant #306 limited group-level DONE			Extraction, migration et mise en place de granite-pegmatite orogénique: construire les vecteurs d'exploration de métaux critiques
INFO:__main__:Grant #307 limited group-level DONE			Mon genou pourrait aller mieux
INFO:__main__:Grant #308 limited group-level DONE			Learning sensorimotor maps through curiosity (Biological Systems and Functions)
INFO:__main__:Grant #309 limited group-level DONE			Improving the Quality Assurance of Machine-Learning Software Applications (Computer Science)
INFO:__main__:Grant #310 limited group-level DONE			Mobilizing evidence into the effective treatment of sexual offenders: A feasibility study
INFO:__main__:Grant #311 limited group-level DONE			Simulation of large scale MaaS
INFO:__main__:Grant #312 limited group-level DONE			PRevention of COVID-19 with high dose Oral Vitamin D supplemental Therapy in Essential healthCare Teams (PROTECT)
INFO:__main__:Grant #313 limited group-level DONE			Decrypting nociceptive signaling pathways in Caenorhabditis elegans using behavioral analysis and mass spectrometry-based proteomics (Genes, Cells and Molecules)
INFO:__main__:Grant #314 limited group-level DONE			Suivre les affaires et les auteurs de violence conjugale : vers une meilleure compréhension du cheminement pénal et de la récidive (Law and criminology)
INFO:__main__:Grant #315 limited group-level DONE			Dissection of non-canonical DNA damage response mechanisms controlling the senescence program (Genes, Cells and Molecules)
INFO:__main__:Grant #316 limited group-level DONE			Comment habiter le territoire québécois de façon sobre et résiliente dans un contexte de transition écologique?
INFO:__main__:Grant #317 limited group-level DONE			Deafness Induced Brain Reorganization: a research program to examine how deafness modifies cortical functions and affects compensatory vision and auditory performance following cochlear implantation (Behavioural Sciences – Behavioural Studies, Neuroscience and Cognition)
INFO:__main__:Grant #318 limited group-level DONE			Multiscale modeling of multiphase flows in chemical engineering processes (Materials and Chemical Engineering)
INFO:__main__:Grant #319 limited group-level DONE			Soutien à la mobilisation des milieux scolaires pour la mise en oeuvre de mesures intégrées et structurées favorisant la socialisation des élèves, leur bien-être psychologique, ainsi que la prévention de la violence
INFO:__main__:Grant #320 limited group-level DONE			La Trajectoire du mouvement debussyste (1895-1923) : Style, réception, implantation institutionnelle (Fine Arts, Research-Creation)
INFO:__main__:Grant #321 limited group-level DONE			High-order Geometry, Mesh and Adaptivity for Fluid-Structure Interaction Simulations (Mechanical Engineering)
INFO:__main__:Grant #322 limited group-level DONE			Computational analysis and modeling of ribonucleic acid structure, function, and dynamics (Genes, Cells and Molecules)
INFO:__main__:Grant #323 limited group-level DONE			Stratégies d'épargne transfusionnelle et de prévention de la pénurie de produits sanguins labiles : de l'utilisation clinique appropriée à l'élargissement du pool de donneurs
INFO:__main__:Grant #324 limited group-level DONE			Relaxation, friction interne et ondes gravitationnelles (Physics)
INFO:__main__:Grant #325 limited group-level DONE			Penser la citoyenneté vécue des femmes dans les pratiques participatives du care au quotidien en Amérique latine : Le cas des cuisines communautaires de la ville de Mexico (Political science and public administration)
INFO:__main__:Grant #326 limited group-level DONE			Statistical analysis of microbiome longitudinal data with multiplex networks (Evolution and Ecology)
INFO:__main__:Grant #327 limited group-level DONE			Reaction mechanisms of catalytic reactions using earth-abundant metals (Chemistry)
INFO:__main__:Grant #328 limited group-level DONE			Investigation of a novel tumor suppressor mechanism in medulloblastoma
INFO:__main__:Grant #329 limited group-level DONE			Autonomous security for complex systems (Computer Science)
INFO:__main__:Grant #330 limited group-level DONE			Résonance et altération audiovisuelles: pour une pensée sonore de la vidéo et du cinéma expérimental (Fine arts, research-creation)
INFO:__main__:Grant #331 limited group-level DONE			Concentration of measure on quantum states (Computer Science)
INFO:__main__:Grant #332 limited group-level DONE			The use of facial information from developmental prosopagnosics to super-recognizers (Biological Systems and Functions)
INFO:__main__:Grant #333 limited group-level DONE			Raman spectroscopy platform integrating highly sensitive photonic devices, nanostructured surfaces and machine learning for on-site detection of multiple diseases
INFO:__main__:Grant #334 limited group-level DONE			Capillary stalling and hypoxic micropockets: two sides of the same phenomena? (Cardiovascular System – Vascular System)
INFO:__main__:Grant #335 limited group-level DONE			Crime sans châtiment : compétences et réussite criminelle (Law and criminology)
INFO:__main__:Grant #336 limited group-level DONE			Crop rhizosphere response to environmental stress (Biological Systems and Functions)
INFO:__main__:Grant #337 limited group-level DONE			Towards remission and full recovery from obsessive-compulsive disorder: Investigating the efficacy of Inference-Based Cognitive-Behavioral Therapy when standard treatment has failed
INFO:__main__:Grant #338 limited group-level DONE			Soft coral flexibility: its impact on hydrodynamic loads, feeding and a way to measure flow velocity
INFO:__main__:Grant #339 limited group-level DONE			Sexual selection and the evolution of cognition (Evolution and Ecology)
INFO:__main__:Grant #340 limited group-level DONE			Characterization of lincRNA-miRNA networks (Genes, Cells and Molecules)
INFO:__main__:Grant #341 limited group-level DONE			Rétroaction corrective écrite : à quel moment et pour qui? (Education and social work)
INFO:__main__:Grant #342 limited group-level DONE			EDITH: Efficient Design for Intelligent devices exploiting emerging TecHnologies (Electrical and Computer Engineering)
INFO:__main__:Grant #343 limited group-level DONE			When Pain Drives you N. U. T. S.: A mixed methods approach to investigating triggers of the stress response and multidimensional pain outcomes in a sample of individuals suffering from chronic low back pain (Psychosocial, Sociocultural & Behavioural Determinants of Health)
INFO:__main__:Grant #344 limited group-level DONE			Preclinical development of highly potent and orally bioavailable PCSK9 inhibitors for patients at high cardiovascular risk
INFO:__main__:Grant #345 limited group-level DONE			Targeting 14-3-3zeta to promote human pancreatic beta-cell proliferation (Diabetes, Obesity, Lipid & Lipoprotein Disorders)
INFO:__main__:Grant #346 limited group-level DONE			Colloque scientifique annuel de l'Équipe de recherche interdisciplinaire sur les familles réfugiées et demandeuses d'asile
INFO:__main__:Grant #347 limited group-level DONE			Machine Learning in the Presence of Model-Dependent Data (Computer Science)
INFO:__main__:Grant #348 limited group-level DONE			Sustainable mobility in Canadian cities: Towards an integrated measurement and understanding of the performance of land use and transport systems and their impacts on travel behavior (Civil, Industrial and Systems Engineering)
INFO:__main__:Grant #349 limited group-level DONE			L'enseignement de l'écriture par les enseignants de littérature et de philosophie du collégial (Education and social work)
INFO:__main__:Grant #350 limited group-level DONE			Investigating the metabolic determinants of triple-negative breast cancer progression through chromatin dependencies (Cancer Progression & Therapeutics)
INFO:__main__:Grant #351 limited group-level DONE			Modélisation et mesure des risques financiers (Mathematics and Statistics)
INFO:__main__:Grant #352 limited group-level DONE			Ecological and evolutionary drivers of host-symbiont associations in the phyllosphere (Evolution and Ecology)
INFO:__main__:Grant #353 limited group-level DONE			Comment nourrir en santé toujours plus d'humains sans épuiser les ressources terrestres dans un contexte de changements climatiques ?
INFO:__main__:Grant #354 limited group-level DONE			Applications of machine learning in finance and economics
INFO:__main__:Grant #355 limited group-level DONE			Dynamic Games: Theory, Algorithms and Applications (Civil, Industrial and Systems Engineering)
INFO:__main__:Grant #356 limited group-level DONE			In-vitro Oral, Inhalation, and Dermal Bioaccessibility and Bioavailability of Metal(loid)s from Polluted Soils and Mine Tailings
INFO:__main__:Grant #357 limited group-level DONE			Electrochemical biosensors for point-of-care diagnostics (Materials and Chemical Engineering)
INFO:__main__:Grant #358 limited group-level DONE			Look Up!: The Media Logics of Aerial Communication (Communications, media studies, gender studies, library and information science, related fields)
INFO:__main__:Grant #359 limited group-level DONE			Expectation Formation, Excess Currency Returns, and Foreign Exchange Interventions
INFO:__main__:Grant #360 limited group-level DONE			Études génétiques et moléculaires de la fonction des Polycomb dans la formation et le maintien de la stabilité de l'hétérochromatine (Genes, Cells and Molecules)
INFO:__main__:Grant #361 limited group-level DONE			Bringing the quantum revolution to fruition (Computer Science)
INFO:__main__:Grant #362 limited group-level DONE			Apprentissage automatique et optimisation pour les graphes et réseaux (Civil, Industrial and Systems Engineering)
INFO:__main__:Grant #363 limited group-level DONE			Thanatographies: (re)penser la mort en littérature
INFO:__main__:Grant #364 limited group-level DONE			Mechanisms of assembly and function of the septin cytoskeleton in Drosophila (Genes, Cells and Molecules)
INFO:__main__:Grant #365 limited group-level DONE			Propagating Marginal Probability Mass Functions in Constraint Programming Solvers: Challenges and Opportunities
INFO:__main__:Grant #366 limited group-level DONE			Magnetic resonance navigation of drug eluting beads for liver cancer therapy: in-vitro optimization and preclinical safety efficacy study (Medical Physics & Imaging)
INFO:__main__:Grant #367 limited group-level DONE			Robotic Perception in Extreme Environments (Electrical and Computer Engineering)
INFO:__main__:Grant #368 limited group-level DONE			Modular and Lifelong Learning for Developing General Purpose Robotic Agents (Computer Science)
INFO:__main__:Grant #369 limited group-level DONE			Algorithmic Fairness in Black-box Machine Learning Models (Computer Science)
INFO:__main__:Grant #370 limited group-level DONE			Sex- and hormone-dependent recruitment of inhibitory neurons in rodent sensory cortex (Genes, Cells and Molecules)
INFO:__main__:Grant #371 limited group-level DONE			Investigating the Adamts19-dependent mechanisms that regulate valve maturation (Developmental Biology)
INFO:__main__:Grant #372 limited group-level DONE			Social Innovation Processes in and around Multinational Companies: The Role of Social Activists and their Transnational Networks (Social Innovation)
INFO:__main__:Grant #373 limited group-level DONE			Regulation of collective cell migration by the kinase Misshapen (Cell and Developmental Physiology)
INFO:__main__:Grant #374 limited group-level DONE			COHESION Study 2.0: COvid-19, HEalth and Social InteractiOn in Neighbourhoods
INFO:__main__:Grant #375 limited group-level DONE			Breaking silos: Integrating software development and operations activities in organizations
INFO:__main__:Grant #376 limited group-level DONE			Differential impact of stress on risk-taking behaviour in individuals using hippocampus versus caudate nucleus-dependent virtual navigation strategies (Biological Systems and Functions)
INFO:__main__:Grant #377 limited group-level DONE			Gas phase activation of monosaccharides and 5-hydroxymethylfurfural to 2,5 diformylfuran a PEF monomer (Materials and Chemical Engineering)
INFO:__main__:Grant #378 limited group-level DONE			Critical Edition, Translation and Study of Isaac ibn Latif's Commentary on Ecclesiastes (ca. 1240) (Philosophy, medieval studies, classics, religious)
INFO:__main__:Grant #379 limited group-level DONE			Sound Art Documentation : Spatial Audio and Significant Knowledge (Communications, media studies, gender studies, library and information science, related fields)
INFO:__main__:Grant #380 limited group-level DONE			Inter-Brain Synchronization: from Measurements to Mechanisms (Biological Systems and Functions)
INFO:__main__:Grant #381 limited group-level DONE			Endothelial cell genetics and blood pressure regulation (Genetics)
INFO:__main__:Grant #382 limited group-level DONE			ImproviNg rEnal outcomes following coronary angiograPhy and/or percuTaneoUs coroNary intErventions: a pragmatic, adaptive, patient-oriented randomized controlled trial
INFO:__main__:Grant #383 limited group-level DONE			Machine Learning with Tensor Networks (Computer Science)
INFO:__main__:Grant #384 limited group-level DONE			Elucidation of novel intracellular signaling mechanisms underlying uterine function and disease in cows (Biological Systems and Functions)
INFO:__main__:Grant #385 limited group-level DONE			Data extraction from videos for the analysis of behaviors in urban scenes (Computer Science)
INFO:__main__:Grant #386 limited group-level DONE			Inflammatory phenotype, senescence, and viscoelasticity imaging of macrophages in HIV (Medical Physics & Imaging)
INFO:__main__:Grant #387 limited group-level DONE			Optimization algorithms for rich vehicle routing problems
INFO:__main__:Grant #388 limited group-level DONE			Investigating the Innovation Process in Long-Term Care Facilities: A Research Project on the Adoption, Implementation and Assimilation of Health IT
INFO:__main__:Grant #389 limited group-level DONE			KBTBD4 determines key epigenetic marks that govern human hematopoietic stem cell self-renewal (Genetics)
INFO:__main__:Grant #390 limited group-level DONE			Representation learning and exploration of data geometries (Computer Science)
INFO:__main__:Grant #391 limited group-level DONE			Vitamin K1 supplementation to improve cognition of patients with coronary heart disease: a randomized controlled pilot study
INFO:__main__:Grant #392 limited group-level DONE			Simulation of physical processes with Monte Carlo methods in the keV and MeV energy range (Physics)
INFO:__main__:Grant #393 limited group-level DONE			Characterizing and targeting lipocalin-type prostaglandin D2 synthase in osteoarthritis (Clinical Investigation – Arthritis, Bone, Skin and Cartilage)
INFO:__main__:Grant #394 limited group-level DONE			3D Bioprinting of Cardiac Tissues (Materials and Chemical Engineering)
INFO:__main__:Grant #395 limited group-level DONE			Fiscal Policy Spillovers and Inter-Sectoral Linkages: Theory and Evidence
INFO:__main__:Grant #396 limited group-level DONE			Advanced Distributed Decision-making framework for Smart grid aggregators (Electrical and Computer Engineering)
INFO:__main__:Grant #397 limited group-level DONE			Constitutional Legacies of the Judicial Committee of the Privy Council (Law and criminology)
INFO:__main__:Grant #398 limited group-level DONE			Developing frameworks for climate positive design: Case Study of extraction and processing industries in Nova Scotia and Quebec (Geography, urban planning and related fields)
INFO:__main__:Grant #399 limited group-level DONE			Re-Imagining Illness: The British Woman Writer's Medical Knowledge, 1660-1820 (Literature)
INFO:__main__:Grant #400 limited group-level DONE			Regulation of thymic selection thresholds and their role in establishing T cell function (Immunology & Transplantation)
INFO:__main__:Grant #401 limited group-level DONE			Viral Conjunctures: Pandemics and Planetary Health Narratives (Literature)
INFO:__main__:Grant #402 limited group-level DONE			Companies and States: The Compagnie des Indes occidentales and the Reconfiguration of Authority in the French Atlantic, 1664-1674 (History)
INFO:__main__:Grant #403 limited group-level DONE			Produits sanguins provenant de don de sang d'hommes ayant des relations sexuelles avec d'autres hommes (Étude PS-HARSAH) (Public, Community & Population Health)
INFO:__main__:Grant #404 limited group-level DONE			Manipulating cytokine pathways to increase T cell stemness during chronic antigen exposure (Immunology & Transplantation)
INFO:__main__:Grant #405 limited group-level DONE			Sexual dimorphism and menopause in the interaction between immune cells and neurovascular coupling (Cardiovascular System – Vascular System)
INFO:__main__:Grant #406 limited group-level DONE			Novel Synthetic Methodologies Exploiting Nitrogen-Containing Molecules (Chemistry)
INFO:__main__:Grant #407 limited group-level DONE			Towards Systematic and Cost-Effective Monitoring of Large-Scale Software Systems (Computer Science)
INFO:__main__:Grant #408 limited group-level DONE			From examples to knowledge to software engineering support and automation (Computer Science)
INFO:__main__:Grant #409 limited group-level DONE			B cell intrinsic mechanisms of the germinal centre reaction (Immunology & Transplantation)
INFO:__main__:Grant #410 limited group-level DONE			Modifications of newly synthesized histones and the cellular response to DNA replication stress (Genes, Cells and Molecules)
INFO:__main__:Grant #411 limited group-level DONE			Innovative Compressor/Fan Technologies for Reduction of Fossil Fuel Consumption
INFO:__main__:Grant #412 limited group-level DONE			Exploring ancestry in Montréal's Notre-Dame Cemetery (1691-1797), using 3D morphometrics and ancient DNA (Multidisciplinary or interdisciplinary humanities)
INFO:__main__:Grant #413 limited group-level DONE			Individual differences in natural scene semantics investigated with machine learning and neuroimaging (Biological Systems and Functions)
INFO:__main__:Grant #414 limited group-level DONE			The Climate Crisis and the Future of Work
INFO:__main__:Grant #415 limited group-level DONE			Grid Transition: New Generation Methodologies and Tools for Reliable Protection
INFO:__main__:Grant #416 limited group-level DONE			Art-thérapie et réadaptation: une perspective transdisciplinaire
INFO:__main__:Grant #417 limited group-level DONE			Optimization and game dynamics in machine learning (Computer Science)
INFO:__main__:Grant #418 limited group-level DONE			Développement et validation d'un outil sur le climat de genre tel que perçu par les élèves des écoles secondaires (Education and social work)
INFO:__main__:Grant #419 limited group-level DONE			CMV Dynamics and Transmission in Pregnancy: Comparison Between Women Living with and without HIV (Clinical Investigation – Reproduction, Maternal, Child and Youth Health)
INFO:__main__:Grant #420 limited group-level DONE			Solidarité et entraide dans le contexte de l'autisme et du vieillissement
INFO:__main__:Grant #421 limited group-level DONE			Children with sexual behaviour problems: Do specialized services influence their trajectory within child protection services? (Psychology)
INFO:__main__:Grant #422 limited group-level DONE			Évaluer les pratiques préventives du Centre de prévention et d'intervention pour victimes d'agression sexuelle (CPIVAS) : projet pilote pour le programme de prévention « Clique sur toi! -- primaire »
INFO:__main__:Grant #423 limited group-level DONE			Understanding what they want and what works: social support and well-being among men experiencing cancer (Multidisciplinary or interdisciplinary social sciences)
INFO:__main__:Grant #424 limited group-level DONE			The Burden of Harsh Parenting on Socioemotional and Behavioral Problems: the Role of Chronic Cortisol secretion in the Preschool Years (Social & Developmental Aspects of Children's & Youth's Health)
INFO:__main__:Grant #425 limited group-level DONE			From amusia to dyslexia: the role of feedback (Biological Systems and Functions)
INFO:__main__:Grant #426 limited group-level DONE			Raconter-Cartographier. La scénarisation transmédiale (Fine Arts, Research-Creation)
INFO:__main__:Grant #427 limited group-level DONE			Stratégies d'actions de communication innovantes visant une sensibilisation résiliente de la population face aux risques liés aux inondations
INFO:__main__:Grant #428 limited group-level DONE			Chez soi jusqu'à la fin? Entre désirs et possibilités de mourir à domicile (Sociology, demography and related fields)
INFO:__main__:Grant #429 limited group-level DONE			A combined in vivo/ex vivo experimental platform for the thorough 3D investigation of bone fatigue related microdamage (Mechanical Engineering)
INFO:__main__:Grant #430 limited group-level DONE			Élaboration et mise à l'essai d'un dispositif d'accompagnement avec, par et pour des conseillers pédagogiques: soutenir le développement professionnel continu des enseignants débutants au regard de l'articulation croyances-pratiques (Education and social work)
INFO:__main__:Grant #431 limited group-level DONE			Environmental Footprint of Mutual Funds and Pension Plans
INFO:__main__:Grant #432 limited group-level DONE			An Ecology of Wood Cultures in Canada (2003-2020): comparing constructive cultures through awarded architectural designs
INFO:__main__:Grant #433 limited group-level DONE			Improving allocation and supporting clinical decision-making for deceased donor kidney offers
INFO:__main__:Grant #434 limited group-level DONE			The many facets of black hole feedback in galaxies (Physics)
INFO:__main__:Grant #435 limited group-level DONE			Tics et syndrome de la Tourette: Bilan et Défis! Avancées des connaissances et discussion des enjeux liés à l'intervention
INFO:__main__:Grant #436 limited group-level DONE			Targeting the SMARCD1-E2A-p53 Molecular Axis in B-Cell Lymphoma (Molecular & Cellular Biology of Cancer)
INFO:__main__:Grant #437 limited group-level DONE			The biogeochemical heterogeneity of peatlands (Geosciences)
INFO:__main__:Grant #438 limited group-level DONE			The role of referral networks on job outcomes (Economics)
INFO:__main__:Grant #439 limited group-level DONE			Investigating neuroprotective strategies in genetic models of neurodegeneration
INFO:__main__:Grant #440 limited group-level DONE			Plant diversity and ecosystem services in wetlands (Evolution and Ecology)
INFO:__main__:Grant #441 limited group-level DONE			How do pioneer factor open chromatin?
INFO:__main__:Grant #442 limited group-level DONE			Integrative physiology of ovarian follicular development and ovulation (Biological Systems and Functions)
INFO:__main__:Grant #443 limited group-level DONE			Intracellular transport of proteins containing di-arginine endoplasmic reticulum-retention motifs (Genes, Cells and Molecules)
INFO:__main__:Grant #444 limited group-level DONE			Plastic Waste Upgrading by Coupling Microwave Heating with Catalytic Pyrolysis (Materials and Chemical Engineering)
INFO:__main__:Grant #445 limited group-level DONE			Controlling Molecular Organization in Materials (Chemistry)
INFO:__main__:Grant #446 limited group-level DONE			Développement de méthodes d'apprentissage automatique pour la détection d'anomalies à l'échelle d'un ensemble de barrages
INFO:__main__:Grant #447 limited group-level DONE			Investigation of the heterogeneity of mitochondrial dysfunction in idiopathic Parkinson's disease using induced neurons derived from patients (Molecular & Cellular Neurosciences)
INFO:__main__:Grant #448 limited group-level DONE			The amyloid precursor protein intracellular domain is an effector molecule of metaplasticity - implications for the regulation of synaptic plasticity in Alzheimer disease (Molecular & Cellular Neurosciences)
INFO:__main__:Grant #449 limited group-level DONE			Regulation of neutrophil antimicrobial defense through the pleiotropic receptor FPR2/ALX (Genes, Cells and Molecules)
INFO:__main__:Grant #450 limited group-level DONE			The neural mechanisms underlying the promotion of motor learning by acute exercise (Biological Systems and Functions)
INFO:__main__:Grant #451 limited group-level DONE			Scalable, versatile surface engineering through photo-initiated chemical vapour deposition (Materials and Chemical Engineering)
INFO:__main__:Grant #452 limited group-level DONE			Regulation of cytokinesis by the novel and conserved flavin-dependent monooxygenase enzymes OSGN-1/OSGIN (Cell Biology - Molecular/Fundamental)
INFO:__main__:Grant #453 limited group-level DONE			Enabling monitoring of ultra-processed food consumption among Canadians: Development and validation of a screener (Nutrition, Food & Health)
INFO:__main__:Grant #454 limited group-level DONE			Les cognitions sociales implicites et les tendances comportementales associées aux émotions hostiles (Psychology)
INFO:__main__:Grant #455 limited group-level DONE			Heidegger et Gadamer. Correspondance et bilan (Philosophy)
INFO:__main__:Grant #456 limited group-level DONE			Generic AC-DC load-flow solution method with controllable AC-DC converters (Electrical and Computer Engineering)
INFO:__main__:Grant #457 limited group-level DONE			Étude sur l'apport de l'expérience de l'émotion de la tristesse vécue et exprimée par des enfants endeuillés face à la réalité du processus de deuil tel que vécu au Québec (Education and social work)
INFO:__main__:Grant #458 limited group-level DONE			Intelligent video surveillance to detect mobility problems of older adults at home: from fall detection to fall prevention (Electrical and Computer Engineering)
INFO:__main__:Grant #459 limited group-level DONE			Dynamic Ultrasound Localization Pulsatility Imaging (Medical Physics & Imaging)
INFO:__main__:Grant #460 limited group-level DONE			Metabolic control of plant non-photosynthetic metabolism (Biological Systems and Functions)
INFO:__main__:Grant #461 limited group-level DONE			COLCOT-T2D : Colchicine for Primary Prevention of Cardiovascular Events in Patients with Type 2 Diabetes
INFO:__main__:Grant #462 limited group-level DONE			Major Resource Support at the Université de Montréal for Canada's Subatomic Physics Program
INFO:__main__:Grant #463 limited group-level DONE			Plateforme d'imagerie macroscopique ultra sensible pour l'étude des neurotransmetteurs et des neuromodulateurs in vivo (Biological Systems and Functions)
INFO:__main__:Grant #464 limited group-level DONE			Algorithmes de calcul de dose basé sur des modèles pour des applications avancées en physique médicale (Physics)
INFO:__main__:Grant #465 limited group-level DONE			Logistics and transportation (Civil, Industrial and Systems Engineering)
INFO:__main__:Grant #466 limited group-level DONE			Systematic mapping of the global ARF network interactome by BioID coupled to functional studies to reveal novel biological functions (Cell Biology – Molecular/Fundamental)
INFO:__main__:Grant #467 limited group-level DONE			Measuring Partisan Conflicts on Social Media (Political science and public administration)
INFO:__main__:Grant #468 limited group-level DONE			The emergence of problem clarity in teams and its influence innovation project success
INFO:__main__:Grant #469 limited group-level DONE			The release of carbon and pollutants from eastern canadian watersheds in response to atmospheric deposition and climate change
INFO:__main__:Grant #470 limited group-level DONE			Récepteur radiofréquence pour système de caractérisation d'antennes en micro-ondes et ondes millimétriques (Electrical and Computer Engineering)
INFO:__main__:Grant #471 limited group-level DONE			Advanced Simulation Tools for the Design and Operation of Circular Economy Strategies
INFO:__main__:Grant #472 limited group-level DONE			Révélations daoustiennes : nouvelles perspectives sur le théâtre francophone du Québec 1895-1940 (Fine Arts, Research-Creation)
INFO:__main__:Grant #473 limited group-level DONE			Dormir sans pression: un concept intégrateur pour les patients tétraplégiques et les aidants pour minimiser les plaies de pression, améliorer le sommeil et favoriser la résilience face à la lésion de la moelle épinière
INFO:__main__:Grant #474 limited group-level DONE			Assessment of mechanical and durability performances of NSC to self-healing FRC structural components under combined mechanical and environemental loadings (Civil, Industrial and Systems Engineering)
INFO:__main__:Grant #475 limited group-level DONE			eNOS regulates endothelial cell polarity and angiogenic sprouting in vascular pathologies (Cardiovascular System – Vascular System)
INFO:__main__:Grant #476 limited group-level DONE			Comparative Effectiveness of Repetitive Versus Deep Transcranial Magnetic Stimulation for Major Depression: A Randomized Controlled Trial
INFO:__main__:Grant #477 limited group-level DONE			Planning and developing Canadian intersectoral partnerships and knowledge sharing for sustainable LD risk mitigation in peri-domestic high-risk areas
INFO:__main__:Grant #478 limited group-level DONE			Du réseau de neurones au circuit logique et réciproquement : le meilleur des deux mondes (Electrical and Computer Engineering)
INFO:__main__:Grant #479 limited group-level DONE			Faire du virtuel une réalité : l'exploration de l'utilité d'agents virtuels autonomes en contexte de formation à l'évaluation des jeunes contrevenants (Psychology)
INFO:__main__:Grant #480 limited group-level DONE			Global Corporate Minimum Tax in Canada? Politics, Policy and Practice
INFO:__main__:Grant #481 limited group-level DONE			Briser les silos de recherche : pour l'amélioration des interactions entre les milieux universitaire et professionnel en sciences de l'information
INFO:__main__:Grant #482 limited group-level DONE			Simulation numérique des écoulements multi-composants à trois phases par l'approche de Boltzmann sur réseau
INFO:__main__:Grant #483 limited group-level DONE			Developing an initial understanding of the factors involved in psychological readiness to return to sport following a concussion (Psychology, linguistics and translation)
INFO:__main__:Grant #484 limited group-level DONE			Roles for mitochondrial adaptation in fatty liver disease and associated liver cancer (Cell Biology – Disease)
INFO:__main__:Grant #485 limited group-level DONE			Lagrangian analyzes of complex and turbulent flows for advanced flow diagnostics (Mechanical Engineering)
INFO:__main__:Grant #486 limited group-level DONE			Energy and spectrum opportunistic relaying for sustainable wireless networks
INFO:__main__:Grant #487 limited group-level DONE			Plasmonic optophysiology (Chemistry)
INFO:__main__:Grant #488 limited group-level DONE			A statistical perspective for some challenges in data science
INFO:__main__:Grant #489 limited group-level DONE			Structural and functional characterization of protein-metal interactions (Genes, Cells and Molecules)
INFO:__main__:Grant #490 limited group-level DONE			To study the pathogenesis and its underlying mechanisms of an abnormally large Pol II pool size caused by a defective novel ARMC5-containing POLR2A-specific ubiquitin ligase
INFO:__main__:Grant #491 limited group-level DONE			Perspectives compositionnelles sur la sémiotique musicale, à partir de l'intégration théorique et pratique de la sémiotique deleuzienne du cinéma (Fine arts, research-creation)
INFO:__main__:Grant #492 limited group-level DONE			Regulation of germinal center B cell function during antibody responses (Immunology & Transplantation)
INFO:__main__:Grant #493 limited group-level DONE			Victims, Law and Justice: A Partnership approach to Transformative Justice
INFO:__main__:Grant #494 limited group-level DONE			Dynamic scene processing in humans (Biological Systems and Functions)
INFO:__main__:Grant #495 limited group-level DONE			Planning for mercury-related vision rehabilitation services for Grassy Narrows First Nation community
INFO:__main__:Grant #496 limited group-level DONE			L'intégration des PFÉ dans les stages d'actualisation et de requalification de l'Université de Montréal
INFO:__main__:Grant #497 limited group-level DONE			Cartographie des sensibilités queer dans la culture audiovisuelle populaire (Communications, media studies, gender studies, library and information science, related fields)
INFO:__main__:Grant #498 limited group-level DONE			De l'innovation à la nouvelle conformité : les usages complexes des smart drugs (Sociology, demography and related fields)
INFO:__main__:Grant #499 limited group-level DONE			Favoriser la participation sociale des aînés présentant des problèmes de mobilité : partenariat pour le codéveloppement d'un service innovant offert en contexte communautaire
INFO:__main__:Grant #500 limited group-level DONE			Chemosensation in Parkinson's disease: Trigeminal sensitivity as a potential marker (Behavioural Sciences)
INFO:__main__:Grant #501 limited group-level DONE			Nuclear Factor Erythroid 2-Related Factor 2 (NRF2) and Regulation of Sodium-Glucose Co-Transporter 2 (SGLT2) Expression in Type 2 Diabetes (Diabetes, Obesity, Lipid & Lipoprotein Disorders)
INFO:__main__:Grant #502 limited group-level DONE			Identifying and functionally validating IBD genes and variants impacting intestinal epithelial barrier integrity (Genetics)
INFO:__main__:Grant #503 limited group-level DONE			Structural and functional characterization of type IV secretion system pili (Biochemistry & Molecular Biology)
INFO:__main__:Grant #504 limited group-level DONE			Targeting the extracellular adenosine pathway in pancreatic and liver cancers
INFO:__main__:Grant #505 limited group-level DONE			The impact of amyloid-induced neurodegeneration on sleep features and memory processes (Biological and Clinical Aspects of Aging)
INFO:__main__:Grant #506 limited group-level DONE			Disentangling the Kinematics of the Solar Neighborhood to Calibrate the Ages of Stars and Exoplanets (Physics)
INFO:__main__:Grant #507 limited group-level DONE			Towards a Transcultural History and Theory of Heterophony (Fine Arts, Research-Creation)
INFO:__main__:Grant #508 limited group-level DONE			What Do Deep Learning Systems Understand? (Philosophy, medieval studies, classics, religious)
INFO:__main__:Grant #509 limited group-level DONE			Improving endurance performance using maple syrup
INFO:__main__:Grant #510 limited group-level DONE			Multi-Omic Primate Adaptation to Local Environments (Evolution and Ecology)
INFO:__main__:Grant #511 limited group-level DONE			The Role of the State for Long-run Economic Development in Europe (Economics)
INFO:__main__:Grant #512 limited group-level DONE			Éditions critiques numériques et multilinguisme
INFO:__main__:Grant #513 limited group-level DONE			Metabolic control of vascular regeneration in retinopathy of prematurity (Clinical Investigation – Reproduction, Maternal, Child and Youth Health)
INFO:__main__:Grant #514 limited group-level DONE			Mechanics and dynamics of mineral dust production within cold climates (Geosciences)
INFO:__main__:Grant #515 limited group-level DONE			Biosecurity in Canadian dairy farms: Unraveling the epidemiology of bovine infectious diseases and refining diagnostic strategies to improve their detection, prevention and control (Biological Systems and Functions)
INFO:__main__:Grant #516 limited group-level DONE			Mobilité urbaine et ressources langagières à Santiago du Chili (Linguistics and translation)
INFO:__main__:Grant #517 limited group-level DONE			Pays perdus, terres promises : deux imaginaires du territoire de l'Antiquité à nos jours
INFO:__main__:Grant #518 limited group-level DONE			Supraionic engineering of liquid electrolytes for electrochemistry and ionometallurgy
INFO:__main__:Grant #519 limited group-level DONE			Pricing and Profitability in Non-Life Insurance
INFO:__main__:Grant #520 limited group-level DONE			Regulation of glycolysis in T cell metabolic reprogramming (Genes, Cells and Molecules)
INFO:__main__:Grant #521 limited group-level DONE			After-images and urban spaces: lesbian, gay and queer visible presence in Montreal (1950-1990) (Communications, media studies, gender studies, library and information science, related fields)
INFO:__main__:Grant #522 limited group-level DONE			Heterochromatin Protein 1 (HP1) in maternal infertility and embryonic development (Genes, Cells and Molecules)
INFO:__main__:Grant #523 limited group-level DONE			Chronic non-cancer pain, substance use, and related harms: Towards an optimal treatment pathway for people who inject drugs in the context of the opioid crisis (Behavioural Sciences – Clinical Behavioural Sciences)
INFO:__main__:Grant #524 limited group-level DONE			Simulation stochastique à haute résolution spatiale pour les études des risques d'inondation en milieu urbain
INFO:__main__:Grant #525 limited group-level DONE			Innovative mobile health treatment modality to treat sleep difficulties in healthcare workers working on atypical work schedules
INFO:__main__:Grant #526 limited group-level DONE			Interpretable Machine Learning Approaches Applied to Omics Datasets (Genes, Cells and Molecules)
INFO:__main__:Grant #527 limited group-level DONE			Prevention and treatment of preeclampsia using exercise training and Angiotensin-(1-7): determining the mechanisms and clinical potential (Cardiovascular System – Heart and Circulation)
INFO:__main__:Grant #528 limited group-level DONE			Connecting MRI physics and artificial intelligence to advance novel acquisition and analyses technologies for neuroimaging applications (Physics)
INFO:__main__:Grant #529 limited group-level DONE			The Paperology Symposium
INFO:__main__:Grant #530 limited group-level DONE			Mechanisms affecting follicular development and ovulation in the Bovine model
INFO:__main__:Grant #531 limited group-level DONE			Measuring and modeling large-scale electrophysiological brain dynamics: From neural mechanisms to cognitive processes (Biological Systems and Functions)
INFO:__main__:Grant #532 limited group-level DONE			Apprentissage des jeunes adultes touchés par un cancer du sang : création de solutions à l'aide du co-design
INFO:__main__:Grant #533 limited group-level DONE			Mentalisation parentale non verbale sous la loupe : Valeur ajoutée à la relation parent-enfant et complémentarité avec la mentalisation parentale verbale (Psychology, linguistics and translation)
INFO:__main__:Grant #534 limited group-level DONE			A multifactorial and integrative approach to investigate spoken discourse in Canadian French (Mutidisciplinary or interdisciplinary social sciences)
INFO:__main__:Grant #535 limited group-level DONE			Opening the blackbox on the relation between participation in hackathons and the development of longer-term collaborative capabilities
INFO:__main__:Grant #536 limited group-level DONE			A multi-country comparison of COVID-19 response: Planning, implementation, and health system resilience (Canadian 2019 Novel Coronavirus (2019-nCoV) Rapid Research)
INFO:__main__:Grant #537 limited group-level DONE			Participatory Democracy and the Canadian Genetic Non-Discrimination Act (Multidisciplinary or interdisciplinary humanities)
INFO:__main__:Grant #538 limited group-level DONE			Levelling the Playing Fields: Creating the conditions for free-play to emerge in cities (Public, Community & Population Health)
INFO:__main__:Grant #539 limited group-level DONE			Using prospective and observational designs to study support processes and sexual well-being in long-term couples (Psychology)
INFO:__main__:Grant #540 limited group-level DONE			Molecular dissection of mitotic kinase functions using chemogenomics (Genes, Cells and Molecules)
INFO:__main__:Grant #541 limited group-level DONE			Compassion and Collective Care in Long-Term Care Settings: A Communicative Perspective (Communications, media studies, gender studies, library and information science, related fields)
INFO:__main__:Grant #542 limited group-level DONE			Towards a better understanding of contaminant bioavailability- urgent replacement of photosynthetic incubators (Geosciences)
INFO:__main__:Grant #543 limited group-level DONE			Marking Monastic Space: The Spatial Iconography of Inscribed Capitals, 1080-1160 (Fine arts, research-creation)
INFO:__main__:Grant #544 limited group-level DONE			Dans l'intérêt du patient : la relation thérapeutique au sein de la Collection hippocratique (Philosophy, medieval studies, classics, religious)
INFO:__main__:Grant #545 limited group-level DONE			Advanced methods for depth-based human pose estimation and motion analysis: application to vital signs monitoring in the intensive care unit (Electrical and Computer Engineering)
INFO:__main__:Grant #546 limited group-level DONE			RÉAC ! Réactivité de la prise en charge des nouveaux arrivants face à la pandémie de COVID-19 à Montréal, Sherbrooke et Toronto : une recherche mixte participative (Health Policy & Systems Management Research)
INFO:__main__:Grant #547 limited group-level DONE			Public School Choice and Refugee Assignment: (Dynamic) Minimal Instability for Non-Unit Capacities and for Lotteries and Weak Priorities (Economics)
INFO:__main__:Grant #548 limited group-level DONE			Metabolic and translational dependencies of activated T cells (Genes, Cells and Molecules)
INFO:__main__:Grant #549 limited group-level DONE			Transformer des espaces conventionnels et dysfonctionnels de participation : scénarios pour accroître la participation des citoyens aux comités consultatifs
INFO:__main__:Grant #550 limited group-level DONE			CITE-sequencing analysis revealed immune cell diversity in colonic mesenteric lymph nodes from IBD patients
INFO:__main__:Grant #551 limited group-level DONE			The neglected place of financial information and accountants in Canadian tech startups
INFO:__main__:Grant #552 limited group-level DONE			Reinventing the Rash: A Global History of Measles in the Vaccine Era (History)
INFO:__main__:Grant #553 limited group-level DONE			A New, Data-Driven Era for Precision Cosmology: Measuring the Expansion Rate of the Universe with Machine Learning (Physics)
INFO:__main__:Grant #554 limited group-level DONE			Créer-Entreprendre ! Trajectoires croisées : arts numériques et école nationale de cirque. Une exploration des reconfigurations des projets créatifs et des modèles de valeur post-Covid
INFO:__main__:Grant #555 limited group-level DONE			Factors that control translational fidelity in mammalian cells (Genes, Cells and Molecules)
INFO:__main__:Grant #556 limited group-level DONE			Exploiting the synthetic-lethal vulnerabilities of stem cells and cancer cells with eroded telomeres (Molecular & Cellular Biology of Cancer)
INFO:__main__:Grant #557 limited group-level DONE			Physicochemical characterization of pre-clinical samples of a bacteriophage therapy spray-on patch for the treatment of COVID-19-related pressure injury resistant infections
INFO:__main__:Grant #558 limited group-level DONE			Dumping of waste rocks (WR) in mine stopes being filled with paste backfill (PB): Experimental and numerical investigations on the natural mixing behavior between WR and PB
INFO:__main__:Grant #559 limited group-level DONE			Deep neural network uncertainty estimation for safe integration into autonomous driving autonomy systems
INFO:__main__:Grant #560 limited group-level DONE			Adaptive Mechanical Systems for Physical Embodied Intelligence Robotics
INFO:__main__:Grant #561 limited group-level DONE			Transnational families and midwifery care: Expectations, challenges and practices during pregnancy, childbirth and postpartum (Evolving Narratives of Cultures and Histories)
INFO:__main__:Grant #562 limited group-level DONE			Constructing participatory performance: the ecologies and architectures of audience engagement (Communications, media studies, gender studies, library and information science, related fields)
INFO:__main__:Grant #563 limited group-level DONE			Development and implementation of a standardized methodology aiming to optimize the efficacy and reproducibility of findings using non-invasive brain stimulation techniques in the context of motor training (Biological Systems and Functions)
INFO:__main__:Grant #564 limited group-level DONE			Putting interfaces at work (Materials and Chemical Engineering)
INFO:__main__:Grant #565 limited group-level DONE			Les outils de l'intersectorialité au niveau régional, comment sont-ils produits et comment opèrent-ils? (Political science and public administration)
INFO:__main__:Grant #566 limited group-level DONE			Cell biology and function of dopamine neuron connectivity in health and disease (Molecular & Cellular Neurosciences)
INFO:__main__:Grant #567 limited group-level DONE			Exploiting Graphical Optimization Models to Solve Discrete Decision Problems in Healthcare and Supply Chain Logistics (Civil, Industrial and Systems Engineering)
INFO:__main__:Grant #568 limited group-level DONE			Alliance de recherche et d'action Alternatives inclusives en Santé mentale
INFO:__main__:Grant #569 limited group-level DONE			The development of a quality benchmark that identifies and addresses the determinants of online information reliability to inform information-seeking by a diverse population (Communications, media studies, gender studies, library and information science, related fields)
INFO:__main__:Grant #570 limited group-level DONE			Staufen2 and DNA damage (Genes, Cells and Molecules)
INFO:__main__:Grant #571 limited group-level DONE			Ultra-high-resolution emission and absorption spectroscopy of non-equilibrium and highly-reactive plasmas applied to complex materials processing (Physics)
INFO:__main__:Grant #572 limited group-level DONE			Symmetries: Algebra and Physics
INFO:__main__:Grant #573 limited group-level DONE			Mobilizing Women's Entrepreneurship for empowerment and local economic development
INFO:__main__:Grant #574 limited group-level DONE			Calmodulation of ion channels (Genes, Cells and Molecules)
INFO:__main__:Grant #575 limited group-level DONE			A multidimensional approach to study the biophysics of bioadhesin interaction with advanced nanomaterials
INFO:__main__:Grant #576 limited group-level DONE			Smart nanostructured optical coatings prepared by pulsed plasma-based techniques (Physics)
INFO:__main__:Grant #577 limited group-level DONE			Développement de vêtements de protection chimique intelligents à haute performance de filtration (Materials and Chemical Engineering)
INFO:__main__:Grant #578 limited group-level DONE			Context and Culture: Linguistic Anthropology and the Legacy of Michael Silverstein
INFO:__main__:Grant #579 limited group-level DONE			Ultra-trace laboratory for legacy and emerging contaminants (Geosciences)
INFO:__main__:Grant #580 limited group-level DONE			Improving vulnerable preschoolers' mental health: A superiority trial assessing the How-to Parenting Program
INFO:__main__:Grant #581 limited group-level DONE			Polymeric Nanoparticles for Delivery of Ribonucleic Acids: Overcoming the Endosomal Barrier and Going Beyond the Liver (Materials and Chemical Engineering)
INFO:__main__:Grant #582 limited group-level DONE			Crime in the Decentralized Finance Industry (Law and criminology)
INFO:__main__:Grant #583 limited group-level DONE			Gravitation, quantum mechanics and quantum field theory
INFO:__main__:Grant #584 limited group-level DONE			Improving hedging effectiveness in actuarial and financial applications (Mathematics and Statistics)
INFO:__main__:Grant #585 limited group-level DONE			Closing the Comorbidity Gap for People Living with HIV : a Randomized Controlled Trial of Fostemsavir to Reduce Inflammaging
INFO:__main__:Grant #586 limited group-level DONE			Autonomie des acteurs dans les relations asymétriques: États de facto et leur patron entre l'Europe et la Russie (Political science and public administration)
INFO:__main__:Grant #587 limited group-level DONE			Replacement of the femtosecond laser in the THz spectroscopic microscopy laboratory (Electrical and Computer Engineering)
INFO:__main__:Grant #588 limited group-level DONE			Bringing nutrition to life among vulnerable populations: experiences from Latin America and Canada
INFO:__main__:Grant #589 limited group-level DONE			Long non-coding RNAs in growth factor signaling (Genes, Cells and Molecules)
INFO:__main__:Grant #590 limited group-level DONE			Plan d'action pour la gestion de la douleur chronique du Ministère de la Santé et des Services sociaux du Québec: Évaluation de la mise en œuvre et des impacts des projets initiaux en vue d'une généralisation progressive à l'ensemble du Québec
INFO:__main__:Grant #591 limited group-level DONE			INNOV Phase I: Leverage artificial intelligence to improve Environmental, Social, and Governance (ESG) data
INFO:__main__:Grant #592 limited group-level DONE			Prevention of anastomotic leak in colorectal surgery through microbiome mediation of intestinal healing (Nutrition, Food & Health)
INFO:__main__:Grant #593 limited group-level DONE			Development of a tailored approach to move towards a sustainable circular economy business model in the plastic film sector: the case of Balcan
INFO:__main__:Grant #594 limited group-level DONE			Enseignement de l'histoire et jeux vidéos (Education and social work)
INFO:__main__:Grant #595 limited group-level DONE			Functions of bacterial type IA topoisomerases in the prevention of R-loop-dependent and -independent genomic instability (Genes, Cells and Molecules)
INFO:__main__:Grant #596 limited group-level DONE			High-Performance Dynamic Language Implementation (Computer Science)
INFO:__main__:Grant #597 limited group-level DONE			Methodological improvements for the statistical analysis of neurophysiological data with applications in user experience
INFO:__main__:Grant #598 limited group-level DONE			Glycerol 3-phosphate phosphatase and the glycerol shunt in senescence and healthy aging
INFO:__main__:Grant #599 limited group-level DONE			Regulation of innate antiviral defenses through Interleukin-17 receptor D (IL-17RD) (Virology & Viral Pathogenesis)
INFO:__main__:Grant #600 limited group-level DONE			Biological modeling to bridge in vitro and epidemiological studies: A new approach for animal-free chemical risk assessment
INFO:__main__:Grant #601 limited group-level DONE			IAL (Intelligence Artificielle Littéraire) : expérimentation d'algorithmes d'apprentissage automatique pour définir et identifier les variations dans l'Anthologie grecque (Literature)
INFO:__main__:Grant #602 limited group-level DONE			Studies on the pathogenesis of the infections caused by streptococcus suis (Biological Systems and Functions)
INFO:__main__:Grant #603 limited group-level DONE			Autonomous learning agents for intelligent neurostimulation
INFO:__main__:Grant #604 limited group-level DONE			Hox genes in development and evolution of distal limbs (Developmental Biology)
INFO:__main__:Grant #605 limited group-level DONE			Defence Lawyers and the Relevance of Social Problems in Lower Criminal Courts: A Comparative Analysis (Law and criminology)
INFO:__main__:Grant #606 limited group-level DONE			Les pratiques extrascolaires de littératie d'adolescents ayant une déficience intellectuelle (Education and social work)
INFO:__main__:Grant #607 limited group-level DONE			Brain-Derived Neurotrophic Factor in hemostasis and thrombosis
INFO:__main__:Grant #608 limited group-level DONE			Engagement des bibliothèques publiques et scolaires en faveur du développement des compétences en littératie pour les élèves du troisième cycle du primaire et du secondaire : portrait et stratégie de transfert (Communications, media studies, gender studies, library and information science, related fields)
INFO:__main__:Grant #609 limited group-level DONE			Mieux comprendre les défis et conditions de pratiques des parents d'accueil dans le contexte actuel de professionnalisation de l'accueil familial (Education and social work)
INFO:__main__:Grant #610 limited group-level DONE			A mixed methods study of stakeholders' perspectives on ethical and logistical issues related to advanced living donation in kidney transplantation in Canada, and a proposal for guidelines in a Canadian context (Health Policy & Systems Management Research)
INFO:__main__:Grant #611 limited group-level DONE			To uncover, understand and exploit the estrogen-oncolytic virus crosstalk to improve therapy (Cancer Biology & Therapeutics)
INFO:__main__:Grant #612 limited group-level DONE			Structure and rheology of mixed hydrocolloid gels as model systems for food 3D printing (Materials and Chemical Engineering)
INFO:__main__:Grant #613 limited group-level DONE			« Une bonne relation avec mon chef ! » : anatomie des relations entre gestionnaires et employés en contexte de travail à distance (Business, management and related fields)
INFO:__main__:Grant #614 limited group-level DONE			Priorisation des soins intensifs en contexte extrême de pandémie : 1) modélisation/simulation de différentes stratégies de priorisation de l'accès aux soins intensifs et 2) délibérations démocratiques des parties prenantes sur les valeurs qui sous-tendent les modèles et leurs impacts sanitaires
INFO:__main__:Grant #615 limited group-level DONE			Understanding cyber abuse in context: The interplay of distal and situational correlates of daily cyber abuse in young adult couples (Psychology)
INFO:__main__:Grant #616 limited group-level DONE			Humanitarian Supply Chain Design and Management
INFO:__main__:Grant #617 limited group-level DONE			La transformation sémantique et syntaxique des données de situations professionnelles pour l'apprentissage du raisonnement clinique (Education and social work)
INFO:__main__:Grant #618 limited group-level DONE			Intergenerational transmission of vulnerability to PTSD : When children learn fear from their parent (Social & Developmental Aspects of Children's & Youth's Health)
INFO:__main__:Grant #619 limited group-level DONE			La musique au service du pouvoir, entre propagande et diplomatie : Du Troisième Reich à la fin de la Guerre froide  (Fine Arts, Research-Creation)
INFO:__main__:Grant #620 limited group-level DONE			Mesures de contrôle en santé mentale : un environnement contraignant? (Mutidisciplinary or interdisciplinary social sciences)
INFO:__main__:Grant #621 limited group-level DONE			R3AI: Shifting Paradigms for a Robust, Reasoning, and Responsible Artificial Intelligence and its Adoption - CFREF (CIHR Contribution)
INFO:__main__:Grant #622 limited group-level DONE			À la rencontre des réalités virtuelle et concrète : la place de la scénographie dans la cocréation opératique
INFO:__main__:Grant #623 limited group-level DONE			Parenting dimensions' influence on the psychosocial adaptation of preschoolers with language deficits (Psychology)
INFO:__main__:Grant #624 limited group-level DONE			The structure-function relationships between capsular polysaccharides and the immune system during Streptococcus suis infections (Genes, Cells and Molecules)
INFO:__main__:Grant #625 limited group-level DONE			Études des mécanismes de colonisation de Clostridium perfringens en productions animales (Biological Systems and Functions)
INFO:__main__:Grant #626 limited group-level DONE			Formation interactive en ligne: une solution à la formation des employés dans un contexte de roulement de personnel
INFO:__main__:Grant #627 limited group-level DONE			Mise en ouvre des politiques EDI en enseignement supérieur au Québec : construction de sens et types de réponses aux mesures destinées aux parcours étudiants (Education and social work)
INFO:__main__:Grant #628 limited group-level DONE			Continuum PAROLE-Onco : Vers le développement de compétences en auto-soins pour améliorer l'expérience de la vie après les traitements aigus de cancer du sein
INFO:__main__:Grant #629 limited group-level DONE			CAN-DO (CANnabis research DevelOpment): A cells-to-society research program on cannabis and mental health in younger adults
INFO:__main__:Grant #630 limited group-level DONE			Effets d'une intervention de proximité mère-prématuré et de calme (NeuroN-QI) sur le neurodéveloppement de nouveau-nés prématurés : un essai clinique randomisé
INFO:__main__:Grant #631 limited group-level DONE			Corticospinal mechanisms of locomotor recovery after spinal cord injury (Movement & Exercise)
INFO:__main__:Grant #632 limited group-level DONE			Innover pour enseigner le management : cadres théoriques, mise en oeuvre et mesure d'impact
INFO:__main__:Grant #633 limited group-level DONE			Advances in functional linear regression (Mathematics and Statistics)
INFO:__main__:Grant #634 limited group-level DONE			Modélisation et choix du mode de réalisation dans les projets de construction (Civil, Industrial and Systems Engineering)
INFO:__main__:Grant #635 limited group-level DONE			An in silico platform simulating cell metabolic behavior (Materials and Chemical Engineering)
INFO:__main__:Grant #636 limited group-level DONE			Commande optimale stochastique avec applications en épidémiologie et en fiabilité (Civil, Industrial and Systems Engineering)
INFO:__main__:Grant #637 limited group-level DONE			Reinforcement Learning in Electricity Markets with Storage Technologies
INFO:__main__:Grant #638 limited group-level DONE			Advancing psychobiology of abnormal repetitive behaviours in carnivorous species (Biological Systems and Functions)
INFO:__main__:Grant #639 limited group-level DONE			Du politique dans l'usage des archives filmiques : enjeux contemporains de la production documentaire
INFO:__main__:Grant #640 limited group-level DONE			Neuroinflammation as a biomarker for epilepsy and neuropsychiatric comorbidities among people with tuberous sclerosis complex: a prospective, multicentre study
INFO:__main__:Grant #641 limited group-level DONE			Quels sont les dimensions et savoirs spécifiques à la coordination des services et des soins des personnes ayant des besoins complexes? (Multidisciplinary or interdisciplinary social sciences)
INFO:__main__:Grant #642 limited group-level DONE			Determining spatial arrangement, stoichiometry, and substrate specificity of messenger RNA-binding proteins along the gene expression pathway (Genes, Cells and Molecules)
INFO:__main__:Grant #643 limited group-level DONE			Plateformes et usages : cinéma, télévision, jeu vidéo et création numérique
INFO:__main__:Grant #644 limited group-level DONE			Time to investigate human visual shape perception and recognition (Biological Systems and Functions)
INFO:__main__:Grant #645 limited group-level DONE			The gamification of online stochastic optimization problems
INFO:__main__:Grant #646 limited group-level DONE			Effects of an Open Lung protective protective EXTubation strategy compared to a conventional extubation strategy on postoperative pulmonary complications after general anesthesia as part of a comprehensive lung protective ventilation strategy: a multicenter pilot randomized controlled trial (OLEXT-3 study)
INFO:__main__:Grant #647 limited group-level DONE			Additively manufactured composite parts service properties prediction : an essential step to unleash the full potential of additive manufacturing of composites
INFO:__main__:Grant #648 limited group-level DONE			Transcriptional regulation by long noncoding RNAs (Genes, Cells and Molecules)
INFO:__main__:Grant #649 limited group-level DONE			Outils et méthodes de planification des services d'autopartage
INFO:__main__:Grant #650 limited group-level DONE			Sécurité de l'internet des objets dans les villes intelligentes (Computer Science)
INFO:__main__:Grant #651 limited group-level DONE			Understanding the early pathogenesis of necrotic enteritis in chickens (Biological Systems and Functions)
INFO:__main__:Grant #652 limited group-level DONE			Trajectoire vers la sécurité des femmes en situation de handicap victimes de violence conjugale: une recherche-action intersectorielle en soutien aux droits des femmes
INFO:__main__:Grant #653 limited group-level DONE			Regard des travailleuses sociales sur leur pratique professionnelle d'évaluation psychosociale à la suite de l'entrée en vigueur de la Loi visant à mieux protéger les personnes en situation de vulnérabilité : une étude à devis mixte
INFO:__main__:Grant #654 limited group-level DONE			La police face à la justice : une analyse des systèmes de gestion des déviances policières au Québec (Law and criminology)
INFO:__main__:Grant #655 limited group-level DONE			Soigner et gouverner les corps autochtones: santé et médecine coloniale au Québec, 1855-1904 (History)
INFO:__main__:Grant #656 limited group-level DONE			Development of near infrared spectroscopy (NIRS) and electroencephalography (EEG) methods to study neurovascular mechanisms of brain development (Physics)
INFO:__main__:Grant #657 limited group-level DONE			Role of vitamin K-dependent gamma-carboxylation in beta cell and diabetes (Diabetes, Obesity, Lipid & Lipoprotein Disorders)
INFO:__main__:Grant #658 limited group-level DONE			Competition in the Canadian Mobile Telecommunications Industry: Weak Signals? (Economics)
INFO:__main__:Grant #659 limited group-level DONE			Gut-lung axis in equine asthma (Biological Systems and Functions)
INFO:__main__:Grant #660 limited group-level DONE			Several aspects of L-functions (Mathematics and Statistics)
INFO:__main__:Grant #661 limited group-level DONE			Estimating the Effects of Government Spending Along the Supply Chain
INFO:__main__:Grant #662 limited group-level DONE			Using calorespirometry to assemble a complete picture of acute hypoxic metabolic depression in fishes (Biological Systems and Functions)
INFO:__main__:Grant #663 limited group-level DONE			Electronic structure theory: Merging wave function theory, density functional theory, and machine learning (Chemistry)
INFO:__main__:Grant #664 limited group-level DONE			Comprehensive lipidomics to identify novel players involved in the onset of cardiac manifestations of non-alcoholic fatty liver disease
INFO:__main__:Grant #665 limited group-level DONE			Longitudinal monitoring of visual function during cortical impairment in mice (Systems & Circuits Neurosciences)
INFO:__main__:Grant #666 limited group-level DONE			Gouvernance et acceptabilité sociale des grands projets publics
INFO:__main__:Grant #667 limited group-level DONE			Structural and functional changes in the brain of early and late blind individuals (Behavioural Sciences – Behavioural Studies, Neuroscience and Cognition)
INFO:__main__:Grant #668 limited group-level DONE			New unsupervised Bayesian and energy-based models dedicated to image processing and computer vision applications (Computer Science)
INFO:__main__:Grant #669 limited group-level DONE			Phenomenology and The Norms of Perception (Philosophy)
INFO:__main__:Grant #670 limited group-level DONE			Intelligent API Engineering: Systematically Leveraging APIs Through Development Knowledge and Usage Data
INFO:__main__:Grant #671 limited group-level DONE			Investigating mechanisms involved in vestibular substitution (Biological Systems and Functions)
INFO:__main__:Grant #672 limited group-level DONE			« COVID-19 » Migration en ligne et évaluation des impacts d'un programme de groupes de codéveloppement professionnel dans la fonction publique québécoise
INFO:__main__:Grant #673 limited group-level DONE			Multibody modelling to prototype next generation portable exoskeletons for everyday assistance (Mechanical Engineering)
INFO:__main__:Grant #674 limited group-level DONE			Biomaterials-stimulated tissue regeneration and extracellular vesicles (Genes, Cells and Molecules)
INFO:__main__:Grant #675 limited group-level DONE			Clinical Investigation in Canine and Feline Transfusion Medicine: Novel Blood Groups and their Clinical Significance (Biological Systems and Functions)
INFO:__main__:Grant #676 limited group-level DONE			Uauitamutau assi. Terminologie de l'environnement en langue innue (innu-aimun) (Psychology, linguistics and translation)
INFO:__main__:Grant #677 limited group-level DONE			Novel role of exercise timing to improve obesity prevention and treatment (Nutrition, Food & Health)
INFO:__main__:Grant #678 limited group-level DONE			Impact of vascular injury derived exosomes on Lupus Nephritis (Genes, Cells and Molecules)
INFO:__main__:Grant #679 limited group-level DONE			Étude des logiques d'action syndicales dans le domaine de la santé mentale au travail: analyses croisées (Québec-France) dans le secteur de l'aérospatial (Business, management and related fields)
INFO:__main__:Grant #680 limited group-level DONE			Linking lifestyle behaviors, microbiota & cardiometabolic health from childhood to early adulthood: The QUALITY Cohort (Social & Developmental Aspects of Children's & Youth's Health)
INFO:__main__:Grant #681 limited group-level DONE			Les syndicats face à la crise climatique : Analyse stratégique des ressources et des moyens d'action à mettre en oeuvre au plan local
INFO:__main__:Grant #682 limited group-level DONE			Étude du devenir-écrivaine en régime naturaliste : le cas de Georges de Peyrebrune (1841-1917) (Literature)
INFO:__main__:Grant #683 limited group-level DONE			Neutrophil extracellular traps (NETs) are major actors in heart failure with preserved ejection fraction (Cardiovascular System – Heart and Circulation)
INFO:__main__:Grant #684 limited group-level DONE			Harnessing Twitter for morphophonological variation (Psychology, linguistics and translation)
INFO:__main__:Grant #685 limited group-level DONE			Multicarrier energy systems for resilient decarbonized communities
INFO:__main__:Grant #686 limited group-level DONE			Digital Leigh Hunt (Literature)
INFO:__main__:Grant #687 limited group-level DONE			New disposal techniques for reactive mine wastes to improve stability and facilitate site reclamation upon closure (Civil, Industrial and Systems Engineering)
INFO:__main__:Grant #688 limited group-level DONE			Design and operation of Borehole Thermal Energy Storage systems (Mechanical Engineering)
INFO:__main__:Grant #689 limited group-level DONE			Mechanisms and consequences of spatially controlled G protein-coupled receptor signaling (Pharmacology & Toxicology)
INFO:__main__:Grant #690 limited group-level DONE			L'humain au coeur de la transformation du travail
INFO:__main__:Grant #691 limited group-level DONE			Vers une nouvelle constitution du travail? Les libertés et droits fondamentaux des salarié.es comme assise des rapports de travail/Towards a New Constitution of Labour? Workers' Fundamental Rights and Freedoms as the Basis of Labour Relations (Law and criminology)
INFO:__main__:Grant #692 limited group-level DONE			Monitoring and Debugging of High Performance Distributed Heterogeneous Cloud Applications
INFO:__main__:Grant #693 limited group-level DONE			The role of Parkinson's disease-related proteins in innate and adaptive immunity (Cell Biology – Physiology)
INFO:__main__:Grant #694 limited group-level DONE			Étude partenariale sur la médiation de la musique: institutionnalisation, professionnalisation, intervention
INFO:__main__:Grant #695 limited group-level DONE			Planification en temps réel dans les mines souterraines
INFO:__main__:Grant #696 limited group-level DONE			Applications of operations research to transportation, logistics, fairness issues, and other topics (Civil, Industrial and Systems Engineering)
INFO:__main__:Grant #697 limited group-level DONE			Multiplexed and quantitative immunolabelling for cancer diagnostics using gold-silver alloy nanoprobes
INFO:__main__:Grant #698 limited group-level DONE			Plasma processing for environment and cell-biology
INFO:__main__:Grant #699 limited group-level DONE			Dynamic Games in Management (Civil, Industrial and Systems Engineering)
INFO:__main__:Grant #700 limited group-level DONE			Improved design and operations of building water systems to reduce health risks caused by water & energy conservation and extended shutdowns (Civil, Industrial and Systems Engineering)
INFO:__main__:Grant #701 limited group-level DONE			Shoulder musculoskeletal modeling: from data-tracking to predictive simulations (Mechanical Engineering)
INFO:__main__:Grant #702 limited group-level DONE			Sustainable aqueous Sodium-ion batteries (Chemistry)
INFO:__main__:Grant #703 limited group-level DONE			Eigenvectors of Random Matrices (Mathematics and Statistics)
INFO:__main__:Grant #704 limited group-level DONE			Cellular Reprogramming in Retinal Vascular Development (Genes, Cells and Molecules)
INFO:__main__:Grant #705 limited group-level DONE			Creating Virtual Shapes via Intuitive Input (Computer Science)
INFO:__main__:Grant #706 limited group-level DONE			Data-adaptive causal inference methods for effect modification (Mathematics and Statistics)
INFO:__main__:Grant #707 limited group-level DONE			40 ans de changement linguistique à Montréal et à Welland: le rôle de l'individu et de la communauté (Linguistics and translation)
INFO:__main__:Grant #708 limited group-level DONE			Using digital and immersive technologies to understand the contribution of sensory, perceptual, affective, cognitive and physiological factors to Social Information Processing (Biological Systems and Functions)
INFO:__main__:Grant #709 limited group-level DONE			Climate Change and Human Rights: Responsibility and Reparation
INFO:__main__:Grant #710 limited group-level DONE			Can journalism's `real utopias' address the crisis of the news media? Exploring journalism cooperatives from an international and comparative perspective (Communications, media studies, gender studies, library and information science, related fields)
INFO:__main__:Grant #711 limited group-level DONE			Improving the integration of novice designers into interdisciplinary collaborative design teams (Multidisciplinary or interdisciplinary humanities)
INFO:__main__:Grant #712 limited group-level DONE			Quel futur professionnel pour les jeunes adultes récemment immigré(e)s à Montréal? Identité, projets professionnels et expériences d'accès aux services (Multidisciplinary or interdisciplinary social sciences)
INFO:__main__:Grant #713 limited group-level DONE			Unravelling regulatory networks of stem cell states using single cell analysis (Cell Biology – Physiology)
INFO:__main__:Grant #714 limited group-level DONE			Comprendre et soutenir l'entourage des femmes victimes de violence entre partenaires intimes : tissu social, besoins et actions (Mutidisciplinary or interdisciplinary social sciences)
INFO:__main__:Grant #715 limited group-level DONE			Development of novel RvD1 analogues for osteoporosis therapy: mechanism of action and structure-activity relationships
INFO:__main__:Grant #716 limited group-level DONE			Improving plant biostimulants based on natural products and beneficial microorganisms
INFO:__main__:Grant #717 limited group-level DONE			Characterization of the antibacterial activity of some antimicrobial-derived metabolites and their involvement in the development of antimicrobial resistance in bacteria of animal origin (Biological Systems and Functions)
INFO:__main__:Grant #718 limited group-level DONE			Développement de méthodes rationnelles de maintenance proactive de systèmes industriels (Civil, Industrial and Systems Engineering)
INFO:__main__:Grant #719 limited group-level DONE			Intention Driven Development: Towards a new generation of development platforms
INFO:__main__:Grant #720 limited group-level DONE			Decision support systems based on heterogeneous data driven models for a safe and optimal operation of industrial process systems (Materials and Chemical Engineering)
INFO:__main__:Grant #721 limited group-level DONE			Untangling heterogeneity in cytomegalovirus infection kinetics and evolution using mathematical modelling
INFO:__main__:Grant #722 limited group-level DONE			Getting on track for the audit of tomorrow: Auditors' expertise amidst digitalization
INFO:__main__:Grant #723 limited group-level DONE			Immunoproteasome-expressing mesenchymal stromal cells: a new tool for cancer vaccination (Cancer Biology & Therapeutics)
INFO:__main__:Grant #724 limited group-level DONE			Invisibility of disability in Global South and North: Equitable access to health services in the context of climate change
INFO:__main__:Grant #725 limited group-level DONE			A shock-fitting approach for predicting the two-phase transient flows in stormwater systems (SWS) with best management practices (BMP) (Civil, Industrial and Systems Engineering)
INFO:__main__:Grant #726 limited group-level DONE			Optimiser la transition des soins entre les différents milieux avec l'apport de la technologie pour favoriser la santé et l'autonomie des personnes âgées fragilisées vivant ou non en régions éloignées
INFO:__main__:Grant #727 limited group-level DONE			XIe Conférence du Forum Mondial de Médiation:L´humanité face aux conflits actuels: nouveaux défis pour la médiation
INFO:__main__:Grant #728 limited group-level DONE			Optimization of mechanically induced phase transformation at crack tip in metal for improved crack growth resistance (Materials and Chemical Engineering)
INFO:__main__:Grant #729 limited group-level DONE			Investigating important but overlooked streptococcal agents of disease in production animals (Biological Systems and Functions)
INFO:__main__:Grant #730 limited group-level DONE			Adverse Drug Events and Medication Errors in adult Intensive Care Units (Health Services Evaluation & Interventions Research)
INFO:__main__:Grant #731 limited group-level DONE			Entre responsabilité professionnelle et devoir de prendre soin de soi - Mieux comprendre la multiplicité des expériences entourant le processus d'arrêt de travail et de retour à l'emploi chez les travailleuses de la santé et des services sociaux (Sociology, demography and related fields)
INFO:__main__:Grant #732 limited group-level DONE			Brain alterations and cognitive decline in obstructive sleep apnea
INFO:__main__:Grant #733 limited group-level DONE			Methods and analytical tools to optimize patient flow (Civil, Industrial and Systems Engineering)
INFO:__main__:Grant #734 limited group-level DONE			Heterogeneity of interprofessional primary care teams and its effect on quality of care and health service use in older adults (Health Services Evaluation & Interventions Research)
INFO:__main__:Grant #735 limited group-level DONE			Recul des gains d'espérance de vie au Canada depuis 2010 : la contribution de la mortalité par drogues, par maladies cardiovasculaires et le rôle catalyseur de la pandémie de COVID-19 (Sociology, demography and related fields)
INFO:__main__:Grant #736 limited group-level DONE			Canadian Network on Hepatitis C (CanHepC): From Discovery to Implementation (Hepatitis C Research)
INFO:__main__:Grant #737 limited group-level DONE			Novel numerical simulation tools for the vulnerability assessment and rehabilitation of critical structures against the effects of floods and climate change
INFO:__main__:Grant #738 limited group-level DONE			QUEST: Co-développer avec et pour les jeunes des connaissances sur la QUalité de leur Environnement psychoSocial de Travail
INFO:__main__:Grant #739 limited group-level DONE			The effects of COVID-19 pandemics in sustainability controversies: new shades of green in the battery metals industry in Quebec
INFO:__main__:Grant #740 limited group-level DONE			From birth to adulthood: The role of age of cannabis use onset in the individual and environmental developmental pathways leading to substance use problems (Psychosocial, Sociocultural & Behavioural Determinants of Health)
INFO:__main__:Grant #741 limited group-level DONE			Creative Pedagogies for Ecological Transitions on the Shoreline
INFO:__main__:Grant #742 limited group-level DONE			Contribution of the NKG2D pathway to multiple sclerosis (Molecular & Cellular Neurosciences)
INFO:__main__:Grant #743 limited group-level DONE			Pregnancy and COVID-19 hospitalization in Quebec (Public, Community & Population Health)
INFO:__main__:Grant #744 limited group-level DONE			La musique est-elle une prière? (Fine Arts, Research-Creation)
INFO:__main__:Grant #745 limited group-level DONE			A multi-site, prospective study of the role of emotional competence in (mal)adaptive functioning among university students exposed to sexual violence (Psychology)
INFO:__main__:Grant #746 limited group-level DONE			Effets d'une intervention musicale personnalisée sur les répercussions de la COVID-19 en santé mentale des personnes âgées
INFO:__main__:Grant #747 limited group-level DONE			Redox regulation of the antiviral response : role of oxidative post-translational modifications of MAVS (Virology & Viral Pathogenesis)
INFO:__main__:Grant #748 limited group-level DONE			The role of UCH family deubiquitinases in T cell biology (Genes, Cells and Molecules)
INFO:__main__:Grant #749 limited group-level DONE			A high temperature upgrade for the twin-screw extruder to process high-performance hybrid PEEK-based formulations and other engineering polymer-based (PEI, PPSU, etc.) systems (Materials and Chemical Engineering)
INFO:__main__:Grant #750 limited group-level DONE			Single-cell approaches to characterize and target the cellular reservoirs of HIV infection (Virology & Viral Pathogenesis)
INFO:__main__:Grant #751 limited group-level DONE			Impact of transient neonatal hyperoxia on skeletal muscle development: Relevance for impaired exercise capacity after preterm birth (Clinical Investigation – Reproduction, Maternal, Child and Youth Health)
INFO:__main__:Grant #752 limited group-level DONE			Le développement de la compétence de collaboration interprofessionnelle : perception des membres d'une équipe de professionnels en exercice de la dynamique de coaction (Education and social work)
INFO:__main__:Grant #753 limited group-level DONE			Agreeing to Disagree: Incentives and Innovation in Dynamic Settings (Economics)
INFO:__main__:Grant #754 limited group-level DONE			L'enfance du "mauvais genre". Une sociologie de la non-conformité de genre durant l'enfance en France et au Québec (Sociology, demography and related fields)
INFO:__main__:Grant #755 limited group-level DONE			Engineering Sustainable and Inclusive Streets for the 30-Min City
INFO:__main__:Grant #756 limited group-level DONE			Les incidences de l'architecture logicielle des tribunaux en ligne sur l'accès à la justice (Law and criminology)
INFO:__main__:Grant #757 limited group-level DONE			Incorporating rich micro-level distributions and dynamics in models with heterogenous firms: method, lessons and applications
INFO:__main__:Grant #758 limited group-level DONE			Inhabiting altered worlds: sensory experiences following traumatic brain injuries (Mutidisciplinary or interdisciplinary social sciences)
INFO:__main__:Grant #759 limited group-level DONE			Microtubule alterations in progressive supranuclear palsy
INFO:__main__:Grant #760 limited group-level DONE			Improving reproducibility in MRI with vendor-neutral acquisitions and transparent workflows
INFO:__main__:Grant #761 limited group-level DONE			Investigation of Metal Organic Frameworks for Renewable Energy Electrocatalysis (Chemistry)
INFO:__main__:Grant #762 limited group-level DONE			FLUIDELELASTIC INSTABILITY, VORTEX-INDUCED VIBRATION AND SYMMETRY BREAKING IN HELICAL ARRAYS OF CYLINDERS SUBJECTED TO CROSS-FLOW (Mechanical Engineering)
INFO:__main__:Grant #763 limited group-level DONE			4D spheroids identify type I protein arginine methyltransferases as a target in NSCLC (Cancer Biology & Therapeutics)
INFO:__main__:Grant #764 limited group-level DONE			New perspectives on job search and labour markets
INFO:__main__:Grant #765 limited group-level DONE			Long time evolution of complex materials : algorithmic developments and applications to metals, semiconductors and proteins (Physics)
INFO:__main__:Grant #766 limited group-level DONE			L'héritage de Pierre Elliott Trudeau
INFO:__main__:Grant #767 limited group-level DONE			A new adaptive-neuroprosthetic treatment to shape post-stroke plasticity and facilitate motor recovery (Biological Systems and Functions)
INFO:__main__:Grant #768 limited group-level DONE			Une scène élargie, délocalisée et asynchrone : les reconfigurations technologiques de la salle de spectacle au temps du confinement
INFO:__main__:Grant #769 limited group-level DONE			Centre de recherches mathématiques (CRM)
INFO:__main__:Grant #770 limited group-level DONE			Application of a brief digital screening tool to address parental and adolescent tobacco and electronic cigarette use in pediatric medical care (Health Services Evaluation & Interventions Research)
INFO:__main__:Grant #771 limited group-level DONE			Hybrid Manufacturing: Digital Machining of Flexible Parts Manufactured with Directed Energy Deposition (DED) Method
INFO:__main__:Grant #772 limited group-level DONE			Design and management of smart last-mile delivery systems
INFO:__main__:Grant #773 limited group-level DONE			Food Delocalization in Literary Studies: A Saccharine Aesthetic From the Ruins of Empire (Literature)
INFO:__main__:Grant #774 limited group-level DONE			Optimal Climate Policy Mix for Canada: Insights from a Multi-Model Approach
INFO:__main__:Grant #775 limited group-level DONE			La production de recherche au Canada: facteurs individuels, institutionnels et systémiques (Education and social work)
INFO:__main__:Grant #776 limited group-level DONE			Soutenir la Professionnalisation dans les ORganismes sporTifs (SPORT)
INFO:__main__:Grant #777 limited group-level DONE			Identifying innovative responses to problematic gambling among LGBTQ2S+ communities in Canada - A mixed-methods study (Health Impacts of Gambling and Gaming)
INFO:__main__:Grant #778 limited group-level DONE			Intensification and control of cell culture processes (Materials and Chemical Engineering)
INFO:__main__:Grant #779 limited group-level DONE			Les priorités des citoyens quant aux politiques de santé et à l'État-providence (Political science and public administration)
INFO:__main__:Grant #780 limited group-level DONE			Cyberrange pour soutenir les tests de cybersécurité et de cyberrésilience pour les infrastructures critiques
INFO:__main__:Grant #781 limited group-level DONE			New electrochemical materials breakthrough for energy applications (Materials and Chemical Engineering)
INFO:__main__:Grant #782 limited group-level DONE			Nonequilibrium Group IV Semiconductor Heterostructures
INFO:__main__:Grant #783 limited group-level DONE			Developmental Trajectories in ARID1B-Related Disorders - a Multi-Method Multi-Site Prospective Natural History Study
INFO:__main__:Grant #784 limited group-level DONE			Mechanisms regulating mRNA localization and localized translation (Genes, Cells and Molecules)
INFO:__main__:Grant #785 limited group-level DONE			Dévoiler les tactiques stratégiques de communication pour le changement social : Une exploration approfondie de l'agentivité des responsables des communications et des publics dans la lutte contre les inégalités raciales
INFO:__main__:Grant #786 limited group-level DONE			Que font les luttes écologistes à la protestation sociale ? Analyse comparée multi-échelles au Canada, en France et aux Pays-Bas (Political science and public administration)
INFO:__main__:Grant #787 limited group-level DONE			Maturation of microRNAs targeting alpha-synuclein (Molecular & Cellular Neurosciences)
INFO:__main__:Grant #788 limited group-level DONE			Privatization, innovation and idiosyncratic volatility: The role of ownership structure and information content
INFO:__main__:Grant #789 limited group-level DONE			Thermodynamic and physical property models for the production of greener aluminum alloys
INFO:__main__:Grant #790 limited group-level DONE			Contextual factors predicting feasibility and impact of preventive mental health interventions across Canada
INFO:__main__:Grant #791 limited group-level DONE			Between precarity and hospitality: The contentious spaces of migration in North America's borderlands (Geography, urban planning and related fields)
INFO:__main__:Grant #792 limited group-level DONE			Ecological change and the dynamics of zoonotic disease (Biological Systems and Functions)
INFO:__main__:Grant #793 limited group-level DONE			NÉONUM : infrastructure de veille pour la néologie en français québécois (Anthropology, archaeology, linguistics and translation)
INFO:__main__:Grant #794 limited group-level DONE			Detailed bulk composition analysis of extrasolar objects accreted at the surface of white dwarf stars (Physics)
INFO:__main__:Grant #795 limited group-level DONE			Atmospheric measurements and modeling studies to improve understanding of organic and mineral dust aerosols in northern Canada (Chemistry)
INFO:__main__:Grant #796 limited group-level DONE			Réfléchir et agir dans l'urgence : l'influence des éléments contextuels sur le processus de jugement et de décision d'infirmier(ère)s (Psychology, linguistics and translation)
INFO:__main__:Grant #797 limited group-level DONE			Interdisciplinary studies of decision-making and motor planning (Biological Systems and Functions)
INFO:__main__:Grant #798 limited group-level DONE			Data-driven theory : adversarial immunodynamics, modelling and machine learning for engineered lymphocytes in the context of cancer immunotherapy
INFO:__main__:Grant #799 limited group-level DONE			Program for the Development of a Novel Methodology for the Design of Energy Efficient Biorefineries and Industrial Systems (Materials and Chemical Engineering)
INFO:__main__:Grant #800 limited group-level DONE			Underlying neurophysiological mechanisms of non-arthritic chronic painful conditions in cats (Biological Systems and Functions)
INFO:__main__:Grant #801 limited group-level DONE			Influence of folded foliations on the mechanical behavior of rock masses and rock engineering structures
INFO:__main__:Grant #802 limited group-level DONE			The Th17 Master Regulator RORC2 as a New Target for HIV Immune Therapy and Cure Strategy (Virology & Viral Pathogenesis)
INFO:__main__:Grant #803 limited group-level DONE			Language Acquisition and Processing in Teen and Adult L1 and L2 (Linguistics and translation)
INFO:__main__:Grant #804 limited group-level DONE			COVID-19 Étude des capacités offertes par les nouvelles formes de regroupements et d'associations d'artistes dans la sortie de crise et le redéploiement des arts à Montréal
INFO:__main__:Grant #805 limited group-level DONE			A 15 months, double-Blind, randomized controlled trial comparing 18 weeks of two doses of Omalizumab to placebo to accelerate a symptom-driven Oral immunotherapy schedule in subjects aged 6 to 25 years with Multiple food allergies (BOOM) (Nutrition, Food & Health)
INFO:__main__:Grant #806 limited group-level DONE			Spatial complexity of cardiac cell culture and spatial-temporal bioelectric activity: granularity and mechanical-electrical feedback (Electrical and Computer Engineering)
INFO:__main__:Grant #807 limited group-level DONE			Peer Effects and Program Take-Up: Evidence from employer-employee linked administrative data
INFO:__main__:Grant #808 limited group-level DONE			Evaluation of human gait biomechanics in real-world environments (Biological Systems and Functions)
INFO:__main__:Grant #809 limited group-level DONE			Robust and efficient statistical learning algorithms with applications in actuarial science (Mathematics and Statistics)
INFO:__main__:Grant #810 limited group-level DONE			HumanitéS-AnimalitéS : discours, pratiques et actions sur le monde animal, du Moyen Âge à l'antispécisme
INFO:__main__:Grant #811 limited group-level DONE			Intelligence artificielle appliquée aux soins aigus de l'enfant
INFO:__main__:Grant #812 limited group-level DONE			BUMP: Better Understanding of Model's Performance for more efficient Natural Language Processing (Computer Science)
INFO:__main__:Grant #813 limited group-level DONE			Application des réseaux de neurones artificiels et de l'inférence bayésienne à la simulation couplée et à la conception des puits à colonne permanente (Civil, Industrial and Systems Engineering)
INFO:__main__:Grant #814 limited group-level DONE			Identification of MYC-dependent vulnerabilities in breast cancer (Molecular & Cellular Biology of Cancer)
INFO:__main__:Grant #815 limited group-level DONE			Topological quantum optics (Physics)
INFO:__main__:Grant #816 limited group-level DONE			Demand Driven - MRP : mode éphèmère ou lien sérieux entres les méthodes flux poussé et flux tiré ? (Civil, Industrial and Systems Engineering)
INFO:__main__:Grant #817 limited group-level DONE			Model atmosphere analysis of white dwarfs in the Sloan Digital Sky Survey footprint of Gaia: the definitive work (Physics)
INFO:__main__:Grant #818 limited group-level DONE			Les politiques de différenciation et diversification des parcours vers et dans l'enseignement supérieur au Québec : quels effets sur la justice scolaire et sociale? (Education and social work)
INFO:__main__:Grant #819 limited group-level DONE			Development of high performance PLA based nanocomposites (Materials and Chemical Engineering)
INFO:__main__:Grant #820 limited group-level DONE			Introducing specificity and sensitivity in imaging mass spectrometry (Chemistry)
INFO:__main__:Grant #821 limited group-level DONE			Is cannabis a useful adjunct in the treatment of symptoms of persons with multiple sclerosis? A formal trial of CBD and THC for the control of spasticity and other symptoms: assessing the clinical effects and the basic mechanisms
INFO:__main__:Grant #822 limited group-level DONE			Investigation of the antineoplastic effect of miRNA-181a and development a novel pharmaceutical approaches for treating advanced retinoblastoma (Cancer Biology & Therapeutics)
INFO:__main__:Grant #823 limited group-level DONE			From spatial community ecology to landscape genetics and genomics (Evolution and Ecology)
INFO:__main__:Grant #824 limited group-level DONE			Structural Safety Assessment and Strengthening of Concrete Dams and Gated Spillways Subjected to Severe Loading Conditions (Civil, Industrial and Systems Engineering)
INFO:__main__:Grant #825 limited group-level DONE			Voix empruntées. Pratiques de la citation littéraire dans la Première Modernité (1595-1692) (Literature)
INFO:__main__:Grant #826 limited group-level DONE			Brain connectivity-based optimization of non-invasive brain stimulation to improve cognitive symptoms in schizophrenia (Behavioural Sciences – Clinical Behavioural Sciences)
INFO:__main__:Grant #827 limited group-level DONE			Procedural Creation and Real-time Display of Realistic Complex Scenes (Computer Science)
INFO:__main__:Grant #828 limited group-level DONE			Social hierarchies and the non-verbal communication of pain
INFO:__main__:Grant #829 limited group-level DONE			Next generation immunopeptidomics (Chemistry)
INFO:__main__:Grant #830 limited group-level DONE			Income security in retirement: perceptions, incentives and behaviours
INFO:__main__:Grant #831 limited group-level DONE			Decision awareness in learning for control
INFO:__main__:Grant #832 limited group-level DONE			Multimethod UX triangulated approach for multiuser interface evaluation (Civil, Industrial and Systems Engineering)
INFO:__main__:Grant #833 limited group-level DONE			Understanding Drug Exceptional Access Programs (DEAPs) Across Canada: A Question of Equity (Mutidisciplinary or interdisciplinary social sciences)
INFO:__main__:Grant #834 limited group-level DONE			Geroscience: A novel interdisciplinary approach for research on aging
INFO:__main__:Grant #835 limited group-level DONE			Advanced computational platform for permafrost geomechanical modeling and climate impact assessment of northern infrastructure
INFO:__main__:Grant #836 limited group-level DONE			Hybrid artificial intelligence methods for combinatorial optimization
INFO:__main__:Grant #837 limited group-level DONE			Leveraging high-volume data to characterize age and individual-specific vital signs and to develop novel geriatric vital signs that optimally predict clinical outcomes in older adults
INFO:__main__:Grant #838 limited group-level DONE			Interactions between cortical stimulation and prefrontal population dynamics (Behavioural Sciences – Behavioural Studies, Neuroscience and Cognition)
INFO:__main__:Grant #839 limited group-level DONE			Coupled Aquatic Biogeochemical Cycles in the Anthropocene (Evolution and Ecology)
INFO:__main__:Grant #840 limited group-level DONE			Electrically and Optically Active Nanostructures and Interfaces (Chemistry)
INFO:__main__:Grant #841 limited group-level DONE			Performance mécanique à long terme des assemblages collés et boulonnés
INFO:__main__:Grant #842 limited group-level DONE			Optimization models and algorithms for complex production planning problems (Civil, Industrial and Systems Engineering)
INFO:__main__:Grant #843 limited group-level DONE			Development of an accessible integrated computational protein design software suite (Genes, Cells and Molecules)
INFO:__main__:Grant #844 limited group-level DONE			Social economy embedding circular economy: theory, practice and potential
INFO:__main__:Grant #845 limited group-level DONE			Complex genetics of hypertrophic cardiomyopathy: Towards an integration of polygenic risk in clinical care (Clinical Investigation – Cardiovascular Systems)
INFO:__main__:Grant #846 limited group-level DONE			MERMAIDS: Multichannel ERbium-yeterbiuM AmplIfied high power combiner Devices for Space communications
INFO:__main__:Grant #847 limited group-level DONE			Medium Chain Triglycerides and Ketogenesis (Biological Systems and Functions)
INFO:__main__:Grant #848 limited group-level DONE			Impact of Vitamin C on the Reduction of Opioid Consumption After an Emergency Department Visit for Acute Musculoskeletal Pain: A Double-Blind Randomized Control Trial
INFO:__main__:Grant #849 limited group-level DONE			Towards organs-on-paper: building smart paper chips for modern biomedical research
INFO:__main__:Grant #850 limited group-level DONE			Ultrafast Functional Ultrasound Imaging of the Brain (Genes, Cells and Molecules)
INFO:__main__:Grant #851 limited group-level DONE			Les trajectoires professionnelles des policiers du Québec : phase 2 (Law and criminology)
INFO:__main__:Grant #852 limited group-level DONE			Redefining blood pressure: How novel views of the arterial tree can lead to better cardiovascular risk stratification (Clinical Investigation – Cardiovascular Systems)
INFO:__main__:Grant #853 limited group-level DONE			Reducing the burden of hypoglycemia for persons living with type 1 diabetes
INFO:__main__:Grant #854 limited group-level DONE			The energy-based and feature tracking motion systems and their interactions (Biological Systems and Functions)
INFO:__main__:Grant #855 limited group-level DONE			Adoptive transfers of in vitro differentiated plasmacytoid dendritic cells to prevent acute lymphoblastic leukemia relapse: mechanisms and biomarkers of sensitivity (Cancer Progression & Therapeutics)
INFO:__main__:Grant #856 limited group-level DONE			Replacement and upgrade of the Optical and Infrared Cameras for Observatoire du Mont-Mégantic (Physics)
INFO:__main__:Grant #857 limited group-level DONE			Stochastic Discount Factors, Risk Factors and Performance Evaluation (Economics)
INFO:__main__:Grant #858 limited group-level DONE			Precision digital twin of production machines for sustained high accuracy and traceable part conformity
INFO:__main__:Grant #859 limited group-level DONE			Non-line-of-sight Imaging for Advanced Automotive Sensing
INFO:__main__:Grant #860 limited group-level DONE			Le nouvel électeur économique (Political science and public administration)
INFO:__main__:Grant #861 limited group-level DONE			CB1 receptors regulate NMJ denervation and repair (Systems & Circuits Neurosciences)
INFO:__main__:Grant #862 limited group-level DONE			Influence of Lipid Matrix on Ion Channel Oligomerization and Function (Chemistry)
INFO:__main__:Grant #863 limited group-level DONE			Composition musicale immersive et développement de trajectoires 3D, basées sur l'analyse perceptive (Fine Arts, Research-Creation)
INFO:__main__:Grant #864 limited group-level DONE			Valorisation des données d'exécution de projets (Civil, Industrial and Systems Engineering)
INFO:__main__:Grant #865 limited group-level DONE			Innovative Steel Braced Frame Systems for Tall Buildings in Seismic Active Regions (Civil, Industrial and Systems Engineering)
INFO:__main__:Grant #866 limited group-level DONE			Multiscale modelling of aircraft and rocket emissions using high-fidelity numerical simulations and machine learning
INFO:__main__:Grant #867 limited group-level DONE			Coronavirus Crisis Competence Among Sexual and Gender Minorities (Gender, Sex & Health)
INFO:__main__:Grant #868 limited group-level DONE			From Alterlife to Alterfutures: Contemporary Asian Women's Environmental Moving-Image Arts (Multidisciplinary or interdisciplinary humanities)
INFO:__main__:Grant #869 limited group-level DONE			A FOCUS on youth mental health and substance use-related outcomes, inequities and trajectories during COVID-19 and beyond: A mixed-methods study in Canada and France
INFO:__main__:Grant #870 limited group-level DONE			Sleep, performance and development (Biological Systems and Functions)
INFO:__main__:Grant #871 limited group-level DONE			Molecular insights into the targeting of proteins to the inner nuclear membrane (Genes, Cells and Molecules)
INFO:__main__:Grant #872 limited group-level DONE			Les pratiques pédagogiques qui favorisent l'inclusion socioculturelle et scolaire d'élèves immigrants nouvellement arrivés au Québec : regards croisés d'enseignants et d'élèves (Education and social work)
INFO:__main__:Grant #873 limited group-level DONE			Control of collective dynamics via mean field and and inverse mean field game theory
INFO:__main__:Grant #874 limited group-level DONE			#WeFeedYou, and yet...: How are temporary migrant workers' food security, nutrition and health shaped in Quebec's agri-food system - A participatory action research multiple-case study
INFO:__main__:Grant #875 limited group-level DONE			Delinquent or victim? Teenage girls' experiences of child protection intervention due to concerns for sexual exploitation (Education and social work)
INFO:__main__:Grant #876 limited group-level DONE			Femmes, genre, (im)mobilités et vies précaires : projet de développement partenarial dans une perspective féministe transnationale et décoloniale
INFO:__main__:Grant #877 limited group-level DONE			La cohésion sociale est-elle possible en situation de crises multiples? L'influence des politiques publiques entourant le coronavirus (2019-nCoV) et les préjugés envers les citoyens et citoyennes d'origine chinoise (Canadian 2019 Novel Coronavirus (2019-nCoV) Rapid Research)
INFO:__main__:Grant #878 limited group-level DONE			Coronary angiocrine control of heart regeneration (Cardiovascular System – Heart and Circulation)
INFO:__main__:Grant #879 limited group-level DONE			Management of public media organizations and society
INFO:__main__:Grant #880 limited group-level DONE			Voters' Identities in their Own Words (Political science and public administration)
INFO:__main__:Grant #881 limited group-level DONE			Santé, justice et sécurité au 21e siècle (Philosophy)
INFO:__main__:Grant #882 limited group-level DONE			Role of ATP-P2X7 axis in pathogenesis of ventilator induced lung injury (Respiratory System)
INFO:__main__:Grant #883 limited group-level DONE			Mitochondrial epigenetics and ORFan genes: exploiting the mitochondrial genetic system to fuel phenotypic variation and functional novelties (Genes, Cells and Molecules)
INFO:__main__:Grant #884 limited group-level DONE			PeerOnCall as a catalyst for a peer support program based on psychological first aid: a feasibility study among the Sûreté du Québec (Crisis/Suicide Line and App-based Support Models for post traum. stress in public safety personnel (PSP))
INFO:__main__:Grant #885 limited group-level DONE			Computational approaches for analysis and design of complex multiphase flow systems (Mechanical Engineering)
INFO:__main__:Grant #886 limited group-level DONE			Understanding the limits of risk instruments in an era of climate change: An exploration of the institutional geographies of climate services in Europe (Geography, urban planning and related fields)
INFO:__main__:Grant #887 limited group-level DONE			Randomized Double-Blind Placebo-Controlled Clinical Trial to Assess the Efficacy of Mycophenolate Mofetil in Subclinical Interstitial Lung Disease Associated with Systemic Sclerosis: a Feasibility Study
INFO:__main__:Grant #888 limited group-level DONE			Novel transition support program for young people with disabilities and their families: Identifying most important outcomes for program key stakeholders
INFO:__main__:Grant #889 limited group-level DONE			Advancing knowledge and developping mechanistic quantitative tools for in vitro-in vivo extrapolations in pharmacokinetics and toxicokinetics (Biological Systems and Functions)
INFO:__main__:Grant #890 limited group-level DONE			Modeling and optimization for advanced management of the complex products for the robust circular economy in Canada (Civil, Industrial and Systems Engineering)
INFO:__main__:Grant #891 limited group-level DONE			Advanced Manufacturing of Intelligent Structures (Mechanical Engineering)
INFO:__main__:Grant #892 limited group-level DONE			Multimodal Sensing Guidewire with Random Optical Gratings by Ultraviolet laser Exposure for Peripheral Vascular Interventions (Medical Physics & Imaging)
INFO:__main__:Grant #893 limited group-level DONE			Intelligent mobility management in emerging vehicular networks (Computer Science)
INFO:__main__:Grant #894 limited group-level DONE			Chemical biology strategies for discovery and profiling of glycan-protein interactions (Chemistry)
INFO:__main__:Grant #895 limited group-level DONE			Local and global biomechanical properties of the eye as new glaucoma risk factors (Medical Physics & Imaging)
INFO:__main__:Grant #896 limited group-level DONE			L'accessibilité des médias: éduquer pour ouvrir le dialogue
INFO:__main__:Grant #897 limited group-level DONE			Free prior and informed consent, social equity and the forest sector: A comparison of the Forest Stewardship Council certification regime in Canada, Sweden and Russia (Geography, urban planning and related fields)
INFO:__main__:Grant #898 limited group-level DONE			Water reuse: innovative monitoring technologies for risk reduction (Civil, Industrial and Systems Engineering)
INFO:__main__:Grant #899 limited group-level DONE			Difficultés psychosociales, scolaires et milieux de vie différentiels d'enfants issus de la diversité ethnoculturelle recevant, ou non, des services de protection de la jeunesse (Education and social work)
INFO:__main__:Grant #900 limited group-level DONE			Participation jeunesse Autochtone dans la prise de décision en milieu scolaire (Education and social work)
INFO:__main__:Grant #901 limited group-level DONE			Bioinformatics-powered genetic characterization of the impact of biological systems on Alzheimer's disease and neurodegeneration
INFO:__main__:Grant #902 limited group-level DONE			Identification of functional epigenomic regions in sperm that are environmentally responsive and associate with fertility and embryo development
INFO:__main__:Grant #903 limited group-level DONE			Le jeu symbolique en classe d'éducation préscolaire 4 ans: Relations entre la pensée sociale, la maturité du jeu et l'acceptation sociale (Education and social work)
INFO:__main__:Grant #904 limited group-level DONE			Evaluation of supervised consumption services in Montreal in the context of COVID-19 (Evaluation of Harm Reduction Approaches to Address the Opioid Crisis)
INFO:__main__:Grant #905 limited group-level DONE			Pacing Brain Rhythms (Biological Systems and Functions)
INFO:__main__:Grant #906 limited group-level DONE			Representation Learning for Lifelong Learning (Computer Science)
INFO:__main__:Grant #907 limited group-level DONE			Inverse Design by Duality
INFO:__main__:Grant #908 limited group-level DONE			How is cell morphogenesis regulated during mitosis? (Genes, Cells and Molecules)
INFO:__main__:Grant #909 limited group-level DONE			Superconducting single photon detectors for quantum optics and spectroscopy up to 2.5 microns (Physics)
INFO:__main__:Grant #910 limited group-level DONE			The effects of neuropsychiatric CNVs on the integrity of brain structure and connectivity (Behavioural Sciences)
INFO:__main__:Grant #911 limited group-level DONE			De villes adaptées à la vieillesse aux territoires inclusifs et exempts d'âgisme : vers un changement de perspective sur l'aménagement urbain des municipalités favorisant le vieillissement ?
INFO:__main__:Grant #912 limited group-level DONE			Environmental fate of emerging contaminants (Geosciences)
INFO:__main__:Grant #913 limited group-level DONE			Du disque à l'oeuvre. Musique, arts visuels, cinéma
INFO:__main__:Grant #914 limited group-level DONE			Decoding the role of DNMT1 in the Inherited Dysregulation of Epigenetic Marks using Embryonic Cells (Genes, Cells and Molecules)
INFO:__main__:Grant #915 limited group-level DONE			Computational Methods for Verification and Validation with Applications in Mechanics (Mechanical Engineering)
INFO:__main__:Grant #916 limited group-level DONE			Inter-cellular causality in the formation and degradation of the vascular glycocalyx
INFO:__main__:Grant #917 limited group-level DONE			L'écologie et des paysages combinatoires : vers une collaboration permanente avec la nature (Geography, urban planning and related fields)
INFO:__main__:Grant #918 limited group-level DONE			An optimization framework for comparative, multi-species studies of visual systems (Biological Systems and Functions)
INFO:__main__:Grant #919 limited group-level DONE			A novel web-based mental health intervention integrating peer support and clinical moderation to enhance recovery and prevent relapse in adults diagnosed with psychotic disorders: A pragmatic feasibility study of Horyzons-Canada (Health Services Evaluation & Interventions Research)
INFO:__main__:Grant #920 limited group-level DONE			Maternal Diabetes Induces Perinatal Programming of Chronic Kidney Disease: The Role of Hedgehog Interacting Protein (Hhip) (Clinical Investigation – Reproduction, Maternal, Child and Youth Health)
INFO:__main__:Grant #921 limited group-level DONE			Urgent Replacement of a Platform for Gaseous Chemistry and Catalysis (Chemistry)
INFO:__main__:Grant #922 limited group-level DONE			CAN OSTEOCLAST BIOMARKERS DETECT EXCESSIVE SUBCHONDRAL BONE RESORPTION IN RACEHORSES? (Genes, Cells and Molecules)
INFO:__main__:Grant #923 limited group-level DONE			Agrégateur numérique de paysages urbains
INFO:__main__:Grant #924 limited group-level DONE			Study of the effect of sex on drugs dosing, concentrations and pharmacogenomics (Gender, Sex & Health)
INFO:__main__:Grant #925 limited group-level DONE			Biosecurity 2.0 for the modern Canadian dairy farm (Biological Systems and Functions)
INFO:__main__:Grant #926 limited group-level DONE			Et si on revenait à l'étude des comportements de leadership : le rôle du style parental et de la motivation comme prédicteurs des comportements de partage de ressources d'élèves officiers (Psychology, linguistics and translation)
INFO:__main__:Grant #927 limited group-level DONE			Penser le temps de la maladie chronique : l'expertise littéraire à l'appui des pratiques de soin (Literature)
INFO:__main__:Grant #928 limited group-level DONE			Non-releasing alginate hydrogels for analyte sensing and detoxification (Materials and Chemical Engineering)
INFO:__main__:Grant #929 limited group-level DONE			Quantifying Indigenous family disruption and resilience at the beginning of the 20th century through historical census data (Sociology, demography and related fields)
INFO:__main__:Grant #930 limited group-level DONE			The impact of biological sex on the brain language network (Biological Systems and Functions)
INFO:__main__:Grant #931 limited group-level DONE			Tracking the beat of music: Mechanisms underpinning inter-individual differences and effects on rhythm learning (Biological Systems and Functions)
INFO:__main__:Grant #932 limited group-level DONE			The role of rhythm in the development of speech perception and production (Biological Systems and Functions)
INFO:__main__:Grant #933 limited group-level DONE			Development of an Intelligent Design Support Tool for Integrated Design of Multidomain Systems (Mechanical Engineering)
INFO:__main__:Grant #934 limited group-level DONE			Dynamiques socioreligieuses, laïcité et espaces municipaux québécois (Multidisciplinary or interdisciplinary social sciences)
INFO:__main__:Grant #935 limited group-level DONE			Optimization and Planning Models for more Sustainable Agrifood Logistics
INFO:__main__:Grant #936 limited group-level DONE			Men's migration, social support, and women's health and well-being in three diverse contexts (Sociology, demography and related fields)
INFO:__main__:Grant #937 limited group-level DONE			Child maltreatment, emotion regulation and sexual wellbeing over time in women with low sexual desire and their partners (Psychology)
INFO:__main__:Grant #938 limited group-level DONE			Détresse, formes d'exclusion et héritage migratoire : trajectoire sociale et subjectivité des personnes descendantes de migrants asiatiques (Education and social work)
INFO:__main__:Grant #939 limited group-level DONE			Elucidating the roles of miRNAs and Hippo signaling on lineage specification in the human and mouse embryo (Endocrinology)
INFO:__main__:Grant #940 limited group-level DONE			Enabling Collaborative and Intelligent Service Provisioning in Mobile Edge Networks
INFO:__main__:Grant #941 limited group-level DONE			Intelligent Predictive Maintenance 4.0 for Heavy-duty Electrical Bus
INFO:__main__:Grant #942 limited group-level DONE			Investigating mitochondrial biogenesis rheostat functions in skin aging: stress sensing and control of immunometabolic landscapes
INFO:__main__:Grant #943 limited group-level DONE			Role of the Calcitonin Receptor System in Cardiac Physiology and Remodeling
INFO:__main__:Grant #944 limited group-level DONE			Predicting the Progression and Brace Treatment Response in Spinal Deformities with Temporal-based Machine Learning Approaches (Biomedical Engineering)
INFO:__main__:Grant #945 limited group-level DONE			Boosting the Productivity of a Graying Workforce
INFO:__main__:Grant #946 limited group-level DONE			The Biophysics of Cold Plasmas in Cancer Therapy (Physics)
INFO:__main__:Grant #947 limited group-level DONE			Virage numérique dans le développement de techniques avancées en soins personnalisés (Physics)
INFO:__main__:Grant #948 limited group-level DONE			Rencontres « droits et résistances numériques en contexte francophone »
INFO:__main__:Grant #949 limited group-level DONE			Caméra rapide haute résolution pour la mesure de nuages de bulles en écoulement à haute vitesse (Mechanical Engineering)
INFO:__main__:Grant #950 limited group-level DONE			Predicting duration and rehospitalization of psychiatric emergency patients: The Signature BioBank
INFO:__main__:Grant #951 limited group-level DONE			Perceptions de justice dans les services : les cas des travailleurs de la restauration et des enseignants universitaires au Québec et en France (Sociology, demography and related fields)
INFO:__main__:Grant #952 limited group-level DONE			L'impact de la rémunération tangible et intangible sur le roulement volontaire dans le secteur des TIC au Canada : une approche multiniveaux et longitudinale (Business, management and related fields)
INFO:__main__:Grant #953 limited group-level DONE			The Axolotl a model for vertebrate limb regeneration (Genes, Cells and Molecules)
INFO:__main__:Grant #954 limited group-level DONE			Microglial fatty acid signalling as a modulator of diet-induced neuroimmune responses in obesity (Diabetes, Obesity, Lipid & Lipoprotein Disorders)
INFO:__main__:Grant #955 limited group-level DONE			Diversity and resilience of plant communities in isolated ecosystems (Evolution and Ecology)
INFO:__main__:Grant #956 limited group-level DONE			Dynamic protein interaction networks to map molecular origins of envronmental and genomic variations (Genes, Cells and Molecules)
INFO:__main__:Grant #957 limited group-level DONE			Greening Social Work in Quebec: Exploring the Intersections of Environmental-Ecological Notions in Social Work Theory, Education, and Practice (Education and social work)
INFO:__main__:Grant #958 limited group-level DONE			L'oeuvre d'art comme «analyseur»: en quête d'une méthodologie (Fine arts, research-creation)
INFO:__main__:Grant #959 limited group-level DONE			Control of bacterial cell shape through cell-wall remodeling (Microbiology & Infectious Diseases)
INFO:__main__:Grant #960 limited group-level DONE			Role and therapeutic potential of the atypical MAP kinase ERK3 in basal-like breast cancer progression (Molecular & Cellular Biology of Cancer)
INFO:__main__:Grant #961 limited group-level DONE			Personnalisation en temps réel d'interface en fonction de la charge cognitive des utilisateurs (Civil, Industrial and Systems Engineering)
INFO:__main__:Grant #962 limited group-level DONE			The I-Care project : Assessing the impact of a multimodal childcare-based intervention to prevent disruptive behaviour problems in children (Psychology)
INFO:__main__:Grant #963 limited group-level DONE			Inter-individual variability in cognitive aging: Neural mechanisms, reserve processes and malleability of neuroprotective processes (Biological Systems and Functions)
INFO:__main__:Grant #964 limited group-level DONE			Maternal immune cells mediated endothelial activation in preeclampsia (Clinical Investigation – Reproduction, Maternal, Child and Youth Health)
INFO:__main__:Grant #965 limited group-level DONE			Projet 'Parité sciences'
INFO:__main__:Grant #966 limited group-level DONE			A Pragmatic Randomized Clinical Trial on Immersive Virtual Reality Compared to Non-Immersive Distraction Using a Tablet for Pain and Anxiety Management of Children During Bone Pins and Sutures Removal in Orthopedic Clinics (Clinical Investigation – Reproduction, Maternal, Child and Youth Health)
INFO:__main__:Grant #967 limited group-level DONE			IMAGE-GUIDED INJECTION WITH A HIGH-RESOLUTION ULTRASOUND SYSTEM ADAPTED FOR RODENT USE (Genes, Cells and Molecules)
INFO:__main__:Grant #968 limited group-level DONE			Quantum theory and applications (Physics)
INFO:__main__:Grant #969 limited group-level DONE			Cardioprotective effect of a cyclic azapeptide ligand of CD36 against ischemia-reperfusion damage and dysfunction in mice (Cardiovascular System – Heart and Circulation)
INFO:__main__:Grant #970 limited group-level DONE			The Mobile health for Kids with Asthma (MoKA) study: predicting exacerbations through multimodal data and machine learning
INFO:__main__:Grant #971 limited group-level DONE			Towards a multi-trajectory understanding of intimate partner homicide (Psychology, linguistics and translation)
INFO:__main__:Grant #972 limited group-level DONE			Predicting future primary psychotic disorders in youth with methamphetamine-psychosis disorder (Methamphetamine and related psychostimulant use)
INFO:__main__:Grant #973 limited group-level DONE			The MYC/MIZ-1 complex in germinal center B cells and B cell lymphomagenesis
INFO:__main__:Grant #974 limited group-level DONE			Nouvelle méthodologie prenant en compte les hydrogrammes probabilistes de rupture de barrages par temps sec pour déterminer les vraies zones à risque tenant compte du recul des berges et de l'érosion fluviale (Civil, Industrial and Systems Engineering)
INFO:__main__:Grant #975 limited group-level DONE			Interpretable Decision Processes in Data-Driven Supply Chains
INFO:__main__:Grant #976 limited group-level DONE			Central control of energy homeostasis by neuronal adipose triglyceride lipase (Diabetes, Obesity, Lipid & Lipoprotein Disorders)
INFO:__main__:Grant #977 limited group-level DONE			Les cybryontes et l'anthropocène: Des conditions de possibilité de nouvelles symbioses (Fine Arts, Research-Creation)
INFO:__main__:Grant #978 limited group-level DONE			L'Insécurité au Sahel et ses Effets sur l'Accès des Services de Santé (ISEASS)
INFO:__main__:Grant #979 limited group-level DONE			Advanced reagent delivery systems for microfluidics (Materials and Chemical Engineering)
INFO:__main__:Grant #980 limited group-level DONE			Generative models for 3D textures (Computer Science)
INFO:__main__:Grant #981 limited group-level DONE			The many paths to ecological network inference: reconciling machine learning, empirical data, and ecological knowledge (Evolution and Ecology)
INFO:__main__:Grant #982 limited group-level DONE			Social environment and functioning of adolescents born pre-term (Social & Developmental Aspects of Children's & Youth's Health)
INFO:__main__:Grant #983 limited group-level DONE			Beyond socioeconomic disadvantages: Deepening our understanding of structural inequalities in disparate child protection involvement (Education and social work)
INFO:__main__:Grant #984 limited group-level DONE			Uncovering tumor specific antigens and vulnerabilities in ETP-acute lymphoblastic leukemia
INFO:__main__:Grant #985 limited group-level DONE			Démystifier les mathématiques
INFO:__main__:Grant #986 limited group-level DONE			Defining interrelationships between brain region-specific structural plasticity and sleep electrophysiology via the integration of sex and learning (Behavioural Sciences – Neurobiological Basis of Behavioural Processes)
INFO:__main__:Grant #987 limited group-level DONE			Becoming an adult in changing times: Struggles and resilience among youth who entered adulthood without a high school diploma (Education and social work)
INFO:__main__:Grant #988 limited group-level DONE			The just organization (Business, management and related fields)
INFO:__main__:Grant #989 limited group-level DONE			Exploring the use of temporal cues for the optimization of speech processing, perception, and comprehension (Mechanical Engineering)
INFO:__main__:Grant #990 limited group-level DONE			PICO Search for Dark Matter with Bubble Chambers (Subatomic Physics)
INFO:__main__:Grant #991 limited group-level DONE			Is quantitative research in political science credible? (Political science and public administration)
INFO:__main__:Grant #992 limited group-level DONE			The hardening of soft information in financial markets
INFO:__main__:Grant #993 limited group-level DONE			From micro- to macro-reentries in discrete multiscale mathematical models of atrial tissue (Genes, Cells and Molecules)
INFO:__main__:Grant #994 limited group-level DONE			Mapping scientific consensus in the age of misinformation
INFO:__main__:Grant #995 limited group-level DONE			The role of RGS9 in pancreatic islet function (Biological Systems and Functions)
INFO:__main__:Grant #996 limited group-level DONE			La diversité dans les équipes de travail: le rôle des perceptions des membres (Psychology)
INFO:__main__:Grant #997 limited group-level DONE			Real-time Control of Decoded Brain Activity Using Artificial Neural Networks (Biological Systems and Functions)
INFO:__main__:Grant #998 limited group-level DONE			Conférence internationale et publication « Logement : crises partout, justice nulle part ! ». Coconstruire et mutualiser les savoirs
INFO:__main__:Grant #999 limited group-level DONE			Verdir les chantiers de construction par l'adoption des comportements écoresponsables : une étude de cas du secteur non résidentiel
INFO:__main__:Grant #1000 limited group-level DONE			Highly Entangled Quantum Matter
INFO:__main__:Grant #1001 limited group-level DONE			Usinage intelligent des composants d'aéronefs de haute précision (UICAP)
INFO:__main__:Grant #1002 limited group-level DONE			Socialness in the Digital Economy: Supporting Meaningful Work through Enterprise Social Media
INFO:__main__:Grant #1003 limited group-level DONE			Proactive prescription-based fluid management vs usual care in critically ill patients on Kidney Replacement Therapy
INFO:__main__:Grant #1004 limited group-level DONE			Safe and selective anti-parasite therapy targeting ribosome and glycosome function (Pharmaceutical Sciences)
INFO:__main__:Grant #1005 limited group-level DONE			Rational Integration of Molecular and surface interactions for lubricating, adhesive and high penetration soft materials (Materials and Chemical Engineering)
INFO:__main__:Grant #1006 limited group-level DONE			Comprendre les antécédents et les conséquences d'une gestion algorithmique transparente, juste et habilitante
INFO:__main__:Grant #1007 limited group-level DONE			Sustainable Healthy Cities: The Interplay between Urban Interventions, Gentrification, and Population Health (Public, Community & Population Health)
INFO:__main__:Grant #1008 limited group-level DONE			Regards croisés sur les conditions de travail, les politiques publiques et la résistance: récits de vie de travailleurs et travailleuses pauvres au Canada, en Inde et au Brésil (Sociology, demography and related fields)
INFO:__main__:Grant #1009 limited group-level DONE			Examining the effectiveness of AI-powered health technology to improve self management of mental health and reduce inequities in mental health care
INFO:__main__:Grant #1010 limited group-level DONE			Probing the Particle Nature of Dark Matter with Strong Gravitational Lensing (Physics)
INFO:__main__:Grant #1011 limited group-level DONE			Large reductions in arterial CARbon dioxide and development of acute Brain Injury in invasively mechanically ventilated patients with acute respiratory failure (CARBI)
INFO:__main__:Grant #1012 limited group-level DONE			Investigating Intercommunications of Glioblastoma with Brain Microenvironment using 3D Organoid (Genes, Cells and Molecules)
INFO:__main__:Grant #1013 limited group-level DONE			Autonomous Deep Learning for AI (Computer Science)
INFO:__main__:Grant #1014 limited group-level DONE			Supply Chain Analytics under Disruptive Uncertainty (Civil, Industrial and Systems Engineering)
INFO:__main__:Grant #1015 limited group-level DONE			Concevoir et développer des outils d'appréciation et de réduction des risques physiques au travail liés aux équipements
INFO:__main__:Grant #1016 limited group-level DONE			Reaction Mechanisms and Methodology for the Design and Synthesis of Bioactive Agents (Chemistry)
INFO:__main__:Grant #1017 limited group-level DONE			Algebraic methods for lattice models of statistical physics (Mathematics and Statistics)
INFO:__main__:Grant #1018 limited group-level DONE			Optimisation et développement de technologies de déphosphatation des eaux usées
INFO:__main__:Grant #1019 limited group-level DONE			The Eastern Canada Preparedness Hub - ECaPH
INFO:__main__:Grant #1020 limited group-level DONE			On chip optical microresonators for light emission, manipulation & sensing (Electrical and Computer Engineering)
INFO:__main__:Grant #1021 limited group-level DONE			Kushpitau ! (montons en territoire)
INFO:__main__:Grant #1022 limited group-level DONE			Hardware support for reliable networking; from protocols to accelerators (Electrical and Computer Engineering)
INFO:__main__:Grant #1023 limited group-level DONE			Documentary Activism by Migrant Filmmakers from Cuba and Venezuela (2013-2023) (Fine arts, research-creation)
INFO:__main__:Grant #1024 limited group-level DONE			Investigating the role of notochord defects in the etiopathogenesis of congenital scoliosis
