;sequence;code_div_1;label_div_1;score_div_1;code_div_2;label_div_2;score_div_2;code_div_3;label_div_3;score_div_3;code_gr_1;label_gr_1;score_gr_1;code_gr_2;label_gr_2;score_gr_2;code_gr_3;label_gr_3;score_gr_3;code_gr_4;label_gr_4;score_gr_4;code_gr_5;label_gr_5;score_gr_5
0;Quelles sont les mathématiques utilisées par les ingénieurs au quotidien? Une étude sur les pratiques des ingénieurs pour déterminer leurs besoins mathématiques (Education and social work);RDF20-21;Engineering and technology;0.6070044040679932;RDF10;Natural sciences;0.15467847883701324;RDF50;Social sciences;0.11217492818832397;RDF101;Mathematics and statistics;0.9470881819725037;RDF503;Education;0.9146344661712646;RDF201;Civil engineering, maritime engineering, transport engineering, and mining engineering;0.1683778017759323;RDF212;Other engineering and technologies;0.1544397622346878;RDF202;Industrial, systems and processes engineering;0.13106197118759155
1;High-tech paper: Security printing and the aesthetics of trust (Communications, media studies, gender studies, library and information science, related fields);RDF20-21;Engineering and technology;0.9378116726875305;RDF50;Social sciences;0.024081401526927948;RDF60;Humanities and the arts;0.018590500578284264;RDF508;Media and communications;0.7196792364120483;RDF503;Education;0.14706450700759888;RDF102;Computer and information sciences;0.14620912075042725;RDF212;Other engineering and technologies;0.12956784665584564;RDF509;Other social sciences;0.12896330654621124
2;Integrin Alpha8 is a novel mediator of T lymphocyte migration across the CNS barriers (Systems & Circuits Neurosciences);RDF20-21;Engineering and technology;0.863757848739624;RDF30;Medical, health and life sciences;0.09911227971315384;RDF10;Natural sciences;0.012129826471209526;RDF102;Computer and information sciences;0.9751545786857605;RDF203;Electrical engineering, computer engineering, and information engineering;0.7952211499214172;RDF501;Psychology and cognitive sciences;0.3051793873310089;RDF304;Medical biotechnology;0.19605545699596405;RDF207;Medical and biomedical engineering;0.17766812443733215
3;Growing up trans: A qualitative, international, and longitudinal investigation of trans youth access to gender affirming medical care, gender affirmation and well-being (Social & Developmental Aspects of Children's & Youth's Health);RDF30;Medical, health and life sciences;0.5741902589797974;RDF50;Social sciences;0.33118194341659546;RDF60;Humanities and the arts;0.04978174343705177;RDF303;Health sciences;0.7519670128822327;RDF504;Sociology and related studies;0.6766198873519897;RDF503;Education;0.3505047559738159;RDF509;Other social sciences;0.17745423316955566;RDF501;Psychology and cognitive sciences;0.15084008872509003
4;Programmable DNA-based switches and nanomachines for sensing and drug delivery applications (Chemistry);RDF20-21;Engineering and technology;0.9632058143615723;RDF10;Natural sciences;0.01631593331694603;RDF30;Medical, health and life sciences;0.013712584972381592;RDF205;Chemical engineering;0.9895311594009399;RDF104;Chemical sciences;0.9882221817970276;RDF211;Nano-technology;0.9654463529586792;RDF102;Computer and information sciences;0.19582466781139374;RDF202;Industrial, systems and processes engineering;0.13403742015361786
5;Interactions between attention, perception and reaching movements (Biological Systems and Functions);RDF10;Natural sciences;0.7420435547828674;RDF30;Medical, health and life sciences;0.10148448497056961;RDF50;Social sciences;0.09778748452663422;RDF106;Biological sciences;0.9762653112411499;RDF501;Psychology and cognitive sciences;0.5593389272689819;RDF103;Physical sciences;0.5533053874969482;RDF301;Basic medicine and life sciences;0.2109287977218628;RDF504;Sociology and related studies;0.1712689995765686
6;Design and Management of Fog Networks (Computer Science);RDF20-21;Engineering and technology;0.9112619161605835;RDF10;Natural sciences;0.05992840975522995;RDF50;Social sciences;0.010828842408955097;RDF102;Computer and information sciences;0.9984052181243896;RDF203;Electrical engineering, computer engineering, and information engineering;0.9168198704719543;RDF212;Other engineering and technologies;0.1200772151350975;RDF107;Other natural sciences;0.0753123089671135;RDF202;Industrial, systems and processes engineering;0.04268227890133858
7;Polymer Porous Fibrous Structures with Antiviral Properties (Materials and Chemical Engineering);RDF20-21;Engineering and technology;0.9067042469978333;RDF10;Natural sciences;0.03937368094921112;RDF30;Medical, health and life sciences;0.030995430424809456;RDF205;Chemical engineering;0.9593831896781921;RDF104;Chemical sciences;0.9188814759254456;RDF206;Materials engineering and resources engineering;0.25893452763557434;RDF107;Other natural sciences;0.1318424493074417;RDF305;Other medical sciences;0.09409338980913162
8;L'art Noir: cartographies for an emerging field (Multidisciplinary or interdisciplinary humanities);RDF60;Humanities and the arts;0.9450204968452454;RDF50;Social sciences;0.025856802240014076;RDF20-21;Engineering and technology;0.008927149698138237;RDF604;Arts (arts, history of arts, performing arts, music), architecture and design;0.8491598963737488;RDF605;Other humanities;0.07049557566642761;RDF602;Languages and literature;0.053157027810811996;RDF509;Other social sciences;0.052814021706581116;RDF504;Sociology and related studies;0.04023794084787369
9;System Identification of Human Postural Control: A Multimodal Sensory Stimulation Approach for Diagnosing Balance Disorders;RDF30;Medical, health and life sciences;0.655390739440918;RDF20-21;Engineering and technology;0.2192070633172989;RDF50;Social sciences;0.0487448126077652;RDF303;Health sciences;0.9692078828811646;RDF501;Psychology and cognitive sciences;0.9226218461990356;RDF106;Biological sciences;0.9027811288833618;RDF304;Medical biotechnology;0.8618873357772827;RDF207;Medical and biomedical engineering;0.8505306839942932
10;Transitioning patients with advanced chronic kidney disease to home or facility dialysis: understanding the experience and quality of life for patients and their caregivers (TRANSIT-CARE);RDF30;Medical, health and life sciences;0.9529715776443481;RDF50;Social sciences;0.025124486535787582;RDF20-21;Engineering and technology;0.010381795465946198;RDF303;Health sciences;0.9327602386474609;RDF302;Clinical medicine;0.8806431889533997;RDF207;Medical and biomedical engineering;0.800106942653656;RDF503;Education;0.4991302192211151;RDF304;Medical biotechnology;0.35225751996040344
11;Tenrikyo and the Rise and Fall of New Religions in Japan (Philosophy, medieval studies, classics, religious);RDF60;Humanities and the arts;0.3939254879951477;RDF50;Social sciences;0.33107125759124756;RDF10;Natural sciences;0.1464821994304657;RDF503;Education;0.8871557116508484;RDF603;Philosophy;0.46292823553085327;RDF509;Other social sciences;0.10576342046260834;RDF602;Languages and literature;0.060307640582323074;RDF305;Other medical sciences;0.05360114574432373
12;Systems biology of size control in eukaryotes (Genes, Cells and Molecules);RDF10;Natural sciences;0.7708495855331421;RDF30;Medical, health and life sciences;0.12983225286006927;RDF50;Social sciences;0.053231045603752136;RDF106;Biological sciences;0.9778834581375122;RDF301;Basic medicine and life sciences;0.4806462824344635;RDF107;Other natural sciences;0.1704389452934265;RDF103;Physical sciences;0.11666334420442581;RDF305;Other medical sciences;0.10311470180749893
13;Drop-based microfluidics (DBM) for single cell studies and ultrahigh-throughput phenotypic screens and lab evolution (Genes, Cells and Molecules);RDF20-21;Engineering and technology;0.8866768479347229;RDF10;Natural sciences;0.06005987152457237;RDF30;Medical, health and life sciences;0.036526113748550415;RDF207;Medical and biomedical engineering;0.5338379740715027;RDF104;Chemical sciences;0.5247143507003784;RDF106;Biological sciences;0.39028701186180115;RDF103;Physical sciences;0.3736186623573303;RDF205;Chemical engineering;0.3510885238647461
14;Neural repair in glaucoma: the role of insulin signaling (Cell Biology – Disease);RDF30;Medical, health and life sciences;0.9278621673583984;RDF10;Natural sciences;0.0519644059240818;RDF50;Social sciences;0.008445759303867817;RDF303;Health sciences;0.9761745929718018;RDF106;Biological sciences;0.9194980263710022;RDF301;Basic medicine and life sciences;0.6910805702209473;RDF207;Medical and biomedical engineering;0.4169672727584839;RDF304;Medical biotechnology;0.3351876139640808
15;Impacts des mesures de protection contre la COVID-19 sur la communication des personnes malentendantes;RDF30;Medical, health and life sciences;0.7030988931655884;RDF50;Social sciences;0.12501662969589233;RDF60;Humanities and the arts;0.07823340594768524;RDF508;Media and communications;0.9377259612083435;RDF303;Health sciences;0.862351655960083;RDF504;Sociology and related studies;0.7919015884399414;RDF501;Psychology and cognitive sciences;0.37203454971313477;RDF509;Other social sciences;0.1892962008714676
16;Mixité sociale et scolaire en classe : perception des exigences professionnelles des étudiant·e·s en formation à l'enseignement au Québec et en Suisse (Education and social work);RDF50;Social sciences;0.6344485878944397;RDF60;Humanities and the arts;0.20901472866535187;RDF20-21;Engineering and technology;0.04196920245885849;RDF503;Education;0.9982108473777771;RDF504;Sociology and related studies;0.23318210244178772;RDF509;Other social sciences;0.16701477766036987;RDF501;Psychology and cognitive sciences;0.07885492593050003;RDF605;Other humanities;0.04703038930892944
17;Discharges at/near gas-liquid and liquid-liquid interfaces: fundamental investigation and application in liquid processing and nanomaterial synthesis (Physics);RDF20-21;Engineering and technology;0.8083696365356445;RDF10;Natural sciences;0.1496063768863678;RDF50;Social sciences;0.016597917303442955;RDF103;Physical sciences;0.9961531162261963;RDF211;Nano-technology;0.43141013383865356;RDF104;Chemical sciences;0.34989362955093384;RDF205;Chemical engineering;0.20713451504707336;RDF503;Education;0.07172112166881561
18;Fully-Lagrangian three-dimensional modelling of river ice jam initiation;RDF10;Natural sciences;0.4997808337211609;RDF20-21;Engineering and technology;0.39943400025367737;RDF50;Social sciences;0.04324597120285034;RDF103;Physical sciences;0.9234543442726135;RDF105;Earth and related environmental sciences;0.7446098923683167;RDF106;Biological sciences;0.7265711426734924;RDF104;Chemical sciences;0.42614805698394775;RDF101;Mathematics and statistics;0.3091801106929779
19;Juger l'homosexualité, attribuer l'asile: le traitement des demandes d'asile OSIG au Canada (Political science and public administration);RDF50;Social sciences;0.5327737331390381;RDF60;Humanities and the arts;0.14794592559337616;RDF20-21;Engineering and technology;0.11589750647544861;RDF506;Political science and policy administration;0.958304226398468;RDF505;Law and legal practice;0.6103228330612183;RDF509;Other social sciences;0.09434341639280319;RDF605;Other humanities;0.07793769240379333;RDF504;Sociology and related studies;0.05921025201678276
20;Intentions or affect: Which is a key driver of physical activity? Using ecological momentary assessment to understand the intention-behaviour gap in schizophrenia spectrum disorders (Multidisciplinary or interdisciplinary social sciences);RDF50;Social sciences;0.8715706467628479;RDF30;Medical, health and life sciences;0.08075264096260071;RDF60;Humanities and the arts;0.026267798617482185;RDF501;Psychology and cognitive sciences;0.9029524326324463;RDF504;Sociology and related studies;0.7496374249458313;RDF503;Education;0.5590192675590515;RDF603;Philosophy;0.21518577635288239;RDF509;Other social sciences;0.12116485089063644
21;Biophysical and genetic control of root growth;RDF10;Natural sciences;0.699303925037384;RDF40;Agricultural and veterinary sciences;0.11037614196538925;RDF50;Social sciences;0.07623165845870972;RDF106;Biological sciences;0.9406263828277588;RDF401;Agriculture, forestry, and fisheries;0.7085655927658081;RDF103;Physical sciences;0.24789637327194214;RDF107;Other natural sciences;0.20386597514152527;RDF404;Agricultural biotechnology and food sciences;0.18884699046611786
22;Open-source numerical strategy for the analysis and redesign of turbomachine blades accounting for nonlinear structural interactions;RDF20-21;Engineering and technology;0.8241460919380188;RDF10;Natural sciences;0.10684498399496078;RDF50;Social sciences;0.02938144840300083;RDF202;Industrial, systems and processes engineering;0.9345744848251343;RDF204;Mechanical engineering;0.9207184314727783;RDF103;Physical sciences;0.7148271799087524;RDF101;Mathematics and statistics;0.5804263949394226;RDF104;Chemical sciences;0.46640506386756897
23;Application of Boltzmann Transport Equation solutions to nuclear reactor physics and radiotherapy applications (Physics);RDF20-21;Engineering and technology;0.8765439987182617;RDF10;Natural sciences;0.07452563941478729;RDF30;Medical, health and life sciences;0.022552156820893288;RDF103;Physical sciences;0.9969721436500549;RDF212;Other engineering and technologies;0.08509904146194458;RDF503;Education;0.025736059993505478;RDF107;Other natural sciences;0.020196635276079178;RDF305;Other medical sciences;0.013096004724502563
24;La théorie des graphes : analyse structurelle, algorithmique et applications dans les sciences de l'ingénieur;RDF20-21;Engineering and technology;0.9495943188667297;RDF10;Natural sciences;0.023426933214068413;RDF50;Social sciences;0.011710982769727707;RDF101;Mathematics and statistics;0.614126443862915;RDF102;Computer and information sciences;0.28937169909477234;RDF202;Industrial, systems and processes engineering;0.18506188690662384;RDF203;Electrical engineering, computer engineering, and information engineering;0.15335889160633087;RDF204;Mechanical engineering;0.1478625386953354
25;Interdisciplinary Canadian Collaborative ME Research Network;RDF60;Humanities and the arts;0.24260441958904266;RDF20-21;Engineering and technology;0.20873001217842102;RDF10;Natural sciences;0.18152496218681335;RDF504;Sociology and related studies;0.19482697546482086;RDF305;Other medical sciences;0.06058495119214058;RDF107;Other natural sciences;0.039379432797431946;RDF501;Psychology and cognitive sciences;0.038901980966329575;RDF601;History, archaeology and related studies;0.032344333827495575
26;La nouvelle politique de la redistribution (Political science and public administration);RDF50;Social sciences;0.5479992032051086;RDF60;Humanities and the arts;0.13574334979057312;RDF10;Natural sciences;0.12603344023227692;RDF506;Political science and policy administration;0.9851146936416626;RDF504;Sociology and related studies;0.10866095870733261;RDF503;Education;0.05094090849161148;RDF509;Other social sciences;0.04903962463140488;RDF603;Philosophy;0.04312337189912796
27;Extracellular vesicles and their miR cargo to enhance ischemia-induced neovascularization in peripheral artery disease (Cardiovascular System – Vascular System);RDF30;Medical, health and life sciences;0.6922649145126343;RDF20-21;Engineering and technology;0.21975378692150116;RDF10;Natural sciences;0.05891533941030502;RDF303;Health sciences;0.9630224704742432;RDF207;Medical and biomedical engineering;0.8743457198143005;RDF106;Biological sciences;0.8560919165611267;RDF304;Medical biotechnology;0.8415654301643372;RDF104;Chemical sciences;0.5344910025596619
28;Low-Dimensional Organic Materials for Energy, Electronic and Environment Applications;RDF20-21;Engineering and technology;0.4796943664550781;RDF10;Natural sciences;0.43847617506980896;RDF50;Social sciences;0.05376768112182617;RDF104;Chemical sciences;0.8219034671783447;RDF206;Materials engineering and resources engineering;0.4150618314743042;RDF211;Nano-technology;0.3203427493572235;RDF205;Chemical engineering;0.2877177894115448;RDF107;Other natural sciences;0.2499503642320633
29;Histone protein supply and demand: life on a knife's edge (Genes, Cells and Molecules);RDF30;Medical, health and life sciences;0.6777094602584839;RDF10;Natural sciences;0.2380145937204361;RDF50;Social sciences;0.03648290038108826;RDF106;Biological sciences;0.9591925144195557;RDF301;Basic medicine and life sciences;0.9073122143745422;RDF303;Health sciences;0.673782229423523;RDF103;Physical sciences;0.48087483644485474;RDF104;Chemical sciences;0.4270457327365875
30;Bayesian deep-learning prediction with sparse graphs (Mathematics and Statistics);RDF10;Natural sciences;0.6291378140449524;RDF50;Social sciences;0.15737132728099823;RDF20-21;Engineering and technology;0.07897687703371048;RDF101;Mathematics and statistics;0.9882335066795349;RDF503;Education;0.40293529629707336;RDF102;Computer and information sciences;0.20537589490413666;RDF103;Physical sciences;0.0401625819504261;RDF107;Other natural sciences;0.03680407255887985
31;At the Edge of Soft Power: French Saint-Simonians and Nineteenth-Century Visions of Development (History);RDF60;Humanities and the arts;0.4306696057319641;RDF20-21;Engineering and technology;0.2208254337310791;RDF50;Social sciences;0.13367605209350586;RDF601;History, archaeology and related studies;0.9987131953239441;RDF503;Education;0.9691786766052246;RDF212;Other engineering and technologies;0.04252295196056366;RDF506;Political science and policy administration;0.04189130663871765;RDF602;Languages and literature;0.03085050918161869
32;Random walks on random graphs in high dimensions (Mathematics and Statistics);RDF10;Natural sciences;0.5201441049575806;RDF20-21;Engineering and technology;0.24521927535533905;RDF50;Social sciences;0.1318988800048828;RDF101;Mathematics and statistics;0.9888527393341064;RDF102;Computer and information sciences;0.8606622219085693;RDF107;Other natural sciences;0.024053551256656647;RDF212;Other engineering and technologies;0.02254296839237213;RDF103;Physical sciences;0.021471237763762474
33;Roles, mechanisms of action and regulation of Hippo signaling in the testis (Biological Systems and Functions);RDF30;Medical, health and life sciences;0.577215313911438;RDF10;Natural sciences;0.34695056080818176;RDF50;Social sciences;0.04171138256788254;RDF106;Biological sciences;0.9806734323501587;RDF301;Basic medicine and life sciences;0.6174260973930359;RDF303;Health sciences;0.6133378744125366;RDF103;Physical sciences;0.39798226952552795;RDF503;Education;0.30481716990470886
34;The role of the TGFB-SOX9 signaling pathway in brain angiogenesis (Biological Systems and Functions);RDF30;Medical, health and life sciences;0.6145818829536438;RDF10;Natural sciences;0.19080738723278046;RDF20-21;Engineering and technology;0.09714607149362564;RDF106;Biological sciences;0.9154316782951355;RDF303;Health sciences;0.39313745498657227;RDF501;Psychology and cognitive sciences;0.3268083333969116;RDF305;Other medical sciences;0.2934044897556305;RDF207;Medical and biomedical engineering;0.2918378710746765
35;A randomized controlled trial comparing Virtual Reality Therapy to Supportive Therapy to reduce cannabis use in patients with psychotic disorders;RDF30;Medical, health and life sciences;0.7046036124229431;RDF20-21;Engineering and technology;0.19570912420749664;RDF50;Social sciences;0.05263582989573479;RDF303;Health sciences;0.9200026392936707;RDF501;Psychology and cognitive sciences;0.795181393623352;RDF302;Clinical medicine;0.6089138388633728;RDF304;Medical biotechnology;0.25446265935897827;RDF301;Basic medicine and life sciences;0.23952719569206238
36;Le contrat didactique en sciences humaines au primaire : mieux comprendre les pratiques enseignantes et leurs effets sur l'apprentissage (Education and social work);RDF60;Humanities and the arts;0.3989679515361786;RDF50;Social sciences;0.30411219596862793;RDF10;Natural sciences;0.09569314867258072;RDF503;Education;0.9985591173171997;RDF509;Other social sciences;0.02010023593902588;RDF501;Psychology and cognitive sciences;0.014309456571936607;RDF605;Other humanities;0.012007351033389568;RDF504;Sociology and related studies;0.008847354911267757
37;Impact of insects by-products and phytogenics on the piglet's intestinal health;RDF30;Medical, health and life sciences;0.5062474608421326;RDF10;Natural sciences;0.2470870018005371;RDF40;Agricultural and veterinary sciences;0.18492412567138672;RDF402;Animal and dairy sciences;0.9940544366836548;RDF403;Veterinary sciences;0.9333701133728027;RDF106;Biological sciences;0.9301416277885437;RDF303;Health sciences;0.9029096961021423;RDF301;Basic medicine and life sciences;0.6773939728736877
38;Response of the continental water cycle to greenhouse warming: evaluating, understanding and constraining Earth System Model projections (Geosciences);RDF20-21;Engineering and technology;0.46321940422058105;RDF10;Natural sciences;0.4392102360725403;RDF50;Social sciences;0.03178522735834122;RDF105;Earth and related environmental sciences;0.9859904050827026;RDF208;Environmental engineering and related engineering;0.22456520795822144;RDF503;Education;0.11456650495529175;RDF107;Other natural sciences;0.07389651983976364;RDF209;Environmental biotechnology;0.028034118935465813
39;Why Do Green Products Suffer from Low Consumer Preference? An Explanation Based on Ease of Benefit Visualization and Price Fairness Perceptions;RDF50;Social sciences;0.40563660860061646;RDF10;Natural sciences;0.22415058314800262;RDF30;Medical, health and life sciences;0.13655297458171844;RDF503;Education;0.6815677881240845;RDF501;Psychology and cognitive sciences;0.5673368573188782;RDF502;Economics and business administration;0.5288832187652588;RDF208;Environmental engineering and related engineering;0.4860113263130188;RDF504;Sociology and related studies;0.45934897661209106
40;Architecture comme tissu spatial et social: perspectives japonaises pour promouvoir les relations multi échelles (Geography, urban planning and related fields);RDF50;Social sciences;0.35008367896080017;RDF20-21;Engineering and technology;0.22317960858345032;RDF10;Natural sciences;0.17415226995944977;RDF604;Arts (arts, history of arts, performing arts, music), architecture and design;0.8259410262107849;RDF509;Other social sciences;0.07068779319524765;RDF107;Other natural sciences;0.04027567431330681;RDF605;Other humanities;0.03743230551481247;RDF212;Other engineering and technologies;0.028140749782323837
41;Femmes mémorialistes sous l'Ancien Régime (XVIe-XVIIIe siècles);RDF60;Humanities and the arts;0.47809073328971863;RDF50;Social sciences;0.26805368065834045;RDF10;Natural sciences;0.08143302798271179;RDF601;History, archaeology and related studies;0.6295753121376038;RDF504;Sociology and related studies;0.3600108027458191;RDF509;Other social sciences;0.11930549144744873;RDF501;Psychology and cognitive sciences;0.10096722841262817;RDF503;Education;0.08374040573835373
42;Répit Une Heure pour Moi : Ethnographie ciblée d'un programme de soutien familial à domicile pour les familles dont un enfant a des problèmes de santé mentale;RDF50;Social sciences;0.4539099931716919;RDF60;Humanities and the arts;0.299065500497818;RDF30;Medical, health and life sciences;0.15984390676021576;RDF504;Sociology and related studies;0.7057597041130066;RDF503;Education;0.24757789075374603;RDF501;Psychology and cognitive sciences;0.17546741664409637;RDF509;Other social sciences;0.155270516872406;RDF508;Media and communications;0.09877259284257889
43;The ethical challenges of Artificial Intelligence for start-ups;RDF20-21;Engineering and technology;0.9456502795219421;RDF10;Natural sciences;0.01811598427593708;RDF50;Social sciences;0.01711840182542801;RDF102;Computer and information sciences;0.9725193381309509;RDF203;Electrical engineering, computer engineering, and information engineering;0.718298077583313;RDF202;Industrial, systems and processes engineering;0.13957221806049347;RDF212;Other engineering and technologies;0.12956784665584564;RDF509;Other social sciences;0.06866228580474854
44;Integrating impacts from marine plastics in Life Cycle Assessment (Civil, Industrial and Systems Engineering);RDF20-21;Engineering and technology;0.6299806237220764;RDF10;Natural sciences;0.26157519221305847;RDF30;Medical, health and life sciences;0.05459205433726311;RDF208;Environmental engineering and related engineering;0.8183015584945679;RDF105;Earth and related environmental sciences;0.5336329340934753;RDF202;Industrial, systems and processes engineering;0.5142173767089844;RDF104;Chemical sciences;0.3446364402770996;RDF107;Other natural sciences;0.19521023333072662
45;A Semantic Parsing Approach to Open-world Knowledge Graph Question Answering;RDF20-21;Engineering and technology;0.6657456159591675;RDF50;Social sciences;0.1307734251022339;RDF10;Natural sciences;0.12539567053318024;RDF102;Computer and information sciences;0.9943908452987671;RDF503;Education;0.6660625338554382;RDF203;Electrical engineering, computer engineering, and information engineering;0.46092578768730164;RDF501;Psychology and cognitive sciences;0.12168575078248978;RDF103;Physical sciences;0.11211312562227249
46;Appropriation et déploiement d'une approche pédagogique antiraciste chez des formateurs en sciences de la santé (Indigenous research);RDF30;Medical, health and life sciences;0.6865019798278809;RDF50;Social sciences;0.12720730900764465;RDF10;Natural sciences;0.09082222729921341;RDF503;Education;0.9876877069473267;RDF303;Health sciences;0.8155999779701233;RDF504;Sociology and related studies;0.3940843641757965;RDF501;Psychology and cognitive sciences;0.09653531014919281;RDF301;Basic medicine and life sciences;0.0755847916007042
47;Pathways for the digital economy: Adolescent digital literacies and InstaPoetry;RDF20-21;Engineering and technology;0.7520171403884888;RDF60;Humanities and the arts;0.16911375522613525;RDF50;Social sciences;0.055064283311367035;RDF503;Education;0.8752015233039856;RDF102;Computer and information sciences;0.8598991632461548;RDF508;Media and communications;0.7085655927658081;RDF203;Electrical engineering, computer engineering, and information engineering;0.4579774737358093;RDF602;Languages and literature;0.40248018503189087
48;Les discours en matière de pauvreté dans les revues scientifiques francophones du travail social : ce qu'ils nous disent du travail social et de ses rapports à la science et à la théorie (Multidisciplinary or interdisciplinary social sciences);RDF50;Social sciences;0.9683359861373901;RDF60;Humanities and the arts;0.014920373447239399;RDF30;Medical, health and life sciences;0.005126218311488628;RDF504;Sociology and related studies;0.9043975472450256;RDF503;Education;0.1336977332830429;RDF509;Other social sciences;0.12995381653308868;RDF602;Languages and literature;0.07257095724344254;RDF507;Social and economic geography;0.04463920369744301
49;Bilingualism and attentional processes in the age and language proficiency continuum (Biological Systems and Functions);RDF10;Natural sciences;0.46696925163269043;RDF50;Social sciences;0.2117164134979248;RDF30;Medical, health and life sciences;0.13197222352027893;RDF503;Education;0.9686195254325867;RDF106;Biological sciences;0.952175498008728;RDF501;Psychology and cognitive sciences;0.7911763787269592;RDF602;Languages and literature;0.7074804902076721;RDF504;Sociology and related studies;0.12320729345083237
50;Arts de la scène, innovations technologiques et clowns pour le renouvellement de l'opéra;RDF60;Humanities and the arts;0.7627790570259094;RDF20-21;Engineering and technology;0.1598152220249176;RDF50;Social sciences;0.025709738954901695;RDF604;Arts (arts, history of arts, performing arts, music), architecture and design;0.6748411655426025;RDF212;Other engineering and technologies;0.10338596254587173;RDF503;Education;0.06548521667718887;RDF508;Media and communications;0.026006784290075302;RDF605;Other humanities;0.01971912756562233
51;"""Domestic art galleries"" in Cuba, Russia, and China after 1989: a(n) (imagined) trans-socialist network (Fine Arts, Research-Creation)";RDF60;Humanities and the arts;0.9551150798797607;RDF50;Social sciences;0.011590790003538132;RDF20-21;Engineering and technology;0.009684466756880283;RDF604;Arts (arts, history of arts, performing arts, music), architecture and design;0.9494354724884033;RDF508;Media and communications;0.05122493952512741;RDF605;Other humanities;0.043365802615880966;RDF507;Social and economic geography;0.025932677090168;RDF509;Other social sciences;0.025858772918581963
52;Advancing the understanding of fundamental principles of motor control (Biological Systems and Functions);RDF10;Natural sciences;0.6019353866577148;RDF20-21;Engineering and technology;0.22646965086460114;RDF50;Social sciences;0.07077635824680328;RDF503;Education;0.9855242967605591;RDF106;Biological sciences;0.9177091717720032;RDF103;Physical sciences;0.6173107624053955;RDF107;Other natural sciences;0.10221505165100098;RDF305;Other medical sciences;0.07133200019598007
53;Impact Award: Insight;RDF20-21;Engineering and technology;0.43142062425613403;RDF60;Humanities and the arts;0.18958128988742828;RDF50;Social sciences;0.12300202250480652;RDF501;Psychology and cognitive sciences;0.298951655626297;RDF604;Arts (arts, history of arts, performing arts, music), architecture and design;0.28002533316612244;RDF201;Civil engineering, maritime engineering, transport engineering, and mining engineering;0.06614568084478378;RDF504;Sociology and related studies;0.05577168986201286;RDF601;History, archaeology and related studies;0.04177388176321983
54;New Methods for the Stereoselective Synthesis of Organic Compounds (Chemistry);RDF10;Natural sciences;0.5228455662727356;RDF20-21;Engineering and technology;0.24362114071846008;RDF50;Social sciences;0.09438405185937881;RDF104;Chemical sciences;0.9854404926300049;RDF107;Other natural sciences;0.05701886862516403;RDF205;Chemical engineering;0.05374995246529579;RDF103;Physical sciences;0.012747264467179775;RDF509;Other social sciences;0.011777843348681927
55;Capturer le rythme de la vie moderne : le montage rapide comme symptôme et modèle pour les sociétés du début du XXe siècle jusqu'à aujourd'hui (Fine Arts, Research-Creation);RDF60;Humanities and the arts;0.6076696515083313;RDF20-21;Engineering and technology;0.27004706859588623;RDF50;Social sciences;0.06663181632757187;RDF604;Arts (arts, history of arts, performing arts, music), architecture and design;0.6450221538543701;RDF504;Sociology and related studies;0.2922416925430298;RDF503;Education;0.28017303347587585;RDF202;Industrial, systems and processes engineering;0.24319282174110413;RDF212;Other engineering and technologies;0.11023146659135818
56;Environnement, médias, archives : une anatomie contemporaine de la mélancolie et de la nostalgie (Fine Arts, Research-Creation);RDF60;Humanities and the arts;0.8454530239105225;RDF50;Social sciences;0.056310903280973434;RDF10;Natural sciences;0.05570923909544945;RDF105;Earth and related environmental sciences;0.5397717356681824;RDF604;Arts (arts, history of arts, performing arts, music), architecture and design;0.434101402759552;RDF508;Media and communications;0.24598954617977142;RDF208;Environmental engineering and related engineering;0.24247460067272186;RDF107;Other natural sciences;0.14990434050559998
57;Multimode determination of gene transcription and metabolic labeling (Genes, Cells and Molecules);RDF10;Natural sciences;0.407629132270813;RDF30;Medical, health and life sciences;0.39072319865226746;RDF20-21;Engineering and technology;0.12494362145662308;RDF106;Biological sciences;0.8534247279167175;RDF301;Basic medicine and life sciences;0.2494015246629715;RDF104;Chemical sciences;0.2183358520269394;RDF107;Other natural sciences;0.18293584883213043;RDF103;Physical sciences;0.10856643319129944
58;SLAMF7 in innate immune cells and anti-cancer immunotherapy;RDF30;Medical, health and life sciences;0.7914034128189087;RDF10;Natural sciences;0.11234082281589508;RDF20-21;Engineering and technology;0.039788324385881424;RDF303;Health sciences;0.9398581981658936;RDF106;Biological sciences;0.863909125328064;RDF304;Medical biotechnology;0.8548846244812012;RDF207;Medical and biomedical engineering;0.3257618248462677;RDF301;Basic medicine and life sciences;0.31357741355895996
59;À votre service : figures ambivalentes du care dans le Roman français de 1870 à 1945 (Literature);RDF60;Humanities and the arts;0.670817494392395;RDF30;Medical, health and life sciences;0.16367006301879883;RDF40;Agricultural and veterinary sciences;0.09763646125793457;RDF602;Languages and literature;0.8574699759483337;RDF503;Education;0.8537908792495728;RDF302;Clinical medicine;0.2030746191740036;RDF305;Other medical sciences;0.1148144006729126;RDF601;History, archaeology and related studies;0.08905768394470215
60;Using a point-of-care electrophysiological method to study the impact of neuro-sacral function on recovery after acute spinal cord injury;RDF30;Medical, health and life sciences;0.8551692366600037;RDF20-21;Engineering and technology;0.06098783016204834;RDF10;Natural sciences;0.042910296469926834;RDF303;Health sciences;0.9114164710044861;RDF103;Physical sciences;0.8336634039878845;RDF207;Medical and biomedical engineering;0.7604283094406128;RDF301;Basic medicine and life sciences;0.5770559906959534;RDF302;Clinical medicine;0.5312550067901611
61;Local intersectoral networks and institutional transformations: how can local actors promote social innovations? (Education);RDF50;Social sciences;0.6740121841430664;RDF60;Humanities and the arts;0.11339753121137619;RDF20-21;Engineering and technology;0.10385636985301971;RDF503;Education;0.9985896348953247;RDF504;Sociology and related studies;0.4599250257015228;RDF509;Other social sciences;0.17603328824043274;RDF502;Economics and business administration;0.1594790369272232;RDF507;Social and economic geography;0.10185714811086655
62;Plasma biomarkers of Alzheimer's disease in insomnia before and after cognitive behavioral therapy for insomnia;RDF30;Medical, health and life sciences;0.8646765351295471;RDF10;Natural sciences;0.06106658652424812;RDF50;Social sciences;0.04809582233428955;RDF303;Health sciences;0.9679598808288574;RDF501;Psychology and cognitive sciences;0.9500414729118347;RDF302;Clinical medicine;0.7352140545845032;RDF106;Biological sciences;0.721988320350647;RDF301;Basic medicine and life sciences;0.7198269963264465
63;Developing algorithm aided fabrication methods for polyhedral structures (Civil, Industrial and Systems Engineering);RDF20-21;Engineering and technology;0.9773272275924683;RDF10;Natural sciences;0.011092906817793846;RDF50;Social sciences;0.006470435298979282;RDF202;Industrial, systems and processes engineering;0.6134898066520691;RDF212;Other engineering and technologies;0.1573309600353241;RDF509;Other social sciences;0.07178617268800735;RDF107;Other natural sciences;0.06103111803531647;RDF201;Civil engineering, maritime engineering, transport engineering, and mining engineering;0.05807814747095108
64;SARS-CoV-2 Spike conformation: impact on Fc-mediated effector functions (Virology & Viral Pathogenesis);RDF30;Medical, health and life sciences;0.8551509976387024;RDF20-21;Engineering and technology;0.05100594460964203;RDF10;Natural sciences;0.044575151056051254;RDF303;Health sciences;0.6171377301216125;RDF103;Physical sciences;0.3093365728855133;RDF305;Other medical sciences;0.28427785634994507;RDF301;Basic medicine and life sciences;0.27810972929000854;RDF304;Medical biotechnology;0.20713451504707336
65;Questions in number theory (Mathematics and Statistics);RDF10;Natural sciences;0.6804963946342468;RDF50;Social sciences;0.11130516231060028;RDF60;Humanities and the arts;0.05934509262442589;RDF101;Mathematics and statistics;0.9949199557304382;RDF503;Education;0.5156656503677368;RDF103;Physical sciences;0.11721798032522202;RDF107;Other natural sciences;0.03514484688639641;RDF305;Other medical sciences;0.0072749583050608635
66;The mammalian target of rapamycin provides the female rodent heart sex-dependent resistance to ischemic damage (Gender, Sex & Health);RDF30;Medical, health and life sciences;0.7086862325668335;RDF10;Natural sciences;0.1554308533668518;RDF40;Agricultural and veterinary sciences;0.05432874709367752;RDF303;Health sciences;0.9428760409355164;RDF106;Biological sciences;0.9317114949226379;RDF402;Animal and dairy sciences;0.8720752596855164;RDF301;Basic medicine and life sciences;0.6782736778259277;RDF302;Clinical medicine;0.6612942814826965
67;The CAnadian Mother-ChIld COLlaborative Training Platform - The CAMCCO-L Training Platform (Health Research Training Platform);RDF20-21;Engineering and technology;0.7130730748176575;RDF30;Medical, health and life sciences;0.21254095435142517;RDF10;Natural sciences;0.02163833938539028;RDF503;Education;0.5554220676422119;RDF102;Computer and information sciences;0.48087480664253235;RDF303;Health sciences;0.4025976359844208;RDF207;Medical and biomedical engineering;0.28567078709602356;RDF212;Other engineering and technologies;0.19876310229301453
68;Life course body fatness and physical activity, and ovarian cancer etiology (Gender, Sex & Health);RDF30;Medical, health and life sciences;0.890239953994751;RDF10;Natural sciences;0.05268562212586403;RDF50;Social sciences;0.03264941647648811;RDF303;Health sciences;0.9459512829780579;RDF106;Biological sciences;0.8430570363998413;RDF301;Basic medicine and life sciences;0.5794748067855835;RDF103;Physical sciences;0.41728630661964417;RDF302;Clinical medicine;0.36330798268318176
69;Modeling cue-triggered relapse to cocaine use in rats (Behavioural Sciences – Neurobiological Basis of Behavioural Processes);RDF30;Medical, health and life sciences;0.8775379061698914;RDF20-21;Engineering and technology;0.04064413532614708;RDF10;Natural sciences;0.033695172518491745;RDF501;Psychology and cognitive sciences;0.9270997643470764;RDF106;Biological sciences;0.6087103486061096;RDF303;Health sciences;0.21223202347755432;RDF301;Basic medicine and life sciences;0.18937113881111145;RDF503;Education;0.09585608541965485
70;Exploring emotional underpinnings of audit work amidst the rise of the digital age;RDF20-21;Engineering and technology;0.40233314037323;RDF50;Social sciences;0.30637797713279724;RDF60;Humanities and the arts;0.10871031135320663;RDF502;Economics and business administration;0.18683576583862305;RDF501;Psychology and cognitive sciences;0.10212547332048416;RDF203;Electrical engineering, computer engineering, and information engineering;0.09001296758651733;RDF102;Computer and information sciences;0.08826860785484314;RDF509;Other social sciences;0.06822642683982849
71;Moving towards culturally safe services for Indigenous people in forensic mental health: A Partnership Development Programme;RDF30;Medical, health and life sciences;0.6247031092643738;RDF50;Social sciences;0.16067221760749817;RDF60;Humanities and the arts;0.12648308277130127;RDF303;Health sciences;0.4346056580543518;RDF504;Sociology and related studies;0.24216081202030182;RDF501;Psychology and cognitive sciences;0.15739572048187256;RDF103;Physical sciences;0.06822643429040909;RDF509;Other social sciences;0.05056453123688698
72;Development of functional language brain networks: a multimodal neuroimaging approach (Physics);RDF20-21;Engineering and technology;0.34898442029953003;RDF30;Medical, health and life sciences;0.2702014744281769;RDF10;Natural sciences;0.259596586227417;RDF103;Physical sciences;0.9892544746398926;RDF501;Psychology and cognitive sciences;0.7212526202201843;RDF102;Computer and information sciences;0.10311470925807953;RDF305;Other medical sciences;0.046076804399490356;RDF107;Other natural sciences;0.042285025119781494
73;Une deuxième peau à vif: vêtement, genre et violence dans la Bible hébraïque (Philosophy, medieval studies, classics, religious);RDF60;Humanities and the arts;0.4132252633571625;RDF50;Social sciences;0.22598694264888763;RDF10;Natural sciences;0.22598694264888763;RDF503;Education;0.6575933694839478;RDF603;Philosophy;0.41472128033638;RDF602;Languages and literature;0.2252461463212967;RDF605;Other humanities;0.09025324136018753;RDF305;Other medical sciences;0.07456762343645096
74;Social Innovation through Participatory Art and Design with Youth at the Margins - Solutions for Engaging and Empowering Youth with Trans-Atlantic Mirroring (Social Innovation);RDF60;Humanities and the arts;0.7593276500701904;RDF50;Social sciences;0.1597086638212204;RDF20-21;Engineering and technology;0.048258595168590546;RDF604;Arts (arts, history of arts, performing arts, music), architecture and design;0.7768346667289734;RDF504;Sociology and related studies;0.3322833180427551;RDF508;Media and communications;0.16498680412769318;RDF509;Other social sciences;0.11456650495529175;RDF501;Psychology and cognitive sciences;0.10781264305114746
75;Assessment of renal function in adults born preterm: The HAPI-Kidney study (Clinical Investigation – Reproduction, Maternal, Child and Youth Health);RDF30;Medical, health and life sciences;0.955805778503418;RDF50;Social sciences;0.018364258110523224;RDF10;Natural sciences;0.012329179793596268;RDF303;Health sciences;0.9737197160720825;RDF302;Clinical medicine;0.8922343254089355;RDF106;Biological sciences;0.8722929954528809;RDF304;Medical biotechnology;0.6555014252662659;RDF301;Basic medicine and life sciences;0.37613603472709656
76;Unveiling the Role of Cellular Aging in Postmenopausal Syndrome: Rationale for Senolytic-Based Strategies to Enhance Women's Health;RDF30;Medical, health and life sciences;0.9146379232406616;RDF10;Natural sciences;0.03418911248445511;RDF50;Social sciences;0.03331568464636803;RDF303;Health sciences;0.9791556596755981;RDF106;Biological sciences;0.8342043161392212;RDF301;Basic medicine and life sciences;0.6445887088775635;RDF302;Clinical medicine;0.6318214535713196;RDF504;Sociology and related studies;0.47790440917015076
77;Optimizing the Ageing Brain? Situating Ethical Aspects of Dementia Prevention (BEAD);RDF30;Medical, health and life sciences;0.8727256059646606;RDF50;Social sciences;0.07204107940196991;RDF10;Natural sciences;0.03063097596168518;RDF501;Psychology and cognitive sciences;0.9648551344871521;RDF303;Health sciences;0.9513686299324036;RDF106;Biological sciences;0.5361003875732422;RDF207;Medical and biomedical engineering;0.4202500879764557;RDF503;Education;0.3106943666934967
78;Multicommunicating during team meetings and its effect on team functioning;RDF50;Social sciences;0.32404908537864685;RDF20-21;Engineering and technology;0.24748842418193817;RDF60;Humanities and the arts;0.19180533289909363;RDF508;Media and communications;0.9501803517341614;RDF501;Psychology and cognitive sciences;0.5117928385734558;RDF504;Sociology and related studies;0.14258968830108643;RDF509;Other social sciences;0.12984344363212585;RDF503;Education;0.09973295778036118
79;Transitioning from late adolescence into emerging adulthood: The role of past and current parenting (Psychology);RDF50;Social sciences;0.3741954267024994;RDF30;Medical, health and life sciences;0.25344064831733704;RDF60;Humanities and the arts;0.15192864835262299;RDF501;Psychology and cognitive sciences;0.9914391040802002;RDF503;Education;0.6501063704490662;RDF603;Philosophy;0.45340079069137573;RDF509;Other social sciences;0.11284428089857101;RDF305;Other medical sciences;0.06198945641517639
80;Plateforme intégrée de caractérisation expérimentale/numérique pour la conception de matériaux poreux innovants (Mechanical Engineering);RDF20-21;Engineering and technology;0.9695279598236084;RDF30;Medical, health and life sciences;0.009051959030330181;RDF50;Social sciences;0.008876877836883068;RDF204;Mechanical engineering;0.9980161190032959;RDF104;Chemical sciences;0.08464395999908447;RDF206;Materials engineering and resources engineering;0.0792103186249733;RDF202;Industrial, systems and processes engineering;0.07807815819978714;RDF212;Other engineering and technologies;0.06170613691210747
81;How Peers in Healthcare Teams Transform Homelessness Prevention and Care Practices: A Participatory Multiple Case Study;RDF30;Medical, health and life sciences;0.808026909828186;RDF50;Social sciences;0.15809351205825806;RDF60;Humanities and the arts;0.012683456763625145;RDF303;Health sciences;0.807688295841217;RDF504;Sociology and related studies;0.45196133852005005;RDF509;Other social sciences;0.1989186704158783;RDF302;Clinical medicine;0.15707220137119293;RDF301;Basic medicine and life sciences;0.1424703449010849
82;Online stochastic optimization for dynamic operations management systems (Civil, Industrial and Systems Engineering);RDF20-21;Engineering and technology;0.9762802124023438;RDF50;Social sciences;0.010594258084893227;RDF10;Natural sciences;0.005296004936099052;RDF102;Computer and information sciences;0.9442282915115356;RDF202;Industrial, systems and processes engineering;0.7314903736114502;RDF201;Civil engineering, maritime engineering, transport engineering, and mining engineering;0.4055784046649933;RDF203;Electrical engineering, computer engineering, and information engineering;0.23361890017986298;RDF212;Other engineering and technologies;0.10132237523794174
83;Assessing latent-structure models in natural language processing with artificial datasets (Computer Science);RDF20-21;Engineering and technology;0.8518120050430298;RDF10;Natural sciences;0.07295525819063187;RDF50;Social sciences;0.025810562074184418;RDF102;Computer and information sciences;0.9984114766120911;RDF203;Electrical engineering, computer engineering, and information engineering;0.9181506037712097;RDF212;Other engineering and technologies;0.03864719718694687;RDF202;Industrial, systems and processes engineering;0.038214150816202164;RDF107;Other natural sciences;0.03339982032775879
84;Electroactive Self-Assembled Monolayers: Putting Surface-Confined Redox Reactions to Work (Chemistry);RDF20-21;Engineering and technology;0.9275497198104858;RDF10;Natural sciences;0.05457295849919319;RDF50;Social sciences;0.009182614274322987;RDF205;Chemical engineering;0.9925248622894287;RDF104;Chemical sciences;0.9920002222061157;RDF103;Physical sciences;0.18111832439899445;RDF212;Other engineering and technologies;0.11621122807264328;RDF206;Materials engineering and resources engineering;0.11056715995073318
85;Role of SCPPPQ1, a junctional epithelium protein, in maintaining periodontal integrity and health (Clinical Investigation – Arthritis, Bone, Skin and Cartilage);RDF30;Medical, health and life sciences;0.9478276968002319;RDF10;Natural sciences;0.02450554259121418;RDF50;Social sciences;0.01146310567855835;RDF303;Health sciences;0.9807288646697998;RDF106;Biological sciences;0.8775292634963989;RDF304;Medical biotechnology;0.7938660979270935;RDF302;Clinical medicine;0.7306263446807861;RDF207;Medical and biomedical engineering;0.7203190922737122
86;What dreams may come: How cinema shapes the language, experience, and images of dreaming (Multidisciplinary or interdisciplinary social sciences);RDF50;Social sciences;0.7179746031761169;RDF60;Humanities and the arts;0.24430838227272034;RDF20-21;Engineering and technology;0.01329218689352274;RDF504;Sociology and related studies;0.43376782536506653;RDF501;Psychology and cognitive sciences;0.19216008484363556;RDF503;Education;0.18937112390995026;RDF508;Media and communications;0.11461605131626129;RDF509;Other social sciences;0.10105592012405396
87;Supramolecular strategies to target cellular membranes (Chemistry);RDF30;Medical, health and life sciences;0.7570856213569641;RDF10;Natural sciences;0.13143333792686462;RDF20-21;Engineering and technology;0.051671482622623444;RDF104;Chemical sciences;0.9913892149925232;RDF301;Basic medicine and life sciences;0.27820777893066406;RDF303;Health sciences;0.25987258553504944;RDF106;Biological sciences;0.16277889907360077;RDF304;Medical biotechnology;0.1442091017961502
88;Geopolitics, bargaining, and firm selection along the Belt and Road;RDF10;Natural sciences;0.46973520517349243;RDF20-21;Engineering and technology;0.1992872655391693;RDF50;Social sciences;0.13994251191616058;RDF506;Political science and policy administration;0.3736472725868225;RDF502;Economics and business administration;0.26985442638397217;RDF507;Social and economic geography;0.06760822236537933;RDF107;Other natural sciences;0.060197047889232635;RDF201;Civil engineering, maritime engineering, transport engineering, and mining engineering;0.05218253657221794
89;Role of neuron-glia interactions in sensori-motor integration in mastication (Movement & Exercise);RDF30;Medical, health and life sciences;0.6918627619743347;RDF10;Natural sciences;0.19841566681861877;RDF50;Social sciences;0.035958170890808105;RDF303;Health sciences;0.9691202640533447;RDF106;Biological sciences;0.9623206257820129;RDF103;Physical sciences;0.8246031999588013;RDF501;Psychology and cognitive sciences;0.7197777628898621;RDF301;Basic medicine and life sciences;0.6690154671669006
90;Dual-Energy Cone-Beam CT as an online quantitative imaging modality for adaptive radiotherapy (Physics);RDF20-21;Engineering and technology;0.8247221112251282;RDF30;Medical, health and life sciences;0.14953449368476868;RDF10;Natural sciences;0.01750536635518074;RDF103;Physical sciences;0.9897216558456421;RDF207;Medical and biomedical engineering;0.7380087375640869;RDF304;Medical biotechnology;0.6380463242530823;RDF303;Health sciences;0.497772216796875;RDF301;Basic medicine and life sciences;0.10678371042013168
91;"Le ""patient expert"": enjeux épistémiques et normatifs (Philosophy, medieval studies, classics, religious)";RDF30;Medical, health and life sciences;0.39222559332847595;RDF60;Humanities and the arts;0.24401453137397766;RDF50;Social sciences;0.18419182300567627;RDF503;Education;0.8451772332191467;RDF603;Philosophy;0.7380087375640869;RDF505;Law and legal practice;0.12069767713546753;RDF305;Other medical sciences;0.09594074636697769;RDF509;Other social sciences;0.07477004081010818
92;Les données numériques en santé: peut-on bâtir la confiance;RDF30;Medical, health and life sciences;0.6517903804779053;RDF20-21;Engineering and technology;0.25901123881340027;RDF50;Social sciences;0.05282728001475334;RDF102;Computer and information sciences;0.9651191830635071;RDF303;Health sciences;0.9630224108695984;RDF304;Medical biotechnology;0.9246196746826172;RDF207;Medical and biomedical engineering;0.8848377466201782;RDF203;Electrical engineering, computer engineering, and information engineering;0.6858705282211304
93;Role of ARF1 as a key GTPAse regulating immune surveillance in breast cancer;RDF30;Medical, health and life sciences;0.9186713099479675;RDF10;Natural sciences;0.032799359411001205;RDF20-21;Engineering and technology;0.021166518330574036;RDF303;Health sciences;0.9656736254692078;RDF106;Biological sciences;0.9402982592582703;RDF304;Medical biotechnology;0.9105851650238037;RDF207;Medical and biomedical engineering;0.872347354888916;RDF301;Basic medicine and life sciences;0.6058136224746704
94;Critical Replacement of Thermogravimetric Analyzer to Leverage Materials Discovery and Innovation (Chemistry);RDF20-21;Engineering and technology;0.8962011933326721;RDF10;Natural sciences;0.07309918850660324;RDF50;Social sciences;0.01289647351950407;RDF104;Chemical sciences;0.9939379096031189;RDF205;Chemical engineering;0.9453489184379578;RDF206;Materials engineering and resources engineering;0.44125914573669434;RDF103;Physical sciences;0.08247537165880203;RDF212;Other engineering and technologies;0.040654852986335754
95;Partnering with Canadian Youth to Co-Design a Toolkit to Support Youth who Experience Climate-Related Distress;RDF20-21;Engineering and technology;0.4841464161872864;RDF50;Social sciences;0.19258013367652893;RDF30;Medical, health and life sciences;0.12421771883964539;RDF105;Earth and related environmental sciences;0.16940587759017944;RDF504;Sociology and related studies;0.05384938046336174;RDF501;Psychology and cognitive sciences;0.05103542283177376;RDF509;Other social sciences;0.0384661927819252;RDF212;Other engineering and technologies;0.031439848244190216
96;Family Acculturation: Identity, Legitimacy, and the Marketplace;RDF50;Social sciences;0.6096228957176208;RDF60;Humanities and the arts;0.13028036057949066;RDF10;Natural sciences;0.091842882335186;RDF504;Sociology and related studies;0.7860485911369324;RDF503;Education;0.28492406010627747;RDF501;Psychology and cognitive sciences;0.268461674451828;RDF509;Other social sciences;0.13597612082958221;RDF305;Other medical sciences;0.07055959850549698
97;Low-Resource Text Understanding (Computer Science);RDF20-21;Engineering and technology;0.7216769456863403;RDF10;Natural sciences;0.07322169095277786;RDF50;Social sciences;0.06973229348659515;RDF503;Education;0.9975751042366028;RDF102;Computer and information sciences;0.9972261786460876;RDF203;Electrical engineering, computer engineering, and information engineering;0.7433077692985535;RDF602;Languages and literature;0.06261702626943588;RDF206;Materials engineering and resources engineering;0.020586775615811348
98;Privilège des minoritaires et inégalités épistémiques: une perspective féministe et décoloniale sur la reconnaissance des savoirs expérientiels dans la lutte contre la pauvreté au Québec et en Belgique francophone (Sociology, demography and related fields);RDF50;Social sciences;0.814360499382019;RDF60;Humanities and the arts;0.10658639669418335;RDF10;Natural sciences;0.030270295217633247;RDF504;Sociology and related studies;0.98873370885849;RDF509;Other social sciences;0.19977594912052155;RDF503;Education;0.16079244017601013;RDF507;Social and economic geography;0.10293421894311905;RDF605;Other humanities;0.10043660551309586
99;L'esthétique moyenne ou la coupe régulière (Sociology, demography and related fields);RDF50;Social sciences;0.5545932054519653;RDF60;Humanities and the arts;0.2513209879398346;RDF10;Natural sciences;0.11119676381349564;RDF504;Sociology and related studies;0.8812576532363892;RDF509;Other social sciences;0.5049437284469604;RDF107;Other natural sciences;0.11571067571640015;RDF501;Psychology and cognitive sciences;0.062273986637592316;RDF507;Social and economic geography;0.061143144965171814
100;Deepening understanding on infant and child mortality disparities in low- and middle-income countries: untangling the direct and indirect effects of gender inequality (Multidisciplinary or interdisciplinary social sciences);RDF50;Social sciences;0.9246678352355957;RDF30;Medical, health and life sciences;0.03414466604590416;RDF60;Humanities and the arts;0.022175006568431854;RDF504;Sociology and related studies;0.8079156875610352;RDF509;Other social sciences;0.2030746340751648;RDF503;Education;0.1550145000219345;RDF605;Other humanities;0.0918697789311409;RDF603;Philosophy;0.05165378004312515
101;Isolating the role of the raphe-ventral hippocampus serotonergic pathway in anxiety (Behavioural Sciences – Neurobiological Basis of Behavioural Processes);RDF30;Medical, health and life sciences;0.9043958187103271;RDF50;Social sciences;0.02872604690492153;RDF10;Natural sciences;0.023583294823765755;RDF501;Psychology and cognitive sciences;0.9590393900871277;RDF303;Health sciences;0.3313901722431183;RDF106;Biological sciences;0.08624648302793503;RDF301;Basic medicine and life sciences;0.07049557566642761;RDF305;Other medical sciences;0.039825133979320526
102;Facing pain is effortful: a multidisciplinary approach to investigate the effects of pain on perception of effort and performance (Biological Systems and Functions);RDF30;Medical, health and life sciences;0.8678487539291382;RDF10;Natural sciences;0.06943441182374954;RDF50;Social sciences;0.029121775180101395;RDF303;Health sciences;0.956063449382782;RDF106;Biological sciences;0.9482024908065796;RDF103;Physical sciences;0.6420959234237671;RDF301;Basic medicine and life sciences;0.3143135905265808;RDF302;Clinical medicine;0.3071501553058624
103;Enjeux émergents liés à la présence de manganèse dans les eaux potables (Civil, Industrial and Systems Engineering);RDF20-21;Engineering and technology;0.821402907371521;RDF10;Natural sciences;0.083502858877182;RDF30;Medical, health and life sciences;0.04065632075071335;RDF208;Environmental engineering and related engineering;0.9618934392929077;RDF105;Earth and related environmental sciences;0.8674854636192322;RDF209;Environmental biotechnology;0.865508496761322;RDF202;Industrial, systems and processes engineering;0.7049732208251953;RDF104;Chemical sciences;0.50103759765625
104;Élaboration d'un procédé de stockage de CO2 par minéralisation visant à réduire les émissions des Gaz à Effet de Serre du secteur agricole;RDF20-21;Engineering and technology;0.814167320728302;RDF40;Agricultural and veterinary sciences;0.0705186277627945;RDF10;Natural sciences;0.054866351187229156;RDF401;Agriculture, forestry, and fisheries;0.9932156205177307;RDF208;Environmental engineering and related engineering;0.9915380477905273;RDF105;Earth and related environmental sciences;0.8828324675559998;RDF404;Agricultural biotechnology and food sciences;0.7650671601295471;RDF209;Environmental biotechnology;0.6673374176025391
105;Factor models for forecasting and macroeconomic applications (Economics);RDF50;Social sciences;0.4555193781852722;RDF20-21;Engineering and technology;0.1679038405418396;RDF10;Natural sciences;0.15228217840194702;RDF502;Economics and business administration;0.9884250164031982;RDF509;Other social sciences;0.042087726294994354;RDF101;Mathematics and statistics;0.03050205297768116;RDF305;Other medical sciences;0.01186912041157484;RDF212;Other engineering and technologies;0.00876212865114212
106;Une histoire écrite avec des si. Les devenirs romanesques des idéaux libertaires (1898-1940) (Literature);RDF60;Humanities and the arts;0.9252938032150269;RDF50;Social sciences;0.02129829302430153;RDF40;Agricultural and veterinary sciences;0.018040359020233154;RDF602;Languages and literature;0.967563807964325;RDF503;Education;0.74167400598526;RDF605;Other humanities;0.06891249865293503;RDF509;Other social sciences;0.042166538536548615;RDF601;History, archaeology and related studies;0.028953159227967262
107;Jean-Marc Vallée : de Montréal à Hollywood;RDF60;Humanities and the arts;0.5844159126281738;RDF20-21;Engineering and technology;0.16990871727466583;RDF30;Medical, health and life sciences;0.07336284220218658;RDF604;Arts (arts, history of arts, performing arts, music), architecture and design;0.2338375598192215;RDF508;Media and communications;0.18249836564064026;RDF202;Industrial, systems and processes engineering;0.07963873445987701;RDF507;Social and economic geography;0.05701887607574463;RDF509;Other social sciences;0.03050205484032631
108;Prebiotics to modify the gut microbiome and enhance immune checkpoint blockers (Cancer Progression & Therapeutics);RDF30;Medical, health and life sciences;0.8700389862060547;RDF10;Natural sciences;0.07361225038766861;RDF50;Social sciences;0.02548944763839245;RDF303;Health sciences;0.9710468649864197;RDF304;Medical biotechnology;0.8358858227729797;RDF106;Biological sciences;0.7588235139846802;RDF302;Clinical medicine;0.7535573244094849;RDF207;Medical and biomedical engineering;0.7351190447807312
109;Words Matter, Numbers Matter, Ways Matter: Establishing a Data and Resource Platform to Guide Equitable Healthcare for Women Living with Female Genital Mutilation/Cutting in Canada (Public, Community & Population Health);RDF30;Medical, health and life sciences;0.8357356190681458;RDF50;Social sciences;0.07765964418649673;RDF20-21;Engineering and technology;0.059311576187610626;RDF303;Health sciences;0.6419556140899658;RDF504;Sociology and related studies;0.11792721599340439;RDF305;Other medical sciences;0.09318171441555023;RDF509;Other social sciences;0.08181270956993103;RDF212;Other engineering and technologies;0.07429850846529007
110;"Dynamiques de cohabitation à l'ère de la ""super-diversité"" (Anthropology and archaeology)";RDF10;Natural sciences;0.4474497139453888;RDF50;Social sciences;0.2971937954425812;RDF60;Humanities and the arts;0.14079628884792328;RDF601;History, archaeology and related studies;0.8531803488731384;RDF106;Biological sciences;0.36925822496414185;RDF509;Other social sciences;0.23109325766563416;RDF107;Other natural sciences;0.18535661697387695;RDF605;Other humanities;0.07942426949739456
111;Dependence Modelling for Arbitrary Distributions (Mathematics and Statistics);RDF10;Natural sciences;0.7677414417266846;RDF50;Social sciences;0.09733964502811432;RDF20-21;Engineering and technology;0.05159582942724228;RDF101;Mathematics and statistics;0.9933717846870422;RDF103;Physical sciences;0.34485700726509094;RDF104;Chemical sciences;0.09318170696496964;RDF502;Economics and business administration;0.051605962216854095;RDF107;Other natural sciences;0.044806089252233505
112;CONTACT BY SEA: : Basques et Autochtones dans le golfe Saint-Laurent, XVIe-XVIIIe siècle (Anthropology and archaeology);RDF10;Natural sciences;0.5214004516601562;RDF50;Social sciences;0.17422141134738922;RDF60;Humanities and the arts;0.17018558084964752;RDF601;History, archaeology and related studies;0.9470392465591431;RDF503;Education;0.5512576103210449;RDF107;Other natural sciences;0.1149633526802063;RDF509;Other social sciences;0.07758751511573792;RDF508;Media and communications;0.06866228580474854
113;The impact of genetic variation on genome biology and function (Genes, Cells and Molecules);RDF10;Natural sciences;0.5818929672241211;RDF30;Medical, health and life sciences;0.29814663529396057;RDF50;Social sciences;0.06712916493415833;RDF106;Biological sciences;0.9603983759880066;RDF301;Basic medicine and life sciences;0.5898345112800598;RDF107;Other natural sciences;0.2792384922504425;RDF305;Other medical sciences;0.14505480229854584;RDF405;Other agricultural sciences;0.0586685910820961
114;Orphan Nuclear Receptor Regulation of Fertility (Clinical Investigation – Reproduction, Maternal, Child and Youth Health);RDF30;Medical, health and life sciences;0.7929099798202515;RDF20-21;Engineering and technology;0.10915833711624146;RDF10;Natural sciences;0.07223737984895706;RDF303;Health sciences;0.9740179181098938;RDF304;Medical biotechnology;0.9712384343147278;RDF207;Medical and biomedical engineering;0.95743727684021;RDF106;Biological sciences;0.940952718257904;RDF302;Clinical medicine;0.7580631375312805
115;Identifying the roles of atypical MAP kinases ERK3 and ERK4 in cardiac remodelling (Cardiovascular System – Heart and Circulation);RDF30;Medical, health and life sciences;0.8738334774971008;RDF20-21;Engineering and technology;0.04963646084070206;RDF10;Natural sciences;0.040571488440036774;RDF303;Health sciences;0.9548583626747131;RDF106;Biological sciences;0.8318271636962891;RDF103;Physical sciences;0.7842777371406555;RDF207;Medical and biomedical engineering;0.6361694931983948;RDF301;Basic medicine and life sciences;0.5977179408073425
116;Valorisation des données industrielles (Civil, Industrial and Systems Engineering);RDF20-21;Engineering and technology;0.9044188857078552;RDF50;Social sciences;0.04349407181143761;RDF10;Natural sciences;0.02425542287528515;RDF202;Industrial, systems and processes engineering;0.6666052937507629;RDF201;Civil engineering, maritime engineering, transport engineering, and mining engineering;0.3395538032054901;RDF212;Other engineering and technologies;0.1258690357208252;RDF509;Other social sciences;0.04189131036400795;RDF102;Computer and information sciences;0.03908495604991913
117;Multiphysics and multiscale modeling for the intensification of chemical engineering processes (Materials and Chemical Engineering);RDF20-21;Engineering and technology;0.777188241481781;RDF10;Natural sciences;0.18096165359020233;RDF50;Social sciences;0.02292538993060589;RDF104;Chemical sciences;0.9054895639419556;RDF205;Chemical engineering;0.7237978577613831;RDF103;Physical sciences;0.42424798011779785;RDF503;Education;0.1809011697769165;RDF202;Industrial, systems and processes engineering;0.09636510908603668
118;Targeting BMP signaling in the tumor endothelium to improve cancer immunotherapy (Cancer Progression & Therapeutics);RDF30;Medical, health and life sciences;0.9209808707237244;RDF10;Natural sciences;0.03229308873414993;RDF20-21;Engineering and technology;0.025248317047953606;RDF303;Health sciences;0.9743860960006714;RDF106;Biological sciences;0.852014422416687;RDF304;Medical biotechnology;0.6520199179649353;RDF207;Medical and biomedical engineering;0.533002495765686;RDF301;Basic medicine and life sciences;0.2784039080142975
119;The Impact of Job Transformations on Frontline Employees' Burnout and Performance: Examining the Roles of Manager Support and Empathy;RDF50;Social sciences;0.5811669826507568;RDF60;Humanities and the arts;0.15737660229206085;RDF20-21;Engineering and technology;0.0988692194223404;RDF504;Sociology and related studies;0.9274947047233582;RDF503;Education;0.8552477359771729;RDF501;Psychology and cognitive sciences;0.8221176862716675;RDF502;Economics and business administration;0.8177928328514099;RDF509;Other social sciences;0.2755681276321411
120;Structural design and rehabilitation of bridge superstructure and foundation elements utilizing fibre reinforced concrete and ultra-high performance fibre reinforced concrete with conventional reinforcement;RDF20-21;Engineering and technology;0.9151903986930847;RDF10;Natural sciences;0.04664517939090729;RDF50;Social sciences;0.02112753875553608;RDF201;Civil engineering, maritime engineering, transport engineering, and mining engineering;0.9391365051269531;RDF206;Materials engineering and resources engineering;0.8204694390296936;RDF604;Arts (arts, history of arts, performing arts, music), architecture and design;0.13415081799030304;RDF104;Chemical sciences;0.10275401175022125;RDF204;Mechanical engineering;0.09318171441555023
121;Des dispositifs de développement professionnels transformateurs pour les enseignants du postsecondaire (Education and social work);RDF50;Social sciences;0.44741934537887573;RDF60;Humanities and the arts;0.20127420127391815;RDF40;Agricultural and veterinary sciences;0.09657242149114609;RDF503;Education;0.9662516117095947;RDF509;Other social sciences;0.030646776780486107;RDF504;Sociology and related studies;0.012995414435863495;RDF212;Other engineering and technologies;0.006863780785351992;RDF507;Social and economic geography;0.006302121561020613
122;High-fidelity simulations of turbulent combustion relevant to gas turbines and compression ignition engines (Mechanical Engineering);RDF20-21;Engineering and technology;0.9683383107185364;RDF10;Natural sciences;0.01375875435769558;RDF50;Social sciences;0.01012527383863926;RDF204;Mechanical engineering;0.9991768598556519;RDF202;Industrial, systems and processes engineering;0.1399831771850586;RDF103;Physical sciences;0.056861549615859985;RDF212;Other engineering and technologies;0.03893851116299629;RDF107;Other natural sciences;0.03289904072880745
123;Responsible Conduct in Research: From Norms to Practice;RDF10;Natural sciences;0.27466773986816406;RDF20-21;Engineering and technology;0.21370264887809753;RDF50;Social sciences;0.1759587526321411;RDF505;Law and legal practice;0.1474323868751526;RDF504;Sociology and related studies;0.12394766509532928;RDF503;Education;0.10521053522825241;RDF601;History, archaeology and related studies;0.08203306049108505;RDF603;Philosophy;0.0781484842300415
124;Integrity of the cellular transformation barriers in reprogrammed cell (Genes, Cells and Molecules);RDF30;Medical, health and life sciences;0.6110012531280518;RDF10;Natural sciences;0.2539265751838684;RDF20-21;Engineering and technology;0.06127024441957474;RDF106;Biological sciences;0.9451974034309387;RDF301;Basic medicine and life sciences;0.7469704747200012;RDF103;Physical sciences;0.5021209716796875;RDF104;Chemical sciences;0.2160942256450653;RDF304;Medical biotechnology;0.2041831612586975
125;Deuterostome extracellular matrix structures (ossicles and tubes): Evolution, composition, function and development (Evolution and Ecology);RDF10;Natural sciences;0.7482091784477234;RDF30;Medical, health and life sciences;0.1498706340789795;RDF50;Social sciences;0.04920537769794464;RDF103;Physical sciences;0.8329852819442749;RDF106;Biological sciences;0.8179383277893066;RDF301;Basic medicine and life sciences;0.6916536092758179;RDF107;Other natural sciences;0.3786313831806183;RDF104;Chemical sciences;0.29701095819473267
126;Finding Order in Chaos: Vibrational Spectroscopy Study of Oriented Soft Materials (Chemistry);RDF10;Natural sciences;0.6114289164543152;RDF20-21;Engineering and technology;0.26197904348373413;RDF30;Medical, health and life sciences;0.055914897471666336;RDF104;Chemical sciences;0.9906600117683411;RDF503;Education;0.8448575139045715;RDF103;Physical sciences;0.4411688446998596;RDF206;Materials engineering and resources engineering;0.08299414813518524;RDF107;Other natural sciences;0.07356305420398712
127;COVID-19 seroepidemiology in children Using Retrieved POPCORN site Leftover Samples (CURNLS);RDF30;Medical, health and life sciences;0.780733585357666;RDF50;Social sciences;0.07405182719230652;RDF10;Natural sciences;0.07333219051361084;RDF303;Health sciences;0.9032942056655884;RDF106;Biological sciences;0.3711366355419159;RDF503;Education;0.30347371101379395;RDF301;Basic medicine and life sciences;0.24422778189182281;RDF304;Medical biotechnology;0.20979326963424683
128;COVIH study: COVID-19 burden in HIV infected individuals;RDF30;Medical, health and life sciences;0.8801471590995789;RDF50;Social sciences;0.06419498473405838;RDF10;Natural sciences;0.01975119858980179;RDF303;Health sciences;0.9094657301902771;RDF106;Biological sciences;0.2018132209777832;RDF305;Other medical sciences;0.1342642903327942;RDF304;Medical biotechnology;0.0876418948173523;RDF509;Other social sciences;0.08093670755624771
129;Unravelling the physiological function of a highly conserved HNRNPA1 splice variant (Genes, Cells and Molecules);RDF10;Natural sciences;0.5839738845825195;RDF20-21;Engineering and technology;0.3035539388656616;RDF30;Medical, health and life sciences;0.06866442412137985;RDF106;Biological sciences;0.8731067180633545;RDF103;Physical sciences;0.7521491646766663;RDF301;Basic medicine and life sciences;0.38586631417274475;RDF107;Other natural sciences;0.26010745763778687;RDF211;Nano-technology;0.1866133213043213
130;Valorisation des données de production manufacturière pour une prise de décision personnalisée et décentralisée;RDF40;Agricultural and veterinary sciences;0.4650641679763794;RDF20-21;Engineering and technology;0.2719326317310333;RDF50;Social sciences;0.16950765252113342;RDF202;Industrial, systems and processes engineering;0.7133317589759827;RDF502;Economics and business administration;0.5823820233345032;RDF404;Agricultural biotechnology and food sciences;0.18366681039333344;RDF509;Other social sciences;0.07633879780769348;RDF506;Political science and policy administration;0.04620575159788132
131;Uncovering causal complexities and trade-offs in the acceptance of mobile apps used to protect communities: the case of emergency response and contact tracing technologies;RDF20-21;Engineering and technology;0.8629074692726135;RDF30;Medical, health and life sciences;0.0464526005089283;RDF50;Social sciences;0.04506739228963852;RDF102;Computer and information sciences;0.8772140145301819;RDF203;Electrical engineering, computer engineering, and information engineering;0.6180747151374817;RDF503;Education;0.5373069643974304;RDF508;Media and communications;0.4536854028701782;RDF509;Other social sciences;0.13776430487632751
132;Acquisition of an ultracentrifuge to support research in the field of veterinary infectious diseases (Biological Systems and Functions);RDF20-21;Engineering and technology;0.4999944567680359;RDF30;Medical, health and life sciences;0.3436408042907715;RDF40;Agricultural and veterinary sciences;0.07307609170675278;RDF403;Veterinary sciences;0.9898401498794556;RDF402;Animal and dairy sciences;0.9693242311477661;RDF106;Biological sciences;0.9110215306282043;RDF303;Health sciences;0.8555496335029602;RDF207;Medical and biomedical engineering;0.6900371313095093
133;Penser et agir pour la paix au Québec (Multidisciplinary or interdisciplinary humanities);RDF60;Humanities and the arts;0.43798476457595825;RDF50;Social sciences;0.36559274792671204;RDF10;Natural sciences;0.05694836750626564;RDF503;Education;0.35236889123916626;RDF504;Sociology and related studies;0.21510331332683563;RDF605;Other humanities;0.1629786342382431;RDF509;Other social sciences;0.12090512365102768;RDF501;Psychology and cognitive sciences;0.09219618886709213
134;Towards a visualization-assisted international history of videogame culture (Fine Arts, Research-Creation);RDF60;Humanities and the arts;0.6080779433250427;RDF20-21;Engineering and technology;0.23249700665473938;RDF50;Social sciences;0.07533344626426697;RDF508;Media and communications;0.1540575623512268;RDF503;Education;0.11601077765226364;RDF509;Other social sciences;0.05208601802587509;RDF212;Other engineering and technologies;0.029340028762817383;RDF605;Other humanities;0.02031291089951992
135;Modélisation et optimisation biomécanique d'orthèses et d'instrumentation de modulation de croissance pour le traitement de la scoliose pédiatrique;RDF30;Medical, health and life sciences;0.5618196725845337;RDF20-21;Engineering and technology;0.3512346148490906;RDF10;Natural sciences;0.026586396619677544;RDF207;Medical and biomedical engineering;0.9855242967605591;RDF303;Health sciences;0.8806945085525513;RDF304;Medical biotechnology;0.8722386360168457;RDF302;Clinical medicine;0.8318954706192017;RDF204;Mechanical engineering;0.6996136903762817
136;Randomized controlled trial to evaluate the effect of a postural re-education intervention compared to standard care on scoliosis progression in adolescent (Clinical Investigation – Arthritis, Bone, Skin and Cartilage);RDF30;Medical, health and life sciences;0.9563502669334412;RDF50;Social sciences;0.019502567127346992;RDF10;Natural sciences;0.010459380224347115;RDF303;Health sciences;0.9645225405693054;RDF103;Physical sciences;0.8306627869606018;RDF302;Clinical medicine;0.6952604055404663;RDF503;Education;0.35256391763687134;RDF207;Medical and biomedical engineering;0.12629945576190948
137;Sommeil après une commotion cérébrale : impact sur le bien-être et le fonctionnement familial (Multidisciplinary or interdisciplinary social sciences);RDF50;Social sciences;0.88325035572052;RDF30;Medical, health and life sciences;0.0887007936835289;RDF60;Humanities and the arts;0.01822417974472046;RDF504;Sociology and related studies;0.8707622289657593;RDF501;Psychology and cognitive sciences;0.4466983377933502;RDF509;Other social sciences;0.2696620523929596;RDF303;Health sciences;0.24341756105422974;RDF503;Education;0.24189209938049316
138;Few-Mode Optical Coherence Tomography (FM-OCT);RDF20-21;Engineering and technology;0.738616406917572;RDF10;Natural sciences;0.1784171611070633;RDF30;Medical, health and life sciences;0.03474855795502663;RDF103;Physical sciences;0.9508692026138306;RDF104;Chemical sciences;0.1766716092824936;RDF305;Other medical sciences;0.17154641449451447;RDF107;Other natural sciences;0.09851210564374924;RDF509;Other social sciences;0.06204626336693764
139;(IN)VISIBILISATION : Le design au prisme de l'itinérance;RDF20-21;Engineering and technology;0.5665188431739807;RDF60;Humanities and the arts;0.21089304983615875;RDF10;Natural sciences;0.06978325545787811;RDF604;Arts (arts, history of arts, performing arts, music), architecture and design;0.9218515157699585;RDF508;Media and communications;0.10922978073358536;RDF212;Other engineering and technologies;0.08210662007331848;RDF202;Industrial, systems and processes engineering;0.0762011855840683;RDF201;Civil engineering, maritime engineering, transport engineering, and mining engineering;0.05587463453412056
140;Targeting SMOC2-induced epithelial-to-mesenchymal transition inhibits senescence in mouse models of kidney fibrosis (Hematology, Digestive Disease & Kidney);RDF30;Medical, health and life sciences;0.7852609753608704;RDF20-21;Engineering and technology;0.10192814469337463;RDF10;Natural sciences;0.0776754766702652;RDF303;Health sciences;0.9546896815299988;RDF106;Biological sciences;0.93974769115448;RDF304;Medical biotechnology;0.8749346733093262;RDF207;Medical and biomedical engineering;0.5338379144668579;RDF301;Basic medicine and life sciences;0.36511704325675964
141;Modèle explicatif des liens drogues-crimes des jeunes femmes adultes: une nouvelle perspective (Law and criminology);RDF50;Social sciences;0.5873491168022156;RDF60;Humanities and the arts;0.11531755328178406;RDF30;Medical, health and life sciences;0.10644320398569107;RDF505;Law and legal practice;0.6612122654914856;RDF503;Education;0.10989668220281601;RDF509;Other social sciences;0.061706144362688065;RDF504;Sociology and related studies;0.048136770725250244;RDF305;Other medical sciences;0.043936531990766525
142;Mégadonnées et techniques avancées démystifiées;RDF20-21;Engineering and technology;0.7588149309158325;RDF10;Natural sciences;0.08013486862182617;RDF60;Humanities and the arts;0.056326884776353836;RDF212;Other engineering and technologies;0.5758190751075745;RDF601;History, archaeology and related studies;0.15002883970737457;RDF202;Industrial, systems and processes engineering;0.11915165930986404;RDF603;Philosophy;0.08961381763219833;RDF107;Other natural sciences;0.07935289293527603
143;Developing neurocomputational tools for the prediction and modulation of consciousness (Electrical and Computer Engineering);RDF20-21;Engineering and technology;0.9190355539321899;RDF10;Natural sciences;0.0343032069504261;RDF30;Medical, health and life sciences;0.020008882507681847;RDF102;Computer and information sciences;0.9488698840141296;RDF203;Electrical engineering, computer engineering, and information engineering;0.3828478157520294;RDF501;Psychology and cognitive sciences;0.33725813031196594;RDF106;Biological sciences;0.17071527242660522;RDF305;Other medical sciences;0.15862999856472015
144;Description et analyse des interactions orales entre adulte (enseignante/parent) et enfant en lien avec les habiletés narratives lors de la lecture d'albums plurilingues dans une perspective de collaboration école-famille en milieu pluriethnique (Education and social work);RDF50;Social sciences;0.45016223192214966;RDF60;Humanities and the arts;0.35506588220596313;RDF40;Agricultural and veterinary sciences;0.05773694068193436;RDF503;Education;0.9929472804069519;RDF602;Languages and literature;0.5967397689819336;RDF305;Other medical sciences;0.08826860040426254;RDF509;Other social sciences;0.06754669547080994;RDF508;Media and communications;0.06662989407777786
145;Contribuer au développement d'écoles plus justes et inclusives du personnel scolaire de groupes racisés : quels cadres de référence éthique pour les directions d'établissement d'enseignement? (Education and social work);RDF50;Social sciences;0.4793570935726166;RDF60;Humanities and the arts;0.20100006461143494;RDF40;Agricultural and veterinary sciences;0.09006853401660919;RDF503;Education;0.9987355470657349;RDF504;Sociology and related studies;0.09122005850076675;RDF509;Other social sciences;0.04177388176321983;RDF603;Philosophy;0.03381211683154106;RDF605;Other humanities;0.019050899893045425
146;Manipulating methionine metabolism to shape immune responses and modify disease progression in both sexes in MS (Systems & Circuits Neurosciences);RDF30;Medical, health and life sciences;0.8969982266426086;RDF20-21;Engineering and technology;0.04744640737771988;RDF50;Social sciences;0.021511446684598923;RDF304;Medical biotechnology;0.8295609951019287;RDF207;Medical and biomedical engineering;0.8067003488540649;RDF303;Health sciences;0.5243033766746521;RDF102;Computer and information sciences;0.46910983324050903;RDF203;Electrical engineering, computer engineering, and information engineering;0.13517498970031738
147;Lymphatic vessel function in atherosclerosis (Clinical Investigation – Cardiovascular Systems);RDF30;Medical, health and life sciences;0.9523705840110779;RDF10;Natural sciences;0.018262552097439766;RDF50;Social sciences;0.013361169025301933;RDF303;Health sciences;0.9716448187828064;RDF302;Clinical medicine;0.9093852639198303;RDF106;Biological sciences;0.7761567234992981;RDF207;Medical and biomedical engineering;0.6113529801368713;RDF301;Basic medicine and life sciences;0.47729527950286865
148;Théorie de l'improvisation comme pratique de vulnérabilité en recherche-création (Literature);RDF60;Humanities and the arts;0.7913680076599121;RDF10;Natural sciences;0.06473779678344727;RDF50;Social sciences;0.06274601817131042;RDF503;Education;0.9915215373039246;RDF602;Languages and literature;0.8222604393959045;RDF501;Psychology and cognitive sciences;0.41394349932670593;RDF604;Arts (arts, history of arts, performing arts, music), architecture and design;0.1941385269165039;RDF504;Sociology and related studies;0.10530250519514084
149;Potentialiser le leadership normatif de l'Organisation mondiale de la santé: une étude internationale (Law and criminology);RDF30;Medical, health and life sciences;0.483908474445343;RDF50;Social sciences;0.2353779673576355;RDF10;Natural sciences;0.11205671727657318;RDF505;Law and legal practice;0.6362683773040771;RDF506;Political science and policy administration;0.2657851576805115;RDF303;Health sciences;0.1755380779504776;RDF509;Other social sciences;0.07356304675340652;RDF503;Education;0.06797852367162704
150;PARCS en Santé: Contrôler les agents pathogènes transmis par les tiques tout en protégeant la biodiversité des parcs nature péri-urbains;RDF30;Medical, health and life sciences;0.5337473154067993;RDF10;Natural sciences;0.29100924730300903;RDF50;Social sciences;0.07935381680727005;RDF208;Environmental engineering and related engineering;0.944740355014801;RDF303;Health sciences;0.8677659034729004;RDF209;Environmental biotechnology;0.8130157589912415;RDF402;Animal and dairy sciences;0.45102423429489136;RDF105;Earth and related environmental sciences;0.40136513113975525
151;Appréhender la colère sociale : une enquête comparative auprès des jeunes NEET au Québec et en Ontario (Sociology, demography and related fields);RDF50;Social sciences;0.7906273007392883;RDF60;Humanities and the arts;0.08953271061182022;RDF10;Natural sciences;0.0691855177283287;RDF504;Sociology and related studies;0.968856155872345;RDF509;Other social sciences;0.39509040117263794;RDF501;Psychology and cognitive sciences;0.303628534078598;RDF605;Other humanities;0.27028757333755493;RDF503;Education;0.2666436433792114
152;La professionnalisation des enseignants d'éducation physique et à la santé à l'école primaire et secondaire : l'enjeu stratégique du savoir professionnel au Québec et en Ontario (Education and social work);RDF50;Social sciences;0.3330623209476471;RDF30;Medical, health and life sciences;0.32439517974853516;RDF60;Humanities and the arts;0.15996117889881134;RDF503;Education;0.9984145760536194;RDF103;Physical sciences;0.1440284252166748;RDF509;Other social sciences;0.057071395218372345;RDF301;Basic medicine and life sciences;0.035846926271915436;RDF303;Health sciences;0.033939965069293976
153;Two-phase flow numerical model development based on experimental characterization (Mechanical Engineering);RDF20-21;Engineering and technology;0.9767844676971436;RDF10;Natural sciences;0.01110842078924179;RDF50;Social sciences;0.004541113507002592;RDF204;Mechanical engineering;0.9990817904472351;RDF103;Physical sciences;0.05203782767057419;RDF202;Industrial, systems and processes engineering;0.046076804399490356;RDF104;Chemical sciences;0.038901980966329575;RDF212;Other engineering and technologies;0.02498779259622097
154;Idea vitality and group idea elaboration;RDF50;Social sciences;0.4149879515171051;RDF60;Humanities and the arts;0.25293493270874023;RDF30;Medical, health and life sciences;0.1081504076719284;RDF501;Psychology and cognitive sciences;0.7662062048912048;RDF603;Philosophy;0.5831366181373596;RDF504;Sociology and related studies;0.3894159197807312;RDF509;Other social sciences;0.13150747120380402;RDF503;Education;0.11586064845323563
155;La réorganisation des services institutionnels et communautaires auprès des personnes en situation d'itinérance et les besoins des personnes en situation d'itinérance pour faire face à la pandémie de COVID-19;RDF30;Medical, health and life sciences;0.4537789523601532;RDF50;Social sciences;0.28549695014953613;RDF60;Humanities and the arts;0.144400492310524;RDF504;Sociology and related studies;0.20569480955600739;RDF509;Other social sciences;0.12179017066955566;RDF605;Other humanities;0.08913693577051163;RDF507;Social and economic geography;0.06176270544528961;RDF303;Health sciences;0.06058494374155998
156;Contribution of 17beta-estradiol in pregnancy-related cardiac arrhythmias (Cardiovascular System – Cells and Tissues);RDF30;Medical, health and life sciences;0.931992769241333;RDF10;Natural sciences;0.03994176909327507;RDF50;Social sciences;0.011870351620018482;RDF303;Health sciences;0.9806363582611084;RDF106;Biological sciences;0.9356999397277832;RDF103;Physical sciences;0.776707649230957;RDF304;Medical biotechnology;0.7475698590278625;RDF207;Medical and biomedical engineering;0.6856338381767273
157;Le vivant à l'aune de l'Anthropocène. Étude des enjeux matériels, sociaux, culturels, éthiques et épistémologiques des représentations du vivant et des imaginaires sociotechniques des biotechnologies (Mutidisciplinary or interdisciplinary social sciences);RDF50;Social sciences;0.7754795551300049;RDF60;Humanities and the arts;0.07791589945554733;RDF30;Medical, health and life sciences;0.07132530212402344;RDF504;Sociology and related studies;0.6426006555557251;RDF301;Basic medicine and life sciences;0.46109262108802795;RDF503;Education;0.3197582960128784;RDF106;Biological sciences;0.21568097174167633;RDF509;Other social sciences;0.18609505891799927
158;Connectivité intelligente des véhicules urbains dans un réseau hétérogène d'ondes millimétriques (Electrical and Computer Engineering);RDF20-21;Engineering and technology;0.9823430776596069;RDF10;Natural sciences;0.006465647369623184;RDF50;Social sciences;0.006217952352017164;RDF102;Computer and information sciences;0.8058615326881409;RDF203;Electrical engineering, computer engineering, and information engineering;0.44256874918937683;RDF508;Media and communications;0.21313141286373138;RDF212;Other engineering and technologies;0.118283212184906;RDF509;Other social sciences;0.10114465653896332
159;How spokespersons stand for, act for, and speak for a collective: Understanding the communicative inner workings of political representation and its organizing effects (Communications, media studies, gender studies, library and information science, related fields);RDF50;Social sciences;0.5075831413269043;RDF60;Humanities and the arts;0.20229734480381012;RDF10;Natural sciences;0.12721408903598785;RDF503;Education;0.9387446045875549;RDF508;Media and communications;0.9383503794670105;RDF506;Political science and policy administration;0.5871739983558655;RDF509;Other social sciences;0.22635583579540253;RDF305;Other medical sciences;0.22371608018875122
160;Coconstruire un modèle théorique de l'objection de conscience : approfondir sa compréhension afin de mieux l'intégrer à la formation et la pratique infirmière;RDF30;Medical, health and life sciences;0.8596647381782532;RDF50;Social sciences;0.06866219639778137;RDF60;Humanities and the arts;0.037697333842515945;RDF503;Education;0.9401335716247559;RDF603;Philosophy;0.873160719871521;RDF501;Psychology and cognitive sciences;0.7771730422973633;RDF302;Clinical medicine;0.7616271376609802;RDF504;Sociology and related studies;0.18184363842010498
161;Acceptability, user experience and effect of a new mobile app, 'OUPS!', a FemTech solution designed for the treatment of urinary incontinence in menopausal women: a mixed method study;RDF20-21;Engineering and technology;0.5454756021499634;RDF30;Medical, health and life sciences;0.36944782733917236;RDF50;Social sciences;0.04033283144235611;RDF303;Health sciences;0.9300781488418579;RDF207;Medical and biomedical engineering;0.30975401401519775;RDF106;Biological sciences;0.3028548061847687;RDF508;Media and communications;0.2580454349517822;RDF503;Education;0.25123411417007446
162;Traduction et journalisme/Translation and Journalism/Traducción y periodismo;RDF60;Humanities and the arts;0.43915387988090515;RDF50;Social sciences;0.3249204456806183;RDF20-21;Engineering and technology;0.109795480966568;RDF508;Media and communications;0.7620701193809509;RDF503;Education;0.2947729229927063;RDF509;Other social sciences;0.1941385418176651;RDF602;Languages and literature;0.19125214219093323;RDF107;Other natural sciences;0.1467585414648056
163;Réponse différentielle à l'évaluation formelle en protection de la jeunesse en contexte de diversité ethnoculturelle: portrait de la situation et perspectives des familles et des intervenants (Education and social work);RDF50;Social sciences;0.5220183730125427;RDF60;Humanities and the arts;0.34520161151885986;RDF10;Natural sciences;0.03854189068078995;RDF503;Education;0.9801293015480042;RDF504;Sociology and related studies;0.3957032561302185;RDF605;Other humanities;0.07403029501438141;RDF509;Other social sciences;0.07349652796983719;RDF305;Other medical sciences;0.036322467029094696
164;Grey box optimization (Civil, Industrial and Systems Engineering);RDF20-21;Engineering and technology;0.9513810873031616;RDF10;Natural sciences;0.023333892226219177;RDF50;Social sciences;0.010537971742451191;RDF202;Industrial, systems and processes engineering;0.6981493830680847;RDF102;Computer and information sciences;0.5540708899497986;RDF201;Civil engineering, maritime engineering, transport engineering, and mining engineering;0.46505340933799744;RDF212;Other engineering and technologies;0.22025857865810394;RDF204;Mechanical engineering;0.09260568022727966
165;Polymers for realizing energetic materials with tailored performance (Materials and Chemical Engineering);RDF20-21;Engineering and technology;0.8947948217391968;RDF10;Natural sciences;0.061910878866910934;RDF50;Social sciences;0.020717306062579155;RDF104;Chemical sciences;0.8125700354576111;RDF205;Chemical engineering;0.7879719734191895;RDF206;Materials engineering and resources engineering;0.512936532497406;RDF212;Other engineering and technologies;0.133133202791214;RDF107;Other natural sciences;0.13229019939899445
166;How does the interplay between mandatory and voluntary regulation shape industry practice change for the better?;RDF50;Social sciences;0.40400978922843933;RDF40;Agricultural and veterinary sciences;0.18861734867095947;RDF20-21;Engineering and technology;0.17927825450897217;RDF502;Economics and business administration;0.8887104392051697;RDF202;Industrial, systems and processes engineering;0.8735388517379761;RDF401;Agriculture, forestry, and fisheries;0.30244261026382446;RDF504;Sociology and related studies;0.19110111892223358;RDF509;Other social sciences;0.1718241572380066
167;Unité de liaison pour la recherche internationale sur le conseil scientifique;RDF10;Natural sciences;0.38716500997543335;RDF30;Medical, health and life sciences;0.20223630964756012;RDF20-21;Engineering and technology;0.16522173583507538;RDF503;Education;0.10511863231658936;RDF601;History, archaeology and related studies;0.03314851596951485;RDF504;Sociology and related studies;0.029423577710986137;RDF107;Other natural sciences;0.027954401448369026;RDF105;Earth and related environmental sciences;0.025083143264055252
168;La téléologie naturelle au 18e siècle (Philosophy);RDF10;Natural sciences;0.6270303726196289;RDF60;Humanities and the arts;0.1268922984600067;RDF20-21;Engineering and technology;0.10276051610708237;RDF603;Philosophy;0.9984084367752075;RDF508;Media and communications;0.29007506370544434;RDF501;Psychology and cognitive sciences;0.19072401523590088;RDF107;Other natural sciences;0.10894504934549332;RDF503;Education;0.07283429801464081
169;Mouvements sociaux, droits sociaux et démocratie. Une théorie normative (Philosophy);RDF50;Social sciences;0.5677177309989929;RDF10;Natural sciences;0.13484477996826172;RDF60;Humanities and the arts;0.11421798914670944;RDF603;Philosophy;0.9987624287605286;RDF501;Psychology and cognitive sciences;0.1710612028837204;RDF509;Other social sciences;0.1037486270070076;RDF605;Other humanities;0.026180503889918327;RDF107;Other natural sciences;0.019756918773055077
170;Modeling the thermodynamic and physical properties of Deep Eutectic Solvents (Materials and Chemical Engineering);RDF20-21;Engineering and technology;0.8733705282211304;RDF10;Natural sciences;0.08480281382799149;RDF50;Social sciences;0.02094481699168682;RDF205;Chemical engineering;0.9665054082870483;RDF104;Chemical sciences;0.9601374864578247;RDF103;Physical sciences;0.7411122918128967;RDF206;Materials engineering and resources engineering;0.40146780014038086;RDF107;Other natural sciences;0.12469184398651123
171;La qualité des relations employé-superviseur : Un modèle processuel des antécédents, conséquences, et modérateurs des évaluations comparatives;RDF50;Social sciences;0.39337751269340515;RDF20-21;Engineering and technology;0.20994383096694946;RDF10;Natural sciences;0.13475801050662994;RDF502;Economics and business administration;0.9008355140686035;RDF504;Sociology and related studies;0.7641884088516235;RDF501;Psychology and cognitive sciences;0.5900781154632568;RDF202;Industrial, systems and processes engineering;0.37580668926239014;RDF509;Other social sciences;0.16231362521648407
172;Mathésis, mimésis, sémiosis : la littérarité des genres populaires dans les littératures francophones d'Afrique subsaharienne, du Maghreb et des Caraïbes (Literature);RDF60;Humanities and the arts;0.9278799295425415;RDF50;Social sciences;0.02255835384130478;RDF10;Natural sciences;0.017810307443141937;RDF602;Languages and literature;0.9858956336975098;RDF503;Education;0.8720752596855164;RDF605;Other humanities;0.08779819309711456;RDF107;Other natural sciences;0.03753800690174103;RDF509;Other social sciences;0.03645944595336914
173;Regime Change and Resilience of Maya peoples at the end of the Classic period (ca. 800-1000 CE) (Anthropology and archaeology);RDF10;Natural sciences;0.3761971890926361;RDF50;Social sciences;0.2577999234199524;RDF60;Humanities and the arts;0.24647532403469086;RDF601;History, archaeology and related studies;0.9745076298713684;RDF105;Earth and related environmental sciences;0.12199922651052475;RDF509;Other social sciences;0.08663205802440643;RDF503;Education;0.07211221009492874;RDF107;Other natural sciences;0.04872181639075279
174;Recommendations for culturally sensitive and intersectional practice in suicide prevention intervention for public safety personnel : a qualitative approach (Crisis/Suicide Line and App-based Support Models for post traum. stress in public safety personnel (PSP));RDF30;Medical, health and life sciences;0.6622779965400696;RDF50;Social sciences;0.20491385459899902;RDF60;Humanities and the arts;0.05425701290369034;RDF303;Health sciences;0.7616271376609802;RDF501;Psychology and cognitive sciences;0.29849135875701904;RDF504;Sociology and related studies;0.17917121946811676;RDF509;Other social sciences;0.1617170125246048;RDF305;Other medical sciences;0.11656274646520615
175;Varieties of Valuings (Philosophy);RDF50;Social sciences;0.3823692202568054;RDF10;Natural sciences;0.17747122049331665;RDF60;Humanities and the arts;0.14260214567184448;RDF603;Philosophy;0.9919067025184631;RDF501;Psychology and cognitive sciences;0.9601001143455505;RDF509;Other social sciences;0.0075187175534665585;RDF503;Education;0.005934067070484161;RDF201;Civil engineering, maritime engineering, transport engineering, and mining engineering;0.003356951754540205
176;Pilotage en temps réel des systèmes à l'ère de l'industrie 4.0 (Civil, Industrial and Systems Engineering);RDF20-21;Engineering and technology;0.9737756848335266;RDF50;Social sciences;0.01138119213283062;RDF10;Natural sciences;0.005667207762598991;RDF202;Industrial, systems and processes engineering;0.8467678427696228;RDF102;Computer and information sciences;0.5671725869178772;RDF201;Civil engineering, maritime engineering, transport engineering, and mining engineering;0.2362077832221985;RDF203;Electrical engineering, computer engineering, and information engineering;0.1388700306415558;RDF212;Other engineering and technologies;0.10790660977363586
177;Understanding Esophageal Atresia using Induced Pluripotent Stem Cells;RDF30;Medical, health and life sciences;0.7727518677711487;RDF10;Natural sciences;0.11469118297100067;RDF20-21;Engineering and technology;0.07716939598321915;RDF303;Health sciences;0.9896318316459656;RDF304;Medical biotechnology;0.9697853922843933;RDF503;Education;0.9674410820007324;RDF106;Biological sciences;0.9344550371170044;RDF207;Medical and biomedical engineering;0.9102267026901245
178;Discovery and characterization of novel genetic-exchange and drug-resistance mechanisms in Leishmania parasites (Microbiology & Infectious Diseases);RDF30;Medical, health and life sciences;0.6484988927841187;RDF10;Natural sciences;0.21833646297454834;RDF20-21;Engineering and technology;0.04445531591773033;RDF106;Biological sciences;0.7381031513214111;RDF301;Basic medicine and life sciences;0.3546006679534912;RDF303;Health sciences;0.21742059290409088;RDF107;Other natural sciences;0.2148561030626297;RDF304;Medical biotechnology;0.17071528732776642
179;From Perception and Learning to Understanding and Action (Computer Science);RDF20-21;Engineering and technology;0.7900902032852173;RDF50;Social sciences;0.07286454737186432;RDF10;Natural sciences;0.059586577117443085;RDF102;Computer and information sciences;0.9875803589820862;RDF503;Education;0.9820138216018677;RDF501;Psychology and cognitive sciences;0.24553699791431427;RDF203;Electrical engineering, computer engineering, and information engineering;0.22435271739959717;RDF509;Other social sciences;0.025035424157977104
180;Novel mechanisms of theca cell growth in the ovarian follicle of cattle (Biological Systems and Functions);RDF40;Agricultural and veterinary sciences;0.40089383721351624;RDF10;Natural sciences;0.3199327290058136;RDF30;Medical, health and life sciences;0.24831366539001465;RDF402;Animal and dairy sciences;0.9892128109931946;RDF106;Biological sciences;0.988938570022583;RDF401;Agriculture, forestry, and fisheries;0.8697145581245422;RDF301;Basic medicine and life sciences;0.7924643158912659;RDF403;Veterinary sciences;0.6801620721817017
181;An OCT-controlled system for precise and reproducible subretinal drug injection in mice;RDF30;Medical, health and life sciences;0.4779356122016907;RDF20-21;Engineering and technology;0.3281594216823578;RDF10;Natural sciences;0.10013184696435928;RDF402;Animal and dairy sciences;0.9941232204437256;RDF403;Veterinary sciences;0.9732661843299866;RDF207;Medical and biomedical engineering;0.964655876159668;RDF304;Medical biotechnology;0.9436079263687134;RDF106;Biological sciences;0.9392480850219727
182;Bioenergetic role of astrocytes in neuronal plasticity and behaviour (Genes, Cells and Molecules);RDF10;Natural sciences;0.5692341327667236;RDF30;Medical, health and life sciences;0.3176785111427307;RDF50;Social sciences;0.05820774286985397;RDF106;Biological sciences;0.9541373252868652;RDF501;Psychology and cognitive sciences;0.8057850003242493;RDF301;Basic medicine and life sciences;0.6481879949569702;RDF107;Other natural sciences;0.3112698197364807;RDF103;Physical sciences;0.2516017258167267
183;In Democracy we trust, do we? (Sociology, demography and related fields);RDF50;Social sciences;0.818566083908081;RDF10;Natural sciences;0.07757388800382614;RDF60;Humanities and the arts;0.046412043273448944;RDF504;Sociology and related studies;0.9617499709129333;RDF509;Other social sciences;0.6653017997741699;RDF506;Political science and policy administration;0.25720494985580444;RDF305;Other medical sciences;0.1696120798587799;RDF107;Other natural sciences;0.16357900202274323
184;Minimally-invasive monitoring of renal health in reptiles (Biological Systems and Functions);RDF30;Medical, health and life sciences;0.6080416440963745;RDF10;Natural sciences;0.1676967889070511;RDF20-21;Engineering and technology;0.12316225469112396;RDF106;Biological sciences;0.9653485417366028;RDF402;Animal and dairy sciences;0.9520864486694336;RDF303;Health sciences;0.9130195379257202;RDF403;Veterinary sciences;0.716863214969635;RDF207;Medical and biomedical engineering;0.5649481415748596
185;Le réenchantement à contretemps ? Irrationalité et postmodernité littéraire;RDF60;Humanities and the arts;0.9260740280151367;RDF50;Social sciences;0.030296504497528076;RDF40;Agricultural and veterinary sciences;0.018628714606165886;RDF602;Languages and literature;0.8837385773658752;RDF603;Philosophy;0.5936239957809448;RDF501;Psychology and cognitive sciences;0.1773117333650589;RDF503;Education;0.12907303869724274;RDF509;Other social sciences;0.07942426204681396
186;Structure-functional property-device performance relationships in electronic and energy materials and devices;RDF20-21;Engineering and technology;0.8091114163398743;RDF10;Natural sciences;0.09211935847997665;RDF50;Social sciences;0.06172532960772514;RDF102;Computer and information sciences;0.830112636089325;RDF206;Materials engineering and resources engineering;0.542560338973999;RDF202;Industrial, systems and processes engineering;0.5288528203964233;RDF203;Electrical engineering, computer engineering, and information engineering;0.4758793115615845;RDF104;Chemical sciences;0.39439043402671814
187;AI augmented pilot;RDF20-21;Engineering and technology;0.9451462626457214;RDF10;Natural sciences;0.01435128878802061;RDF50;Social sciences;0.012714536860585213;RDF102;Computer and information sciences;0.9738940596580505;RDF210;Industrial biotechnology;0.25178566575050354;RDF203;Electrical engineering, computer engineering, and information engineering;0.24639731645584106;RDF202;Industrial, systems and processes engineering;0.17674264311790466;RDF212;Other engineering and technologies;0.11656273156404495
188;Transfert, appropriation et rétention des pratiques associées à l'approvisionnement valorisant l'innovation dans le réseau québécois de la santé : le cas de l'approche fonctionnelle;RDF30;Medical, health and life sciences;0.7595886588096619;RDF50;Social sciences;0.11717122793197632;RDF20-21;Engineering and technology;0.06486627459526062;RDF303;Health sciences;0.5333518981933594;RDF504;Sociology and related studies;0.29512834548950195;RDF302;Clinical medicine;0.23682497441768646;RDF509;Other social sciences;0.1045687273144722;RDF301;Basic medicine and life sciences;0.08525122702121735
189;Le patrimoine des groupes ethnoculturels de Montréal: le cas de Montréal-Nord;RDF60;Humanities and the arts;0.5035285353660583;RDF50;Social sciences;0.3332999050617218;RDF10;Natural sciences;0.06069842725992203;RDF504;Sociology and related studies;0.5096118450164795;RDF601;History, archaeology and related studies;0.2997709810733795;RDF509;Other social sciences;0.165121391415596;RDF605;Other humanities;0.05213426053524017;RDF107;Other natural sciences;0.05146276578307152
190;Documenting forager adaptations to dramatic climate change at the Pleistocene-Holocene transition in Liguria (Italy) (Anthropology and archaeology);RDF10;Natural sciences;0.707843542098999;RDF50;Social sciences;0.12245044857263565;RDF60;Humanities and the arts;0.0967717245221138;RDF105;Earth and related environmental sciences;0.9628830552101135;RDF601;History, archaeology and related studies;0.9557340741157532;RDF107;Other natural sciences;0.21601153910160065;RDF503;Education;0.21166114509105682;RDF509;Other social sciences;0.11992252618074417
191;Abordabilité intégrée: état des connaissances sur les interactions entre coûts d'habitation et de transport;RDF50;Social sciences;0.30842089653015137;RDF20-21;Engineering and technology;0.24113856256008148;RDF10;Natural sciences;0.15253038704395294;RDF502;Economics and business administration;0.6777939796447754;RDF201;Civil engineering, maritime engineering, transport engineering, and mining engineering;0.6169033646583557;RDF504;Sociology and related studies;0.27038389444351196;RDF509;Other social sciences;0.1602003276348114;RDF107;Other natural sciences;0.11616107821464539
192;High definition digital microscope for accelerating Québec entomological research (Environmental Sciences);RDF20-21;Engineering and technology;0.9381424188613892;RDF10;Natural sciences;0.047004785388708115;RDF30;Medical, health and life sciences;0.005396219436079264;RDF105;Earth and related environmental sciences;0.8943288922309875;RDF208;Environmental engineering and related engineering;0.39786529541015625;RDF107;Other natural sciences;0.12469185888767242;RDF209;Environmental biotechnology;0.10493504256010056;RDF212;Other engineering and technologies;0.0833665207028389
193;Envisioning and Enacting UX Evaluation of Augmented Reality: A Multimethod Approach (Civil, Industrial and Systems Engineering);RDF20-21;Engineering and technology;0.983961820602417;RDF50;Social sciences;0.007888573221862316;RDF10;Natural sciences;0.0034937027376145124;RDF102;Computer and information sciences;0.8946054577827454;RDF503;Education;0.8691602945327759;RDF212;Other engineering and technologies;0.17888414859771729;RDF202;Industrial, systems and processes engineering;0.15234723687171936;RDF203;Electrical engineering, computer engineering, and information engineering;0.10096723586320877
194;Kinematic-specific proprioceptive stimulations to better understand sensory control of gait movements (Mechanical Engineering);RDF20-21;Engineering and technology;0.834930956363678;RDF30;Medical, health and life sciences;0.09258528798818588;RDF10;Natural sciences;0.02697017975151539;RDF204;Mechanical engineering;0.9982317090034485;RDF503;Education;0.9074763059616089;RDF103;Physical sciences;0.1770981401205063;RDF202;Industrial, systems and processes engineering;0.11666334420442581;RDF301;Basic medicine and life sciences;0.10951516032218933
195;Attentional processes in the human insula (Biological Systems and Functions);RDF10;Natural sciences;0.7087839841842651;RDF30;Medical, health and life sciences;0.1235898807644844;RDF50;Social sciences;0.0915755182504654;RDF106;Biological sciences;0.9708263874053955;RDF501;Psychology and cognitive sciences;0.5766104459762573;RDF103;Physical sciences;0.29604336619377136;RDF301;Basic medicine and life sciences;0.1792430430650711;RDF305;Other medical sciences;0.13392411172389984
196;Towards More Autonomous and Safer Unmanned Aerial Vehicle Systems (Mechanical Engineering);RDF20-21;Engineering and technology;0.9872520565986633;RDF10;Natural sciences;0.00513027748093009;RDF50;Social sciences;0.0034041781909763813;RDF204;Mechanical engineering;0.9990763664245605;RDF103;Physical sciences;0.0384661927819252;RDF212;Other engineering and technologies;0.03534407913684845;RDF202;Industrial, systems and processes engineering;0.029340030625462532;RDF509;Other social sciences;0.024656856432557106
197;Subsea and terrestrial permafrost of the central and eastern Canadian Arctic Archipelago (Geosciences);RDF10;Natural sciences;0.7455446124076843;RDF50;Social sciences;0.09400182217359543;RDF20-21;Engineering and technology;0.04895837604999542;RDF105;Earth and related environmental sciences;0.9302684664726257;RDF107;Other natural sciences;0.09252364933490753;RDF208;Environmental engineering and related engineering;0.043204035609960556;RDF509;Other social sciences;0.02876158617436886;RDF209;Environmental biotechnology;0.028034118935465813
198;Global Centers Track 2: Heat Adaptation;RDF20-21;Engineering and technology;0.4842657446861267;RDF10;Natural sciences;0.319465309381485;RDF50;Social sciences;0.06584496796131134;RDF103;Physical sciences;0.5173879861831665;RDF503;Education;0.10275400429964066;RDF104;Chemical sciences;0.0845683217048645;RDF202;Industrial, systems and processes engineering;0.07821886986494064;RDF204;Mechanical engineering;0.07257094234228134
199;Immunovirological determinants of breakthrough COVID-19 disease in vaccinated or previously infected individuals (Virology & Viral Pathogenesis);RDF30;Medical, health and life sciences;0.9002566933631897;RDF10;Natural sciences;0.048180077224969864;RDF50;Social sciences;0.025265447795391083;RDF303;Health sciences;0.949809193611145;RDF106;Biological sciences;0.589627742767334;RDF301;Basic medicine and life sciences;0.38560596108436584;RDF305;Other medical sciences;0.23881636559963226;RDF107;Other natural sciences;0.10257408022880554
200;Hormonal control of stamen filament growth;RDF30;Medical, health and life sciences;0.4981466233730316;RDF10;Natural sciences;0.4057821035385132;RDF50;Social sciences;0.036475349217653275;RDF106;Biological sciences;0.9448931217193604;RDF103;Physical sciences;0.7634396553039551;RDF303;Health sciences;0.6624417304992676;RDF104;Chemical sciences;0.492523729801178;RDF301;Basic medicine and life sciences;0.31822025775909424
201;Investigate features and dynamics of intron RNP biology and its role in modulating RNA metabolism (Biochemistry & Molecular Biology);RDF10;Natural sciences;0.6128085255622864;RDF20-21;Engineering and technology;0.20421543717384338;RDF30;Medical, health and life sciences;0.09009062498807907;RDF106;Biological sciences;0.9491062760353088;RDF503;Education;0.7745407223701477;RDF104;Chemical sciences;0.3475371301174164;RDF107;Other natural sciences;0.1875787377357483;RDF301;Basic medicine and life sciences;0.14074909687042236
202;CircRNAome in childhood TCF3-PBX1 ALL: Biomaker potential and mechanisms of circRNA dysregulation and function;RDF30;Medical, health and life sciences;0.6560164093971252;RDF10;Natural sciences;0.23059284687042236;RDF50;Social sciences;0.044295068830251694;RDF106;Biological sciences;0.9386884570121765;RDF303;Health sciences;0.7325918078422546;RDF301;Basic medicine and life sciences;0.509367823600769;RDF305;Other medical sciences;0.2621329128742218;RDF107;Other natural sciences;0.2496301233768463
203;Additive manufacturing technologies for high-performance and high-productivity of multifunctional composite structures and their sustainability for aerospace applications;RDF20-21;Engineering and technology;0.9514356851577759;RDF10;Natural sciences;0.027468783780932426;RDF50;Social sciences;0.014560095965862274;RDF202;Industrial, systems and processes engineering;0.9170430302619934;RDF104;Chemical sciences;0.3646644055843353;RDF212;Other engineering and technologies;0.21264049410820007;RDF103;Physical sciences;0.17859745025634766;RDF205;Chemical engineering;0.12549343705177307
204;Computational methods and frameworks for unsupervised machine learning;RDF20-21;Engineering and technology;0.7972149848937988;RDF50;Social sciences;0.08049182593822479;RDF10;Natural sciences;0.07429751008749008;RDF102;Computer and information sciences;0.9962198734283447;RDF203;Electrical engineering, computer engineering, and information engineering;0.9590009450912476;RDF212;Other engineering and technologies;0.122365802526474;RDF509;Other social sciences;0.07463504374027252;RDF202;Industrial, systems and processes engineering;0.05232762545347214
205;Au coeur du cosmos TRYSPACES: Colloque, exposition et bibliothèque numérique;RDF20-21;Engineering and technology;0.40654879808425903;RDF10;Natural sciences;0.36330646276474;RDF60;Humanities and the arts;0.10480622947216034;RDF503;Education;0.8571714162826538;RDF102;Computer and information sciences;0.3791484832763672;RDF203;Electrical engineering, computer engineering, and information engineering;0.21428008377552032;RDF107;Other natural sciences;0.18104590475559235;RDF103;Physical sciences;0.11042318493127823
206;Understanding Attitudes toward Artists with a Physical Disability;RDF60;Humanities and the arts;0.895907998085022;RDF50;Social sciences;0.06588919460773468;RDF30;Medical, health and life sciences;0.020242787897586823;RDF604;Arts (arts, history of arts, performing arts, music), architecture and design;0.9720985889434814;RDF503;Education;0.9304582476615906;RDF504;Sociology and related studies;0.22721202671527863;RDF501;Psychology and cognitive sciences;0.2022855579853058;RDF509;Other social sciences;0.10753116756677628
207;Non-target analysis of radicals in sonochemical and advanced oxidation processes (AOPs) (Materials and Chemical Engineering);RDF20-21;Engineering and technology;0.6782023906707764;RDF10;Natural sciences;0.2260628491640091;RDF50;Social sciences;0.05046607553958893;RDF104;Chemical sciences;0.8869600296020508;RDF205;Chemical engineering;0.5884901285171509;RDF103;Physical sciences;0.15009111166000366;RDF107;Other natural sciences;0.12511882185935974;RDF206;Materials engineering and resources engineering;0.08306850492954254
208;La cyberviolence dans les relations amoureuses des jeunes : identifier les facteurs de risque et de protection ainsi que leurs impacts différenciés selon le genre;RDF50;Social sciences;0.44638192653656006;RDF20-21;Engineering and technology;0.2112681269645691;RDF60;Humanities and the arts;0.12167702615261078;RDF504;Sociology and related studies;0.8079535365104675;RDF503;Education;0.6066586971282959;RDF505;Law and legal practice;0.46157798171043396;RDF203;Electrical engineering, computer engineering, and information engineering;0.3489501178264618;RDF501;Psychology and cognitive sciences;0.244272843003273
209;"""Sentometrics"": Econometrics of textual sentiment with applications in economics and finance";RDF50;Social sciences;0.39071905612945557;RDF10;Natural sciences;0.3341997265815735;RDF20-21;Engineering and technology;0.1664130836725235;RDF502;Economics and business administration;0.27144479751586914;RDF504;Sociology and related studies;0.19102567434310913;RDF509;Other social sciences;0.11782565712928772;RDF101;Mathematics and statistics;0.10096723586320877;RDF107;Other natural sciences;0.08042967319488525
210;Clean Energy transition, Market Design and Industry Dynamics;RDF20-21;Engineering and technology;0.4164520502090454;RDF50;Social sciences;0.22797417640686035;RDF10;Natural sciences;0.22074447572231293;RDF202;Industrial, systems and processes engineering;0.3087631165981293;RDF208;Environmental engineering and related engineering;0.24059613049030304;RDF502;Economics and business administration;0.09526526182889938;RDF509;Other social sciences;0.07928157597780228;RDF107;Other natural sciences;0.047074172645807266
211;Conférence de l'International Society for the Study of Drug Policy;RDF30;Medical, health and life sciences;0.41917818784713745;RDF50;Social sciences;0.3239158093929291;RDF60;Humanities and the arts;0.10881653428077698;RDF303;Health sciences;0.09417666494846344;RDF509;Other social sciences;0.048721812665462494;RDF505;Law and legal practice;0.04352814331650734;RDF506;Political science and policy administration;0.03941638767719269;RDF305;Other medical sciences;0.021004365757107735
212;Methods development for the measurement of single-cell molecular state (Genes, Cells and Molecules);RDF20-21;Engineering and technology;0.48691311478614807;RDF10;Natural sciences;0.31128162145614624;RDF30;Medical, health and life sciences;0.12878310680389404;RDF106;Biological sciences;0.706899106502533;RDF103;Physical sciences;0.655887246131897;RDF104;Chemical sciences;0.46382370591163635;RDF107;Other natural sciences;0.15830443799495697;RDF301;Basic medicine and life sciences;0.12064586579799652
213;Multifunctional Engineering Structures via Embodied Intelligence;RDF20-21;Engineering and technology;0.9740012884140015;RDF10;Natural sciences;0.011930150911211967;RDF50;Social sciences;0.008271847851574421;RDF202;Industrial, systems and processes engineering;0.8068526983261108;RDF102;Computer and information sciences;0.14959347248077393;RDF201;Civil engineering, maritime engineering, transport engineering, and mining engineering;0.10087862610816956;RDF501;Psychology and cognitive sciences;0.0854799747467041;RDF212;Other engineering and technologies;0.07211221009492874
214;Spin waves in ferromagnetic metallic wires (Physics);RDF20-21;Engineering and technology;0.6733483672142029;RDF10;Natural sciences;0.22881574928760529;RDF50;Social sciences;0.03553834930062294;RDF103;Physical sciences;0.998299241065979;RDF212;Other engineering and technologies;0.06153673306107521;RDF107;Other natural sciences;0.03419705480337143;RDF202;Industrial, systems and processes engineering;0.03413260728120804;RDF509;Other social sciences;0.012845957651734352
215;Molecular Chronobiology and regulation of gene expression in dinoflagellates (Genes, Cells and Molecules);RDF10;Natural sciences;0.7209880948066711;RDF30;Medical, health and life sciences;0.16646786034107208;RDF50;Social sciences;0.04844491183757782;RDF106;Biological sciences;0.9449946880340576;RDF104;Chemical sciences;0.4476734399795532;RDF301;Basic medicine and life sciences;0.4442746639251709;RDF103;Physical sciences;0.42071861028671265;RDF107;Other natural sciences;0.2595909535884857
216;Combiner l’hypnose, la réalité virtuelle, la neurophysiologie et l’intelligence artificielle dans la gestion non-pharmacologique et personnalisée de la douleur chronique;RDF30;Medical, health and life sciences;0.49734577536582947;RDF20-21;Engineering and technology;0.4321015179157257;RDF10;Natural sciences;0.03345050290226936;RDF501;Psychology and cognitive sciences;0.9452984929084778;RDF303;Health sciences;0.912162721157074;RDF304;Medical biotechnology;0.5138209462165833;RDF302;Clinical medicine;0.5027770400047302;RDF102;Computer and information sciences;0.321406751871109
217;Les théories inédites de la foi des penseurs dominicains des années 1250-1350 (Philosophy);RDF60;Humanities and the arts;0.3537139296531677;RDF50;Social sciences;0.21370193362236023;RDF10;Natural sciences;0.1878560334444046;RDF603;Philosophy;0.9992068409919739;RDF503;Education;0.09252365678548813;RDF501;Psychology and cognitive sciences;0.07362962514162064;RDF509;Other social sciences;0.05033063516020775;RDF605;Other humanities;0.03850233182311058
218;Computationally efficient multiphysics and multiscale modeling approaches applied to porous materials engineering;RDF20-21;Engineering and technology;0.8540302515029907;RDF10;Natural sciences;0.1215345486998558;RDF50;Social sciences;0.01411767490208149;RDF206;Materials engineering and resources engineering;0.9588471055030823;RDF102;Computer and information sciences;0.6846595406532288;RDF103;Physical sciences;0.2532603144645691;RDF104;Chemical sciences;0.17405901849269867;RDF203;Electrical engineering, computer engineering, and information engineering;0.10913479328155518
219;Marriage, Sorting, and Segregation Across U.S. Cities (Economics);RDF50;Social sciences;0.6647527813911438;RDF10;Natural sciences;0.11825612187385559;RDF30;Medical, health and life sciences;0.060754258185625076;RDF502;Economics and business administration;0.7271527647972107;RDF507;Social and economic geography;0.30798208713531494;RDF504;Sociology and related studies;0.14841710031032562;RDF509;Other social sciences;0.10678370296955109;RDF501;Psychology and cognitive sciences;0.05065837875008583
220;Highly versatile benchtop Flow Cytometry Analyzer (Materials and Chemical Engineering);RDF20-21;Engineering and technology;0.9637252688407898;RDF10;Natural sciences;0.015931006520986557;RDF30;Medical, health and life sciences;0.008112958632409573;RDF104;Chemical sciences;0.8585408329963684;RDF205;Chemical engineering;0.6735138893127441;RDF206;Materials engineering and resources engineering;0.6150445342063904;RDF202;Industrial, systems and processes engineering;0.47151219844818115;RDF103;Physical sciences;0.3076699376106262
221;Analysis of Extreme Values;RDF50;Social sciences;0.35723447799682617;RDF10;Natural sciences;0.26912859082221985;RDF60;Humanities and the arts;0.20796644687652588;RDF502;Economics and business administration;0.6857653856277466;RDF501;Psychology and cognitive sciences;0.24108712375164032;RDF601;History, archaeology and related studies;0.17738297581672668;RDF504;Sociology and related studies;0.16271236538887024;RDF101;Mathematics and statistics;0.08811154961585999
222;Frontlines to Headlines: The Politics of Memory, War and the Press in interwar Germany (History);RDF50;Social sciences;0.2809835374355316;RDF60;Humanities and the arts;0.22754739224910736;RDF40;Agricultural and veterinary sciences;0.1886434108018875;RDF503;Education;0.9716716408729553;RDF601;History, archaeology and related studies;0.8883720636367798;RDF508;Media and communications;0.7109795808792114;RDF506;Political science and policy administration;0.11879340559244156;RDF305;Other medical sciences;0.06069621071219444
223;Mechanistic Investigations of Nickel-Promoted C-Heteroatom Bond Making Reactions (Chemistry);RDF20-21;Engineering and technology;0.551121711730957;RDF10;Natural sciences;0.285429984331131;RDF50;Social sciences;0.07005016505718231;RDF104;Chemical sciences;0.997104823589325;RDF204;Mechanical engineering;0.7933862209320068;RDF205;Chemical engineering;0.41586223244667053;RDF103;Physical sciences;0.22490550577640533;RDF107;Other natural sciences;0.05510690063238144
224;Manipulated Procurement;RDF20-21;Engineering and technology;0.4593735337257385;RDF10;Natural sciences;0.12768806517124176;RDF50;Social sciences;0.12595421075820923;RDF502;Economics and business administration;0.08014122396707535;RDF202;Industrial, systems and processes engineering;0.051510460674762726;RDF505;Law and legal practice;0.0333368256688118;RDF201;Civil engineering, maritime engineering, transport engineering, and mining engineering;0.02029348351061344;RDF206;Materials engineering and resources engineering;0.014090734533965588
225;Functionalized Bilayer Graphene Devices: Achieving Selectivity and Sensitivity;RDF20-21;Engineering and technology;0.9253235459327698;RDF10;Natural sciences;0.03437807038426399;RDF50;Social sciences;0.016636328771710396;RDF102;Computer and information sciences;0.9964272975921631;RDF202;Industrial, systems and processes engineering;0.7093715667724609;RDF203;Electrical engineering, computer engineering, and information engineering;0.6898543238639832;RDF104;Chemical sciences;0.6303721070289612;RDF501;Psychology and cognitive sciences;0.5492704510688782
226;Le rôle de la résilience sur la santé et le bien-être des équipes interprofessionnelles: validation d'une démarche managériale participative;RDF30;Medical, health and life sciences;0.5574114322662354;RDF50;Social sciences;0.21390017867088318;RDF20-21;Engineering and technology;0.07892034947872162;RDF504;Sociology and related studies;0.7241880893707275;RDF502;Economics and business administration;0.5135617256164551;RDF501;Psychology and cognitive sciences;0.29528069496154785;RDF509;Other social sciences;0.17809657752513885;RDF506;Political science and policy administration;0.1772405207157135
227;Les jeunes en difficulté et faisant l'objet d'une double prise en charge judiciaire : parcours de vie, trajectoires dans les services et pratiques professionnelles (Law and criminology);RDF50;Social sciences;0.6404626369476318;RDF60;Humanities and the arts;0.08016330003738403;RDF40;Agricultural and veterinary sciences;0.07442910224199295;RDF505;Law and legal practice;0.44421061873435974;RDF509;Other social sciences;0.0960254818201065;RDF504;Sociology and related studies;0.08655483275651932;RDF305;Other medical sciences;0.04312336817383766;RDF605;Other humanities;0.03521113470196724
228;"Before the ""Great Divide"": The Shared Language(s) of Art and Science in the Early Modern Period (Fine Arts, Research-Creation)";RDF60;Humanities and the arts;0.9529117941856384;RDF10;Natural sciences;0.016982419416308403;RDF50;Social sciences;0.015767641365528107;RDF604;Arts (arts, history of arts, performing arts, music), architecture and design;0.9776712656021118;RDF602;Languages and literature;0.8751481771469116;RDF503;Education;0.15399393439292908;RDF601;History, archaeology and related studies;0.1536126434803009;RDF504;Sociology and related studies;0.05520869418978691
229;MID-INFRARED QUANTUM TECHNOLOGY FOR SENSING (MIRAQLS);RDF20-21;Engineering and technology;0.8544942140579224;RDF10;Natural sciences;0.06834926456212997;RDF30;Medical, health and life sciences;0.03685366362333298;RDF102;Computer and information sciences;0.5483636260032654;RDF103;Physical sciences;0.48993054032325745;RDF104;Chemical sciences;0.20545558631420135;RDF202;Industrial, systems and processes engineering;0.1556551605463028;RDF107;Other natural sciences;0.11762280017137527
230;Exploiting minor histocompatibility antigens for personalized cancer immunotherapy (Cancer Progression & Therapeutics);RDF30;Medical, health and life sciences;0.9213651418685913;RDF20-21;Engineering and technology;0.03196137771010399;RDF10;Natural sciences;0.029472969472408295;RDF303;Health sciences;0.9641193151473999;RDF304;Medical biotechnology;0.9160721302032471;RDF207;Medical and biomedical engineering;0.707253098487854;RDF106;Biological sciences;0.7022238373756409;RDF505;Law and legal practice;0.6370025277137756
231;Investment incentives in matching markets: on the foundations of competitive models (Economics);RDF50;Social sciences;0.4574752449989319;RDF40;Agricultural and veterinary sciences;0.1378965824842453;RDF20-21;Engineering and technology;0.1308131068944931;RDF502;Economics and business administration;0.9478657245635986;RDF509;Other social sciences;0.030014924705028534;RDF201;Civil engineering, maritime engineering, transport engineering, and mining engineering;0.014172366820275784;RDF505;Law and legal practice;0.012030541896820068;RDF305;Other medical sciences;0.00815624836832285
232;Advancing Machine Learning with Causal Models (Computer Science);RDF20-21;Engineering and technology;0.9224376082420349;RDF10;Natural sciences;0.020469054579734802;RDF50;Social sciences;0.01849225163459778;RDF102;Computer and information sciences;0.9984238743782043;RDF203;Electrical engineering, computer engineering, and information engineering;0.5874772667884827;RDF212;Other engineering and technologies;0.042009055614471436;RDF503;Education;0.02568713389337063;RDF107;Other natural sciences;0.009143315255641937
233;The Brahma Kumari Tradition in Canada and the United States (Medieval, classics, religious studies);RDF60;Humanities and the arts;0.5503585338592529;RDF50;Social sciences;0.15016606450080872;RDF10;Natural sciences;0.10690045356750488;RDF605;Other humanities;0.0694785788655281;RDF503;Education;0.03491377830505371;RDF602;Languages and literature;0.028898300603032112;RDF509;Other social sciences;0.016013750806450844;RDF107;Other natural sciences;0.011846235021948814
234;Social polarization in high schools during COVID-19: A mixed-method Positive Youth Development research to inform how to promote well-being and reduce violence among adolescents (Education and social work);RDF50;Social sciences;0.7855023741722107;RDF60;Humanities and the arts;0.07123133540153503;RDF30;Medical, health and life sciences;0.0465325266122818;RDF503;Education;0.9935868382453918;RDF504;Sociology and related studies;0.38116198778152466;RDF509;Other social sciences;0.24050691723823547;RDF501;Psychology and cognitive sciences;0.17265954613685608;RDF305;Other medical sciences;0.13730095326900482
235;Assessing the community needs of Canadians with limb loss: Building the foundation for community action;RDF30;Medical, health and life sciences;0.4699926972389221;RDF50;Social sciences;0.3649598956108093;RDF60;Humanities and the arts;0.08668557554483414;RDF504;Sociology and related studies;0.6248660087585449;RDF303;Health sciences;0.3476201593875885;RDF509;Other social sciences;0.1619819551706314;RDF506;Political science and policy administration;0.08419108390808105;RDF305;Other medical sciences;0.07477004081010818
236;Addition of high dose Stimulant and engagement-focused Contingency management, alone and in combination, to treatment as usual for the management of MEthamphetamine use disorder (ASCME): a pan-Canadian multisite randomized controlled trial;RDF30;Medical, health and life sciences;0.8910946846008301;RDF50;Social sciences;0.04449516162276268;RDF10;Natural sciences;0.03355392441153526;RDF303;Health sciences;0.9653158187866211;RDF302;Clinical medicine;0.7981081604957581;RDF501;Psychology and cognitive sciences;0.5692784190177917;RDF304;Medical biotechnology;0.260436475276947;RDF207;Medical and biomedical engineering;0.2593095004558563
237;Écrire / Traduire / Visualiser les humanités numériques;RDF60;Humanities and the arts;0.4308842420578003;RDF20-21;Engineering and technology;0.3318862020969391;RDF50;Social sciences;0.1709655523300171;RDF503;Education;0.9616060256958008;RDF102;Computer and information sciences;0.8692712783813477;RDF508;Media and communications;0.8197490572929382;RDF602;Languages and literature;0.7644083499908447;RDF203;Electrical engineering, computer engineering, and information engineering;0.5673523545265198
238;Smart Electrolytes for a New Perspective on Electrochemical Energy Storage (Chemistry);RDF20-21;Engineering and technology;0.9551447033882141;RDF10;Natural sciences;0.029297079890966415;RDF50;Social sciences;0.00823140423744917;RDF104;Chemical sciences;0.9812748432159424;RDF205;Chemical engineering;0.9418684244155884;RDF202;Industrial, systems and processes engineering;0.11235637962818146;RDF212;Other engineering and technologies;0.08014123141765594;RDF107;Other natural sciences;0.04624880477786064
239;Femmes et pouvoirs dans le bailliage de Montréal (1644-1693) (History);RDF50;Social sciences;0.25860103964805603;RDF60;Humanities and the arts;0.25409504771232605;RDF40;Agricultural and veterinary sciences;0.18337559700012207;RDF601;History, archaeology and related studies;0.9984542727470398;RDF503;Education;0.8910075426101685;RDF605;Other humanities;0.06675146520137787;RDF509;Other social sciences;0.04899410158395767;RDF405;Other agricultural sciences;0.028034118935465813
240;Entre pressions socioculturelles et insatisfaction à l'égard de l'image corporelle : le rôle médiateur de caractéristiques personnelles chez les adolescents et jeunes hommes. (Psychology);RDF50;Social sciences;0.5207757353782654;RDF30;Medical, health and life sciences;0.17089711129665375;RDF60;Humanities and the arts;0.16323049366474152;RDF501;Psychology and cognitive sciences;0.9887445569038391;RDF603;Philosophy;0.7386690974235535;RDF504;Sociology and related studies;0.6082523465156555;RDF509;Other social sciences;0.13689661026000977;RDF503;Education;0.12447883933782578
241;Multi-Precision Optimization and Methods with Inaccurate Functions and Derivatives (Computer Science);RDF20-21;Engineering and technology;0.8865082859992981;RDF10;Natural sciences;0.042394015938043594;RDF50;Social sciences;0.028685227036476135;RDF102;Computer and information sciences;0.9987744688987732;RDF203;Electrical engineering, computer engineering, and information engineering;0.6962423920631409;RDF503;Education;0.08663206547498703;RDF212;Other engineering and technologies;0.03346293792128563;RDF202;Industrial, systems and processes engineering;0.018194368109107018
242;Adaptive FEM for Analysis, Design, and Control of Complex Flows (Mechanical Engineering);RDF20-21;Engineering and technology;0.892642080783844;RDF10;Natural sciences;0.03775431215763092;RDF40;Agricultural and veterinary sciences;0.0357101745903492;RDF204;Mechanical engineering;0.9939964413642883;RDF104;Chemical sciences;0.7055314779281616;RDF103;Physical sciences;0.5906168818473816;RDF503;Education;0.26951783895492554;RDF205;Chemical engineering;0.15475885570049286
243;Diagnosis of Aggressive Prostate Cancer Using Key Features of Raman Spectroscopy (Cancer Progression & Therapeutics);RDF30;Medical, health and life sciences;0.8945009112358093;RDF20-21;Engineering and technology;0.04821217432618141;RDF10;Natural sciences;0.03871120885014534;RDF303;Health sciences;0.9869920611381531;RDF304;Medical biotechnology;0.9438154101371765;RDF106;Biological sciences;0.818083643913269;RDF301;Basic medicine and life sciences;0.5325466990470886;RDF302;Clinical medicine;0.5310421586036682
244;Maintaining balance in an unstable environment: A central role for the vestibular system (Biological Systems and Functions);RDF30;Medical, health and life sciences;0.42009904980659485;RDF10;Natural sciences;0.3504493236541748;RDF50;Social sciences;0.100749172270298;RDF106;Biological sciences;0.9660600423812866;RDF103;Physical sciences;0.6912368535995483;RDF303;Health sciences;0.5083152651786804;RDF301;Basic medicine and life sciences;0.33486127853393555;RDF503;Education;0.3247170150279999
245;Multifarious roles of the smallest Arabidopsis thaliana MAPKKKs clade (MAPKKK19, 20 and 21) as an integrative hub for plant pathogen interactions, growth, development and reproduction (Biological Systems and Functions);RDF10;Natural sciences;0.7570643424987793;RDF30;Medical, health and life sciences;0.08665786683559418;RDF50;Social sciences;0.059413790702819824;RDF106;Biological sciences;0.9676250219345093;RDF107;Other natural sciences;0.49147114157676697;RDF301;Basic medicine and life sciences;0.4623175263404846;RDF305;Other medical sciences;0.200557678937912;RDF103;Physical sciences;0.19821934401988983
246;Occurrence et contrôle des bactéries opportunistes et bioaérosols issus des systèmes de traitement des eaux usées (Civil, Industrial and Systems Engineering);RDF10;Natural sciences;0.3323235809803009;RDF20-21;Engineering and technology;0.2613537013530731;RDF30;Medical, health and life sciences;0.24456192553043365;RDF208;Environmental engineering and related engineering;0.9711564779281616;RDF209;Environmental biotechnology;0.9380673170089722;RDF106;Biological sciences;0.8688267469406128;RDF105;Earth and related environmental sciences;0.7544177770614624;RDF202;Industrial, systems and processes engineering;0.6091736555099487
247;Le confinement : étude comparée du choix d'un instrument de politique publique extrême (Political science and public administration);RDF50;Social sciences;0.3644145429134369;RDF60;Humanities and the arts;0.3129202127456665;RDF20-21;Engineering and technology;0.09377235919237137;RDF506;Political science and policy administration;0.9322685599327087;RDF504;Sociology and related studies;0.05861469358205795;RDF605;Other humanities;0.05546393617987633;RDF505;Law and legal practice;0.05389915406703949;RDF503;Education;0.053452715277671814
248;Valorisation des noirs de carbone recyclés de pneus usagés;RDF10;Natural sciences;0.31689199805259705;RDF50;Social sciences;0.2882518172264099;RDF20-21;Engineering and technology;0.19089528918266296;RDF208;Environmental engineering and related engineering;0.9389688968658447;RDF104;Chemical sciences;0.5667230486869812;RDF105;Earth and related environmental sciences;0.17279911041259766;RDF202;Industrial, systems and processes engineering;0.15247340500354767;RDF206;Materials engineering and resources engineering;0.1465141326189041
249;"""Managing AI in Health Ecosystems"" Masterclass";RDF20-21;Engineering and technology;0.7062808275222778;RDF30;Medical, health and life sciences;0.2326793670654297;RDF50;Social sciences;0.027898350730538368;RDF503;Education;0.996726930141449;RDF102;Computer and information sciences;0.964755654335022;RDF303;Health sciences;0.772616446018219;RDF203;Electrical engineering, computer engineering, and information engineering;0.6514934301376343;RDF304;Medical biotechnology;0.6062799692153931
250;Novel regulatory mechanisms of the mammalian nuclear proteasome through liquid-liquid phase separation (Cell Biology – Molecular/Fundamental);RDF10;Natural sciences;0.5069841146469116;RDF20-21;Engineering and technology;0.322940468788147;RDF30;Medical, health and life sciences;0.11951134353876114;RDF106;Biological sciences;0.9699850678443909;RDF103;Physical sciences;0.3298232853412628;RDF301;Basic medicine and life sciences;0.3101717531681061;RDF107;Other natural sciences;0.1296229362487793;RDF104;Chemical sciences;0.09227796643972397
251;Integrating early neuromonitoring biomarkers to better define eligibility for therapeutic hypothermia after perinatal hypoxia-ischemia;RDF30;Medical, health and life sciences;0.9287165403366089;RDF10;Natural sciences;0.021544739603996277;RDF20-21;Engineering and technology;0.019502103328704834;RDF303;Health sciences;0.9859904646873474;RDF304;Medical biotechnology;0.9374975562095642;RDF106;Biological sciences;0.8684924840927124;RDF302;Clinical medicine;0.8551872968673706;RDF207;Medical and biomedical engineering;0.827479898929596
252;Metasurface and Metamaterial-Inspired Devices for 5G, IoT, Sensing and Space Applications;RDF20-21;Engineering and technology;0.9614404439926147;RDF10;Natural sciences;0.01747235842049122;RDF50;Social sciences;0.011650471948087215;RDF102;Computer and information sciences;0.9344550371170044;RDF508;Media and communications;0.4874599277973175;RDF203;Electrical engineering, computer engineering, and information engineering;0.4873836636543274;RDF103;Physical sciences;0.2067338526248932;RDF104;Chemical sciences;0.13488982617855072
253;Cross-frequency coupling and machine learning for electrophysiological signal analysis;RDF20-21;Engineering and technology;0.8492590188980103;RDF10;Natural sciences;0.11017800867557526;RDF50;Social sciences;0.02285408414900303;RDF102;Computer and information sciences;0.9599502086639404;RDF103;Physical sciences;0.8209723830223083;RDF203;Electrical engineering, computer engineering, and information engineering;0.36274340748786926;RDF202;Industrial, systems and processes engineering;0.11511248350143433;RDF104;Chemical sciences;0.10150035470724106
254;Uncovering a New Cytotoxic Mechanism of Natural Killer Cells (Genes, Cells and Molecules);RDF30;Medical, health and life sciences;0.45583778619766235;RDF10;Natural sciences;0.43837493658065796;RDF20-21;Engineering and technology;0.057558462023735046;RDF106;Biological sciences;0.9640177488327026;RDF301;Basic medicine and life sciences;0.7336426973342896;RDF304;Medical biotechnology;0.6638051867485046;RDF207;Medical and biomedical engineering;0.6197302341461182;RDF104;Chemical sciences;0.5869002342224121
255;Actualisation de la formation sur les pratiques d'affiliation dans les Auberges du coeur du Québec;RDF50;Social sciences;0.3154439330101013;RDF60;Humanities and the arts;0.2091074287891388;RDF30;Medical, health and life sciences;0.15908055007457733;RDF503;Education;0.9728823900222778;RDF509;Other social sciences;0.0787840187549591;RDF505;Law and legal practice;0.04027567431330681;RDF504;Sociology and related studies;0.03419705480337143;RDF502;Economics and business administration;0.022499969229102135
256;Evidence for Impact: The Quebec Experience of Designing Evidence-Based Public Policy Solutions to Reform Home Care;RDF30;Medical, health and life sciences;0.5313183069229126;RDF50;Social sciences;0.22191941738128662;RDF20-21;Engineering and technology;0.09591353684663773;RDF303;Health sciences;0.23713399469852448;RDF506;Political science and policy administration;0.23642806708812714;RDF509;Other social sciences;0.09009299427270889;RDF505;Law and legal practice;0.0892956405878067;RDF504;Sociology and related studies;0.07850097119808197
257;Replicative stress as a primary determinant of chemotherapeutic outcome in ovarian cancer;RDF30;Medical, health and life sciences;0.9489831328392029;RDF10;Natural sciences;0.021337565034627914;RDF50;Social sciences;0.012421807274222374;RDF303;Health sciences;0.9757161140441895;RDF106;Biological sciences;0.8850365877151489;RDF301;Basic medicine and life sciences;0.35731518268585205;RDF304;Medical biotechnology;0.319121390581131;RDF302;Clinical medicine;0.2930503189563751
258;Improved representation, impact assessment, and adaptive management of water resource systems under changing natural and anthropogenic conditions (Civil, Industrial and Systems Engineering);RDF20-21;Engineering and technology;0.8014433979988098;RDF10;Natural sciences;0.1502654105424881;RDF50;Social sciences;0.021399496123194695;RDF208;Environmental engineering and related engineering;0.8904848098754883;RDF105;Earth and related environmental sciences;0.7597604990005493;RDF202;Industrial, systems and processes engineering;0.47028040885925293;RDF107;Other natural sciences;0.2762509882450104;RDF206;Materials engineering and resources engineering;0.1985299289226532
259;Le travail ensemble comme stratégie de réponse aux besoins complexes des jeunes en difficulté : comprendre les processus d'émergence de la collaboration (Education and social work);RDF50;Social sciences;0.4967588186264038;RDF60;Humanities and the arts;0.31238535046577454;RDF20-21;Engineering and technology;0.05655723437666893;RDF503;Education;0.8501578569412231;RDF504;Sociology and related studies;0.21190565824508667;RDF509;Other social sciences;0.09105827659368515;RDF501;Psychology and cognitive sciences;0.08344117552042007;RDF305;Other medical sciences;0.04092230275273323
260;Interneuronopathies and neurodevelopmental disorders (Genetics);RDF30;Medical, health and life sciences;0.7963577508926392;RDF10;Natural sciences;0.14312806725502014;RDF50;Social sciences;0.02816983126103878;RDF303;Health sciences;0.8614216446876526;RDF106;Biological sciences;0.4776683747768402;RDF305;Other medical sciences;0.15209519863128662;RDF501;Psychology and cognitive sciences;0.11894682049751282;RDF301;Basic medicine and life sciences;0.11153119057416916
261;Prevention / treatment of the choroidal neovascularization by kinin receptors antagonists (Pharmacology & Toxicology);RDF30;Medical, health and life sciences;0.9543426036834717;RDF10;Natural sciences;0.017772002145648003;RDF50;Social sciences;0.013002274557948112;RDF303;Health sciences;0.972151517868042;RDF302;Clinical medicine;0.7917405962944031;RDF106;Biological sciences;0.752694845199585;RDF304;Medical biotechnology;0.6149722337722778;RDF103;Physical sciences;0.5231462717056274
262;Entre vie et mort: images de médiation (Fine Arts, Research-Creation);RDF60;Humanities and the arts;0.7038607597351074;RDF30;Medical, health and life sciences;0.18227311968803406;RDF10;Natural sciences;0.04293578118085861;RDF604;Arts (arts, history of arts, performing arts, music), architecture and design;0.9675331711769104;RDF508;Media and communications;0.37828683853149414;RDF503;Education;0.15373964607715607;RDF106;Biological sciences;0.048405952751636505;RDF504;Sociology and related studies;0.041734810918569565
263;Identification of microbial factors to modulate immune dysregulation and treat post-COVID-19 syndrome;RDF30;Medical, health and life sciences;0.9242715835571289;RDF10;Natural sciences;0.035680755972862244;RDF50;Social sciences;0.017195211723446846;RDF303;Health sciences;0.958304226398468;RDF106;Biological sciences;0.8115266561508179;RDF302;Clinical medicine;0.6193993091583252;RDF207;Medical and biomedical engineering;0.6164885759353638;RDF301;Basic medicine and life sciences;0.5354172587394714
264;Les effets de la pandémie de COVID-19 sur les conditions de travail et les trajectoires d'emploi des femmes au Québec: recul, maintien ou avancée? (Business, management and related fields);RDF50;Social sciences;0.5609124302864075;RDF30;Medical, health and life sciences;0.1464657187461853;RDF60;Humanities and the arts;0.09255536645650864;RDF502;Economics and business administration;0.5858293175697327;RDF504;Sociology and related studies;0.20236435532569885;RDF509;Other social sciences;0.1677633374929428;RDF507;Social and economic geography;0.09679114073514938;RDF605;Other humanities;0.07565305382013321
265;Data-driven Optimization of Transport Systems (Civil, Industrial and Systems Engineering);RDF20-21;Engineering and technology;0.9677758812904358;RDF50;Social sciences;0.013940052129328251;RDF10;Natural sciences;0.009846439585089684;RDF201;Civil engineering, maritime engineering, transport engineering, and mining engineering;0.9854544997215271;RDF202;Industrial, systems and processes engineering;0.2963487207889557;RDF102;Computer and information sciences;0.1901218295097351;RDF212;Other engineering and technologies;0.13268303871154785;RDF509;Other social sciences;0.0768222063779831
266;Le tournant éclectique en architecture à travers les procès-verbaux du Conseil des Bâtiments civils (projet pilote) (Fine Arts, Research-Creation);RDF60;Humanities and the arts;0.4816589951515198;RDF20-21;Engineering and technology;0.30675962567329407;RDF50;Social sciences;0.08144211769104004;RDF604;Arts (arts, history of arts, performing arts, music), architecture and design;0.9926683306694031;RDF201;Civil engineering, maritime engineering, transport engineering, and mining engineering;0.15584778785705566;RDF212;Other engineering and technologies;0.03141012787818909;RDF509;Other social sciences;0.031173307448625565;RDF601;History, archaeology and related studies;0.017917344346642494
267;Évolution de l'organisation du travail des directions d'établissements d'enseignement du Québec dans le contexte de la transformation des commissions scolaires en centres de services;RDF50;Social sciences;0.3495478928089142;RDF60;Humanities and the arts;0.24497883021831512;RDF40;Agricultural and veterinary sciences;0.1150437444448471;RDF503;Education;0.997908890247345;RDF504;Sociology and related studies;0.2520156800746918;RDF509;Other social sciences;0.10034840553998947;RDF506;Political science and policy administration;0.0991208627820015;RDF107;Other natural sciences;0.02688674069941044
268;Integrating interdisciplinary perspectives on circular economy;RDF50;Social sciences;0.2865994870662689;RDF40;Agricultural and veterinary sciences;0.25590452551841736;RDF10;Natural sciences;0.1592053920030594;RDF502;Economics and business administration;0.2435075044631958;RDF105;Earth and related environmental sciences;0.04795810207724571;RDF201;Civil engineering, maritime engineering, transport engineering, and mining engineering;0.03240551799535751;RDF504;Sociology and related studies;0.030675800517201424;RDF603;Philosophy;0.019160708412528038
269;Homeostasis of the respiratory epithelial tissue: regulatory mechanisms by ion channels (Genes, Cells and Molecules);RDF30;Medical, health and life sciences;0.7096935510635376;RDF10;Natural sciences;0.23426075279712677;RDF50;Social sciences;0.025574378669261932;RDF106;Biological sciences;0.9800722002983093;RDF303;Health sciences;0.9556514024734497;RDF301;Basic medicine and life sciences;0.8830848336219788;RDF103;Physical sciences;0.8479677438735962;RDF207;Medical and biomedical engineering;0.4505973756313324
270;Vascular events in patients undergoing same-day noncardiac surgery (VALIANCE) - a prospective cohort and nested biobank study (Clinical Investigation – Cardiovascular Systems);RDF30;Medical, health and life sciences;0.9549056887626648;RDF50;Social sciences;0.01635003089904785;RDF20-21;Engineering and technology;0.014556227251887321;RDF303;Health sciences;0.9711838364601135;RDF103;Physical sciences;0.7759021520614624;RDF106;Biological sciences;0.6140614151954651;RDF302;Clinical medicine;0.5421664714813232;RDF207;Medical and biomedical engineering;0.3045068085193634
271;Mental health Recovery from Youth Right-based Perspectives (Education and social work);RDF50;Social sciences;0.4309370219707489;RDF30;Medical, health and life sciences;0.29473569989204407;RDF60;Humanities and the arts;0.15440742671489716;RDF503;Education;0.8175744414329529;RDF504;Sociology and related studies;0.27245986461639404;RDF501;Psychology and cognitive sciences;0.19398579001426697;RDF509;Other social sciences;0.11075937747955322;RDF303;Health sciences;0.09065495431423187
272;Ecosystem functioning in the landscape: a meta-ecosystem perspective (Evolution and Ecology);RDF10;Natural sciences;0.8596251606941223;RDF50;Social sciences;0.06130561605095863;RDF40;Agricultural and veterinary sciences;0.026861019432544708;RDF105;Earth and related environmental sciences;0.8539127707481384;RDF503;Education;0.7691236138343811;RDF208;Environmental engineering and related engineering;0.44734713435173035;RDF107;Other natural sciences;0.2967052161693573;RDF509;Other social sciences;0.10856641829013824
273;Multi-Fidelity Zonal Approaches to Multi-Disciplinary Aerodynamic Analysis of Transonic Aircraft;RDF20-21;Engineering and technology;0.8885602951049805;RDF10;Natural sciences;0.06566867232322693;RDF50;Social sciences;0.025083735585212708;RDF103;Physical sciences;0.803173840045929;RDF204;Mechanical engineering;0.1578495353460312;RDF201;Civil engineering, maritime engineering, transport engineering, and mining engineering;0.1378803551197052;RDF212;Other engineering and technologies;0.1302300989627838;RDF107;Other natural sciences;0.11407212167978287
274;Defining the functions and mechanisms of centrosomal RNA localization;RDF10;Natural sciences;0.6403127908706665;RDF50;Social sciences;0.11126968264579773;RDF30;Medical, health and life sciences;0.10422240197658539;RDF106;Biological sciences;0.8465777039527893;RDF103;Physical sciences;0.3639576733112335;RDF104;Chemical sciences;0.33843234181404114;RDF107;Other natural sciences;0.3094930946826935;RDF301;Basic medicine and life sciences;0.1985299289226532
275;Collaborative improvement of moral deliberation methods: An exercise in living ethics (Mutidisciplinary or interdisciplinary social sciences);RDF50;Social sciences;0.9052225947380066;RDF60;Humanities and the arts;0.06343258917331696;RDF30;Medical, health and life sciences;0.01411231979727745;RDF504;Sociology and related studies;0.8031737804412842;RDF503;Education;0.33562299609184265;RDF603;Philosophy;0.17902763187885284;RDF509;Other social sciences;0.1257079541683197;RDF501;Psychology and cognitive sciences;0.06554500013589859
276;The role of GABA signaling in nervous system formation and homeostasis (Genes, Cells and Molecules);RDF30;Medical, health and life sciences;0.49897539615631104;RDF10;Natural sciences;0.34741735458374023;RDF50;Social sciences;0.07708286494016647;RDF106;Biological sciences;0.854884684085846;RDF501;Psychology and cognitive sciences;0.5536636710166931;RDF301;Basic medicine and life sciences;0.40047088265419006;RDF303;Health sciences;0.3198114037513733;RDF305;Other medical sciences;0.2510504722595215
277;Elimination of senescent endothelial cells to prevent vascular dementia in aging atherosclerotic mice (Biological and Clinical Aspects of Aging);RDF30;Medical, health and life sciences;0.5907646417617798;RDF10;Natural sciences;0.27206119894981384;RDF40;Agricultural and veterinary sciences;0.08997811377048492;RDF402;Animal and dairy sciences;0.9831660985946655;RDF106;Biological sciences;0.9699850082397461;RDF403;Veterinary sciences;0.9573974609375;RDF303;Health sciences;0.9196064472198486;RDF301;Basic medicine and life sciences;0.7644962668418884
278;Understanding and treating osteoarthritic pain in pet animals: An approach based on neurogenomics and neuropeptidomics manipulation (Biological Systems and Functions);RDF30;Medical, health and life sciences;0.8105840682983398;RDF40;Agricultural and veterinary sciences;0.07079995423555374;RDF10;Natural sciences;0.06409725546836853;RDF402;Animal and dairy sciences;0.9913055300712585;RDF303;Health sciences;0.9725454449653625;RDF106;Biological sciences;0.95743727684021;RDF403;Veterinary sciences;0.955734133720398;RDF503;Education;0.8973810076713562
279;Optimizing risk averse decisions in data-driven problems;RDF20-21;Engineering and technology;0.6796098351478577;RDF50;Social sciences;0.14295914769172668;RDF10;Natural sciences;0.06100747361779213;RDF102;Computer and information sciences;0.7443777322769165;RDF501;Psychology and cognitive sciences;0.37653717398643494;RDF202;Industrial, systems and processes engineering;0.2874176502227783;RDF502;Economics and business administration;0.27255669236183167;RDF203;Electrical engineering, computer engineering, and information engineering;0.1218424066901207
280;Understanding the genesis of the spliced immunopeptidome (Genes, Cells and Molecules);RDF30;Medical, health and life sciences;0.722319483757019;RDF10;Natural sciences;0.21661502122879028;RDF50;Social sciences;0.029094623401761055;RDF503;Education;0.9435039162635803;RDF303;Health sciences;0.9413313865661621;RDF106;Biological sciences;0.9301416277885437;RDF301;Basic medicine and life sciences;0.6050263047218323;RDF305;Other medical sciences;0.28567078709602356
281;Fundamental drivers of plant spectral diversity (Evolution and Ecology);RDF10;Natural sciences;0.8697398900985718;RDF40;Agricultural and veterinary sciences;0.06041285768151283;RDF50;Social sciences;0.02870471403002739;RDF103;Physical sciences;0.5886083841323853;RDF401;Agriculture, forestry, and fisheries;0.42208024859428406;RDF107;Other natural sciences;0.42026498913764954;RDF106;Biological sciences;0.26549941301345825;RDF405;Other agricultural sciences;0.204024538397789
282;Systematics, biogeography and evolution of northern floras (Evolution and Ecology);RDF10;Natural sciences;0.8395540118217468;RDF30;Medical, health and life sciences;0.07314480096101761;RDF40;Agricultural and veterinary sciences;0.04262334108352661;RDF503;Education;0.9507778882980347;RDF106;Biological sciences;0.89674973487854;RDF105;Earth and related environmental sciences;0.6056095361709595;RDF107;Other natural sciences;0.5521775484085083;RDF301;Basic medicine and life sciences;0.5473619699478149
283;Development of Additive Manufacturing Superalloys with high ?' volume fraction (Materials and Chemical Engineering);RDF20-21;Engineering and technology;0.9623591899871826;RDF10;Natural sciences;0.021282056346535683;RDF50;Social sciences;0.008490254171192646;RDF205;Chemical engineering;0.9222025275230408;RDF104;Chemical sciences;0.8640239238739014;RDF206;Materials engineering and resources engineering;0.34919974207878113;RDF107;Other natural sciences;0.08826860040426254;RDF509;Other social sciences;0.07250525057315826
284;Judiciarisation des personnes souffrant de troubles mentaux : une recherche en théorisation ancrée sur la perception des patients judiciarisés et le personnel soignant (Psychosocial, Sociocultural & Behavioural Determinants of Health);RDF30;Medical, health and life sciences;0.6892979741096497;RDF50;Social sciences;0.24782539904117584;RDF60;Humanities and the arts;0.027307409793138504;RDF501;Psychology and cognitive sciences;0.9837849736213684;RDF303;Health sciences;0.9657060503959656;RDF504;Sociology and related studies;0.8405863642692566;RDF509;Other social sciences;0.13660839200019836;RDF305;Other medical sciences;0.12220858782529831
285;Methods of initiation and mitigation of thermal runaway in lithium-ion batteries;RDF20-21;Engineering and technology;0.7292636036872864;RDF10;Natural sciences;0.12543420493602753;RDF30;Medical, health and life sciences;0.06940677762031555;RDF103;Physical sciences;0.7328786849975586;RDF202;Industrial, systems and processes engineering;0.4241287410259247;RDF204;Mechanical engineering;0.2969599664211273;RDF104;Chemical sciences;0.28101083636283875;RDF212;Other engineering and technologies;0.25450897216796875
286;Automated AI-supported methane plume detection from satellite and aircraft images;RDF20-21;Engineering and technology;0.8636549115180969;RDF10;Natural sciences;0.07326860725879669;RDF30;Medical, health and life sciences;0.03223611041903496;RDF209;Environmental biotechnology;0.9066944122314453;RDF208;Environmental engineering and related engineering;0.8296990990638733;RDF104;Chemical sciences;0.8206132650375366;RDF102;Computer and information sciences;0.7594038844108582;RDF103;Physical sciences;0.6877872943878174
287;From domain-specific languages to domain-specific environments (Computer Science);RDF20-21;Engineering and technology;0.9480014443397522;RDF50;Social sciences;0.013100072741508484;RDF10;Natural sciences;0.011403791606426239;RDF102;Computer and information sciences;0.995479166507721;RDF203;Electrical engineering, computer engineering, and information engineering;0.8025168180465698;RDF212;Other engineering and technologies;0.05536170303821564;RDF602;Languages and literature;0.018779069185256958;RDF202;Industrial, systems and processes engineering;0.018564347177743912
288;Magnetic Field Characterization and Mapping for Artifact Mitigation in MRI;RDF20-21;Engineering and technology;0.5863582491874695;RDF30;Medical, health and life sciences;0.2245211899280548;RDF10;Natural sciences;0.17047342658042908;RDF103;Physical sciences;0.9744591116905212;RDF207;Medical and biomedical engineering;0.8233283758163452;RDF104;Chemical sciences;0.4477356970310211;RDF304;Medical biotechnology;0.2741084098815918;RDF303;Health sciences;0.1784542202949524
289;La médiatisation de l'opinion publique au Canada (Political science and public administration);RDF50;Social sciences;0.5025644898414612;RDF10;Natural sciences;0.12077660858631134;RDF60;Humanities and the arts;0.11457255482673645;RDF506;Political science and policy administration;0.9631613492965698;RDF508;Media and communications;0.746832013130188;RDF504;Sociology and related studies;0.18381328880786896;RDF509;Other social sciences;0.04890318214893341;RDF305;Other medical sciences;0.0372217558324337
290;Entrepreneuring as Relational Process: Tracing the Trajectories of Entrepreneurial Projects (Communications, media studies, gender studies, library and information science, related fields);RDF50;Social sciences;0.5040737390518188;RDF20-21;Engineering and technology;0.23168502748012543;RDF60;Humanities and the arts;0.10596960037946701;RDF502;Economics and business administration;0.45986437797546387;RDF503;Education;0.39595139026641846;RDF508;Media and communications;0.24912740290164948;RDF509;Other social sciences;0.22910374402999878;RDF501;Psychology and cognitive sciences;0.12581531703472137
291;Physiotherapy care in Emergency Departments for Patients with Musculoskeletal Disorders: A Pragmatic Cluster Randomized Controlled Trial and Cost Analysis (Clinical Investigation – Arthritis, Bone, Skin and Cartilage);RDF30;Medical, health and life sciences;0.9066665768623352;RDF50;Social sciences;0.03539641946554184;RDF20-21;Engineering and technology;0.033447265625;RDF303;Health sciences;0.9592688679695129;RDF302;Clinical medicine;0.8202536106109619;RDF103;Physical sciences;0.815453052520752;RDF207;Medical and biomedical engineering;0.5134549736976624;RDF305;Other medical sciences;0.1461481750011444
292;Le numérique et les études médiévales : enjeux pédagogiques et formation par la recherche;RDF60;Humanities and the arts;0.30831244587898254;RDF20-21;Engineering and technology;0.2779936194419861;RDF50;Social sciences;0.2347809076309204;RDF503;Education;0.9977216720581055;RDF601;History, archaeology and related studies;0.45184043049812317;RDF203;Electrical engineering, computer engineering, and information engineering;0.40090328454971313;RDF102;Computer and information sciences;0.19821932911872864;RDF508;Media and communications;0.15604056417942047
293;High power density motors for aeronautics manufactured by cold spraying;RDF20-21;Engineering and technology;0.9142982959747314;RDF10;Natural sciences;0.054321203380823135;RDF50;Social sciences;0.013640983030200005;RDF202;Industrial, systems and processes engineering;0.44219231605529785;RDF103;Physical sciences;0.2529372572898865;RDF104;Chemical sciences;0.21875281631946564;RDF204;Mechanical engineering;0.14235109090805054;RDF205;Chemical engineering;0.09816574305295944
294;Cholesterol metabolism and regulation of the senescence-associated secretory phenotype in retinopathy (Systems & Circuits Neurosciences);RDF30;Medical, health and life sciences;0.9617894887924194;RDF10;Natural sciences;0.01689137890934944;RDF20-21;Engineering and technology;0.009871916845440865;RDF303;Health sciences;0.9157335758209229;RDF304;Medical biotechnology;0.2441827356815338;RDF301;Basic medicine and life sciences;0.2218560427427292;RDF207;Medical and biomedical engineering;0.12074951827526093;RDF305;Other medical sciences;0.06910072267055511
295;Second-order Hessian-free methods for statistical learning and stochastic optimization (Civil, Industrial and Systems Engineering);RDF20-21;Engineering and technology;0.9020193219184875;RDF10;Natural sciences;0.054435618221759796;RDF50;Social sciences;0.028517968952655792;RDF101;Mathematics and statistics;0.9748210906982422;RDF202;Industrial, systems and processes engineering;0.6542875170707703;RDF503;Education;0.5394381880760193;RDF102;Computer and information sciences;0.2831367552280426;RDF212;Other engineering and technologies;0.1262994408607483
296;Ecosystemic thinking: integrating ecosystem assessment to the strategic thinking process;RDF10;Natural sciences;0.49071046710014343;RDF50;Social sciences;0.21796420216560364;RDF20-21;Engineering and technology;0.1113252192735672;RDF105;Earth and related environmental sciences;0.9223425984382629;RDF208;Environmental engineering and related engineering;0.826781690120697;RDF502;Economics and business administration;0.6523244380950928;RDF501;Psychology and cognitive sciences;0.37625062465667725;RDF603;Philosophy;0.1478625237941742
297;Brain-body interactions during bipedalism (Biological Systems and Functions);RDF30;Medical, health and life sciences;0.531877338886261;RDF10;Natural sciences;0.3914164900779724;RDF50;Social sciences;0.03244472295045853;RDF106;Biological sciences;0.9783019423484802;RDF501;Psychology and cognitive sciences;0.6352366209030151;RDF103;Physical sciences;0.6091899871826172;RDF301;Basic medicine and life sciences;0.4239721894264221;RDF503;Education;0.32279276847839355
298;Multiaxial electro-mechanical tensile tester for stretchable electronics (Materials and Chemical Engineering);RDF20-21;Engineering and technology;0.9852043390274048;RDF10;Natural sciences;0.005789988208562136;RDF50;Social sciences;0.004430675879120827;RDF205;Chemical engineering;0.6663610935211182;RDF104;Chemical sciences;0.5492553114891052;RDF206;Materials engineering and resources engineering;0.18249835073947906;RDF203;Electrical engineering, computer engineering, and information engineering;0.16404719650745392;RDF103;Physical sciences;0.14517594873905182
299;Development and Update of Quantitative Pharmacology Concepts and Computational Models for a Better Understanding of Drug Fate and Action (Mathematics and Statistics);RDF30;Medical, health and life sciences;0.8314837217330933;RDF20-21;Engineering and technology;0.09241008013486862;RDF10;Natural sciences;0.048944756388664246;RDF101;Mathematics and statistics;0.9792947769165039;RDF303;Health sciences;0.951863169670105;RDF503;Education;0.8179383277893066;RDF301;Basic medicine and life sciences;0.549323320388794;RDF207;Medical and biomedical engineering;0.4240318238735199
300;Frontières vécues dans les institutions éducatives québécoises. Discours des cégépiennes musulmanes issues de l'immigration à Montréal (Education and social work);RDF60;Humanities and the arts;0.46003779768943787;RDF50;Social sciences;0.44610169529914856;RDF10;Natural sciences;0.03127541020512581;RDF503;Education;0.9565531015396118;RDF504;Sociology and related studies;0.38345369696617126;RDF509;Other social sciences;0.13840354979038239;RDF605;Other humanities;0.13189834356307983;RDF602;Languages and literature;0.09001297503709793
301;Non-invasive 4D thoracic imaging infrastructure to support decision-making in the management of lung diseases in intensive care units (ICU) (Electrical and Computer Engineering);RDF20-21;Engineering and technology;0.6853429079055786;RDF30;Medical, health and life sciences;0.29881995916366577;RDF10;Natural sciences;0.006791430059820414;RDF303;Health sciences;0.9573974609375;RDF207;Medical and biomedical engineering;0.9033794403076172;RDF304;Medical biotechnology;0.8472740054130554;RDF106;Biological sciences;0.15700756013393402;RDF302;Clinical medicine;0.14669740200042725
302;La participation à la société québécoise : exploration de la perception des jeunes issus de l'immigration, de première et de deuxième génération (JIPDG), élèves et étudiants au secondaire et au cegep francophones (Education and social work);RDF50;Social sciences;0.6085418462753296;RDF60;Humanities and the arts;0.1893477439880371;RDF40;Agricultural and veterinary sciences;0.07939573377370834;RDF503;Education;0.9585765600204468;RDF504;Sociology and related studies;0.6160556077957153;RDF509;Other social sciences;0.10847194492816925;RDF305;Other medical sciences;0.053502146154642105;RDF507;Social and economic geography;0.04858620464801788
303;Reshaping the urban water management paradigm: towards a new decision-support framework for the sustainable design of hybrid systems;RDF20-21;Engineering and technology;0.5872974991798401;RDF10;Natural sciences;0.14686961472034454;RDF50;Social sciences;0.11709465831518173;RDF208;Environmental engineering and related engineering;0.8198933005332947;RDF105;Earth and related environmental sciences;0.13822896778583527;RDF107;Other natural sciences;0.124798484146595;RDF509;Other social sciences;0.11956226080656052;RDF603;Philosophy;0.0991208553314209
304;L'activité musculaire des pianistes au service de la production sonore et de l'expression musicale (Multidisciplinary or interdisciplinary humanities);RDF60;Humanities and the arts;0.8905438780784607;RDF50;Social sciences;0.05316886678338051;RDF10;Natural sciences;0.028072800487279892;RDF604;Arts (arts, history of arts, performing arts, music), architecture and design;0.923626720905304;RDF503;Education;0.46367189288139343;RDF509;Other social sciences;0.10061321407556534;RDF605;Other humanities;0.07633879780769348;RDF305;Other medical sciences;0.07483762502670288
305;Extraction, migration et mise en place de granite-pegmatite orogénique: construire les vecteurs d'exploration de métaux critiques;RDF20-21;Engineering and technology;0.6985786557197571;RDF10;Natural sciences;0.24594365060329437;RDF30;Medical, health and life sciences;0.019433852285146713;RDF206;Materials engineering and resources engineering;0.9611344933509827;RDF105;Earth and related environmental sciences;0.9314001202583313;RDF104;Chemical sciences;0.9262370467185974;RDF205;Chemical engineering;0.8624096512794495;RDF103;Physical sciences;0.7598941922187805
306;Mon genou pourrait aller mieux;RDF30;Medical, health and life sciences;0.8124041557312012;RDF40;Agricultural and veterinary sciences;0.0634152889251709;RDF60;Humanities and the arts;0.04282520338892937;RDF302;Clinical medicine;0.3817812204360962;RDF303;Health sciences;0.3600389063358307;RDF403;Veterinary sciences;0.16559311747550964;RDF106;Biological sciences;0.15241031348705292;RDF305;Other medical sciences;0.11626139283180237
307;Learning sensorimotor maps through curiosity (Biological Systems and Functions);RDF10;Natural sciences;0.7918661832809448;RDF30;Medical, health and life sciences;0.07840536534786224;RDF50;Social sciences;0.05883771553635597;RDF503;Education;0.995372474193573;RDF106;Biological sciences;0.9792352318763733;RDF103;Physical sciences;0.37593552470207214;RDF501;Psychology and cognitive sciences;0.26511871814727783;RDF301;Basic medicine and life sciences;0.06578465551137924
308;Improving the Quality Assurance of Machine-Learning Software Applications (Computer Science);RDF20-21;Engineering and technology;0.9596062898635864;RDF50;Social sciences;0.011481555178761482;RDF10;Natural sciences;0.008221539668738842;RDF102;Computer and information sciences;0.9954349994659424;RDF203;Electrical engineering, computer engineering, and information engineering;0.8551267385482788;RDF212;Other engineering and technologies;0.03390796110033989;RDF503;Education;0.020371295511722565;RDF202;Industrial, systems and processes engineering;0.016434574499726295
309;Mobilizing evidence into the effective treatment of sexual offenders: A feasibility study;RDF50;Social sciences;0.5048720836639404;RDF30;Medical, health and life sciences;0.24533520638942719;RDF60;Humanities and the arts;0.10572364926338196;RDF505;Law and legal practice;0.9634718894958496;RDF504;Sociology and related studies;0.2577650845050812;RDF509;Other social sciences;0.18550413846969604;RDF506;Political science and policy administration;0.1045687198638916;RDF303;Health sciences;0.10266400873661041
310;Simulation of large scale MaaS;RDF20-21;Engineering and technology;0.5334328413009644;RDF10;Natural sciences;0.20940592885017395;RDF30;Medical, health and life sciences;0.10842638462781906;RDF102;Computer and information sciences;0.636536717414856;RDF202;Industrial, systems and processes engineering;0.4519009292125702;RDF101;Mathematics and statistics;0.3770674467086792;RDF103;Physical sciences;0.25275275111198425;RDF204;Mechanical engineering;0.14312781393527985
311;PRevention of COVID-19 with high dose Oral Vitamin D supplemental Therapy in Essential healthCare Teams (PROTECT);RDF30;Medical, health and life sciences;0.9261105060577393;RDF20-21;Engineering and technology;0.022625543177127838;RDF10;Natural sciences;0.015414219349622726;RDF303;Health sciences;0.8263617157936096;RDF207;Medical and biomedical engineering;0.3432316482067108;RDF302;Clinical medicine;0.20032291114330292;RDF304;Medical biotechnology;0.18344728648662567;RDF301;Basic medicine and life sciences;0.13951356709003448
312;Decrypting nociceptive signaling pathways in Caenorhabditis elegans using behavioral analysis and mass spectrometry-based proteomics (Genes, Cells and Molecules);RDF20-21;Engineering and technology;0.48586225509643555;RDF10;Natural sciences;0.32523825764656067;RDF30;Medical, health and life sciences;0.11538831144571304;RDF106;Biological sciences;0.9182605743408203;RDF301;Basic medicine and life sciences;0.5316349267959595;RDF103;Physical sciences;0.45914435386657715;RDF304;Medical biotechnology;0.3906646966934204;RDF104;Chemical sciences;0.37845906615257263
313;Suivre les affaires et les auteurs de violence conjugale : vers une meilleure compréhension du cheminement pénal et de la récidive (Law and criminology);RDF50;Social sciences;0.573672354221344;RDF60;Humanities and the arts;0.10498486459255219;RDF10;Natural sciences;0.09392420202493668;RDF505;Law and legal practice;0.9192084670066833;RDF509;Other social sciences;0.0876418948173523;RDF305;Other medical sciences;0.07689149677753448;RDF503;Education;0.06342433393001556;RDF107;Other natural sciences;0.04890318214893341
314;Dissection of non-canonical DNA damage response mechanisms controlling the senescence program (Genes, Cells and Molecules);RDF10;Natural sciences;0.666994571685791;RDF30;Medical, health and life sciences;0.1649775207042694;RDF20-21;Engineering and technology;0.09571506083011627;RDF106;Biological sciences;0.899739682674408;RDF103;Physical sciences;0.282047837972641;RDF107;Other natural sciences;0.17773951590061188;RDF301;Basic medicine and life sciences;0.17349815368652344;RDF305;Other medical sciences;0.08969351649284363
315;Comment habiter le territoire québécois de façon sobre et résiliente dans un contexte de transition écologique?;RDF50;Social sciences;0.6306208372116089;RDF10;Natural sciences;0.1054902896285057;RDF20-21;Engineering and technology;0.07931780815124512;RDF208;Environmental engineering and related engineering;0.9596487879753113;RDF105;Earth and related environmental sciences;0.9300781488418579;RDF504;Sociology and related studies;0.8263617157936096;RDF603;Philosophy;0.6547843813896179;RDF209;Environmental biotechnology;0.4502989649772644
316;Deafness Induced Brain Reorganization: a research program to examine how deafness modifies cortical functions and affects compensatory vision and auditory performance following cochlear implantation (Behavioural Sciences – Behavioural Studies, Neuroscience and Cognition);RDF30;Medical, health and life sciences;0.9453396201133728;RDF50;Social sciences;0.017794474959373474;RDF60;Humanities and the arts;0.011113770306110382;RDF303;Health sciences;0.8392075896263123;RDF501;Psychology and cognitive sciences;0.2813068628311157;RDF207;Medical and biomedical engineering;0.0692264661192894;RDF304;Medical biotechnology;0.0627892017364502;RDF305;Other medical sciences;0.0361519381403923
317;Multiscale modeling of multiphase flows in chemical engineering processes (Materials and Chemical Engineering);RDF20-21;Engineering and technology;0.8358968496322632;RDF10;Natural sciences;0.11677436530590057;RDF50;Social sciences;0.022308552637696266;RDF104;Chemical sciences;0.8540344834327698;RDF205;Chemical engineering;0.8419556021690369;RDF202;Industrial, systems and processes engineering;0.09467770159244537;RDF107;Other natural sciences;0.05203782767057419;RDF206;Materials engineering and resources engineering;0.03993731364607811
318;Soutien à la mobilisation des milieux scolaires pour la mise en oeuvre de mesures intégrées et structurées favorisant la socialisation des élèves, leur bien-être psychologique, ainsi que la prévention de la violence;RDF50;Social sciences;0.5624826550483704;RDF60;Humanities and the arts;0.18730735778808594;RDF30;Medical, health and life sciences;0.0715116411447525;RDF503;Education;0.9988120794296265;RDF504;Sociology and related studies;0.24730509519577026;RDF501;Psychology and cognitive sciences;0.15533456206321716;RDF509;Other social sciences;0.10132237523794174;RDF507;Social and economic geography;0.060418423265218735
319;La Trajectoire du mouvement debussyste (1895-1923) : Style, réception, implantation institutionnelle (Fine Arts, Research-Creation);RDF60;Humanities and the arts;0.9063372611999512;RDF50;Social sciences;0.04322602227330208;RDF10;Natural sciences;0.018303049728274345;RDF604;Arts (arts, history of arts, performing arts, music), architecture and design;0.9317736029624939;RDF503;Education;0.6002469658851624;RDF601;History, archaeology and related studies;0.2567388117313385;RDF602;Languages and literature;0.1367812603712082;RDF305;Other medical sciences;0.07369627058506012
320;High-order Geometry, Mesh and Adaptivity for Fluid-Structure Interaction Simulations (Mechanical Engineering);RDF20-21;Engineering and technology;0.979894757270813;RDF10;Natural sciences;0.010706420056521893;RDF50;Social sciences;0.005895349662750959;RDF204;Mechanical engineering;0.9990817904472351;RDF102;Computer and information sciences;0.3366853594779968;RDF103;Physical sciences;0.10576342046260834;RDF503;Education;0.0928521677851677;RDF202;Industrial, systems and processes engineering;0.06119922548532486
321;Computational analysis and modeling of ribonucleic acid structure, function, and dynamics (Genes, Cells and Molecules);RDF10;Natural sciences;0.564150869846344;RDF20-21;Engineering and technology;0.3007175028324127;RDF50;Social sciences;0.05934504419565201;RDF104;Chemical sciences;0.8740772604942322;RDF102;Computer and information sciences;0.8728359341621399;RDF106;Biological sciences;0.7169128060340881;RDF203;Electrical engineering, computer engineering, and information engineering;0.4441051483154297;RDF103;Physical sciences;0.4411914050579071
322;Stratégies d'épargne transfusionnelle et de prévention de la pénurie de produits sanguins labiles : de l'utilisation clinique appropriée à l'élargissement du pool de donneurs;RDF30;Medical, health and life sciences;0.8800761699676514;RDF50;Social sciences;0.0369873084127903;RDF40;Agricultural and veterinary sciences;0.03243464604020119;RDF302;Clinical medicine;0.9678385257720947;RDF303;Health sciences;0.9577940106391907;RDF207;Medical and biomedical engineering;0.7970044016838074;RDF106;Biological sciences;0.4990081787109375;RDF403;Veterinary sciences;0.4971924126148224
323;Relaxation, friction interne et ondes gravitationnelles (Physics);RDF10;Natural sciences;0.6665061712265015;RDF30;Medical, health and life sciences;0.11347035318613052;RDF50;Social sciences;0.06736039370298386;RDF103;Physical sciences;0.9934611916542053;RDF501;Psychology and cognitive sciences;0.40567681193351746;RDF107;Other natural sciences;0.04931359738111496;RDF603;Philosophy;0.025662705302238464;RDF305;Other medical sciences;0.019382191821932793
324;Penser la citoyenneté vécue des femmes dans les pratiques participatives du care au quotidien en Amérique latine : Le cas des cuisines communautaires de la ville de Mexico (Political science and public administration);RDF50;Social sciences;0.343726247549057;RDF30;Medical, health and life sciences;0.24136973917484283;RDF60;Humanities and the arts;0.232123002409935;RDF506;Political science and policy administration;0.9152803421020508;RDF504;Sociology and related studies;0.5146442651748657;RDF503;Education;0.2160942405462265;RDF603;Philosophy;0.18937113881111145;RDF605;Other humanities;0.11037522554397583
325;Statistical analysis of microbiome longitudinal data with multiplex networks (Evolution and Ecology);RDF10;Natural sciences;0.54632967710495;RDF20-21;Engineering and technology;0.18710865080356598;RDF30;Medical, health and life sciences;0.15813933312892914;RDF101;Mathematics and statistics;0.9700418710708618;RDF106;Biological sciences;0.9220622777938843;RDF301;Basic medicine and life sciences;0.5621276497840881;RDF107;Other natural sciences;0.22996728122234344;RDF105;Earth and related environmental sciences;0.22988079488277435
326;Reaction mechanisms of catalytic reactions using earth-abundant metals (Chemistry);RDF10;Natural sciences;0.6319077014923096;RDF20-21;Engineering and technology;0.1725010722875595;RDF30;Medical, health and life sciences;0.07990770041942596;RDF104;Chemical sciences;0.9936116337776184;RDF205;Chemical engineering;0.16906262934207916;RDF107;Other natural sciences;0.10043660551309586;RDF105;Earth and related environmental sciences;0.06187598034739494;RDF206;Materials engineering and resources engineering;0.02876158617436886
327;Investigation of a novel tumor suppressor mechanism in medulloblastoma;RDF30;Medical, health and life sciences;0.9023555517196655;RDF10;Natural sciences;0.03857733681797981;RDF20-21;Engineering and technology;0.027195610105991364;RDF303;Health sciences;0.9709092378616333;RDF207;Medical and biomedical engineering;0.889192521572113;RDF106;Biological sciences;0.8656221628189087;RDF304;Medical biotechnology;0.8316906094551086;RDF302;Clinical medicine;0.6132075786590576
328;Autonomous security for complex systems (Computer Science);RDF20-21;Engineering and technology;0.9543722867965698;RDF10;Natural sciences;0.011746940203011036;RDF50;Social sciences;0.011655526235699654;RDF102;Computer and information sciences;0.9965503215789795;RDF203;Electrical engineering, computer engineering, and information engineering;0.9187722206115723;RDF202;Industrial, systems and processes engineering;0.632729709148407;RDF212;Other engineering and technologies;0.05738753080368042;RDF509;Other social sciences;0.015203663147985935
329;Résonance et altération audiovisuelles: pour une pensée sonore de la vidéo et du cinéma expérimental (Fine arts, research-creation);RDF60;Humanities and the arts;0.5127807259559631;RDF20-21;Engineering and technology;0.2673945426940918;RDF50;Social sciences;0.08912968635559082;RDF508;Media and communications;0.9599126577377319;RDF604;Arts (arts, history of arts, performing arts, music), architecture and design;0.4679243564605713;RDF212;Other engineering and technologies;0.188323974609375;RDF509;Other social sciences;0.07257094979286194;RDF503;Education;0.07024005055427551
330;Concentration of measure on quantum states (Computer Science);RDF20-21;Engineering and technology;0.8089902997016907;RDF10;Natural sciences;0.10356970876455307;RDF50;Social sciences;0.02306443452835083;RDF102;Computer and information sciences;0.9757161140441895;RDF203;Electrical engineering, computer engineering, and information engineering;0.2689894139766693;RDF101;Mathematics and statistics;0.09097748249769211;RDF103;Physical sciences;0.08678673207759857;RDF107;Other natural sciences;0.015130727551877499
331;The use of facial information from developmental prosopagnosics to super-recognizers (Biological Systems and Functions);RDF20-21;Engineering and technology;0.6454548239707947;RDF10;Natural sciences;0.13062086701393127;RDF30;Medical, health and life sciences;0.10536760091781616;RDF106;Biological sciences;0.948964536190033;RDF501;Psychology and cognitive sciences;0.6943804025650024;RDF504;Sociology and related studies;0.5668879151344299;RDF103;Physical sciences;0.2456274777650833;RDF305;Other medical sciences;0.15771976113319397
332;Raman spectroscopy platform integrating highly sensitive photonic devices, nanostructured surfaces and machine learning for on-site detection of multiple diseases;RDF20-21;Engineering and technology;0.791424036026001;RDF30;Medical, health and life sciences;0.14426983892917633;RDF10;Natural sciences;0.05183812603354454;RDF211;Nano-technology;0.9011405110359192;RDF103;Physical sciences;0.6690694689750671;RDF207;Medical and biomedical engineering;0.6085214018821716;RDF304;Medical biotechnology;0.5401811003684998;RDF102;Computer and information sciences;0.48619431257247925
333;Capillary stalling and hypoxic micropockets: two sides of the same phenomena? (Cardiovascular System – Vascular System);RDF30;Medical, health and life sciences;0.7988709807395935;RDF10;Natural sciences;0.1525789052248001;RDF50;Social sciences;0.02257387340068817;RDF303;Health sciences;0.9861913919448853;RDF106;Biological sciences;0.9502727389335632;RDF103;Physical sciences;0.9243469834327698;RDF501;Psychology and cognitive sciences;0.7173585295677185;RDF301;Basic medicine and life sciences;0.5882092118263245
334;Crime sans châtiment : compétences et réussite criminelle (Law and criminology);RDF50;Social sciences;0.5846312046051025;RDF10;Natural sciences;0.09703606367111206;RDF40;Agricultural and veterinary sciences;0.08496761322021484;RDF505;Law and legal practice;0.8741310238838196;RDF503;Education;0.44852063059806824;RDF509;Other social sciences;0.03753800690174103;RDF305;Other medical sciences;0.012870748527348042;RDF107;Other natural sciences;0.011397586204111576
335;Crop rhizosphere response to environmental stress (Biological Systems and Functions);RDF10;Natural sciences;0.5240603685379028;RDF40;Agricultural and veterinary sciences;0.3822891116142273;RDF50;Social sciences;0.03594246134161949;RDF401;Agriculture, forestry, and fisheries;0.9945625066757202;RDF106;Biological sciences;0.9706043004989624;RDF404;Agricultural biotechnology and food sciences;0.9228307604789734;RDF105;Earth and related environmental sciences;0.4983673095703125;RDF405;Other agricultural sciences;0.48255103826522827
336;Towards remission and full recovery from obsessive-compulsive disorder: Investigating the efficacy of Inference-Based Cognitive-Behavioral Therapy when standard treatment has failed;RDF30;Medical, health and life sciences;0.8747926950454712;RDF50;Social sciences;0.08862695842981339;RDF60;Humanities and the arts;0.012369055300951004;RDF501;Psychology and cognitive sciences;0.9799765348434448;RDF303;Health sciences;0.8968401551246643;RDF302;Clinical medicine;0.7532852292060852;RDF305;Other medical sciences;0.1460263431072235;RDF301;Basic medicine and life sciences;0.11899802088737488
337;Soft coral flexibility: its impact on hydrodynamic loads, feeding and a way to measure flow velocity;RDF10;Natural sciences;0.4252391755580902;RDF20-21;Engineering and technology;0.20025670528411865;RDF30;Medical, health and life sciences;0.17136183381080627;RDF106;Biological sciences;0.9269676208496094;RDF103;Physical sciences;0.8458787798881531;RDF503;Education;0.7606062293052673;RDF107;Other natural sciences;0.7191371321678162;RDF104;Chemical sciences;0.702785074710846
338;Sexual selection and the evolution of cognition (Evolution and Ecology);RDF10;Natural sciences;0.6495590209960938;RDF50;Social sciences;0.22186629474163055;RDF60;Humanities and the arts;0.0570635050535202;RDF501;Psychology and cognitive sciences;0.9109423756599426;RDF503;Education;0.5043944120407104;RDF106;Biological sciences;0.3910570740699768;RDF107;Other natural sciences;0.2218560427427292;RDF509;Other social sciences;0.17596247792243958
339;Characterization of lincRNA-miRNA networks (Genes, Cells and Molecules);RDF20-21;Engineering and technology;0.5119566917419434;RDF10;Natural sciences;0.3673557639122009;RDF30;Medical, health and life sciences;0.06287018209695816;RDF106;Biological sciences;0.548401415348053;RDF103;Physical sciences;0.35259178280830383;RDF107;Other natural sciences;0.24798741936683655;RDF301;Basic medicine and life sciences;0.23988313972949982;RDF102;Computer and information sciences;0.20204928517341614
340;Rétroaction corrective écrite : à quel moment et pour qui? (Education and social work);RDF50;Social sciences;0.4933421015739441;RDF60;Humanities and the arts;0.39583125710487366;RDF10;Natural sciences;0.04582079499959946;RDF503;Education;0.9693242311477661;RDF501;Psychology and cognitive sciences;0.33236458897590637;RDF504;Sociology and related studies;0.22329238057136536;RDF602;Languages and literature;0.1837400496006012;RDF509;Other social sciences;0.08057424426078796
341;EDITH: Efficient Design for Intelligent devices exploiting emerging TecHnologies (Electrical and Computer Engineering);RDF20-21;Engineering and technology;0.9866781830787659;RDF50;Social sciences;0.004623087123036385;RDF30;Medical, health and life sciences;0.0030916931573301554;RDF102;Computer and information sciences;0.8656221628189087;RDF203;Electrical engineering, computer engineering, and information engineering;0.38886457681655884;RDF202;Industrial, systems and processes engineering;0.15247340500354767;RDF212;Other engineering and technologies;0.07524432986974716;RDF509;Other social sciences;0.02753293886780739
342;When Pain Drives you N. U. T. S.: A mixed methods approach to investigating triggers of the stress response and multidimensional pain outcomes in a sample of individuals suffering from chronic low back pain (Psychosocial, Sociocultural & Behavioural Determinants of Health);RDF30;Medical, health and life sciences;0.892334520816803;RDF10;Natural sciences;0.04624161496758461;RDF50;Social sciences;0.044188737869262695;RDF303;Health sciences;0.96909099817276;RDF501;Psychology and cognitive sciences;0.8388118147850037;RDF302;Clinical medicine;0.50225830078125;RDF504;Sociology and related studies;0.3527868688106537;RDF207;Medical and biomedical engineering;0.2707211673259735
343;Preclinical development of highly potent and orally bioavailable PCSK9 inhibitors for patients at high cardiovascular risk;RDF30;Medical, health and life sciences;0.8601785898208618;RDF20-21;Engineering and technology;0.07450386136770248;RDF10;Natural sciences;0.02480986900627613;RDF303;Health sciences;0.9408984780311584;RDF304;Medical biotechnology;0.9286032915115356;RDF207;Medical and biomedical engineering;0.8800259232521057;RDF106;Biological sciences;0.5404084920883179;RDF302;Clinical medicine;0.49536147713661194
344;Targeting 14-3-3zeta to promote human pancreatic beta-cell proliferation (Diabetes, Obesity, Lipid & Lipoprotein Disorders);RDF30;Medical, health and life sciences;0.9275646805763245;RDF10;Natural sciences;0.032492198050022125;RDF50;Social sciences;0.017631230875849724;RDF303;Health sciences;0.9629876613616943;RDF302;Clinical medicine;0.9037198424339294;RDF106;Biological sciences;0.8679338693618774;RDF207;Medical and biomedical engineering;0.7332608699798584;RDF304;Medical biotechnology;0.6953898072242737
345;Colloque scientifique annuel de l'Équipe de recherche interdisciplinaire sur les familles réfugiées et demandeuses d'asile;RDF50;Social sciences;0.5508082509040833;RDF60;Humanities and the arts;0.13831736147403717;RDF30;Medical, health and life sciences;0.1322413831949234;RDF504;Sociology and related studies;0.4464193284511566;RDF509;Other social sciences;0.10230471193790436;RDF503;Education;0.10017222166061401;RDF605;Other humanities;0.07369627058506012;RDF107;Other natural sciences;0.03739713504910469
346;Machine Learning in the Presence of Model-Dependent Data (Computer Science);RDF20-21;Engineering and technology;0.8638451099395752;RDF50;Social sciences;0.03222354128956795;RDF10;Natural sciences;0.031972773373126984;RDF102;Computer and information sciences;0.9979048371315002;RDF203;Electrical engineering, computer engineering, and information engineering;0.7114810347557068;RDF212;Other engineering and technologies;0.019087431952357292;RDF107;Other natural sciences;0.0074461945332586765;RDF201;Civil engineering, maritime engineering, transport engineering, and mining engineering;0.005609132349491119
347;Sustainable mobility in Canadian cities: Towards an integrated measurement and understanding of the performance of land use and transport systems and their impacts on travel behavior (Civil, Industrial and Systems Engineering);RDF20-21;Engineering and technology;0.9466588497161865;RDF50;Social sciences;0.026645660400390625;RDF10;Natural sciences;0.017304830253124237;RDF201;Civil engineering, maritime engineering, transport engineering, and mining engineering;0.9778410792350769;RDF212;Other engineering and technologies;0.2012631893157959;RDF509;Other social sciences;0.09526526182889938;RDF503;Education;0.08166611194610596;RDF202;Industrial, systems and processes engineering;0.07436570525169373
348;L'enseignement de l'écriture par les enseignants de littérature et de philosophie du collégial (Education and social work);RDF60;Humanities and the arts;0.8625909090042114;RDF50;Social sciences;0.08410446345806122;RDF40;Agricultural and veterinary sciences;0.016320323571562767;RDF503;Education;0.997512936592102;RDF602;Languages and literature;0.9342153668403625;RDF603;Philosophy;0.11299100518226624;RDF509;Other social sciences;0.07382971048355103;RDF504;Sociology and related studies;0.04348750412464142
349;Investigating the metabolic determinants of triple-negative breast cancer progression through chromatin dependencies (Cancer Progression & Therapeutics);RDF30;Medical, health and life sciences;0.9326639175415039;RDF10;Natural sciences;0.03341294452548027;RDF50;Social sciences;0.016252394765615463;RDF303;Health sciences;0.9767580628395081;RDF106;Biological sciences;0.9049869179725647;RDF304;Medical biotechnology;0.44137388467788696;RDF301;Basic medicine and life sciences;0.3023911118507385;RDF305;Other medical sciences;0.25846630334854126
350;Modélisation et mesure des risques financiers (Mathematics and Statistics);RDF10;Natural sciences;0.2978309392929077;RDF20-21;Engineering and technology;0.2943611145019531;RDF50;Social sciences;0.27517974376678467;RDF101;Mathematics and statistics;0.9958175420761108;RDF503;Education;0.6519922018051147;RDF502;Economics and business administration;0.5431435108184814;RDF509;Other social sciences;0.07942426949739456;RDF102;Computer and information sciences;0.07396338135004044
351;Ecological and evolutionary drivers of host-symbiont associations in the phyllosphere (Evolution and Ecology);RDF10;Natural sciences;0.904060959815979;RDF50;Social sciences;0.03805102780461311;RDF30;Medical, health and life sciences;0.029004288837313652;RDF107;Other natural sciences;0.2894721031188965;RDF103;Physical sciences;0.27595821022987366;RDF301;Basic medicine and life sciences;0.20252205431461334;RDF104;Chemical sciences;0.12373574823141098;RDF208;Environmental engineering and related engineering;0.11843607574701309
352;Comment nourrir en santé toujours plus d'humains sans épuiser les ressources terrestres dans un contexte de changements climatiques ?;RDF30;Medical, health and life sciences;0.5984533429145813;RDF40;Agricultural and veterinary sciences;0.14694401621818542;RDF10;Natural sciences;0.10419891029596329;RDF105;Earth and related environmental sciences;0.9980807304382324;RDF208;Environmental engineering and related engineering;0.9835180044174194;RDF402;Animal and dairy sciences;0.9754602909088135;RDF303;Health sciences;0.9689150452613831;RDF209;Environmental biotechnology;0.9444336295127869
353;Applications of machine learning in finance and economics;RDF20-21;Engineering and technology;0.781025230884552;RDF50;Social sciences;0.09890908747911453;RDF10;Natural sciences;0.08745761960744858;RDF102;Computer and information sciences;0.7741568088531494;RDF502;Economics and business administration;0.6316226720809937;RDF203;Electrical engineering, computer engineering, and information engineering;0.2941136062145233;RDF212;Other engineering and technologies;0.07178616523742676;RDF509;Other social sciences;0.055720292031764984
354;Dynamic Games: Theory, Algorithms and Applications (Civil, Industrial and Systems Engineering);RDF20-21;Engineering and technology;0.9194735884666443;RDF10;Natural sciences;0.03938601166009903;RDF50;Social sciences;0.025855213403701782;RDF503;Education;0.948775053024292;RDF102;Computer and information sciences;0.7656371593475342;RDF202;Industrial, systems and processes engineering;0.4017391502857208;RDF212;Other engineering and technologies;0.21239535510540009;RDF201;Civil engineering, maritime engineering, transport engineering, and mining engineering;0.15591201186180115
355;In-vitro Oral, Inhalation, and Dermal Bioaccessibility and Bioavailability of Metal(loid)s from Polluted Soils and Mine Tailings;RDF30;Medical, health and life sciences;0.5730912685394287;RDF10;Natural sciences;0.2678166925907135;RDF20-21;Engineering and technology;0.07848329097032547;RDF208;Environmental engineering and related engineering;0.9548583030700684;RDF209;Environmental biotechnology;0.9497160315513611;RDF106;Biological sciences;0.9457010626792908;RDF105;Earth and related environmental sciences;0.9450961351394653;RDF304;Medical biotechnology;0.9392480850219727
356;Electrochemical biosensors for point-of-care diagnostics (Materials and Chemical Engineering);RDF20-21;Engineering and technology;0.8291172981262207;RDF30;Medical, health and life sciences;0.1524752527475357;RDF10;Natural sciences;0.008345553651452065;RDF304;Medical biotechnology;0.7707668542861938;RDF205;Chemical engineering;0.7344053387641907;RDF207;Medical and biomedical engineering;0.6698258519172668;RDF104;Chemical sciences;0.601344883441925;RDF303;Health sciences;0.4465474784374237
357;Look Up!: The Media Logics of Aerial Communication (Communications, media studies, gender studies, library and information science, related fields);RDF20-21;Engineering and technology;0.7025683522224426;RDF50;Social sciences;0.1020084097981453;RDF10;Natural sciences;0.08498188108205795;RDF508;Media and communications;0.9881766438484192;RDF503;Education;0.9752725958824158;RDF102;Computer and information sciences;0.17766815423965454;RDF203;Electrical engineering, computer engineering, and information engineering;0.13375429809093475;RDF509;Other social sciences;0.1276526153087616
358;Expectation Formation, Excess Currency Returns, and Foreign Exchange Interventions;RDF50;Social sciences;0.3303457498550415;RDF10;Natural sciences;0.18548822402954102;RDF40;Agricultural and veterinary sciences;0.1389242559671402;RDF502;Economics and business administration;0.8175016641616821;RDF509;Other social sciences;0.08897848427295685;RDF107;Other natural sciences;0.06483088433742523;RDF504;Sociology and related studies;0.05179748311638832;RDF501;Psychology and cognitive sciences;0.04867657274007797
359;Études génétiques et moléculaires de la fonction des Polycomb dans la formation et le maintien de la stabilité de l'hétérochromatine (Genes, Cells and Molecules);RDF10;Natural sciences;0.6598168611526489;RDF50;Social sciences;0.09652896970510483;RDF30;Medical, health and life sciences;0.09264986962080002;RDF106;Biological sciences;0.5722613334655762;RDF103;Physical sciences;0.27904194593429565;RDF107;Other natural sciences;0.2748376727104187;RDF104;Chemical sciences;0.23278942704200745;RDF305;Other medical sciences;0.12619172036647797
360;Bringing the quantum revolution to fruition (Computer Science);RDF20-21;Engineering and technology;0.9869410991668701;RDF10;Natural sciences;0.005699129309505224;RDF50;Social sciences;0.002088418696075678;RDF102;Computer and information sciences;0.9983190894126892;RDF203;Electrical engineering, computer engineering, and information engineering;0.6385113000869751;RDF212;Other engineering and technologies;0.0636567696928978;RDF103;Physical sciences;0.02382536791265011;RDF211;Nano-technology;0.01943795382976532
361;Apprentissage automatique et optimisation pour les graphes et réseaux (Civil, Industrial and Systems Engineering);RDF20-21;Engineering and technology;0.9753976464271545;RDF10;Natural sciences;0.009053557179868221;RDF50;Social sciences;0.006996046751737595;RDF102;Computer and information sciences;0.9768023490905762;RDF503;Education;0.958885669708252;RDF203;Electrical engineering, computer engineering, and information engineering;0.7061144113540649;RDF202;Industrial, systems and processes engineering;0.5335189700126648;RDF212;Other engineering and technologies;0.19178137183189392
362;Thanatographies: (re)penser la mort en littérature;RDF60;Humanities and the arts;0.8459364175796509;RDF50;Social sciences;0.04648255184292793;RDF30;Medical, health and life sciences;0.04134243726730347;RDF602;Languages and literature;0.8391417264938354;RDF503;Education;0.11691517382860184;RDF305;Other medical sciences;0.08525123447179794;RDF601;History, archaeology and related studies;0.08509904891252518;RDF603;Philosophy;0.055515117943286896
363;Mechanisms of assembly and function of the septin cytoskeleton in Drosophila (Genes, Cells and Molecules);RDF10;Natural sciences;0.5745983719825745;RDF30;Medical, health and life sciences;0.22694693505764008;RDF20-21;Engineering and technology;0.1294684112071991;RDF106;Biological sciences;0.9391365647315979;RDF103;Physical sciences;0.7704647779464722;RDF301;Basic medicine and life sciences;0.6225166916847229;RDF204;Mechanical engineering;0.5548021793365479;RDF107;Other natural sciences;0.2501335144042969
364;Propagating Marginal Probability Mass Functions in Constraint Programming Solvers: Challenges and Opportunities;RDF20-21;Engineering and technology;0.8573253154754639;RDF10;Natural sciences;0.07027053833007812;RDF50;Social sciences;0.04588247090578079;RDF102;Computer and information sciences;0.9969662427902222;RDF101;Mathematics and statistics;0.8939128518104553;RDF203;Electrical engineering, computer engineering, and information engineering;0.6053762435913086;RDF202;Industrial, systems and processes engineering;0.5807681679725647;RDF103;Physical sciences;0.39488622546195984
365;Magnetic resonance navigation of drug eluting beads for liver cancer therapy: in-vitro optimization and preclinical safety efficacy study (Medical Physics & Imaging);RDF30;Medical, health and life sciences;0.7552028298377991;RDF20-21;Engineering and technology;0.2316773533821106;RDF10;Natural sciences;0.0070234318263828754;RDF303;Health sciences;0.9706600308418274;RDF207;Medical and biomedical engineering;0.9599125981330872;RDF302;Clinical medicine;0.26492851972579956;RDF304;Medical biotechnology;0.20641373097896576;RDF305;Other medical sciences;0.16871993243694305
366;Robotic Perception in Extreme Environments (Electrical and Computer Engineering);RDF20-21;Engineering and technology;0.9774612188339233;RDF10;Natural sciences;0.0100327730178833;RDF50;Social sciences;0.006162930279970169;RDF102;Computer and information sciences;0.5603315830230713;RDF503;Education;0.32364726066589355;RDF208;Environmental engineering and related engineering;0.2660234570503235;RDF202;Industrial, systems and processes engineering;0.239571675658226;RDF103;Physical sciences;0.20378674566745758
367;Modular and Lifelong Learning for Developing General Purpose Robotic Agents (Computer Science);RDF20-21;Engineering and technology;0.9606255292892456;RDF50;Social sciences;0.010871442034840584;RDF10;Natural sciences;0.010475403629243374;RDF503;Education;0.9665054082870483;RDF102;Computer and information sciences;0.8995192646980286;RDF203;Electrical engineering, computer engineering, and information engineering;0.3689597249031067;RDF212;Other engineering and technologies;0.04935939982533455;RDF509;Other social sciences;0.01954994723200798
368;Algorithmic Fairness in Black-box Machine Learning Models (Computer Science);RDF20-21;Engineering and technology;0.8908604979515076;RDF10;Natural sciences;0.026278479024767876;RDF50;Social sciences;0.026073981076478958;RDF102;Computer and information sciences;0.99826580286026;RDF203;Electrical engineering, computer engineering, and information engineering;0.8440880179405212;RDF212;Other engineering and technologies;0.023197626695036888;RDF101;Mathematics and statistics;0.008864499628543854;RDF503;Education;0.008494837209582329
369;Sex- and hormone-dependent recruitment of inhibitory neurons in rodent sensory cortex (Genes, Cells and Molecules);RDF10;Natural sciences;0.5072590708732605;RDF30;Medical, health and life sciences;0.29803845286369324;RDF50;Social sciences;0.07185687124729156;RDF106;Biological sciences;0.944587230682373;RDF501;Psychology and cognitive sciences;0.3927443325519562;RDF103;Physical sciences;0.3366853594779968;RDF301;Basic medicine and life sciences;0.3293377757072449;RDF107;Other natural sciences;0.20040114223957062
370;Investigating the Adamts19-dependent mechanisms that regulate valve maturation (Developmental Biology);RDF10;Natural sciences;0.5035715699195862;RDF20-21;Engineering and technology;0.19291569292545319;RDF30;Medical, health and life sciences;0.15245990455150604;RDF106;Biological sciences;0.9592307209968567;RDF103;Physical sciences;0.26402613520622253;RDF107;Other natural sciences;0.11230769753456116;RDF305;Other medical sciences;0.09219618886709213;RDF301;Basic medicine and life sciences;0.08540366590023041
371;Social Innovation Processes in and around Multinational Companies: The Role of Social Activists and their Transnational Networks (Social Innovation);RDF50;Social sciences;0.6759774088859558;RDF20-21;Engineering and technology;0.10941136628389359;RDF60;Humanities and the arts;0.0843815803527832;RDF504;Sociology and related studies;0.5370717644691467;RDF502;Economics and business administration;0.31168869137763977;RDF503;Education;0.23899394273757935;RDF509;Other social sciences;0.17539677023887634;RDF305;Other medical sciences;0.09938276559114456
372;Regulation of collective cell migration by the kinase Misshapen (Cell and Developmental Physiology);RDF30;Medical, health and life sciences;0.7466452121734619;RDF10;Natural sciences;0.18391378223896027;RDF50;Social sciences;0.027624834328889847;RDF106;Biological sciences;0.9546051025390625;RDF301;Basic medicine and life sciences;0.47099512815475464;RDF103;Physical sciences;0.25432369112968445;RDF303;Health sciences;0.2260994017124176;RDF305;Other medical sciences;0.14045411348342896
373;COHESION Study 2.0: COvid-19, HEalth and Social InteractiOn in Neighbourhoods;RDF30;Medical, health and life sciences;0.5750368237495422;RDF50;Social sciences;0.25411418080329895;RDF20-21;Engineering and technology;0.057776521891355515;RDF504;Sociology and related studies;0.7676898837089539;RDF303;Health sciences;0.5652687549591064;RDF208;Environmental engineering and related engineering;0.2766416668891907;RDF509;Other social sciences;0.12912794947624207;RDF305;Other medical sciences;0.11601078510284424
374;Breaking silos: Integrating software development and operations activities in organizations;RDF20-21;Engineering and technology;0.9230057001113892;RDF50;Social sciences;0.037214480340480804;RDF40;Agricultural and veterinary sciences;0.011584937572479248;RDF102;Computer and information sciences;0.781205415725708;RDF202;Industrial, systems and processes engineering;0.6792052984237671;RDF203;Electrical engineering, computer engineering, and information engineering;0.18639107048511505;RDF212;Other engineering and technologies;0.12458530068397522;RDF509;Other social sciences;0.06985834985971451
375;Differential impact of stress on risk-taking behaviour in individuals using hippocampus versus caudate nucleus-dependent virtual navigation strategies (Biological Systems and Functions);RDF30;Medical, health and life sciences;0.40958189964294434;RDF10;Natural sciences;0.23730838298797607;RDF20-21;Engineering and technology;0.2353467047214508;RDF106;Biological sciences;0.9650862216949463;RDF501;Psychology and cognitive sciences;0.9114953279495239;RDF504;Sociology and related studies;0.6745866537094116;RDF301;Basic medicine and life sciences;0.4487272799015045;RDF303;Health sciences;0.12049054354429245
376;Gas phase activation of monosaccharides and 5-hydroxymethylfurfural to 2,5 diformylfuran a PEF monomer (Materials and Chemical Engineering);RDF20-21;Engineering and technology;0.9214749932289124;RDF10;Natural sciences;0.05254751443862915;RDF50;Social sciences;0.011759337037801743;RDF205;Chemical engineering;0.9901877045631409;RDF104;Chemical sciences;0.9656736850738525;RDF103;Physical sciences;0.42806899547576904;RDF206;Materials engineering and resources engineering;0.3238610327243805;RDF107;Other natural sciences;0.1525365114212036
377;Critical Edition, Translation and Study of Isaac ibn Latif's Commentary on Ecclesiastes (ca. 1240) (Philosophy, medieval studies, classics, religious);RDF60;Humanities and the arts;0.3886871039867401;RDF50;Social sciences;0.2203885018825531;RDF20-21;Engineering and technology;0.2018452286720276;RDF603;Philosophy;0.8981428742408752;RDF503;Education;0.7068991661071777;RDF602;Languages and literature;0.35765165090560913;RDF305;Other medical sciences;0.04738177731633186;RDF509;Other social sciences;0.045394882559776306
378;Sound Art Documentation : Spatial Audio and Significant Knowledge (Communications, media studies, gender studies, library and information science, related fields);RDF60;Humanities and the arts;0.5552278757095337;RDF20-21;Engineering and technology;0.2079552561044693;RDF50;Social sciences;0.12345028668642044;RDF508;Media and communications;0.8214025497436523;RDF503;Education;0.6270666718482971;RDF509;Other social sciences;0.13753247261047363;RDF604;Arts (arts, history of arts, performing arts, music), architecture and design;0.09442688524723053;RDF107;Other natural sciences;0.04539487883448601
379;Inter-Brain Synchronization: from Measurements to Mechanisms (Biological Systems and Functions);RDF20-21;Engineering and technology;0.6545044183731079;RDF10;Natural sciences;0.22454005479812622;RDF30;Medical, health and life sciences;0.05197044461965561;RDF106;Biological sciences;0.9485849142074585;RDF501;Psychology and cognitive sciences;0.9219218492507935;RDF503;Education;0.77645343542099;RDF103;Physical sciences;0.4535152018070221;RDF102;Computer and information sciences;0.33889710903167725
380;Endothelial cell genetics and blood pressure regulation (Genetics);RDF30;Medical, health and life sciences;0.7166725993156433;RDF10;Natural sciences;0.24146594107151031;RDF50;Social sciences;0.017801925539970398;RDF106;Biological sciences;0.9458012580871582;RDF303;Health sciences;0.9452479481697083;RDF301;Basic medicine and life sciences;0.4546991288661957;RDF304;Medical biotechnology;0.2587003707885742;RDF305;Other medical sciences;0.14300808310508728
381;ImproviNg rEnal outcomes following coronary angiograPhy and/or percuTaneoUs coroNary intErventions: a pragmatic, adaptive, patient-oriented randomized controlled trial;RDF30;Medical, health and life sciences;0.9385287761688232;RDF50;Social sciences;0.024527190253138542;RDF10;Natural sciences;0.017874514684081078;RDF303;Health sciences;0.9587699770927429;RDF302;Clinical medicine;0.4282296299934387;RDF304;Medical biotechnology;0.22996725142002106;RDF106;Biological sciences;0.19559408724308014;RDF207;Medical and biomedical engineering;0.1866133213043213
382;Machine Learning with Tensor Networks (Computer Science);RDF20-21;Engineering and technology;0.9433719515800476;RDF10;Natural sciences;0.014685534872114658;RDF50;Social sciences;0.01321555208414793;RDF102;Computer and information sciences;0.9983896017074585;RDF203;Electrical engineering, computer engineering, and information engineering;0.9165214896202087;RDF212;Other engineering and technologies;0.04189131036400795;RDF202;Industrial, systems and processes engineering;0.026506125926971436;RDF503;Education;0.006666931789368391
383;Elucidation of novel intracellular signaling mechanisms underlying uterine function and disease in cows (Biological Systems and Functions);RDF30;Medical, health and life sciences;0.7132748961448669;RDF10;Natural sciences;0.11516669392585754;RDF40;Agricultural and veterinary sciences;0.09324206411838531;RDF106;Biological sciences;0.9797840118408203;RDF402;Animal and dairy sciences;0.9586926698684692;RDF303;Health sciences;0.8846386075019836;RDF301;Basic medicine and life sciences;0.6001590490341187;RDF403;Veterinary sciences;0.31032848358154297
384;Data extraction from videos for the analysis of behaviors in urban scenes (Computer Science);RDF20-21;Engineering and technology;0.7407184839248657;RDF50;Social sciences;0.09098242223262787;RDF10;Natural sciences;0.07127358019351959;RDF102;Computer and information sciences;0.9700985550880432;RDF203;Electrical engineering, computer engineering, and information engineering;0.8243204951286316;RDF504;Sociology and related studies;0.06626642495393753;RDF509;Other social sciences;0.0593191459774971;RDF212;Other engineering and technologies;0.057440385222435
385;Inflammatory phenotype, senescence, and viscoelasticity imaging of macrophages in HIV (Medical Physics & Imaging);RDF30;Medical, health and life sciences;0.9490439295768738;RDF20-21;Engineering and technology;0.028352435678243637;RDF10;Natural sciences;0.011200987733900547;RDF303;Health sciences;0.9598374366760254;RDF207;Medical and biomedical engineering;0.8986331224441528;RDF304;Medical biotechnology;0.6559974551200867;RDF106;Biological sciences;0.3427640199661255;RDF301;Basic medicine and life sciences;0.2729925215244293
386;Optimization algorithms for rich vehicle routing problems;RDF20-21;Engineering and technology;0.9072626233100891;RDF50;Social sciences;0.03301478177309036;RDF10;Natural sciences;0.03291819989681244;RDF201;Civil engineering, maritime engineering, transport engineering, and mining engineering;0.9678993225097656;RDF102;Computer and information sciences;0.9426124691963196;RDF202;Industrial, systems and processes engineering;0.45068424940109253;RDF204;Mechanical engineering;0.3238610625267029;RDF103;Physical sciences;0.1875043362379074
387;Investigating the Innovation Process in Long-Term Care Facilities: A Research Project on the Adoption, Implementation and Assimilation of Health IT;RDF30;Medical, health and life sciences;0.6127585172653198;RDF20-21;Engineering and technology;0.3347817361354828;RDF50;Social sciences;0.02692273259162903;RDF303;Health sciences;0.9515489935874939;RDF207;Medical and biomedical engineering;0.2869678735733032;RDF301;Basic medicine and life sciences;0.131117582321167;RDF305;Other medical sciences;0.10999224334955215;RDF203;Electrical engineering, computer engineering, and information engineering;0.10753115266561508
388;KBTBD4 determines key epigenetic marks that govern human hematopoietic stem cell self-renewal (Genetics);RDF30;Medical, health and life sciences;0.7548443078994751;RDF10;Natural sciences;0.1631668508052826;RDF50;Social sciences;0.03022707626223564;RDF106;Biological sciences;0.9678385257720947;RDF303;Health sciences;0.9380105137825012;RDF301;Basic medicine and life sciences;0.6066004037857056;RDF304;Medical biotechnology;0.3501157760620117;RDF305;Other medical sciences;0.10828320682048798
389;Representation learning and exploration of data geometries (Computer Science);RDF20-21;Engineering and technology;0.5833879113197327;RDF10;Natural sciences;0.18755771219730377;RDF50;Social sciences;0.07622548937797546;RDF102;Computer and information sciences;0.9957765936851501;RDF503;Education;0.5202373266220093;RDF203;Electrical engineering, computer engineering, and information engineering;0.5123265981674194;RDF101;Mathematics and statistics;0.2699025273323059;RDF107;Other natural sciences;0.018815094605088234
390;Vitamin K1 supplementation to improve cognition of patients with coronary heart disease: a randomized controlled pilot study;RDF30;Medical, health and life sciences;0.9051315784454346;RDF10;Natural sciences;0.03550945967435837;RDF50;Social sciences;0.02168530784547329;RDF303;Health sciences;0.958615243434906;RDF304;Medical biotechnology;0.6783536076545715;RDF501;Psychology and cognitive sciences;0.5972409248352051;RDF302;Clinical medicine;0.4686538279056549;RDF301;Basic medicine and life sciences;0.46476495265960693
391;Simulation of physical processes with Monte Carlo methods in the keV and MeV energy range (Physics);RDF20-21;Engineering and technology;0.4424183964729309;RDF10;Natural sciences;0.3547995388507843;RDF50;Social sciences;0.06398586928844452;RDF103;Physical sciences;0.9914391040802002;RDF101;Mathematics and statistics;0.10753115266561508;RDF202;Industrial, systems and processes engineering;0.06816437095403671;RDF212;Other engineering and technologies;0.01374231930822134;RDF102;Computer and information sciences;0.011179601773619652
392;Characterizing and targeting lipocalin-type prostaglandin D2 synthase in osteoarthritis (Clinical Investigation – Arthritis, Bone, Skin and Cartilage);RDF30;Medical, health and life sciences;0.9534652829170227;RDF20-21;Engineering and technology;0.015577774494886398;RDF10;Natural sciences;0.014548469334840775;RDF303;Health sciences;0.9900732040405273;RDF106;Biological sciences;0.8960241675376892;RDF304;Medical biotechnology;0.8680456876754761;RDF302;Clinical medicine;0.8673169612884521;RDF207;Medical and biomedical engineering;0.8470211625099182
393;3D Bioprinting of Cardiac Tissues (Materials and Chemical Engineering);RDF20-21;Engineering and technology;0.6798653602600098;RDF30;Medical, health and life sciences;0.3040545880794525;RDF10;Natural sciences;0.007356082089245319;RDF304;Medical biotechnology;0.9675331711769104;RDF303;Health sciences;0.9538372755050659;RDF207;Medical and biomedical engineering;0.9538372755050659;RDF106;Biological sciences;0.8783664703369141;RDF205;Chemical engineering;0.7937462329864502
394;Fiscal Policy Spillovers and Inter-Sectoral Linkages: Theory and Evidence;RDF50;Social sciences;0.46410641074180603;RDF10;Natural sciences;0.1596096307039261;RDF40;Agricultural and veterinary sciences;0.12285592406988144;RDF502;Economics and business administration;0.984351396560669;RDF506;Political science and policy administration;0.7484442591667175;RDF504;Sociology and related studies;0.11422023922204971;RDF509;Other social sciences;0.09409338980913162;RDF305;Other medical sciences;0.07999736815690994
395;Advanced Distributed Decision-making framework for Smart grid aggregators (Electrical and Computer Engineering);RDF20-21;Engineering and technology;0.9607802033424377;RDF50;Social sciences;0.01747741922736168;RDF10;Natural sciences;0.014789500273764133;RDF102;Computer and information sciences;0.8724560737609863;RDF203;Electrical engineering, computer engineering, and information engineering;0.4031849205493927;RDF202;Industrial, systems and processes engineering;0.3007969260215759;RDF212;Other engineering and technologies;0.06638737767934799;RDF509;Other social sciences;0.05823862925171852
396;Constitutional Legacies of the Judicial Committee of the Privy Council (Law and criminology);RDF50;Social sciences;0.4058166444301605;RDF40;Agricultural and veterinary sciences;0.1652507334947586;RDF60;Humanities and the arts;0.1204286739230156;RDF505;Law and legal practice;0.9452984929084778;RDF506;Political science and policy administration;0.07640768587589264;RDF305;Other medical sciences;0.02184368297457695;RDF503;Education;0.021389320492744446;RDF509;Other social sciences;0.018599968403577805
397;Developing frameworks for climate positive design: Case Study of extraction and processing industries in Nova Scotia and Quebec (Geography, urban planning and related fields);RDF10;Natural sciences;0.415640264749527;RDF20-21;Engineering and technology;0.28615373373031616;RDF50;Social sciences;0.16138215363025665;RDF105;Earth and related environmental sciences;0.45459675788879395;RDF208;Environmental engineering and related engineering;0.3541538119316101;RDF202;Industrial, systems and processes engineering;0.2764951288700104;RDF503;Education;0.16138629615306854;RDF107;Other natural sciences;0.15849970281124115
398;Re-Imagining Illness: The British Woman Writer's Medical Knowledge, 1660-1820 (Literature);RDF30;Medical, health and life sciences;0.7807598114013672;RDF60;Humanities and the arts;0.1873123049736023;RDF50;Social sciences;0.013096918351948261;RDF503;Education;0.9710193276405334;RDF303;Health sciences;0.8561521172523499;RDF602;Languages and literature;0.638074517250061;RDF301;Basic medicine and life sciences;0.527666449546814;RDF207;Medical and biomedical engineering;0.5051267743110657
399;Regulation of thymic selection thresholds and their role in establishing T cell function (Immunology & Transplantation);RDF30;Medical, health and life sciences;0.8985457420349121;RDF10;Natural sciences;0.06848352402448654;RDF50;Social sciences;0.012099456042051315;RDF303;Health sciences;0.9923192858695984;RDF106;Biological sciences;0.9754368662834167;RDF207;Medical and biomedical engineering;0.8584814667701721;RDF301;Basic medicine and life sciences;0.8507788181304932;RDF304;Medical biotechnology;0.8129415512084961
400;Viral Conjunctures: Pandemics and Planetary Health Narratives (Literature);RDF60;Humanities and the arts;0.4163427948951721;RDF30;Medical, health and life sciences;0.40868890285491943;RDF10;Natural sciences;0.09408552199602127;RDF602;Languages and literature;0.9673793911933899;RDF503;Education;0.9307734966278076;RDF303;Health sciences;0.4498457610607147;RDF508;Media and communications;0.41640353202819824;RDF105;Earth and related environmental sciences;0.14505478739738464
401;Companies and States: The Compagnie des Indes occidentales and the Reconfiguration of Authority in the French Atlantic, 1664-1674 (History);RDF10;Natural sciences;0.25168630480766296;RDF50;Social sciences;0.21070288121700287;RDF60;Humanities and the arts;0.1686444729566574;RDF601;History, archaeology and related studies;0.9971716403961182;RDF503;Education;0.7096231579780579;RDF502;Economics and business administration;0.5910668969154358;RDF509;Other social sciences;0.0401625819504261;RDF107;Other natural sciences;0.039825133979320526
402;Produits sanguins provenant de don de sang d'hommes ayant des relations sexuelles avec d'autres hommes (Étude PS-HARSAH) (Public, Community & Population Health);RDF30;Medical, health and life sciences;0.8296562433242798;RDF50;Social sciences;0.10766443610191345;RDF10;Natural sciences;0.032707780599594116;RDF303;Health sciences;0.9892023801803589;RDF106;Biological sciences;0.9173396825790405;RDF503;Education;0.807688295841217;RDF304;Medical biotechnology;0.6543703079223633;RDF504;Sociology and related studies;0.5386192202568054
403;Manipulating cytokine pathways to increase T cell stemness during chronic antigen exposure (Immunology & Transplantation);RDF30;Medical, health and life sciences;0.9177108407020569;RDF10;Natural sciences;0.040956366807222366;RDF20-21;Engineering and technology;0.020857270807027817;RDF303;Health sciences;0.9658352136611938;RDF106;Biological sciences;0.9281487464904785;RDF304;Medical biotechnology;0.7816641330718994;RDF207;Medical and biomedical engineering;0.7341195344924927;RDF301;Basic medicine and life sciences;0.6110339164733887
404;Sexual dimorphism and menopause in the interaction between immune cells and neurovascular coupling (Cardiovascular System – Vascular System);RDF30;Medical, health and life sciences;0.8757559061050415;RDF10;Natural sciences;0.08439327776432037;RDF50;Social sciences;0.02067641355097294;RDF303;Health sciences;0.9659638404846191;RDF106;Biological sciences;0.9118099808692932;RDF103;Physical sciences;0.8389438390731812;RDF301;Basic medicine and life sciences;0.6281222701072693;RDF305;Other medical sciences;0.28952232003211975
405;Novel Synthetic Methodologies Exploiting Nitrogen-Containing Molecules (Chemistry);RDF20-21;Engineering and technology;0.4564144015312195;RDF10;Natural sciences;0.37672165036201477;RDF30;Medical, health and life sciences;0.07217999547719955;RDF104;Chemical sciences;0.991355836391449;RDF205;Chemical engineering;0.5041197538375854;RDF107;Other natural sciences;0.0540986992418766;RDF212;Other engineering and technologies;0.021948255598545074;RDF305;Other medical sciences;0.018316883593797684
406;Towards Systematic and Cost-Effective Monitoring of Large-Scale Software Systems (Computer Science);RDF20-21;Engineering and technology;0.9601249098777771;RDF50;Social sciences;0.011933720670640469;RDF10;Natural sciences;0.0076749506406486034;RDF102;Computer and information sciences;0.9975513219833374;RDF203;Electrical engineering, computer engineering, and information engineering;0.8806431889533997;RDF202;Industrial, systems and processes engineering;0.5770671367645264;RDF212;Other engineering and technologies;0.039158374071121216;RDF509;Other social sciences;0.00798426941037178
407;From examples to knowledge to software engineering support and automation (Computer Science);RDF20-21;Engineering and technology;0.9704767465591431;RDF50;Social sciences;0.009412562474608421;RDF10;Natural sciences;0.006913330871611834;RDF102;Computer and information sciences;0.9852287769317627;RDF503;Education;0.7145782709121704;RDF203;Electrical engineering, computer engineering, and information engineering;0.530236542224884;RDF212;Other engineering and technologies;0.18025091290473938;RDF202;Industrial, systems and processes engineering;0.02213772013783455
408;B cell intrinsic mechanisms of the germinal centre reaction (Immunology & Transplantation);RDF30;Medical, health and life sciences;0.6768513917922974;RDF10;Natural sciences;0.27002283930778503;RDF50;Social sciences;0.022056858986616135;RDF106;Biological sciences;0.95413738489151;RDF303;Health sciences;0.823470413684845;RDF301;Basic medicine and life sciences;0.8171370625495911;RDF104;Chemical sciences;0.46611645817756653;RDF103;Physical sciences;0.30923226475715637
409;Modifications of newly synthesized histones and the cellular response to DNA replication stress (Genes, Cells and Molecules);RDF10;Natural sciences;0.4753730595111847;RDF20-21;Engineering and technology;0.3057273328304291;RDF30;Medical, health and life sciences;0.1393924355506897;RDF106;Biological sciences;0.9223425388336182;RDF104;Chemical sciences;0.5433101058006287;RDF301;Basic medicine and life sciences;0.46922382712364197;RDF103;Physical sciences;0.3563626706600189;RDF107;Other natural sciences;0.32874491810798645
410;Innovative Compressor/Fan Technologies for Reduction of Fossil Fuel Consumption;RDF20-21;Engineering and technology;0.9531406164169312;RDF10;Natural sciences;0.024715207517147064;RDF50;Social sciences;0.007761809974908829;RDF202;Industrial, systems and processes engineering;0.8912443518638611;RDF204;Mechanical engineering;0.6147409677505493;RDF208;Environmental engineering and related engineering;0.5934178829193115;RDF104;Chemical sciences;0.16451646387577057;RDF105;Earth and related environmental sciences;0.11797801405191422
411;Exploring ancestry in Montréal's Notre-Dame Cemetery (1691-1797), using 3D morphometrics and ancient DNA (Multidisciplinary or interdisciplinary humanities);RDF60;Humanities and the arts;0.44134172797203064;RDF10;Natural sciences;0.1914944052696228;RDF50;Social sciences;0.17945368587970734;RDF601;History, archaeology and related studies;0.944740355014801;RDF503;Education;0.6212536692619324;RDF509;Other social sciences;0.2646433413028717;RDF305;Other medical sciences;0.19536371529102325;RDF107;Other natural sciences;0.17370831966400146
412;Individual differences in natural scene semantics investigated with machine learning and neuroimaging (Biological Systems and Functions);RDF10;Natural sciences;0.6955409049987793;RDF20-21;Engineering and technology;0.19274434447288513;RDF50;Social sciences;0.048977918922901154;RDF106;Biological sciences;0.9472835659980774;RDF105;Earth and related environmental sciences;0.6100179553031921;RDF501;Psychology and cognitive sciences;0.5359485745429993;RDF102;Computer and information sciences;0.3986990749835968;RDF103;Physical sciences;0.1300090253353119
413;The Climate Crisis and the Future of Work;RDF10;Natural sciences;0.30100730061531067;RDF50;Social sciences;0.29634061455726624;RDF20-21;Engineering and technology;0.16301681101322174;RDF105;Earth and related environmental sciences;0.8290079832077026;RDF502;Economics and business administration;0.5285942554473877;RDF208;Environmental engineering and related engineering;0.14163722097873688;RDF504;Sociology and related studies;0.12597651779651642;RDF509;Other social sciences;0.06736240535974503
414;Grid Transition: New Generation Methodologies and Tools for Reliable Protection;RDF20-21;Engineering and technology;0.9080556035041809;RDF10;Natural sciences;0.03297916427254677;RDF50;Social sciences;0.03162297233939171;RDF102;Computer and information sciences;0.9743860960006714;RDF202;Industrial, systems and processes engineering;0.8048664927482605;RDF203;Electrical engineering, computer engineering, and information engineering;0.5713985562324524;RDF503;Education;0.19019703567028046;RDF204;Mechanical engineering;0.15862999856472015
415;Art-thérapie et réadaptation: une perspective transdisciplinaire;RDF60;Humanities and the arts;0.740614116191864;RDF30;Medical, health and life sciences;0.12013690918684006;RDF50;Social sciences;0.09969431161880493;RDF604;Arts (arts, history of arts, performing arts, music), architecture and design;0.9881766438484192;RDF509;Other social sciences;0.16647204756736755;RDF305;Other medical sciences;0.13134026527404785;RDF501;Psychology and cognitive sciences;0.07850097119808197;RDF503;Education;0.05997644364833832
416;Optimization and game dynamics in machine learning (Computer Science);RDF20-21;Engineering and technology;0.831058144569397;RDF10;Natural sciences;0.05645764246582985;RDF50;Social sciences;0.04800865799188614;RDF102;Computer and information sciences;0.9984114170074463;RDF203;Electrical engineering, computer engineering, and information engineering;0.8674854636192322;RDF212;Other engineering and technologies;0.0575462207198143;RDF503;Education;0.05749328061938286;RDF509;Other social sciences;0.019985152408480644
417;Développement et validation d'un outil sur le climat de genre tel que perçu par les élèves des écoles secondaires (Education and social work);RDF50;Social sciences;0.4933096766471863;RDF20-21;Engineering and technology;0.23819980025291443;RDF60;Humanities and the arts;0.19158591330051422;RDF503;Education;0.9854684472084045;RDF504;Sociology and related studies;0.6339486241340637;RDF501;Psychology and cognitive sciences;0.13061775267124176;RDF509;Other social sciences;0.10903988033533096;RDF212;Other engineering and technologies;0.09999630600214005
418;CMV Dynamics and Transmission in Pregnancy: Comparison Between Women Living with and without HIV (Clinical Investigation – Reproduction, Maternal, Child and Youth Health);RDF30;Medical, health and life sciences;0.9464962482452393;RDF50;Social sciences;0.021595686674118042;RDF10;Natural sciences;0.01863483525812626;RDF303;Health sciences;0.9641192555427551;RDF106;Biological sciences;0.8916696310043335;RDF302;Clinical medicine;0.6768335103988647;RDF301;Basic medicine and life sciences;0.19977593421936035;RDF207;Medical and biomedical engineering;0.19559408724308014
419;Solidarité et entraide dans le contexte de l'autisme et du vieillissement;RDF60;Humanities and the arts;0.5328864455223083;RDF50;Social sciences;0.21402975916862488;RDF30;Medical, health and life sciences;0.16084972023963928;RDF501;Psychology and cognitive sciences;0.6023467183113098;RDF504;Sociology and related studies;0.37307605147361755;RDF507;Social and economic geography;0.24535612761974335;RDF509;Other social sciences;0.13466207683086395;RDF605;Other humanities;0.11956225335597992
420;Children with sexual behaviour problems: Do specialized services influence their trajectory within child protection services? (Psychology);RDF30;Medical, health and life sciences;0.6240227818489075;RDF50;Social sciences;0.23960040509700775;RDF60;Humanities and the arts;0.056743599474430084;RDF501;Psychology and cognitive sciences;0.9465966820716858;RDF503;Education;0.6614856719970703;RDF303;Health sciences;0.26062461733818054;RDF509;Other social sciences;0.10687687993049622;RDF505;Law and legal practice;0.10356715321540833
421;Évaluer les pratiques préventives du Centre de prévention et d'intervention pour victimes d'agression sexuelle (CPIVAS) : projet pilote pour le programme de prévention « Clique sur toi! -- primaire »;RDF50;Social sciences;0.40149956941604614;RDF30;Medical, health and life sciences;0.3351380228996277;RDF60;Humanities and the arts;0.10960319638252258;RDF503;Education;0.8378190994262695;RDF303;Health sciences;0.24549177289009094;RDF509;Other social sciences;0.17788228392601013;RDF504;Sociology and related studies;0.16424818336963654;RDF505;Law and legal practice;0.08374040573835373
422;Understanding what they want and what works: social support and well-being among men experiencing cancer (Multidisciplinary or interdisciplinary social sciences);RDF50;Social sciences;0.8526764512062073;RDF30;Medical, health and life sciences;0.09604208171367645;RDF60;Humanities and the arts;0.036099206656217575;RDF503;Education;0.8126444220542908;RDF504;Sociology and related studies;0.5360245108604431;RDF303;Health sciences;0.22042632102966309;RDF509;Other social sciences;0.17272929847240448;RDF605;Other humanities;0.08502303808927536
423;The Burden of Harsh Parenting on Socioemotional and Behavioral Problems: the Role of Chronic Cortisol secretion in the Preschool Years (Social & Developmental Aspects of Children's & Youth's Health);RDF30;Medical, health and life sciences;0.7373524308204651;RDF50;Social sciences;0.19535508751869202;RDF10;Natural sciences;0.042919058352708817;RDF503;Education;0.9875203371047974;RDF303;Health sciences;0.9293122291564941;RDF501;Psychology and cognitive sciences;0.9097468256950378;RDF504;Sociology and related studies;0.8029420971870422;RDF106;Biological sciences;0.3064751625061035
424;From amusia to dyslexia: the role of feedback (Biological Systems and Functions);RDF10;Natural sciences;0.619846522808075;RDF30;Medical, health and life sciences;0.20620810985565186;RDF50;Social sciences;0.08890579640865326;RDF503;Education;0.992184042930603;RDF106;Biological sciences;0.95743727684021;RDF501;Psychology and cognitive sciences;0.5319844484329224;RDF303;Health sciences;0.4841819405555725;RDF301;Basic medicine and life sciences;0.35781994462013245
425;Raconter-Cartographier. La scénarisation transmédiale (Fine Arts, Research-Creation);RDF60;Humanities and the arts;0.8345227241516113;RDF10;Natural sciences;0.04459673538804054;RDF50;Social sciences;0.039898257702589035;RDF508;Media and communications;0.5830401182174683;RDF604;Arts (arts, history of arts, performing arts, music), architecture and design;0.36995506286621094;RDF503;Education;0.239349365234375;RDF602;Languages and literature;0.0643000528216362;RDF509;Other social sciences;0.03327394276857376
426;Stratégies d'actions de communication innovantes visant une sensibilisation résiliente de la population face aux risques liés aux inondations;RDF10;Natural sciences;0.4012495279312134;RDF50;Social sciences;0.19727972149848938;RDF40;Agricultural and veterinary sciences;0.14405129849910736;RDF105;Earth and related environmental sciences;0.8850366473197937;RDF508;Media and communications;0.8663022518157959;RDF208;Environmental engineering and related engineering;0.37844473123550415;RDF509;Other social sciences;0.07011260837316513;RDF209;Environmental biotechnology;0.06928941607475281
427;Chez soi jusqu'à la fin? Entre désirs et possibilités de mourir à domicile (Sociology, demography and related fields);RDF50;Social sciences;0.5967180728912354;RDF30;Medical, health and life sciences;0.19572265446186066;RDF60;Humanities and the arts;0.09510855376720428;RDF504;Sociology and related studies;0.9724147319793701;RDF509;Other social sciences;0.41907575726509094;RDF501;Psychology and cognitive sciences;0.19814173877239227;RDF303;Health sciences;0.16885694861412048;RDF305;Other medical sciences;0.12347127497196198
428;A combined in vivo/ex vivo experimental platform for the thorough 3D investigation of bone fatigue related microdamage (Mechanical Engineering);RDF20-21;Engineering and technology;0.8037548065185547;RDF30;Medical, health and life sciences;0.16946622729301453;RDF10;Natural sciences;0.011840440332889557;RDF204;Mechanical engineering;0.9981287717819214;RDF303;Health sciences;0.4714285731315613;RDF301;Basic medicine and life sciences;0.3133147060871124;RDF207;Medical and biomedical engineering;0.23161421716213226;RDF304;Medical biotechnology;0.13666598498821259
429;Élaboration et mise à l'essai d'un dispositif d'accompagnement avec, par et pour des conseillers pédagogiques: soutenir le développement professionnel continu des enseignants débutants au regard de l'articulation croyances-pratiques (Education and social work);RDF50;Social sciences;0.333484411239624;RDF60;Humanities and the arts;0.23326478898525238;RDF40;Agricultural and veterinary sciences;0.13447697460651398;RDF503;Education;0.9890342950820923;RDF305;Other medical sciences;0.035244327038526535;RDF509;Other social sciences;0.024423088878393173;RDF212;Other engineering and technologies;0.02134847640991211;RDF603;Philosophy;0.01581493206322193
430;Environmental Footprint of Mutual Funds and Pension Plans;RDF10;Natural sciences;0.4227312207221985;RDF50;Social sciences;0.4006249010562897;RDF60;Humanities and the arts;0.055504441261291504;RDF208;Environmental engineering and related engineering;0.8824278712272644;RDF105;Earth and related environmental sciences;0.07450026273727417;RDF502;Economics and business administration;0.056913942098617554;RDF504;Sociology and related studies;0.045183759182691574;RDF509;Other social sciences;0.04212712123990059
431;An Ecology of Wood Cultures in Canada (2003-2020): comparing constructive cultures through awarded architectural designs;RDF10;Natural sciences;0.5740928649902344;RDF50;Social sciences;0.21491600573062897;RDF60;Humanities and the arts;0.07198784500360489;RDF208;Environmental engineering and related engineering;0.7799509763717651;RDF209;Environmental biotechnology;0.22789864242076874;RDF107;Other natural sciences;0.21683959662914276;RDF601;History, archaeology and related studies;0.18213440477848053;RDF509;Other social sciences;0.1517806202173233
432;Improving allocation and supporting clinical decision-making for deceased donor kidney offers;RDF30;Medical, health and life sciences;0.938477098941803;RDF50;Social sciences;0.02527967467904091;RDF10;Natural sciences;0.0160217322409153;RDF302;Clinical medicine;0.8740772604942322;RDF303;Health sciences;0.8411091566085815;RDF207;Medical and biomedical engineering;0.4620937705039978;RDF106;Biological sciences;0.4233686029911041;RDF304;Medical biotechnology;0.22901751101016998
433;The many facets of black hole feedback in galaxies (Physics);RDF10;Natural sciences;0.8080388307571411;RDF20-21;Engineering and technology;0.06187722459435463;RDF50;Social sciences;0.05020767077803612;RDF103;Physical sciences;0.998742938041687;RDF501;Psychology and cognitive sciences;0.26104825735092163;RDF603;Philosophy;0.1823527216911316;RDF107;Other natural sciences;0.11367795616388321;RDF305;Other medical sciences;0.05439931899309158
434;Tics et syndrome de la Tourette: Bilan et Défis! Avancées des connaissances et discussion des enjeux liés à l'intervention;RDF30;Medical, health and life sciences;0.6831525564193726;RDF50;Social sciences;0.12914641201496124;RDF10;Natural sciences;0.09437026083469391;RDF503;Education;0.9655764698982239;RDF501;Psychology and cognitive sciences;0.9573575854301453;RDF303;Health sciences;0.925094723701477;RDF504;Sociology and related studies;0.6690154075622559;RDF403;Veterinary sciences;0.6588017344474792
435;Targeting the SMARCD1-E2A-p53 Molecular Axis in B-Cell Lymphoma (Molecular & Cellular Biology of Cancer);RDF30;Medical, health and life sciences;0.778675377368927;RDF20-21;Engineering and technology;0.15400558710098267;RDF10;Natural sciences;0.04585861414670944;RDF106;Biological sciences;0.9480584263801575;RDF304;Medical biotechnology;0.8358858227729797;RDF303;Health sciences;0.7495916485786438;RDF207;Medical and biomedical engineering;0.7166154384613037;RDF104;Chemical sciences;0.4013577997684479
436;The biogeochemical heterogeneity of peatlands (Geosciences);RDF40;Agricultural and veterinary sciences;0.4264131486415863;RDF10;Natural sciences;0.35041552782058716;RDF30;Medical, health and life sciences;0.0813823714852333;RDF105;Earth and related environmental sciences;0.9118099808692932;RDF401;Agriculture, forestry, and fisheries;0.2687014937400818;RDF209;Environmental biotechnology;0.12095703184604645;RDF107;Other natural sciences;0.06675146520137787;RDF405;Other agricultural sciences;0.0643000528216362
437;The role of referral networks on job outcomes (Economics);RDF50;Social sciences;0.48712050914764404;RDF20-21;Engineering and technology;0.2155260592699051;RDF10;Natural sciences;0.13110670447349548;RDF502;Economics and business administration;0.985327959060669;RDF504;Sociology and related studies;0.10706346482038498;RDF509;Other social sciences;0.06400689482688904;RDF107;Other natural sciences;0.03504563868045807;RDF507;Social and economic geography;0.03268223628401756
438;Investigating neuroprotective strategies in genetic models of neurodegeneration;RDF30;Medical, health and life sciences;0.6835780739784241;RDF10;Natural sciences;0.19335414469242096;RDF50;Social sciences;0.06996841728687286;RDF106;Biological sciences;0.9048609137535095;RDF501;Psychology and cognitive sciences;0.8646536469459534;RDF303;Health sciences;0.8397339582443237;RDF301;Basic medicine and life sciences;0.3856927454471588;RDF305;Other medical sciences;0.21908678114414215
439;Plant diversity and ecosystem services in wetlands (Evolution and Ecology);RDF10;Natural sciences;0.809555172920227;RDF40;Agricultural and veterinary sciences;0.10712795704603195;RDF50;Social sciences;0.041992899030447006;RDF105;Earth and related environmental sciences;0.7975567579269409;RDF208;Environmental engineering and related engineering;0.7082125544548035;RDF107;Other natural sciences;0.5395443439483643;RDF106;Biological sciences;0.3135773837566376;RDF503;Education;0.21625970304012299
440;How do pioneer factor open chromatin?;RDF20-21;Engineering and technology;0.575083315372467;RDF30;Medical, health and life sciences;0.20525261759757996;RDF10;Natural sciences;0.18579280376434326;RDF104;Chemical sciences;0.9926542043685913;RDF205;Chemical engineering;0.9871788024902344;RDF503;Education;0.9784671664237976;RDF102;Computer and information sciences;0.9184070825576782;RDF103;Physical sciences;0.8950649499893188
441;Integrative physiology of ovarian follicular development and ovulation (Biological Systems and Functions);RDF30;Medical, health and life sciences;0.9287048578262329;RDF10;Natural sciences;0.05558275431394577;RDF50;Social sciences;0.006519557908177376;RDF303;Health sciences;0.9807841777801514;RDF106;Biological sciences;0.9779044985771179;RDF301;Basic medicine and life sciences;0.8369547128677368;RDF503;Education;0.7688633799552917;RDF305;Other medical sciences;0.18839862942695618
442;Intracellular transport of proteins containing di-arginine endoplasmic reticulum-retention motifs (Genes, Cells and Molecules);RDF30;Medical, health and life sciences;0.4931942820549011;RDF10;Natural sciences;0.3129962682723999;RDF20-21;Engineering and technology;0.10951049625873566;RDF106;Biological sciences;0.95123291015625;RDF301;Basic medicine and life sciences;0.7188411355018616;RDF104;Chemical sciences;0.70537930727005;RDF103;Physical sciences;0.525292694568634;RDF304;Medical biotechnology;0.22312302887439728
443;Plastic Waste Upgrading by Coupling Microwave Heating with Catalytic Pyrolysis (Materials and Chemical Engineering);RDF20-21;Engineering and technology;0.9701654314994812;RDF10;Natural sciences;0.011999782174825668;RDF50;Social sciences;0.00784662738442421;RDF205;Chemical engineering;0.8651670813560486;RDF104;Chemical sciences;0.82332843542099;RDF206;Materials engineering and resources engineering;0.5564447641372681;RDF208;Environmental engineering and related engineering;0.22126655280590057;RDF103;Physical sciences;0.13922074437141418
444;Controlling Molecular Organization in Materials (Chemistry);RDF10;Natural sciences;0.6996580362319946;RDF20-21;Engineering and technology;0.1251358985900879;RDF30;Medical, health and life sciences;0.05899467319250107;RDF104;Chemical sciences;0.987375020980835;RDF503;Education;0.06424132734537125;RDF206;Materials engineering and resources engineering;0.05587463080883026;RDF205;Chemical engineering;0.044680871069431305;RDF107;Other natural sciences;0.03666584566235542
445;Développement de méthodes d'apprentissage automatique pour la détection d'anomalies à l'échelle d'un ensemble de barrages;RDF20-21;Engineering and technology;0.8405349254608154;RDF10;Natural sciences;0.083672434091568;RDF50;Social sciences;0.04087836295366287;RDF204;Mechanical engineering;0.7199746966362;RDF102;Computer and information sciences;0.5902589559555054;RDF202;Industrial, systems and processes engineering;0.5545006394386292;RDF503;Education;0.5521473288536072;RDF103;Physical sciences;0.5281379818916321
446;Investigation of the heterogeneity of mitochondrial dysfunction in idiopathic Parkinson's disease using induced neurons derived from patients (Molecular & Cellular Neurosciences);RDF30;Medical, health and life sciences;0.903537392616272;RDF20-21;Engineering and technology;0.04463440924882889;RDF10;Natural sciences;0.02696659229695797;RDF303;Health sciences;0.9225521087646484;RDF304;Medical biotechnology;0.4452831447124481;RDF207;Medical and biomedical engineering;0.09033345431089401;RDF301;Basic medicine and life sciences;0.06278920918703079;RDF305;Other medical sciences;0.05070536583662033
447;The amyloid precursor protein intracellular domain is an effector molecule of metaplasticity - implications for the regulation of synaptic plasticity in Alzheimer disease (Molecular & Cellular Neurosciences);RDF30;Medical, health and life sciences;0.8391538262367249;RDF10;Natural sciences;0.05371083691716194;RDF20-21;Engineering and technology;0.050161879509687424;RDF205;Chemical engineering;0.16066069900989532;RDF304;Medical biotechnology;0.08093670755624771;RDF301;Basic medicine and life sciences;0.06142403557896614;RDF104;Chemical sciences;0.052814021706581116;RDF305;Other medical sciences;0.04216654226183891
448;Regulation of neutrophil antimicrobial defense through the pleiotropic receptor FPR2/ALX (Genes, Cells and Molecules);RDF10;Natural sciences;0.326040118932724;RDF20-21;Engineering and technology;0.31495949625968933;RDF30;Medical, health and life sciences;0.2643457353115082;RDF106;Biological sciences;0.8349459171295166;RDF103;Physical sciences;0.40293529629707336;RDF303;Health sciences;0.36060163378715515;RDF301;Basic medicine and life sciences;0.3217795789241791;RDF107;Other natural sciences;0.21190567314624786
449;The neural mechanisms underlying the promotion of motor learning by acute exercise (Biological Systems and Functions);RDF10;Natural sciences;0.5007196068763733;RDF30;Medical, health and life sciences;0.15748150646686554;RDF50;Social sciences;0.14635950326919556;RDF106;Biological sciences;0.9281487464904785;RDF503;Education;0.9075173735618591;RDF501;Psychology and cognitive sciences;0.6922780275344849;RDF103;Physical sciences;0.424822062253952;RDF107;Other natural sciences;0.1250653862953186
450;Scalable, versatile surface engineering through photo-initiated chemical vapour deposition (Materials and Chemical Engineering);RDF20-21;Engineering and technology;0.943639874458313;RDF10;Natural sciences;0.0344056636095047;RDF50;Social sciences;0.0101207559928298;RDF205;Chemical engineering;0.9186263680458069;RDF104;Chemical sciences;0.8087478280067444;RDF206;Materials engineering and resources engineering;0.24648799002170563;RDF105;Earth and related environmental sciences;0.22772683203220367;RDF202;Industrial, systems and processes engineering;0.11240509152412415
451;Regulation of cytokinesis by the novel and conserved flavin-dependent monooxygenase enzymes OSGN-1/OSGIN (Cell Biology - Molecular/Fundamental);RDF10;Natural sciences;0.4843013882637024;RDF30;Medical, health and life sciences;0.2210806906223297;RDF20-21;Engineering and technology;0.19245374202728271;RDF106;Biological sciences;0.9664421677589417;RDF104;Chemical sciences;0.2633151710033417;RDF301;Basic medicine and life sciences;0.18039526045322418;RDF107;Other natural sciences;0.1243724524974823;RDF103;Physical sciences;0.1041124165058136
452;Enabling monitoring of ultra-processed food consumption among Canadians: Development and validation of a screener (Nutrition, Food & Health);RDF20-21;Engineering and technology;0.7290521860122681;RDF30;Medical, health and life sciences;0.1372191458940506;RDF40;Agricultural and veterinary sciences;0.049855466932058334;RDF404;Agricultural biotechnology and food sciences;0.683709979057312;RDF303;Health sciences;0.424822062253952;RDF106;Biological sciences;0.17370831966400146;RDF212;Other engineering and technologies;0.12431927770376205;RDF208;Environmental engineering and related engineering;0.11047115176916122
453;Les cognitions sociales implicites et les tendances comportementales associées aux émotions hostiles (Psychology);RDF50;Social sciences;0.7851482033729553;RDF10;Natural sciences;0.07480765879154205;RDF60;Humanities and the arts;0.06287144869565964;RDF501;Psychology and cognitive sciences;0.9977700114250183;RDF504;Sociology and related studies;0.8363541960716248;RDF603;Philosophy;0.7599387168884277;RDF509;Other social sciences;0.08985312283039093;RDF305;Other medical sciences;0.063482366502285
454;Heidegger et Gadamer. Correspondance et bilan (Philosophy);RDF60;Humanities and the arts;0.3526587188243866;RDF50;Social sciences;0.3316158950328827;RDF10;Natural sciences;0.1474413424730301;RDF603;Philosophy;0.9991135001182556;RDF501;Psychology and cognitive sciences;0.8696038722991943;RDF503;Education;0.4019812345504761;RDF602;Languages and literature;0.07443294674158096;RDF605;Other humanities;0.0637732744216919
455;Generic AC-DC load-flow solution method with controllable AC-DC converters (Electrical and Computer Engineering);RDF20-21;Engineering and technology;0.9808003902435303;RDF10;Natural sciences;0.0066344463266432285;RDF50;Social sciences;0.004258495289832354;RDF102;Computer and information sciences;0.3442229628562927;RDF203;Electrical engineering, computer engineering, and information engineering;0.14712579548358917;RDF202;Industrial, systems and processes engineering;0.12278592586517334;RDF212;Other engineering and technologies;0.052570294588804245;RDF103;Physical sciences;0.0224356260150671
456;Étude sur l'apport de l'expérience de l'émotion de la tristesse vécue et exprimée par des enfants endeuillés face à la réalité du processus de deuil tel que vécu au Québec (Education and social work);RDF50;Social sciences;0.4476827383041382;RDF60;Humanities and the arts;0.396806538105011;RDF30;Medical, health and life sciences;0.08119884133338928;RDF503;Education;0.9340951442718506;RDF504;Sociology and related studies;0.6715513467788696;RDF501;Psychology and cognitive sciences;0.3546006679534912;RDF305;Other medical sciences;0.08913693577051163;RDF509;Other social sciences;0.0781484842300415
457;Intelligent video surveillance to detect mobility problems of older adults at home: from fall detection to fall prevention (Electrical and Computer Engineering);RDF20-21;Engineering and technology;0.8793940544128418;RDF30;Medical, health and life sciences;0.10472139716148376;RDF50;Social sciences;0.007161262445151806;RDF102;Computer and information sciences;0.8164063692092896;RDF303;Health sciences;0.5543535947799683;RDF212;Other engineering and technologies;0.169956237077713;RDF203;Electrical engineering, computer engineering, and information engineering;0.14730967581272125;RDF305;Other medical sciences;0.12469185143709183
458;Dynamic Ultrasound Localization Pulsatility Imaging (Medical Physics & Imaging);RDF30;Medical, health and life sciences;0.8467673063278198;RDF20-21;Engineering and technology;0.14109504222869873;RDF10;Natural sciences;0.006515854969620705;RDF207;Medical and biomedical engineering;0.9880273938179016;RDF303;Health sciences;0.9002670645713806;RDF304;Medical biotechnology;0.7607839703559875;RDF302;Clinical medicine;0.5117166042327881;RDF103;Physical sciences;0.13251455128192902
459;Metabolic control of plant non-photosynthetic metabolism (Biological Systems and Functions);RDF10;Natural sciences;0.6329110860824585;RDF30;Medical, health and life sciences;0.22159036993980408;RDF40;Agricultural and veterinary sciences;0.06943346560001373;RDF106;Biological sciences;0.9786515235900879;RDF301;Basic medicine and life sciences;0.5424656867980957;RDF401;Agriculture, forestry, and fisheries;0.4472339451313019;RDF107;Other natural sciences;0.42629921436309814;RDF103;Physical sciences;0.2888197600841522
460;COLCOT-T2D : Colchicine for Primary Prevention of Cardiovascular Events in Patients with Type 2 Diabetes;RDF30;Medical, health and life sciences;0.8628336191177368;RDF50;Social sciences;0.038394615054130554;RDF10;Natural sciences;0.037249695509672165;RDF303;Health sciences;0.9499951004981995;RDF302;Clinical medicine;0.9487276077270508;RDF304;Medical biotechnology;0.9301416873931885;RDF207;Medical and biomedical engineering;0.8759462237358093;RDF301;Basic medicine and life sciences;0.5387101769447327
461;Major Resource Support at the Université de Montréal for Canada's Subatomic Physics Program;RDF10;Natural sciences;0.5503605604171753;RDF20-21;Engineering and technology;0.3925574719905853;RDF30;Medical, health and life sciences;0.027427610009908676;RDF103;Physical sciences;0.9417613744735718;RDF503;Education;0.8060141801834106;RDF206;Materials engineering and resources engineering;0.1534857302904129;RDF104;Chemical sciences;0.057971399277448654;RDF107;Other natural sciences;0.04418332129716873
462;Plateforme d'imagerie macroscopique ultra sensible pour l'étude des neurotransmetteurs et des neuromodulateurs in vivo (Biological Systems and Functions);RDF20-21;Engineering and technology;0.7249287366867065;RDF10;Natural sciences;0.14025963842868805;RDF30;Medical, health and life sciences;0.10999701172113419;RDF106;Biological sciences;0.9712110757827759;RDF103;Physical sciences;0.31541958451271057;RDF207;Medical and biomedical engineering;0.28140559792518616;RDF211;Nano-technology;0.26038944721221924;RDF301;Basic medicine and life sciences;0.1838865429162979
463;Algorithmes de calcul de dose basé sur des modèles pour des applications avancées en physique médicale (Physics);RDF30;Medical, health and life sciences;0.5356169939041138;RDF20-21;Engineering and technology;0.4116756021976471;RDF10;Natural sciences;0.027810441330075264;RDF207;Medical and biomedical engineering;0.89947509765625;RDF103;Physical sciences;0.8037905693054199;RDF304;Medical biotechnology;0.6989462971687317;RDF303;Health sciences;0.5442867279052734;RDF302;Clinical medicine;0.20481863617897034
464;Logistics and transportation (Civil, Industrial and Systems Engineering);RDF20-21;Engineering and technology;0.8636531829833984;RDF50;Social sciences;0.06806068867444992;RDF10;Natural sciences;0.03455891087651253;RDF201;Civil engineering, maritime engineering, transport engineering, and mining engineering;0.9493415951728821;RDF202;Industrial, systems and processes engineering;0.29823583364486694;RDF503;Education;0.10989668220281601;RDF212;Other engineering and technologies;0.10475174337625504;RDF509;Other social sciences;0.054349105805158615
465;Systematic mapping of the global ARF network interactome by BioID coupled to functional studies to reveal novel biological functions (Cell Biology – Molecular/Fundamental);RDF20-21;Engineering and technology;0.7903232574462891;RDF10;Natural sciences;0.10732483118772507;RDF30;Medical, health and life sciences;0.06915891170501709;RDF106;Biological sciences;0.9790357947349548;RDF301;Basic medicine and life sciences;0.24153411388397217;RDF212;Other engineering and technologies;0.07198162376880646;RDF107;Other natural sciences;0.06261702626943588;RDF305;Other medical sciences;0.04008735716342926
466;Measuring Partisan Conflicts on Social Media (Political science and public administration);RDF50;Social sciences;0.6391447186470032;RDF20-21;Engineering and technology;0.1838347315788269;RDF60;Humanities and the arts;0.05628586560487747;RDF508;Media and communications;0.9641531109809875;RDF506;Political science and policy administration;0.9570375680923462;RDF504;Sociology and related studies;0.111676424741745;RDF509;Other social sciences;0.09041372686624527;RDF503;Education;0.052327629178762436
467;The emergence of problem clarity in teams and its influence innovation project success;RDF20-21;Engineering and technology;0.5713006854057312;RDF50;Social sciences;0.1812661588191986;RDF60;Humanities and the arts;0.06981611251831055;RDF501;Psychology and cognitive sciences;0.7625566720962524;RDF504;Sociology and related studies;0.1773117333650589;RDF509;Other social sciences;0.09938277304172516;RDF212;Other engineering and technologies;0.07270251214504242;RDF202;Industrial, systems and processes engineering;0.0629042461514473
468;The release of carbon and pollutants from eastern canadian watersheds in response to atmospheric deposition and climate change;RDF10;Natural sciences;0.7875311374664307;RDF50;Social sciences;0.06426682323217392;RDF20-21;Engineering and technology;0.058572784066200256;RDF208;Environmental engineering and related engineering;0.9904406070709229;RDF105;Earth and related environmental sciences;0.9755536913871765;RDF209;Environmental biotechnology;0.7860895991325378;RDF107;Other natural sciences;0.28135624527931213;RDF104;Chemical sciences;0.23187501728534698
469;Récepteur radiofréquence pour système de caractérisation d'antennes en micro-ondes et ondes millimétriques (Electrical and Computer Engineering);RDF20-21;Engineering and technology;0.9886780381202698;RDF10;Natural sciences;0.005352794658392668;RDF50;Social sciences;0.0026343446224927902;RDF508;Media and communications;0.5538522005081177;RDF203;Electrical engineering, computer engineering, and information engineering;0.5261449813842773;RDF102;Computer and information sciences;0.43256673216819763;RDF212;Other engineering and technologies;0.18119074404239655;RDF509;Other social sciences;0.04755839705467224
470;Advanced Simulation Tools for the Design and Operation of Circular Economy Strategies;RDF20-21;Engineering and technology;0.8665218949317932;RDF50;Social sciences;0.057265058159828186;RDF10;Natural sciences;0.04728931188583374;RDF502;Economics and business administration;0.6594600081443787;RDF102;Computer and information sciences;0.3602076768875122;RDF202;Industrial, systems and processes engineering;0.17874076962471008;RDF103;Physical sciences;0.08381536602973938;RDF212;Other engineering and technologies;0.07336363941431046
471;Révélations daoustiennes : nouvelles perspectives sur le théâtre francophone du Québec 1895-1940 (Fine Arts, Research-Creation);RDF60;Humanities and the arts;0.892874538898468;RDF50;Social sciences;0.05548572540283203;RDF10;Natural sciences;0.02466977760195732;RDF503;Education;0.8966140151023865;RDF601;History, archaeology and related studies;0.7494083046913147;RDF604;Arts (arts, history of arts, performing arts, music), architecture and design;0.7270074486732483;RDF602;Languages and literature;0.17231108248233795;RDF509;Other social sciences;0.07913912087678909
472;Dormir sans pression: un concept intégrateur pour les patients tétraplégiques et les aidants pour minimiser les plaies de pression, améliorer le sommeil et favoriser la résilience face à la lésion de la moelle épinière;RDF30;Medical, health and life sciences;0.9196626543998718;RDF50;Social sciences;0.03485016152262688;RDF20-21;Engineering and technology;0.014087613672018051;RDF303;Health sciences;0.9443824291229248;RDF207;Medical and biomedical engineering;0.9225172400474548;RDF304;Medical biotechnology;0.9036774039268494;RDF302;Clinical medicine;0.898944079875946;RDF501;Psychology and cognitive sciences;0.7919015884399414
473;Assessment of mechanical and durability performances of NSC to self-healing FRC structural components under combined mechanical and environemental loadings (Civil, Industrial and Systems Engineering);RDF20-21;Engineering and technology;0.9655096530914307;RDF10;Natural sciences;0.01574377715587616;RDF50;Social sciences;0.009871465153992176;RDF204;Mechanical engineering;0.7263285517692566;RDF202;Industrial, systems and processes engineering;0.48075294494628906;RDF201;Civil engineering, maritime engineering, transport engineering, and mining engineering;0.3956744968891144;RDF212;Other engineering and technologies;0.2787473797798157;RDF509;Other social sciences;0.06047388166189194
474;eNOS regulates endothelial cell polarity and angiogenic sprouting in vascular pathologies (Cardiovascular System – Vascular System);RDF30;Medical, health and life sciences;0.8613908886909485;RDF10;Natural sciences;0.06425409018993378;RDF20-21;Engineering and technology;0.04821816831827164;RDF303;Health sciences;0.928213894367218;RDF106;Biological sciences;0.9269676208496094;RDF304;Medical biotechnology;0.8392734527587891;RDF207;Medical and biomedical engineering;0.7589128613471985;RDF103;Physical sciences;0.6193130016326904
475;Comparative Effectiveness of Repetitive Versus Deep Transcranial Magnetic Stimulation for Major Depression: A Randomized Controlled Trial;RDF30;Medical, health and life sciences;0.839165985584259;RDF50;Social sciences;0.07153953611850739;RDF20-21;Engineering and technology;0.04443075880408287;RDF501;Psychology and cognitive sciences;0.9883577823638916;RDF303;Health sciences;0.9845159649848938;RDF302;Clinical medicine;0.8430570363998413;RDF304;Medical biotechnology;0.6869478821754456;RDF207;Medical and biomedical engineering;0.6841849088668823
476;Planning and developing Canadian intersectoral partnerships and knowledge sharing for sustainable LD risk mitigation in peri-domestic high-risk areas;RDF40;Agricultural and veterinary sciences;0.26964905858039856;RDF30;Medical, health and life sciences;0.23450405895709991;RDF20-21;Engineering and technology;0.19102317094802856;RDF208;Environmental engineering and related engineering;0.0723084807395935;RDF105;Earth and related environmental sciences;0.04981965571641922;RDF502;Economics and business administration;0.034716881811618805;RDF209;Environmental biotechnology;0.03277498483657837;RDF403;Veterinary sciences;0.029256710782647133
477;Du réseau de neurones au circuit logique et réciproquement : le meilleur des deux mondes (Electrical and Computer Engineering);RDF20-21;Engineering and technology;0.9722900390625;RDF10;Natural sciences;0.015128315426409245;RDF50;Social sciences;0.006706596817821264;RDF102;Computer and information sciences;0.9901401400566101;RDF203;Electrical engineering, computer engineering, and information engineering;0.40814775228500366;RDF212;Other engineering and technologies;0.20930802822113037;RDF103;Physical sciences;0.19004665315151215;RDF509;Other social sciences;0.10123348236083984
478;Faire du virtuel une réalité : l'exploration de l'utilité d'agents virtuels autonomes en contexte de formation à l'évaluation des jeunes contrevenants (Psychology);RDF20-21;Engineering and technology;0.7881290912628174;RDF50;Social sciences;0.11657433211803436;RDF60;Humanities and the arts;0.04183054342865944;RDF102;Computer and information sciences;0.8845389485359192;RDF501;Psychology and cognitive sciences;0.8641386032104492;RDF503;Education;0.6503284573554993;RDF603;Philosophy;0.5971821546554565;RDF508;Media and communications;0.40272974967956543
479;Global Corporate Minimum Tax in Canada? Politics, Policy and Practice;RDF50;Social sciences;0.6005536317825317;RDF40;Agricultural and veterinary sciences;0.10446254163980484;RDF30;Medical, health and life sciences;0.08103833347558975;RDF502;Economics and business administration;0.9730108976364136;RDF505;Law and legal practice;0.5494517683982849;RDF506;Political science and policy administration;0.45444947481155396;RDF509;Other social sciences;0.08381536602973938;RDF507;Social and economic geography;0.0466814823448658
480;Briser les silos de recherche : pour l'amélioration des interactions entre les milieux universitaire et professionnel en sciences de l'information;RDF20-21;Engineering and technology;0.7412068247795105;RDF50;Social sciences;0.09817928820848465;RDF10;Natural sciences;0.062041956931352615;RDF203;Electrical engineering, computer engineering, and information engineering;0.8697698712348938;RDF503;Education;0.8417606353759766;RDF102;Computer and information sciences;0.8263617753982544;RDF504;Sociology and related studies;0.08130066096782684;RDF212;Other engineering and technologies;0.051749538630247116
481;Simulation numérique des écoulements multi-composants à trois phases par l'approche de Boltzmann sur réseau;RDF20-21;Engineering and technology;0.785356879234314;RDF10;Natural sciences;0.11100722849369049;RDF40;Agricultural and veterinary sciences;0.05109651759266853;RDF102;Computer and information sciences;0.989076554775238;RDF202;Industrial, systems and processes engineering;0.807384729385376;RDF104;Chemical sciences;0.502105712890625;RDF103;Physical sciences;0.39754366874694824;RDF204;Mechanical engineering;0.2995148003101349
482;Developing an initial understanding of the factors involved in psychological readiness to return to sport following a concussion (Psychology, linguistics and translation);RDF30;Medical, health and life sciences;0.41476574540138245;RDF50;Social sciences;0.24851588904857635;RDF60;Humanities and the arts;0.14752864837646484;RDF501;Psychology and cognitive sciences;0.9316493272781372;RDF503;Education;0.9053223133087158;RDF509;Other social sciences;0.20745545625686646;RDF305;Other medical sciences;0.19868536293506622;RDF303;Health sciences;0.14700329303741455
483;Roles for mitochondrial adaptation in fatty liver disease and associated liver cancer (Cell Biology – Disease);RDF30;Medical, health and life sciences;0.8325199484825134;RDF10;Natural sciences;0.12284377962350845;RDF50;Social sciences;0.025461118668317795;RDF303;Health sciences;0.9715909361839294;RDF106;Biological sciences;0.9509148597717285;RDF301;Basic medicine and life sciences;0.5997342467308044;RDF304;Medical biotechnology;0.2797792851924896;RDF207;Medical and biomedical engineering;0.2748377025127411
484;Lagrangian analyzes of complex and turbulent flows for advanced flow diagnostics (Mechanical Engineering);RDF20-21;Engineering and technology;0.9216091632843018;RDF10;Natural sciences;0.03694108501076698;RDF30;Medical, health and life sciences;0.015459606423974037;RDF204;Mechanical engineering;0.9975080490112305;RDF103;Physical sciences;0.21052274107933044;RDF212;Other engineering and technologies;0.0649493932723999;RDF107;Other natural sciences;0.061255354434251785;RDF104;Chemical sciences;0.05146276205778122
485;Energy and spectrum opportunistic relaying for sustainable wireless networks;RDF20-21;Engineering and technology;0.9665753841400146;RDF10;Natural sciences;0.013181804679334164;RDF50;Social sciences;0.01129703875631094;RDF102;Computer and information sciences;0.6531545519828796;RDF203;Electrical engineering, computer engineering, and information engineering;0.41634422540664673;RDF508;Media and communications;0.3036801815032959;RDF212;Other engineering and technologies;0.16708272695541382;RDF509;Other social sciences;0.05444957688450813
486;Plasmonic optophysiology (Chemistry);RDF10;Natural sciences;0.7402222156524658;RDF20-21;Engineering and technology;0.16205042600631714;RDF30;Medical, health and life sciences;0.04757567122578621;RDF104;Chemical sciences;0.991938054561615;RDF103;Physical sciences;0.8180110454559326;RDF503;Education;0.29609423875808716;RDF205;Chemical engineering;0.0947614386677742;RDF107;Other natural sciences;0.06080764904618263
487;A statistical perspective for some challenges in data science;RDF20-21;Engineering and technology;0.631310760974884;RDF10;Natural sciences;0.19404901564121246;RDF50;Social sciences;0.07756517082452774;RDF101;Mathematics and statistics;0.9928231239318848;RDF102;Computer and information sciences;0.6742650270462036;RDF203;Electrical engineering, computer engineering, and information engineering;0.2547406554222107;RDF107;Other natural sciences;0.03185885399580002;RDF212;Other engineering and technologies;0.02964750863611698
488;Structural and functional characterization of protein-metal interactions (Genes, Cells and Molecules);RDF10;Natural sciences;0.7758836150169373;RDF30;Medical, health and life sciences;0.12032939493656158;RDF20-21;Engineering and technology;0.04094001278281212;RDF106;Biological sciences;0.8698251247406006;RDF103;Physical sciences;0.45807597041130066;RDF104;Chemical sciences;0.4255940616130829;RDF301;Basic medicine and life sciences;0.4209417402744293;RDF107;Other natural sciences;0.2799268960952759
489;To study the pathogenesis and its underlying mechanisms of an abnormally large Pol II pool size caused by a defective novel ARMC5-containing POLR2A-specific ubiquitin ligase;RDF30;Medical, health and life sciences;0.6522103548049927;RDF10;Natural sciences;0.1773492693901062;RDF20-21;Engineering and technology;0.06617357581853867;RDF303;Health sciences;0.6455669403076172;RDF106;Biological sciences;0.5961686968803406;RDF103;Physical sciences;0.4971771538257599;RDF104;Chemical sciences;0.42629921436309814;RDF305;Other medical sciences;0.3007969260215759
490;Perspectives compositionnelles sur la sémiotique musicale, à partir de l'intégration théorique et pratique de la sémiotique deleuzienne du cinéma (Fine arts, research-creation);RDF60;Humanities and the arts;0.6442340016365051;RDF50;Social sciences;0.13918937742710114;RDF10;Natural sciences;0.11404769122600555;RDF604;Arts (arts, history of arts, performing arts, music), architecture and design;0.6088584661483765;RDF503;Education;0.1678997278213501;RDF107;Other natural sciences;0.08570927381515503;RDF305;Other medical sciences;0.06313489377498627;RDF508;Media and communications;0.059319138526916504
491;Regulation of germinal center B cell function during antibody responses (Immunology & Transplantation);RDF30;Medical, health and life sciences;0.8741064667701721;RDF10;Natural sciences;0.09352388232946396;RDF50;Social sciences;0.010981906205415726;RDF303;Health sciences;0.9735693335533142;RDF106;Biological sciences;0.9708816409111023;RDF301;Basic medicine and life sciences;0.8003801107406616;RDF304;Medical biotechnology;0.7069497108459473;RDF207;Medical and biomedical engineering;0.6695288419723511
492;Victims, Law and Justice: A Partnership approach to Transformative Justice;RDF50;Social sciences;0.6266454458236694;RDF60;Humanities and the arts;0.1520737111568451;RDF10;Natural sciences;0.07721787691116333;RDF505;Law and legal practice;0.3340732753276825;RDF504;Sociology and related studies;0.2491730898618698;RDF603;Philosophy;0.14139993488788605;RDF509;Other social sciences;0.0934295579791069;RDF506;Political science and policy administration;0.07349652051925659
493;Dynamic scene processing in humans (Biological Systems and Functions);RDF10;Natural sciences;0.49816590547561646;RDF20-21;Engineering and technology;0.13948874175548553;RDF30;Medical, health and life sciences;0.13499923050403595;RDF106;Biological sciences;0.961425244808197;RDF501;Psychology and cognitive sciences;0.28017303347587585;RDF301;Basic medicine and life sciences;0.2458537369966507;RDF103;Physical sciences;0.11945949494838715;RDF509;Other social sciences;0.07857164740562439
494;Planning for mercury-related vision rehabilitation services for Grassy Narrows First Nation community;RDF30;Medical, health and life sciences;0.6437682509422302;RDF10;Natural sciences;0.11485908180475235;RDF50;Social sciences;0.0966266393661499;RDF303;Health sciences;0.8136089444160461;RDF103;Physical sciences;0.2924942374229431;RDF207;Medical and biomedical engineering;0.270480215549469;RDF304;Medical biotechnology;0.24481408298015594;RDF208;Environmental engineering and related engineering;0.19597847759723663
495;L'intégration des PFÉ dans les stages d'actualisation et de requalification de l'Université de Montréal;RDF50;Social sciences;0.23857934772968292;RDF60;Humanities and the arts;0.20768657326698303;RDF20-21;Engineering and technology;0.20347075164318085;RDF503;Education;0.9935242533683777;RDF603;Philosophy;0.07456761598587036;RDF501;Psychology and cognitive sciences;0.058453239500522614;RDF504;Sociology and related studies;0.053058817982673645;RDF103;Physical sciences;0.03715182840824127
496;Cartographie des sensibilités queer dans la culture audiovisuelle populaire (Communications, media studies, gender studies, library and information science, related fields);RDF60;Humanities and the arts;0.5926820039749146;RDF50;Social sciences;0.2687782049179077;RDF20-21;Engineering and technology;0.06963731348514557;RDF508;Media and communications;0.7970833778381348;RDF504;Sociology and related studies;0.21027939021587372;RDF509;Other social sciences;0.2003229260444641;RDF503;Education;0.07396337389945984;RDF605;Other humanities;0.07043161988258362
497;De l'innovation à la nouvelle conformité : les usages complexes des smart drugs (Sociology, demography and related fields);RDF20-21;Engineering and technology;0.4809372127056122;RDF30;Medical, health and life sciences;0.2637571394443512;RDF50;Social sciences;0.14313992857933044;RDF504;Sociology and related studies;0.9312127232551575;RDF303;Health sciences;0.5118690729141235;RDF509;Other social sciences;0.2726535499095917;RDF503;Education;0.2420264482498169;RDF304;Medical biotechnology;0.21833586692810059
498;Favoriser la participation sociale des aînés présentant des problèmes de mobilité : partenariat pour le codéveloppement d'un service innovant offert en contexte communautaire;RDF50;Social sciences;0.5032792091369629;RDF30;Medical, health and life sciences;0.15259476006031036;RDF60;Humanities and the arts;0.1408517062664032;RDF504;Sociology and related studies;0.49755859375;RDF509;Other social sciences;0.1322341412305832;RDF507;Social and economic geography;0.12667709589004517;RDF605;Other humanities;0.06903792917728424;RDF201;Civil engineering, maritime engineering, transport engineering, and mining engineering;0.02922898530960083
499;Chemosensation in Parkinson's disease: Trigeminal sensitivity as a potential marker (Behavioural Sciences);RDF30;Medical, health and life sciences;0.9021254181861877;RDF50;Social sciences;0.03117196448147297;RDF10;Natural sciences;0.029977785423398018;RDF303;Health sciences;0.9135223627090454;RDF501;Psychology and cognitive sciences;0.5482426881790161;RDF301;Basic medicine and life sciences;0.16858302056789398;RDF304;Medical biotechnology;0.10429472476243973;RDF207;Medical and biomedical engineering;0.09628010541200638
500;Nuclear Factor Erythroid 2-Related Factor 2 (NRF2) and Regulation of Sodium-Glucose Co-Transporter 2 (SGLT2) Expression in Type 2 Diabetes (Diabetes, Obesity, Lipid & Lipoprotein Disorders);RDF30;Medical, health and life sciences;0.8605439066886902;RDF10;Natural sciences;0.09881585091352463;RDF50;Social sciences;0.01812356524169445;RDF303;Health sciences;0.9716179370880127;RDF106;Biological sciences;0.9073122143745422;RDF104;Chemical sciences;0.7745833396911621;RDF304;Medical biotechnology;0.5876251459121704;RDF301;Basic medicine and life sciences;0.5660222768783569
501;Identifying and functionally validating IBD genes and variants impacting intestinal epithelial barrier integrity (Genetics);RDF30;Medical, health and life sciences;0.8831151723861694;RDF10;Natural sciences;0.06310397386550903;RDF20-21;Engineering and technology;0.021829457953572273;RDF303;Health sciences;0.9802430868148804;RDF106;Biological sciences;0.9561454057693481;RDF301;Basic medicine and life sciences;0.7253082990646362;RDF402;Animal and dairy sciences;0.5100237131118774;RDF207;Medical and biomedical engineering;0.39774835109710693
502;Structural and functional characterization of type IV secretion system pili (Biochemistry & Molecular Biology);RDF10;Natural sciences;0.5056321024894714;RDF30;Medical, health and life sciences;0.35372135043144226;RDF20-21;Engineering and technology;0.05888231098651886;RDF106;Biological sciences;0.9644556045532227;RDF104;Chemical sciences;0.8259410262107849;RDF301;Basic medicine and life sciences;0.4839685261249542;RDF107;Other natural sciences;0.1540575623512268;RDF305;Other medical sciences;0.13968952000141144
503;Targeting the extracellular adenosine pathway in pancreatic and liver cancers;RDF30;Medical, health and life sciences;0.916079580783844;RDF10;Natural sciences;0.04263691231608391;RDF50;Social sciences;0.019808651879429817;RDF303;Health sciences;0.9798420071601868;RDF106;Biological sciences;0.9390807151794434;RDF304;Medical biotechnology;0.786335825920105;RDF301;Basic medicine and life sciences;0.6349961161613464;RDF302;Clinical medicine;0.6086231470108032
504;The impact of amyloid-induced neurodegeneration on sleep features and memory processes (Biological and Clinical Aspects of Aging);RDF30;Medical, health and life sciences;0.9305696487426758;RDF10;Natural sciences;0.03751944750547409;RDF50;Social sciences;0.021232297644019127;RDF303;Health sciences;0.9800912141799927;RDF106;Biological sciences;0.913945734500885;RDF501;Psychology and cognitive sciences;0.8871556520462036;RDF301;Basic medicine and life sciences;0.5572957396507263;RDF305;Other medical sciences;0.30275171995162964
505;Disentangling the Kinematics of the Solar Neighborhood to Calibrate the Ages of Stars and Exoplanets (Physics);RDF10;Natural sciences;0.7664538621902466;RDF20-21;Engineering and technology;0.15292660892009735;RDF30;Medical, health and life sciences;0.026316404342651367;RDF103;Physical sciences;0.9987282156944275;RDF107;Other natural sciences;0.08532741665840149;RDF503;Education;0.06187598779797554;RDF305;Other medical sciences;0.030908960849046707;RDF501;Psychology and cognitive sciences;0.0216359943151474
506;Towards a Transcultural History and Theory of Heterophony (Fine Arts, Research-Creation);RDF60;Humanities and the arts;0.8533240556716919;RDF50;Social sciences;0.07730605453252792;RDF10;Natural sciences;0.02827315777540207;RDF604;Arts (arts, history of arts, performing arts, music), architecture and design;0.6406358480453491;RDF503;Education;0.541825532913208;RDF605;Other humanities;0.15713685750961304;RDF509;Other social sciences;0.09401018172502518;RDF504;Sociology and related studies;0.08071905374526978
507;What Do Deep Learning Systems Understand? (Philosophy, medieval studies, classics, religious);RDF20-21;Engineering and technology;0.6632828712463379;RDF50;Social sciences;0.15232403576374054;RDF60;Humanities and the arts;0.08704627305269241;RDF503;Education;0.9831337332725525;RDF102;Computer and information sciences;0.9006609320640564;RDF501;Psychology and cognitive sciences;0.6155790686607361;RDF203;Electrical engineering, computer engineering, and information engineering;0.47648829221725464;RDF603;Philosophy;0.28383100032806396
508;Improving endurance performance using maple syrup;RDF30;Medical, health and life sciences;0.6227152943611145;RDF10;Natural sciences;0.17028245329856873;RDF20-21;Engineering and technology;0.11711905896663666;RDF303;Health sciences;0.8911023736000061;RDF104;Chemical sciences;0.8279672861099243;RDF302;Clinical medicine;0.8268516063690186;RDF103;Physical sciences;0.7478461861610413;RDF205;Chemical engineering;0.6352789998054504
509;Multi-Omic Primate Adaptation to Local Environments (Evolution and Ecology);RDF10;Natural sciences;0.7472081184387207;RDF50;Social sciences;0.08269605040550232;RDF40;Agricultural and veterinary sciences;0.0676925778388977;RDF402;Animal and dairy sciences;0.9258357286453247;RDF106;Biological sciences;0.7685161232948303;RDF503;Education;0.5066677331924438;RDF107;Other natural sciences;0.43859732151031494;RDF105;Earth and related environmental sciences;0.3754201829433441
510;The Role of the State for Long-run Economic Development in Europe (Economics);RDF50;Social sciences;0.3292514979839325;RDF40;Agricultural and veterinary sciences;0.16362924873828888;RDF30;Medical, health and life sciences;0.13407298922538757;RDF502;Economics and business administration;0.8938202857971191;RDF506;Political science and policy administration;0.03400406241416931;RDF509;Other social sciences;0.023375313729047775;RDF507;Social and economic geography;0.01910572685301304;RDF201;Civil engineering, maritime engineering, transport engineering, and mining engineering;0.011309891939163208
511;Éditions critiques numériques et multilinguisme;RDF60;Humanities and the arts;0.43083974719047546;RDF20-21;Engineering and technology;0.2969803214073181;RDF50;Social sciences;0.12416303902864456;RDF503;Education;0.6810111999511719;RDF602;Languages and literature;0.6205137968063354;RDF102;Computer and information sciences;0.11451698839664459;RDF605;Other humanities;0.10989668220281601;RDF203;Electrical engineering, computer engineering, and information engineering;0.09351231157779694
512;Metabolic control of vascular regeneration in retinopathy of prematurity (Clinical Investigation – Reproduction, Maternal, Child and Youth Health);RDF30;Medical, health and life sciences;0.9592941403388977;RDF10;Natural sciences;0.018057147040963173;RDF50;Social sciences;0.011124685406684875;RDF303;Health sciences;0.9463988542556763;RDF302;Clinical medicine;0.9075992703437805;RDF106;Biological sciences;0.6686368584632874;RDF103;Physical sciences;0.27144479751586914;RDF301;Basic medicine and life sciences;0.24148939549922943
513;Mechanics and dynamics of mineral dust production within cold climates (Geosciences);RDF10;Natural sciences;0.47950708866119385;RDF20-21;Engineering and technology;0.3123260736465454;RDF30;Medical, health and life sciences;0.07169120758771896;RDF105;Earth and related environmental sciences;0.9075992703437805;RDF204;Mechanical engineering;0.5443321466445923;RDF208;Environmental engineering and related engineering;0.3270232081413269;RDF206;Materials engineering and resources engineering;0.15980657935142517;RDF107;Other natural sciences;0.10837753862142563
514;Biosecurity in Canadian dairy farms: Unraveling the epidemiology of bovine infectious diseases and refining diagnostic strategies to improve their detection, prevention and control (Biological Systems and Functions);RDF40;Agricultural and veterinary sciences;0.5407551527023315;RDF30;Medical, health and life sciences;0.30781224370002747;RDF10;Natural sciences;0.10276492685079575;RDF402;Animal and dairy sciences;0.98873370885849;RDF404;Agricultural biotechnology and food sciences;0.9455503821372986;RDF106;Biological sciences;0.913174569606781;RDF401;Agriculture, forestry, and fisheries;0.815453052520752;RDF303;Health sciences;0.800925612449646
515;Mobilité urbaine et ressources langagières à Santiago du Chili (Linguistics and translation);RDF50;Social sciences;0.28935083746910095;RDF20-21;Engineering and technology;0.2546042203903198;RDF10;Natural sciences;0.19693511724472046;RDF503;Education;0.8955226540565491;RDF602;Languages and literature;0.4708886742591858;RDF509;Other social sciences;0.13735879957675934;RDF107;Other natural sciences;0.1270015686750412;RDF508;Media and communications;0.09747627377510071
516;Pays perdus, terres promises : deux imaginaires du territoire de l'Antiquité à nos jours;RDF60;Humanities and the arts;0.3307916522026062;RDF50;Social sciences;0.21821331977844238;RDF10;Natural sciences;0.20181433856487274;RDF601;History, archaeology and related studies;0.9279531240463257;RDF105;Earth and related environmental sciences;0.694898247718811;RDF603;Philosophy;0.32887959480285645;RDF509;Other social sciences;0.18772760033607483;RDF504;Sociology and related studies;0.17154641449451447
517;Supraionic engineering of liquid electrolytes for electrochemistry and ionometallurgy;RDF20-21;Engineering and technology;0.8588922023773193;RDF10;Natural sciences;0.10944945365190506;RDF50;Social sciences;0.019789185374975204;RDF104;Chemical sciences;0.9429811239242554;RDF205;Chemical engineering;0.8810531497001648;RDF103;Physical sciences;0.6879445314407349;RDF107;Other natural sciences;0.13892842829227448;RDF212;Other engineering and technologies;0.08563278615474701
518;Pricing and Profitability in Non-Life Insurance;RDF30;Medical, health and life sciences;0.38949763774871826;RDF50;Social sciences;0.3481220304965973;RDF40;Agricultural and veterinary sciences;0.09099060297012329;RDF502;Economics and business administration;0.23713397979736328;RDF509;Other social sciences;0.05374994874000549;RDF101;Mathematics and statistics;0.026784727349877357;RDF505;Law and legal practice;0.015159860253334045;RDF504;Sociology and related studies;0.011823395267128944
519;Regulation of glycolysis in T cell metabolic reprogramming (Genes, Cells and Molecules);RDF30;Medical, health and life sciences;0.6408718228340149;RDF10;Natural sciences;0.2435464709997177;RDF20-21;Engineering and technology;0.044820841401815414;RDF106;Biological sciences;0.956471860408783;RDF104;Chemical sciences;0.716168999671936;RDF303;Health sciences;0.7034985423088074;RDF301;Basic medicine and life sciences;0.5593041777610779;RDF103;Physical sciences;0.2885189950466156
520;After-images and urban spaces: lesbian, gay and queer visible presence in Montreal (1950-1990) (Communications, media studies, gender studies, library and information science, related fields);RDF50;Social sciences;0.5884027481079102;RDF60;Humanities and the arts;0.19912157952785492;RDF10;Natural sciences;0.09498140960931778;RDF508;Media and communications;0.6509667038917542;RDF509;Other social sciences;0.3744189143180847;RDF503;Education;0.2660234570503235;RDF504;Sociology and related studies;0.19049803912639618;RDF605;Other humanities;0.14928317070007324
521;Heterochromatin Protein 1 (HP1) in maternal infertility and embryonic development (Genes, Cells and Molecules);RDF30;Medical, health and life sciences;0.8078778386116028;RDF10;Natural sciences;0.14035385847091675;RDF50;Social sciences;0.026045385748147964;RDF106;Biological sciences;0.963230550289154;RDF303;Health sciences;0.9483940601348877;RDF301;Basic medicine and life sciences;0.8037135601043701;RDF103;Physical sciences;0.35248035192489624;RDF304;Medical biotechnology;0.29982221126556396
522;Chronic non-cancer pain, substance use, and related harms: Towards an optimal treatment pathway for people who inject drugs in the context of the opioid crisis (Behavioural Sciences – Clinical Behavioural Sciences);RDF30;Medical, health and life sciences;0.9624707102775574;RDF50;Social sciences;0.016560222953557968;RDF60;Humanities and the arts;0.007552263792604208;RDF303;Health sciences;0.9827572107315063;RDF302;Clinical medicine;0.3300931751728058;RDF501;Psychology and cognitive sciences;0.3232198655605316;RDF503;Education;0.1445106565952301;RDF207;Medical and biomedical engineering;0.12857984006404877
523;Simulation stochastique à haute résolution spatiale pour les études des risques d'inondation en milieu urbain;RDF20-21;Engineering and technology;0.6787332892417908;RDF10;Natural sciences;0.24127237498760223;RDF50;Social sciences;0.028124315664172173;RDF105;Earth and related environmental sciences;0.956916868686676;RDF208;Environmental engineering and related engineering;0.9558578729629517;RDF209;Environmental biotechnology;0.7546890377998352;RDF103;Physical sciences;0.4814690351486206;RDF101;Mathematics and statistics;0.34425053000450134
524;Innovative mobile health treatment modality to treat sleep difficulties in healthcare workers working on atypical work schedules;RDF30;Medical, health and life sciences;0.6528747081756592;RDF20-21;Engineering and technology;0.3030225336551666;RDF50;Social sciences;0.022647675126791;RDF303;Health sciences;0.7272012233734131;RDF207;Medical and biomedical engineering;0.7094722390174866;RDF304;Medical biotechnology;0.6400454640388489;RDF302;Clinical medicine;0.6221724152565002;RDF301;Basic medicine and life sciences;0.12458530813455582
525;Interpretable Machine Learning Approaches Applied to Omics Datasets (Genes, Cells and Molecules);RDF20-21;Engineering and technology;0.7503832578659058;RDF10;Natural sciences;0.18162496387958527;RDF50;Social sciences;0.03268103674054146;RDF102;Computer and information sciences;0.9031661748886108;RDF103;Physical sciences;0.2011847198009491;RDF106;Biological sciences;0.19698062539100647;RDF104;Chemical sciences;0.14104463160037994;RDF107;Other natural sciences;0.09244169294834137
526;Prevention and treatment of preeclampsia using exercise training and Angiotensin-(1-7): determining the mechanisms and clinical potential (Cardiovascular System – Heart and Circulation);RDF30;Medical, health and life sciences;0.9436224102973938;RDF50;Social sciences;0.023268239572644234;RDF10;Natural sciences;0.018397707492113113;RDF303;Health sciences;0.9858956933021545;RDF302;Clinical medicine;0.9427180290222168;RDF207;Medical and biomedical engineering;0.8144958019256592;RDF106;Biological sciences;0.7993640303611755;RDF301;Basic medicine and life sciences;0.7629985213279724
527;Connecting MRI physics and artificial intelligence to advance novel acquisition and analyses technologies for neuroimaging applications (Physics);RDF20-21;Engineering and technology;0.5884279608726501;RDF30;Medical, health and life sciences;0.3579467236995697;RDF10;Natural sciences;0.04217013344168663;RDF103;Physical sciences;0.9923489689826965;RDF207;Medical and biomedical engineering;0.8741847276687622;RDF304;Medical biotechnology;0.8501578569412231;RDF303;Health sciences;0.726037323474884;RDF301;Basic medicine and life sciences;0.16138631105422974
528;The Paperology Symposium;RDF10;Natural sciences;0.33933424949645996;RDF60;Humanities and the arts;0.20163877308368683;RDF50;Social sciences;0.18557703495025635;RDF503;Education;0.8928898572921753;RDF603;Philosophy;0.14330756664276123;RDF107;Other natural sciences;0.05628819391131401;RDF504;Sociology and related studies;0.047824516892433167;RDF601;History, archaeology and related studies;0.0383940152823925
529;Mechanisms affecting follicular development and ovulation in the Bovine model;RDF10;Natural sciences;0.3922012448310852;RDF30;Medical, health and life sciences;0.30968913435935974;RDF40;Agricultural and veterinary sciences;0.19193856418132782;RDF106;Biological sciences;0.9463988542556763;RDF402;Animal and dairy sciences;0.9166334867477417;RDF103;Physical sciences;0.679098904132843;RDF403;Veterinary sciences;0.4918830394744873;RDF301;Basic medicine and life sciences;0.38176682591438293
530;Measuring and modeling large-scale electrophysiological brain dynamics: From neural mechanisms to cognitive processes (Biological Systems and Functions);RDF10;Natural sciences;0.43266114592552185;RDF20-21;Engineering and technology;0.24045969545841217;RDF30;Medical, health and life sciences;0.17730386555194855;RDF106;Biological sciences;0.7572113871574402;RDF103;Physical sciences;0.5275751352310181;RDF501;Psychology and cognitive sciences;0.3226860463619232;RDF305;Other medical sciences;0.1641811579465866;RDF107;Other natural sciences;0.1583695113658905
531;Apprentissage des jeunes adultes touchés par un cancer du sang : création de solutions à l'aide du co-design;RDF30;Medical, health and life sciences;0.6919189095497131;RDF50;Social sciences;0.12254910171031952;RDF20-21;Engineering and technology;0.080056332051754;RDF503;Education;0.9726755023002625;RDF303;Health sciences;0.8565125465393066;RDF504;Sociology and related studies;0.45633405447006226;RDF604;Arts (arts, history of arts, performing arts, music), architecture and design;0.4374930262565613;RDF207;Medical and biomedical engineering;0.36925822496414185
532;Mentalisation parentale non verbale sous la loupe : Valeur ajoutée à la relation parent-enfant et complémentarité avec la mentalisation parentale verbale (Psychology, linguistics and translation);RDF50;Social sciences;0.4987958073616028;RDF30;Medical, health and life sciences;0.19305557012557983;RDF10;Natural sciences;0.1829599142074585;RDF501;Psychology and cognitive sciences;0.9780936241149902;RDF503;Education;0.6618136167526245;RDF509;Other social sciences;0.2652614414691925;RDF603;Philosophy;0.17328821122646332;RDF504;Sociology and related studies;0.1596754938364029
533;A multifactorial and integrative approach to investigate spoken discourse in Canadian French (Mutidisciplinary or interdisciplinary social sciences);RDF50;Social sciences;0.8333391547203064;RDF60;Humanities and the arts;0.1176169216632843;RDF20-21;Engineering and technology;0.01582472398877144;RDF602;Languages and literature;0.914976954460144;RDF503;Education;0.1822071522474289;RDF504;Sociology and related studies;0.13028542697429657;RDF605;Other humanities;0.0638899877667427;RDF508;Media and communications;0.0627317726612091
534;Opening the blackbox on the relation between participation in hackathons and the development of longer-term collaborative capabilities;RDF20-21;Engineering and technology;0.9138965606689453;RDF50;Social sciences;0.03677530959248543;RDF60;Humanities and the arts;0.02512761391699314;RDF102;Computer and information sciences;0.9728823304176331;RDF203;Electrical engineering, computer engineering, and information engineering;0.7196792364120483;RDF212;Other engineering and technologies;0.415814071893692;RDF503;Education;0.4086749255657196;RDF509;Other social sciences;0.12912793457508087
535;A multi-country comparison of COVID-19 response: Planning, implementation, and health system resilience (Canadian 2019 Novel Coronavirus (2019-nCoV) Rapid Research);RDF30;Medical, health and life sciences;0.8334211707115173;RDF50;Social sciences;0.05024672672152519;RDF20-21;Engineering and technology;0.047945763915777206;RDF303;Health sciences;0.8079915046691895;RDF305;Other medical sciences;0.15034042298793793;RDF207;Medical and biomedical engineering;0.0643000528216362;RDF107;Other natural sciences;0.05749328061938286;RDF509;Other social sciences;0.05379964038729668
536;Participatory Democracy and the Canadian Genetic Non-Discrimination Act (Multidisciplinary or interdisciplinary humanities);RDF60;Humanities and the arts;0.4979574382305145;RDF50;Social sciences;0.2473507970571518;RDF10;Natural sciences;0.12832389771938324;RDF504;Sociology and related studies;0.6015405058860779;RDF506;Political science and policy administration;0.13134025037288666;RDF605;Other humanities;0.13106195628643036;RDF509;Other social sciences;0.10753116011619568;RDF505;Law and legal practice;0.07640767842531204
537;Levelling the Playing Fields: Creating the conditions for free-play to emerge in cities (Public, Community & Population Health);RDF60;Humanities and the arts;0.47204652428627014;RDF50;Social sciences;0.23365144431591034;RDF30;Medical, health and life sciences;0.12960287928581238;RDF503;Education;0.5878396034240723;RDF504;Sociology and related studies;0.1712689995765686;RDF509;Other social sciences;0.13432104885578156;RDF303;Health sciences;0.1283065229654312;RDF103;Physical sciences;0.10585581511259079
538;Using prospective and observational designs to study support processes and sexual well-being in long-term couples (Psychology);RDF30;Medical, health and life sciences;0.5282796025276184;RDF50;Social sciences;0.2095203846693039;RDF10;Natural sciences;0.1421845257282257;RDF501;Psychology and cognitive sciences;0.9879345893859863;RDF503;Education;0.20930801331996918;RDF303;Health sciences;0.1712690144777298;RDF603;Philosophy;0.0649493932723999;RDF305;Other medical sciences;0.058993030339479446
539;Molecular dissection of mitotic kinase functions using chemogenomics (Genes, Cells and Molecules);RDF10;Natural sciences;0.4910658597946167;RDF30;Medical, health and life sciences;0.22957569360733032;RDF20-21;Engineering and technology;0.1835707128047943;RDF104;Chemical sciences;0.9539231657981873;RDF106;Biological sciences;0.3143661916255951;RDF103;Physical sciences;0.2674559950828552;RDF205;Chemical engineering;0.2490817755460739;RDF301;Basic medicine and life sciences;0.239349365234375
540;Compassion and Collective Care in Long-Term Care Settings: A Communicative Perspective (Communications, media studies, gender studies, library and information science, related fields);RDF30;Medical, health and life sciences;0.47788697481155396;RDF50;Social sciences;0.34261611104011536;RDF60;Humanities and the arts;0.13644973933696747;RDF508;Media and communications;0.6391310095787048;RDF509;Other social sciences;0.5373752117156982;RDF501;Psychology and cognitive sciences;0.5309814214706421;RDF303;Health sciences;0.46366432309150696;RDF503;Education;0.4098111391067505
541;Towards a better understanding of contaminant bioavailability- urgent replacement of photosynthetic incubators (Geosciences);RDF20-21;Engineering and technology;0.7752950191497803;RDF10;Natural sciences;0.11317408829927444;RDF30;Medical, health and life sciences;0.06666168570518494;RDF105;Earth and related environmental sciences;0.7826625108718872;RDF208;Environmental engineering and related engineering;0.6513548493385315;RDF209;Environmental biotechnology;0.5901298522949219;RDF503;Education;0.3072540760040283;RDF212;Other engineering and technologies;0.0833665132522583
542;Marking Monastic Space: The Spatial Iconography of Inscribed Capitals, 1080-1160 (Fine arts, research-creation);RDF60;Humanities and the arts;0.8277750611305237;RDF10;Natural sciences;0.06624439358711243;RDF50;Social sciences;0.057162027806043625;RDF604;Arts (arts, history of arts, performing arts, music), architecture and design;0.9558166861534119;RDF601;History, archaeology and related studies;0.22507578134536743;RDF503;Education;0.15102779865264893;RDF107;Other natural sciences;0.03577948734164238;RDF509;Other social sciences;0.03419705480337143
543;Dans l'intérêt du patient : la relation thérapeutique au sein de la Collection hippocratique (Philosophy, medieval studies, classics, religious);RDF30;Medical, health and life sciences;0.507117509841919;RDF60;Humanities and the arts;0.2023586481809616;RDF50;Social sciences;0.14447803795337677;RDF603;Philosophy;0.6662660837173462;RDF501;Psychology and cognitive sciences;0.22691209614276886;RDF503;Education;0.2206781506538391;RDF302;Clinical medicine;0.13968952000141144;RDF303;Health sciences;0.11915165930986404
544;Advanced methods for depth-based human pose estimation and motion analysis: application to vital signs monitoring in the intensive care unit (Electrical and Computer Engineering);RDF20-21;Engineering and technology;0.7079289555549622;RDF30;Medical, health and life sciences;0.2723983824253082;RDF10;Natural sciences;0.007223812863230705;RDF303;Health sciences;0.8066242337226868;RDF207;Medical and biomedical engineering;0.749454140663147;RDF203;Electrical engineering, computer engineering, and information engineering;0.7043381333351135;RDF304;Medical biotechnology;0.6515488624572754;RDF102;Computer and information sciences;0.5385737419128418
545;RÉAC ! Réactivité de la prise en charge des nouveaux arrivants face à la pandémie de COVID-19 à Montréal, Sherbrooke et Toronto : une recherche mixte participative (Health Policy & Systems Management Research);RDF30;Medical, health and life sciences;0.8550900816917419;RDF50;Social sciences;0.05951138585805893;RDF20-21;Engineering and technology;0.030100058764219284;RDF303;Health sciences;0.6072556972503662;RDF305;Other medical sciences;0.04573463276028633;RDF506;Political science and policy administration;0.03317983075976372;RDF605;Other humanities;0.02898063138127327;RDF504;Sociology and related studies;0.021064694970846176
546;Public School Choice and Refugee Assignment: (Dynamic) Minimal Instability for Non-Unit Capacities and for Lotteries and Weak Priorities (Economics);RDF50;Social sciences;0.5990819931030273;RDF10;Natural sciences;0.13315212726593018;RDF60;Humanities and the arts;0.08800818026065826;RDF503;Education;0.9809855818748474;RDF504;Sociology and related studies;0.28666824102401733;RDF506;Political science and policy administration;0.15215818583965302;RDF509;Other social sciences;0.11269772052764893;RDF507;Social and economic geography;0.10650458931922913
547;Metabolic and translational dependencies of activated T cells (Genes, Cells and Molecules);RDF10;Natural sciences;0.4453525245189667;RDF30;Medical, health and life sciences;0.41959747672080994;RDF50;Social sciences;0.06278006732463837;RDF106;Biological sciences;0.9518632292747498;RDF103;Physical sciences;0.6375951170921326;RDF104;Chemical sciences;0.5207248330116272;RDF301;Basic medicine and life sciences;0.5063472986221313;RDF303;Health sciences;0.4207445979118347
548;Transformer des espaces conventionnels et dysfonctionnels de participation : scénarios pour accroître la participation des citoyens aux comités consultatifs;RDF50;Social sciences;0.505073070526123;RDF20-21;Engineering and technology;0.23764950037002563;RDF60;Humanities and the arts;0.10251165926456451;RDF506;Political science and policy administration;0.8090497851371765;RDF504;Sociology and related studies;0.5286246538162231;RDF509;Other social sciences;0.19019703567028046;RDF505;Law and legal practice;0.18469396233558655;RDF603;Philosophy;0.0582922138273716
549;CITE-sequencing analysis revealed immune cell diversity in colonic mesenteric lymph nodes from IBD patients;RDF30;Medical, health and life sciences;0.7990126013755798;RDF20-21;Engineering and technology;0.09501001238822937;RDF10;Natural sciences;0.0632903054356575;RDF303;Health sciences;0.9748929738998413;RDF106;Biological sciences;0.9619648456573486;RDF304;Medical biotechnology;0.9167453646659851;RDF301;Basic medicine and life sciences;0.4119090437889099;RDF207;Medical and biomedical engineering;0.35334450006484985
550;The neglected place of financial information and accountants in Canadian tech startups;RDF20-21;Engineering and technology;0.7093480825424194;RDF50;Social sciences;0.1473863422870636;RDF60;Humanities and the arts;0.04860285669565201;RDF203;Electrical engineering, computer engineering, and information engineering;0.3981577455997467;RDF502;Economics and business administration;0.2954839766025543;RDF102;Computer and information sciences;0.18616902828216553;RDF504;Sociology and related studies;0.06114313751459122;RDF509;Other social sciences;0.06080765277147293
551;Reinventing the Rash: A Global History of Measles in the Vaccine Era (History);RDF30;Medical, health and life sciences;0.7892604470252991;RDF10;Natural sciences;0.11493175476789474;RDF40;Agricultural and veterinary sciences;0.04461407661437988;RDF601;History, archaeology and related studies;0.9923192262649536;RDF503;Education;0.9872649908065796;RDF303;Health sciences;0.8807970881462097;RDF106;Biological sciences;0.4218197166919708;RDF305;Other medical sciences;0.26707351207733154
552;A New, Data-Driven Era for Precision Cosmology: Measuring the Expansion Rate of the Universe with Machine Learning (Physics);RDF20-21;Engineering and technology;0.8584092259407043;RDF10;Natural sciences;0.12672190368175507;RDF50;Social sciences;0.00810106098651886;RDF103;Physical sciences;0.9913390874862671;RDF102;Computer and information sciences;0.42318981885910034;RDF107;Other natural sciences;0.07857165485620499;RDF212;Other engineering and technologies;0.07165613770484924;RDF305;Other medical sciences;0.047913532704114914
553;Créer-Entreprendre ! Trajectoires croisées : arts numériques et école nationale de cirque. Une exploration des reconfigurations des projets créatifs et des modèles de valeur post-Covid;RDF60;Humanities and the arts;0.633114218711853;RDF20-21;Engineering and technology;0.22333182394504547;RDF50;Social sciences;0.1055460050702095;RDF503;Education;0.9770664572715759;RDF508;Media and communications;0.1284158080816269;RDF509;Other social sciences;0.110279381275177;RDF212;Other engineering and technologies;0.06560483574867249;RDF102;Computer and information sciences;0.053551625460386276
554;Factors that control translational fidelity in mammalian cells (Genes, Cells and Molecules);RDF30;Medical, health and life sciences;0.5529291033744812;RDF10;Natural sciences;0.36815038323402405;RDF50;Social sciences;0.0391261987388134;RDF106;Biological sciences;0.95743727684021;RDF301;Basic medicine and life sciences;0.7339765429496765;RDF103;Physical sciences;0.2720728814601898;RDF303;Health sciences;0.21808597445487976;RDF107;Other natural sciences;0.17752550542354584
555;Exploiting the synthetic-lethal vulnerabilities of stem cells and cancer cells with eroded telomeres (Molecular & Cellular Biology of Cancer);RDF30;Medical, health and life sciences;0.8278411030769348;RDF20-21;Engineering and technology;0.093563973903656;RDF10;Natural sciences;0.0647624209523201;RDF106;Biological sciences;0.9663470983505249;RDF304;Medical biotechnology;0.894467294216156;RDF207;Medical and biomedical engineering;0.8674854636192322;RDF303;Health sciences;0.8484706878662109;RDF301;Basic medicine and life sciences;0.6376796960830688
556;Physicochemical characterization of pre-clinical samples of a bacteriophage therapy spray-on patch for the treatment of COVID-19-related pressure injury resistant infections;RDF30;Medical, health and life sciences;0.8872480392456055;RDF10;Natural sciences;0.03800561651587486;RDF20-21;Engineering and technology;0.034875914454460144;RDF303;Health sciences;0.9633686542510986;RDF304;Medical biotechnology;0.866245687007904;RDF302;Clinical medicine;0.8292155861854553;RDF103;Physical sciences;0.792865514755249;RDF207;Medical and biomedical engineering;0.7598941922187805
557;Dumping of waste rocks (WR) in mine stopes being filled with paste backfill (PB): Experimental and numerical investigations on the natural mixing behavior between WR and PB;RDF20-21;Engineering and technology;0.49244171380996704;RDF10;Natural sciences;0.3643469512462616;RDF50;Social sciences;0.09311625361442566;RDF208;Environmental engineering and related engineering;0.991186797618866;RDF105;Earth and related environmental sciences;0.9621431827545166;RDF201;Civil engineering, maritime engineering, transport engineering, and mining engineering;0.9281812310218811;RDF209;Environmental biotechnology;0.8852352499961853;RDF206;Materials engineering and resources engineering;0.7834919095039368
558;Deep neural network uncertainty estimation for safe integration into autonomous driving autonomy systems;RDF20-21;Engineering and technology;0.9440662264823914;RDF10;Natural sciences;0.022907085716724396;RDF50;Social sciences;0.019083596765995026;RDF102;Computer and information sciences;0.9646559357643127;RDF202;Industrial, systems and processes engineering;0.7419545650482178;RDF203;Electrical engineering, computer engineering, and information engineering;0.3048688471317291;RDF501;Psychology and cognitive sciences;0.2700468897819519;RDF103;Physical sciences;0.1581743359565735
559;Adaptive Mechanical Systems for Physical Embodied Intelligence Robotics;RDF20-21;Engineering and technology;0.9458129405975342;RDF10;Natural sciences;0.028982529416680336;RDF50;Social sciences;0.01648152619600296;RDF204;Mechanical engineering;0.9743616580963135;RDF202;Industrial, systems and processes engineering;0.6079760193824768;RDF103;Physical sciences;0.5115640759468079;RDF102;Computer and information sciences;0.12787029147148132;RDF104;Chemical sciences;0.10922977328300476
560;Transnational families and midwifery care: Expectations, challenges and practices during pregnancy, childbirth and postpartum (Evolving Narratives of Cultures and Histories);RDF30;Medical, health and life sciences;0.8265383243560791;RDF50;Social sciences;0.07368253916501999;RDF60;Humanities and the arts;0.06031438335776329;RDF503;Education;0.9189906120300293;RDF303;Health sciences;0.8251674175262451;RDF106;Biological sciences;0.3375582993030548;RDF605;Other humanities;0.1711304485797882;RDF301;Basic medicine and life sciences;0.16324524581432343
561;Constructing participatory performance: the ecologies and architectures of audience engagement (Communications, media studies, gender studies, library and information science, related fields);RDF50;Social sciences;0.3600267469882965;RDF60;Humanities and the arts;0.2817615568637848;RDF20-21;Engineering and technology;0.22817745804786682;RDF508;Media and communications;0.9649543762207031;RDF503;Education;0.5554654002189636;RDF604;Arts (arts, history of arts, performing arts, music), architecture and design;0.24265404045581818;RDF509;Other social sciences;0.20008836686611176;RDF212;Other engineering and technologies;0.07689149677753448
562;Development and implementation of a standardized methodology aiming to optimize the efficacy and reproducibility of findings using non-invasive brain stimulation techniques in the context of motor training (Biological Systems and Functions);RDF30;Medical, health and life sciences;0.4140746295452118;RDF10;Natural sciences;0.2547849714756012;RDF20-21;Engineering and technology;0.24775376915931702;RDF106;Biological sciences;0.8818694949150085;RDF501;Psychology and cognitive sciences;0.8250970244407654;RDF301;Basic medicine and life sciences;0.25734490156173706;RDF503;Education;0.23868325352668762;RDF303;Health sciences;0.1748325377702713
563;Putting interfaces at work (Materials and Chemical Engineering);RDF20-21;Engineering and technology;0.9600605368614197;RDF10;Natural sciences;0.026319673284888268;RDF50;Social sciences;0.0072589172050356865;RDF205;Chemical engineering;0.7052270770072937;RDF104;Chemical sciences;0.6460136771202087;RDF202;Industrial, systems and processes engineering;0.44774702191352844;RDF503;Education;0.2433726042509079;RDF206;Materials engineering and resources engineering;0.13511791825294495
564;Les outils de l'intersectorialité au niveau régional, comment sont-ils produits et comment opèrent-ils? (Political science and public administration);RDF20-21;Engineering and technology;0.5803623199462891;RDF50;Social sciences;0.16290134191513062;RDF40;Agricultural and veterinary sciences;0.07970250397920609;RDF506;Political science and policy administration;0.9350506067276001;RDF503;Education;0.28666821122169495;RDF212;Other engineering and technologies;0.06773144751787186;RDF202;Industrial, systems and processes engineering;0.035377386957407;RDF509;Other social sciences;0.030908958986401558
565;Cell biology and function of dopamine neuron connectivity in health and disease (Molecular & Cellular Neurosciences);RDF30;Medical, health and life sciences;0.9285153150558472;RDF10;Natural sciences;0.04250418394804001;RDF20-21;Engineering and technology;0.00962391309440136;RDF303;Health sciences;0.5737175941467285;RDF106;Biological sciences;0.34075936675071716;RDF301;Basic medicine and life sciences;0.28076422214508057;RDF305;Other medical sciences;0.12210386991500854;RDF304;Medical biotechnology;0.07661468535661697
566;Exploiting Graphical Optimization Models to Solve Discrete Decision Problems in Healthcare and Supply Chain Logistics (Civil, Industrial and Systems Engineering);RDF20-21;Engineering and technology;0.9736741185188293;RDF30;Medical, health and life sciences;0.01709175482392311;RDF50;Social sciences;0.004073547199368477;RDF102;Computer and information sciences;0.7377253770828247;RDF202;Industrial, systems and processes engineering;0.7264255881309509;RDF201;Civil engineering, maritime engineering, transport engineering, and mining engineering;0.20963142812252045;RDF303;Health sciences;0.11661302298307419;RDF212;Other engineering and technologies;0.08601588010787964
567;Alliance de recherche et d'action Alternatives inclusives en Santé mentale;RDF30;Medical, health and life sciences;0.6685777902603149;RDF50;Social sciences;0.2128572016954422;RDF60;Humanities and the arts;0.038275159895420074;RDF501;Psychology and cognitive sciences;0.47187724709510803;RDF303;Health sciences;0.2394382357597351;RDF504;Sociology and related studies;0.05597776174545288;RDF509;Other social sciences;0.05047084763646126;RDF305;Other medical sciences;0.014503579586744308
568;The development of a quality benchmark that identifies and addresses the determinants of online information reliability to inform information-seeking by a diverse population (Communications, media studies, gender studies, library and information science, related fields);RDF20-21;Engineering and technology;0.7561204433441162;RDF50;Social sciences;0.12280953675508499;RDF10;Natural sciences;0.0584661066532135;RDF508;Media and communications;0.7962528467178345;RDF102;Computer and information sciences;0.7098746299743652;RDF203;Electrical engineering, computer engineering, and information engineering;0.509337306022644;RDF509;Other social sciences;0.11823229491710663;RDF504;Sociology and related studies;0.11807967722415924
569;Staufen2 and DNA damage (Genes, Cells and Molecules);RDF30;Medical, health and life sciences;0.48584845662117004;RDF10;Natural sciences;0.3876359760761261;RDF50;Social sciences;0.04747547209262848;RDF106;Biological sciences;0.8780530691146851;RDF104;Chemical sciences;0.7272012233734131;RDF301;Basic medicine and life sciences;0.558816134929657;RDF103;Physical sciences;0.42887988686561584;RDF302;Clinical medicine;0.33006617426872253
570;Ultra-high-resolution emission and absorption spectroscopy of non-equilibrium and highly-reactive plasmas applied to complex materials processing (Physics);RDF20-21;Engineering and technology;0.9280004501342773;RDF10;Natural sciences;0.05592156946659088;RDF50;Social sciences;0.007253395393490791;RDF103;Physical sciences;0.9950563311576843;RDF104;Chemical sciences;0.11681438237428665;RDF206;Materials engineering and resources engineering;0.09334687888622284;RDF211;Nano-technology;0.08035746216773987;RDF212;Other engineering and technologies;0.07303238660097122
571;Symmetries: Algebra and Physics;RDF10;Natural sciences;0.8614240288734436;RDF50;Social sciences;0.06391234695911407;RDF20-21;Engineering and technology;0.023012284189462662;RDF503;Education;0.8727275133132935;RDF103;Physical sciences;0.4708126485347748;RDF107;Other natural sciences;0.09089675545692444;RDF101;Mathematics and statistics;0.02563829906284809;RDF509;Other social sciences;0.0137688172981143
572;Mobilizing Women's Entrepreneurship for empowerment and local economic development;RDF50;Social sciences;0.2895117998123169;RDF20-21;Engineering and technology;0.27038225531578064;RDF40;Agricultural and veterinary sciences;0.12747032940387726;RDF502;Economics and business administration;0.2359876185655594;RDF504;Sociology and related studies;0.1388116478919983;RDF509;Other social sciences;0.04599103331565857;RDF507;Social and economic geography;0.024727409705519676;RDF603;Philosophy;0.013402404263615608
573;Calmodulation of ion channels (Genes, Cells and Molecules);RDF10;Natural sciences;0.845363974571228;RDF20-21;Engineering and technology;0.05792234465479851;RDF50;Social sciences;0.0418831892311573;RDF103;Physical sciences;0.9156582355499268;RDF104;Chemical sciences;0.8153060674667358;RDF106;Biological sciences;0.7085655927658081;RDF107;Other natural sciences;0.2965523898601532;RDF205;Chemical engineering;0.22261562943458557
574;A multidimensional approach to study the biophysics of bioadhesin interaction with advanced nanomaterials;RDF10;Natural sciences;0.5784737467765808;RDF20-21;Engineering and technology;0.2423536628484726;RDF30;Medical, health and life sciences;0.10003402084112167;RDF106;Biological sciences;0.876634418964386;RDF103;Physical sciences;0.6461532115936279;RDF104;Chemical sciences;0.4497022330760956;RDF211;Nano-technology;0.32199275493621826;RDF107;Other natural sciences;0.2080180048942566
575;Smart nanostructured optical coatings prepared by pulsed plasma-based techniques (Physics);RDF20-21;Engineering and technology;0.9638828635215759;RDF10;Natural sciences;0.02353685349225998;RDF30;Medical, health and life sciences;0.006245787721127272;RDF103;Physical sciences;0.9807657599449158;RDF211;Nano-technology;0.9766246676445007;RDF102;Computer and information sciences;0.3185381591320038;RDF202;Industrial, systems and processes engineering;0.11436852067708969;RDF508;Media and communications;0.09195128828287125
576;Développement de vêtements de protection chimique intelligents à haute performance de filtration (Materials and Chemical Engineering);RDF20-21;Engineering and technology;0.9307518601417542;RDF30;Medical, health and life sciences;0.027942068874835968;RDF10;Natural sciences;0.019204283133149147;RDF104;Chemical sciences;0.6848439574241638;RDF205;Chemical engineering;0.6002103090286255;RDF202;Industrial, systems and processes engineering;0.13614831864833832;RDF305;Other medical sciences;0.11426965147256851;RDF206;Materials engineering and resources engineering;0.10818894952535629
577;Context and Culture: Linguistic Anthropology and the Legacy of Michael Silverstein;RDF60;Humanities and the arts;0.5725752711296082;RDF50;Social sciences;0.22395017743110657;RDF10;Natural sciences;0.12265466153621674;RDF602;Languages and literature;0.9587699770927429;RDF503;Education;0.8663588166236877;RDF509;Other social sciences;0.1578495353460312;RDF501;Psychology and cognitive sciences;0.13626320660114288;RDF107;Other natural sciences;0.1119188517332077
578;Ultra-trace laboratory for legacy and emerging contaminants (Geosciences);RDF20-21;Engineering and technology;0.877773106098175;RDF10;Natural sciences;0.05605938658118248;RDF30;Medical, health and life sciences;0.04426009580492973;RDF105;Earth and related environmental sciences;0.7133317589759827;RDF208;Environmental engineering and related engineering;0.36531513929367065;RDF601;History, archaeology and related studies;0.08509904146194458;RDF107;Other natural sciences;0.06779314577579498;RDF212;Other engineering and technologies;0.05608105659484863
579;Improving vulnerable preschoolers' mental health: A superiority trial assessing the How-to Parenting Program;RDF30;Medical, health and life sciences;0.7308675050735474;RDF50;Social sciences;0.16998939216136932;RDF60;Humanities and the arts;0.03000491112470627;RDF503;Education;0.9980199933052063;RDF501;Psychology and cognitive sciences;0.8550662398338318;RDF303;Health sciences;0.7348337173461914;RDF504;Sociology and related studies;0.43386340141296387;RDF509;Other social sciences;0.1854303777217865
580;Polymeric Nanoparticles for Delivery of Ribonucleic Acids: Overcoming the Endosomal Barrier and Going Beyond the Liver (Materials and Chemical Engineering);RDF20-21;Engineering and technology;0.8707514405250549;RDF30;Medical, health and life sciences;0.08604784309864044;RDF10;Natural sciences;0.03205575421452522;RDF211;Nano-technology;0.9973008036613464;RDF205;Chemical engineering;0.9927531480789185;RDF104;Chemical sciences;0.9692659974098206;RDF304;Medical biotechnology;0.5523887872695923;RDF301;Basic medicine and life sciences;0.3218861520290375
581;Crime in the Decentralized Finance Industry (Law and criminology);RDF50;Social sciences;0.6960232257843018;RDF10;Natural sciences;0.07939890027046204;RDF60;Humanities and the arts;0.05888912081718445;RDF505;Law and legal practice;0.9135223627090454;RDF502;Economics and business administration;0.09244170039892197;RDF509;Other social sciences;0.06662990152835846;RDF305;Other medical sciences;0.030675804242491722;RDF107;Other natural sciences;0.0237346850335598
582;Gravitation, quantum mechanics and quantum field theory;RDF10;Natural sciences;0.6294349431991577;RDF20-21;Engineering and technology;0.31488123536109924;RDF50;Social sciences;0.03832085803151131;RDF103;Physical sciences;0.9937466382980347;RDF204;Mechanical engineering;0.48313018679618835;RDF107;Other natural sciences;0.2661665081977844;RDF101;Mathematics and statistics;0.1525365114212036;RDF212;Other engineering and technologies;0.09211448580026627
583;Improving hedging effectiveness in actuarial and financial applications (Mathematics and Statistics);RDF50;Social sciences;0.4382813572883606;RDF20-21;Engineering and technology;0.2329968810081482;RDF10;Natural sciences;0.19774188101291656;RDF101;Mathematics and statistics;0.9809490442276001;RDF502;Economics and business administration;0.8004580736160278;RDF509;Other social sciences;0.05997643619775772;RDF107;Other natural sciences;0.031291499733924866;RDF305;Other medical sciences;0.027040470391511917
584;Closing the Comorbidity Gap for People Living with HIV : a Randomized Controlled Trial of Fostemsavir to Reduce Inflammaging;RDF30;Medical, health and life sciences;0.8826233148574829;RDF50;Social sciences;0.061143334954977036;RDF20-21;Engineering and technology;0.019595135003328323;RDF303;Health sciences;0.974531888961792;RDF302;Clinical medicine;0.8705422282218933;RDF207;Medical and biomedical engineering;0.4475829005241394;RDF504;Sociology and related studies;0.3897497355937958;RDF304;Medical biotechnology;0.3843053877353668
585;Autonomie des acteurs dans les relations asymétriques: États de facto et leur patron entre l'Europe et la Russie (Political science and public administration);RDF50;Social sciences;0.26884523034095764;RDF60;Humanities and the arts;0.2172926813364029;RDF20-21;Engineering and technology;0.13571296632289886;RDF506;Political science and policy administration;0.9023517966270447;RDF605;Other humanities;0.04616273194551468;RDF305;Other medical sciences;0.044431429356336594;RDF509;Other social sciences;0.03390796110033989;RDF107;Other natural sciences;0.027663977816700935
586;Replacement of the femtosecond laser in the THz spectroscopic microscopy laboratory (Electrical and Computer Engineering);RDF20-21;Engineering and technology;0.9801545143127441;RDF10;Natural sciences;0.007113035302609205;RDF30;Medical, health and life sciences;0.0062527586705982685;RDF102;Computer and information sciences;0.4147432744503021;RDF203;Electrical engineering, computer engineering, and information engineering;0.3777414858341217;RDF211;Nano-technology;0.2516017258167267;RDF103;Physical sciences;0.24059611558914185;RDF212;Other engineering and technologies;0.1125025674700737
587;Bringing nutrition to life among vulnerable populations: experiences from Latin America and Canada;RDF30;Medical, health and life sciences;0.3651149868965149;RDF50;Social sciences;0.22210317850112915;RDF10;Natural sciences;0.14340059459209442;RDF303;Health sciences;0.3064751625061035;RDF504;Sociology and related studies;0.2784039080142975;RDF509;Other social sciences;0.15941359102725983;RDF106;Biological sciences;0.13828712701797485;RDF305;Other medical sciences;0.12984344363212585
588;Long non-coding RNAs in growth factor signaling (Genes, Cells and Molecules);RDF10;Natural sciences;0.6534115076065063;RDF30;Medical, health and life sciences;0.1283310502767563;RDF50;Social sciences;0.10181606560945511;RDF106;Biological sciences;0.6748813390731812;RDF103;Physical sciences;0.22858673334121704;RDF104;Chemical sciences;0.19185705482959747;RDF107;Other natural sciences;0.1424703449010849;RDF301;Basic medicine and life sciences;0.1372431218624115
589;Plan d'action pour la gestion de la douleur chronique du Ministère de la Santé et des Services sociaux du Québec: Évaluation de la mise en œuvre et des impacts des projets initiaux en vue d'une généralisation progressive à l'ensemble du Québec;RDF30;Medical, health and life sciences;0.7579219341278076;RDF50;Social sciences;0.20544132590293884;RDF40;Agricultural and veterinary sciences;0.010509294457733631;RDF303;Health sciences;0.5024260878562927;RDF507;Social and economic geography;0.2304864525794983;RDF506;Political science and policy administration;0.1509026288986206;RDF509;Other social sciences;0.11772418767213821;RDF302;Clinical medicine;0.11187032610177994
590;INNOV Phase I: Leverage artificial intelligence to improve Environmental, Social, and Governance (ESG) data;RDF20-21;Engineering and technology;0.9170170426368713;RDF50;Social sciences;0.0330454483628273;RDF10;Natural sciences;0.03159383311867714;RDF102;Computer and information sciences;0.847967803478241;RDF208;Environmental engineering and related engineering;0.4943544864654541;RDF105;Earth and related environmental sciences;0.4794275164604187;RDF203;Electrical engineering, computer engineering, and information engineering;0.21223202347755432;RDF502;Economics and business administration;0.14903530478477478
591;Prevention of anastomotic leak in colorectal surgery through microbiome mediation of intestinal healing (Nutrition, Food & Health);RDF30;Medical, health and life sciences;0.9034389853477478;RDF10;Natural sciences;0.037969186902046204;RDF50;Social sciences;0.02065357193350792;RDF303;Health sciences;0.9691494703292847;RDF304;Medical biotechnology;0.9428234100341797;RDF207;Medical and biomedical engineering;0.9323917627334595;RDF302;Clinical medicine;0.7898017168045044;RDF106;Biological sciences;0.7794057726860046
592;Development of a tailored approach to move towards a sustainable circular economy business model in the plastic film sector: the case of Balcan;RDF20-21;Engineering and technology;0.4059014916419983;RDF60;Humanities and the arts;0.27464666962623596;RDF50;Social sciences;0.11183761805295944;RDF502;Economics and business administration;0.2896227538585663;RDF206;Materials engineering and resources engineering;0.09773432463407516;RDF507;Social and economic geography;0.05108273774385452;RDF202;Industrial, systems and processes engineering;0.05079945549368858;RDF504;Sociology and related studies;0.021553462371230125
593;Enseignement de l'histoire et jeux vidéos (Education and social work);RDF60;Humanities and the arts;0.609374463558197;RDF50;Social sciences;0.2329927235841751;RDF20-21;Engineering and technology;0.044035300612449646;RDF503;Education;0.9968641400337219;RDF601;History, archaeology and related studies;0.36518779397010803;RDF509;Other social sciences;0.14348748326301575;RDF508;Media and communications;0.10984892398118973;RDF504;Sociology and related studies;0.06711740791797638
594;Functions of bacterial type IA topoisomerases in the prevention of R-loop-dependent and -independent genomic instability (Genes, Cells and Molecules);RDF10;Natural sciences;0.43592962622642517;RDF30;Medical, health and life sciences;0.42365366220474243;RDF20-21;Engineering and technology;0.058939073234796524;RDF106;Biological sciences;0.9095059633255005;RDF301;Basic medicine and life sciences;0.5826839804649353;RDF303;Health sciences;0.30337050557136536;RDF107;Other natural sciences;0.2770327031612396;RDF305;Other medical sciences;0.2050573229789734
595;High-Performance Dynamic Language Implementation (Computer Science);RDF20-21;Engineering and technology;0.9463230967521667;RDF50;Social sciences;0.015827735885977745;RDF10;Natural sciences;0.012968781404197216;RDF102;Computer and information sciences;0.9973269701004028;RDF203;Electrical engineering, computer engineering, and information engineering;0.8017807006835938;RDF503;Education;0.06748520582914352;RDF212;Other engineering and technologies;0.054903849959373474;RDF602;Languages and literature;0.03286798670887947
596;Methodological improvements for the statistical analysis of neurophysiological data with applications in user experience;RDF20-21;Engineering and technology;0.45382118225097656;RDF30;Medical, health and life sciences;0.2635830044746399;RDF10;Natural sciences;0.18495643138885498;RDF101;Mathematics and statistics;0.9128254652023315;RDF501;Psychology and cognitive sciences;0.8489096164703369;RDF102;Computer and information sciences;0.6718474626541138;RDF106;Biological sciences;0.4590609669685364;RDF303;Health sciences;0.2589814066886902
597;Glycerol 3-phosphate phosphatase and the glycerol shunt in senescence and healthy aging;RDF30;Medical, health and life sciences;0.6910040974617004;RDF10;Natural sciences;0.22444576025009155;RDF50;Social sciences;0.033540546894073486;RDF104;Chemical sciences;0.9663470387458801;RDF303;Health sciences;0.9434518814086914;RDF106;Biological sciences;0.9036774039268494;RDF301;Basic medicine and life sciences;0.8715295195579529;RDF302;Clinical medicine;0.6508557200431824
598;Regulation of innate antiviral defenses through Interleukin-17 receptor D (IL-17RD) (Virology & Viral Pathogenesis);RDF30;Medical, health and life sciences;0.70283043384552;RDF10;Natural sciences;0.13286639750003815;RDF50;Social sciences;0.0713966116309166;RDF106;Biological sciences;0.7894772291183472;RDF303;Health sciences;0.46768882870674133;RDF301;Basic medicine and life sciences;0.3290143311023712;RDF305;Other medical sciences;0.21950477361679077;RDF107;Other natural sciences;0.19170570373535156
599;Biological modeling to bridge in vitro and epidemiological studies: A new approach for animal-free chemical risk assessment;RDF30;Medical, health and life sciences;0.8268916010856628;RDF10;Natural sciences;0.08916064351797104;RDF20-21;Engineering and technology;0.030178409069776535;RDF106;Biological sciences;0.9771755337715149;RDF303;Health sciences;0.7760294079780579;RDF301;Basic medicine and life sciences;0.6813028454780579;RDF304;Medical biotechnology;0.6404250264167786;RDF104;Chemical sciences;0.43881529569625854
600;IAL (Intelligence Artificielle Littéraire) : expérimentation d'algorithmes d'apprentissage automatique pour définir et identifier les variations dans l'Anthologie grecque (Literature);RDF20-21;Engineering and technology;0.4337615966796875;RDF10;Natural sciences;0.2561183273792267;RDF60;Humanities and the arts;0.15504050254821777;RDF503;Education;0.9424007534980774;RDF602;Languages and literature;0.8816149234771729;RDF102;Computer and information sciences;0.4664354622364044;RDF501;Psychology and cognitive sciences;0.13922074437141418;RDF212;Other engineering and technologies;0.08006926625967026
601;Studies on the pathogenesis of the infections caused by streptococcus suis (Biological Systems and Functions);RDF30;Medical, health and life sciences;0.789892852306366;RDF10;Natural sciences;0.11746443063020706;RDF50;Social sciences;0.03737926110625267;RDF106;Biological sciences;0.9405171871185303;RDF303;Health sciences;0.8967949151992798;RDF301;Basic medicine and life sciences;0.40035369992256165;RDF305;Other medical sciences;0.22644133865833282;RDF207;Medical and biomedical engineering;0.1822071522474289
602;Autonomous learning agents for intelligent neurostimulation;RDF20-21;Engineering and technology;0.4003439247608185;RDF10;Natural sciences;0.20628073811531067;RDF50;Social sciences;0.19993413984775543;RDF501;Psychology and cognitive sciences;0.915014922618866;RDF503;Education;0.7708531022071838;RDF102;Computer and information sciences;0.10123348981142044;RDF509;Other social sciences;0.08502304553985596;RDF107;Other natural sciences;0.06400690227746964
603;Hox genes in development and evolution of distal limbs (Developmental Biology);RDF10;Natural sciences;0.676977813243866;RDF30;Medical, health and life sciences;0.25078514218330383;RDF50;Social sciences;0.04026058316230774;RDF106;Biological sciences;0.9737197756767273;RDF301;Basic medicine and life sciences;0.21866938471794128;RDF107;Other natural sciences;0.12554705142974854;RDF103;Physical sciences;0.07551658898591995;RDF305;Other medical sciences;0.0723084807395935
604;Defence Lawyers and the Relevance of Social Problems in Lower Criminal Courts: A Comparative Analysis (Law and criminology);RDF50;Social sciences;0.5754868984222412;RDF20-21;Engineering and technology;0.0955183207988739;RDF60;Humanities and the arts;0.09294187277555466;RDF505;Law and legal practice;0.9740427136421204;RDF503;Education;0.4511243999004364;RDF305;Other medical sciences;0.05818508192896843;RDF509;Other social sciences;0.04472257196903229;RDF504;Sociology and related studies;0.04031343758106232
605;Les pratiques extrascolaires de littératie d'adolescents ayant une déficience intellectuelle (Education and social work);RDF60;Humanities and the arts;0.6463673710823059;RDF50;Social sciences;0.2274509072303772;RDF40;Agricultural and veterinary sciences;0.03906456008553505;RDF503;Education;0.9898597598075867;RDF602;Languages and literature;0.6951311230659485;RDF504;Sociology and related studies;0.14276887476444244;RDF509;Other social sciences;0.08670937269926071;RDF501;Psychology and cognitive sciences;0.0768221989274025
606;Brain-Derived Neurotrophic Factor in hemostasis and thrombosis;RDF30;Medical, health and life sciences;0.864409863948822;RDF10;Natural sciences;0.05969184637069702;RDF50;Social sciences;0.05211501941084862;RDF303;Health sciences;0.920575737953186;RDF501;Psychology and cognitive sciences;0.8487215638160706;RDF106;Biological sciences;0.6472688913345337;RDF304;Medical biotechnology;0.3961849510669708;RDF301;Basic medicine and life sciences;0.3238610625267029
607;Engagement des bibliothèques publiques et scolaires en faveur du développement des compétences en littératie pour les élèves du troisième cycle du primaire et du secondaire : portrait et stratégie de transfert (Communications, media studies, gender studies, library and information science, related fields);RDF60;Humanities and the arts;0.5084058046340942;RDF50;Social sciences;0.190907284617424;RDF10;Natural sciences;0.08588075637817383;RDF503;Education;0.9987934231758118;RDF602;Languages and literature;0.8003021478652954;RDF508;Media and communications;0.6688666939735413;RDF509;Other social sciences;0.08079154789447784;RDF305;Other medical sciences;0.019493870437145233
608;Mieux comprendre les défis et conditions de pratiques des parents d'accueil dans le contexte actuel de professionnalisation de l'accueil familial (Education and social work);RDF50;Social sciences;0.5494757294654846;RDF60;Humanities and the arts;0.24406659603118896;RDF10;Natural sciences;0.06473439186811447;RDF503;Education;0.9524857997894287;RDF504;Sociology and related studies;0.33494284749031067;RDF509;Other social sciences;0.13735879957675934;RDF501;Psychology and cognitive sciences;0.12934774160385132;RDF305;Other medical sciences;0.039825137704610825
609;A mixed methods study of stakeholders' perspectives on ethical and logistical issues related to advanced living donation in kidney transplantation in Canada, and a proposal for guidelines in a Canadian context (Health Policy & Systems Management Research);RDF30;Medical, health and life sciences;0.9269015192985535;RDF50;Social sciences;0.043309442698955536;RDF10;Natural sciences;0.008876522071659565;RDF303;Health sciences;0.8530579805374146;RDF304;Medical biotechnology;0.15604057908058167;RDF305;Other medical sciences;0.11920292675495148;RDF106;Biological sciences;0.10715685784816742;RDF207;Medical and biomedical engineering;0.08487122505903244
610;To uncover, understand and exploit the estrogen-oncolytic virus crosstalk to improve therapy (Cancer Biology & Therapeutics);RDF30;Medical, health and life sciences;0.9279956221580505;RDF10;Natural sciences;0.02871561422944069;RDF20-21;Engineering and technology;0.017080027610063553;RDF303;Health sciences;0.9731131792068481;RDF503;Education;0.824603259563446;RDF106;Biological sciences;0.7629101872444153;RDF304;Medical biotechnology;0.7010483145713806;RDF207;Medical and biomedical engineering;0.4790010154247284
611;Structure and rheology of mixed hydrocolloid gels as model systems for food 3D printing (Materials and Chemical Engineering);RDF20-21;Engineering and technology;0.9272013902664185;RDF40;Agricultural and veterinary sciences;0.028356777504086494;RDF10;Natural sciences;0.02305389568209648;RDF205;Chemical engineering;0.916184663772583;RDF104;Chemical sciences;0.9135609269142151;RDF404;Agricultural biotechnology and food sciences;0.8567523956298828;RDF206;Materials engineering and resources engineering;0.1442091017961502;RDF401;Agriculture, forestry, and fisheries;0.1304514855146408
612;« Une bonne relation avec mon chef ! » : anatomie des relations entre gestionnaires et employés en contexte de travail à distance (Business, management and related fields);RDF50;Social sciences;0.46919679641723633;RDF60;Humanities and the arts;0.18463946878910065;RDF20-21;Engineering and technology;0.11308849602937698;RDF503;Education;0.7495916485786438;RDF502;Economics and business administration;0.6205784678459167;RDF501;Psychology and cognitive sciences;0.14253000915050507;RDF504;Sociology and related studies;0.10061319172382355;RDF305;Other medical sciences;0.08254929631948471
613;Priorisation des soins intensifs en contexte extrême de pandémie : 1) modélisation/simulation de différentes stratégies de priorisation de l'accès aux soins intensifs et 2) délibérations démocratiques des parties prenantes sur les valeurs qui sous-tendent les modèles et leurs impacts sanitaires;RDF30;Medical, health and life sciences;0.9323611259460449;RDF50;Social sciences;0.04268023371696472;RDF10;Natural sciences;0.00665479339659214;RDF303;Health sciences;0.8510884642601013;RDF207;Medical and biomedical engineering;0.3502824604511261;RDF304;Medical biotechnology;0.22669802606105804;RDF302;Clinical medicine;0.13747456669807434;RDF509;Other social sciences;0.09560248255729675
614;Understanding cyber abuse in context: The interplay of distal and situational correlates of daily cyber abuse in young adult couples (Psychology);RDF30;Medical, health and life sciences;0.4312284588813782;RDF50;Social sciences;0.3397998511791229;RDF20-21;Engineering and technology;0.08198053389787674;RDF501;Psychology and cognitive sciences;0.9898695349693298;RDF503;Education;0.976197361946106;RDF303;Health sciences;0.18075649440288544;RDF505;Law and legal practice;0.08779819309711456;RDF509;Other social sciences;0.08115490525960922
615;Humanitarian Supply Chain Design and Management;RDF20-21;Engineering and technology;0.37475553154945374;RDF50;Social sciences;0.2735084593296051;RDF60;Humanities and the arts;0.15906935930252075;RDF509;Other social sciences;0.0978204682469368;RDF201;Civil engineering, maritime engineering, transport engineering, and mining engineering;0.09543373435735703;RDF605;Other humanities;0.037467505782842636;RDF502;Economics and business administration;0.03547750040888786;RDF212;Other engineering and technologies;0.026180503889918327
616;La transformation sémantique et syntaxique des données de situations professionnelles pour l'apprentissage du raisonnement clinique (Education and social work);RDF30;Medical, health and life sciences;0.7048606276512146;RDF50;Social sciences;0.12680724263191223;RDF60;Humanities and the arts;0.10179302096366882;RDF503;Education;0.9573974609375;RDF501;Psychology and cognitive sciences;0.679098904132843;RDF303;Health sciences;0.48587411642074585;RDF302;Clinical medicine;0.242160826921463;RDF301;Basic medicine and life sciences;0.16539081931114197
617;Intergenerational transmission of vulnerability to PTSD : When children learn fear from their parent (Social & Developmental Aspects of Children's & Youth's Health);RDF30;Medical, health and life sciences;0.7908358573913574;RDF50;Social sciences;0.17442481219768524;RDF10;Natural sciences;0.01626964844763279;RDF303;Health sciences;0.9449439644813538;RDF501;Psychology and cognitive sciences;0.8373541235923767;RDF504;Sociology and related studies;0.7086160182952881;RDF503;Education;0.5577267408370972;RDF301;Basic medicine and life sciences;0.14749377965927124
618;La musique au service du pouvoir, entre propagande et diplomatie : Du Troisième Reich à la fin de la Guerre froide  (Fine Arts, Research-Creation);RDF60;Humanities and the arts;0.9135282039642334;RDF50;Social sciences;0.03144291415810585;RDF10;Natural sciences;0.026477588340640068;RDF604;Arts (arts, history of arts, performing arts, music), architecture and design;0.8147539496421814;RDF503;Education;0.6324459910392761;RDF508;Media and communications;0.5805597305297852;RDF602;Languages and literature;0.1548866331577301;RDF605;Other humanities;0.10087862610816956
619;Mesures de contrôle en santé mentale : un environnement contraignant? (Mutidisciplinary or interdisciplinary social sciences);RDF50;Social sciences;0.8481910824775696;RDF30;Medical, health and life sciences;0.12100602686405182;RDF60;Humanities and the arts;0.019908620044589043;RDF504;Sociology and related studies;0.8938665986061096;RDF501;Psychology and cognitive sciences;0.6891487240791321;RDF303;Health sciences;0.22712630033493042;RDF503;Education;0.22168751060962677;RDF208;Environmental engineering and related engineering;0.14241071045398712
620;R3AI: Shifting Paradigms for a Robust, Reasoning, and Responsible Artificial Intelligence and its Adoption - CFREF (CIHR Contribution);RDF20-21;Engineering and technology;0.9498251080513;RDF10;Natural sciences;0.020699426531791687;RDF50;Social sciences;0.019464310258626938;RDF102;Computer and information sciences;0.9822195768356323;RDF203;Electrical engineering, computer engineering, and information engineering;0.6954673528671265;RDF202;Industrial, systems and processes engineering;0.14128141105175018;RDF212;Other engineering and technologies;0.13392411172389984;RDF501;Psychology and cognitive sciences;0.08826860040426254
621;À la rencontre des réalités virtuelle et concrète : la place de la scénographie dans la cocréation opératique;RDF20-21;Engineering and technology;0.6797723174095154;RDF60;Humanities and the arts;0.1767241209745407;RDF50;Social sciences;0.07735598832368851;RDF508;Media and communications;0.6338778138160706;RDF102;Computer and information sciences;0.5885108709335327;RDF212;Other engineering and technologies;0.20729495584964752;RDF504;Sociology and related studies;0.17217186093330383;RDF203;Electrical engineering, computer engineering, and information engineering;0.1474323868751526
622;Parenting dimensions' influence on the psychosocial adaptation of preschoolers with language deficits (Psychology);RDF50;Social sciences;0.4181857109069824;RDF30;Medical, health and life sciences;0.25463518500328064;RDF10;Natural sciences;0.1362963765859604;RDF503;Education;0.9933330416679382;RDF501;Psychology and cognitive sciences;0.9910319447517395;RDF602;Languages and literature;0.0991208478808403;RDF509;Other social sciences;0.07744785398244858;RDF305;Other medical sciences;0.05276518687605858
623;The structure-function relationships between capsular polysaccharides and the immune system during Streptococcus suis infections (Genes, Cells and Molecules);RDF30;Medical, health and life sciences;0.8431136012077332;RDF10;Natural sciences;0.10440050810575485;RDF50;Social sciences;0.023731166496872902;RDF303;Health sciences;0.9664104580879211;RDF106;Biological sciences;0.9620362520217896;RDF301;Basic medicine and life sciences;0.7354041934013367;RDF305;Other medical sciences;0.3338831961154938;RDF104;Chemical sciences;0.33193132281303406
624;Études des mécanismes de colonisation de Clostridium perfringens en productions animales (Biological Systems and Functions);RDF10;Natural sciences;0.5826396346092224;RDF40;Agricultural and veterinary sciences;0.2371092289686203;RDF30;Medical, health and life sciences;0.06243777275085449;RDF402;Animal and dairy sciences;0.9896618127822876;RDF106;Biological sciences;0.9664105176925659;RDF403;Veterinary sciences;0.7133817076683044;RDF104;Chemical sciences;0.30569735169410706;RDF107;Other natural sciences;0.29244372248649597
625;Formation interactive en ligne: une solution à la formation des employés dans un contexte de roulement de personnel;RDF20-21;Engineering and technology;0.8046957850456238;RDF50;Social sciences;0.07716777175664902;RDF60;Humanities and the arts;0.049050819128751755;RDF503;Education;0.8000679016113281;RDF102;Computer and information sciences;0.4091249108314514;RDF502;Economics and business administration;0.18330104649066925;RDF212;Other engineering and technologies;0.1045687347650528;RDF202;Industrial, systems and processes engineering;0.07985373586416245
626;Mise en ouvre des politiques EDI en enseignement supérieur au Québec : construction de sens et types de réponses aux mesures destinées aux parcours étudiants (Education and social work);RDF50;Social sciences;0.3658306896686554;RDF60;Humanities and the arts;0.29887405037879944;RDF20-21;Engineering and technology;0.15566067397594452;RDF503;Education;0.9898303151130676;RDF509;Other social sciences;0.04890318214893341;RDF506;Political science and policy administration;0.040502771735191345;RDF504;Sociology and related studies;0.03919513523578644;RDF203;Electrical engineering, computer engineering, and information engineering;0.01065251138061285
627;Continuum PAROLE-Onco : Vers le développement de compétences en auto-soins pour améliorer l'expérience de la vie après les traitements aigus de cancer du sein;RDF30;Medical, health and life sciences;0.9146895408630371;RDF50;Social sciences;0.036520786583423615;RDF20-21;Engineering and technology;0.02210775390267372;RDF303;Health sciences;0.6682851910591125;RDF302;Clinical medicine;0.39916738867759705;RDF304;Medical biotechnology;0.1245320588350296;RDF503;Education;0.12095702439546585;RDF207;Medical and biomedical engineering;0.10594828426837921
628;CAN-DO (CANnabis research DevelOpment): A cells-to-society research program on cannabis and mental health in younger adults;RDF30;Medical, health and life sciences;0.7153558135032654;RDF50;Social sciences;0.14245277643203735;RDF10;Natural sciences;0.06259872764348984;RDF303;Health sciences;0.619960367679596;RDF509;Other social sciences;0.10096723586320877;RDF305;Other medical sciences;0.10096722841262817;RDF501;Psychology and cognitive sciences;0.08151975274085999;RDF107;Other natural sciences;0.06754669547080994
629;Effets d'une intervention de proximité mère-prématuré et de calme (NeuroN-QI) sur le neurodéveloppement de nouveau-nés prématurés : un essai clinique randomisé;RDF30;Medical, health and life sciences;0.9073345065116882;RDF10;Natural sciences;0.042106352746486664;RDF50;Social sciences;0.021801864728331566;RDF302;Clinical medicine;0.9875203371047974;RDF303;Health sciences;0.9625325202941895;RDF501;Psychology and cognitive sciences;0.8975157737731934;RDF304;Medical biotechnology;0.7127823233604431;RDF106;Biological sciences;0.6415627598762512
630;Corticospinal mechanisms of locomotor recovery after spinal cord injury (Movement & Exercise);RDF30;Medical, health and life sciences;0.8399774432182312;RDF10;Natural sciences;0.10095982253551483;RDF20-21;Engineering and technology;0.025439539924263954;RDF303;Health sciences;0.971101701259613;RDF103;Physical sciences;0.96080482006073;RDF207;Medical and biomedical engineering;0.9122017621994019;RDF301;Basic medicine and life sciences;0.7967672944068909;RDF106;Biological sciences;0.7910150289535522
631;Innover pour enseigner le management : cadres théoriques, mise en oeuvre et mesure d'impact;RDF20-21;Engineering and technology;0.3678213357925415;RDF50;Social sciences;0.2811933755874634;RDF60;Humanities and the arts;0.19842471182346344;RDF503;Education;0.9910838603973389;RDF502;Economics and business administration;0.6757645606994629;RDF603;Philosophy;0.0892956405878067;RDF509;Other social sciences;0.07376296073198318;RDF501;Psychology and cognitive sciences;0.07133199274539948
632;Advances in functional linear regression (Mathematics and Statistics);RDF10;Natural sciences;0.8069769740104675;RDF50;Social sciences;0.09142881631851196;RDF20-21;Engineering and technology;0.054969124495983124;RDF101;Mathematics and statistics;0.996714174747467;RDF103;Physical sciences;0.24319279193878174;RDF102;Computer and information sciences;0.10185714811086655;RDF503;Education;0.08748584240674973;RDF107;Other natural sciences;0.08028533309698105
633;Modélisation et choix du mode de réalisation dans les projets de construction (Civil, Industrial and Systems Engineering);RDF20-21;Engineering and technology;0.9363546371459961;RDF50;Social sciences;0.02519788220524788;RDF10;Natural sciences;0.014052152633666992;RDF202;Industrial, systems and processes engineering;0.7020451426506042;RDF201;Civil engineering, maritime engineering, transport engineering, and mining engineering;0.27884554862976074;RDF503;Education;0.058560822159051895;RDF212;Other engineering and technologies;0.05670463666319847;RDF509;Other social sciences;0.043325308710336685
634;An in silico platform simulating cell metabolic behavior (Materials and Chemical Engineering);RDF20-21;Engineering and technology;0.9037269353866577;RDF30;Medical, health and life sciences;0.07258793711662292;RDF10;Natural sciences;0.014736334793269634;RDF205;Chemical engineering;0.8703219294548035;RDF104;Chemical sciences;0.7869913578033447;RDF106;Biological sciences;0.5147662162780762;RDF212;Other engineering and technologies;0.2510963976383209;RDF305;Other medical sciences;0.22143486142158508
635;Commande optimale stochastique avec applications en épidémiologie et en fiabilité (Civil, Industrial and Systems Engineering);RDF20-21;Engineering and technology;0.8789574503898621;RDF30;Medical, health and life sciences;0.041797563433647156;RDF10;Natural sciences;0.03996148705482483;RDF202;Industrial, systems and processes engineering;0.3510051369667053;RDF212;Other engineering and technologies;0.1596754938364029;RDF107;Other natural sciences;0.07470251619815826;RDF305;Other medical sciences;0.06773145496845245;RDF302;Clinical medicine;0.062388136982917786
636;Reinforcement Learning in Electricity Markets with Storage Technologies;RDF20-21;Engineering and technology;0.9395869374275208;RDF50;Social sciences;0.023157421499490738;RDF10;Natural sciences;0.022096965461969376;RDF503;Education;0.9737197160720825;RDF203;Electrical engineering, computer engineering, and information engineering;0.25841954350471497;RDF202;Industrial, systems and processes engineering;0.15591202676296234;RDF501;Psychology and cognitive sciences;0.0633663460612297;RDF102;Computer and information sciences;0.044389985501766205
637;Advancing psychobiology of abnormal repetitive behaviours in carnivorous species (Biological Systems and Functions);RDF10;Natural sciences;0.5482974648475647;RDF30;Medical, health and life sciences;0.3254905641078949;RDF50;Social sciences;0.054501280188560486;RDF106;Biological sciences;0.9782604575157166;RDF402;Animal and dairy sciences;0.8976504802703857;RDF501;Psychology and cognitive sciences;0.6488001942634583;RDF301;Basic medicine and life sciences;0.5619369745254517;RDF503;Education;0.2935057282447815
638;Du politique dans l'usage des archives filmiques : enjeux contemporains de la production documentaire;RDF60;Humanities and the arts;0.3589470386505127;RDF50;Social sciences;0.2833964228630066;RDF20-21;Engineering and technology;0.1068323403596878;RDF508;Media and communications;0.378947377204895;RDF506;Political science and policy administration;0.33671262860298157;RDF509;Other social sciences;0.08218025416135788;RDF503;Education;0.07263670861721039;RDF601;History, archaeology and related studies;0.05587463825941086
639;Neuroinflammation as a biomarker for epilepsy and neuropsychiatric comorbidities among people with tuberous sclerosis complex: a prospective, multicentre study;RDF30;Medical, health and life sciences;0.9243736863136292;RDF50;Social sciences;0.02807770110666752;RDF10;Natural sciences;0.024633724242448807;RDF303;Health sciences;0.9405717849731445;RDF106;Biological sciences;0.6135984063148499;RDF305;Other medical sciences;0.3080861270427704;RDF301;Basic medicine and life sciences;0.27869826555252075;RDF304;Medical biotechnology;0.25762495398521423
640;Quels sont les dimensions et savoirs spécifiques à la coordination des services et des soins des personnes ayant des besoins complexes? (Multidisciplinary or interdisciplinary social sciences);RDF50;Social sciences;0.8645414113998413;RDF30;Medical, health and life sciences;0.09685687720775604;RDF60;Humanities and the arts;0.02500886656343937;RDF504;Sociology and related studies;0.8528741598129272;RDF503;Education;0.452014297246933;RDF509;Other social sciences;0.1233656257390976;RDF303;Health sciences;0.10650458931922913;RDF605;Other humanities;0.0955180674791336
641;Determining spatial arrangement, stoichiometry, and substrate specificity of messenger RNA-binding proteins along the gene expression pathway (Genes, Cells and Molecules);RDF10;Natural sciences;0.5890037417411804;RDF20-21;Engineering and technology;0.1766999363899231;RDF50;Social sciences;0.1033705547451973;RDF106;Biological sciences;0.478208988904953;RDF103;Physical sciences;0.17071528732776642;RDF107;Other natural sciences;0.16424818336963654;RDF104;Chemical sciences;0.12517228722572327;RDF301;Basic medicine and life sciences;0.10365784913301468
642;Plateformes et usages : cinéma, télévision, jeu vidéo et création numérique;RDF20-21;Engineering and technology;0.6526767015457153;RDF60;Humanities and the arts;0.23580743372440338;RDF50;Social sciences;0.07066407799720764;RDF508;Media and communications;0.9518184661865234;RDF102;Computer and information sciences;0.8869110941886902;RDF212;Other engineering and technologies;0.47161865234375;RDF509;Other social sciences;0.28711777925491333;RDF203;Electrical engineering, computer engineering, and information engineering;0.1683778017759323
643;Time to investigate human visual shape perception and recognition (Biological Systems and Functions);RDF10;Natural sciences;0.6218625903129578;RDF50;Social sciences;0.13607251644134521;RDF30;Medical, health and life sciences;0.12102539837360382;RDF106;Biological sciences;0.9760379195213318;RDF503;Education;0.9660600423812866;RDF501;Psychology and cognitive sciences;0.4219611585140228;RDF103;Physical sciences;0.3876468539237976;RDF301;Basic medicine and life sciences;0.15707218647003174
644;The gamification of online stochastic optimization problems;RDF20-21;Engineering and technology;0.8839754462242126;RDF50;Social sciences;0.04603265970945358;RDF10;Natural sciences;0.027008403092622757;RDF102;Computer and information sciences;0.9949297904968262;RDF203;Electrical engineering, computer engineering, and information engineering;0.8486588597297668;RDF202;Industrial, systems and processes engineering;0.3070982098579407;RDF101;Mathematics and statistics;0.26123669743537903;RDF212;Other engineering and technologies;0.0770302340388298
645;Effects of an Open Lung protective protective EXTubation strategy compared to a conventional extubation strategy on postoperative pulmonary complications after general anesthesia as part of a comprehensive lung protective ventilation strategy: a multicenter pilot randomized controlled trial (OLEXT-3 study);RDF30;Medical, health and life sciences;0.9262608289718628;RDF20-21;Engineering and technology;0.03160218521952629;RDF10;Natural sciences;0.019092965871095657;RDF303;Health sciences;0.9842910766601562;RDF304;Medical biotechnology;0.9493416547775269;RDF207;Medical and biomedical engineering;0.7961340546607971;RDF106;Biological sciences;0.788338840007782;RDF302;Clinical medicine;0.6807724833488464
646;Additively manufactured composite parts service properties prediction : an essential step to unleash the full potential of additive manufacturing of composites;RDF20-21;Engineering and technology;0.8917969465255737;RDF10;Natural sciences;0.05090479552745819;RDF50;Social sciences;0.026152415201067924;RDF202;Industrial, systems and processes engineering;0.8713654279708862;RDF104;Chemical sciences;0.790489912033081;RDF205;Chemical engineering;0.4389450252056122;RDF206;Materials engineering and resources engineering;0.28383103013038635;RDF103;Physical sciences;0.2530295252799988
647;Transcriptional regulation by long noncoding RNAs (Genes, Cells and Molecules);RDF10;Natural sciences;0.5992977619171143;RDF30;Medical, health and life sciences;0.16568924486637115;RDF50;Social sciences;0.09961621463298798;RDF106;Biological sciences;0.6317931413650513;RDF104;Chemical sciences;0.11833413690328598;RDF103;Physical sciences;0.11546110361814499;RDF107;Other natural sciences;0.11279541254043579;RDF301;Basic medicine and life sciences;0.08913694322109222
648;Outils et méthodes de planification des services d'autopartage;RDF20-21;Engineering and technology;0.6110462546348572;RDF50;Social sciences;0.20717284083366394;RDF60;Humanities and the arts;0.06106102466583252;RDF212;Other engineering and technologies;0.2106851041316986;RDF509;Other social sciences;0.2002447098493576;RDF201;Civil engineering, maritime engineering, transport engineering, and mining engineering;0.13939638435840607;RDF202;Industrial, systems and processes engineering;0.13039611279964447;RDF102;Computer and information sciences;0.09982066601514816
649;Sécurité de l'internet des objets dans les villes intelligentes (Computer Science);RDF20-21;Engineering and technology;0.9768626689910889;RDF50;Social sciences;0.005981330294162035;RDF10;Natural sciences;0.0048061334528028965;RDF102;Computer and information sciences;0.9872773289680481;RDF203;Electrical engineering, computer engineering, and information engineering;0.882123589515686;RDF212;Other engineering and technologies;0.08826860785484314;RDF508;Media and communications;0.05834583938121796;RDF107;Other natural sciences;0.020725062116980553
650;Understanding the early pathogenesis of necrotic enteritis in chickens (Biological Systems and Functions);RDF30;Medical, health and life sciences;0.4860996603965759;RDF40;Agricultural and veterinary sciences;0.34368789196014404;RDF10;Natural sciences;0.1491960734128952;RDF402;Animal and dairy sciences;0.9969485402107239;RDF106;Biological sciences;0.9766023755073547;RDF403;Veterinary sciences;0.970013439655304;RDF303;Health sciences;0.9637799263000488;RDF401;Agriculture, forestry, and fisheries;0.9559813737869263
651;Trajectoire vers la sécurité des femmes en situation de handicap victimes de violence conjugale: une recherche-action intersectorielle en soutien aux droits des femmes;RDF50;Social sciences;0.5340114831924438;RDF60;Humanities and the arts;0.20219366252422333;RDF30;Medical, health and life sciences;0.15114057064056396;RDF504;Sociology and related studies;0.8586000204086304;RDF509;Other social sciences;0.19597850739955902;RDF605;Other humanities;0.13963085412979126;RDF505;Law and legal practice;0.0905744805932045;RDF305;Other medical sciences;0.07276838272809982
652;Regard des travailleuses sociales sur leur pratique professionnelle d'évaluation psychosociale à la suite de l'entrée en vigueur de la Loi visant à mieux protéger les personnes en situation de vulnérabilité : une étude à devis mixte;RDF50;Social sciences;0.7088847756385803;RDF60;Humanities and the arts;0.13821429014205933;RDF30;Medical, health and life sciences;0.10111973434686661;RDF504;Sociology and related studies;0.919498085975647;RDF501;Psychology and cognitive sciences;0.3820117712020874;RDF503;Education;0.3509773015975952;RDF509;Other social sciences;0.17902764678001404;RDF507;Social and economic geography;0.13273924589157104
653;La police face à la justice : une analyse des systèmes de gestion des déviances policières au Québec (Law and criminology);RDF50;Social sciences;0.5536857843399048;RDF10;Natural sciences;0.1262269765138626;RDF60;Humanities and the arts;0.10650157928466797;RDF505;Law and legal practice;0.687079131603241;RDF506;Political science and policy administration;0.6164019703865051;RDF503;Education;0.15941360592842102;RDF509;Other social sciences;0.0833665132522583;RDF305;Other medical sciences;0.07744785398244858
654;Soigner et gouverner les corps autochtones: santé et médecine coloniale au Québec, 1855-1904 (History);RDF30;Medical, health and life sciences;0.8787179589271545;RDF10;Natural sciences;0.03849523141980171;RDF40;Agricultural and veterinary sciences;0.035084549337625504;RDF601;History, archaeology and related studies;0.9012274146080017;RDF303;Health sciences;0.668826162815094;RDF503;Education;0.515863835811615;RDF302;Clinical medicine;0.498779296875;RDF605;Other humanities;0.23213602602481842
655;Development of near infrared spectroscopy (NIRS) and electroencephalography (EEG) methods to study neurovascular mechanisms of brain development (Physics);RDF20-21;Engineering and technology;0.649360716342926;RDF30;Medical, health and life sciences;0.26416513323783875;RDF10;Natural sciences;0.06473644822835922;RDF103;Physical sciences;0.9775643348693848;RDF304;Medical biotechnology;0.47523239254951477;RDF207;Medical and biomedical engineering;0.2704320549964905;RDF501;Psychology and cognitive sciences;0.14517594873905182;RDF305;Other medical sciences;0.14300808310508728
656;Role of vitamin K-dependent gamma-carboxylation in beta cell and diabetes (Diabetes, Obesity, Lipid & Lipoprotein Disorders);RDF30;Medical, health and life sciences;0.905225396156311;RDF10;Natural sciences;0.06232749670743942;RDF50;Social sciences;0.019345907494425774;RDF303;Health sciences;0.9808942675590515;RDF106;Biological sciences;0.917376697063446;RDF301;Basic medicine and life sciences;0.7623356580734253;RDF207;Medical and biomedical engineering;0.5234965085983276;RDF302;Clinical medicine;0.5177994966506958
657;Competition in the Canadian Mobile Telecommunications Industry: Weak Signals? (Economics);RDF20-21;Engineering and technology;0.8364261388778687;RDF50;Social sciences;0.05747808888554573;RDF40;Agricultural and veterinary sciences;0.03506709635257721;RDF508;Media and communications;0.9704086184501648;RDF502;Economics and business administration;0.3946966230869293;RDF102;Computer and information sciences;0.34114333987236023;RDF203;Electrical engineering, computer engineering, and information engineering;0.2924942374229431;RDF212;Other engineering and technologies;0.05079946294426918
658;Gut-lung axis in equine asthma (Biological Systems and Functions);RDF30;Medical, health and life sciences;0.5981579422950745;RDF10;Natural sciences;0.29038235545158386;RDF40;Agricultural and veterinary sciences;0.08172633498907089;RDF402;Animal and dairy sciences;0.9892958998680115;RDF303;Health sciences;0.9711291193962097;RDF106;Biological sciences;0.9702680706977844;RDF403;Veterinary sciences;0.9428233504295349;RDF103;Physical sciences;0.8237541317939758
659;Several aspects of L-functions (Mathematics and Statistics);RDF10;Natural sciences;0.7811190485954285;RDF50;Social sciences;0.10494793951511383;RDF20-21;Engineering and technology;0.04093797504901886;RDF101;Mathematics and statistics;0.9820138216018677;RDF107;Other natural sciences;0.08733004331588745;RDF103;Physical sciences;0.05271640419960022;RDF305;Other medical sciences;0.04616273194551468;RDF503;Education;0.03531079739332199
660;Estimating the Effects of Government Spending Along the Supply Chain;RDF50;Social sciences;0.5645744800567627;RDF20-21;Engineering and technology;0.1107378900051117;RDF10;Natural sciences;0.10423199832439423;RDF502;Economics and business administration;0.868213415145874;RDF506;Political science and policy administration;0.20173457264900208;RDF509;Other social sciences;0.11441799998283386;RDF504;Sociology and related studies;0.06542547047138214;RDF101;Mathematics and statistics;0.05665242299437523
661;Using calorespirometry to assemble a complete picture of acute hypoxic metabolic depression in fishes (Biological Systems and Functions);RDF30;Medical, health and life sciences;0.48189935088157654;RDF10;Natural sciences;0.2751147747039795;RDF20-21;Engineering and technology;0.12568794190883636;RDF106;Biological sciences;0.9666001796722412;RDF401;Agriculture, forestry, and fisheries;0.8163331747055054;RDF402;Animal and dairy sciences;0.7841538190841675;RDF303;Health sciences;0.7162185907363892;RDF301;Basic medicine and life sciences;0.6976088881492615
662;Electronic structure theory: Merging wave function theory, density functional theory, and machine learning (Chemistry);RDF20-21;Engineering and technology;0.8146197199821472;RDF10;Natural sciences;0.13428804278373718;RDF50;Social sciences;0.023749588057398796;RDF104;Chemical sciences;0.9445360898971558;RDF102;Computer and information sciences;0.5850641131401062;RDF203;Electrical engineering, computer engineering, and information engineering;0.4673621356487274;RDF205;Chemical engineering;0.21206879615783691;RDF103;Physical sciences;0.1965947300195694
663;Comprehensive lipidomics to identify novel players involved in the onset of cardiac manifestations of non-alcoholic fatty liver disease;RDF30;Medical, health and life sciences;0.8763365745544434;RDF10;Natural sciences;0.059258103370666504;RDF50;Social sciences;0.03251836076378822;RDF303;Health sciences;0.960472583770752;RDF106;Biological sciences;0.8758931756019592;RDF302;Clinical medicine;0.5048521757125854;RDF304;Medical biotechnology;0.4695202708244324;RDF301;Basic medicine and life sciences;0.3935743570327759
664;Longitudinal monitoring of visual function during cortical impairment in mice (Systems & Circuits Neurosciences);RDF30;Medical, health and life sciences;0.5040328502655029;RDF20-21;Engineering and technology;0.3294249176979065;RDF10;Natural sciences;0.1216035857796669;RDF402;Animal and dairy sciences;0.9710193872451782;RDF207;Medical and biomedical engineering;0.7230162024497986;RDF106;Biological sciences;0.6693397164344788;RDF304;Medical biotechnology;0.41340315341949463;RDF301;Basic medicine and life sciences;0.3251454532146454
665;Gouvernance et acceptabilité sociale des grands projets publics;RDF50;Social sciences;0.7838506698608398;RDF60;Humanities and the arts;0.04774520546197891;RDF40;Agricultural and veterinary sciences;0.04682173207402229;RDF504;Sociology and related studies;0.7136312127113342;RDF506;Political science and policy administration;0.6699877977371216;RDF502;Economics and business administration;0.32885268330574036;RDF509;Other social sciences;0.17695587873458862;RDF507;Social and economic geography;0.07075197249650955
666;Structural and functional changes in the brain of early and late blind individuals (Behavioural Sciences – Behavioural Studies, Neuroscience and Cognition);RDF30;Medical, health and life sciences;0.6503580808639526;RDF50;Social sciences;0.11925141513347626;RDF60;Humanities and the arts;0.08260303735733032;RDF501;Psychology and cognitive sciences;0.43470874428749084;RDF305;Other medical sciences;0.10980119556188583;RDF503;Education;0.04165676236152649;RDF301;Basic medicine and life sciences;0.04046483710408211;RDF605;Other humanities;0.03271312639117241
667;New unsupervised Bayesian and energy-based models dedicated to image processing and computer vision applications (Computer Science);RDF20-21;Engineering and technology;0.9574877023696899;RDF10;Natural sciences;0.019241824746131897;RDF50;Social sciences;0.009214314632117748;RDF102;Computer and information sciences;0.9985076189041138;RDF203;Electrical engineering, computer engineering, and information engineering;0.8024394512176514;RDF202;Industrial, systems and processes engineering;0.07999736070632935;RDF212;Other engineering and technologies;0.07416428625583649;RDF211;Nano-technology;0.039490409195423126
668;Phenomenology and The Norms of Perception (Philosophy);RDF10;Natural sciences;0.5026665925979614;RDF50;Social sciences;0.30998650193214417;RDF60;Humanities and the arts;0.1131502166390419;RDF603;Philosophy;0.9985220432281494;RDF501;Psychology and cognitive sciences;0.9939378499984741;RDF503;Education;0.9376118779182434;RDF509;Other social sciences;0.14608725905418396;RDF107;Other natural sciences;0.12194692343473434
669;Intelligent API Engineering: Systematically Leveraging APIs Through Development Knowledge and Usage Data;RDF20-21;Engineering and technology;0.960589587688446;RDF50;Social sciences;0.017203044146299362;RDF10;Natural sciences;0.011858156882226467;RDF102;Computer and information sciences;0.9560635089874268;RDF203;Electrical engineering, computer engineering, and information engineering;0.8216173648834229;RDF202;Industrial, systems and processes engineering;0.5888485312461853;RDF509;Other social sciences;0.0696682259440422;RDF212;Other engineering and technologies;0.05439931899309158
670;Investigating mechanisms involved in vestibular substitution (Biological Systems and Functions);RDF30;Medical, health and life sciences;0.4867854714393616;RDF10;Natural sciences;0.3818025290966034;RDF50;Social sciences;0.057826802134513855;RDF106;Biological sciences;0.9698711037635803;RDF303;Health sciences;0.7724876999855042;RDF503;Education;0.682335615158081;RDF103;Physical sciences;0.35812854766845703;RDF301;Basic medicine and life sciences;0.35474035143852234
671;« COVID-19 » Migration en ligne et évaluation des impacts d'un programme de groupes de codéveloppement professionnel dans la fonction publique québécoise;RDF20-21;Engineering and technology;0.35009512305259705;RDF30;Medical, health and life sciences;0.26491162180900574;RDF50;Social sciences;0.23932771384716034;RDF303;Health sciences;0.5207095742225647;RDF102;Computer and information sciences;0.2004793882369995;RDF509;Other social sciences;0.1141708567738533;RDF504;Sociology and related studies;0.11119294166564941;RDF506;Political science and policy administration;0.08426640182733536
672;Multibody modelling to prototype next generation portable exoskeletons for everyday assistance (Mechanical Engineering);RDF20-21;Engineering and technology;0.9434080123901367;RDF30;Medical, health and life sciences;0.04475165531039238;RDF60;Humanities and the arts;0.004921628162264824;RDF204;Mechanical engineering;0.9991927742958069;RDF207;Medical and biomedical engineering;0.2422952651977539;RDF301;Basic medicine and life sciences;0.11966510117053986;RDF212;Other engineering and technologies;0.08578583598136902;RDF305;Other medical sciences;0.08093670755624771
673;Biomaterials-stimulated tissue regeneration and extracellular vesicles (Genes, Cells and Molecules);RDF30;Medical, health and life sciences;0.6507440805435181;RDF10;Natural sciences;0.2840115427970886;RDF50;Social sciences;0.02864759787917137;RDF106;Biological sciences;0.9833429455757141;RDF301;Basic medicine and life sciences;0.8303878903388977;RDF303;Health sciences;0.4639754593372345;RDF207;Medical and biomedical engineering;0.4280288517475128;RDF104;Chemical sciences;0.3623484969139099
674;Clinical Investigation in Canine and Feline Transfusion Medicine: Novel Blood Groups and their Clinical Significance (Biological Systems and Functions);RDF30;Medical, health and life sciences;0.9455390572547913;RDF10;Natural sciences;0.019739359617233276;RDF40;Agricultural and veterinary sciences;0.01809617318212986;RDF302;Clinical medicine;0.9874357581138611;RDF303;Health sciences;0.9644221067428589;RDF402;Animal and dairy sciences;0.9412234425544739;RDF106;Biological sciences;0.9343951344490051;RDF403;Veterinary sciences;0.7585553526878357
675;Uauitamutau assi. Terminologie de l'environnement en langue innue (innu-aimun) (Psychology, linguistics and translation);RDF10;Natural sciences;0.6388769149780273;RDF50;Social sciences;0.15409860014915466;RDF60;Humanities and the arts;0.09615033119916916;RDF501;Psychology and cognitive sciences;0.6443650126457214;RDF105;Earth and related environmental sciences;0.4997253119945526;RDF602;Languages and literature;0.32098090648651123;RDF503;Education;0.23274582624435425;RDF107;Other natural sciences;0.18352045118808746
676;Novel role of exercise timing to improve obesity prevention and treatment (Nutrition, Food & Health);RDF30;Medical, health and life sciences;0.8466875553131104;RDF10;Natural sciences;0.08725813776254654;RDF50;Social sciences;0.039368752390146255;RDF303;Health sciences;0.9120844602584839;RDF103;Physical sciences;0.7153245210647583;RDF301;Basic medicine and life sciences;0.5175556540489197;RDF106;Biological sciences;0.2749837040901184;RDF302;Clinical medicine;0.23065970838069916
677;Impact of vascular injury derived exosomes on Lupus Nephritis (Genes, Cells and Molecules);RDF30;Medical, health and life sciences;0.8026002645492554;RDF10;Natural sciences;0.15070749819278717;RDF50;Social sciences;0.02073051407933235;RDF303;Health sciences;0.9839245676994324;RDF106;Biological sciences;0.9400235414505005;RDF301;Basic medicine and life sciences;0.5763930082321167;RDF304;Medical biotechnology;0.47005996108055115;RDF207;Medical and biomedical engineering;0.2849738299846649
678;Étude des logiques d'action syndicales dans le domaine de la santé mentale au travail: analyses croisées (Québec-France) dans le secteur de l'aérospatial (Business, management and related fields);RDF50;Social sciences;0.32187339663505554;RDF20-21;Engineering and technology;0.293069064617157;RDF30;Medical, health and life sciences;0.2519022226333618;RDF509;Other social sciences;0.08419108390808105;RDF504;Sociology and related studies;0.08366551250219345;RDF503;Education;0.07647662609815598;RDF501;Psychology and cognitive sciences;0.06447654962539673;RDF303;Health sciences;0.06036300212144852
679;Linking lifestyle behaviors, microbiota & cardiometabolic health from childhood to early adulthood: The QUALITY Cohort (Social & Developmental Aspects of Children's & Youth's Health);RDF30;Medical, health and life sciences;0.7902868986129761;RDF50;Social sciences;0.12236133962869644;RDF10;Natural sciences;0.06986849009990692;RDF303;Health sciences;0.9600251913070679;RDF106;Biological sciences;0.7133817076683044;RDF504;Sociology and related studies;0.6857916712760925;RDF301;Basic medicine and life sciences;0.4814842939376831;RDF501;Psychology and cognitive sciences;0.24812404811382294
680;Les syndicats face à la crise climatique : Analyse stratégique des ressources et des moyens d'action à mettre en oeuvre au plan local;RDF50;Social sciences;0.5230425000190735;RDF10;Natural sciences;0.18288938701152802;RDF40;Agricultural and veterinary sciences;0.09304658323526382;RDF105;Earth and related environmental sciences;0.8410438895225525;RDF509;Other social sciences;0.1795305609703064;RDF506;Political science and policy administration;0.16105617582798004;RDF208;Environmental engineering and related engineering;0.12819735705852509;RDF502;Economics and business administration;0.08284562081098557
681;Étude du devenir-écrivaine en régime naturaliste : le cas de Georges de Peyrebrune (1841-1917) (Literature);RDF60;Humanities and the arts;0.8745062947273254;RDF10;Natural sciences;0.08591402322053909;RDF50;Social sciences;0.017488615587353706;RDF503;Education;0.9782603979110718;RDF602;Languages and literature;0.9416541457176208;RDF604;Arts (arts, history of arts, performing arts, music), architecture and design;0.14737102389335632;RDF107;Other natural sciences;0.07030384987592697;RDF605;Other humanities;0.0398624949157238
682;Neutrophil extracellular traps (NETs) are major actors in heart failure with preserved ejection fraction (Cardiovascular System – Heart and Circulation);RDF30;Medical, health and life sciences;0.7732000350952148;RDF20-21;Engineering and technology;0.14295780658721924;RDF10;Natural sciences;0.05487346649169922;RDF303;Health sciences;0.9650861620903015;RDF106;Biological sciences;0.9534920454025269;RDF304;Medical biotechnology;0.9095863103866577;RDF207;Medical and biomedical engineering;0.8858290910720825;RDF103;Physical sciences;0.8034438490867615
683;Harnessing Twitter for morphophonological variation (Psychology, linguistics and translation);RDF20-21;Engineering and technology;0.45003172755241394;RDF50;Social sciences;0.2207111269235611;RDF10;Natural sciences;0.14042960107326508;RDF508;Media and communications;0.9507778882980347;RDF501;Psychology and cognitive sciences;0.7326396703720093;RDF503;Education;0.4189494550228119;RDF509;Other social sciences;0.36472100019454956;RDF102;Computer and information sciences;0.24576319754123688
684;Multicarrier energy systems for resilient decarbonized communities;RDF20-21;Engineering and technology;0.7801052927970886;RDF10;Natural sciences;0.11069649457931519;RDF50;Social sciences;0.0644427016377449;RDF208;Environmental engineering and related engineering;0.9330047369003296;RDF105;Earth and related environmental sciences;0.2286728471517563;RDF202;Industrial, systems and processes engineering;0.08225394785404205;RDF209;Environmental biotechnology;0.07477004826068878;RDF212;Other engineering and technologies;0.06632687151432037
685;Digital Leigh Hunt (Literature);RDF60;Humanities and the arts;0.6351421475410461;RDF20-21;Engineering and technology;0.2285219132900238;RDF10;Natural sciences;0.0405537448823452;RDF602;Languages and literature;0.8842393159866333;RDF604;Arts (arts, history of arts, performing arts, music), architecture and design;0.39903563261032104;RDF503;Education;0.328529417514801;RDF102;Computer and information sciences;0.20769640803337097;RDF203;Electrical engineering, computer engineering, and information engineering;0.12603029608726501
686;New disposal techniques for reactive mine wastes to improve stability and facilitate site reclamation upon closure (Civil, Industrial and Systems Engineering);RDF20-21;Engineering and technology;0.9784813523292542;RDF10;Natural sciences;0.011247900314629078;RDF50;Social sciences;0.0064528207294642925;RDF201;Civil engineering, maritime engineering, transport engineering, and mining engineering;0.9822536706924438;RDF202;Industrial, systems and processes engineering;0.7227717041969299;RDF208;Environmental engineering and related engineering;0.49223393201828003;RDF206;Materials engineering and resources engineering;0.1902722418308258;RDF212;Other engineering and technologies;0.1880256086587906
687;Design and operation of Borehole Thermal Energy Storage systems (Mechanical Engineering);RDF20-21;Engineering and technology;0.982994019985199;RDF10;Natural sciences;0.009750531055033207;RDF50;Social sciences;0.0035870198626071215;RDF204;Mechanical engineering;0.9992985725402832;RDF202;Industrial, systems and processes engineering;0.6181035041809082;RDF212;Other engineering and technologies;0.056081049144268036;RDF107;Other natural sciences;0.05033063143491745;RDF509;Other social sciences;0.04360952973365784
688;Mechanisms and consequences of spatially controlled G protein-coupled receptor signaling (Pharmacology & Toxicology);RDF30;Medical, health and life sciences;0.560929000377655;RDF20-21;Engineering and technology;0.23786047101020813;RDF10;Natural sciences;0.1603756844997406;RDF103;Physical sciences;0.8158201575279236;RDF303;Health sciences;0.5227199196815491;RDF106;Biological sciences;0.5030822157859802;RDF301;Basic medicine and life sciences;0.44328784942626953;RDF304;Medical biotechnology;0.27860015630722046
689;L'humain au coeur de la transformation du travail;RDF60;Humanities and the arts;0.45060092210769653;RDF50;Social sciences;0.26072415709495544;RDF20-21;Engineering and technology;0.13867253065109253;RDF504;Sociology and related studies;0.5076287984848022;RDF501;Psychology and cognitive sciences;0.4282034933567047;RDF603;Philosophy;0.318114310503006;RDF502;Economics and business administration;0.25711166858673096;RDF202;Industrial, systems and processes engineering;0.17314834892749786
690;Vers une nouvelle constitution du travail? Les libertés et droits fondamentaux des salarié.es comme assise des rapports de travail/Towards a New Constitution of Labour? Workers' Fundamental Rights and Freedoms as the Basis of Labour Relations (Law and criminology);RDF50;Social sciences;0.6252902746200562;RDF40;Agricultural and veterinary sciences;0.09203788638114929;RDF20-21;Engineering and technology;0.07996390759944916;RDF505;Law and legal practice;0.7999116778373718;RDF502;Economics and business administration;0.3382410407066345;RDF506;Political science and policy administration;0.09252366423606873;RDF509;Other social sciences;0.08779819309711456;RDF504;Sociology and related studies;0.06941547244787216
691;Monitoring and Debugging of High Performance Distributed Heterogeneous Cloud Applications;RDF20-21;Engineering and technology;0.9557758569717407;RDF50;Social sciences;0.01766018196940422;RDF10;Natural sciences;0.007867329753935337;RDF102;Computer and information sciences;0.9897810220718384;RDF203;Electrical engineering, computer engineering, and information engineering;0.62846440076828;RDF212;Other engineering and technologies;0.04885777458548546;RDF509;Other social sciences;0.04455598443746567;RDF202;Industrial, systems and processes engineering;0.03280595690011978
692;The role of Parkinson's disease-related proteins in innate and adaptive immunity (Cell Biology – Physiology);RDF30;Medical, health and life sciences;0.8128659129142761;RDF10;Natural sciences;0.15475988388061523;RDF50;Social sciences;0.019858896732330322;RDF303;Health sciences;0.9905691742897034;RDF106;Biological sciences;0.9721250534057617;RDF301;Basic medicine and life sciences;0.7073541879653931;RDF103;Physical sciences;0.44192227721214294;RDF207;Medical and biomedical engineering;0.3988014757633209
693;Étude partenariale sur la médiation de la musique: institutionnalisation, professionnalisation, intervention;RDF60;Humanities and the arts;0.5851444005966187;RDF50;Social sciences;0.22175714373588562;RDF10;Natural sciences;0.08408735692501068;RDF503;Education;0.9244834184646606;RDF508;Media and communications;0.6040340662002563;RDF604;Arts (arts, history of arts, performing arts, music), architecture and design;0.19876310229301453;RDF509;Other social sciences;0.15209519863128662;RDF107;Other natural sciences;0.11546111106872559
694;Planification en temps réel dans les mines souterraines;RDF20-21;Engineering and technology;0.7254252433776855;RDF10;Natural sciences;0.1938207596540451;RDF50;Social sciences;0.043885424733161926;RDF201;Civil engineering, maritime engineering, transport engineering, and mining engineering;0.9662835001945496;RDF105;Earth and related environmental sciences;0.7196299433708191;RDF102;Computer and information sciences;0.2179194837808609;RDF202;Industrial, systems and processes engineering;0.08961381763219833;RDF107;Other natural sciences;0.08803311735391617
695;Applications of operations research to transportation, logistics, fairness issues, and other topics (Civil, Industrial and Systems Engineering);RDF20-21;Engineering and technology;0.9634162783622742;RDF50;Social sciences;0.013863710686564445;RDF10;Natural sciences;0.013125897385179996;RDF201;Civil engineering, maritime engineering, transport engineering, and mining engineering;0.9848546981811523;RDF202;Industrial, systems and processes engineering;0.7261829376220703;RDF212;Other engineering and technologies;0.23139703273773193;RDF503;Education;0.07243960350751877;RDF107;Other natural sciences;0.06554500013589859
696;Multiplexed and quantitative immunolabelling for cancer diagnostics using gold-silver alloy nanoprobes;RDF30;Medical, health and life sciences;0.656117856502533;RDF20-21;Engineering and technology;0.27754661440849304;RDF10;Natural sciences;0.05417393147945404;RDF304;Medical biotechnology;0.9907140135765076;RDF303;Health sciences;0.9856905937194824;RDF207;Medical and biomedical engineering;0.9701834321022034;RDF211;Nano-technology;0.9634374380111694;RDF106;Biological sciences;0.8481565117835999
697;Plasma processing for environment and cell-biology;RDF20-21;Engineering and technology;0.5369938611984253;RDF10;Natural sciences;0.26196563243865967;RDF30;Medical, health and life sciences;0.16692250967025757;RDF106;Biological sciences;0.922062337398529;RDF104;Chemical sciences;0.8732689023017883;RDF103;Physical sciences;0.8429924249649048;RDF202;Industrial, systems and processes engineering;0.4428849518299103;RDF209;Environmental biotechnology;0.4325689375400543
698;Dynamic Games in Management (Civil, Industrial and Systems Engineering);RDF20-21;Engineering and technology;0.7458184957504272;RDF50;Social sciences;0.1274077296257019;RDF10;Natural sciences;0.05609686300158501;RDF503;Education;0.7089686989784241;RDF202;Industrial, systems and processes engineering;0.3021851181983948;RDF201;Civil engineering, maritime engineering, transport engineering, and mining engineering;0.1557193398475647;RDF212;Other engineering and technologies;0.0991208627820015;RDF502;Economics and business administration;0.08254930377006531
699;Improved design and operations of building water systems to reduce health risks caused by water & energy conservation and extended shutdowns (Civil, Industrial and Systems Engineering);RDF20-21;Engineering and technology;0.9304437041282654;RDF10;Natural sciences;0.03503560274839401;RDF30;Medical, health and life sciences;0.013854780234396458;RDF208;Environmental engineering and related engineering;0.8326453566551208;RDF105;Earth and related environmental sciences;0.47554442286491394;RDF202;Industrial, systems and processes engineering;0.3726479113101959;RDF212;Other engineering and technologies;0.1233128234744072;RDF201;Civil engineering, maritime engineering, transport engineering, and mining engineering;0.08314291387796402
700;Shoulder musculoskeletal modeling: from data-tracking to predictive simulations (Mechanical Engineering);RDF20-21;Engineering and technology;0.9185166358947754;RDF30;Medical, health and life sciences;0.06073082238435745;RDF10;Natural sciences;0.010662205517292023;RDF204;Mechanical engineering;0.9989718198776245;RDF103;Physical sciences;0.18705841898918152;RDF102;Computer and information sciences;0.1452365517616272;RDF305;Other medical sciences;0.0845683291554451;RDF207;Medical and biomedical engineering;0.08321738988161087
701;Sustainable aqueous Sodium-ion batteries (Chemistry);RDF20-21;Engineering and technology;0.9069130420684814;RDF10;Natural sciences;0.05559283494949341;RDF30;Medical, health and life sciences;0.017977988347411156;RDF104;Chemical sciences;0.9805434346199036;RDF205;Chemical engineering;0.9133293032646179;RDF202;Industrial, systems and processes engineering;0.08532742410898209;RDF107;Other natural sciences;0.06560483574867249;RDF206;Materials engineering and resources engineering;0.06518702954053879
702;Eigenvectors of Random Matrices (Mathematics and Statistics);RDF10;Natural sciences;0.7090245485305786;RDF50;Social sciences;0.13691481947898865;RDF20-21;Engineering and technology;0.06804302334785461;RDF101;Mathematics and statistics;0.984737753868103;RDF102;Computer and information sciences;0.6056241393089294;RDF103;Physical sciences;0.05921024829149246;RDF107;Other natural sciences;0.036804065108299255;RDF104;Chemical sciences;0.021206120029091835
703;Cellular Reprogramming in Retinal Vascular Development (Genes, Cells and Molecules);RDF30;Medical, health and life sciences;0.7589235305786133;RDF10;Natural sciences;0.18399503827095032;RDF50;Social sciences;0.02371435984969139;RDF106;Biological sciences;0.9641193151473999;RDF303;Health sciences;0.960361123085022;RDF304;Medical biotechnology;0.8064718842506409;RDF301;Basic medicine and life sciences;0.8012368679046631;RDF207;Medical and biomedical engineering;0.7478001713752747
704;Creating Virtual Shapes via Intuitive Input (Computer Science);RDF20-21;Engineering and technology;0.9471321105957031;RDF50;Social sciences;0.013049771077930927;RDF10;Natural sciences;0.011293635703623295;RDF102;Computer and information sciences;0.998870849609375;RDF203;Electrical engineering, computer engineering, and information engineering;0.664921224117279;RDF212;Other engineering and technologies;0.027195053175091743;RDF201;Civil engineering, maritime engineering, transport engineering, and mining engineering;0.008544331416487694;RDF503;Education;0.008251599036157131
705;Data-adaptive causal inference methods for effect modification (Mathematics and Statistics);RDF10;Natural sciences;0.6669068932533264;RDF50;Social sciences;0.12050025910139084;RDF20-21;Engineering and technology;0.11747919023036957;RDF101;Mathematics and statistics;0.9916681051254272;RDF102;Computer and information sciences;0.5773613452911377;RDF103;Physical sciences;0.0778675377368927;RDF107;Other natural sciences;0.07483762502670288;RDF305;Other medical sciences;0.05113009735941887
706;40 ans de changement linguistique à Montréal et à Welland: le rôle de l'individu et de la communauté (Linguistics and translation);RDF50;Social sciences;0.4050227999687195;RDF60;Humanities and the arts;0.2241121232509613;RDF10;Natural sciences;0.20445534586906433;RDF602;Languages and literature;0.7874412536621094;RDF503;Education;0.5626018047332764;RDF107;Other natural sciences;0.1520322561264038;RDF509;Other social sciences;0.10576342046260834;RDF504;Sociology and related studies;0.06313490122556686
707;Using digital and immersive technologies to understand the contribution of sensory, perceptual, affective, cognitive and physiological factors to Social Information Processing (Biological Systems and Functions);RDF20-21;Engineering and technology;0.7410660982131958;RDF50;Social sciences;0.148557648062706;RDF10;Natural sciences;0.0720265656709671;RDF102;Computer and information sciences;0.8127930760383606;RDF106;Biological sciences;0.7795317769050598;RDF503;Education;0.3253061771392822;RDF501;Psychology and cognitive sciences;0.31795546412467957;RDF504;Sociology and related studies;0.2477598488330841
708;Climate Change and Human Rights: Responsibility and Reparation;RDF10;Natural sciences;0.583550214767456;RDF50;Social sciences;0.23915621638298035;RDF60;Humanities and the arts;0.11040636152029037;RDF105;Earth and related environmental sciences;0.9625325202941895;RDF208;Environmental engineering and related engineering;0.6149289011955261;RDF503;Education;0.12581531703472137;RDF509;Other social sciences;0.12121684849262238;RDF107;Other natural sciences;0.1030244305729866
709;Can journalism's `real utopias' address the crisis of the news media? Exploring journalism cooperatives from an international and comparative perspective (Communications, media studies, gender studies, library and information science, related fields);RDF60;Humanities and the arts;0.36975109577178955;RDF50;Social sciences;0.3590756952762604;RDF20-21;Engineering and technology;0.10128195583820343;RDF508;Media and communications;0.970013439655304;RDF503;Education;0.5705780982971191;RDF509;Other social sciences;0.17023195326328278;RDF107;Other natural sciences;0.05802474915981293;RDF305;Other medical sciences;0.05733473226428032
710;Improving the integration of novice designers into interdisciplinary collaborative design teams (Multidisciplinary or interdisciplinary humanities);RDF20-21;Engineering and technology;0.5111113786697388;RDF60;Humanities and the arts;0.3299177289009094;RDF50;Social sciences;0.06046507507562637;RDF604;Arts (arts, history of arts, performing arts, music), architecture and design;0.7294716238975525;RDF202;Industrial, systems and processes engineering;0.08882028609514236;RDF605;Other humanities;0.06159316003322601;RDF212;Other engineering and technologies;0.05597776174545288;RDF508;Media and communications;0.030271871015429497
711;Quel futur professionnel pour les jeunes adultes récemment immigré(e)s à Montréal? Identité, projets professionnels et expériences d'accès aux services (Multidisciplinary or interdisciplinary social sciences);RDF50;Social sciences;0.9367638826370239;RDF60;Humanities and the arts;0.024433299899101257;RDF20-21;Engineering and technology;0.01618099771440029;RDF504;Sociology and related studies;0.5446046590805054;RDF509;Other social sciences;0.05686154216527939;RDF507;Social and economic geography;0.050283972173929214;RDF605;Other humanities;0.04099902883172035;RDF503;Education;0.035611413419246674
712;Unravelling regulatory networks of stem cell states using single cell analysis (Cell Biology – Physiology);RDF30;Medical, health and life sciences;0.4306636154651642;RDF20-21;Engineering and technology;0.3886924088001251;RDF10;Natural sciences;0.16330192983150482;RDF106;Biological sciences;0.9700701832771301;RDF301;Basic medicine and life sciences;0.7516481280326843;RDF103;Physical sciences;0.3767377734184265;RDF207;Medical and biomedical engineering;0.2719278931617737;RDF304;Medical biotechnology;0.20008836686611176
713;Comprendre et soutenir l'entourage des femmes victimes de violence entre partenaires intimes : tissu social, besoins et actions (Mutidisciplinary or interdisciplinary social sciences);RDF50;Social sciences;0.9401909112930298;RDF60;Humanities and the arts;0.034179627895355225;RDF30;Medical, health and life sciences;0.009127733297646046;RDF504;Sociology and related studies;0.7699894905090332;RDF509;Other social sciences;0.13145171105861664;RDF503;Education;0.10885027796030045;RDF605;Other humanities;0.09351231157779694;RDF603;Philosophy;0.01973801478743553
714;Development of novel RvD1 analogues for osteoporosis therapy: mechanism of action and structure-activity relationships;RDF30;Medical, health and life sciences;0.764458179473877;RDF20-21;Engineering and technology;0.1306876242160797;RDF10;Natural sciences;0.06012602150440216;RDF303;Health sciences;0.9422416090965271;RDF304;Medical biotechnology;0.9199307560920715;RDF207;Medical and biomedical engineering;0.9110611081123352;RDF106;Biological sciences;0.8005360960960388;RDF301;Basic medicine and life sciences;0.637030839920044
715;Improving plant biostimulants based on natural products and beneficial microorganisms;RDF40;Agricultural and veterinary sciences;0.37699761986732483;RDF10;Natural sciences;0.36504194140434265;RDF30;Medical, health and life sciences;0.1243206113576889;RDF401;Agriculture, forestry, and fisheries;0.9682013392448425;RDF404;Agricultural biotechnology and food sciences;0.8732689023017883;RDF106;Biological sciences;0.6876561641693115;RDF104;Chemical sciences;0.5836409330368042;RDF301;Basic medicine and life sciences;0.3357318639755249
716;Characterization of the antibacterial activity of some antimicrobial-derived metabolites and their involvement in the development of antimicrobial resistance in bacteria of animal origin (Biological Systems and Functions);RDF30;Medical, health and life sciences;0.5239619612693787;RDF10;Natural sciences;0.29130852222442627;RDF50;Social sciences;0.06993912160396576;RDF106;Biological sciences;0.9621787071228027;RDF301;Basic medicine and life sciences;0.458807110786438;RDF402;Animal and dairy sciences;0.4581971764564514;RDF104;Chemical sciences;0.3783155679702759;RDF303;Health sciences;0.21858596801757812
717;Développement de méthodes rationnelles de maintenance proactive de systèmes industriels (Civil, Industrial and Systems Engineering);RDF20-21;Engineering and technology;0.9205101728439331;RDF50;Social sciences;0.0399341881275177;RDF10;Natural sciences;0.0212711114436388;RDF202;Industrial, systems and processes engineering;0.8614799976348877;RDF212;Other engineering and technologies;0.1522211879491806;RDF509;Other social sciences;0.13145171105861664;RDF107;Other natural sciences;0.06730107218027115;RDF201;Civil engineering, maritime engineering, transport engineering, and mining engineering;0.057123973965644836
718;Intention Driven Development: Towards a new generation of development platforms;RDF20-21;Engineering and technology;0.7840412855148315;RDF50;Social sciences;0.07474780827760696;RDF60;Humanities and the arts;0.06041451171040535;RDF501;Psychology and cognitive sciences;0.7121320962905884;RDF503;Education;0.4118277430534363;RDF102;Computer and information sciences;0.28726768493652344;RDF504;Sociology and related studies;0.07237401604652405;RDF603;Philosophy;0.07049557566642761
719;Decision support systems based on heterogeneous data driven models for a safe and optimal operation of industrial process systems (Materials and Chemical Engineering);RDF20-21;Engineering and technology;0.9543048143386841;RDF50;Social sciences;0.018121805042028427;RDF10;Natural sciences;0.0177020151168108;RDF202;Industrial, systems and processes engineering;0.9710193872451782;RDF205;Chemical engineering;0.3727191984653473;RDF104;Chemical sciences;0.22448019683361053;RDF206;Materials engineering and resources engineering;0.11018359661102295;RDF212;Other engineering and technologies;0.03403615206480026
720;Untangling heterogeneity in cytomegalovirus infection kinetics and evolution using mathematical modelling;RDF30;Medical, health and life sciences;0.8072491884231567;RDF10;Natural sciences;0.11646575480699539;RDF50;Social sciences;0.030605247244238853;RDF106;Biological sciences;0.900617241859436;RDF303;Health sciences;0.8863220810890198;RDF101;Mathematics and statistics;0.5977509617805481;RDF301;Basic medicine and life sciences;0.36514535546302795;RDF103;Physical sciences;0.3514501750469208
721;Getting on track for the audit of tomorrow: Auditors' expertise amidst digitalization;RDF20-21;Engineering and technology;0.6309509873390198;RDF50;Social sciences;0.1310971975326538;RDF40;Agricultural and veterinary sciences;0.08957530558109283;RDF502;Economics and business administration;0.2304864376783371;RDF102;Computer and information sciences;0.10275401175022125;RDF203;Electrical engineering, computer engineering, and information engineering;0.09276993572711945;RDF212;Other engineering and technologies;0.05084656924009323;RDF505;Law and legal practice;0.03574581444263458
722;Immunoproteasome-expressing mesenchymal stromal cells: a new tool for cancer vaccination (Cancer Biology & Therapeutics);RDF30;Medical, health and life sciences;0.9093883633613586;RDF10;Natural sciences;0.0476343147456646;RDF20-21;Engineering and technology;0.03359685093164444;RDF303;Health sciences;0.9685898423194885;RDF106;Biological sciences;0.936343252658844;RDF304;Medical biotechnology;0.7935062646865845;RDF207;Medical and biomedical engineering;0.5999686121940613;RDF301;Basic medicine and life sciences;0.4473477900028229
723;Invisibility of disability in Global South and North: Equitable access to health services in the context of climate change;RDF30;Medical, health and life sciences;0.7565925121307373;RDF50;Social sciences;0.14383524656295776;RDF60;Humanities and the arts;0.039399247616529465;RDF303;Health sciences;0.7025810480117798;RDF504;Sociology and related studies;0.5277729034423828;RDF105;Earth and related environmental sciences;0.2436424344778061;RDF509;Other social sciences;0.17917120456695557;RDF305;Other medical sciences;0.12231338024139404
724;A shock-fitting approach for predicting the two-phase transient flows in stormwater systems (SWS) with best management practices (BMP) (Civil, Industrial and Systems Engineering);RDF20-21;Engineering and technology;0.8705001473426819;RDF10;Natural sciences;0.11632321029901505;RDF50;Social sciences;0.0085340840741992;RDF202;Industrial, systems and processes engineering;0.47606202960014343;RDF208;Environmental engineering and related engineering;0.46825867891311646;RDF105;Earth and related environmental sciences;0.39149317145347595;RDF103;Physical sciences;0.2694697678089142;RDF212;Other engineering and technologies;0.26147231459617615
725;Optimiser la transition des soins entre les différents milieux avec l'apport de la technologie pour favoriser la santé et l'autonomie des personnes âgées fragilisées vivant ou non en régions éloignées;RDF30;Medical, health and life sciences;0.6483067870140076;RDF20-21;Engineering and technology;0.18152888119220734;RDF50;Social sciences;0.09776027500629425;RDF504;Sociology and related studies;0.572035551071167;RDF303;Health sciences;0.5050352215766907;RDF302;Clinical medicine;0.35967332124710083;RDF304;Medical biotechnology;0.2528911232948303;RDF605;Other humanities;0.18053969740867615
726;XIe Conférence du Forum Mondial de Médiation:L´humanité face aux conflits actuels: nouveaux défis pour la médiation;RDF60;Humanities and the arts;0.44908541440963745;RDF50;Social sciences;0.2788434624671936;RDF30;Medical, health and life sciences;0.08356063067913055;RDF508;Media and communications;0.8742384314537048;RDF605;Other humanities;0.17539678514003754;RDF509;Other social sciences;0.13511791825294495;RDF504;Sociology and related studies;0.10613342374563217;RDF305;Other medical sciences;0.06916356831789017
727;Optimization of mechanically induced phase transformation at crack tip in metal for improved crack growth resistance (Materials and Chemical Engineering);RDF20-21;Engineering and technology;0.9794434905052185;RDF50;Social sciences;0.007376598659902811;RDF10;Natural sciences;0.00619959831237793;RDF205;Chemical engineering;0.871857225894928;RDF104;Chemical sciences;0.7797414660453796;RDF206;Materials engineering and resources engineering;0.5226133465766907;RDF202;Industrial, systems and processes engineering;0.29854249954223633;RDF204;Mechanical engineering;0.1766005903482437
728;Investigating important but overlooked streptococcal agents of disease in production animals (Biological Systems and Functions);RDF30;Medical, health and life sciences;0.5297175049781799;RDF10;Natural sciences;0.23765741288661957;RDF40;Agricultural and veterinary sciences;0.19468195736408234;RDF402;Animal and dairy sciences;0.990347683429718;RDF106;Biological sciences;0.9789151549339294;RDF303;Health sciences;0.8260111212730408;RDF403;Veterinary sciences;0.7183474898338318;RDF301;Basic medicine and life sciences;0.6377925276756287
729;Adverse Drug Events and Medication Errors in adult Intensive Care Units (Health Services Evaluation & Interventions Research);RDF30;Medical, health and life sciences;0.9664174318313599;RDF50;Social sciences;0.022136518731713295;RDF10;Natural sciences;0.0036455884110182524;RDF303;Health sciences;0.9587699770927429;RDF302;Clinical medicine;0.21526823937892914;RDF207;Medical and biomedical engineering;0.1809011697769165;RDF305;Other medical sciences;0.15171778202056885;RDF301;Basic medicine and life sciences;0.11153119057416916
730;Entre responsabilité professionnelle et devoir de prendre soin de soi - Mieux comprendre la multiplicité des expériences entourant le processus d'arrêt de travail et de retour à l'emploi chez les travailleuses de la santé et des services sociaux (Sociology, demography and related fields);RDF50;Social sciences;0.4572576880455017;RDF30;Medical, health and life sciences;0.3694857954978943;RDF60;Humanities and the arts;0.0831306204199791;RDF504;Sociology and related studies;0.9810582995414734;RDF503;Education;0.9706043004989624;RDF509;Other social sciences;0.20157736539840698;RDF501;Psychology and cognitive sciences;0.19034747779369354;RDF303;Health sciences;0.16817277669906616
731;Brain alterations and cognitive decline in obstructive sleep apnea;RDF30;Medical, health and life sciences;0.9051517844200134;RDF50;Social sciences;0.035893764346838;RDF10;Natural sciences;0.03458618000149727;RDF501;Psychology and cognitive sciences;0.9743373394012451;RDF303;Health sciences;0.9655764102935791;RDF302;Clinical medicine;0.7486280798912048;RDF106;Biological sciences;0.6667952537536621;RDF304;Medical biotechnology;0.5691269040107727
732;Methods and analytical tools to optimize patient flow (Civil, Industrial and Systems Engineering);RDF20-21;Engineering and technology;0.48517221212387085;RDF30;Medical, health and life sciences;0.4296289384365082;RDF10;Natural sciences;0.025093024596571922;RDF202;Industrial, systems and processes engineering;0.5435145497322083;RDF303;Health sciences;0.3846954107284546;RDF503;Education;0.3253061771392822;RDF305;Other medical sciences;0.23353150486946106;RDF302;Clinical medicine;0.16647204756736755
733;Heterogeneity of interprofessional primary care teams and its effect on quality of care and health service use in older adults (Health Services Evaluation & Interventions Research);RDF30;Medical, health and life sciences;0.9494500756263733;RDF50;Social sciences;0.02781594917178154;RDF10;Natural sciences;0.009280851110816002;RDF303;Health sciences;0.8839391469955444;RDF302;Clinical medicine;0.13863661885261536;RDF305;Other medical sciences;0.09807933121919632;RDF504;Sociology and related studies;0.05000489577651024;RDF301;Basic medicine and life sciences;0.04795810580253601
734;Recul des gains d'espérance de vie au Canada depuis 2010 : la contribution de la mortalité par drogues, par maladies cardiovasculaires et le rôle catalyseur de la pandémie de COVID-19 (Sociology, demography and related fields);RDF30;Medical, health and life sciences;0.756059467792511;RDF50;Social sciences;0.15488313138484955;RDF10;Natural sciences;0.03862883150577545;RDF504;Sociology and related studies;0.9492005109786987;RDF303;Health sciences;0.6630147099494934;RDF301;Basic medicine and life sciences;0.14909721910953522;RDF509;Other social sciences;0.14511534571647644;RDF106;Biological sciences;0.0772387906908989
735;Canadian Network on Hepatitis C (CanHepC): From Discovery to Implementation (Hepatitis C Research);RDF30;Medical, health and life sciences;0.8918046355247498;RDF20-21;Engineering and technology;0.03827548399567604;RDF10;Natural sciences;0.0290900319814682;RDF303;Health sciences;0.8979192972183228;RDF106;Biological sciences;0.5582301020622253;RDF207;Medical and biomedical engineering;0.37625059485435486;RDF304;Medical biotechnology;0.19406215846538544;RDF301;Basic medicine and life sciences;0.17781086266040802
736;Novel numerical simulation tools for the vulnerability assessment and rehabilitation of critical structures against the effects of floods and climate change;RDF20-21;Engineering and technology;0.7779310941696167;RDF10;Natural sciences;0.15243758261203766;RDF50;Social sciences;0.03949480876326561;RDF105;Earth and related environmental sciences;0.9239361882209778;RDF208;Environmental engineering and related engineering;0.6057553291320801;RDF201;Civil engineering, maritime engineering, transport engineering, and mining engineering;0.2829881012439728;RDF102;Computer and information sciences;0.2702394127845764;RDF202;Industrial, systems and processes engineering;0.252798855304718
737;QUEST: Co-développer avec et pour les jeunes des connaissances sur la QUalité de leur Environnement psychoSocial de Travail;RDF50;Social sciences;0.5274320244789124;RDF10;Natural sciences;0.15066975355148315;RDF60;Humanities and the arts;0.09842640161514282;RDF503;Education;0.973087728023529;RDF105;Earth and related environmental sciences;0.6400313973426819;RDF208;Environmental engineering and related engineering;0.5401356220245361;RDF504;Sociology and related studies;0.48889344930648804;RDF501;Psychology and cognitive sciences;0.3748621940612793
738;The effects of COVID-19 pandemics in sustainability controversies: new shades of green in the battery metals industry in Quebec;RDF20-21;Engineering and technology;0.6893800497055054;RDF10;Natural sciences;0.08850494027137756;RDF50;Social sciences;0.08050600439310074;RDF202;Industrial, systems and processes engineering;0.828036904335022;RDF208;Environmental engineering and related engineering;0.34427809715270996;RDF502;Economics and business administration;0.19345194101333618;RDF509;Other social sciences;0.11491367220878601;RDF212;Other engineering and technologies;0.11461605131626129
739;From birth to adulthood: The role of age of cannabis use onset in the individual and environmental developmental pathways leading to substance use problems (Psychosocial, Sociocultural & Behavioural Determinants of Health);RDF30;Medical, health and life sciences;0.8476433157920837;RDF50;Social sciences;0.10280570387840271;RDF10;Natural sciences;0.033221662044525146;RDF303;Health sciences;0.9359931349754333;RDF501;Psychology and cognitive sciences;0.6396235227584839;RDF504;Sociology and related studies;0.5528565645217896;RDF106;Biological sciences;0.2676473557949066;RDF301;Basic medicine and life sciences;0.233356773853302
740;Creative Pedagogies for Ecological Transitions on the Shoreline;RDF10;Natural sciences;0.6495479345321655;RDF50;Social sciences;0.11448419839143753;RDF60;Humanities and the arts;0.11348240077495575;RDF503;Education;0.967868983745575;RDF208;Environmental engineering and related engineering;0.8208287954330444;RDF105;Earth and related environmental sciences;0.7674285173416138;RDF209;Environmental biotechnology;0.4009692370891571;RDF501;Psychology and cognitive sciences;0.17539680004119873
741;Contribution of the NKG2D pathway to multiple sclerosis (Molecular & Cellular Neurosciences);RDF30;Medical, health and life sciences;0.9433544874191284;RDF20-21;Engineering and technology;0.025485608726739883;RDF10;Natural sciences;0.013964961282908916;RDF303;Health sciences;0.7103269696235657;RDF304;Medical biotechnology;0.1683778017759323;RDF207;Medical and biomedical engineering;0.09359512478113174;RDF301;Basic medicine and life sciences;0.06736240535974503;RDF305;Other medical sciences;0.058345843106508255
742;Pregnancy and COVID-19 hospitalization in Quebec (Public, Community & Population Health);RDF30;Medical, health and life sciences;0.945249617099762;RDF50;Social sciences;0.02939268760383129;RDF10;Natural sciences;0.008773726411163807;RDF303;Health sciences;0.7598050832748413;RDF302;Clinical medicine;0.25206172466278076;RDF305;Other medical sciences;0.08578583598136902;RDF106;Biological sciences;0.05414869263768196;RDF509;Other social sciences;0.04252295196056366
743;La musique est-elle une prière? (Fine Arts, Research-Creation);RDF60;Humanities and the arts;0.9231605529785156;RDF50;Social sciences;0.025407126173377037;RDF10;Natural sciences;0.022334298118948936;RDF604;Arts (arts, history of arts, performing arts, music), architecture and design;0.9640517234802246;RDF503;Education;0.9430335760116577;RDF605;Other humanities;0.06233103200793266;RDF508;Media and communications;0.03649376332759857;RDF509;Other social sciences;0.030157407745718956
744;A multi-site, prospective study of the role of emotional competence in (mal)adaptive functioning among university students exposed to sexual violence (Psychology);RDF30;Medical, health and life sciences;0.5233815312385559;RDF50;Social sciences;0.25883975625038147;RDF60;Humanities and the arts;0.09310688823461533;RDF501;Psychology and cognitive sciences;0.9369805455207825;RDF503;Education;0.9134837985038757;RDF303;Health sciences;0.056861549615859985;RDF509;Other social sciences;0.031055551022291183;RDF305;Other medical sciences;0.012241274118423462
745;Effets d'une intervention musicale personnalisée sur les répercussions de la COVID-19 en santé mentale des personnes âgées;RDF30;Medical, health and life sciences;0.4977574050426483;RDF60;Humanities and the arts;0.3093665540218353;RDF50;Social sciences;0.1329594850540161;RDF501;Psychology and cognitive sciences;0.9624266624450684;RDF303;Health sciences;0.7731735706329346;RDF504;Sociology and related studies;0.6955965757369995;RDF302;Clinical medicine;0.4485696852207184;RDF301;Basic medicine and life sciences;0.2045007348060608
746;Redox regulation of the antiviral response : role of oxidative post-translational modifications of MAVS (Virology & Viral Pathogenesis);RDF30;Medical, health and life sciences;0.6910092830657959;RDF10;Natural sciences;0.11587462574243546;RDF50;Social sciences;0.08224769681692123;RDF106;Biological sciences;0.5331467986106873;RDF301;Basic medicine and life sciences;0.26038944721221924;RDF305;Other medical sciences;0.20283766090869904;RDF207;Medical and biomedical engineering;0.17349816858768463;RDF107;Other natural sciences;0.16184943914413452
747;The role of UCH family deubiquitinases in T cell biology (Genes, Cells and Molecules);RDF10;Natural sciences;0.5573877692222595;RDF30;Medical, health and life sciences;0.3094765543937683;RDF50;Social sciences;0.04733248054981232;RDF106;Biological sciences;0.9736947417259216;RDF301;Basic medicine and life sciences;0.5481973886489868;RDF303;Health sciences;0.23471347987651825;RDF104;Chemical sciences;0.1841064840555191;RDF107;Other natural sciences;0.1711304485797882
748;A high temperature upgrade for the twin-screw extruder to process high-performance hybrid PEEK-based formulations and other engineering polymer-based (PEI, PPSU, etc.) systems (Materials and Chemical Engineering);RDF20-21;Engineering and technology;0.9435712695121765;RDF10;Natural sciences;0.027082577347755432;RDF50;Social sciences;0.017883017659187317;RDF205;Chemical engineering;0.8864695429801941;RDF202;Industrial, systems and processes engineering;0.77167147397995;RDF104;Chemical sciences;0.7567172646522522;RDF206;Materials engineering and resources engineering;0.20529620349407196;RDF212;Other engineering and technologies;0.16377952694892883
749;Single-cell approaches to characterize and target the cellular reservoirs of HIV infection (Virology & Viral Pathogenesis);RDF30;Medical, health and life sciences;0.8407613635063171;RDF20-21;Engineering and technology;0.053173795342445374;RDF50;Social sciences;0.0437823049724102;RDF303;Health sciences;0.9078037738800049;RDF106;Biological sciences;0.7654619216918945;RDF304;Medical biotechnology;0.539832353591919;RDF207;Medical and biomedical engineering;0.44400906562805176;RDF301;Basic medicine and life sciences;0.39027246832847595
750;Impact of transient neonatal hyperoxia on skeletal muscle development: Relevance for impaired exercise capacity after preterm birth (Clinical Investigation – Reproduction, Maternal, Child and Youth Health);RDF30;Medical, health and life sciences;0.9509544372558594;RDF10;Natural sciences;0.025243276730179787;RDF50;Social sciences;0.01466686837375164;RDF303;Health sciences;0.95735764503479;RDF106;Biological sciences;0.7172099947929382;RDF302;Clinical medicine;0.5236639380455017;RDF103;Physical sciences;0.4664810001850128;RDF301;Basic medicine and life sciences;0.17342814803123474
751;Le développement de la compétence de collaboration interprofessionnelle : perception des membres d'une équipe de professionnels en exercice de la dynamique de coaction (Education and social work);RDF50;Social sciences;0.3391382694244385;RDF60;Humanities and the arts;0.32015031576156616;RDF20-21;Engineering and technology;0.12872235476970673;RDF503;Education;0.8470843434333801;RDF501;Psychology and cognitive sciences;0.206733837723732;RDF504;Sociology and related studies;0.12501196563243866;RDF509;Other social sciences;0.10365785658359528;RDF107;Other natural sciences;0.0373619981110096
752;Agreeing to Disagree: Incentives and Innovation in Dynamic Settings (Economics);RDF50;Social sciences;0.47805649042129517;RDF20-21;Engineering and technology;0.2090514600276947;RDF10;Natural sciences;0.17045627534389496;RDF502;Economics and business administration;0.9451467990875244;RDF503;Education;0.26937365531921387;RDF603;Philosophy;0.07088048756122589;RDF504;Sociology and related studies;0.05047084763646126;RDF509;Other social sciences;0.05000489205121994
753;"L'enfance du ""mauvais genre"". Une sociologie de la non-conformité de genre durant l'enfance en France et au Québec (Sociology, demography and related fields)";RDF50;Social sciences;0.6958616971969604;RDF60;Humanities and the arts;0.1441260278224945;RDF10;Natural sciences;0.11797735840082169;RDF504;Sociology and related studies;0.9784876704216003;RDF501;Psychology and cognitive sciences;0.6181755661964417;RDF503;Education;0.552219033241272;RDF509;Other social sciences;0.2343190312385559;RDF107;Other natural sciences;0.1564267873764038
754;Engineering Sustainable and Inclusive Streets for the 30-Min City;RDF20-21;Engineering and technology;0.9393843412399292;RDF10;Natural sciences;0.01876772753894329;RDF50;Social sciences;0.018084032461047173;RDF208;Environmental engineering and related engineering;0.5184699892997742;RDF202;Industrial, systems and processes engineering;0.0755847916007042;RDF507;Social and economic geography;0.06058494374155998;RDF212;Other engineering and technologies;0.058292206376791;RDF201;Civil engineering, maritime engineering, transport engineering, and mining engineering;0.0384661927819252
755;Les incidences de l'architecture logicielle des tribunaux en ligne sur l'accès à la justice (Law and criminology);RDF20-21;Engineering and technology;0.9034895300865173;RDF50;Social sciences;0.0556812509894371;RDF10;Natural sciences;0.013968865387141705;RDF102;Computer and information sciences;0.8572311401367188;RDF505;Law and legal practice;0.8409132957458496;RDF203;Electrical engineering, computer engineering, and information engineering;0.4368998110294342;RDF212;Other engineering and technologies;0.14627008140087128;RDF202;Industrial, systems and processes engineering;0.0582922101020813
756;Incorporating rich micro-level distributions and dynamics in models with heterogenous firms: method, lessons and applications;RDF10;Natural sciences;0.4347786009311676;RDF20-21;Engineering and technology;0.3176639676094055;RDF50;Social sciences;0.13294032216072083;RDF502;Economics and business administration;0.5597582459449768;RDF101;Mathematics and statistics;0.42655298113822937;RDF103;Physical sciences;0.24472381174564362;RDF107;Other natural sciences;0.17525559663772583;RDF104;Chemical sciences;0.11951085925102234
757;Inhabiting altered worlds: sensory experiences following traumatic brain injuries (Mutidisciplinary or interdisciplinary social sciences);RDF50;Social sciences;0.8619931936264038;RDF60;Humanities and the arts;0.062320735305547714;RDF30;Medical, health and life sciences;0.05227472633123398;RDF504;Sociology and related studies;0.6034353375434875;RDF503;Education;0.5839524269104004;RDF501;Psychology and cognitive sciences;0.3702681064605713;RDF509;Other social sciences;0.11486402899026871;RDF605;Other humanities;0.03825005888938904
758;Microtubule alterations in progressive supranuclear palsy;RDF30;Medical, health and life sciences;0.6871094703674316;RDF10;Natural sciences;0.10776518285274506;RDF20-21;Engineering and technology;0.0844208151102066;RDF304;Medical biotechnology;0.6876824498176575;RDF103;Physical sciences;0.6202335357666016;RDF302;Clinical medicine;0.5780267715454102;RDF106;Biological sciences;0.36136192083358765;RDF104;Chemical sciences;0.22875897586345673
759;Improving reproducibility in MRI with vendor-neutral acquisitions and transparent workflows;RDF30;Medical, health and life sciences;0.6753680109977722;RDF20-21;Engineering and technology;0.229782372713089;RDF10;Natural sciences;0.0724455937743187;RDF304;Medical biotechnology;0.9831175804138184;RDF303;Health sciences;0.9802430868148804;RDF207;Medical and biomedical engineering;0.9760151505470276;RDF103;Physical sciences;0.930962085723877;RDF302;Clinical medicine;0.5981214642524719
760;Investigation of Metal Organic Frameworks for Renewable Energy Electrocatalysis (Chemistry);RDF20-21;Engineering and technology;0.8422941565513611;RDF10;Natural sciences;0.10724266618490219;RDF50;Social sciences;0.026799291372299194;RDF104;Chemical sciences;0.9841241240501404;RDF205;Chemical engineering;0.7365427613258362;RDF206;Materials engineering and resources engineering;0.13128456473350525;RDF107;Other natural sciences;0.08464395999908447;RDF202;Industrial, systems and processes engineering;0.07928158342838287
761;FLUIDELELASTIC INSTABILITY, VORTEX-INDUCED VIBRATION AND SYMMETRY BREAKING IN HELICAL ARRAYS OF CYLINDERS SUBJECTED TO CROSS-FLOW (Mechanical Engineering);RDF20-21;Engineering and technology;0.9628772139549255;RDF10;Natural sciences;0.026306819170713425;RDF30;Medical, health and life sciences;0.0046821339055895805;RDF204;Mechanical engineering;0.9992519617080688;RDF104;Chemical sciences;0.8390098214149475;RDF103;Physical sciences;0.5845232009887695;RDF202;Industrial, systems and processes engineering;0.15059007704257965;RDF107;Other natural sciences;0.05975658819079399
762;4D spheroids identify type I protein arginine methyltransferases as a target in NSCLC (Cancer Biology & Therapeutics);RDF30;Medical, health and life sciences;0.693483293056488;RDF20-21;Engineering and technology;0.15351411700248718;RDF10;Natural sciences;0.10961788892745972;RDF106;Biological sciences;0.9240047931671143;RDF104;Chemical sciences;0.7121821641921997;RDF303;Health sciences;0.6824414730072021;RDF304;Medical biotechnology;0.4877648651599884;RDF301;Basic medicine and life sciences;0.19544047117233276
763;New perspectives on job search and labour markets;RDF50;Social sciences;0.5449661016464233;RDF20-21;Engineering and technology;0.11637040227651596;RDF60;Humanities and the arts;0.09742120653390884;RDF502;Economics and business administration;0.3869805932044983;RDF504;Sociology and related studies;0.28711774945259094;RDF509;Other social sciences;0.07807816565036774;RDF201;Civil engineering, maritime engineering, transport engineering, and mining engineering;0.024703871458768845;RDF603;Philosophy;0.016673043370246887
764;Long time evolution of complex materials : algorithmic developments and applications to metals, semiconductors and proteins (Physics);RDF20-21;Engineering and technology;0.7199304699897766;RDF10;Natural sciences;0.21807056665420532;RDF50;Social sciences;0.028078773990273476;RDF103;Physical sciences;0.9978760480880737;RDF206;Materials engineering and resources engineering;0.6199891567230225;RDF107;Other natural sciences;0.08064661175012589;RDF212;Other engineering and technologies;0.06662989407777786;RDF503;Education;0.04348749667406082
765;L'héritage de Pierre Elliott Trudeau;RDF60;Humanities and the arts;0.3530806601047516;RDF50;Social sciences;0.25681015849113464;RDF10;Natural sciences;0.149212047457695;RDF601;History, archaeology and related studies;0.49551403522491455;RDF506;Political science and policy administration;0.268461674451828;RDF603;Philosophy;0.09401018172502518;RDF504;Sociology and related studies;0.0385746955871582;RDF605;Other humanities;0.03697755187749863
766;A new adaptive-neuroprosthetic treatment to shape post-stroke plasticity and facilitate motor recovery (Biological Systems and Functions);RDF30;Medical, health and life sciences;0.6967252492904663;RDF20-21;Engineering and technology;0.23257741332054138;RDF10;Natural sciences;0.03385128825902939;RDF207;Medical and biomedical engineering;0.9695844054222107;RDF303;Health sciences;0.953144371509552;RDF106;Biological sciences;0.9405171871185303;RDF302;Clinical medicine;0.9272316098213196;RDF304;Medical biotechnology;0.8482822179794312
767;Une scène élargie, délocalisée et asynchrone : les reconfigurations technologiques de la salle de spectacle au temps du confinement;RDF20-21;Engineering and technology;0.8593937158584595;RDF60;Humanities and the arts;0.08952414989471436;RDF50;Social sciences;0.02290206588804722;RDF604;Arts (arts, history of arts, performing arts, music), architecture and design;0.3546845018863678;RDF212;Other engineering and technologies;0.26137807965278625;RDF204;Mechanical engineering;0.17419946193695068;RDF103;Physical sciences;0.11966510117053986;RDF202;Industrial, systems and processes engineering;0.10150035470724106
768;Centre de recherches mathématiques (CRM);RDF10;Natural sciences;0.4356005787849426;RDF20-21;Engineering and technology;0.16646942496299744;RDF50;Social sciences;0.14350561797618866;RDF101;Mathematics and statistics;0.9105851650238037;RDF503;Education;0.8435732126235962;RDF102;Computer and information sciences;0.029479408636689186;RDF107;Other natural sciences;0.02010023593902588;RDF305;Other medical sciences;0.007800757419317961
769;Application of a brief digital screening tool to address parental and adolescent tobacco and electronic cigarette use in pediatric medical care (Health Services Evaluation & Interventions Research);RDF30;Medical, health and life sciences;0.6474029421806335;RDF20-21;Engineering and technology;0.31721824407577515;RDF50;Social sciences;0.020448116585612297;RDF303;Health sciences;0.8448575139045715;RDF207;Medical and biomedical engineering;0.29057806730270386;RDF302;Clinical medicine;0.24395751953125;RDF304;Medical biotechnology;0.16830945014953613;RDF212;Other engineering and technologies;0.09670579433441162
770;Hybrid Manufacturing: Digital Machining of Flexible Parts Manufactured with Directed Energy Deposition (DED) Method;RDF20-21;Engineering and technology;0.9524344801902771;RDF10;Natural sciences;0.019555941224098206;RDF50;Social sciences;0.012273700907826424;RDF202;Industrial, systems and processes engineering;0.9044397473335266;RDF104;Chemical sciences;0.2817019522190094;RDF204;Mechanical engineering;0.2510963976383209;RDF103;Physical sciences;0.18907149136066437;RDF212;Other engineering and technologies;0.10194652527570724
771;Design and management of smart last-mile delivery systems;RDF20-21;Engineering and technology;0.9062055349349976;RDF30;Medical, health and life sciences;0.0345926471054554;RDF50;Social sciences;0.024601830169558525;RDF202;Industrial, systems and processes engineering;0.89674973487854;RDF102;Computer and information sciences;0.42344313859939575;RDF201;Civil engineering, maritime engineering, transport engineering, and mining engineering;0.41677066683769226;RDF304;Medical biotechnology;0.10438598692417145;RDF207;Medical and biomedical engineering;0.097906693816185
772;Food Delocalization in Literary Studies: A Saccharine Aesthetic From the Ruins of Empire (Literature);RDF60;Humanities and the arts;0.844747006893158;RDF30;Medical, health and life sciences;0.04042653366923332;RDF40;Agricultural and veterinary sciences;0.040268927812576294;RDF503;Education;0.9784877300262451;RDF602;Languages and literature;0.6818326711654663;RDF401;Agriculture, forestry, and fisheries;0.10866096615791321;RDF404;Agricultural biotechnology and food sciences;0.08850465714931488;RDF604;Arts (arts, history of arts, performing arts, music), architecture and design;0.07524432241916656
773;Optimal Climate Policy Mix for Canada: Insights from a Multi-Model Approach;RDF10;Natural sciences;0.42083868384361267;RDF50;Social sciences;0.32408931851387024;RDF20-21;Engineering and technology;0.1333962231874466;RDF105;Earth and related environmental sciences;0.8599580526351929;RDF208;Environmental engineering and related engineering;0.5888891220092773;RDF506;Political science and policy administration;0.3597014546394348;RDF107;Other natural sciences;0.12929275631904602;RDF509;Other social sciences;0.1257079541683197
774;La production de recherche au Canada: facteurs individuels, institutionnels et systémiques (Education and social work);RDF50;Social sciences;0.3898240923881531;RDF60;Humanities and the arts;0.2816035747528076;RDF10;Natural sciences;0.15967132151126862;RDF503;Education;0.8946054577827454;RDF504;Sociology and related studies;0.2100362330675125;RDF509;Other social sciences;0.132851704955101;RDF107;Other natural sciences;0.03346293419599533;RDF501;Psychology and cognitive sciences;0.03255897015333176
775;Soutenir la Professionnalisation dans les ORganismes sporTifs (SPORT);RDF60;Humanities and the arts;0.19441008567810059;RDF50;Social sciences;0.18732786178588867;RDF40;Agricultural and veterinary sciences;0.16661284863948822;RDF503;Education;0.041152890771627426;RDF509;Other social sciences;0.006877108011394739;RDF605;Other humanities;0.003572683082893491;RDF103;Physical sciences;0.001604089280590415;RDF201;Civil engineering, maritime engineering, transport engineering, and mining engineering;0.001325022429227829
776;Identifying innovative responses to problematic gambling among LGBTQ2S+ communities in Canada - A mixed-methods study (Health Impacts of Gambling and Gaming);RDF30;Medical, health and life sciences;0.4261994957923889;RDF50;Social sciences;0.3872604966163635;RDF10;Natural sciences;0.06906426697969437;RDF303;Health sciences;0.620521068572998;RDF504;Sociology and related studies;0.4429263770580292;RDF509;Other social sciences;0.25201570987701416;RDF501;Psychology and cognitive sciences;0.208823561668396;RDF305;Other medical sciences;0.1704389452934265
777;Intensification and control of cell culture processes (Materials and Chemical Engineering);RDF20-21;Engineering and technology;0.7485399842262268;RDF10;Natural sciences;0.16371139883995056;RDF30;Medical, health and life sciences;0.04701875150203705;RDF205;Chemical engineering;0.9269676208496094;RDF104;Chemical sciences;0.9027382731437683;RDF106;Biological sciences;0.385403573513031;RDF107;Other natural sciences;0.20228557288646698;RDF305;Other medical sciences;0.1475551873445511
778;Les priorités des citoyens quant aux politiques de santé et à l'État-providence (Political science and public administration);RDF30;Medical, health and life sciences;0.5963612198829651;RDF50;Social sciences;0.20151938498020172;RDF60;Humanities and the arts;0.07157382369041443;RDF506;Political science and policy administration;0.9663788080215454;RDF504;Sociology and related studies;0.2935563325881958;RDF303;Health sciences;0.11157957464456558;RDF509;Other social sciences;0.07978200912475586;RDF605;Other humanities;0.05618453770875931
779;Cyberrange pour soutenir les tests de cybersécurité et de cyberrésilience pour les infrastructures critiques;RDF20-21;Engineering and technology;0.9630836844444275;RDF50;Social sciences;0.009313533082604408;RDF40;Agricultural and veterinary sciences;0.007367610465735197;RDF102;Computer and information sciences;0.969353199005127;RDF203;Electrical engineering, computer engineering, and information engineering;0.4370424449443817;RDF202;Industrial, systems and processes engineering;0.18498826026916504;RDF212;Other engineering and technologies;0.08609269559383392;RDF509;Other social sciences;0.03598218038678169
780;New electrochemical materials breakthrough for energy applications (Materials and Chemical Engineering);RDF20-21;Engineering and technology;0.9768138527870178;RDF10;Natural sciences;0.01433374173939228;RDF50;Social sciences;0.004594780970364809;RDF104;Chemical sciences;0.787155032157898;RDF205;Chemical engineering;0.7458151578903198;RDF206;Materials engineering and resources engineering;0.3279372751712799;RDF212;Other engineering and technologies;0.1363781839609146;RDF107;Other natural sciences;0.08479540050029755
781;Nonequilibrium Group IV Semiconductor Heterostructures;RDF20-21;Engineering and technology;0.7721864581108093;RDF10;Natural sciences;0.13716693222522736;RDF50;Social sciences;0.0482913963496685;RDF104;Chemical sciences;0.6384127140045166;RDF103;Physical sciences;0.4647952914237976;RDF205;Chemical engineering;0.17078441381454468;RDF202;Industrial, systems and processes engineering;0.15121571719646454;RDF102;Computer and information sciences;0.08889935910701752
782;Developmental Trajectories in ARID1B-Related Disorders - a Multi-Method Multi-Site Prospective Natural History Study;RDF10;Natural sciences;0.526587963104248;RDF30;Medical, health and life sciences;0.41880878806114197;RDF50;Social sciences;0.02949126437306404;RDF501;Psychology and cognitive sciences;0.9196425080299377;RDF106;Biological sciences;0.8200375437736511;RDF303;Health sciences;0.8139049410820007;RDF103;Physical sciences;0.24508501589298248;RDF305;Other medical sciences;0.17852583527565002
783;Mechanisms regulating mRNA localization and localized translation (Genes, Cells and Molecules);RDF10;Natural sciences;0.549064040184021;RDF30;Medical, health and life sciences;0.18870045244693756;RDF20-21;Engineering and technology;0.11820109933614731;RDF106;Biological sciences;0.70987468957901;RDF107;Other natural sciences;0.19223587214946747;RDF301;Basic medicine and life sciences;0.18271701037883759;RDF103;Physical sciences;0.18140818178653717;RDF305;Other medical sciences;0.10828321427106857
784;Dévoiler les tactiques stratégiques de communication pour le changement social : Une exploration approfondie de l'agentivité des responsables des communications et des publics dans la lutte contre les inégalités raciales;RDF50;Social sciences;0.6941327452659607;RDF60;Humanities and the arts;0.14035184681415558;RDF10;Natural sciences;0.061856459826231;RDF508;Media and communications;0.9635748267173767;RDF504;Sociology and related studies;0.6322190165519714;RDF507;Social and economic geography;0.3517563045024872;RDF503;Education;0.3211938142776489;RDF509;Other social sciences;0.2255871742963791
785;Que font les luttes écologistes à la protestation sociale ? Analyse comparée multi-échelles au Canada, en France et aux Pays-Bas (Political science and public administration);RDF50;Social sciences;0.6524885296821594;RDF60;Humanities and the arts;0.10714177042245865;RDF10;Natural sciences;0.069040946662426;RDF506;Political science and policy administration;0.8847879767417908;RDF504;Sociology and related studies;0.20825941860675812;RDF509;Other social sciences;0.1116279885172844;RDF503;Education;0.06125535070896149;RDF605;Other humanities;0.054651033133268356
786;Maturation of microRNAs targeting alpha-synuclein (Molecular & Cellular Neurosciences);RDF20-21;Engineering and technology;0.5904279947280884;RDF30;Medical, health and life sciences;0.24666838347911835;RDF10;Natural sciences;0.09199339896440506;RDF211;Nano-technology;0.037326887249946594;RDF501;Psychology and cognitive sciences;0.037256766110658646;RDF212;Other engineering and technologies;0.03277498483657837;RDF304;Medical biotechnology;0.031232351437211037;RDF106;Biological sciences;0.029145972803235054
787;Privatization, innovation and idiosyncratic volatility: The role of ownership structure and information content;RDF50;Social sciences;0.3538423478603363;RDF20-21;Engineering and technology;0.23069976270198822;RDF10;Natural sciences;0.1463555544614792;RDF502;Economics and business administration;0.8938202261924744;RDF504;Sociology and related studies;0.2949252128601074;RDF203;Electrical engineering, computer engineering, and information engineering;0.24490438401699066;RDF509;Other social sciences;0.1569429337978363;RDF603;Philosophy;0.13660839200019836
788;Thermodynamic and physical property models for the production of greener aluminum alloys;RDF20-21;Engineering and technology;0.6673069596290588;RDF10;Natural sciences;0.24741391837596893;RDF50;Social sciences;0.05226752161979675;RDF104;Chemical sciences;0.9233853220939636;RDF103;Physical sciences;0.917376697063446;RDF205;Chemical engineering;0.7237001657485962;RDF206;Materials engineering and resources engineering;0.6045083403587341;RDF107;Other natural sciences;0.3443056344985962
789;Contextual factors predicting feasibility and impact of preventive mental health interventions across Canada;RDF30;Medical, health and life sciences;0.7397413849830627;RDF50;Social sciences;0.17104817926883698;RDF10;Natural sciences;0.03753761947154999;RDF303;Health sciences;0.7059877514839172;RDF501;Psychology and cognitive sciences;0.3601795434951782;RDF509;Other social sciences;0.10613343864679337;RDF305;Other medical sciences;0.07423137128353119;RDF504;Sociology and related studies;0.05515776947140694
790;Between precarity and hospitality: The contentious spaces of migration in North America's borderlands (Geography, urban planning and related fields);RDF50;Social sciences;0.31491905450820923;RDF10;Natural sciences;0.27068302035331726;RDF60;Humanities and the arts;0.18351136147975922;RDF504;Sociology and related studies;0.25050002336502075;RDF107;Other natural sciences;0.20354919135570526;RDF509;Other social sciences;0.1775968074798584;RDF305;Other medical sciences;0.07356305420398712;RDF105;Earth and related environmental sciences;0.060584940016269684
791;Ecological change and the dynamics of zoonotic disease (Biological Systems and Functions);RDF30;Medical, health and life sciences;0.5435588359832764;RDF10;Natural sciences;0.38039278984069824;RDF50;Social sciences;0.031239790841937065;RDF106;Biological sciences;0.9576753973960876;RDF303;Health sciences;0.746832013130188;RDF105;Earth and related environmental sciences;0.6908720135688782;RDF301;Basic medicine and life sciences;0.6628237366676331;RDF503;Education;0.554655134677887
792;NÉONUM : infrastructure de veille pour la néologie en français québécois (Anthropology, archaeology, linguistics and translation);RDF20-21;Engineering and technology;0.3683563768863678;RDF50;Social sciences;0.21909812092781067;RDF10;Natural sciences;0.18413910269737244;RDF601;History, archaeology and related studies;0.818591833114624;RDF602;Languages and literature;0.4586820900440216;RDF503;Education;0.14288844168186188;RDF509;Other social sciences;0.1041124165058136;RDF107;Other natural sciences;0.08130066841840744
793;Detailed bulk composition analysis of extrasolar objects accreted at the surface of white dwarf stars (Physics);RDF10;Natural sciences;0.6782124638557434;RDF20-21;Engineering and technology;0.18593427538871765;RDF50;Social sciences;0.057375192642211914;RDF103;Physical sciences;0.998487114906311;RDF107;Other natural sciences;0.06187598034739494;RDF101;Mathematics and statistics;0.03362122178077698;RDF305;Other medical sciences;0.020944207906723022;RDF105;Earth and related environmental sciences;0.019382191821932793
794;Atmospheric measurements and modeling studies to improve understanding of organic and mineral dust aerosols in northern Canada (Chemistry);RDF10;Natural sciences;0.583516538143158;RDF20-21;Engineering and technology;0.25380173325538635;RDF30;Medical, health and life sciences;0.07568593323230743;RDF104;Chemical sciences;0.9869543313980103;RDF105;Earth and related environmental sciences;0.8975606560707092;RDF205;Chemical engineering;0.8041753172874451;RDF208;Environmental engineering and related engineering;0.44415032863616943;RDF209;Environmental biotechnology;0.11392416805028915
795;Réfléchir et agir dans l'urgence : l'influence des éléments contextuels sur le processus de jugement et de décision d'infirmier(ère)s (Psychology, linguistics and translation);RDF30;Medical, health and life sciences;0.8993498086929321;RDF50;Social sciences;0.04946579411625862;RDF60;Humanities and the arts;0.024775993078947067;RDF501;Psychology and cognitive sciences;0.959307074546814;RDF303;Health sciences;0.8934024572372437;RDF503;Education;0.8926092982292175;RDF603;Philosophy;0.7252596020698547;RDF302;Clinical medicine;0.5878359079360962
796;Interdisciplinary studies of decision-making and motor planning (Biological Systems and Functions);RDF10;Natural sciences;0.6727184653282166;RDF50;Social sciences;0.13146735727787018;RDF30;Medical, health and life sciences;0.08036438375711441;RDF106;Biological sciences;0.9370381832122803;RDF503;Education;0.6766198873519897;RDF501;Psychology and cognitive sciences;0.2904774248600006;RDF107;Other natural sciences;0.08509904146194458;RDF103;Physical sciences;0.06330841034650803
797;Data-driven theory : adversarial immunodynamics, modelling and machine learning for engineered lymphocytes in the context of cancer immunotherapy;RDF30;Medical, health and life sciences;0.6086376905441284;RDF20-21;Engineering and technology;0.22787590324878693;RDF10;Natural sciences;0.11480721831321716;RDF303;Health sciences;0.9657706022262573;RDF106;Biological sciences;0.9391365647315979;RDF304;Medical biotechnology;0.8083699345588684;RDF102;Computer and information sciences;0.581332802772522;RDF301;Basic medicine and life sciences;0.4749964475631714
798;Program for the Development of a Novel Methodology for the Design of Energy Efficient Biorefineries and Industrial Systems (Materials and Chemical Engineering);RDF20-21;Engineering and technology;0.9296008944511414;RDF10;Natural sciences;0.045497868210077286;RDF50;Social sciences;0.012990878894925117;RDF205;Chemical engineering;0.8517062664031982;RDF206;Materials engineering and resources engineering;0.7242856025695801;RDF104;Chemical sciences;0.673567533493042;RDF202;Industrial, systems and processes engineering;0.6504117846488953;RDF210;Industrial biotechnology;0.273331880569458
799;Underlying neurophysiological mechanisms of non-arthritic chronic painful conditions in cats (Biological Systems and Functions);RDF30;Medical, health and life sciences;0.6610503792762756;RDF10;Natural sciences;0.18063288927078247;RDF40;Agricultural and veterinary sciences;0.10925201326608658;RDF402;Animal and dairy sciences;0.9969484806060791;RDF303;Health sciences;0.9661878943443298;RDF403;Veterinary sciences;0.9646225571632385;RDF106;Biological sciences;0.9601748585700989;RDF301;Basic medicine and life sciences;0.7211053371429443
800;Influence of folded foliations on the mechanical behavior of rock masses and rock engineering structures;RDF10;Natural sciences;0.5335725545883179;RDF20-21;Engineering and technology;0.37340420484542847;RDF50;Social sciences;0.050633564591407776;RDF103;Physical sciences;0.888129711151123;RDF204;Mechanical engineering;0.8874974250793457;RDF105;Earth and related environmental sciences;0.7502326369285583;RDF104;Chemical sciences;0.44473809003829956;RDF107;Other natural sciences;0.3425440192222595
801;The Th17 Master Regulator RORC2 as a New Target for HIV Immune Therapy and Cure Strategy (Virology & Viral Pathogenesis);RDF30;Medical, health and life sciences;0.6917806267738342;RDF20-21;Engineering and technology;0.2112775444984436;RDF50;Social sciences;0.03648444265127182;RDF303;Health sciences;0.852014422416687;RDF207;Medical and biomedical engineering;0.42276525497436523;RDF106;Biological sciences;0.29757198691368103;RDF302;Clinical medicine;0.24166831374168396;RDF304;Medical biotechnology;0.23961612582206726
802;Language Acquisition and Processing in Teen and Adult L1 and L2 (Linguistics and translation);RDF50;Social sciences;0.3970352113246918;RDF60;Humanities and the arts;0.2173449844121933;RDF10;Natural sciences;0.15777555108070374;RDF503;Education;0.9925969839096069;RDF501;Psychology and cognitive sciences;0.3714500665664673;RDF305;Other medical sciences;0.1030244305729866;RDF509;Other social sciences;0.10194651782512665;RDF107;Other natural sciences;0.09670579433441162
803;COVID-19 Étude des capacités offertes par les nouvelles formes de regroupements et d'associations d'artistes dans la sortie de crise et le redéploiement des arts à Montréal;RDF60;Humanities and the arts;0.8867251873016357;RDF50;Social sciences;0.06489619612693787;RDF30;Medical, health and life sciences;0.01912716031074524;RDF604;Arts (arts, history of arts, performing arts, music), architecture and design;0.9643550515174866;RDF503;Education;0.12111286073923111;RDF509;Other social sciences;0.10941995680332184;RDF305;Other medical sciences;0.08359067142009735;RDF504;Sociology and related studies;0.05981147289276123
804;A 15 months, double-Blind, randomized controlled trial comparing 18 weeks of two doses of Omalizumab to placebo to accelerate a symptom-driven Oral immunotherapy schedule in subjects aged 6 to 25 years with Multiple food allergies (BOOM) (Nutrition, Food & Health);RDF30;Medical, health and life sciences;0.8744084239006042;RDF10;Natural sciences;0.05412634462118149;RDF50;Social sciences;0.03655225783586502;RDF303;Health sciences;0.952397346496582;RDF302;Clinical medicine;0.7066967487335205;RDF304;Medical biotechnology;0.33393749594688416;RDF106;Biological sciences;0.2366926223039627;RDF305;Other medical sciences;0.1528523713350296
805;Spatial complexity of cardiac cell culture and spatial-temporal bioelectric activity: granularity and mechanical-electrical feedback (Electrical and Computer Engineering);RDF20-21;Engineering and technology;0.9082137942314148;RDF30;Medical, health and life sciences;0.050418920814991;RDF10;Natural sciences;0.030535856261849403;RDF106;Biological sciences;0.28239405155181885;RDF203;Electrical engineering, computer engineering, and information engineering;0.236031636595726;RDF305;Other medical sciences;0.17996251583099365;RDF212;Other engineering and technologies;0.1549505591392517;RDF103;Physical sciences;0.13173070549964905
806;Peer Effects and Program Take-Up: Evidence from employer-employee linked administrative data;RDF50;Social sciences;0.3659934103488922;RDF20-21;Engineering and technology;0.28475773334503174;RDF60;Humanities and the arts;0.11652246862649918;RDF102;Computer and information sciences;0.43217572569847107;RDF504;Sociology and related studies;0.2855711579322815;RDF502;Economics and business administration;0.20995523035526276;RDF505;Law and legal practice;0.11056715995073318;RDF509;Other social sciences;0.09920810163021088
807;Evaluation of human gait biomechanics in real-world environments (Biological Systems and Functions);RDF10;Natural sciences;0.6300811171531677;RDF30;Medical, health and life sciences;0.15257184207439423;RDF20-21;Engineering and technology;0.08206555992364883;RDF106;Biological sciences;0.9718058109283447;RDF105;Earth and related environmental sciences;0.4378986060619354;RDF301;Basic medicine and life sciences;0.3611083924770355;RDF209;Environmental biotechnology;0.35585883259773254;RDF503;Education;0.19682620465755463
808;Robust and efficient statistical learning algorithms with applications in actuarial science (Mathematics and Statistics);RDF20-21;Engineering and technology;0.8025817275047302;RDF10;Natural sciences;0.09014615416526794;RDF50;Social sciences;0.06087692081928253;RDF101;Mathematics and statistics;0.9623560309410095;RDF102;Computer and information sciences;0.4794275164604187;RDF502;Economics and business administration;0.07892589271068573;RDF212;Other engineering and technologies;0.0385746993124485;RDF503;Education;0.02750680409371853
809;HumanitéS-AnimalitéS : discours, pratiques et actions sur le monde animal, du Moyen Âge à l'antispécisme;RDF10;Natural sciences;0.4070964455604553;RDF30;Medical, health and life sciences;0.3090134859085083;RDF50;Social sciences;0.12543705105781555;RDF402;Animal and dairy sciences;0.9652175903320312;RDF105;Earth and related environmental sciences;0.7526949048042297;RDF106;Biological sciences;0.6846858263015747;RDF301;Basic medicine and life sciences;0.3170032501220703;RDF503;Education;0.29062843322753906
810;Intelligence artificielle appliquée aux soins aigus de l'enfant;RDF20-21;Engineering and technology;0.46714040637016296;RDF30;Medical, health and life sciences;0.36168384552001953;RDF10;Natural sciences;0.07553592324256897;RDF303;Health sciences;0.8772140741348267;RDF304;Medical biotechnology;0.7346909642219543;RDF302;Clinical medicine;0.5699424147605896;RDF207;Medical and biomedical engineering;0.5090169906616211;RDF212;Other engineering and technologies;0.36948567628860474
811;BUMP: Better Understanding of Model's Performance for more efficient Natural Language Processing (Computer Science);RDF20-21;Engineering and technology;0.9291686415672302;RDF10;Natural sciences;0.04708094522356987;RDF50;Social sciences;0.010362531058490276;RDF102;Computer and information sciences;0.9960391521453857;RDF503;Education;0.9627081155776978;RDF203;Electrical engineering, computer engineering, and information engineering;0.8714749217033386;RDF202;Industrial, systems and processes engineering;0.14104461669921875;RDF212;Other engineering and technologies;0.04356881603598595
812;Application des réseaux de neurones artificiels et de l'inférence bayésienne à la simulation couplée et à la conception des puits à colonne permanente (Civil, Industrial and Systems Engineering);RDF20-21;Engineering and technology;0.9740874171257019;RDF10;Natural sciences;0.01669475995004177;RDF50;Social sciences;0.004820642992854118;RDF102;Computer and information sciences;0.9853984117507935;RDF202;Industrial, systems and processes engineering;0.7557271122932434;RDF201;Civil engineering, maritime engineering, transport engineering, and mining engineering;0.6517428755760193;RDF203;Electrical engineering, computer engineering, and information engineering;0.5816298723220825;RDF212;Other engineering and technologies;0.2258431762456894
813;Identification of MYC-dependent vulnerabilities in breast cancer (Molecular & Cellular Biology of Cancer);RDF30;Medical, health and life sciences;0.9266631007194519;RDF10;Natural sciences;0.04748428240418434;RDF50;Social sciences;0.012502467259764671;RDF303;Health sciences;0.9654789566993713;RDF106;Biological sciences;0.8999597430229187;RDF304;Medical biotechnology;0.42822590470314026;RDF301;Basic medicine and life sciences;0.28388065099716187;RDF207;Medical and biomedical engineering;0.18177101016044617
814;Topological quantum optics (Physics);RDF20-21;Engineering and technology;0.8212810754776001;RDF10;Natural sciences;0.14439955353736877;RDF50;Social sciences;0.010470489040017128;RDF103;Physical sciences;0.997036337852478;RDF102;Computer and information sciences;0.05654813349246979;RDF212;Other engineering and technologies;0.02025469020009041;RDF107;Other natural sciences;0.01384861022233963;RDF101;Mathematics and statistics;0.012479700148105621
815;Demand Driven - MRP : mode éphèmère ou lien sérieux entres les méthodes flux poussé et flux tiré ? (Civil, Industrial and Systems Engineering);RDF20-21;Engineering and technology;0.9529054760932922;RDF10;Natural sciences;0.01962301693856716;RDF50;Social sciences;0.014272632077336311;RDF202;Industrial, systems and processes engineering;0.7435406446456909;RDF212;Other engineering and technologies;0.13822898268699646;RDF201;Civil engineering, maritime engineering, transport engineering, and mining engineering;0.11303994804620743;RDF503;Education;0.10475175082683563;RDF204;Mechanical engineering;0.08866235613822937
816;Model atmosphere analysis of white dwarfs in the Sloan Digital Sky Survey footprint of Gaia: the definitive work (Physics);RDF10;Natural sciences;0.6987614631652832;RDF20-21;Engineering and technology;0.2589496672153473;RDF50;Social sciences;0.016497613862156868;RDF103;Physical sciences;0.9991099834442139;RDF105;Earth and related environmental sciences;0.7382447123527527;RDF107;Other natural sciences;0.055259644985198975;RDF212;Other engineering and technologies;0.03757330775260925;RDF305;Other medical sciences;0.03718677535653114
817;Les politiques de différenciation et diversification des parcours vers et dans l'enseignement supérieur au Québec : quels effets sur la justice scolaire et sociale? (Education and social work);RDF50;Social sciences;0.5041114091873169;RDF60;Humanities and the arts;0.25028541684150696;RDF10;Natural sciences;0.07184816151857376;RDF503;Education;0.9990745782852173;RDF509;Other social sciences;0.08464395254850388;RDF504;Sociology and related studies;0.04899410530924797;RDF506;Political science and policy administration;0.021739596500992775;RDF107;Other natural sciences;0.011136502027511597
818;Development of high performance PLA based nanocomposites (Materials and Chemical Engineering);RDF20-21;Engineering and technology;0.9730944037437439;RDF10;Natural sciences;0.011541055515408516;RDF50;Social sciences;0.007300208788365126;RDF211;Nano-technology;0.9733928442001343;RDF205;Chemical engineering;0.6481601595878601;RDF104;Chemical sciences;0.6227318048477173;RDF206;Materials engineering and resources engineering;0.3119506239891052;RDF107;Other natural sciences;0.11308891326189041
819;Introducing specificity and sensitivity in imaging mass spectrometry (Chemistry);RDF20-21;Engineering and technology;0.7446309328079224;RDF10;Natural sciences;0.10453373193740845;RDF30;Medical, health and life sciences;0.09397835284471512;RDF104;Chemical sciences;0.944943904876709;RDF503;Education;0.20609398186206818;RDF205;Chemical engineering;0.20142023265361786;RDF103;Physical sciences;0.1691998690366745;RDF305;Other medical sciences;0.0409606471657753
820;Is cannabis a useful adjunct in the treatment of symptoms of persons with multiple sclerosis? A formal trial of CBD and THC for the control of spasticity and other symptoms: assessing the clinical effects and the basic mechanisms;RDF30;Medical, health and life sciences;0.889061450958252;RDF10;Natural sciences;0.06229250878095627;RDF50;Social sciences;0.03003823384642601;RDF303;Health sciences;0.990121066570282;RDF302;Clinical medicine;0.9048188924789429;RDF207;Medical and biomedical engineering;0.8976504802703857;RDF106;Biological sciences;0.8833367228507996;RDF301;Basic medicine and life sciences;0.8436376452445984
821;Investigation of the antineoplastic effect of miRNA-181a and development a novel pharmaceutical approaches for treating advanced retinoblastoma (Cancer Biology & Therapeutics);RDF30;Medical, health and life sciences;0.8599469065666199;RDF10;Natural sciences;0.058491554111242294;RDF20-21;Engineering and technology;0.05513586103916168;RDF303;Health sciences;0.914976954460144;RDF304;Medical biotechnology;0.7332608699798584;RDF207;Medical and biomedical engineering;0.42869117856025696;RDF106;Biological sciences;0.3637598752975464;RDF305;Other medical sciences;0.12554705142974854
822;From spatial community ecology to landscape genetics and genomics (Evolution and Ecology);RDF10;Natural sciences;0.8240088224411011;RDF50;Social sciences;0.06820255517959595;RDF30;Medical, health and life sciences;0.0561567060649395;RDF105;Earth and related environmental sciences;0.9028668403625488;RDF503;Education;0.7790277600288391;RDF107;Other natural sciences;0.3837856352329254;RDF106;Biological sciences;0.19907432794570923;RDF509;Other social sciences;0.17902764678001404
823;Structural Safety Assessment and Strengthening of Concrete Dams and Gated Spillways Subjected to Severe Loading Conditions (Civil, Industrial and Systems Engineering);RDF20-21;Engineering and technology;0.9652577042579651;RDF50;Social sciences;0.01660817675292492;RDF10;Natural sciences;0.009047362022101879;RDF201;Civil engineering, maritime engineering, transport engineering, and mining engineering;0.8191711902618408;RDF202;Industrial, systems and processes engineering;0.35387465357780457;RDF206;Materials engineering and resources engineering;0.1352320909500122;RDF212;Other engineering and technologies;0.037750277668237686;RDF509;Other social sciences;0.03504563868045807
824;Voix empruntées. Pratiques de la citation littéraire dans la Première Modernité (1595-1692) (Literature);RDF60;Humanities and the arts;0.7987548112869263;RDF50;Social sciences;0.052324675023555756;RDF40;Agricultural and veterinary sciences;0.048581816256046295;RDF503;Education;0.9398581981658936;RDF602;Languages and literature;0.9013142585754395;RDF605;Other humanities;0.027350498363375664;RDF508;Media and communications;0.0077255344949662685;RDF604;Arts (arts, history of arts, performing arts, music), architecture and design;0.007431773468852043
825;Brain connectivity-based optimization of non-invasive brain stimulation to improve cognitive symptoms in schizophrenia (Behavioural Sciences – Clinical Behavioural Sciences);RDF30;Medical, health and life sciences;0.9372382164001465;RDF20-21;Engineering and technology;0.030992887914180756;RDF50;Social sciences;0.011346111074090004;RDF501;Psychology and cognitive sciences;0.9806363582611084;RDF303;Health sciences;0.9402981996536255;RDF302;Clinical medicine;0.12485182285308838;RDF207;Medical and biomedical engineering;0.08093670755624771;RDF305;Other medical sciences;0.048136766999959946
826;Procedural Creation and Real-time Display of Realistic Complex Scenes (Computer Science);RDF20-21;Engineering and technology;0.8703063726425171;RDF10;Natural sciences;0.044433414936065674;RDF50;Social sciences;0.028520764783024788;RDF102;Computer and information sciences;0.9974291324615479;RDF203;Electrical engineering, computer engineering, and information engineering;0.7800766825675964;RDF503;Education;0.044597577303647995;RDF212;Other engineering and technologies;0.025419650599360466;RDF107;Other natural sciences;0.018546566367149353
827;Social hierarchies and the non-verbal communication of pain;RDF30;Medical, health and life sciences;0.5728880167007446;RDF50;Social sciences;0.303664892911911;RDF10;Natural sciences;0.051145508885383606;RDF504;Sociology and related studies;0.9773707985877991;RDF501;Psychology and cognitive sciences;0.9181139469146729;RDF303;Health sciences;0.7649794220924377;RDF603;Philosophy;0.47950369119644165;RDF301;Basic medicine and life sciences;0.3400467336177826
828;Next generation immunopeptidomics (Chemistry);RDF30;Medical, health and life sciences;0.7503125667572021;RDF10;Natural sciences;0.15065932273864746;RDF20-21;Engineering and technology;0.05737961828708649;RDF104;Chemical sciences;0.9584988951683044;RDF303;Health sciences;0.8971559405326843;RDF304;Medical biotechnology;0.30146485567092896;RDF301;Basic medicine and life sciences;0.1898212730884552;RDF305;Other medical sciences;0.12912793457508087
829;Income security in retirement: perceptions, incentives and behaviours;RDF50;Social sciences;0.6795430779457092;RDF60;Humanities and the arts;0.07570472359657288;RDF10;Natural sciences;0.06974245607852936;RDF504;Sociology and related studies;0.46857786178588867;RDF502;Economics and business administration;0.36257416009902954;RDF509;Other social sciences;0.19567091763019562;RDF501;Psychology and cognitive sciences;0.07349652796983719;RDF305;Other medical sciences;0.05227921903133392
830;Decision awareness in learning for control;RDF50;Social sciences;0.3980555534362793;RDF40;Agricultural and veterinary sciences;0.15093736350536346;RDF20-21;Engineering and technology;0.1387787163257599;RDF503;Education;0.9909971356391907;RDF501;Psychology and cognitive sciences;0.8873999118804932;RDF504;Sociology and related studies;0.45883360505104065;RDF506;Political science and policy administration;0.16545821726322174;RDF603;Philosophy;0.10356715321540833
831;Multimethod UX triangulated approach for multiuser interface evaluation (Civil, Industrial and Systems Engineering);RDF20-21;Engineering and technology;0.9645882844924927;RDF50;Social sciences;0.01330976840108633;RDF10;Natural sciences;0.0063487873412668705;RDF102;Computer and information sciences;0.8763700723648071;RDF203;Electrical engineering, computer engineering, and information engineering;0.5362218618392944;RDF202;Industrial, systems and processes engineering;0.301927775144577;RDF212;Other engineering and technologies;0.0972188413143158;RDF201;Civil engineering, maritime engineering, transport engineering, and mining engineering;0.04252294823527336
832;Understanding Drug Exceptional Access Programs (DEAPs) Across Canada: A Question of Equity (Mutidisciplinary or interdisciplinary social sciences);RDF50;Social sciences;0.9527353644371033;RDF30;Medical, health and life sciences;0.015339494682848454;RDF60;Humanities and the arts;0.014751848764717579;RDF503;Education;0.9482504725456238;RDF504;Sociology and related studies;0.3450500965118408;RDF509;Other social sciences;0.12517228722572327;RDF505;Law and legal practice;0.09017308056354523;RDF605;Other humanities;0.03821415454149246
833;Geroscience: A novel interdisciplinary approach for research on aging;RDF30;Medical, health and life sciences;0.6320812106132507;RDF50;Social sciences;0.15438847243785858;RDF10;Natural sciences;0.10767532140016556;RDF501;Psychology and cognitive sciences;0.1703009158372879;RDF509;Other social sciences;0.08803310990333557;RDF305;Other medical sciences;0.08166611194610596;RDF605;Other humanities;0.06878729164600372;RDF303;Health sciences;0.054248809814453125
834;Advanced computational platform for permafrost geomechanical modeling and climate impact assessment of northern infrastructure;RDF20-21;Engineering and technology;0.715447187423706;RDF10;Natural sciences;0.25065556168556213;RDF50;Social sciences;0.020157407969236374;RDF105;Earth and related environmental sciences;0.985243022441864;RDF102;Computer and information sciences;0.5977986454963684;RDF103;Physical sciences;0.5673468112945557;RDF208;Environmental engineering and related engineering;0.34108850359916687;RDF203;Electrical engineering, computer engineering, and information engineering;0.3408690392971039
835;Hybrid artificial intelligence methods for combinatorial optimization;RDF20-21;Engineering and technology;0.8907126784324646;RDF10;Natural sciences;0.047949425876140594;RDF50;Social sciences;0.033670809119939804;RDF102;Computer and information sciences;0.9657060503959656;RDF203;Electrical engineering, computer engineering, and information engineering;0.2101982980966568;RDF202;Industrial, systems and processes engineering;0.13477592170238495;RDF212;Other engineering and technologies;0.07191642373800278;RDF107;Other natural sciences;0.036838702857494354
836;Leveraging high-volume data to characterize age and individual-specific vital signs and to develop novel geriatric vital signs that optimally predict clinical outcomes in older adults;RDF30;Medical, health and life sciences;0.8718438744544983;RDF20-21;Engineering and technology;0.058954305946826935;RDF50;Social sciences;0.03567039966583252;RDF303;Health sciences;0.9116527438163757;RDF304;Medical biotechnology;0.7098243832588196;RDF302;Clinical medicine;0.6464601755142212;RDF106;Biological sciences;0.5513321757316589;RDF207;Medical and biomedical engineering;0.47275954484939575
837;Interactions between cortical stimulation and prefrontal population dynamics (Behavioural Sciences – Behavioural Studies, Neuroscience and Cognition);RDF30;Medical, health and life sciences;0.5204095840454102;RDF50;Social sciences;0.18125930428504944;RDF10;Natural sciences;0.09951608628034592;RDF501;Psychology and cognitive sciences;0.6226457953453064;RDF305;Other medical sciences;0.05414868891239166;RDF503;Education;0.0271176565438509;RDF301;Basic medicine and life sciences;0.021206120029091835;RDF504;Sociology and related studies;0.017986208200454712
838;Coupled Aquatic Biogeochemical Cycles in the Anthropocene (Evolution and Ecology);RDF10;Natural sciences;0.8473545908927917;RDF50;Social sciences;0.06382734328508377;RDF30;Medical, health and life sciences;0.03978641331195831;RDF106;Biological sciences;0.8750414848327637;RDF105;Earth and related environmental sciences;0.6118023991584778;RDF301;Basic medicine and life sciences;0.2822951078414917;RDF103;Physical sciences;0.19946390390396118;RDF107;Other natural sciences;0.18513552844524384
839;Electrically and Optically Active Nanostructures and Interfaces (Chemistry);RDF20-21;Engineering and technology;0.6258808970451355;RDF10;Natural sciences;0.3274891972541809;RDF50;Social sciences;0.02277545817196369;RDF104;Chemical sciences;0.9939613342285156;RDF211;Nano-technology;0.9862973690032959;RDF205;Chemical engineering;0.9530133605003357;RDF103;Physical sciences;0.09859886765480042;RDF107;Other natural sciences;0.09409339725971222
840;Performance mécanique à long terme des assemblages collés et boulonnés;RDF20-21;Engineering and technology;0.7161551713943481;RDF10;Natural sciences;0.10253161936998367;RDF50;Social sciences;0.10005871206521988;RDF204;Mechanical engineering;0.9982859492301941;RDF202;Industrial, systems and processes engineering;0.8492849469184875;RDF104;Chemical sciences;0.33106565475463867;RDF103;Physical sciences;0.22227780520915985;RDF212;Other engineering and technologies;0.10017221421003342
841;Optimization models and algorithms for complex production planning problems (Civil, Industrial and Systems Engineering);RDF20-21;Engineering and technology;0.9740941524505615;RDF50;Social sciences;0.009438427165150642;RDF10;Natural sciences;0.007963490672409534;RDF202;Industrial, systems and processes engineering;0.7935463190078735;RDF503;Education;0.5821718573570251;RDF102;Computer and information sciences;0.46205583214759827;RDF201;Civil engineering, maritime engineering, transport engineering, and mining engineering;0.19042272865772247;RDF212;Other engineering and technologies;0.1704389452934265
842;Development of an accessible integrated computational protein design software suite (Genes, Cells and Molecules);RDF20-21;Engineering and technology;0.8138307929039001;RDF10;Natural sciences;0.09565627574920654;RDF30;Medical, health and life sciences;0.05758804455399513;RDF102;Computer and information sciences;0.8095772862434387;RDF106;Biological sciences;0.739093005657196;RDF104;Chemical sciences;0.35309353470802307;RDF103;Physical sciences;0.30886730551719666;RDF203;Electrical engineering, computer engineering, and information engineering;0.25622665882110596
843;Social economy embedding circular economy: theory, practice and potential;RDF50;Social sciences;0.6806845664978027;RDF10;Natural sciences;0.11524934321641922;RDF60;Humanities and the arts;0.0822845920920372;RDF502;Economics and business administration;0.9567151665687561;RDF504;Sociology and related studies;0.899739682674408;RDF507;Social and economic geography;0.26645272970199585;RDF503;Education;0.12490517646074295;RDF603;Philosophy;0.11318691074848175
844;Complex genetics of hypertrophic cardiomyopathy: Towards an integration of polygenic risk in clinical care (Clinical Investigation – Cardiovascular Systems);RDF30;Medical, health and life sciences;0.9604006409645081;RDF10;Natural sciences;0.014568679966032505;RDF50;Social sciences;0.013699379749596119;RDF303;Health sciences;0.977671205997467;RDF302;Clinical medicine;0.8688267469406128;RDF106;Biological sciences;0.3167389929294586;RDF103;Physical sciences;0.2508668899536133;RDF207;Medical and biomedical engineering;0.1886974424123764
845;MERMAIDS: Multichannel ERbium-yeterbiuM AmplIfied high power combiner Devices for Space communications;RDF20-21;Engineering and technology;0.9704786539077759;RDF10;Natural sciences;0.012252367101609707;RDF50;Social sciences;0.006425094325095415;RDF508;Media and communications;0.38682135939598083;RDF103;Physical sciences;0.37493371963500977;RDF205;Chemical engineering;0.3081902265548706;RDF104;Chemical sciences;0.22841458022594452;RDF211;Nano-technology;0.19444426894187927
846;Medium Chain Triglycerides and Ketogenesis (Biological Systems and Functions);RDF10;Natural sciences;0.4561675786972046;RDF30;Medical, health and life sciences;0.4343228042125702;RDF50;Social sciences;0.058279071003198624;RDF106;Biological sciences;0.9320833683013916;RDF104;Chemical sciences;0.9137920141220093;RDF301;Basic medicine and life sciences;0.39444875717163086;RDF107;Other natural sciences;0.25215381383895874;RDF303;Health sciences;0.2182525396347046
847;Impact of Vitamin C on the Reduction of Opioid Consumption After an Emergency Department Visit for Acute Musculoskeletal Pain: A Double-Blind Randomized Control Trial;RDF30;Medical, health and life sciences;0.9175329208374023;RDF10;Natural sciences;0.02946525812149048;RDF50;Social sciences;0.025006841868162155;RDF303;Health sciences;0.9940196871757507;RDF302;Clinical medicine;0.8414351344108582;RDF207;Medical and biomedical engineering;0.7130820751190186;RDF304;Medical biotechnology;0.6314380764961243;RDF301;Basic medicine and life sciences;0.4732387959957123
848;Towards organs-on-paper: building smart paper chips for modern biomedical research;RDF20-21;Engineering and technology;0.5964048504829407;RDF30;Medical, health and life sciences;0.3631536364555359;RDF10;Natural sciences;0.03013141267001629;RDF207;Medical and biomedical engineering;0.973968505859375;RDF304;Medical biotechnology;0.9438672065734863;RDF106;Biological sciences;0.9368073344230652;RDF303;Health sciences;0.7913780212402344;RDF301;Basic medicine and life sciences;0.6960616111755371
849;Ultrafast Functional Ultrasound Imaging of the Brain (Genes, Cells and Molecules);RDF30;Medical, health and life sciences;0.5136346817016602;RDF20-21;Engineering and technology;0.34215447306632996;RDF10;Natural sciences;0.12642595171928406;RDF304;Medical biotechnology;0.9711017608642578;RDF207;Medical and biomedical engineering;0.9439706206321716;RDF106;Biological sciences;0.9413314461708069;RDF303;Health sciences;0.9213929772377014;RDF103;Physical sciences;0.8655653595924377
850;Les trajectoires professionnelles des policiers du Québec : phase 2 (Law and criminology);RDF50;Social sciences;0.5005631446838379;RDF10;Natural sciences;0.10471901297569275;RDF40;Agricultural and veterinary sciences;0.10269355773925781;RDF505;Law and legal practice;0.6472967267036438;RDF503;Education;0.3239145278930664;RDF509;Other social sciences;0.03901166841387749;RDF305;Other medical sciences;0.03504563868045807;RDF107;Other natural sciences;0.018761083483695984
851;Redefining blood pressure: How novel views of the arterial tree can lead to better cardiovascular risk stratification (Clinical Investigation – Cardiovascular Systems);RDF30;Medical, health and life sciences;0.962890088558197;RDF20-21;Engineering and technology;0.014967434108257294;RDF10;Natural sciences;0.011668037623167038;RDF303;Health sciences;0.9739188551902771;RDF302;Clinical medicine;0.860193133354187;RDF207;Medical and biomedical engineering;0.6247658133506775;RDF103;Physical sciences;0.4771430492401123;RDF106;Biological sciences;0.4343113601207733
852;Reducing the burden of hypoglycemia for persons living with type 1 diabetes;RDF30;Medical, health and life sciences;0.9264636039733887;RDF50;Social sciences;0.03299690783023834;RDF10;Natural sciences;0.014303100295364857;RDF302;Clinical medicine;0.8155264854431152;RDF303;Health sciences;0.5427420735359192;RDF301;Basic medicine and life sciences;0.2561336159706116;RDF305;Other medical sciences;0.11636175960302353;RDF207;Medical and biomedical engineering;0.09594075381755829
853;The energy-based and feature tracking motion systems and their interactions (Biological Systems and Functions);RDF20-21;Engineering and technology;0.5671472549438477;RDF10;Natural sciences;0.36510658264160156;RDF30;Medical, health and life sciences;0.0301753468811512;RDF106;Biological sciences;0.9497159719467163;RDF103;Physical sciences;0.9021363854408264;RDF301;Basic medicine and life sciences;0.2597317397594452;RDF107;Other natural sciences;0.12362989783287048;RDF305;Other medical sciences;0.08374041318893433
854;Adoptive transfers of in vitro differentiated plasmacytoid dendritic cells to prevent acute lymphoblastic leukemia relapse: mechanisms and biomarkers of sensitivity (Cancer Progression & Therapeutics);RDF30;Medical, health and life sciences;0.8932339549064636;RDF10;Natural sciences;0.0458831824362278;RDF20-21;Engineering and technology;0.04348376765847206;RDF303;Health sciences;0.9776071906089783;RDF106;Biological sciences;0.935699999332428;RDF304;Medical biotechnology;0.9296961426734924;RDF207;Medical and biomedical engineering;0.8744529485702515;RDF301;Basic medicine and life sciences;0.41077104210853577
855;Replacement and upgrade of the Optical and Infrared Cameras for Observatoire du Mont-Mégantic (Physics);RDF20-21;Engineering and technology;0.8815852999687195;RDF10;Natural sciences;0.08931513875722885;RDF50;Social sciences;0.01412480790168047;RDF103;Physical sciences;0.9969603419303894;RDF212;Other engineering and technologies;0.10576342046260834;RDF107;Other natural sciences;0.022180039435625076;RDF509;Other social sciences;0.019032659009099007;RDF202;Industrial, systems and processes engineering;0.01824677549302578
856;Stochastic Discount Factors, Risk Factors and Performance Evaluation (Economics);RDF50;Social sciences;0.4035148620605469;RDF10;Natural sciences;0.21263737976551056;RDF20-21;Engineering and technology;0.18692025542259216;RDF502;Economics and business administration;0.971939206123352;RDF101;Mathematics and statistics;0.12049055099487305;RDF509;Other social sciences;0.03053094446659088;RDF305;Other medical sciences;0.030157409608364105;RDF201;Civil engineering, maritime engineering, transport engineering, and mining engineering;0.02608109824359417
857;Precision digital twin of production machines for sustained high accuracy and traceable part conformity;RDF20-21;Engineering and technology;0.933324933052063;RDF40;Agricultural and veterinary sciences;0.019201038405299187;RDF10;Natural sciences;0.01817917823791504;RDF202;Industrial, systems and processes engineering;0.9683213829994202;RDF204;Mechanical engineering;0.06828854233026505;RDF212;Other engineering and technologies;0.05850701034069061;RDF102;Computer and information sciences;0.05151045322418213;RDF103;Physical sciences;0.04940524697303772
858;Non-line-of-sight Imaging for Advanced Automotive Sensing;RDF20-21;Engineering and technology;0.8800696730613708;RDF10;Natural sciences;0.08061964809894562;RDF50;Social sciences;0.01574564352631569;RDF103;Physical sciences;0.5438097715377808;RDF202;Industrial, systems and processes engineering;0.10790660977363586;RDF211;Nano-technology;0.07152631133794785;RDF212;Other engineering and technologies;0.05084656924009323;RDF204;Mechanical engineering;0.04401864856481552
859;Le nouvel électeur économique (Political science and public administration);RDF50;Social sciences;0.4639827013015747;RDF60;Humanities and the arts;0.13985812664031982;RDF10;Natural sciences;0.13397587835788727;RDF506;Political science and policy administration;0.9784876704216003;RDF509;Other social sciences;0.08115490525960922;RDF502;Economics and business administration;0.07120272517204285;RDF504;Sociology and related studies;0.06847517937421799;RDF305;Other medical sciences;0.026683088392019272
860;CB1 receptors regulate NMJ denervation and repair (Systems & Circuits Neurosciences);RDF30;Medical, health and life sciences;0.700984537601471;RDF20-21;Engineering and technology;0.23727835714817047;RDF10;Natural sciences;0.04124286025762558;RDF207;Medical and biomedical engineering;0.30523115396499634;RDF304;Medical biotechnology;0.26426342129707336;RDF301;Basic medicine and life sciences;0.10771874338388443;RDF203;Electrical engineering, computer engineering, and information engineering;0.05325542762875557;RDF212;Other engineering and technologies;0.04703038930892944
861;Influence of Lipid Matrix on Ion Channel Oligomerization and Function (Chemistry);RDF10;Natural sciences;0.6864818334579468;RDF20-21;Engineering and technology;0.09684228152036667;RDF50;Social sciences;0.08766075223684311;RDF104;Chemical sciences;0.9948403239250183;RDF107;Other natural sciences;0.10484336316585541;RDF103;Physical sciences;0.1041124165058136;RDF205;Chemical engineering;0.0792103186249733;RDF509;Other social sciences;0.03792804479598999
862;Composition musicale immersive et développement de trajectoires 3D, basées sur l'analyse perceptive (Fine Arts, Research-Creation);RDF60;Humanities and the arts;0.7181163430213928;RDF20-21;Engineering and technology;0.1130690649151802;RDF50;Social sciences;0.06367423385381699;RDF503;Education;0.5286094546318054;RDF604;Arts (arts, history of arts, performing arts, music), architecture and design;0.3964040279388428;RDF508;Media and communications;0.09326426684856415;RDF509;Other social sciences;0.05189349502325058;RDF212;Other engineering and technologies;0.04890318214893341
863;Valorisation des données d'exécution de projets (Civil, Industrial and Systems Engineering);RDF20-21;Engineering and technology;0.9251669645309448;RDF50;Social sciences;0.03512728586792946;RDF10;Natural sciences;0.012187178246676922;RDF201;Civil engineering, maritime engineering, transport engineering, and mining engineering;0.5903955101966858;RDF202;Industrial, systems and processes engineering;0.5337012410163879;RDF509;Other social sciences;0.03618597611784935;RDF212;Other engineering and technologies;0.03004336915910244;RDF101;Mathematics and statistics;0.02209547907114029
864;Innovative Steel Braced Frame Systems for Tall Buildings in Seismic Active Regions (Civil, Industrial and Systems Engineering);RDF20-21;Engineering and technology;0.9626573920249939;RDF10;Natural sciences;0.02504744380712509;RDF50;Social sciences;0.007657711394131184;RDF202;Industrial, systems and processes engineering;0.42677971720695496;RDF206;Materials engineering and resources engineering;0.21386931836605072;RDF105;Earth and related environmental sciences;0.15908673405647278;RDF103;Physical sciences;0.1372431367635727;RDF212;Other engineering and technologies;0.09877258539199829
865;Multiscale modelling of aircraft and rocket emissions using high-fidelity numerical simulations and machine learning;RDF20-21;Engineering and technology;0.913487434387207;RDF10;Natural sciences;0.049755122512578964;RDF50;Social sciences;0.018719660118222237;RDF102;Computer and information sciences;0.730770468711853;RDF103;Physical sciences;0.4326850473880768;RDF101;Mathematics and statistics;0.30699431896209717;RDF212;Other engineering and technologies;0.1329079568386078;RDF107;Other natural sciences;0.06632687151432037
866;Coronavirus Crisis Competence Among Sexual and Gender Minorities (Gender, Sex & Health);RDF50;Social sciences;0.48336178064346313;RDF30;Medical, health and life sciences;0.2726016342639923;RDF60;Humanities and the arts;0.11701571941375732;RDF504;Sociology and related studies;0.6727617979049683;RDF503;Education;0.2605305314064026;RDF509;Other social sciences;0.1456613838672638;RDF303;Health sciences;0.14384791254997253;RDF605;Other humanities;0.12362989783287048
867;From Alterlife to Alterfutures: Contemporary Asian Women's Environmental Moving-Image Arts (Multidisciplinary or interdisciplinary humanities);RDF60;Humanities and the arts;0.8977841734886169;RDF50;Social sciences;0.03860745206475258;RDF10;Natural sciences;0.024660509079694748;RDF604;Arts (arts, history of arts, performing arts, music), architecture and design;0.7948631048202515;RDF503;Education;0.32809871435165405;RDF509;Other social sciences;0.10320505499839783;RDF508;Media and communications;0.0947614386677742;RDF107;Other natural sciences;0.07647662609815598
868;A FOCUS on youth mental health and substance use-related outcomes, inequities and trajectories during COVID-19 and beyond: A mixed-methods study in Canada and France;RDF30;Medical, health and life sciences;0.5459177494049072;RDF50;Social sciences;0.3285992443561554;RDF10;Natural sciences;0.05556175857782364;RDF303;Health sciences;0.5414921641349792;RDF501;Psychology and cognitive sciences;0.4569322466850281;RDF504;Sociology and related studies;0.26241636276245117;RDF509;Other social sciences;0.19690339267253876;RDF305;Other medical sciences;0.15424855053424835
869;Sleep, performance and development (Biological Systems and Functions);RDF10;Natural sciences;0.5191999077796936;RDF30;Medical, health and life sciences;0.40395861864089966;RDF50;Social sciences;0.04881468415260315;RDF106;Biological sciences;0.9844413995742798;RDF303;Health sciences;0.5737268924713135;RDF301;Basic medicine and life sciences;0.43629926443099976;RDF107;Other natural sciences;0.18899662792682648;RDF501;Psychology and cognitive sciences;0.14360754191875458
870;Molecular insights into the targeting of proteins to the inner nuclear membrane (Genes, Cells and Molecules);RDF10;Natural sciences;0.6336238980293274;RDF30;Medical, health and life sciences;0.14574392139911652;RDF20-21;Engineering and technology;0.11860473453998566;RDF106;Biological sciences;0.6021639108657837;RDF103;Physical sciences;0.43097415566444397;RDF104;Chemical sciences;0.3395264446735382;RDF301;Basic medicine and life sciences;0.19605545699596405;RDF107;Other natural sciences;0.18447349965572357
871;Les pratiques pédagogiques qui favorisent l'inclusion socioculturelle et scolaire d'élèves immigrants nouvellement arrivés au Québec : regards croisés d'enseignants et d'élèves (Education and social work);RDF50;Social sciences;0.5026821494102478;RDF60;Humanities and the arts;0.3139566481113434;RDF40;Agricultural and veterinary sciences;0.05807613953948021;RDF503;Education;0.9950850605964661;RDF504;Sociology and related studies;0.41907578706741333;RDF509;Other social sciences;0.08419108390808105;RDF605;Other humanities;0.06626641750335693;RDF507;Social and economic geography;0.04716186597943306
872;Control of collective dynamics via mean field and and inverse mean field game theory;RDF10;Natural sciences;0.6697970628738403;RDF50;Social sciences;0.17809435725212097;RDF20-21;Engineering and technology;0.08003858476877213;RDF103;Physical sciences;0.910823404788971;RDF101;Mathematics and statistics;0.8489096164703369;RDF104;Chemical sciences;0.17455093562602997;RDF107;Other natural sciences;0.14086726307868958;RDF204;Mechanical engineering;0.08525123447179794
873;#WeFeedYou, and yet...: How are temporary migrant workers' food security, nutrition and health shaped in Quebec's agri-food system - A participatory action research multiple-case study;RDF40;Agricultural and veterinary sciences;0.41653087735176086;RDF50;Social sciences;0.2420131117105484;RDF10;Natural sciences;0.17888547480106354;RDF401;Agriculture, forestry, and fisheries;0.866245687007904;RDF404;Agricultural biotechnology and food sciences;0.6833666563034058;RDF508;Media and communications;0.4749051630496979;RDF405;Other agricultural sciences;0.21858595311641693;RDF107;Other natural sciences;0.13386748731136322
874;Delinquent or victim? Teenage girls' experiences of child protection intervention due to concerns for sexual exploitation (Education and social work);RDF50;Social sciences;0.6625584363937378;RDF60;Humanities and the arts;0.1574867218732834;RDF30;Medical, health and life sciences;0.07600700855255127;RDF503;Education;0.8754678964614868;RDF504;Sociology and related studies;0.7235048413276672;RDF501;Psychology and cognitive sciences;0.3579041063785553;RDF505;Law and legal practice;0.13666598498821259;RDF509;Other social sciences;0.13061773777008057
875;Femmes, genre, (im)mobilités et vies précaires : projet de développement partenarial dans une perspective féministe transnationale et décoloniale;RDF50;Social sciences;0.5217640399932861;RDF60;Humanities and the arts;0.26649099588394165;RDF30;Medical, health and life sciences;0.06607623398303986;RDF504;Sociology and related studies;0.7295680046081543;RDF603;Philosophy;0.1591520607471466;RDF509;Other social sciences;0.14438998699188232;RDF605;Other humanities;0.06650853902101517;RDF507;Social and economic geography;0.05242456495761871
876;La cohésion sociale est-elle possible en situation de crises multiples? L'influence des politiques publiques entourant le coronavirus (2019-nCoV) et les préjugés envers les citoyens et citoyennes d'origine chinoise (Canadian 2019 Novel Coronavirus (2019-nCoV) Rapid Research);RDF50;Social sciences;0.6438342928886414;RDF30;Medical, health and life sciences;0.15356005728244781;RDF10;Natural sciences;0.09963111579418182;RDF506;Political science and policy administration;0.567045271396637;RDF504;Sociology and related studies;0.32861024141311646;RDF509;Other social sciences;0.29386022686958313;RDF507;Social and economic geography;0.08225394785404205;RDF605;Other humanities;0.07793769240379333
877;Coronary angiocrine control of heart regeneration (Cardiovascular System – Heart and Circulation);RDF30;Medical, health and life sciences;0.9218155145645142;RDF10;Natural sciences;0.03422266244888306;RDF50;Social sciences;0.01885346509516239;RDF303;Health sciences;0.9657384157180786;RDF106;Biological sciences;0.8821743726730347;RDF207;Medical and biomedical engineering;0.8124212622642517;RDF103;Physical sciences;0.7961339950561523;RDF304;Medical biotechnology;0.7786073088645935
878;Management of public media organizations and society;RDF50;Social sciences;0.510160505771637;RDF60;Humanities and the arts;0.22440138459205627;RDF40;Agricultural and veterinary sciences;0.07739972323179245;RDF508;Media and communications;0.9726494550704956;RDF509;Other social sciences;0.10447732359170914;RDF504;Sociology and related studies;0.07062366604804993;RDF506;Political science and policy administration;0.04698663577437401;RDF605;Other humanities;0.007417379878461361
879;Voters' Identities in their Own Words (Political science and public administration);RDF50;Social sciences;0.5513191819190979;RDF60;Humanities and the arts;0.14723080396652222;RDF10;Natural sciences;0.09750387072563171;RDF506;Political science and policy administration;0.9839091300964355;RDF504;Sociology and related studies;0.3702823221683502;RDF501;Psychology and cognitive sciences;0.09451042115688324;RDF509;Other social sciences;0.08122775703668594;RDF305;Other medical sciences;0.08035746961832047
880;Santé, justice et sécurité au 21e siècle (Philosophy);RDF30;Medical, health and life sciences;0.62595134973526;RDF50;Social sciences;0.1709481179714203;RDF60;Humanities and the arts;0.13107046484947205;RDF603;Philosophy;0.9973632097244263;RDF501;Psychology and cognitive sciences;0.540272057056427;RDF509;Other social sciences;0.17092274129390717;RDF303;Health sciences;0.05915587395429611;RDF505;Law and legal practice;0.03952746093273163
881;Role of ATP-P2X7 axis in pathogenesis of ventilator induced lung injury (Respiratory System);RDF30;Medical, health and life sciences;0.826013445854187;RDF10;Natural sciences;0.07189486920833588;RDF20-21;Engineering and technology;0.05623837560415268;RDF303;Health sciences;0.9580302238464355;RDF106;Biological sciences;0.903464674949646;RDF207;Medical and biomedical engineering;0.8684367537498474;RDF301;Basic medicine and life sciences;0.7394223809242249;RDF304;Medical biotechnology;0.6837363243103027
882;Mitochondrial epigenetics and ORFan genes: exploiting the mitochondrial genetic system to fuel phenotypic variation and functional novelties (Genes, Cells and Molecules);RDF10;Natural sciences;0.6880163550376892;RDF30;Medical, health and life sciences;0.10582028329372406;RDF50;Social sciences;0.08902263641357422;RDF106;Biological sciences;0.7171604633331299;RDF107;Other natural sciences;0.41335874795913696;RDF103;Physical sciences;0.27938589453697205;RDF305;Other medical sciences;0.15765492618083954;RDF509;Other social sciences;0.12651513516902924
883;PeerOnCall as a catalyst for a peer support program based on psychological first aid: a feasibility study among the Sûreté du Québec (Crisis/Suicide Line and App-based Support Models for post traum. stress in public safety personnel (PSP));RDF30;Medical, health and life sciences;0.44900938868522644;RDF50;Social sciences;0.38707029819488525;RDF20-21;Engineering and technology;0.07168826460838318;RDF501;Psychology and cognitive sciences;0.8637368083000183;RDF505;Law and legal practice;0.457674503326416;RDF303;Health sciences;0.2675038278102875;RDF503;Education;0.1898212730884552;RDF509;Other social sciences;0.10402136296033859
884;Computational approaches for analysis and design of complex multiphase flow systems (Mechanical Engineering);RDF20-21;Engineering and technology;0.9782487750053406;RDF10;Natural sciences;0.009722433052957058;RDF50;Social sciences;0.004869686905294657;RDF204;Mechanical engineering;0.9986826777458191;RDF102;Computer and information sciences;0.6127586960792542;RDF202;Industrial, systems and processes engineering;0.37983834743499756;RDF212;Other engineering and technologies;0.05042406544089317;RDF103;Physical sciences;0.037785764783620834
885;Understanding the limits of risk instruments in an era of climate change: An exploration of the institutional geographies of climate services in Europe (Geography, urban planning and related fields);RDF10;Natural sciences;0.4408673346042633;RDF50;Social sciences;0.21173712611198425;RDF20-21;Engineering and technology;0.1897999346256256;RDF503;Education;0.9647223949432373;RDF105;Earth and related environmental sciences;0.7255513668060303;RDF107;Other natural sciences;0.4023481011390686;RDF208;Environmental engineering and related engineering;0.3211405575275421;RDF509;Other social sciences;0.2356356531381607
886;Randomized Double-Blind Placebo-Controlled Clinical Trial to Assess the Efficacy of Mycophenolate Mofetil in Subclinical Interstitial Lung Disease Associated with Systemic Sclerosis: a Feasibility Study;RDF30;Medical, health and life sciences;0.9393259882926941;RDF10;Natural sciences;0.019899018108844757;RDF50;Social sciences;0.01749235764145851;RDF303;Health sciences;0.9887879490852356;RDF302;Clinical medicine;0.9667888283729553;RDF106;Biological sciences;0.8458788394927979;RDF304;Medical biotechnology;0.7780174612998962;RDF207;Medical and biomedical engineering;0.5180280804634094
887;Novel transition support program for young people with disabilities and their families: Identifying most important outcomes for program key stakeholders;RDF50;Social sciences;0.5474623441696167;RDF30;Medical, health and life sciences;0.2194734364748001;RDF60;Humanities and the arts;0.07195182889699936;RDF504;Sociology and related studies;0.28254249691963196;RDF506;Political science and policy administration;0.21157968044281006;RDF509;Other social sciences;0.08434179425239563;RDF605;Other humanities;0.050470851361751556;RDF501;Psychology and cognitive sciences;0.04899410158395767
888;Advancing knowledge and developping mechanistic quantitative tools for in vitro-in vivo extrapolations in pharmacokinetics and toxicokinetics (Biological Systems and Functions);RDF20-21;Engineering and technology;0.38760215044021606;RDF10;Natural sciences;0.38140666484832764;RDF30;Medical, health and life sciences;0.1857750117778778;RDF106;Biological sciences;0.9797258973121643;RDF204;Mechanical engineering;0.4317755699157715;RDF301;Basic medicine and life sciences;0.3602358102798462;RDF104;Chemical sciences;0.19216008484363556;RDF103;Physical sciences;0.16364583373069763
889;Modeling and optimization for advanced management of the complex products for the robust circular economy in Canada (Civil, Industrial and Systems Engineering);RDF20-21;Engineering and technology;0.9448466300964355;RDF50;Social sciences;0.023128408938646317;RDF10;Natural sciences;0.015497381798923016;RDF202;Industrial, systems and processes engineering;0.8019357919692993;RDF212;Other engineering and technologies;0.14157786965370178;RDF502;Economics and business administration;0.12469185888767242;RDF509;Other social sciences;0.09938277304172516;RDF503;Education;0.06675145775079727
890;Advanced Manufacturing of Intelligent Structures (Mechanical Engineering);RDF20-21;Engineering and technology;0.9866539239883423;RDF50;Social sciences;0.004704955033957958;RDF10;Natural sciences;0.0043344078585505486;RDF204;Mechanical engineering;0.9989757537841797;RDF202;Industrial, systems and processes engineering;0.7771730422973633;RDF212;Other engineering and technologies;0.034716881811618805;RDF509;Other social sciences;0.02753293886780739;RDF103;Physical sciences;0.014899642206728458
891;Multimodal Sensing Guidewire with Random Optical Gratings by Ultraviolet laser Exposure for Peripheral Vascular Interventions (Medical Physics & Imaging);RDF20-21;Engineering and technology;0.7772466540336609;RDF30;Medical, health and life sciences;0.2143632024526596;RDF10;Natural sciences;0.004910150542855263;RDF207;Medical and biomedical engineering;0.9980505704879761;RDF303;Health sciences;0.7950222492218018;RDF302;Clinical medicine;0.5204353928565979;RDF103;Physical sciences;0.28422823548316956;RDF211;Nano-technology;0.15040279924869537
892;Intelligent mobility management in emerging vehicular networks (Computer Science);RDF20-21;Engineering and technology;0.9749959111213684;RDF50;Social sciences;0.008754279464483261;RDF10;Natural sciences;0.007801439147442579;RDF102;Computer and information sciences;0.9943799376487732;RDF201;Civil engineering, maritime engineering, transport engineering, and mining engineering;0.956512451171875;RDF203;Electrical engineering, computer engineering, and information engineering;0.7843190431594849;RDF212;Other engineering and technologies;0.16218090057373047;RDF202;Industrial, systems and processes engineering;0.0638899877667427
893;Chemical biology strategies for discovery and profiling of glycan-protein interactions (Chemistry);RDF30;Medical, health and life sciences;0.32683897018432617;RDF10;Natural sciences;0.2901293635368347;RDF20-21;Engineering and technology;0.21143566071987152;RDF104;Chemical sciences;0.9872158169746399;RDF106;Biological sciences;0.6113674640655518;RDF503;Education;0.2420264333486557;RDF301;Basic medicine and life sciences;0.09670579433441162;RDF107;Other natural sciences;0.04488975182175636
894;Local and global biomechanical properties of the eye as new glaucoma risk factors (Medical Physics & Imaging);RDF30;Medical, health and life sciences;0.9729322195053101;RDF10;Natural sciences;0.015542770735919476;RDF50;Social sciences;0.00490989163517952;RDF303;Health sciences;0.9715099334716797;RDF207;Medical and biomedical engineering;0.8604277968406677;RDF103;Physical sciences;0.23832853138446808;RDF301;Basic medicine and life sciences;0.227812722325325;RDF106;Biological sciences;0.18075650930404663
895;L'accessibilité des médias: éduquer pour ouvrir le dialogue;RDF60;Humanities and the arts;0.38649556040763855;RDF50;Social sciences;0.35797393321990967;RDF20-21;Engineering and technology;0.0971030443906784;RDF508;Media and communications;0.9944450259208679;RDF503;Education;0.8962967991828918;RDF504;Sociology and related studies;0.31305214762687683;RDF509;Other social sciences;0.180395245552063;RDF602;Languages and literature;0.17660057544708252
896;Free prior and informed consent, social equity and the forest sector: A comparison of the Forest Stewardship Council certification regime in Canada, Sweden and Russia (Geography, urban planning and related fields);RDF10;Natural sciences;0.558426022529602;RDF50;Social sciences;0.1957390159368515;RDF40;Agricultural and veterinary sciences;0.11196524649858475;RDF401;Agriculture, forestry, and fisheries;0.9905142784118652;RDF105;Earth and related environmental sciences;0.6133668422698975;RDF107;Other natural sciences;0.2985936105251312;RDF509;Other social sciences;0.18959611654281616;RDF208;Environmental engineering and related engineering;0.11646221578121185
897;Water reuse: innovative monitoring technologies for risk reduction (Civil, Industrial and Systems Engineering);RDF20-21;Engineering and technology;0.957728922367096;RDF10;Natural sciences;0.02532399445772171;RDF50;Social sciences;0.008616054430603981;RDF208;Environmental engineering and related engineering;0.9545204043388367;RDF202;Industrial, systems and processes engineering;0.5431207418441772;RDF105;Earth and related environmental sciences;0.4834807515144348;RDF212;Other engineering and technologies;0.2624163329601288;RDF201;Civil engineering, maritime engineering, transport engineering, and mining engineering;0.25478696823120117
898;Difficultés psychosociales, scolaires et milieux de vie différentiels d'enfants issus de la diversité ethnoculturelle recevant, ou non, des services de protection de la jeunesse (Education and social work);RDF50;Social sciences;0.7152008414268494;RDF60;Humanities and the arts;0.16114893555641174;RDF10;Natural sciences;0.03364696353673935;RDF503;Education;0.9360515475273132;RDF504;Sociology and related studies;0.7547794580459595;RDF501;Psychology and cognitive sciences;0.15974102914333344;RDF605;Other humanities;0.09816574305295944;RDF509;Other social sciences;0.09687653928995132
899;Participation jeunesse Autochtone dans la prise de décision en milieu scolaire (Education and social work);RDF50;Social sciences;0.5881094336509705;RDF60;Humanities and the arts;0.1896304488182068;RDF40;Agricultural and veterinary sciences;0.07268192619085312;RDF503;Education;0.9817706942558289;RDF504;Sociology and related studies;0.48752090334892273;RDF509;Other social sciences;0.15475885570049286;RDF605;Other humanities;0.0817393884062767;RDF501;Psychology and cognitive sciences;0.07913912832736969
900;Bioinformatics-powered genetic characterization of the impact of biological systems on Alzheimer's disease and neurodegeneration;RDF30;Medical, health and life sciences;0.6584973931312561;RDF20-21;Engineering and technology;0.21540692448616028;RDF10;Natural sciences;0.09210410714149475;RDF106;Biological sciences;0.9643886089324951;RDF303;Health sciences;0.9512782096862793;RDF301;Basic medicine and life sciences;0.5328353643417358;RDF304;Medical biotechnology;0.5243642330169678;RDF501;Psychology and cognitive sciences;0.1866133064031601
901;Identification of functional epigenomic regions in sperm that are environmentally responsive and associate with fertility and embryo development;RDF30;Medical, health and life sciences;0.7939489483833313;RDF10;Natural sciences;0.1044744923710823;RDF50;Social sciences;0.04011168330907822;RDF106;Biological sciences;0.9528381824493408;RDF301;Basic medicine and life sciences;0.7475237846374512;RDF303;Health sciences;0.684343159198761;RDF304;Medical biotechnology;0.45922011137008667;RDF209;Environmental biotechnology;0.3735329806804657
902;Le jeu symbolique en classe d'éducation préscolaire 4 ans: Relations entre la pensée sociale, la maturité du jeu et l'acceptation sociale (Education and social work);RDF50;Social sciences;0.5110079646110535;RDF60;Humanities and the arts;0.2880525588989258;RDF40;Agricultural and veterinary sciences;0.0606154128909111;RDF503;Education;0.9965502619743347;RDF501;Psychology and cognitive sciences;0.27028757333755493;RDF509;Other social sciences;0.1264611780643463;RDF305;Other medical sciences;0.05455021932721138;RDF504;Sociology and related studies;0.04890318214893341
903;Evaluation of supervised consumption services in Montreal in the context of COVID-19 (Evaluation of Harm Reduction Approaches to Address the Opioid Crisis);RDF30;Medical, health and life sciences;0.6764451861381531;RDF50;Social sciences;0.13968610763549805;RDF20-21;Engineering and technology;0.08365511149168015;RDF303;Health sciences;0.7301936745643616;RDF208;Environmental engineering and related engineering;0.24445317685604095;RDF502;Economics and business administration;0.13106197118759155;RDF505;Law and legal practice;0.10447731614112854;RDF305;Other medical sciences;0.07504072785377502
904;Pacing Brain Rhythms (Biological Systems and Functions);RDF10;Natural sciences;0.6126481890678406;RDF30;Medical, health and life sciences;0.27649635076522827;RDF50;Social sciences;0.07830894738435745;RDF106;Biological sciences;0.9666001796722412;RDF501;Psychology and cognitive sciences;0.8447934985160828;RDF503;Education;0.8131641745567322;RDF103;Physical sciences;0.6766198873519897;RDF303;Health sciences;0.5367075204849243
905;Representation Learning for Lifelong Learning (Computer Science);RDF20-21;Engineering and technology;0.747795820236206;RDF60;Humanities and the arts;0.06877068430185318;RDF50;Social sciences;0.0595160610973835;RDF102;Computer and information sciences;0.9818752408027649;RDF503;Education;0.9674102067947388;RDF203;Electrical engineering, computer engineering, and information engineering;0.5650888085365295;RDF501;Psychology and cognitive sciences;0.04031343758106232;RDF509;Other social sciences;0.015921685844659805
906;Inverse Design by Duality;RDF20-21;Engineering and technology;0.6810371279716492;RDF10;Natural sciences;0.13241241872310638;RDF50;Social sciences;0.07115266472101212;RDF501;Psychology and cognitive sciences;0.21239535510540009;RDF202;Industrial, systems and processes engineering;0.2056947946548462;RDF604;Arts (arts, history of arts, performing arts, music), architecture and design;0.19521024823188782;RDF101;Mathematics and statistics;0.17342814803123474;RDF603;Philosophy;0.15424856543540955
907;How is cell morphogenesis regulated during mitosis? (Genes, Cells and Molecules);RDF30;Medical, health and life sciences;0.5945141911506653;RDF10;Natural sciences;0.3254489004611969;RDF50;Social sciences;0.033117081969976425;RDF106;Biological sciences;0.9734181761741638;RDF103;Physical sciences;0.6556943655014038;RDF301;Basic medicine and life sciences;0.5348479151725769;RDF503;Education;0.47260740399360657;RDF207;Medical and biomedical engineering;0.42158159613609314
908;Superconducting single photon detectors for quantum optics and spectroscopy up to 2.5 microns (Physics);RDF20-21;Engineering and technology;0.9768743515014648;RDF10;Natural sciences;0.014703256078064442;RDF50;Social sciences;0.0026855182368308306;RDF103;Physical sciences;0.99757981300354;RDF102;Computer and information sciences;0.38889360427856445;RDF212;Other engineering and technologies;0.14122219383716583;RDF211;Nano-technology;0.05103542283177376;RDF202;Industrial, systems and processes engineering;0.019271139055490494
909;The effects of neuropsychiatric CNVs on the integrity of brain structure and connectivity (Behavioural Sciences);RDF30;Medical, health and life sciences;0.6509140133857727;RDF50;Social sciences;0.10756384581327438;RDF60;Humanities and the arts;0.08231113851070404;RDF501;Psychology and cognitive sciences;0.9272316098213196;RDF303;Health sciences;0.214115709066391;RDF301;Basic medicine and life sciences;0.06278920918703079;RDF305;Other medical sciences;0.06278920918703079;RDF302;Clinical medicine;0.03120281733572483
910;De villes adaptées à la vieillesse aux territoires inclusifs et exempts d'âgisme : vers un changement de perspective sur l'aménagement urbain des municipalités favorisant le vieillissement ?;RDF50;Social sciences;0.4458964467048645;RDF60;Humanities and the arts;0.200589120388031;RDF30;Medical, health and life sciences;0.15230238437652588;RDF504;Sociology and related studies;0.740174412727356;RDF506;Political science and policy administration;0.21239535510540009;RDF603;Philosophy;0.15399394929409027;RDF509;Other social sciences;0.14354749023914337;RDF507;Social and economic geography;0.10539454966783524
911;Environmental fate of emerging contaminants (Geosciences);RDF10;Natural sciences;0.6605006456375122;RDF30;Medical, health and life sciences;0.13811086118221283;RDF20-21;Engineering and technology;0.0831165760755539;RDF105;Earth and related environmental sciences;0.8594868779182434;RDF208;Environmental engineering and related engineering;0.6750956177711487;RDF107;Other natural sciences;0.05942821502685547;RDF206;Materials engineering and resources engineering;0.007431773468852043;RDF605;Other humanities;0.005050507839769125
912;Du disque à l'oeuvre. Musique, arts visuels, cinéma;RDF60;Humanities and the arts;0.843257486820221;RDF50;Social sciences;0.05054890736937523;RDF20-21;Engineering and technology;0.034945886582136154;RDF508;Media and communications;0.3356774151325226;RDF605;Other humanities;0.048721812665462494;RDF509;Other social sciences;0.03439110517501831;RDF604;Arts (arts, history of arts, performing arts, music), architecture and design;0.030938223004341125;RDF212;Other engineering and technologies;0.019382191821932793
913;Decoding the role of DNMT1 in the Inherited Dysregulation of Epigenetic Marks using Embryonic Cells (Genes, Cells and Molecules);RDF20-21;Engineering and technology;0.5603421926498413;RDF10;Natural sciences;0.2185242921113968;RDF30;Medical, health and life sciences;0.17424403131008148;RDF106;Biological sciences;0.8734849095344543;RDF301;Basic medicine and life sciences;0.5550150871276855;RDF304;Medical biotechnology;0.37464770674705505;RDF107;Other natural sciences;0.29269638657569885;RDF103;Physical sciences;0.26137804985046387
914;Computational Methods for Verification and Validation with Applications in Mechanics (Mechanical Engineering);RDF20-21;Engineering and technology;0.963920533657074;RDF10;Natural sciences;0.018756790086627007;RDF50;Social sciences;0.008462606929242611;RDF204;Mechanical engineering;0.996523380279541;RDF503;Education;0.35158929228782654;RDF102;Computer and information sciences;0.23109322786331177;RDF202;Industrial, systems and processes engineering;0.02981654182076454;RDF103;Physical sciences;0.025662707164883614
915;Inter-cellular causality in the formation and degradation of the vascular glycocalyx;RDF30;Medical, health and life sciences;0.5260359644889832;RDF10;Natural sciences;0.3220306932926178;RDF50;Social sciences;0.06520126760005951;RDF106;Biological sciences;0.953144371509552;RDF104;Chemical sciences;0.9037198424339294;RDF103;Physical sciences;0.7941455841064453;RDF301;Basic medicine and life sciences;0.7051762938499451;RDF303;Health sciences;0.669366717338562
916;L'écologie et des paysages combinatoires : vers une collaboration permanente avec la nature (Geography, urban planning and related fields);RDF10;Natural sciences;0.7125142216682434;RDF50;Social sciences;0.10685375332832336;RDF40;Agricultural and veterinary sciences;0.0527932271361351;RDF208;Environmental engineering and related engineering;0.9588856101036072;RDF105;Earth and related environmental sciences;0.9580302238464355;RDF107;Other natural sciences;0.23196198046207428;RDF209;Environmental biotechnology;0.11646222323179245;RDF509;Other social sciences;0.07758751511573792
917;An optimization framework for comparative, multi-species studies of visual systems (Biological Systems and Functions);RDF10;Natural sciences;0.7287366390228271;RDF20-21;Engineering and technology;0.13381899893283844;RDF50;Social sciences;0.05029836669564247;RDF106;Biological sciences;0.7630867958068848;RDF103;Physical sciences;0.31373506784439087;RDF301;Basic medicine and life sciences;0.05981148034334183;RDF503;Education;0.04629189893603325;RDF107;Other natural sciences;0.04312337189912796
918;A novel web-based mental health intervention integrating peer support and clinical moderation to enhance recovery and prevent relapse in adults diagnosed with psychotic disorders: A pragmatic feasibility study of Horyzons-Canada (Health Services Evaluation & Interventions Research);RDF30;Medical, health and life sciences;0.8288248181343079;RDF20-21;Engineering and technology;0.08327573537826538;RDF50;Social sciences;0.06876885890960693;RDF501;Psychology and cognitive sciences;0.869714617729187;RDF303;Health sciences;0.8005360960960388;RDF305;Other medical sciences;0.14324761927127838;RDF509;Other social sciences;0.10557883977890015;RDF212;Other engineering and technologies;0.09467770159244537
919;Maternal Diabetes Induces Perinatal Programming of Chronic Kidney Disease: The Role of Hedgehog Interacting Protein (Hhip) (Clinical Investigation – Reproduction, Maternal, Child and Youth Health);RDF30;Medical, health and life sciences;0.9609646797180176;RDF10;Natural sciences;0.01897520385682583;RDF50;Social sciences;0.011308502405881882;RDF303;Health sciences;0.9790757894515991;RDF106;Biological sciences;0.826641857624054;RDF302;Clinical medicine;0.5054318904876709;RDF304;Medical biotechnology;0.39763137698173523;RDF301;Basic medicine and life sciences;0.30637139081954956
920;Urgent Replacement of a Platform for Gaseous Chemistry and Catalysis (Chemistry);RDF20-21;Engineering and technology;0.7850634455680847;RDF10;Natural sciences;0.1397610753774643;RDF50;Social sciences;0.03271343931555748;RDF104;Chemical sciences;0.95735764503479;RDF205;Chemical engineering;0.8932163119316101;RDF202;Industrial, systems and processes engineering;0.13134025037288666;RDF212;Other engineering and technologies;0.03185885772109032;RDF107;Other natural sciences;0.029118353500962257
921;CAN OSTEOCLAST BIOMARKERS DETECT EXCESSIVE SUBCHONDRAL BONE RESORPTION IN RACEHORSES? (Genes, Cells and Molecules);RDF30;Medical, health and life sciences;0.3710102438926697;RDF20-21;Engineering and technology;0.3706481158733368;RDF10;Natural sciences;0.22546903789043427;RDF106;Biological sciences;0.9935743808746338;RDF207;Medical and biomedical engineering;0.9164841175079346;RDF304;Medical biotechnology;0.8858292102813721;RDF301;Basic medicine and life sciences;0.8456240296363831;RDF403;Veterinary sciences;0.760961651802063
922;Agrégateur numérique de paysages urbains;RDF20-21;Engineering and technology;0.6591203808784485;RDF50;Social sciences;0.14493100345134735;RDF10;Natural sciences;0.1271539330482483;RDF212;Other engineering and technologies;0.1700940579175949;RDF509;Other social sciences;0.12331283092498779;RDF102;Computer and information sciences;0.0972188413143158;RDF107;Other natural sciences;0.07592666894197464;RDF211;Nano-technology;0.075380340218544
923;Study of the effect of sex on drugs dosing, concentrations and pharmacogenomics (Gender, Sex & Health);RDF30;Medical, health and life sciences;0.8004612922668457;RDF50;Social sciences;0.10141999274492264;RDF10;Natural sciences;0.045424316078424454;RDF303;Health sciences;0.9060313701629639;RDF106;Biological sciences;0.5166411995887756;RDF301;Basic medicine and life sciences;0.32723817229270935;RDF503;Education;0.22618484497070312;RDF501;Psychology and cognitive sciences;0.22439518570899963
924;Biosecurity 2.0 for the modern Canadian dairy farm (Biological Systems and Functions);RDF40;Agricultural and veterinary sciences;0.3814612329006195;RDF20-21;Engineering and technology;0.35695257782936096;RDF10;Natural sciences;0.18464283645153046;RDF401;Agriculture, forestry, and fisheries;0.9806364178657532;RDF404;Agricultural biotechnology and food sciences;0.9258357286453247;RDF402;Animal and dairy sciences;0.8734848499298096;RDF106;Biological sciences;0.8556703329086304;RDF107;Other natural sciences;0.22996723651885986
925;Et si on revenait à l'étude des comportements de leadership : le rôle du style parental et de la motivation comme prédicteurs des comportements de partage de ressources d'élèves officiers (Psychology, linguistics and translation);RDF50;Social sciences;0.5245070457458496;RDF10;Natural sciences;0.25375890731811523;RDF60;Humanities and the arts;0.16051329672336578;RDF503;Education;0.9973008036613464;RDF501;Psychology and cognitive sciences;0.9800530672073364;RDF504;Sociology and related studies;0.7829115390777588;RDF509;Other social sciences;0.4140027165412903;RDF107;Other natural sciences;0.33323192596435547
926;Penser le temps de la maladie chronique : l'expertise littéraire à l'appui des pratiques de soin (Literature);RDF30;Medical, health and life sciences;0.6426364779472351;RDF60;Humanities and the arts;0.2960578203201294;RDF40;Agricultural and veterinary sciences;0.021034114062786102;RDF503;Education;0.9198587536811829;RDF602;Languages and literature;0.8335279226303101;RDF501;Psychology and cognitive sciences;0.18257121741771698;RDF303;Health sciences;0.1270015686750412;RDF305;Other medical sciences;0.12629945576190948
927;Non-releasing alginate hydrogels for analyte sensing and detoxification (Materials and Chemical Engineering);RDF20-21;Engineering and technology;0.7143978476524353;RDF30;Medical, health and life sciences;0.21024960279464722;RDF10;Natural sciences;0.04364243149757385;RDF104;Chemical sciences;0.9308993220329285;RDF205;Chemical engineering;0.9192447066307068;RDF304;Medical biotechnology;0.602792501449585;RDF209;Environmental biotechnology;0.5728572010993958;RDF207;Medical and biomedical engineering;0.43945977091789246
928;Quantifying Indigenous family disruption and resilience at the beginning of the 20th century through historical census data (Sociology, demography and related fields);RDF50;Social sciences;0.6076233386993408;RDF10;Natural sciences;0.1573513150215149;RDF60;Humanities and the arts;0.14695428311824799;RDF504;Sociology and related studies;0.9446383118629456;RDF509;Other social sciences;0.17831110954284668;RDF107;Other natural sciences;0.08351588994264603;RDF305;Other medical sciences;0.07172112166881561;RDF101;Mathematics and statistics;0.04050276800990105
929;The impact of biological sex on the brain language network (Biological Systems and Functions);RDF30;Medical, health and life sciences;0.49547114968299866;RDF10;Natural sciences;0.40895888209342957;RDF20-21;Engineering and technology;0.04075026139616966;RDF106;Biological sciences;0.9794132709503174;RDF501;Psychology and cognitive sciences;0.87103670835495;RDF301;Basic medicine and life sciences;0.5173118114471436;RDF503;Education;0.5109387636184692;RDF107;Other natural sciences;0.2925952970981598
930;Tracking the beat of music: Mechanisms underpinning inter-individual differences and effects on rhythm learning (Biological Systems and Functions);RDF10;Natural sciences;0.4419228434562683;RDF20-21;Engineering and technology;0.2992938458919525;RDF60;Humanities and the arts;0.11108280718326569;RDF106;Biological sciences;0.9243469834327698;RDF503;Education;0.8285229802131653;RDF501;Psychology and cognitive sciences;0.4848983883857727;RDF103;Physical sciences;0.20236437022686005;RDF107;Other natural sciences;0.1203354075551033
931;The role of rhythm in the development of speech perception and production (Biological Systems and Functions);RDF10;Natural sciences;0.633553147315979;RDF60;Humanities and the arts;0.12585531175136566;RDF30;Medical, health and life sciences;0.11696688085794449;RDF106;Biological sciences;0.9813464283943176;RDF503;Education;0.9575961828231812;RDF508;Media and communications;0.808672308921814;RDF501;Psychology and cognitive sciences;0.7927050590515137;RDF301;Basic medicine and life sciences;0.3836412727832794
932;Development of an Intelligent Design Support Tool for Integrated Design of Multidomain Systems (Mechanical Engineering);RDF20-21;Engineering and technology;0.9874820113182068;RDF10;Natural sciences;0.004355024080723524;RDF50;Social sciences;0.003942128270864487;RDF204;Mechanical engineering;0.9966755509376526;RDF202;Industrial, systems and processes engineering;0.7522401213645935;RDF102;Computer and information sciences;0.5838930606842041;RDF503;Education;0.052134256809949875;RDF212;Other engineering and technologies;0.04252294823527336
933;Dynamiques socioreligieuses, laïcité et espaces municipaux québécois (Multidisciplinary or interdisciplinary social sciences);RDF50;Social sciences;0.9593062996864319;RDF60;Humanities and the arts;0.018667001277208328;RDF20-21;Engineering and technology;0.006001393310725689;RDF504;Sociology and related studies;0.7584658861160278;RDF503;Education;0.1264611780643463;RDF509;Other social sciences;0.09417665749788284;RDF605;Other humanities;0.07283429801464081;RDF601;History, archaeology and related studies;0.019927851855754852
934;Optimization and Planning Models for more Sustainable Agrifood Logistics;RDF20-21;Engineering and technology;0.349347859621048;RDF50;Social sciences;0.26733162999153137;RDF40;Agricultural and veterinary sciences;0.26088401675224304;RDF401;Agriculture, forestry, and fisheries;0.9927250146865845;RDF502;Economics and business administration;0.05365070328116417;RDF404;Agricultural biotechnology and food sciences;0.05335398018360138;RDF405;Other agricultural sciences;0.02790137752890587;RDF509;Other social sciences;0.019927851855754852
935;Men's migration, social support, and women's health and well-being in three diverse contexts (Sociology, demography and related fields);RDF50;Social sciences;0.6267594695091248;RDF60;Humanities and the arts;0.14648887515068054;RDF30;Medical, health and life sciences;0.10489556193351746;RDF504;Sociology and related studies;0.8887105584144592;RDF509;Other social sciences;0.27810972929000854;RDF305;Other medical sciences;0.11441798508167267;RDF605;Other humanities;0.07807816565036774;RDF107;Other natural sciences;0.06891249865293503
936;Child maltreatment, emotion regulation and sexual wellbeing over time in women with low sexual desire and their partners (Psychology);RDF30;Medical, health and life sciences;0.7067468762397766;RDF50;Social sciences;0.1278313249349594;RDF60;Humanities and the arts;0.08237306773662567;RDF501;Psychology and cognitive sciences;0.9905874133110046;RDF303;Health sciences;0.6494119167327881;RDF305;Other medical sciences;0.1467585563659668;RDF509;Other social sciences;0.11274655908346176;RDF107;Other natural sciences;0.10141132771968842
937;Détresse, formes d'exclusion et héritage migratoire : trajectoire sociale et subjectivité des personnes descendantes de migrants asiatiques (Education and social work);RDF60;Humanities and the arts;0.5136221051216125;RDF50;Social sciences;0.3799164295196533;RDF10;Natural sciences;0.05448009818792343;RDF503;Education;0.9192809462547302;RDF504;Sociology and related studies;0.8396024703979492;RDF509;Other social sciences;0.23466962575912476;RDF501;Psychology and cognitive sciences;0.22661244869232178;RDF107;Other natural sciences;0.11392416805028915
938;Elucidating the roles of miRNAs and Hippo signaling on lineage specification in the human and mouse embryo (Endocrinology);RDF30;Medical, health and life sciences;0.7725092768669128;RDF10;Natural sciences;0.13509681820869446;RDF20-21;Engineering and technology;0.048714280128479004;RDF106;Biological sciences;0.9181138873100281;RDF301;Basic medicine and life sciences;0.6234055161476135;RDF303;Health sciences;0.17702700197696686;RDF304;Medical biotechnology;0.10158945620059967;RDF503;Education;0.0960254892706871
939;Enabling Collaborative and Intelligent Service Provisioning in Mobile Edge Networks;RDF20-21;Engineering and technology;0.9683490991592407;RDF50;Social sciences;0.01828106865286827;RDF40;Agricultural and veterinary sciences;0.003739500418305397;RDF102;Computer and information sciences;0.9494823217391968;RDF203;Electrical engineering, computer engineering, and information engineering;0.4505709111690521;RDF508;Media and communications;0.05975659191608429;RDF202;Industrial, systems and processes engineering;0.04296247288584709;RDF212;Other engineering and technologies;0.03871982917189598
940;Intelligent Predictive Maintenance 4.0 for Heavy-duty Electrical Bus;RDF20-21;Engineering and technology;0.9570107460021973;RDF50;Social sciences;0.018786726519465446;RDF10;Natural sciences;0.012429400347173214;RDF202;Industrial, systems and processes engineering;0.9822536706924438;RDF201;Civil engineering, maritime engineering, transport engineering, and mining engineering;0.9561454653739929;RDF102;Computer and information sciences;0.7591807842254639;RDF203;Electrical engineering, computer engineering, and information engineering;0.5694736242294312;RDF103;Physical sciences;0.11874230206012726
941;Investigating mitochondrial biogenesis rheostat functions in skin aging: stress sensing and control of immunometabolic landscapes;RDF30;Medical, health and life sciences;0.7923624515533447;RDF10;Natural sciences;0.131966233253479;RDF50;Social sciences;0.03312254697084427;RDF106;Biological sciences;0.9724408984184265;RDF303;Health sciences;0.9506863951683044;RDF301;Basic medicine and life sciences;0.7213998436927795;RDF305;Other medical sciences;0.4766862094402313;RDF304;Medical biotechnology;0.44479838013648987
942;Role of the Calcitonin Receptor System in Cardiac Physiology and Remodeling;RDF30;Medical, health and life sciences;0.9182937741279602;RDF10;Natural sciences;0.04005258157849312;RDF20-21;Engineering and technology;0.017626304179430008;RDF303;Health sciences;0.9798997640609741;RDF207;Medical and biomedical engineering;0.9387446641921997;RDF304;Medical biotechnology;0.9248236417770386;RDF106;Biological sciences;0.9183704853057861;RDF103;Physical sciences;0.8688268065452576
943;Predicting the Progression and Brace Treatment Response in Spinal Deformities with Temporal-based Machine Learning Approaches (Biomedical Engineering);RDF30;Medical, health and life sciences;0.7491866946220398;RDF20-21;Engineering and technology;0.2250564992427826;RDF10;Natural sciences;0.012062263675034046;RDF207;Medical and biomedical engineering;0.9925970435142517;RDF303;Health sciences;0.8626411557197571;RDF106;Biological sciences;0.7951813340187073;RDF304;Medical biotechnology;0.4439610540866852;RDF103;Physical sciences;0.16885694861412048
944;Boosting the Productivity of a Graying Workforce;RDF20-21;Engineering and technology;0.30968359112739563;RDF40;Agricultural and veterinary sciences;0.2903531789779663;RDF50;Social sciences;0.20210620760917664;RDF202;Industrial, systems and processes engineering;0.7041601538658142;RDF502;Economics and business administration;0.687262773513794;RDF504;Sociology and related studies;0.4727747440338135;RDF509;Other social sciences;0.10687688738107681;RDF212;Other engineering and technologies;0.05208602175116539
945;The Biophysics of Cold Plasmas in Cancer Therapy (Physics);RDF30;Medical, health and life sciences;0.8188809752464294;RDF10;Natural sciences;0.13920757174491882;RDF20-21;Engineering and technology;0.018867311999201775;RDF103;Physical sciences;0.9958174824714661;RDF106;Biological sciences;0.4186226725578308;RDF304;Medical biotechnology;0.37897607684135437;RDF303;Health sciences;0.333720326423645;RDF301;Basic medicine and life sciences;0.26062461733818054
946;Virage numérique dans le développement de techniques avancées en soins personnalisés (Physics);RDF20-21;Engineering and technology;0.6975749135017395;RDF30;Medical, health and life sciences;0.24727486073970795;RDF10;Natural sciences;0.022621460258960724;RDF501;Psychology and cognitive sciences;0.8689936399459839;RDF103;Physical sciences;0.8677098155021667;RDF102;Computer and information sciences;0.5494744181632996;RDF303;Health sciences;0.433066189289093;RDF207;Medical and biomedical engineering;0.08042966574430466
947;Rencontres « droits et résistances numériques en contexte francophone »;RDF50;Social sciences;0.34853845834732056;RDF20-21;Engineering and technology;0.33584147691726685;RDF60;Humanities and the arts;0.18528825044631958;RDF508;Media and communications;0.1683778166770935;RDF102;Computer and information sciences;0.16118815541267395;RDF509;Other social sciences;0.09568694978952408;RDF203;Electrical engineering, computer engineering, and information engineering;0.09492912143468857;RDF504;Sociology and related studies;0.039453379809856415
948;Caméra rapide haute résolution pour la mesure de nuages de bulles en écoulement à haute vitesse (Mechanical Engineering);RDF20-21;Engineering and technology;0.9775638580322266;RDF10;Natural sciences;0.011962100863456726;RDF30;Medical, health and life sciences;0.003804693929851055;RDF204;Mechanical engineering;0.9979731440544128;RDF105;Earth and related environmental sciences;0.22575782239437103;RDF104;Chemical sciences;0.08897848427295685;RDF202;Industrial, systems and processes engineering;0.07544843852519989;RDF102;Computer and information sciences;0.06354045122861862
949;Predicting duration and rehospitalization of psychiatric emergency patients: The Signature BioBank;RDF30;Medical, health and life sciences;0.8259223103523254;RDF20-21;Engineering and technology;0.10329430550336838;RDF50;Social sciences;0.02573239617049694;RDF303;Health sciences;0.9078446626663208;RDF207;Medical and biomedical engineering;0.6249518394470215;RDF304;Medical biotechnology;0.6090010404586792;RDF505;Law and legal practice;0.2880180776119232;RDF302;Clinical medicine;0.1919327825307846
950;Perceptions de justice dans les services : les cas des travailleurs de la restauration et des enseignants universitaires au Québec et en France (Sociology, demography and related fields);RDF50;Social sciences;0.6598515510559082;RDF60;Humanities and the arts;0.165659561753273;RDF10;Natural sciences;0.07503409683704376;RDF504;Sociology and related studies;0.9703524112701416;RDF503;Education;0.7529220581054688;RDF509;Other social sciences;0.325493723154068;RDF605;Other humanities;0.1522211879491806;RDF501;Psychology and cognitive sciences;0.14535781741142273
951;L'impact de la rémunération tangible et intangible sur le roulement volontaire dans le secteur des TIC au Canada : une approche multiniveaux et longitudinale (Business, management and related fields);RDF20-21;Engineering and technology;0.764444887638092;RDF50;Social sciences;0.13607385754585266;RDF10;Natural sciences;0.038833823055028915;RDF102;Computer and information sciences;0.7289895415306091;RDF203;Electrical engineering, computer engineering, and information engineering;0.3636751174926758;RDF502;Economics and business administration;0.3600389063358307;RDF509;Other social sciences;0.07857165485620499;RDF212;Other engineering and technologies;0.05237607657909393
952;The Axolotl a model for vertebrate limb regeneration (Genes, Cells and Molecules);RDF30;Medical, health and life sciences;0.550017237663269;RDF10;Natural sciences;0.31708452105522156;RDF20-21;Engineering and technology;0.0767761766910553;RDF106;Biological sciences;0.971563994884491;RDF301;Basic medicine and life sciences;0.8765815496444702;RDF207;Medical and biomedical engineering;0.845687747001648;RDF304;Medical biotechnology;0.8453688025474548;RDF103;Physical sciences;0.8210440874099731
953;Microglial fatty acid signalling as a modulator of diet-induced neuroimmune responses in obesity (Diabetes, Obesity, Lipid & Lipoprotein Disorders);RDF30;Medical, health and life sciences;0.8494537472724915;RDF10;Natural sciences;0.09186777472496033;RDF50;Social sciences;0.029123535379767418;RDF303;Health sciences;0.9756466746330261;RDF106;Biological sciences;0.847967803478241;RDF104;Chemical sciences;0.6934469938278198;RDF301;Basic medicine and life sciences;0.6556392312049866;RDF304;Medical biotechnology;0.4560520350933075
954;Diversity and resilience of plant communities in isolated ecosystems (Evolution and Ecology);RDF10;Natural sciences;0.8483233451843262;RDF40;Agricultural and veterinary sciences;0.053652048110961914;RDF30;Medical, health and life sciences;0.05251166224479675;RDF105;Earth and related environmental sciences;0.6124835014343262;RDF301;Basic medicine and life sciences;0.4381164610385895;RDF107;Other natural sciences;0.39488622546195984;RDF106;Biological sciences;0.21917033195495605;RDF305;Other medical sciences;0.11269770562648773
955;Dynamic protein interaction networks to map molecular origins of envronmental and genomic variations (Genes, Cells and Molecules);RDF10;Natural sciences;0.6509112119674683;RDF20-21;Engineering and technology;0.1761338710784912;RDF30;Medical, health and life sciences;0.08626096695661545;RDF106;Biological sciences;0.6310402750968933;RDF103;Physical sciences;0.29375892877578735;RDF104;Chemical sciences;0.1860211193561554;RDF107;Other natural sciences;0.17314834892749786;RDF301;Basic medicine and life sciences;0.09526526927947998
956;Greening Social Work in Quebec: Exploring the Intersections of Environmental-Ecological Notions in Social Work Theory, Education, and Practice (Education and social work);RDF50;Social sciences;0.6195220947265625;RDF10;Natural sciences;0.2016456425189972;RDF60;Humanities and the arts;0.08630427718162537;RDF503;Education;0.6622779369354248;RDF208;Environmental engineering and related engineering;0.2925952970981598;RDF504;Sociology and related studies;0.2414446622133255;RDF509;Other social sciences;0.23792988061904907;RDF107;Other natural sciences;0.14499425888061523
957;L'oeuvre d'art comme «analyseur»: en quête d'une méthodologie (Fine arts, research-creation);RDF60;Humanities and the arts;0.9260925054550171;RDF50;Social sciences;0.036367278546094894;RDF10;Natural sciences;0.011200238019227982;RDF604;Arts (arts, history of arts, performing arts, music), architecture and design;0.9964961409568787;RDF503;Education;0.2501334846019745;RDF509;Other social sciences;0.05872255191206932;RDF605;Other humanities;0.05266765505075455;RDF602;Languages and literature;0.03277498483657837
958;Control of bacterial cell shape through cell-wall remodeling (Microbiology & Infectious Diseases);RDF30;Medical, health and life sciences;0.8837954998016357;RDF10;Natural sciences;0.06085198372602463;RDF20-21;Engineering and technology;0.03377014771103859;RDF303;Health sciences;0.9285385012626648;RDF106;Biological sciences;0.7610504627227783;RDF301;Basic medicine and life sciences;0.7419078350067139;RDF207;Medical and biomedical engineering;0.5667464733123779;RDF304;Medical biotechnology;0.554138720035553
959;Role and therapeutic potential of the atypical MAP kinase ERK3 in basal-like breast cancer progression (Molecular & Cellular Biology of Cancer);RDF30;Medical, health and life sciences;0.9227548241615295;RDF10;Natural sciences;0.05347525700926781;RDF50;Social sciences;0.01270768977701664;RDF303;Health sciences;0.9647224545478821;RDF106;Biological sciences;0.9412234425544739;RDF301;Basic medicine and life sciences;0.5418785810470581;RDF304;Medical biotechnology;0.4018785059452057;RDF305;Other medical sciences;0.25091278553009033
960;Personnalisation en temps réel d'interface en fonction de la charge cognitive des utilisateurs (Civil, Industrial and Systems Engineering);RDF20-21;Engineering and technology;0.9595721960067749;RDF50;Social sciences;0.01716805063188076;RDF60;Humanities and the arts;0.009046926163136959;RDF102;Computer and information sciences;0.9773058891296387;RDF202;Industrial, systems and processes engineering;0.5679066777229309;RDF203;Electrical engineering, computer engineering, and information engineering;0.50103759765625;RDF501;Psychology and cognitive sciences;0.22507578134536743;RDF212;Other engineering and technologies;0.22025856375694275
961;The I-Care project : Assessing the impact of a multimodal childcare-based intervention to prevent disruptive behaviour problems in children (Psychology);RDF30;Medical, health and life sciences;0.5474609732627869;RDF50;Social sciences;0.24057349562644958;RDF20-21;Engineering and technology;0.10832912474870682;RDF501;Psychology and cognitive sciences;0.9544780254364014;RDF303;Health sciences;0.39446333050727844;RDF503;Education;0.09122005850076675;RDF509;Other social sciences;0.07716920971870422;RDF305;Other medical sciences;0.061593156307935715
962;Inter-individual variability in cognitive aging: Neural mechanisms, reserve processes and malleability of neuroprotective processes (Biological Systems and Functions);RDF30;Medical, health and life sciences;0.4056259095668793;RDF10;Natural sciences;0.31621044874191284;RDF50;Social sciences;0.19952882826328278;RDF501;Psychology and cognitive sciences;0.9798805117607117;RDF106;Biological sciences;0.9286680221557617;RDF303;Health sciences;0.46679243445396423;RDF301;Basic medicine and life sciences;0.14872592687606812;RDF305;Other medical sciences;0.12640725076198578
963;Maternal immune cells mediated endothelial activation in preeclampsia (Clinical Investigation – Reproduction, Maternal, Child and Youth Health);RDF30;Medical, health and life sciences;0.9604492783546448;RDF10;Natural sciences;0.022742537781596184;RDF50;Social sciences;0.008810946717858315;RDF303;Health sciences;0.9772191047668457;RDF106;Biological sciences;0.9196425676345825;RDF302;Clinical medicine;0.6359151601791382;RDF304;Medical biotechnology;0.5945954322814941;RDF301;Basic medicine and life sciences;0.4499566853046417
964;Projet 'Parité sciences';RDF20-21;Engineering and technology;0.49429377913475037;RDF30;Medical, health and life sciences;0.12831616401672363;RDF10;Natural sciences;0.12583430111408234;RDF503;Education;0.700894832611084;RDF107;Other natural sciences;0.03161877021193504;RDF504;Sociology and related studies;0.029844801872968674;RDF506;Political science and policy administration;0.02878887951374054;RDF212;Other engineering and technologies;0.025419652462005615
965;A Pragmatic Randomized Clinical Trial on Immersive Virtual Reality Compared to Non-Immersive Distraction Using a Tablet for Pain and Anxiety Management of Children During Bone Pins and Sutures Removal in Orthopedic Clinics (Clinical Investigation – Reproduction, Maternal, Child and Youth Health);RDF30;Medical, health and life sciences;0.6797322034835815;RDF20-21;Engineering and technology;0.2685368061065674;RDF50;Social sciences;0.02940233051776886;RDF303;Health sciences;0.9310248494148254;RDF302;Clinical medicine;0.8613633513450623;RDF304;Medical biotechnology;0.5922465324401855;RDF501;Psychology and cognitive sciences;0.5117318630218506;RDF207;Medical and biomedical engineering;0.3982308804988861
966;IMAGE-GUIDED INJECTION WITH A HIGH-RESOLUTION ULTRASOUND SYSTEM ADAPTED FOR RODENT USE (Genes, Cells and Molecules);RDF20-21;Engineering and technology;0.7547749280929565;RDF30;Medical, health and life sciences;0.11484771966934204;RDF10;Natural sciences;0.10958845913410187;RDF207;Medical and biomedical engineering;0.8866168856620789;RDF304;Medical biotechnology;0.8339340686798096;RDF103;Physical sciences;0.5551677346229553;RDF301;Basic medicine and life sciences;0.5412421822547913;RDF106;Biological sciences;0.538770854473114
967;Quantum theory and applications (Physics);RDF10;Natural sciences;0.7936732769012451;RDF20-21;Engineering and technology;0.12946873903274536;RDF50;Social sciences;0.022106271237134933;RDF103;Physical sciences;0.9966690540313721;RDF503;Education;0.21117271482944489;RDF107;Other natural sciences;0.029535340145230293;RDF101;Mathematics and statistics;0.010944577865302563;RDF509;Other social sciences;0.0035380860790610313
968;Cardioprotective effect of a cyclic azapeptide ligand of CD36 against ischemia-reperfusion damage and dysfunction in mice (Cardiovascular System – Heart and Circulation);RDF30;Medical, health and life sciences;0.7959282398223877;RDF10;Natural sciences;0.1003345251083374;RDF40;Agricultural and veterinary sciences;0.04322517663240433;RDF303;Health sciences;0.9563905000686646;RDF106;Biological sciences;0.851582944393158;RDF402;Animal and dairy sciences;0.7934662699699402;RDF103;Physical sciences;0.7220863103866577;RDF403;Veterinary sciences;0.6897760033607483
969;The Mobile health for Kids with Asthma (MoKA) study: predicting exacerbations through multimodal data and machine learning;RDF20-21;Engineering and technology;0.5013024210929871;RDF30;Medical, health and life sciences;0.42255139350891113;RDF50;Social sciences;0.04210467264056206;RDF303;Health sciences;0.974821150302887;RDF102;Computer and information sciences;0.8998717665672302;RDF304;Medical biotechnology;0.8994751572608948;RDF207;Medical and biomedical engineering;0.6343734860420227;RDF106;Biological sciences;0.5876103639602661
970;Towards a multi-trajectory understanding of intimate partner homicide (Psychology, linguistics and translation);RDF50;Social sciences;0.5644761323928833;RDF60;Humanities and the arts;0.20564110577106476;RDF30;Medical, health and life sciences;0.11625894159078598;RDF501;Psychology and cognitive sciences;0.8382829427719116;RDF503;Education;0.5927844643592834;RDF504;Sociology and related studies;0.5685524344444275;RDF505;Law and legal practice;0.5075982809066772;RDF509;Other social sciences;0.19574777781963348
971;Predicting future primary psychotic disorders in youth with methamphetamine-psychosis disorder (Methamphetamine and related psychostimulant use);RDF30;Medical, health and life sciences;0.8817535042762756;RDF50;Social sciences;0.06574089080095291;RDF10;Natural sciences;0.022864120081067085;RDF501;Psychology and cognitive sciences;0.9571978449821472;RDF303;Health sciences;0.9091838598251343;RDF302;Clinical medicine;0.5880133509635925;RDF503;Education;0.3346981406211853;RDF305;Other medical sciences;0.18839862942695618
972;The MYC/MIZ-1 complex in germinal center B cells and B cell lymphomagenesis;RDF30;Medical, health and life sciences;0.5745148062705994;RDF10;Natural sciences;0.23291973769664764;RDF20-21;Engineering and technology;0.1225304901599884;RDF106;Biological sciences;0.9546896815299988;RDF104;Chemical sciences;0.6827852725982666;RDF303;Health sciences;0.6377643346786499;RDF301;Basic medicine and life sciences;0.6164164543151855;RDF304;Medical biotechnology;0.6018787622451782
973;Nouvelle méthodologie prenant en compte les hydrogrammes probabilistes de rupture de barrages par temps sec pour déterminer les vraies zones à risque tenant compte du recul des berges et de l'érosion fluviale (Civil, Industrial and Systems Engineering);RDF20-21;Engineering and technology;0.8206726908683777;RDF10;Natural sciences;0.14457470178604126;RDF50;Social sciences;0.019413791596889496;RDF105;Earth and related environmental sciences;0.9851003885269165;RDF201;Civil engineering, maritime engineering, transport engineering, and mining engineering;0.6508349180221558;RDF208;Environmental engineering and related engineering;0.6134681701660156;RDF101;Mathematics and statistics;0.26621416211128235;RDF103;Physical sciences;0.22439520061016083
974;Interpretable Decision Processes in Data-Driven Supply Chains;RDF20-21;Engineering and technology;0.6743520498275757;RDF50;Social sciences;0.14592790603637695;RDF10;Natural sciences;0.0794171467423439;RDF202;Industrial, systems and processes engineering;0.5936764478683472;RDF102;Computer and information sciences;0.5164125561714172;RDF509;Other social sciences;0.056392040103673935;RDF502;Economics and business administration;0.03197956085205078;RDF103;Physical sciences;0.03010033629834652
975;Central control of energy homeostasis by neuronal adipose triglyceride lipase (Diabetes, Obesity, Lipid & Lipoprotein Disorders);RDF30;Medical, health and life sciences;0.8870397210121155;RDF10;Natural sciences;0.059602316468954086;RDF50;Social sciences;0.02865341305732727;RDF303;Health sciences;0.9591160416603088;RDF106;Biological sciences;0.928473711013794;RDF301;Basic medicine and life sciences;0.5527641773223877;RDF302;Clinical medicine;0.47087347507476807;RDF103;Physical sciences;0.4080187678337097
976;Les cybryontes et l'anthropocène: Des conditions de possibilité de nouvelles symbioses (Fine Arts, Research-Creation);RDF60;Humanities and the arts;0.394729882478714;RDF30;Medical, health and life sciences;0.28138235211372375;RDF10;Natural sciences;0.2005283385515213;RDF106;Biological sciences;0.8741310238838196;RDF601;History, archaeology and related studies;0.4358789920806885;RDF504;Sociology and related studies;0.4186040759086609;RDF107;Other natural sciences;0.34169232845306396;RDF305;Other medical sciences;0.2755681276321411
977;L'Insécurité au Sahel et ses Effets sur l'Accès des Services de Santé (ISEASS);RDF30;Medical, health and life sciences;0.4714093506336212;RDF50;Social sciences;0.245866060256958;RDF10;Natural sciences;0.12905719876289368;RDF303;Health sciences;0.521577775478363;RDF208;Environmental engineering and related engineering;0.20094941556453705;RDF105;Earth and related environmental sciences;0.1138748899102211;RDF509;Other social sciences;0.10447732359170914;RDF305;Other medical sciences;0.09687653928995132
978;Advanced reagent delivery systems for microfluidics (Materials and Chemical Engineering);RDF20-21;Engineering and technology;0.9378666877746582;RDF10;Natural sciences;0.03768463060259819;RDF50;Social sciences;0.014254666864871979;RDF104;Chemical sciences;0.8471475839614868;RDF205;Chemical engineering;0.7950620651245117;RDF206;Materials engineering and resources engineering;0.12415990233421326;RDF107;Other natural sciences;0.10800065845251083;RDF103;Physical sciences;0.10275400429964066
979;Generative models for 3D textures (Computer Science);RDF20-21;Engineering and technology;0.9219648838043213;RDF10;Natural sciences;0.02271200902760029;RDF50;Social sciences;0.01616826094686985;RDF102;Computer and information sciences;0.9977038502693176;RDF203;Electrical engineering, computer engineering, and information engineering;0.6936026811599731;RDF212;Other engineering and technologies;0.04099902883172035;RDF107;Other natural sciences;0.007984270341694355;RDF509;Other social sciences;0.007953389547765255
980;The many paths to ecological network inference: reconciling machine learning, empirical data, and ecological knowledge (Evolution and Ecology);RDF20-21;Engineering and technology;0.5477834343910217;RDF10;Natural sciences;0.36508068442344666;RDF50;Social sciences;0.0466647669672966;RDF102;Computer and information sciences;0.9130195379257202;RDF105;Earth and related environmental sciences;0.5511887073516846;RDF208;Environmental engineering and related engineering;0.3251990079879761;RDF103;Physical sciences;0.1446918547153473;RDF107;Other natural sciences;0.13580411672592163
981;Social environment and functioning of adolescents born pre-term (Social & Developmental Aspects of Children's & Youth's Health);RDF30;Medical, health and life sciences;0.6526809334754944;RDF50;Social sciences;0.30359894037246704;RDF10;Natural sciences;0.024696815758943558;RDF303;Health sciences;0.9497626423835754;RDF504;Sociology and related studies;0.8527516722679138;RDF503;Education;0.7238466143608093;RDF501;Psychology and cognitive sciences;0.6024563312530518;RDF301;Basic medicine and life sciences;0.3387877345085144
982;Beyond socioeconomic disadvantages: Deepening our understanding of structural inequalities in disparate child protection involvement (Education and social work);RDF50;Social sciences;0.6854174733161926;RDF60;Humanities and the arts;0.17932644486427307;RDF10;Natural sciences;0.04318009689450264;RDF503;Education;0.9184436798095703;RDF504;Sociology and related studies;0.7559073567390442;RDF509;Other social sciences;0.1359761357307434;RDF603;Philosophy;0.07864239066839218;RDF507;Social and economic geography;0.0427621528506279
983;Uncovering tumor specific antigens and vulnerabilities in ETP-acute lymphoblastic leukemia;RDF30;Medical, health and life sciences;0.9333169460296631;RDF10;Natural sciences;0.0272366963326931;RDF50;Social sciences;0.018447276204824448;RDF303;Health sciences;0.9668201804161072;RDF106;Biological sciences;0.8027875423431396;RDF207;Medical and biomedical engineering;0.5429844260215759;RDF304;Medical biotechnology;0.5155284404754639;RDF302;Clinical medicine;0.512967050075531
984;Démystifier les mathématiques;RDF10;Natural sciences;0.5315611362457275;RDF50;Social sciences;0.1912071257829666;RDF60;Humanities and the arts;0.0997798815369606;RDF101;Mathematics and statistics;0.971563994884491;RDF503;Education;0.8046362996101379;RDF107;Other natural sciences;0.03711690753698349;RDF603;Philosophy;0.0362541601061821;RDF103;Physical sciences;0.01716022938489914
985;Defining interrelationships between brain region-specific structural plasticity and sleep electrophysiology via the integration of sex and learning (Behavioural Sciences – Neurobiological Basis of Behavioural Processes);RDF30;Medical, health and life sciences;0.7351251840591431;RDF10;Natural sciences;0.07023847103118896;RDF50;Social sciences;0.06754767894744873;RDF501;Psychology and cognitive sciences;0.9178565740585327;RDF106;Biological sciences;0.057229261845350266;RDF305;Other medical sciences;0.046076808124780655;RDF301;Basic medicine and life sciences;0.02956334501504898;RDF107;Other natural sciences;0.02112519182264805
986;Becoming an adult in changing times: Struggles and resilience among youth who entered adulthood without a high school diploma (Education and social work);RDF50;Social sciences;0.6628183126449585;RDF60;Humanities and the arts;0.19289112091064453;RDF10;Natural sciences;0.040590424090623856;RDF503;Education;0.9859092831611633;RDF504;Sociology and related studies;0.24535615742206573;RDF509;Other social sciences;0.1527891606092453;RDF501;Psychology and cognitive sciences;0.10438599437475204;RDF305;Other medical sciences;0.028734318912029266
987;The just organization (Business, management and related fields);RDF50;Social sciences;0.42383527755737305;RDF60;Humanities and the arts;0.1650066077709198;RDF20-21;Engineering and technology;0.11252473294734955;RDF502;Economics and business administration;0.8964781165122986;RDF603;Philosophy;0.04284217208623886;RDF504;Sociology and related studies;0.020429842174053192;RDF509;Other social sciences;0.01856435090303421;RDF605;Other humanities;0.01182339433580637
988;Exploring the use of temporal cues for the optimization of speech processing, perception, and comprehension (Mechanical Engineering);RDF20-21;Engineering and technology;0.9393136501312256;RDF10;Natural sciences;0.01882137544453144;RDF50;Social sciences;0.01735600456595421;RDF204;Mechanical engineering;0.9976632595062256;RDF503;Education;0.8351476788520813;RDF102;Computer and information sciences;0.6874464750289917;RDF508;Media and communications;0.3682069182395935;RDF501;Psychology and cognitive sciences;0.17518500983715057
989;PICO Search for Dark Matter with Bubble Chambers (Subatomic Physics);RDF10;Natural sciences;0.6372211575508118;RDF20-21;Engineering and technology;0.31842634081840515;RDF50;Social sciences;0.016180016100406647;RDF103;Physical sciences;0.980318546295166;RDF104;Chemical sciences;0.22824248671531677;RDF107;Other natural sciences;0.09219619631767273;RDF102;Computer and information sciences;0.06284669786691666;RDF211;Nano-technology;0.03494669869542122
990;Is quantitative research in political science credible? (Political science and public administration);RDF50;Social sciences;0.32650646567344666;RDF60;Humanities and the arts;0.20592506229877472;RDF10;Natural sciences;0.1491938829421997;RDF506;Political science and policy administration;0.9841393828392029;RDF503;Education;0.06884986907243729;RDF509;Other social sciences;0.02280263602733612;RDF504;Sociology and related studies;0.019813736900687218;RDF101;Mathematics and statistics;0.01521829143166542
991;The hardening of soft information in financial markets;RDF50;Social sciences;0.40352627635002136;RDF20-21;Engineering and technology;0.2646390199661255;RDF10;Natural sciences;0.11161834746599197;RDF502;Economics and business administration;0.20995523035526276;RDF203;Electrical engineering, computer engineering, and information engineering;0.12347128242254257;RDF504;Sociology and related studies;0.03591449558734894;RDF509;Other social sciences;0.028953159227967262;RDF102;Computer and information sciences;0.01822929084300995
992;From micro- to macro-reentries in discrete multiscale mathematical models of atrial tissue (Genes, Cells and Molecules);RDF10;Natural sciences;0.623757541179657;RDF20-21;Engineering and technology;0.1565214991569519;RDF30;Medical, health and life sciences;0.13479825854301453;RDF106;Biological sciences;0.7797414064407349;RDF103;Physical sciences;0.4368172287940979;RDF101;Mathematics and statistics;0.23528403043746948;RDF301;Basic medicine and life sciences;0.1980641782283783;RDF107;Other natural sciences;0.0991208553314209
993;Mapping scientific consensus in the age of misinformation;RDF10;Natural sciences;0.2744162082672119;RDF20-21;Engineering and technology;0.23748746514320374;RDF50;Social sciences;0.18713560700416565;RDF203;Electrical engineering, computer engineering, and information engineering;0.03908495604991913;RDF107;Other natural sciences;0.025589553639292717;RDF102;Computer and information sciences;0.021226398646831512;RDF504;Sociology and related studies;0.019908789545297623;RDF509;Other social sciences;0.01778038777410984
994;The role of RGS9 in pancreatic islet function (Biological Systems and Functions);RDF30;Medical, health and life sciences;0.8410198092460632;RDF10;Natural sciences;0.12203987687826157;RDF20-21;Engineering and technology;0.016590561717748642;RDF303;Health sciences;0.9759464859962463;RDF106;Biological sciences;0.9744833707809448;RDF301;Basic medicine and life sciences;0.7614055275917053;RDF207;Medical and biomedical engineering;0.7202207446098328;RDF304;Medical biotechnology;0.5928508043289185
995;La diversité dans les équipes de travail: le rôle des perceptions des membres (Psychology);RDF50;Social sciences;0.4255337417125702;RDF10;Natural sciences;0.21014080941677094;RDF60;Humanities and the arts;0.203278049826622;RDF501;Psychology and cognitive sciences;0.9932550191879272;RDF603;Philosophy;0.9630572199821472;RDF503;Education;0.5285638570785522;RDF509;Other social sciences;0.18227991461753845;RDF504;Sociology and related studies;0.1678997278213501
996;Real-time Control of Decoded Brain Activity Using Artificial Neural Networks (Biological Systems and Functions);RDF20-21;Engineering and technology;0.8954901099205017;RDF30;Medical, health and life sciences;0.04909742996096611;RDF10;Natural sciences;0.030388686805963516;RDF102;Computer and information sciences;0.9787532687187195;RDF106;Biological sciences;0.9179301857948303;RDF501;Psychology and cognitive sciences;0.8536689281463623;RDF103;Physical sciences;0.21255874633789062;RDF301;Basic medicine and life sciences;0.20713450014591217
997;Conférence internationale et publication « Logement : crises partout, justice nulle part ! ». Coconstruire et mutualiser les savoirs;RDF50;Social sciences;0.30067768692970276;RDF60;Humanities and the arts;0.24540597200393677;RDF10;Natural sciences;0.13739165663719177;RDF502;Economics and business administration;0.1977541446685791;RDF504;Sociology and related studies;0.06489010900259018;RDF509;Other social sciences;0.06383161246776581;RDF201;Civil engineering, maritime engineering, transport engineering, and mining engineering;0.05404874309897423;RDF508;Media and communications;0.03997477516531944
998;Verdir les chantiers de construction par l'adoption des comportements écoresponsables : une étude de cas du secteur non résidentiel;RDF20-21;Engineering and technology;0.3930486738681793;RDF50;Social sciences;0.3535328209400177;RDF10;Natural sciences;0.09932975471019745;RDF208;Environmental engineering and related engineering;0.8761582970619202;RDF504;Sociology and related studies;0.48026537895202637;RDF201;Civil engineering, maritime engineering, transport engineering, and mining engineering;0.4565611779689789;RDF105;Earth and related environmental sciences;0.2139514535665512;RDF502;Economics and business administration;0.20963144302368164
999;Highly Entangled Quantum Matter;RDF20-21;Engineering and technology;0.5442972779273987;RDF10;Natural sciences;0.4214226007461548;RDF50;Social sciences;0.016508741304278374;RDF103;Physical sciences;0.9760150909423828;RDF104;Chemical sciences;0.7951018214225769;RDF205;Chemical engineering;0.24059611558914185;RDF101;Mathematics and statistics;0.05893883854150772;RDF204;Mechanical engineering;0.04505752772092819
1000;Usinage intelligent des composants d'aéronefs de haute précision (UICAP);RDF20-21;Engineering and technology;0.9485214352607727;RDF50;Social sciences;0.020350541919469833;RDF10;Natural sciences;0.019192388281226158;RDF103;Physical sciences;0.18177101016044617;RDF202;Industrial, systems and processes engineering;0.10641168802976608;RDF509;Other social sciences;0.09409338235855103;RDF212;Other engineering and technologies;0.08819004893302917;RDF107;Other natural sciences;0.06736240535974503
1001;Socialness in the Digital Economy: Supporting Meaningful Work through Enterprise Social Media;RDF20-21;Engineering and technology;0.7738779783248901;RDF50;Social sciences;0.1570693850517273;RDF60;Humanities and the arts;0.023783506825566292;RDF508;Media and communications;0.5502825975418091;RDF504;Sociology and related studies;0.4966126084327698;RDF102;Computer and information sciences;0.3473987281322479;RDF203;Electrical engineering, computer engineering, and information engineering;0.198529914021492;RDF509;Other social sciences;0.1611221581697464
1002;Proactive prescription-based fluid management vs usual care in critically ill patients on Kidney Replacement Therapy;RDF30;Medical, health and life sciences;0.9546507000923157;RDF50;Social sciences;0.017230777069926262;RDF10;Natural sciences;0.008259346708655357;RDF303;Health sciences;0.9294403791427612;RDF302;Clinical medicine;0.9017477631568909;RDF207;Medical and biomedical engineering;0.3792346715927124;RDF301;Basic medicine and life sciences;0.28791797161102295;RDF304;Medical biotechnology;0.22815649211406708
1003;Safe and selective anti-parasite therapy targeting ribosome and glycosome function (Pharmaceutical Sciences);RDF30;Medical, health and life sciences;0.7898605465888977;RDF20-21;Engineering and technology;0.11518160253763199;RDF10;Natural sciences;0.03706677258014679;RDF303;Health sciences;0.1205940842628479;RDF304;Medical biotechnology;0.05455021932721138;RDF207;Medical and biomedical engineering;0.041852131485939026;RDF305;Other medical sciences;0.02655657008290291;RDF301;Basic medicine and life sciences;0.023043232038617134
1004;Rational Integration of Molecular and surface interactions for lubricating, adhesive and high penetration soft materials (Materials and Chemical Engineering);RDF20-21;Engineering and technology;0.9462214112281799;RDF10;Natural sciences;0.023920651525259018;RDF50;Social sciences;0.015339118428528309;RDF205;Chemical engineering;0.967007577419281;RDF104;Chemical sciences;0.916894257068634;RDF206;Materials engineering and resources engineering;0.6186148524284363;RDF107;Other natural sciences;0.07470251619815826;RDF202;Industrial, systems and processes engineering;0.06878728419542313
1005;Comprendre les antécédents et les conséquences d'une gestion algorithmique transparente, juste et habilitante;RDF20-21;Engineering and technology;0.749244749546051;RDF50;Social sciences;0.09685037285089493;RDF10;Natural sciences;0.05805834382772446;RDF102;Computer and information sciences;0.921428382396698;RDF503;Education;0.7697300314903259;RDF203;Electrical engineering, computer engineering, and information engineering;0.5067439675331116;RDF502;Economics and business administration;0.3297153413295746;RDF212;Other engineering and technologies;0.21280403435230255
1006;Sustainable Healthy Cities: The Interplay between Urban Interventions, Gentrification, and Population Health (Public, Community & Population Health);RDF30;Medical, health and life sciences;0.5533702969551086;RDF50;Social sciences;0.25153324007987976;RDF10;Natural sciences;0.09547124803066254;RDF303;Health sciences;0.7841124534606934;RDF504;Sociology and related studies;0.22465024888515472;RDF305;Other medical sciences;0.21296769380569458;RDF509;Other social sciences;0.20553529262542725;RDF107;Other natural sciences;0.11966509371995926
1007;Regards croisés sur les conditions de travail, les politiques publiques et la résistance: récits de vie de travailleurs et travailleuses pauvres au Canada, en Inde et au Brésil (Sociology, demography and related fields);RDF50;Social sciences;0.6923813819885254;RDF60;Humanities and the arts;0.1502598077058792;RDF10;Natural sciences;0.08850588649511337;RDF504;Sociology and related studies;0.9814356565475464;RDF503;Education;0.47559013962745667;RDF509;Other social sciences;0.4169301986694336;RDF507;Social and economic geography;0.3605172038078308;RDF605;Other humanities;0.23292027413845062
1008;Examining the effectiveness of AI-powered health technology to improve self management of mental health and reduce inequities in mental health care;RDF30;Medical, health and life sciences;0.5412024259567261;RDF20-21;Engineering and technology;0.3845202624797821;RDF50;Social sciences;0.04516826942563057;RDF303;Health sciences;0.9227612018585205;RDF501;Psychology and cognitive sciences;0.5257036089897156;RDF102;Computer and information sciences;0.17078441381454468;RDF503;Education;0.15765491127967834;RDF207;Medical and biomedical engineering;0.14928317070007324
1009;Probing the Particle Nature of Dark Matter with Strong Gravitational Lensing (Physics);RDF10;Natural sciences;0.7772629857063293;RDF20-21;Engineering and technology;0.18255440890789032;RDF30;Medical, health and life sciences;0.014305749908089638;RDF103;Physical sciences;0.9984632730484009;RDF501;Psychology and cognitive sciences;0.12651512026786804;RDF107;Other natural sciences;0.07835980504751205;RDF503;Education;0.021532878279685974;RDF212;Other engineering and technologies;0.015498881228268147
1010;Large reductions in arterial CARbon dioxide and development of acute Brain Injury in invasively mechanically ventilated patients with acute respiratory failure (CARBI);RDF30;Medical, health and life sciences;0.911912739276886;RDF10;Natural sciences;0.03723696991801262;RDF50;Social sciences;0.025617577135562897;RDF303;Health sciences;0.9072300791740417;RDF302;Clinical medicine;0.6720627546310425;RDF106;Biological sciences;0.652296781539917;RDF207;Medical and biomedical engineering;0.5632240772247314;RDF301;Basic medicine and life sciences;0.524653434753418
1011;Investigating Intercommunications of Glioblastoma with Brain Microenvironment using 3D Organoid (Genes, Cells and Molecules);RDF30;Medical, health and life sciences;0.5899930000305176;RDF20-21;Engineering and technology;0.32423800230026245;RDF10;Natural sciences;0.06633289158344269;RDF303;Health sciences;0.9868534207344055;RDF304;Medical biotechnology;0.9483940005302429;RDF106;Biological sciences;0.9114953279495239;RDF207;Medical and biomedical engineering;0.8196046948432922;RDF301;Basic medicine and life sciences;0.5477815866470337
1012;Autonomous Deep Learning for AI (Computer Science);RDF20-21;Engineering and technology;0.9651906490325928;RDF50;Social sciences;0.010062836110591888;RDF10;Natural sciences;0.008985101245343685;RDF102;Computer and information sciences;0.9963358044624329;RDF203;Electrical engineering, computer engineering, and information engineering;0.7427950501441956;RDF212;Other engineering and technologies;0.03439110517501831;RDF202;Industrial, systems and processes engineering;0.02010023593902588;RDF210;Industrial biotechnology;0.008985428139567375
1013;Supply Chain Analytics under Disruptive Uncertainty (Civil, Industrial and Systems Engineering);RDF20-21;Engineering and technology;0.9612824320793152;RDF50;Social sciences;0.013578703626990318;RDF10;Natural sciences;0.00828429963439703;RDF202;Industrial, systems and processes engineering;0.6609113812446594;RDF201;Civil engineering, maritime engineering, transport engineering, and mining engineering;0.18780206143856049;RDF102;Computer and information sciences;0.13735879957675934;RDF212;Other engineering and technologies;0.054853200912475586;RDF203;Electrical engineering, computer engineering, and information engineering;0.036734893918037415
1014;Concevoir et développer des outils d'appréciation et de réduction des risques physiques au travail liés aux équipements;RDF20-21;Engineering and technology;0.6204743385314941;RDF30;Medical, health and life sciences;0.15068642795085907;RDF50;Social sciences;0.07925122231245041;RDF202;Industrial, systems and processes engineering;0.7887052893638611;RDF208;Environmental engineering and related engineering;0.4007786810398102;RDF201;Civil engineering, maritime engineering, transport engineering, and mining engineering;0.3564886748790741;RDF103;Physical sciences;0.24242974817752838;RDF204;Mechanical engineering;0.13817080855369568
1015;Reaction Mechanisms and Methodology for the Design and Synthesis of Bioactive Agents (Chemistry);RDF10;Natural sciences;0.5540164113044739;RDF20-21;Engineering and technology;0.1778975874185562;RDF30;Medical, health and life sciences;0.1425265520811081;RDF104;Chemical sciences;0.9911697506904602;RDF106;Biological sciences;0.28806814551353455;RDF503;Education;0.13655081391334534;RDF205;Chemical engineering;0.12808825075626373;RDF301;Basic medicine and life sciences;0.09501305222511292
1016;Algebraic methods for lattice models of statistical physics (Mathematics and Statistics);RDF10;Natural sciences;0.7758824825286865;RDF50;Social sciences;0.086079441010952;RDF20-21;Engineering and technology;0.04269571974873543;RDF101;Mathematics and statistics;0.9963071942329407;RDF103;Physical sciences;0.8719663023948669;RDF107;Other natural sciences;0.04012495279312134;RDF503;Education;0.036734893918037415;RDF305;Other medical sciences;0.024030636996030807
1017;Optimisation et développement de technologies de déphosphatation des eaux usées;RDF20-21;Engineering and technology;0.7376805543899536;RDF10;Natural sciences;0.1371418535709381;RDF30;Medical, health and life sciences;0.04688283056020737;RDF208;Environmental engineering and related engineering;0.9892958998680115;RDF104;Chemical sciences;0.7328787446022034;RDF106;Biological sciences;0.3995041251182556;RDF205;Chemical engineering;0.32525259256362915;RDF105;Earth and related environmental sciences;0.30772197246551514
1018;The Eastern Canada Preparedness Hub - ECaPH;RDF20-21;Engineering and technology;0.5156354904174805;RDF60;Humanities and the arts;0.11156845837831497;RDF30;Medical, health and life sciences;0.1064593717455864;RDF503;Education;0.2206781506538391;RDF202;Industrial, systems and processes engineering;0.06233103573322296;RDF201;Civil engineering, maritime engineering, transport engineering, and mining engineering;0.05051766708493233;RDF212;Other engineering and technologies;0.03941638767719269;RDF502;Economics and business administration;0.029145974665880203
1019;On chip optical microresonators for light emission, manipulation & sensing (Electrical and Computer Engineering);RDF20-21;Engineering and technology;0.981635570526123;RDF10;Natural sciences;0.009236883372068405;RDF50;Social sciences;0.0053773135878145695;RDF102;Computer and information sciences;0.9039744734764099;RDF203;Electrical engineering, computer engineering, and information engineering;0.6583351492881775;RDF103;Physical sciences;0.21255876123905182;RDF211;Nano-technology;0.19868536293506622;RDF212;Other engineering and technologies;0.07011260092258453
1020;Kushpitau ! (montons en territoire);RDF10;Natural sciences;0.23690354824066162;RDF40;Agricultural and veterinary sciences;0.21654736995697021;RDF60;Humanities and the arts;0.1967839002609253;RDF605;Other humanities;0.08291985094547272;RDF107;Other natural sciences;0.0676698163151741;RDF507;Social and economic geography;0.036804068833589554;RDF305;Other medical sciences;0.03504563868045807;RDF509;Other social sciences;0.032344333827495575
1021;"Hardware support for reliable networking; from protocols to accelerators (Electrical and Computer Engineering)";RDF20-21;Engineering and technology;0.9894399642944336;RDF50;Social sciences;0.0027954650577157736;RDF10;Natural sciences;0.002688372740522027;RDF102;Computer and information sciences;0.9745076298713684;RDF203;Electrical engineering, computer engineering, and information engineering;0.6194856762886047;RDF212;Other engineering and technologies;0.10697013884782791;RDF202;Industrial, systems and processes engineering;0.09645017981529236;RDF509;Other social sciences;0.027040472254157066
1022;Documentary Activism by Migrant Filmmakers from Cuba and Venezuela (2013-2023) (Fine arts, research-creation);RDF60;Humanities and the arts;0.8905556797981262;RDF50;Social sciences;0.03643597662448883;RDF10;Natural sciences;0.021672092378139496;RDF508;Media and communications;0.739234209060669;RDF605;Other humanities;0.052862897515296936;RDF604;Arts (arts, history of arts, performing arts, music), architecture and design;0.05042406916618347;RDF509;Other social sciences;0.03956455737352371;RDF503;Education;0.02527489699423313
1023;Investigating the role of notochord defects in the etiopathogenesis of congenital scoliosis;RDF30;Medical, health and life sciences;0.8757649660110474;RDF10;Natural sciences;0.0629618763923645;RDF50;Social sciences;0.028014296665787697;RDF303;Health sciences;0.9645225405693054;RDF106;Biological sciences;0.9109819531440735;RDF302;Clinical medicine;0.6853706240653992;RDF207;Medical and biomedical engineering;0.591609001159668;RDF304;Medical biotechnology;0.49539196491241455
