;sequence;code_div_1;label_div_1;score_div_1;code_div_2;label_div_2;score_div_2;code_div_3;label_div_3;score_div_3;code_gr_1;label_gr_1;score_gr_1;code_gr_2;label_gr_2;score_gr_2;code_gr_3;label_gr_3;score_gr_3;code_gr_4;label_gr_4;score_gr_4;code_gr_5;label_gr_5;score_gr_5
0;Quelles sont les mathématiques utilisées par les ingénieurs au quotidien? Une étude sur les pratiques des ingénieurs pour déterminer leurs besoins mathématiques (Education and social work);RDF50;Social sciences;0.4727918207645416;RDF10;Natural sciences;0.2618665099143982;RDF20-21;Engineering and technology;0.21077556908130646;RDF101;Mathematics and statistics;0.9936733245849609;RDF503;Education;0.6833930611610413;RDF201;Civil engineering, maritime engineering, transport engineering, and mining engineering;0.6339876055717468;RDF103;Physical sciences;0.46626076102256775;RDF102;Computer and information sciences;0.41752520203590393
1;High-tech paper: Security printing and the aesthetics of trust (Communications, media studies, gender studies, library and information science, related fields);RDF20-21;Engineering and technology;0.8254879713058472;RDF50;Social sciences;0.051700469106435776;RDF40;Agricultural and veterinary sciences;0.03443993628025055;RDF201;Civil engineering, maritime engineering, transport engineering, and mining engineering;0.6421029567718506;RDF508;Media and communications;0.6321125626564026;RDF104;Chemical sciences;0.6014618873596191;RDF102;Computer and information sciences;0.5815556049346924;RDF203;Electrical engineering, computer engineering, and information engineering;0.4596218168735504
2;Integrin Alpha8 is a novel mediator of T lymphocyte migration across the CNS barriers (Systems & Circuits Neurosciences);RDF20-21;Engineering and technology;0.7409393191337585;RDF30;Medical, health and life sciences;0.1270385980606079;RDF10;Natural sciences;0.04167864844202995;RDF102;Computer and information sciences;0.9429811239242554;RDF106;Biological sciences;0.7831189632415771;RDF301;Basic medicine and life sciences;0.7317780256271362;RDF203;Electrical engineering, computer engineering, and information engineering;0.6237350702285767;RDF201;Civil engineering, maritime engineering, transport engineering, and mining engineering;0.5221108198165894
3;Growing up trans: A qualitative, international, and longitudinal investigation of trans youth access to gender affirming medical care, gender affirmation and well-being (Social & Developmental Aspects of Children's & Youth's Health);RDF30;Medical, health and life sciences;0.478710800409317;RDF50;Social sciences;0.23361849784851074;RDF20-21;Engineering and technology;0.07921347767114639;RDF504;Sociology and related studies;0.6022955179214478;RDF509;Other social sciences;0.5470028519630432;RDF303;Health sciences;0.458212286233902;RDF507;Social and economic geography;0.3132621943950653;RDF501;Psychology and cognitive sciences;0.2715413570404053
4;Programmable DNA-based switches and nanomachines for sensing and drug delivery applications (Chemistry);RDF20-21;Engineering and technology;0.7469506859779358;RDF30;Medical, health and life sciences;0.0988435447216034;RDF10;Natural sciences;0.07486647367477417;RDF104;Chemical sciences;0.9795506000518799;RDF102;Computer and information sciences;0.9316492676734924;RDF205;Chemical engineering;0.8850863575935364;RDF202;Industrial, systems and processes engineering;0.8832359313964844;RDF211;Nano-technology;0.773045003414154
5;Interactions between attention, perception and reaching movements (Biological Systems and Functions);RDF20-21;Engineering and technology;0.30763351917266846;RDF10;Natural sciences;0.2742837071418762;RDF30;Medical, health and life sciences;0.16502656042575836;RDF201;Civil engineering, maritime engineering, transport engineering, and mining engineering;0.7902471423149109;RDF106;Biological sciences;0.7524675726890564;RDF301;Basic medicine and life sciences;0.7170614004135132;RDF103;Physical sciences;0.6860283613204956;RDF104;Chemical sciences;0.6569609642028809
6;Design and Management of Fog Networks (Computer Science);RDF20-21;Engineering and technology;0.7087831497192383;RDF40;Agricultural and veterinary sciences;0.09457464516162872;RDF10;Natural sciences;0.06808630377054214;RDF102;Computer and information sciences;0.9981505274772644;RDF202;Industrial, systems and processes engineering;0.9253312349319458;RDF201;Civil engineering, maritime engineering, transport engineering, and mining engineering;0.8410438895225525;RDF104;Chemical sciences;0.8302503228187561;RDF203;Electrical engineering, computer engineering, and information engineering;0.8010424375534058
7;Polymer Porous Fibrous Structures with Antiviral Properties (Materials and Chemical Engineering);RDF20-21;Engineering and technology;0.5747454762458801;RDF30;Medical, health and life sciences;0.2024454027414322;RDF40;Agricultural and veterinary sciences;0.09958361089229584;RDF104;Chemical sciences;0.8837385773658752;RDF103;Physical sciences;0.7064942717552185;RDF106;Biological sciences;0.6893578767776489;RDF105;Earth and related environmental sciences;0.6839474439620972;RDF201;Civil engineering, maritime engineering, transport engineering, and mining engineering;0.6709586977958679
8;L'art Noir: cartographies for an emerging field (Multidisciplinary or interdisciplinary humanities);RDF60;Humanities and the arts;0.5682510733604431;RDF20-21;Engineering and technology;0.17432522773742676;RDF40;Agricultural and veterinary sciences;0.10623817145824432;RDF604;Arts (arts, history of arts, performing arts, music), architecture and design;0.9222726225852966;RDF201;Civil engineering, maritime engineering, transport engineering, and mining engineering;0.7555468082427979;RDF104;Chemical sciences;0.7414868474006653;RDF102;Computer and information sciences;0.6214008927345276;RDF302;Clinical medicine;0.5689248442649841
9;System Identification of Human Postural Control: A Multimodal Sensory Stimulation Approach for Diagnosing Balance Disorders;RDF30;Medical, health and life sciences;0.4352366626262665;RDF20-21;Engineering and technology;0.3697414696216583;RDF10;Natural sciences;0.06247258558869362;RDF501;Psychology and cognitive sciences;0.9584211111068726;RDF301;Basic medicine and life sciences;0.953880250453949;RDF202;Industrial, systems and processes engineering;0.9479621648788452;RDF303;Health sciences;0.946793794631958;RDF302;Clinical medicine;0.9418148994445801
10;Transitioning patients with advanced chronic kidney disease to home or facility dialysis: understanding the experience and quality of life for patients and their caregivers (TRANSIT-CARE);RDF30;Medical, health and life sciences;0.8399843573570251;RDF20-21;Engineering and technology;0.05214802920818329;RDF50;Social sciences;0.03778154402971268;RDF303;Health sciences;0.970687747001648;RDF302;Clinical medicine;0.8122723698616028;RDF301;Basic medicine and life sciences;0.5372841954231262;RDF207;Medical and biomedical engineering;0.4877343773841858;RDF104;Chemical sciences;0.2887194752693176
11;Tenrikyo and the Rise and Fall of New Religions in Japan (Philosophy, medieval studies, classics, religious);RDF60;Humanities and the arts;0.2873910963535309;RDF20-21;Engineering and technology;0.24165333807468414;RDF50;Social sciences;0.15188880264759064;RDF601;History, archaeology and related studies;0.8334601521492004;RDF201;Civil engineering, maritime engineering, transport engineering, and mining engineering;0.5871591567993164;RDF604;Arts (arts, history of arts, performing arts, music), architecture and design;0.49118131399154663;RDF503;Education;0.1691998690366745;RDF603;Philosophy;0.16851459443569183
12;Systems biology of size control in eukaryotes (Genes, Cells and Molecules);RDF10;Natural sciences;0.44602319598197937;RDF20-21;Engineering and technology;0.2318461686372757;RDF40;Agricultural and veterinary sciences;0.15152962505817413;RDF106;Biological sciences;0.9317735433578491;RDF202;Industrial, systems and processes engineering;0.8584815263748169;RDF103;Physical sciences;0.7496832609176636;RDF104;Chemical sciences;0.7261344194412231;RDF301;Basic medicine and life sciences;0.6336228251457214
13;Drop-based microfluidics (DBM) for single cell studies and ultrahigh-throughput phenotypic screens and lab evolution (Genes, Cells and Molecules);RDF20-21;Engineering and technology;0.7418971657752991;RDF10;Natural sciences;0.10016003251075745;RDF30;Medical, health and life sciences;0.0893455520272255;RDF103;Physical sciences;0.8573505878448486;RDF106;Biological sciences;0.8359528183937073;RDF104;Chemical sciences;0.7946241497993469;RDF102;Computer and information sciences;0.675149142742157;RDF301;Basic medicine and life sciences;0.2401057928800583
14;Neural repair in glaucoma: the role of insulin signaling (Cell Biology – Disease);RDF30;Medical, health and life sciences;0.6198538541793823;RDF20-21;Engineering and technology;0.2392084300518036;RDF10;Natural sciences;0.04912300780415535;RDF301;Basic medicine and life sciences;0.9510058760643005;RDF106;Biological sciences;0.937210738658905;RDF302;Clinical medicine;0.9318975806236267;RDF303;Health sciences;0.8972009420394897;RDF104;Chemical sciences;0.8670920133590698
15;Impacts des mesures de protection contre la COVID-19 sur la communication des personnes malentendantes;RDF30;Medical, health and life sciences;0.39380550384521484;RDF50;Social sciences;0.21201467514038086;RDF20-21;Engineering and technology;0.16462410986423492;RDF508;Media and communications;0.8934024572372437;RDF303;Health sciences;0.8468945622444153;RDF504;Sociology and related studies;0.8358188271522522;RDF104;Chemical sciences;0.8229730129241943;RDF201;Civil engineering, maritime engineering, transport engineering, and mining engineering;0.7904494404792786
16;Mixité sociale et scolaire en classe : perception des exigences professionnelles des étudiant·e·s en formation à l'enseignement au Québec et en Suisse (Education and social work);RDF50;Social sciences;0.7052897214889526;RDF20-21;Engineering and technology;0.14092911779880524;RDF60;Humanities and the arts;0.05069342255592346;RDF503;Education;0.9921841025352478;RDF604;Arts (arts, history of arts, performing arts, music), architecture and design;0.5799655318260193;RDF504;Sociology and related studies;0.3449397683143616;RDF509;Other social sciences;0.3224726617336273;RDF104;Chemical sciences;0.23292027413845062
17;Discharges at/near gas-liquid and liquid-liquid interfaces: fundamental investigation and application in liquid processing and nanomaterial synthesis (Physics);RDF20-21;Engineering and technology;0.5760921239852905;RDF10;Natural sciences;0.33537590503692627;RDF40;Agricultural and veterinary sciences;0.03573012351989746;RDF103;Physical sciences;0.9964756369590759;RDF104;Chemical sciences;0.9252299666404724;RDF202;Industrial, systems and processes engineering;0.4832521080970764;RDF201;Civil engineering, maritime engineering, transport engineering, and mining engineering;0.29660332202911377;RDF105;Earth and related environmental sciences;0.2511882185935974
18;Fully-Lagrangian three-dimensional modelling of river ice jam initiation;RDF20-21;Engineering and technology;0.45134004950523376;RDF10;Natural sciences;0.2523149251937866;RDF40;Agricultural and veterinary sciences;0.1103898286819458;RDF104;Chemical sciences;0.9475754499435425;RDF103;Physical sciences;0.9110215306282043;RDF604;Arts (arts, history of arts, performing arts, music), architecture and design;0.9010098576545715;RDF101;Mathematics and statistics;0.8587185740470886;RDF105;Earth and related environmental sciences;0.8486589193344116
19;Juger l'homosexualité, attribuer l'asile: le traitement des demandes d'asile OSIG au Canada (Political science and public administration);RDF50;Social sciences;0.2655124068260193;RDF20-21;Engineering and technology;0.2549670338630676;RDF30;Medical, health and life sciences;0.1446388065814972;RDF506;Political science and policy administration;0.7473394870758057;RDF505;Law and legal practice;0.3267814517021179;RDF509;Other social sciences;0.14027734100818634;RDF201;Civil engineering, maritime engineering, transport engineering, and mining engineering;0.11556088179349899;RDF301;Basic medicine and life sciences;0.09816574305295944
20;Intentions or affect: Which is a key driver of physical activity? Using ecological momentary assessment to understand the intention-behaviour gap in schizophrenia spectrum disorders (Multidisciplinary or interdisciplinary social sciences);RDF50;Social sciences;0.42192503809928894;RDF30;Medical, health and life sciences;0.19251222908496857;RDF20-21;Engineering and technology;0.13988542556762695;RDF504;Sociology and related studies;0.8533636927604675;RDF501;Psychology and cognitive sciences;0.8413047790527344;RDF509;Other social sciences;0.38026976585388184;RDF103;Physical sciences;0.2559475898742676;RDF603;Philosophy;0.15184348821640015
21;Biophysical and genetic control of root growth;RDF40;Agricultural and veterinary sciences;0.36368581652641296;RDF10;Natural sciences;0.28938981890678406;RDF30;Medical, health and life sciences;0.18074217438697815;RDF401;Agriculture, forestry, and fisheries;0.8779484629631042;RDF302;Clinical medicine;0.823257327079773;RDF404;Agricultural biotechnology and food sciences;0.8084077835083008;RDF105;Earth and related environmental sciences;0.7964112162590027;RDF202;Industrial, systems and processes engineering;0.7511008381843567
22;Open-source numerical strategy for the analysis and redesign of turbomachine blades accounting for nonlinear structural interactions;RDF20-21;Engineering and technology;0.6723430752754211;RDF10;Natural sciences;0.13221858441829681;RDF40;Agricultural and veterinary sciences;0.10483317822217941;RDF102;Computer and information sciences;0.9855243563652039;RDF204;Mechanical engineering;0.9817181825637817;RDF202;Industrial, systems and processes engineering;0.9774570465087891;RDF104;Chemical sciences;0.9654138088226318;RDF103;Physical sciences;0.9215696454048157
23;Application of Boltzmann Transport Equation solutions to nuclear reactor physics and radiotherapy applications (Physics);RDF20-21;Engineering and technology;0.7540327906608582;RDF10;Natural sciences;0.1722373366355896;RDF40;Agricultural and veterinary sciences;0.021244538947939873;RDF103;Physical sciences;0.997087836265564;RDF104;Chemical sciences;0.9366336464881897;RDF102;Computer and information sciences;0.3315795063972473;RDF201;Civil engineering, maritime engineering, transport engineering, and mining engineering;0.29153522849082947;RDF301;Basic medicine and life sciences;0.15869519114494324
24;La théorie des graphes : analyse structurelle, algorithmique et applications dans les sciences de l'ingénieur;RDF20-21;Engineering and technology;0.8122459053993225;RDF10;Natural sciences;0.055490363389253616;RDF40;Agricultural and veterinary sciences;0.0501803457736969;RDF202;Industrial, systems and processes engineering;0.9217106699943542;RDF201;Civil engineering, maritime engineering, transport engineering, and mining engineering;0.8166623711585999;RDF204;Mechanical engineering;0.7500954270362854;RDF102;Computer and information sciences;0.7350239753723145;RDF101;Mathematics and statistics;0.6584998369216919
25;Interdisciplinary Canadian Collaborative ME Research Network;RDF20-21;Engineering and technology;0.3686577081680298;RDF30;Medical, health and life sciences;0.28087112307548523;RDF40;Agricultural and veterinary sciences;0.15218591690063477;RDF604;Arts (arts, history of arts, performing arts, music), architecture and design;0.9320833086967468;RDF102;Computer and information sciences;0.9208252429962158;RDF201;Civil engineering, maritime engineering, transport engineering, and mining engineering;0.9109423160552979;RDF104;Chemical sciences;0.9005735516548157;RDF105;Earth and related environmental sciences;0.8822758197784424
26;La nouvelle politique de la redistribution (Political science and public administration);RDF50;Social sciences;0.3574891984462738;RDF20-21;Engineering and technology;0.21077364683151245;RDF40;Agricultural and veterinary sciences;0.13430337607860565;RDF506;Political science and policy administration;0.9419752359390259;RDF201;Civil engineering, maritime engineering, transport engineering, and mining engineering;0.7634837627410889;RDF104;Chemical sciences;0.28776779770851135;RDF106;Biological sciences;0.2093888223171234;RDF509;Other social sciences;0.17575016617774963
27;Extracellular vesicles and their miR cargo to enhance ischemia-induced neovascularization in peripheral artery disease (Cardiovascular System – Vascular System);RDF30;Medical, health and life sciences;0.517661452293396;RDF20-21;Engineering and technology;0.3820725679397583;RDF10;Natural sciences;0.06968258321285248;RDF103;Physical sciences;0.924891471862793;RDF104;Chemical sciences;0.9223425984382629;RDF106;Biological sciences;0.8620035648345947;RDF301;Basic medicine and life sciences;0.8617128729820251;RDF302;Clinical medicine;0.7507355213165283
28;Low-Dimensional Organic Materials for Energy, Electronic and Environment Applications;RDF20-21;Engineering and technology;0.5917239189147949;RDF10;Natural sciences;0.14729173481464386;RDF40;Agricultural and veterinary sciences;0.12133648991584778;RDF104;Chemical sciences;0.967471718788147;RDF103;Physical sciences;0.5077356100082397;RDF201;Civil engineering, maritime engineering, transport engineering, and mining engineering;0.40160712599754333;RDF105;Earth and related environmental sciences;0.30352529883384705;RDF202;Industrial, systems and processes engineering;0.2916361093521118
29;Histone protein supply and demand: life on a knife's edge (Genes, Cells and Molecules);RDF30;Medical, health and life sciences;0.3851229250431061;RDF20-21;Engineering and technology;0.22640210390090942;RDF40;Agricultural and veterinary sciences;0.15656113624572754;RDF106;Biological sciences;0.9644556045532227;RDF301;Basic medicine and life sciences;0.8449854850769043;RDF303;Health sciences;0.8266417980194092;RDF103;Physical sciences;0.8113772869110107;RDF104;Chemical sciences;0.6985865831375122
30;Bayesian deep-learning prediction with sparse graphs (Mathematics and Statistics);RDF20-21;Engineering and technology;0.3812902867794037;RDF10;Natural sciences;0.3114280700683594;RDF40;Agricultural and veterinary sciences;0.11725625395774841;RDF101;Mathematics and statistics;0.9654137492179871;RDF102;Computer and information sciences;0.9608783721923828;RDF104;Chemical sciences;0.8822250962257385;RDF503;Education;0.6632055640220642;RDF201;Civil engineering, maritime engineering, transport engineering, and mining engineering;0.609595000743866
31;At the Edge of Soft Power: French Saint-Simonians and Nineteenth-Century Visions of Development (History);RDF20-21;Engineering and technology;0.756250262260437;RDF40;Agricultural and veterinary sciences;0.06972669810056686;RDF60;Humanities and the arts;0.06235020235180855;RDF601;History, archaeology and related studies;0.9966626167297363;RDF604;Arts (arts, history of arts, performing arts, music), architecture and design;0.9190995693206787;RDF201;Civil engineering, maritime engineering, transport engineering, and mining engineering;0.8354164958000183;RDF104;Chemical sciences;0.7300974726676941;RDF106;Biological sciences;0.5894985198974609
32;Random walks on random graphs in high dimensions (Mathematics and Statistics);RDF20-21;Engineering and technology;0.5068654417991638;RDF10;Natural sciences;0.21204225718975067;RDF40;Agricultural and veterinary sciences;0.12834350764751434;RDF101;Mathematics and statistics;0.9881079196929932;RDF102;Computer and information sciences;0.9528819918632507;RDF104;Chemical sciences;0.8339340686798096;RDF201;Civil engineering, maritime engineering, transport engineering, and mining engineering;0.5799580812454224;RDF105;Earth and related environmental sciences;0.5049131512641907
33;Roles, mechanisms of action and regulation of Hippo signaling in the testis (Biological Systems and Functions);RDF10;Natural sciences;0.3397546708583832;RDF30;Medical, health and life sciences;0.2896159887313843;RDF20-21;Engineering and technology;0.2186136245727539;RDF301;Basic medicine and life sciences;0.9093450307846069;RDF106;Biological sciences;0.9080895185470581;RDF104;Chemical sciences;0.7172594666481018;RDF201;Civil engineering, maritime engineering, transport engineering, and mining engineering;0.6322047710418701;RDF103;Physical sciences;0.5174489617347717
34;The role of the TGFB-SOX9 signaling pathway in brain angiogenesis (Biological Systems and Functions);RDF20-21;Engineering and technology;0.47947534918785095;RDF30;Medical, health and life sciences;0.23793770372867584;RDF10;Natural sciences;0.19221797585487366;RDF106;Biological sciences;0.9289263486862183;RDF301;Basic medicine and life sciences;0.820900559425354;RDF104;Chemical sciences;0.7582869529724121;RDF201;Civil engineering, maritime engineering, transport engineering, and mining engineering;0.6425025463104248;RDF302;Clinical medicine;0.6266526579856873
35;A randomized controlled trial comparing Virtual Reality Therapy to Supportive Therapy to reduce cannabis use in patients with psychotic disorders;RDF30;Medical, health and life sciences;0.7814603447914124;RDF50;Social sciences;0.062142252922058105;RDF20-21;Engineering and technology;0.053153086453676224;RDF302;Clinical medicine;0.9053641557693481;RDF303;Health sciences;0.889192521572113;RDF501;Psychology and cognitive sciences;0.6732454299926758;RDF102;Computer and information sciences;0.3685476779937744;RDF509;Other social sciences;0.3659946918487549
36;Le contrat didactique en sciences humaines au primaire : mieux comprendre les pratiques enseignantes et leurs effets sur l'apprentissage (Education and social work);RDF50;Social sciences;0.4264894127845764;RDF20-21;Engineering and technology;0.16799713671207428;RDF60;Humanities and the arts;0.15431345999240875;RDF503;Education;0.9915543794631958;RDF301;Basic medicine and life sciences;0.17518502473831177;RDF104;Chemical sciences;0.10894504189491272;RDF201;Civil engineering, maritime engineering, transport engineering, and mining engineering;0.09868569672107697;RDF105;Earth and related environmental sciences;0.09025322645902634
37;Impact of insects by-products and phytogenics on the piglet's intestinal health;RDF30;Medical, health and life sciences;0.38981708884239197;RDF10;Natural sciences;0.26583215594291687;RDF40;Agricultural and veterinary sciences;0.2363205999135971;RDF402;Animal and dairy sciences;0.8771088719367981;RDF106;Biological sciences;0.8538517951965332;RDF403;Veterinary sciences;0.8133866786956787;RDF104;Chemical sciences;0.7525131106376648;RDF301;Basic medicine and life sciences;0.7053285241127014
38;Response of the continental water cycle to greenhouse warming: evaluating, understanding and constraining Earth System Model projections (Geosciences);RDF20-21;Engineering and technology;0.6860840320587158;RDF10;Natural sciences;0.17950081825256348;RDF40;Agricultural and veterinary sciences;0.07277319580316544;RDF105;Earth and related environmental sciences;0.9900539517402649;RDF208;Environmental engineering and related engineering;0.7844841480255127;RDF201;Civil engineering, maritime engineering, transport engineering, and mining engineering;0.7202207446098328;RDF604;Arts (arts, history of arts, performing arts, music), architecture and design;0.05098814517259598;RDF202;Industrial, systems and processes engineering;0.04509957134723663
39;Why Do Green Products Suffer from Low Consumer Preference? An Explanation Based on Ease of Benefit Visualization and Price Fairness Perceptions;RDF50;Social sciences;0.3758244812488556;RDF40;Agricultural and veterinary sciences;0.2095356285572052;RDF20-21;Engineering and technology;0.1724434792995453;RDF502;Economics and business administration;0.9365756511688232;RDF504;Sociology and related studies;0.8566924333572388;RDF104;Chemical sciences;0.7440989017486572;RDF208;Environmental engineering and related engineering;0.5777410864830017;RDF501;Psychology and cognitive sciences;0.5181499719619751
40;Architecture comme tissu spatial et social: perspectives japonaises pour promouvoir les relations multi échelles (Geography, urban planning and related fields);RDF20-21;Engineering and technology;0.331771582365036;RDF60;Humanities and the arts;0.27184391021728516;RDF50;Social sciences;0.1361587792634964;RDF604;Arts (arts, history of arts, performing arts, music), architecture and design;0.936343252658844;RDF201;Civil engineering, maritime engineering, transport engineering, and mining engineering;0.13307687640190125;RDF507;Social and economic geography;0.07906799018383026;RDF107;Other natural sciences;0.06662989407777786;RDF105;Earth and related environmental sciences;0.03577948734164238
41;Femmes mémorialistes sous l'Ancien Régime (XVIe-XVIIIe siècles);RDF60;Humanities and the arts;0.26516440510749817;RDF50;Social sciences;0.19734233617782593;RDF30;Medical, health and life sciences;0.15354035794734955;RDF604;Arts (arts, history of arts, performing arts, music), architecture and design;0.7723590135574341;RDF601;History, archaeology and related studies;0.6915233731269836;RDF201;Civil engineering, maritime engineering, transport engineering, and mining engineering;0.3706026077270508;RDF509;Other social sciences;0.1736382395029068;RDF104;Chemical sciences;0.14706453680992126
42;Répit Une Heure pour Moi : Ethnographie ciblée d'un programme de soutien familial à domicile pour les familles dont un enfant a des problèmes de santé mentale;RDF30;Medical, health and life sciences;0.23041170835494995;RDF50;Social sciences;0.2035362869501114;RDF20-21;Engineering and technology;0.19478550553321838;RDF501;Psychology and cognitive sciences;0.5265710353851318;RDF504;Sociology and related studies;0.4359990954399109;RDF301;Basic medicine and life sciences;0.26364678144454956;RDF303;Health sciences;0.21983955800533295;RDF509;Other social sciences;0.20641373097896576
43;The ethical challenges of Artificial Intelligence for start-ups;RDF20-21;Engineering and technology;0.625851571559906;RDF40;Agricultural and veterinary sciences;0.0955566018819809;RDF50;Social sciences;0.07980155944824219;RDF102;Computer and information sciences;0.9856353402137756;RDF202;Industrial, systems and processes engineering;0.9008791446685791;RDF201;Civil engineering, maritime engineering, transport engineering, and mining engineering;0.808672308921814;RDF203;Electrical engineering, computer engineering, and information engineering;0.45246028900146484;RDF104;Chemical sciences;0.41257452964782715
44;Integrating impacts from marine plastics in Life Cycle Assessment (Civil, Industrial and Systems Engineering);RDF20-21;Engineering and technology;0.602612316608429;RDF10;Natural sciences;0.13160298764705658;RDF40;Agricultural and veterinary sciences;0.10319553315639496;RDF104;Chemical sciences;0.8454964756965637;RDF201;Civil engineering, maritime engineering, transport engineering, and mining engineering;0.7861717343330383;RDF208;Environmental engineering and related engineering;0.7821637392044067;RDF202;Industrial, systems and processes engineering;0.5605683922767639;RDF105;Earth and related environmental sciences;0.4791838228702545
45;A Semantic Parsing Approach to Open-world Knowledge Graph Question Answering;RDF20-21;Engineering and technology;0.6277912855148315;RDF40;Agricultural and veterinary sciences;0.09873863309621811;RDF50;Social sciences;0.08160777390003204;RDF102;Computer and information sciences;0.9925537705421448;RDF104;Chemical sciences;0.9524415731430054;RDF604;Arts (arts, history of arts, performing arts, music), architecture and design;0.9462500810623169;RDF103;Physical sciences;0.9343951344490051;RDF105;Earth and related environmental sciences;0.9293122291564941
46;Appropriation et déploiement d'une approche pédagogique antiraciste chez des formateurs en sciences de la santé (Indigenous research);RDF50;Social sciences;0.6433294415473938;RDF30;Medical, health and life sciences;0.1767265647649765;RDF20-21;Engineering and technology;0.06873982399702072;RDF503;Education;0.8399966359138489;RDF303;Health sciences;0.636889636516571;RDF301;Basic medicine and life sciences;0.32557412981987;RDF504;Sociology and related studies;0.2221934199333191;RDF104;Chemical sciences;0.13863661885261536
47;Pathways for the digital economy: Adolescent digital literacies and InstaPoetry;RDF20-21;Engineering and technology;0.46028631925582886;RDF50;Social sciences;0.20071634650230408;RDF60;Humanities and the arts;0.19718283414840698;RDF102;Computer and information sciences;0.9571578502655029;RDF503;Education;0.7828285098075867;RDF604;Arts (arts, history of arts, performing arts, music), architecture and design;0.7620701193809509;RDF201;Civil engineering, maritime engineering, transport engineering, and mining engineering;0.7200238704681396;RDF508;Media and communications;0.6083177924156189
48;Les discours en matière de pauvreté dans les revues scientifiques francophones du travail social : ce qu'ils nous disent du travail social et de ses rapports à la science et à la théorie (Multidisciplinary or interdisciplinary social sciences);RDF50;Social sciences;0.7820689082145691;RDF20-21;Engineering and technology;0.06613697856664658;RDF40;Agricultural and veterinary sciences;0.060987770557403564;RDF504;Sociology and related studies;0.8369547128677368;RDF509;Other social sciences;0.621828019618988;RDF602;Languages and literature;0.05948283523321152;RDF105;Earth and related environmental sciences;0.048496000468730927;RDF603;Philosophy;0.043691061437129974
49;Bilingualism and attentional processes in the age and language proficiency continuum (Biological Systems and Functions);RDF50;Social sciences;0.2548471987247467;RDF20-21;Engineering and technology;0.22816486656665802;RDF40;Agricultural and veterinary sciences;0.1439017653465271;RDF201;Civil engineering, maritime engineering, transport engineering, and mining engineering;0.6669172048568726;RDF503;Education;0.6548947095870972;RDF602;Languages and literature;0.5725024342536926;RDF301;Basic medicine and life sciences;0.46447646617889404;RDF604;Arts (arts, history of arts, performing arts, music), architecture and design;0.4426816701889038
50;Arts de la scène, innovations technologiques et clowns pour le renouvellement de l'opéra;RDF60;Humanities and the arts;0.4793180525302887;RDF20-21;Engineering and technology;0.36333519220352173;RDF40;Agricultural and veterinary sciences;0.048780474811792374;RDF604;Arts (arts, history of arts, performing arts, music), architecture and design;0.6435323357582092;RDF503;Education;0.09518112987279892;RDF201;Civil engineering, maritime engineering, transport engineering, and mining engineering;0.08993301540613174;RDF605;Other humanities;0.06371498852968216;RDF508;Media and communications;0.05665242299437523
51;"""Domestic art galleries"" in Cuba, Russia, and China after 1989: a(n) (imagined) trans-socialist network (Fine Arts, Research-Creation)";RDF60;Humanities and the arts;0.7733473181724548;RDF20-21;Engineering and technology;0.0695154145359993;RDF40;Agricultural and veterinary sciences;0.05100778490304947;RDF604;Arts (arts, history of arts, performing arts, music), architecture and design;0.9759464263916016;RDF605;Other humanities;0.044514428824186325;RDF104;Chemical sciences;0.03132111579179764;RDF508;Media and communications;0.024964014068245888;RDF201;Civil engineering, maritime engineering, transport engineering, and mining engineering;0.022694088518619537
52;Advancing the understanding of fundamental principles of motor control (Biological Systems and Functions);RDF20-21;Engineering and technology;0.5477620959281921;RDF10;Natural sciences;0.1721086949110031;RDF40;Agricultural and veterinary sciences;0.0971590057015419;RDF106;Biological sciences;0.7704648375511169;RDF201;Civil engineering, maritime engineering, transport engineering, and mining engineering;0.701662003993988;RDF103;Physical sciences;0.48994579911231995;RDF202;Industrial, systems and processes engineering;0.4895339906215668;RDF104;Chemical sciences;0.40614044666290283
53;Impact Award: Insight;RDF60;Humanities and the arts;0.2549813985824585;RDF30;Medical, health and life sciences;0.25225698947906494;RDF20-21;Engineering and technology;0.20072440803050995;RDF503;Education;0.9549424648284912;RDF604;Arts (arts, history of arts, performing arts, music), architecture and design;0.9545204043388367;RDF102;Computer and information sciences;0.9503649473190308;RDF105;Earth and related environmental sciences;0.928732693195343;RDF104;Chemical sciences;0.9205043315887451
54;New Methods for the Stereoselective Synthesis of Organic Compounds (Chemistry);RDF20-21;Engineering and technology;0.46661245822906494;RDF10;Natural sciences;0.2127978801727295;RDF40;Agricultural and veterinary sciences;0.17044606804847717;RDF104;Chemical sciences;0.9875803589820862;RDF103;Physical sciences;0.5549076795578003;RDF205;Chemical engineering;0.5376179814338684;RDF106;Biological sciences;0.4895797669887543;RDF105;Earth and related environmental sciences;0.42881491780281067
55;Capturer le rythme de la vie moderne : le montage rapide comme symptôme et modèle pour les sociétés du début du XXe siècle jusqu'à aujourd'hui (Fine Arts, Research-Creation);RDF20-21;Engineering and technology;0.4830353260040283;RDF60;Humanities and the arts;0.382859468460083;RDF50;Social sciences;0.04337718337774277;RDF604;Arts (arts, history of arts, performing arts, music), architecture and design;0.9668201208114624;RDF201;Civil engineering, maritime engineering, transport engineering, and mining engineering;0.6204399466514587;RDF204;Mechanical engineering;0.3542375862598419;RDF301;Basic medicine and life sciences;0.3532050848007202;RDF102;Computer and information sciences;0.2958398759365082
56;Environnement, médias, archives : une anatomie contemporaine de la mélancolie et de la nostalgie (Fine Arts, Research-Creation);RDF60;Humanities and the arts;0.5783035159111023;RDF20-21;Engineering and technology;0.20107990503311157;RDF50;Social sciences;0.0707409456372261;RDF604;Arts (arts, history of arts, performing arts, music), architecture and design;0.8861743807792664;RDF105;Earth and related environmental sciences;0.32330000400543213;RDF201;Civil engineering, maritime engineering, transport engineering, and mining engineering;0.2608128488063812;RDF301;Basic medicine and life sciences;0.2580454349517822;RDF508;Media and communications;0.15475885570049286
57;Multimode determination of gene transcription and metabolic labeling (Genes, Cells and Molecules);RDF20-21;Engineering and technology;0.3820207715034485;RDF30;Medical, health and life sciences;0.2509332299232483;RDF10;Natural sciences;0.155276358127594;RDF106;Biological sciences;0.939470648765564;RDF104;Chemical sciences;0.892375111579895;RDF103;Physical sciences;0.8461968302726746;RDF202;Industrial, systems and processes engineering;0.6400033235549927;RDF201;Civil engineering, maritime engineering, transport engineering, and mining engineering;0.5286855101585388
58;SLAMF7 in innate immune cells and anti-cancer immunotherapy;RDF30;Medical, health and life sciences;0.5334738492965698;RDF20-21;Engineering and technology;0.2422231137752533;RDF10;Natural sciences;0.07681667804718018;RDF104;Chemical sciences;0.9395260810852051;RDF302;Clinical medicine;0.837420642375946;RDF106;Biological sciences;0.7981081008911133;RDF303;Health sciences;0.7859663963317871;RDF103;Physical sciences;0.767384946346283
59;À votre service : figures ambivalentes du care dans le Roman français de 1870 à 1945 (Literature);RDF60;Humanities and the arts;0.4791131317615509;RDF30;Medical, health and life sciences;0.26816821098327637;RDF40;Agricultural and veterinary sciences;0.07685024291276932;RDF604;Arts (arts, history of arts, performing arts, music), architecture and design;0.9368650913238525;RDF601;History, archaeology and related studies;0.9083336591720581;RDF303;Health sciences;0.834811270236969;RDF302;Clinical medicine;0.575520932674408;RDF602;Languages and literature;0.5371021032333374
60;Using a point-of-care electrophysiological method to study the impact of neuro-sacral function on recovery after acute spinal cord injury;RDF30;Medical, health and life sciences;0.6028447151184082;RDF20-21;Engineering and technology;0.31798723340034485;RDF10;Natural sciences;0.024424945935606956;RDF301;Basic medicine and life sciences;0.910027027130127;RDF302;Clinical medicine;0.842345118522644;RDF303;Health sciences;0.8356847763061523;RDF103;Physical sciences;0.7750093936920166;RDF106;Biological sciences;0.5960299968719482
61;Local intersectoral networks and institutional transformations: how can local actors promote social innovations? (Education);RDF50;Social sciences;0.5058889985084534;RDF20-21;Engineering and technology;0.3121260404586792;RDF40;Agricultural and veterinary sciences;0.08074986189603806;RDF503;Education;0.9965770840644836;RDF201;Civil engineering, maritime engineering, transport engineering, and mining engineering;0.7466011643409729;RDF504;Sociology and related studies;0.6647035479545593;RDF102;Computer and information sciences;0.5991883873939514;RDF502;Economics and business administration;0.49328652024269104
62;Plasma biomarkers of Alzheimer's disease in insomnia before and after cognitive behavioral therapy for insomnia;RDF30;Medical, health and life sciences;0.6600536108016968;RDF20-21;Engineering and technology;0.16688768565654755;RDF10;Natural sciences;0.061664942651987076;RDF501;Psychology and cognitive sciences;0.940078616142273;RDF301;Basic medicine and life sciences;0.9344549775123596;RDF104;Chemical sciences;0.9081709384918213;RDF303;Health sciences;0.9027811288833618;RDF302;Clinical medicine;0.8963421583175659
63;Developing algorithm aided fabrication methods for polyhedral structures (Civil, Industrial and Systems Engineering);RDF20-21;Engineering and technology;0.8239403963088989;RDF40;Agricultural and veterinary sciences;0.05980273336172104;RDF10;Natural sciences;0.04126264527440071;RDF201;Civil engineering, maritime engineering, transport engineering, and mining engineering;0.8779484033584595;RDF102;Computer and information sciences;0.7785230278968811;RDF104;Chemical sciences;0.7529674768447876;RDF202;Industrial, systems and processes engineering;0.6403126120567322;RDF204;Mechanical engineering;0.44135695695877075
64;SARS-CoV-2 Spike conformation: impact on Fc-mediated effector functions (Virology & Viral Pathogenesis);RDF30;Medical, health and life sciences;0.4225645661354065;RDF20-21;Engineering and technology;0.318035364151001;RDF40;Agricultural and veterinary sciences;0.12754462659358978;RDF301;Basic medicine and life sciences;0.8477787971496582;RDF303;Health sciences;0.8274101614952087;RDF104;Chemical sciences;0.8060905337333679;RDF102;Computer and information sciences;0.7997943758964539;RDF106;Biological sciences;0.7744981050491333
65;Questions in number theory (Mathematics and Statistics);RDF10;Natural sciences;0.4422595798969269;RDF20-21;Engineering and technology;0.22824005782604218;RDF40;Agricultural and veterinary sciences;0.14926381409168243;RDF101;Mathematics and statistics;0.988323986530304;RDF102;Computer and information sciences;0.7933061718940735;RDF201;Civil engineering, maritime engineering, transport engineering, and mining engineering;0.6565756797790527;RDF202;Industrial, systems and processes engineering;0.6293154954910278;RDF104;Chemical sciences;0.5485677123069763
66;The mammalian target of rapamycin provides the female rodent heart sex-dependent resistance to ischemic damage (Gender, Sex & Health);RDF30;Medical, health and life sciences;0.553916871547699;RDF10;Natural sciences;0.19401633739471436;RDF40;Agricultural and veterinary sciences;0.10696305334568024;RDF106;Biological sciences;0.9230391383171082;RDF301;Basic medicine and life sciences;0.8903895616531372;RDF302;Clinical medicine;0.8321003317832947;RDF104;Chemical sciences;0.8017030358314514;RDF303;Health sciences;0.6445608139038086
67;The CAnadian Mother-ChIld COLlaborative Training Platform - The CAMCCO-L Training Platform (Health Research Training Platform);RDF20-21;Engineering and technology;0.5229707360267639;RDF30;Medical, health and life sciences;0.2654171586036682;RDF40;Agricultural and veterinary sciences;0.08799666166305542;RDF102;Computer and information sciences;0.9393594861030579;RDF201;Civil engineering, maritime engineering, transport engineering, and mining engineering;0.8937275409698486;RDF604;Arts (arts, history of arts, performing arts, music), architecture and design;0.8831855654716492;RDF104;Chemical sciences;0.872347354888916;RDF301;Basic medicine and life sciences;0.6985865831375122
68;Life course body fatness and physical activity, and ovarian cancer etiology (Gender, Sex & Health);RDF30;Medical, health and life sciences;0.6867396831512451;RDF50;Social sciences;0.07626403123140335;RDF20-21;Engineering and technology;0.06839602440595627;RDF303;Health sciences;0.9300146102905273;RDF301;Basic medicine and life sciences;0.7564924955368042;RDF106;Biological sciences;0.5555859208106995;RDF302;Clinical medicine;0.5182109475135803;RDF103;Physical sciences;0.47741711139678955
69;Modeling cue-triggered relapse to cocaine use in rats (Behavioural Sciences – Neurobiological Basis of Behavioural Processes);RDF20-21;Engineering and technology;0.5032849907875061;RDF30;Medical, health and life sciences;0.2855057418346405;RDF40;Agricultural and veterinary sciences;0.07639389485120773;RDF501;Psychology and cognitive sciences;0.8935882449150085;RDF106;Biological sciences;0.8702117204666138;RDF301;Basic medicine and life sciences;0.760961651802063;RDF604;Arts (arts, history of arts, performing arts, music), architecture and design;0.6343522071838379;RDF201;Civil engineering, maritime engineering, transport engineering, and mining engineering;0.29264581203460693
70;Exploring emotional underpinnings of audit work amidst the rise of the digital age;RDF60;Humanities and the arts;0.3025597631931305;RDF20-21;Engineering and technology;0.27081581950187683;RDF50;Social sciences;0.15750336647033691;RDF201;Civil engineering, maritime engineering, transport engineering, and mining engineering;0.5154064893722534;RDF102;Computer and information sciences;0.40020716190338135;RDF202;Industrial, systems and processes engineering;0.34939396381378174;RDF502;Economics and business administration;0.3420219123363495;RDF604;Arts (arts, history of arts, performing arts, music), architecture and design;0.3321208357810974
71;Moving towards culturally safe services for Indigenous people in forensic mental health: A Partnership Development Programme;RDF30;Medical, health and life sciences;0.2970002591609955;RDF60;Humanities and the arts;0.19784483313560486;RDF50;Social sciences;0.18155261874198914;RDF201;Civil engineering, maritime engineering, transport engineering, and mining engineering;0.6305018663406372;RDF604;Arts (arts, history of arts, performing arts, music), architecture and design;0.5086660981178284;RDF504;Sociology and related studies;0.37988147139549255;RDF509;Other social sciences;0.1744806170463562;RDF303;Health sciences;0.16940587759017944
72;Development of functional language brain networks: a multimodal neuroimaging approach (Physics);RDF20-21;Engineering and technology;0.5630171895027161;RDF10;Natural sciences;0.14172883331775665;RDF30;Medical, health and life sciences;0.12134554237127304;RDF103;Physical sciences;0.9833749532699585;RDF102;Computer and information sciences;0.944740355014801;RDF201;Civil engineering, maritime engineering, transport engineering, and mining engineering;0.5583872199058533;RDF604;Arts (arts, history of arts, performing arts, music), architecture and design;0.2330511510372162;RDF104;Chemical sciences;0.17752550542354584
73;Une deuxième peau à vif: vêtement, genre et violence dans la Bible hébraïque (Philosophy, medieval studies, classics, religious);RDF20-21;Engineering and technology;0.24776679277420044;RDF60;Humanities and the arts;0.1862950474023819;RDF40;Agricultural and veterinary sciences;0.16296616196632385;RDF601;History, archaeology and related studies;0.5180585384368896;RDF201;Civil engineering, maritime engineering, transport engineering, and mining engineering;0.17384853959083557;RDF104;Chemical sciences;0.12929275631904602;RDF106;Biological sciences;0.11308891326189041;RDF305;Other medical sciences;0.10941995680332184
74;Social Innovation through Participatory Art and Design with Youth at the Margins - Solutions for Engaging and Empowering Youth with Trans-Atlantic Mirroring (Social Innovation);RDF60;Humanities and the arts;0.378650963306427;RDF50;Social sciences;0.27690863609313965;RDF20-21;Engineering and technology;0.1469932645559311;RDF604;Arts (arts, history of arts, performing arts, music), architecture and design;0.9788950085639954;RDF501;Psychology and cognitive sciences;0.4882529079914093;RDF509;Other social sciences;0.3298502564430237;RDF504;Sociology and related studies;0.24844302237033844;RDF201;Civil engineering, maritime engineering, transport engineering, and mining engineering;0.24287842214107513
75;Assessment of renal function in adults born preterm: The HAPI-Kidney study (Clinical Investigation – Reproduction, Maternal, Child and Youth Health);RDF30;Medical, health and life sciences;0.8598015308380127;RDF10;Natural sciences;0.04041028767824173;RDF40;Agricultural and veterinary sciences;0.0342288464307785;RDF303;Health sciences;0.9619649052619934;RDF302;Clinical medicine;0.9463988542556763;RDF301;Basic medicine and life sciences;0.771413266658783;RDF106;Biological sciences;0.4728051722049713;RDF104;Chemical sciences;0.27255669236183167
76;Unveiling the Role of Cellular Aging in Postmenopausal Syndrome: Rationale for Senolytic-Based Strategies to Enhance Women's Health;RDF30;Medical, health and life sciences;0.6368663907051086;RDF20-21;Engineering and technology;0.23201319575309753;RDF10;Natural sciences;0.04804255813360214;RDF303;Health sciences;0.9796091914176941;RDF106;Biological sciences;0.9402434229850769;RDF301;Basic medicine and life sciences;0.9100670218467712;RDF302;Clinical medicine;0.909826934337616;RDF604;Arts (arts, history of arts, performing arts, music), architecture and design;0.8840893507003784
77;Optimizing the Ageing Brain? Situating Ethical Aspects of Dementia Prevention (BEAD);RDF30;Medical, health and life sciences;0.609218955039978;RDF20-21;Engineering and technology;0.16535596549510956;RDF50;Social sciences;0.0754747986793518;RDF501;Psychology and cognitive sciences;0.8777913451194763;RDF303;Health sciences;0.839536726474762;RDF503;Education;0.7998334765434265;RDF604;Arts (arts, history of arts, performing arts, music), architecture and design;0.756717324256897;RDF201;Civil engineering, maritime engineering, transport engineering, and mining engineering;0.7163178324699402
78;Multicommunicating during team meetings and its effect on team functioning;RDF20-21;Engineering and technology;0.2824850380420685;RDF30;Medical, health and life sciences;0.22245705127716064;RDF50;Social sciences;0.19284982979297638;RDF102;Computer and information sciences;0.9848837852478027;RDF202;Industrial, systems and processes engineering;0.8860758543014526;RDF508;Media and communications;0.8356847763061523;RDF201;Civil engineering, maritime engineering, transport engineering, and mining engineering;0.8098029494285583;RDF104;Chemical sciences;0.68360435962677
79;Transitioning from late adolescence into emerging adulthood: The role of past and current parenting (Psychology);RDF60;Humanities and the arts;0.2613433301448822;RDF50;Social sciences;0.19554606080055237;RDF20-21;Engineering and technology;0.16906583309173584;RDF501;Psychology and cognitive sciences;0.9884807467460632;RDF604;Arts (arts, history of arts, performing arts, music), architecture and design;0.274983674287796;RDF201;Civil engineering, maritime engineering, transport engineering, and mining engineering;0.20513692498207092;RDF301;Basic medicine and life sciences;0.19208429753780365;RDF603;Philosophy;0.14324761927127838
80;Plateforme intégrée de caractérisation expérimentale/numérique pour la conception de matériaux poreux innovants (Mechanical Engineering);RDF20-21;Engineering and technology;0.8697055578231812;RDF40;Agricultural and veterinary sciences;0.03692818433046341;RDF10;Natural sciences;0.030945178121328354;RDF204;Mechanical engineering;0.9912038445472717;RDF104;Chemical sciences;0.7099249362945557;RDF201;Civil engineering, maritime engineering, transport engineering, and mining engineering;0.3800540268421173;RDF103;Physical sciences;0.16311189532279968;RDF202;Industrial, systems and processes engineering;0.09704755991697311
81;How Peers in Healthcare Teams Transform Homelessness Prevention and Care Practices: A Participatory Multiple Case Study;RDF30;Medical, health and life sciences;0.5533872842788696;RDF20-21;Engineering and technology;0.1903837025165558;RDF50;Social sciences;0.10556425154209137;RDF303;Health sciences;0.9781354069709778;RDF504;Sociology and related studies;0.8389438390731812;RDF509;Other social sciences;0.7354516983032227;RDF102;Computer and information sciences;0.6572085618972778;RDF302;Clinical medicine;0.5731110572814941
82;Online stochastic optimization for dynamic operations management systems (Civil, Industrial and Systems Engineering);RDF20-21;Engineering and technology;0.8108398914337158;RDF40;Agricultural and veterinary sciences;0.06721094995737076;RDF50;Social sciences;0.0390128456056118;RDF102;Computer and information sciences;0.983940064907074;RDF201;Civil engineering, maritime engineering, transport engineering, and mining engineering;0.8629302382469177;RDF202;Industrial, systems and processes engineering;0.7306263446807861;RDF104;Chemical sciences;0.6593229174613953;RDF203;Electrical engineering, computer engineering, and information engineering;0.5380882620811462
83;Assessing latent-structure models in natural language processing with artificial datasets (Computer Science);RDF20-21;Engineering and technology;0.7253501415252686;RDF40;Agricultural and veterinary sciences;0.08146154880523682;RDF10;Natural sciences;0.06839682161808014;RDF102;Computer and information sciences;0.996720552444458;RDF203;Electrical engineering, computer engineering, and information engineering;0.9210740923881531;RDF201;Civil engineering, maritime engineering, transport engineering, and mining engineering;0.8189541101455688;RDF104;Chemical sciences;0.8056322336196899;RDF202;Industrial, systems and processes engineering;0.722159743309021
84;Electroactive Self-Assembled Monolayers: Putting Surface-Confined Redox Reactions to Work (Chemistry);RDF20-21;Engineering and technology;0.732857346534729;RDF10;Natural sciences;0.1690431833267212;RDF40;Agricultural and veterinary sciences;0.0521884523332119;RDF104;Chemical sciences;0.9703805446624756;RDF205;Chemical engineering;0.9560224413871765;RDF102;Computer and information sciences;0.9136379957199097;RDF103;Physical sciences;0.9106646776199341;RDF202;Industrial, systems and processes engineering;0.8397339582443237
85;Role of SCPPPQ1, a junctional epithelium protein, in maintaining periodontal integrity and health (Clinical Investigation – Arthritis, Bone, Skin and Cartilage);RDF30;Medical, health and life sciences;0.7175237536430359;RDF20-21;Engineering and technology;0.14032624661922455;RDF10;Natural sciences;0.07505165785551071;RDF303;Health sciences;0.9751309156417847;RDF302;Clinical medicine;0.9552774429321289;RDF104;Chemical sciences;0.9093450307846069;RDF106;Biological sciences;0.889959990978241;RDF301;Basic medicine and life sciences;0.7858431935310364
86;What dreams may come: How cinema shapes the language, experience, and images of dreaming (Multidisciplinary or interdisciplinary social sciences);RDF50;Social sciences;0.43611136078834534;RDF60;Humanities and the arts;0.2532505989074707;RDF20-21;Engineering and technology;0.13254451751708984;RDF604;Arts (arts, history of arts, performing arts, music), architecture and design;0.8534858226776123;RDF504;Sociology and related studies;0.3247170150279999;RDF201;Civil engineering, maritime engineering, transport engineering, and mining engineering;0.29229217767715454;RDF508;Media and communications;0.21950475871562958;RDF501;Psychology and cognitive sciences;0.16231362521648407
87;Supramolecular strategies to target cellular membranes (Chemistry);RDF20-21;Engineering and technology;0.3946690559387207;RDF30;Medical, health and life sciences;0.3005417287349701;RDF10;Natural sciences;0.18807420134544373;RDF104;Chemical sciences;0.989541232585907;RDF103;Physical sciences;0.9577545523643494;RDF106;Biological sciences;0.9448422789573669;RDF301;Basic medicine and life sciences;0.8933094143867493;RDF202;Industrial, systems and processes engineering;0.8636793494224548
88;Geopolitics, bargaining, and firm selection along the Belt and Road;RDF20-21;Engineering and technology;0.5266731381416321;RDF50;Social sciences;0.14023756980895996;RDF40;Agricultural and veterinary sciences;0.1392821967601776;RDF105;Earth and related environmental sciences;0.9736195802688599;RDF201;Civil engineering, maritime engineering, transport engineering, and mining engineering;0.8495347499847412;RDF502;Economics and business administration;0.5865006446838379;RDF401;Agriculture, forestry, and fisheries;0.5407419800758362;RDF202;Industrial, systems and processes engineering;0.5081779956817627
89;Role of neuron-glia interactions in sensori-motor integration in mastication (Movement & Exercise);RDF30;Medical, health and life sciences;0.4360111653804779;RDF20-21;Engineering and technology;0.34727907180786133;RDF40;Agricultural and veterinary sciences;0.07279365509748459;RDF102;Computer and information sciences;0.9883353114128113;RDF106;Biological sciences;0.9285385012626648;RDF202;Industrial, systems and processes engineering;0.8366212844848633;RDF501;Psychology and cognitive sciences;0.8362873792648315;RDF604;Arts (arts, history of arts, performing arts, music), architecture and design;0.762114405632019
90;Dual-Energy Cone-Beam CT as an online quantitative imaging modality for adaptive radiotherapy (Physics);RDF20-21;Engineering and technology;0.7318874597549438;RDF30;Medical, health and life sciences;0.1291385143995285;RDF10;Natural sciences;0.06171223893761635;RDF103;Physical sciences;0.9858956933021545;RDF104;Chemical sciences;0.7071014642715454;RDF201;Civil engineering, maritime engineering, transport engineering, and mining engineering;0.6454551815986633;RDF303;Health sciences;0.3000272810459137;RDF106;Biological sciences;0.24603481590747833
91;"Le ""patient expert"": enjeux épistémiques et normatifs (Philosophy, medieval studies, classics, religious)";RDF30;Medical, health and life sciences;0.2803608775138855;RDF60;Humanities and the arts;0.2718014419078827;RDF20-21;Engineering and technology;0.20481616258621216;RDF601;History, archaeology and related studies;0.8956596255302429;RDF603;Philosophy;0.6620731353759766;RDF604;Arts (arts, history of arts, performing arts, music), architecture and design;0.5895096063613892;RDF104;Chemical sciences;0.4895034730434418;RDF201;Civil engineering, maritime engineering, transport engineering, and mining engineering;0.4618358612060547
92;Les données numériques en santé: peut-on bâtir la confiance;RDF30;Medical, health and life sciences;0.6268236041069031;RDF20-21;Engineering and technology;0.1712803989648819;RDF40;Agricultural and veterinary sciences;0.0621245801448822;RDF102;Computer and information sciences;0.9764006733894348;RDF303;Health sciences;0.9573177099227905;RDF202;Industrial, systems and processes engineering;0.876634418964386;RDF201;Civil engineering, maritime engineering, transport engineering, and mining engineering;0.8011980056762695;RDF302;Clinical medicine;0.7352854013442993
93;Role of ARF1 as a key GTPAse regulating immune surveillance in breast cancer;RDF30;Medical, health and life sciences;0.5451506972312927;RDF20-21;Engineering and technology;0.2711900770664215;RDF40;Agricultural and veterinary sciences;0.08006583899259567;RDF303;Health sciences;0.9617499113082886;RDF106;Biological sciences;0.9295044541358948;RDF302;Clinical medicine;0.9229350686073303;RDF104;Chemical sciences;0.8938202261924744;RDF301;Basic medicine and life sciences;0.8746137022972107
94;Critical Replacement of Thermogravimetric Analyzer to Leverage Materials Discovery and Innovation (Chemistry);RDF20-21;Engineering and technology;0.568572998046875;RDF10;Natural sciences;0.22014296054840088;RDF40;Agricultural and veterinary sciences;0.1265564262866974;RDF104;Chemical sciences;0.9840782880783081;RDF205;Chemical engineering;0.9504109621047974;RDF202;Industrial, systems and processes engineering;0.8512741327285767;RDF103;Physical sciences;0.7787334322929382;RDF105;Earth and related environmental sciences;0.7610060572624207
95;Partnering with Canadian Youth to Co-Design a Toolkit to Support Youth who Experience Climate-Related Distress;RDF20-21;Engineering and technology;0.5390841364860535;RDF50;Social sciences;0.14719760417938232;RDF30;Medical, health and life sciences;0.09583009034395218;RDF604;Arts (arts, history of arts, performing arts, music), architecture and design;0.7839057445526123;RDF201;Civil engineering, maritime engineering, transport engineering, and mining engineering;0.7709825038909912;RDF102;Computer and information sciences;0.4831606447696686;RDF203;Electrical engineering, computer engineering, and information engineering;0.26478588581085205;RDF509;Other social sciences;0.21841920912265778
96;Family Acculturation: Identity, Legitimacy, and the Marketplace;RDF50;Social sciences;0.2143796682357788;RDF60;Humanities and the arts;0.1824754774570465;RDF20-21;Engineering and technology;0.17625781893730164;RDF504;Sociology and related studies;0.7633073329925537;RDF604;Arts (arts, history of arts, performing arts, music), architecture and design;0.7280238270759583;RDF201;Civil engineering, maritime engineering, transport engineering, and mining engineering;0.6820709705352783;RDF102;Computer and information sciences;0.49017462134361267;RDF503;Education;0.4860723316669464
97;Low-Resource Text Understanding (Computer Science);RDF20-21;Engineering and technology;0.4059086740016937;RDF40;Agricultural and veterinary sciences;0.17514479160308838;RDF30;Medical, health and life sciences;0.17047257721424103;RDF102;Computer and information sciences;0.9946045875549316;RDF105;Earth and related environmental sciences;0.937210738658905;RDF104;Chemical sciences;0.9247556924819946;RDF103;Physical sciences;0.8640812039375305;RDF201;Civil engineering, maritime engineering, transport engineering, and mining engineering;0.8415654301643372
98;Privilège des minoritaires et inégalités épistémiques: une perspective féministe et décoloniale sur la reconnaissance des savoirs expérientiels dans la lutte contre la pauvreté au Québec et en Belgique francophone (Sociology, demography and related fields);RDF50;Social sciences;0.5454203486442566;RDF40;Agricultural and veterinary sciences;0.12686088681221008;RDF20-21;Engineering and technology;0.12307792901992798;RDF504;Sociology and related studies;0.9178565740585327;RDF509;Other social sciences;0.40221598744392395;RDF601;History, archaeology and related studies;0.213787242770195;RDF604;Arts (arts, history of arts, performing arts, music), architecture and design;0.09146322309970856;RDF507;Social and economic geography;0.08795474469661713
99;L'esthétique moyenne ou la coupe régulière (Sociology, demography and related fields);RDF50;Social sciences;0.40588539838790894;RDF60;Humanities and the arts;0.20911051332950592;RDF20-21;Engineering and technology;0.12523193657398224;RDF504;Sociology and related studies;0.7270074486732483;RDF604;Arts (arts, history of arts, performing arts, music), architecture and design;0.69827800989151;RDF201;Civil engineering, maritime engineering, transport engineering, and mining engineering;0.32308635115623474;RDF509;Other social sciences;0.2635520100593567;RDF104;Chemical sciences;0.10951516032218933
100;Deepening understanding on infant and child mortality disparities in low- and middle-income countries: untangling the direct and indirect effects of gender inequality (Multidisciplinary or interdisciplinary social sciences);RDF50;Social sciences;0.5106576085090637;RDF30;Medical, health and life sciences;0.1586245894432068;RDF20-21;Engineering and technology;0.11548694968223572;RDF504;Sociology and related studies;0.8550662994384766;RDF509;Other social sciences;0.5652725100517273;RDF201;Civil engineering, maritime engineering, transport engineering, and mining engineering;0.07517640292644501;RDF507;Social and economic geography;0.06847517192363739;RDF501;Psychology and cognitive sciences;0.0645354762673378
101;Isolating the role of the raphe-ventral hippocampus serotonergic pathway in anxiety (Behavioural Sciences – Neurobiological Basis of Behavioural Processes);RDF30;Medical, health and life sciences;0.40006765723228455;RDF20-21;Engineering and technology;0.3252130150794983;RDF10;Natural sciences;0.12637959420681;RDF501;Psychology and cognitive sciences;0.9577544927597046;RDF106;Biological sciences;0.7613611221313477;RDF301;Basic medicine and life sciences;0.753648042678833;RDF201;Civil engineering, maritime engineering, transport engineering, and mining engineering;0.23545978963375092;RDF302;Clinical medicine;0.2299240529537201
102;Facing pain is effortful: a multidisciplinary approach to investigate the effects of pain on perception of effort and performance (Biological Systems and Functions);RDF30;Medical, health and life sciences;0.4791863262653351;RDF20-21;Engineering and technology;0.19747556746006012;RDF10;Natural sciences;0.1830814778804779;RDF303;Health sciences;0.9393594264984131;RDF302;Clinical medicine;0.7434009909629822;RDF201;Civil engineering, maritime engineering, transport engineering, and mining engineering;0.7399395704269409;RDF301;Basic medicine and life sciences;0.6848176121711731;RDF106;Biological sciences;0.6474360227584839
103;Enjeux émergents liés à la présence de manganèse dans les eaux potables (Civil, Industrial and Systems Engineering);RDF20-21;Engineering and technology;0.740371823310852;RDF40;Agricultural and veterinary sciences;0.09514430165290833;RDF10;Natural sciences;0.06233624368906021;RDF208;Environmental engineering and related engineering;0.7915392518043518;RDF105;Earth and related environmental sciences;0.7695135474205017;RDF104;Chemical sciences;0.7524676322937012;RDF201;Civil engineering, maritime engineering, transport engineering, and mining engineering;0.6539008617401123;RDF202;Industrial, systems and processes engineering;0.5526302456855774
104;Élaboration d'un procédé de stockage de CO2 par minéralisation visant à réduire les émissions des Gaz à Effet de Serre du secteur agricole;RDF20-21;Engineering and technology;0.6223986744880676;RDF40;Agricultural and veterinary sciences;0.185786172747612;RDF10;Natural sciences;0.08240187168121338;RDF401;Agriculture, forestry, and fisheries;0.9759235382080078;RDF208;Environmental engineering and related engineering;0.8528741598129272;RDF104;Chemical sciences;0.7778487801551819;RDF201;Civil engineering, maritime engineering, transport engineering, and mining engineering;0.6615676283836365;RDF105;Earth and related environmental sciences;0.6359575390815735
105;Factor models for forecasting and macroeconomic applications (Economics);RDF20-21;Engineering and technology;0.3963576555252075;RDF40;Agricultural and veterinary sciences;0.26789045333862305;RDF10;Natural sciences;0.12229038774967194;RDF502;Economics and business administration;0.9490118622779846;RDF102;Computer and information sciences;0.812346875667572;RDF201;Civil engineering, maritime engineering, transport engineering, and mining engineering;0.7911360859870911;RDF104;Chemical sciences;0.6381872296333313;RDF401;Agriculture, forestry, and fisheries;0.5545307397842407
106;Une histoire écrite avec des si. Les devenirs romanesques des idéaux libertaires (1898-1940) (Literature);RDF60;Humanities and the arts;0.6815125942230225;RDF20-21;Engineering and technology;0.07736492156982422;RDF40;Agricultural and veterinary sciences;0.07197132706642151;RDF604;Arts (arts, history of arts, performing arts, music), architecture and design;0.9659638404846191;RDF602;Languages and literature;0.8777914047241211;RDF601;History, archaeology and related studies;0.6666324734687805;RDF201;Civil engineering, maritime engineering, transport engineering, and mining engineering;0.604099690914154;RDF301;Basic medicine and life sciences;0.34939396381378174
107;Jean-Marc Vallée : de Montréal à Hollywood;RDF20-21;Engineering and technology;0.48283907771110535;RDF30;Medical, health and life sciences;0.2463693767786026;RDF60;Humanities and the arts;0.12091381847858429;RDF104;Chemical sciences;0.9393594861030579;RDF202;Industrial, systems and processes engineering;0.9393038153648376;RDF604;Arts (arts, history of arts, performing arts, music), architecture and design;0.9243469834327698;RDF201;Civil engineering, maritime engineering, transport engineering, and mining engineering;0.9037624001502991;RDF105;Earth and related environmental sciences;0.8577681183815002
108;Prebiotics to modify the gut microbiome and enhance immune checkpoint blockers (Cancer Progression & Therapeutics);RDF30;Medical, health and life sciences;0.6501121520996094;RDF10;Natural sciences;0.11611312627792358;RDF20-21;Engineering and technology;0.10750021785497665;RDF301;Basic medicine and life sciences;0.96065753698349;RDF303;Health sciences;0.9501802921295166;RDF106;Biological sciences;0.9000476598739624;RDF302;Clinical medicine;0.8732147812843323;RDF104;Chemical sciences;0.7618486881256104
109;Words Matter, Numbers Matter, Ways Matter: Establishing a Data and Resource Platform to Guide Equitable Healthcare for Women Living with Female Genital Mutilation/Cutting in Canada (Public, Community & Population Health);RDF30;Medical, health and life sciences;0.6020783185958862;RDF20-21;Engineering and technology;0.22042009234428406;RDF50;Social sciences;0.06380034983158112;RDF303;Health sciences;0.9588086009025574;RDF102;Computer and information sciences;0.31368252635002136;RDF104;Chemical sciences;0.26783883571624756;RDF301;Basic medicine and life sciences;0.23823988437652588;RDF302;Clinical medicine;0.19605544209480286
110;"Dynamiques de cohabitation à l'ère de la ""super-diversité"" (Anthropology and archaeology)";RDF20-21;Engineering and technology;0.1996179074048996;RDF10;Natural sciences;0.1974850594997406;RDF50;Social sciences;0.1946132928133011;RDF601;History, archaeology and related studies;0.7345005869865417;RDF106;Biological sciences;0.45283082127571106;RDF201;Civil engineering, maritime engineering, transport engineering, and mining engineering;0.42838284373283386;RDF107;Other natural sciences;0.27449724078178406;RDF105;Earth and related environmental sciences;0.2535374164581299
111;Dependence Modelling for Arbitrary Distributions (Mathematics and Statistics);RDF20-21;Engineering and technology;0.4751811921596527;RDF10;Natural sciences;0.23905281722545624;RDF40;Agricultural and veterinary sciences;0.1348515748977661;RDF101;Mathematics and statistics;0.9870795011520386;RDF104;Chemical sciences;0.9722307920455933;RDF102;Computer and information sciences;0.967777669429779;RDF103;Physical sciences;0.890960156917572;RDF201;Civil engineering, maritime engineering, transport engineering, and mining engineering;0.8338664174079895
112;CONTACT BY SEA: : Basques et Autochtones dans le golfe Saint-Laurent, XVIe-XVIIIe siècle (Anthropology and archaeology);RDF60;Humanities and the arts;0.21336717903614044;RDF20-21;Engineering and technology;0.18393400311470032;RDF10;Natural sciences;0.1825026273727417;RDF601;History, archaeology and related studies;0.8133866190910339;RDF509;Other social sciences;0.3314172029495239;RDF107;Other natural sciences;0.16633658111095428;RDF105;Earth and related environmental sciences;0.125332772731781;RDF201;Civil engineering, maritime engineering, transport engineering, and mining engineering;0.09318170696496964
113;The impact of genetic variation on genome biology and function (Genes, Cells and Molecules);RDF10;Natural sciences;0.3041582405567169;RDF30;Medical, health and life sciences;0.19888830184936523;RDF40;Agricultural and veterinary sciences;0.17941759526729584;RDF106;Biological sciences;0.981256902217865;RDF301;Basic medicine and life sciences;0.5139123797416687;RDF201;Civil engineering, maritime engineering, transport engineering, and mining engineering;0.5045164823532104;RDF104;Chemical sciences;0.47638174891471863;RDF101;Mathematics and statistics;0.25349122285842896
114;Orphan Nuclear Receptor Regulation of Fertility (Clinical Investigation – Reproduction, Maternal, Child and Youth Health);RDF30;Medical, health and life sciences;0.5753121972084045;RDF20-21;Engineering and technology;0.27415725588798523;RDF40;Agricultural and veterinary sciences;0.06421814858913422;RDF302;Clinical medicine;0.9812209010124207;RDF103;Physical sciences;0.9263703227043152;RDF106;Biological sciences;0.9010534286499023;RDF104;Chemical sciences;0.9004423022270203;RDF303;Health sciences;0.8426690101623535
115;Identifying the roles of atypical MAP kinases ERK3 and ERK4 in cardiac remodelling (Cardiovascular System – Heart and Circulation);RDF30;Medical, health and life sciences;0.663665771484375;RDF20-21;Engineering and technology;0.21577657759189606;RDF10;Natural sciences;0.06052177771925926;RDF303;Health sciences;0.9634718894958496;RDF103;Physical sciences;0.9486324787139893;RDF104;Chemical sciences;0.9243469834327698;RDF301;Basic medicine and life sciences;0.9153181910514832;RDF302;Clinical medicine;0.8513358235359192
116;Valorisation des données industrielles (Civil, Industrial and Systems Engineering);RDF20-21;Engineering and technology;0.6967465281486511;RDF40;Agricultural and veterinary sciences;0.12498078495264053;RDF10;Natural sciences;0.0606733039021492;RDF201;Civil engineering, maritime engineering, transport engineering, and mining engineering;0.9286032915115356;RDF102;Computer and information sciences;0.6742649674415588;RDF202;Industrial, systems and processes engineering;0.6459439396858215;RDF104;Chemical sciences;0.46377816796302795;RDF203;Electrical engineering, computer engineering, and information engineering;0.20721472799777985
117;Multiphysics and multiscale modeling for the intensification of chemical engineering processes (Materials and Chemical Engineering);RDF20-21;Engineering and technology;0.7494808435440063;RDF10;Natural sciences;0.09575220197439194;RDF40;Agricultural and veterinary sciences;0.08466622233390808;RDF104;Chemical sciences;0.8461968302726746;RDF103;Physical sciences;0.6496620178222656;RDF201;Civil engineering, maritime engineering, transport engineering, and mining engineering;0.5774730443954468;RDF202;Industrial, systems and processes engineering;0.5615153908729553;RDF205;Chemical engineering;0.4728507995605469
118;Targeting BMP signaling in the tumor endothelium to improve cancer immunotherapy (Cancer Progression & Therapeutics);RDF30;Medical, health and life sciences;0.5620653629302979;RDF20-21;Engineering and technology;0.29880231618881226;RDF10;Natural sciences;0.05596538633108139;RDF301;Basic medicine and life sciences;0.9766246676445007;RDF106;Biological sciences;0.9518632292747498;RDF303;Health sciences;0.8976055979728699;RDF104;Chemical sciences;0.8893368244171143;RDF302;Clinical medicine;0.8413699865341187
119;The Impact of Job Transformations on Frontline Employees' Burnout and Performance: Examining the Roles of Manager Support and Empathy;RDF50;Social sciences;0.36698034405708313;RDF20-21;Engineering and technology;0.29941093921661377;RDF40;Agricultural and veterinary sciences;0.13174842298030853;RDF501;Psychology and cognitive sciences;0.9224124550819397;RDF502;Economics and business administration;0.9129807949066162;RDF504;Sociology and related studies;0.9071478843688965;RDF102;Computer and information sciences;0.8862729072570801;RDF202;Industrial, systems and processes engineering;0.8532414436340332
120;Structural design and rehabilitation of bridge superstructure and foundation elements utilizing fibre reinforced concrete and ultra-high performance fibre reinforced concrete with conventional reinforcement;RDF20-21;Engineering and technology;0.7119160294532776;RDF40;Agricultural and veterinary sciences;0.08046192675828934;RDF10;Natural sciences;0.07177428901195526;RDF201;Civil engineering, maritime engineering, transport engineering, and mining engineering;0.9473810195922852;RDF202;Industrial, systems and processes engineering;0.7728736996650696;RDF104;Chemical sciences;0.7704216241836548;RDF103;Physical sciences;0.47292688488960266;RDF204;Mechanical engineering;0.44074755907058716
121;Des dispositifs de développement professionnels transformateurs pour les enseignants du postsecondaire (Education and social work);RDF20-21;Engineering and technology;0.3509911000728607;RDF50;Social sciences;0.25386086106300354;RDF40;Agricultural and veterinary sciences;0.1369810849428177;RDF503;Education;0.83808434009552;RDF604;Arts (arts, history of arts, performing arts, music), architecture and design;0.7106534242630005;RDF104;Chemical sciences;0.4826424717903137;RDF201;Civil engineering, maritime engineering, transport engineering, and mining engineering;0.31795549392700195;RDF301;Basic medicine and life sciences;0.24463358521461487
122;High-fidelity simulations of turbulent combustion relevant to gas turbines and compression ignition engines (Mechanical Engineering);RDF20-21;Engineering and technology;0.9070413708686829;RDF10;Natural sciences;0.03192880004644394;RDF40;Agricultural and veterinary sciences;0.025134731084108353;RDF204;Mechanical engineering;0.9970535635948181;RDF201;Civil engineering, maritime engineering, transport engineering, and mining engineering;0.5362370014190674;RDF104;Chemical sciences;0.5209685564041138;RDF103;Physical sciences;0.48532524704933167;RDF102;Computer and information sciences;0.10087862610816956
123;Responsible Conduct in Research: From Norms to Practice;RDF20-21;Engineering and technology;0.4290767014026642;RDF30;Medical, health and life sciences;0.1553443819284439;RDF40;Agricultural and veterinary sciences;0.1289895474910736;RDF202;Industrial, systems and processes engineering;0.9617140293121338;RDF104;Chemical sciences;0.9361100196838379;RDF201;Civil engineering, maritime engineering, transport engineering, and mining engineering;0.8936811089515686;RDF103;Physical sciences;0.8590145111083984;RDF601;History, archaeology and related studies;0.7830359935760498
124;Integrity of the cellular transformation barriers in reprogrammed cell (Genes, Cells and Molecules);RDF20-21;Engineering and technology;0.467130184173584;RDF30;Medical, health and life sciences;0.2873693108558655;RDF10;Natural sciences;0.09752216190099716;RDF106;Biological sciences;0.9600627422332764;RDF103;Physical sciences;0.9345148205757141;RDF202;Industrial, systems and processes engineering;0.9157712459564209;RDF104;Chemical sciences;0.8399966359138489;RDF301;Basic medicine and life sciences;0.8256600499153137
125;Deuterostome extracellular matrix structures (ossicles and tubes): Evolution, composition, function and development (Evolution and Ecology);RDF20-21;Engineering and technology;0.4549017548561096;RDF10;Natural sciences;0.287043035030365;RDF30;Medical, health and life sciences;0.1328372210264206;RDF103;Physical sciences;0.9236611723899841;RDF104;Chemical sciences;0.9014444947242737;RDF106;Biological sciences;0.8940979838371277;RDF301;Basic medicine and life sciences;0.7938660979270935;RDF107;Other natural sciences;0.3532887399196625
126;Finding Order in Chaos: Vibrational Spectroscopy Study of Oriented Soft Materials (Chemistry);RDF20-21;Engineering and technology;0.5294332504272461;RDF10;Natural sciences;0.2686314582824707;RDF40;Agricultural and veterinary sciences;0.07036814838647842;RDF104;Chemical sciences;0.9844712615013123;RDF102;Computer and information sciences;0.9608416557312012;RDF103;Physical sciences;0.9184436798095703;RDF202;Industrial, systems and processes engineering;0.8859772086143494;RDF106;Biological sciences;0.7111802697181702
127;COVID-19 seroepidemiology in children Using Retrieved POPCORN site Leftover Samples (CURNLS);RDF30;Medical, health and life sciences;0.4924744963645935;RDF20-21;Engineering and technology;0.16733115911483765;RDF50;Social sciences;0.11243686825037003;RDF303;Health sciences;0.9250947833061218;RDF301;Basic medicine and life sciences;0.85542893409729;RDF604;Arts (arts, history of arts, performing arts, music), architecture and design;0.7816641330718994;RDF104;Chemical sciences;0.7661624550819397;RDF302;Clinical medicine;0.762424111366272
128;COVIH study: COVID-19 burden in HIV infected individuals;RDF30;Medical, health and life sciences;0.44739362597465515;RDF20-21;Engineering and technology;0.15427574515342712;RDF40;Agricultural and veterinary sciences;0.11284299939870834;RDF201;Civil engineering, maritime engineering, transport engineering, and mining engineering;0.8476527333259583;RDF303;Health sciences;0.8374871015548706;RDF104;Chemical sciences;0.7980294227600098;RDF604;Arts (arts, history of arts, performing arts, music), architecture and design;0.7827455401420593;RDF302;Clinical medicine;0.7533759474754333
129;Unravelling the physiological function of a highly conserved HNRNPA1 splice variant (Genes, Cells and Molecules);RDF20-21;Engineering and technology;0.5072271227836609;RDF10;Natural sciences;0.2562981843948364;RDF30;Medical, health and life sciences;0.11076665669679642;RDF106;Biological sciences;0.9815243482589722;RDF103;Physical sciences;0.9645558595657349;RDF104;Chemical sciences;0.9446893930435181;RDF301;Basic medicine and life sciences;0.9398029446601868;RDF202;Industrial, systems and processes engineering;0.8269913792610168
130;Valorisation des données de production manufacturière pour une prise de décision personnalisée et décentralisée;RDF20-21;Engineering and technology;0.32486793398857117;RDF40;Agricultural and veterinary sciences;0.2933504581451416;RDF50;Social sciences;0.18756066262722015;RDF202;Industrial, systems and processes engineering;0.9395260810852051;RDF204;Mechanical engineering;0.8764230012893677;RDF401;Agriculture, forestry, and fisheries;0.839799702167511;RDF502;Economics and business administration;0.7052524089813232;RDF201;Civil engineering, maritime engineering, transport engineering, and mining engineering;0.5977986454963684
131;Uncovering causal complexities and trade-offs in the acceptance of mobile apps used to protect communities: the case of emergency response and contact tracing technologies;RDF20-21;Engineering and technology;0.6361079216003418;RDF50;Social sciences;0.12367694079875946;RDF30;Medical, health and life sciences;0.11050693690776825;RDF102;Computer and information sciences;0.981256902217865;RDF201;Civil engineering, maritime engineering, transport engineering, and mining engineering;0.8241083025932312;RDF202;Industrial, systems and processes engineering;0.7359738945960999;RDF203;Electrical engineering, computer engineering, and information engineering;0.6734870076179504;RDF604;Arts (arts, history of arts, performing arts, music), architecture and design;0.6698258519172668
132;Acquisition of an ultracentrifuge to support research in the field of veterinary infectious diseases (Biological Systems and Functions);RDF20-21;Engineering and technology;0.4925544559955597;RDF10;Natural sciences;0.17622700333595276;RDF30;Medical, health and life sciences;0.16823910176753998;RDF403;Veterinary sciences;0.9531007409095764;RDF201;Civil engineering, maritime engineering, transport engineering, and mining engineering;0.7684726119041443;RDF106;Biological sciences;0.5688013434410095;RDF103;Physical sciences;0.5078423619270325;RDF207;Medical and biomedical engineering;0.4834502935409546
133;Penser et agir pour la paix au Québec (Multidisciplinary or interdisciplinary humanities);RDF60;Humanities and the arts;0.575655996799469;RDF20-21;Engineering and technology;0.14827443659305573;RDF40;Agricultural and veterinary sciences;0.0934242308139801;RDF504;Sociology and related studies;0.7228205800056458;RDF604;Arts (arts, history of arts, performing arts, music), architecture and design;0.6860020160675049;RDF509;Other social sciences;0.3702253997325897;RDF201;Civil engineering, maritime engineering, transport engineering, and mining engineering;0.36674565076828003;RDF104;Chemical sciences;0.25137194991111755
134;Towards a visualization-assisted international history of videogame culture (Fine Arts, Research-Creation);RDF60;Humanities and the arts;0.4078303873538971;RDF20-21;Engineering and technology;0.29297927021980286;RDF50;Social sciences;0.09844771772623062;RDF604;Arts (arts, history of arts, performing arts, music), architecture and design;0.8721297383308411;RDF201;Civil engineering, maritime engineering, transport engineering, and mining engineering;0.4175609052181244;RDF601;History, archaeology and related studies;0.17071528732776642;RDF203;Electrical engineering, computer engineering, and information engineering;0.14817041158676147;RDF102;Computer and information sciences;0.11255132406949997
135;Modélisation et optimisation biomécanique d'orthèses et d'instrumentation de modulation de croissance pour le traitement de la scoliose pédiatrique;RDF30;Medical, health and life sciences;0.4773007333278656;RDF20-21;Engineering and technology;0.3838966488838196;RDF40;Agricultural and veterinary sciences;0.0668620616197586;RDF302;Clinical medicine;0.9941346049308777;RDF303;Health sciences;0.9267026782035828;RDF301;Basic medicine and life sciences;0.913945734500885;RDF204;Mechanical engineering;0.898499608039856;RDF106;Biological sciences;0.8818185925483704
136;Randomized controlled trial to evaluate the effect of a postural re-education intervention compared to standard care on scoliosis progression in adolescent (Clinical Investigation – Arthritis, Bone, Skin and Cartilage);RDF30;Medical, health and life sciences;0.7797495126724243;RDF50;Social sciences;0.10813568532466888;RDF20-21;Engineering and technology;0.041527487337589264;RDF302;Clinical medicine;0.953144371509552;RDF303;Health sciences;0.9237300157546997;RDF301;Basic medicine and life sciences;0.5945291519165039;RDF104;Chemical sciences;0.5742306113243103;RDF101;Mathematics and statistics;0.31289464235305786
137;Sommeil après une commotion cérébrale : impact sur le bien-être et le fonctionnement familial (Multidisciplinary or interdisciplinary social sciences);RDF50;Social sciences;0.41364389657974243;RDF20-21;Engineering and technology;0.2260502725839615;RDF30;Medical, health and life sciences;0.18749378621578217;RDF504;Sociology and related studies;0.7346909642219543;RDF501;Psychology and cognitive sciences;0.34303906559944153;RDF509;Other social sciences;0.2332257330417633;RDF301;Basic medicine and life sciences;0.17974643409252167;RDF201;Civil engineering, maritime engineering, transport engineering, and mining engineering;0.1630452573299408
138;Few-Mode Optical Coherence Tomography (FM-OCT);RDF20-21;Engineering and technology;0.5542507767677307;RDF30;Medical, health and life sciences;0.23354142904281616;RDF40;Agricultural and veterinary sciences;0.08616716414690018;RDF103;Physical sciences;0.9349912405014038;RDF102;Computer and information sciences;0.9219921231269836;RDF104;Chemical sciences;0.916109561920166;RDF201;Civil engineering, maritime engineering, transport engineering, and mining engineering;0.8278977274894714;RDF105;Earth and related environmental sciences;0.7556370496749878
139;(IN)VISIBILISATION : Le design au prisme de l'itinérance;RDF20-21;Engineering and technology;0.5059507489204407;RDF60;Humanities and the arts;0.15014411509037018;RDF40;Agricultural and veterinary sciences;0.10652010887861252;RDF604;Arts (arts, history of arts, performing arts, music), architecture and design;0.9084962010383606;RDF201;Civil engineering, maritime engineering, transport engineering, and mining engineering;0.766643226146698;RDF104;Chemical sciences;0.7482603192329407;RDF103;Physical sciences;0.6506338119506836;RDF102;Computer and information sciences;0.6082959771156311
140;Targeting SMOC2-induced epithelial-to-mesenchymal transition inhibits senescence in mouse models of kidney fibrosis (Hematology, Digestive Disease & Kidney);RDF30;Medical, health and life sciences;0.5814733505249023;RDF20-21;Engineering and technology;0.2733306884765625;RDF10;Natural sciences;0.08050104975700378;RDF301;Basic medicine and life sciences;0.7772575616836548;RDF106;Biological sciences;0.7635719180107117;RDF302;Clinical medicine;0.7588235139846802;RDF104;Chemical sciences;0.7485361695289612;RDF103;Physical sciences;0.7114309072494507
141;Modèle explicatif des liens drogues-crimes des jeunes femmes adultes: une nouvelle perspective (Law and criminology);RDF50;Social sciences;0.4511200189590454;RDF20-21;Engineering and technology;0.14376480877399445;RDF30;Medical, health and life sciences;0.12357046455144882;RDF505;Law and legal practice;0.9114165306091309;RDF201;Civil engineering, maritime engineering, transport engineering, and mining engineering;0.35798826813697815;RDF504;Sociology and related studies;0.24341754615306854;RDF509;Other social sciences;0.19521023333072662;RDF604;Arts (arts, history of arts, performing arts, music), architecture and design;0.16803622245788574
142;Mégadonnées et techniques avancées démystifiées;RDF20-21;Engineering and technology;0.44786691665649414;RDF60;Humanities and the arts;0.16532514989376068;RDF30;Medical, health and life sciences;0.1600724309682846;RDF102;Computer and information sciences;0.95735764503479;RDF104;Chemical sciences;0.93475341796875;RDF604;Arts (arts, history of arts, performing arts, music), architecture and design;0.9331268072128296;RDF202;Industrial, systems and processes engineering;0.8833366632461548;RDF105;Earth and related environmental sciences;0.872401773929596
143;Developing neurocomputational tools for the prediction and modulation of consciousness (Electrical and Computer Engineering);RDF20-21;Engineering and technology;0.8429096937179565;RDF30;Medical, health and life sciences;0.0534660741686821;RDF10;Natural sciences;0.03358916565775871;RDF102;Computer and information sciences;0.7171109318733215;RDF203;Electrical engineering, computer engineering, and information engineering;0.6916015148162842;RDF301;Basic medicine and life sciences;0.487063467502594;RDF106;Biological sciences;0.4333406090736389;RDF201;Civil engineering, maritime engineering, transport engineering, and mining engineering;0.26147234439849854
144;Description et analyse des interactions orales entre adulte (enseignante/parent) et enfant en lien avec les habiletés narratives lors de la lecture d'albums plurilingues dans une perspective de collaboration école-famille en milieu pluriethnique (Education and social work);RDF50;Social sciences;0.8293401598930359;RDF60;Humanities and the arts;0.051537517458200455;RDF40;Agricultural and veterinary sciences;0.03737570717930794;RDF503;Education;0.9042285084724426;RDF604;Arts (arts, history of arts, performing arts, music), architecture and design;0.427471399307251;RDF602;Languages and literature;0.35616669058799744;RDF305;Other medical sciences;0.1261378973722458;RDF107;Other natural sciences;0.10114465653896332
145;Contribuer au développement d'écoles plus justes et inclusives du personnel scolaire de groupes racisés : quels cadres de référence éthique pour les directions d'établissement d'enseignement? (Education and social work);RDF50;Social sciences;0.7565503120422363;RDF20-21;Engineering and technology;0.08987303078174591;RDF40;Agricultural and veterinary sciences;0.0541393905878067;RDF503;Education;0.9979007244110107;RDF504;Sociology and related studies;0.21157966554164886;RDF507;Social and economic geography;0.09326426684856415;RDF604;Arts (arts, history of arts, performing arts, music), architecture and design;0.07633879780769348;RDF201;Civil engineering, maritime engineering, transport engineering, and mining engineering;0.06632687151432037
146;Manipulating methionine metabolism to shape immune responses and modify disease progression in both sexes in MS (Systems & Circuits Neurosciences);RDF30;Medical, health and life sciences;0.6334838271141052;RDF20-21;Engineering and technology;0.20904108881950378;RDF10;Natural sciences;0.060144029557704926;RDF106;Biological sciences;0.9182239770889282;RDF301;Basic medicine and life sciences;0.8618291616439819;RDF104;Chemical sciences;0.6798964738845825;RDF207;Medical and biomedical engineering;0.5932558178901672;RDF304;Medical biotechnology;0.3871978223323822
147;Lymphatic vessel function in atherosclerosis (Clinical Investigation – Cardiovascular Systems);RDF30;Medical, health and life sciences;0.7870619297027588;RDF20-21;Engineering and technology;0.13770902156829834;RDF10;Natural sciences;0.02748979441821575;RDF302;Clinical medicine;0.9886134266853333;RDF303;Health sciences;0.9248235821723938;RDF301;Basic medicine and life sciences;0.9090225100517273;RDF104;Chemical sciences;0.8576489090919495;RDF103;Physical sciences;0.8409132957458496
148;Théorie de l'improvisation comme pratique de vulnérabilité en recherche-création (Literature);RDF60;Humanities and the arts;0.428659051656723;RDF20-21;Engineering and technology;0.38125723600387573;RDF50;Social sciences;0.07246284186840057;RDF604;Arts (arts, history of arts, performing arts, music), architecture and design;0.933854341506958;RDF104;Chemical sciences;0.8657925128936768;RDF503;Education;0.5762820839881897;RDF602;Languages and literature;0.5357361435890198;RDF201;Civil engineering, maritime engineering, transport engineering, and mining engineering;0.5194299221038818
149;Potentialiser le leadership normatif de l'Organisation mondiale de la santé: une étude internationale (Law and criminology);RDF20-21;Engineering and technology;0.303810715675354;RDF50;Social sciences;0.2539673447608948;RDF30;Medical, health and life sciences;0.13402757048606873;RDF505;Law and legal practice;0.9078855514526367;RDF201;Civil engineering, maritime engineering, transport engineering, and mining engineering;0.512936532497406;RDF301;Basic medicine and life sciences;0.42248228192329407;RDF506;Political science and policy administration;0.13546065986156464;RDF305;Other medical sciences;0.10790661722421646
150;PARCS en Santé: Contrôler les agents pathogènes transmis par les tiques tout en protégeant la biodiversité des parcs nature péri-urbains;RDF30;Medical, health and life sciences;0.4310727119445801;RDF40;Agricultural and veterinary sciences;0.1830185055732727;RDF10;Natural sciences;0.1515795737504959;RDF104;Chemical sciences;0.16749082505702972;RDF105;Earth and related environmental sciences;0.1666075885295868;RDF106;Biological sciences;0.15830442309379578;RDF208;Environmental engineering and related engineering;0.15823937952518463;RDF107;Other natural sciences;0.09739039838314056
151;Appréhender la colère sociale : une enquête comparative auprès des jeunes NEET au Québec et en Ontario (Sociology, demography and related fields);RDF50;Social sciences;0.5649731755256653;RDF20-21;Engineering and technology;0.12711720168590546;RDF40;Agricultural and veterinary sciences;0.08970053493976593;RDF504;Sociology and related studies;0.9083743095397949;RDF501;Psychology and cognitive sciences;0.5358878374099731;RDF509;Other social sciences;0.33388322591781616;RDF305;Other medical sciences;0.18075652420520782;RDF201;Civil engineering, maritime engineering, transport engineering, and mining engineering;0.17349815368652344
152;La professionnalisation des enseignants d'éducation physique et à la santé à l'école primaire et secondaire : l'enjeu stratégique du savoir professionnel au Québec et en Ontario (Education and social work);RDF50;Social sciences;0.48310860991477966;RDF20-21;Engineering and technology;0.13270480930805206;RDF30;Medical, health and life sciences;0.12988413870334625;RDF503;Education;0.9958255887031555;RDF103;Physical sciences;0.6246800422668457;RDF104;Chemical sciences;0.20434188842773438;RDF301;Basic medicine and life sciences;0.1881001591682434;RDF201;Civil engineering, maritime engineering, transport engineering, and mining engineering;0.07450025528669357
153;Two-phase flow numerical model development based on experimental characterization (Mechanical Engineering);RDF20-21;Engineering and technology;0.7727454900741577;RDF40;Agricultural and veterinary sciences;0.08339858055114746;RDF10;Natural sciences;0.055950164794921875;RDF204;Mechanical engineering;0.9871788024902344;RDF103;Physical sciences;0.8591918349266052;RDF201;Civil engineering, maritime engineering, transport engineering, and mining engineering;0.8484706282615662;RDF102;Computer and information sciences;0.7873185873031616;RDF104;Chemical sciences;0.6914452910423279
154;Idea vitality and group idea elaboration;RDF60;Humanities and the arts;0.2347656935453415;RDF20-21;Engineering and technology;0.20403021574020386;RDF30;Medical, health and life sciences;0.1959087997674942;RDF604;Arts (arts, history of arts, performing arts, music), architecture and design;0.8980088233947754;RDF201;Civil engineering, maritime engineering, transport engineering, and mining engineering;0.8487216234207153;RDF202;Industrial, systems and processes engineering;0.8235414028167725;RDF503;Education;0.8089743852615356;RDF504;Sociology and related studies;0.7724877595901489
155;La réorganisation des services institutionnels et communautaires auprès des personnes en situation d'itinérance et les besoins des personnes en situation d'itinérance pour faire face à la pandémie de COVID-19;RDF30;Medical, health and life sciences;0.27353760600090027;RDF20-21;Engineering and technology;0.18203748762607574;RDF40;Agricultural and veterinary sciences;0.17067471146583557;RDF303;Health sciences;0.61921226978302;RDF504;Sociology and related studies;0.5381186604499817;RDF301;Basic medicine and life sciences;0.3727477788925171;RDF509;Other social sciences;0.23863887786865234;RDF201;Civil engineering, maritime engineering, transport engineering, and mining engineering;0.18425321578979492
156;Contribution of 17beta-estradiol in pregnancy-related cardiac arrhythmias (Cardiovascular System – Cells and Tissues);RDF30;Medical, health and life sciences;0.7654199600219727;RDF10;Natural sciences;0.08225077390670776;RDF20-21;Engineering and technology;0.07795430719852448;RDF303;Health sciences;0.977240800857544;RDF302;Clinical medicine;0.9590010046958923;RDF301;Basic medicine and life sciences;0.933612585067749;RDF106;Biological sciences;0.85542893409729;RDF104;Chemical sciences;0.8231862783432007
157;Le vivant à l'aune de l'Anthropocène. Étude des enjeux matériels, sociaux, culturels, éthiques et épistémologiques des représentations du vivant et des imaginaires sociotechniques des biotechnologies (Mutidisciplinary or interdisciplinary social sciences);RDF50;Social sciences;0.3212478756904602;RDF20-21;Engineering and technology;0.20345115661621094;RDF10;Natural sciences;0.1776266247034073;RDF509;Other social sciences;0.8958420753479004;RDF106;Biological sciences;0.566977858543396;RDF601;History, archaeology and related studies;0.42518189549446106;RDF504;Sociology and related studies;0.3167389929294586;RDF301;Basic medicine and life sciences;0.2356356382369995
158;Connectivité intelligente des véhicules urbains dans un réseau hétérogène d'ondes millimétriques (Electrical and Computer Engineering);RDF20-21;Engineering and technology;0.9175954461097717;RDF40;Agricultural and veterinary sciences;0.023401761427521706;RDF10;Natural sciences;0.02116238698363304;RDF203;Electrical engineering, computer engineering, and information engineering;0.726668119430542;RDF201;Civil engineering, maritime engineering, transport engineering, and mining engineering;0.534278392791748;RDF102;Computer and information sciences;0.40617725253105164;RDF104;Chemical sciences;0.14235107600688934;RDF202;Industrial, systems and processes engineering;0.11013572663068771
159;How spokespersons stand for, act for, and speak for a collective: Understanding the communicative inner workings of political representation and its organizing effects (Communications, media studies, gender studies, library and information science, related fields);RDF50;Social sciences;0.4528244733810425;RDF20-21;Engineering and technology;0.16805538535118103;RDF40;Agricultural and veterinary sciences;0.11494005471467972;RDF508;Media and communications;0.8694376945495605;RDF504;Sociology and related studies;0.3913768529891968;RDF506;Political science and policy administration;0.31949281692504883;RDF305;Other medical sciences;0.1489114910364151;RDF509;Other social sciences;0.11626139283180237
160;Coconstruire un modèle théorique de l'objection de conscience : approfondir sa compréhension afin de mieux l'intégrer à la formation et la pratique infirmière;RDF30;Medical, health and life sciences;0.3632056415081024;RDF50;Social sciences;0.33605384826660156;RDF20-21;Engineering and technology;0.10537035763263702;RDF303;Health sciences;0.7947834730148315;RDF603;Philosophy;0.68642258644104;RDF301;Basic medicine and life sciences;0.6683934330940247;RDF503;Education;0.5261905789375305;RDF504;Sociology and related studies;0.3661080002784729
161;Acceptability, user experience and effect of a new mobile app, 'OUPS!', a FemTech solution designed for the treatment of urinary incontinence in menopausal women: a mixed method study;RDF30;Medical, health and life sciences;0.5222012400627136;RDF20-21;Engineering and technology;0.35196149349212646;RDF10;Natural sciences;0.03630797564983368;RDF303;Health sciences;0.9703524708747864;RDF504;Sociology and related studies;0.7904494404792786;RDF301;Basic medicine and life sciences;0.731250524520874;RDF302;Clinical medicine;0.7249189615249634;RDF102;Computer and information sciences;0.690872073173523
162;Traduction et journalisme/Translation and Journalism/Traducción y periodismo;RDF20-21;Engineering and technology;0.4152885377407074;RDF60;Humanities and the arts;0.1402294784784317;RDF40;Agricultural and veterinary sciences;0.12588515877723694;RDF508;Media and communications;0.9210031032562256;RDF604;Arts (arts, history of arts, performing arts, music), architecture and design;0.7783125042915344;RDF104;Chemical sciences;0.7714993953704834;RDF201;Civil engineering, maritime engineering, transport engineering, and mining engineering;0.7158214449882507;RDF105;Earth and related environmental sciences;0.6430912017822266
163;Réponse différentielle à l'évaluation formelle en protection de la jeunesse en contexte de diversité ethnoculturelle: portrait de la situation et perspectives des familles et des intervenants (Education and social work);RDF50;Social sciences;0.7836703658103943;RDF20-21;Engineering and technology;0.07071904838085175;RDF60;Humanities and the arts;0.04941808804869652;RDF503;Education;0.9127088785171509;RDF504;Sociology and related studies;0.5084220170974731;RDF509;Other social sciences;0.17085358500480652;RDF604;Arts (arts, history of arts, performing arts, music), architecture and design;0.10641170293092728;RDF507;Social and economic geography;0.09560246765613556
164;Grey box optimization (Civil, Industrial and Systems Engineering);RDF20-21;Engineering and technology;0.7394127249717712;RDF40;Agricultural and veterinary sciences;0.08328450471162796;RDF10;Natural sciences;0.05299057438969612;RDF102;Computer and information sciences;0.9793540239334106;RDF201;Civil engineering, maritime engineering, transport engineering, and mining engineering;0.8996956944465637;RDF202;Industrial, systems and processes engineering;0.884139358997345;RDF104;Chemical sciences;0.8804377913475037;RDF103;Physical sciences;0.3816516101360321
165;Polymers for realizing energetic materials with tailored performance (Materials and Chemical Engineering);RDF20-21;Engineering and technology;0.7285690307617188;RDF40;Agricultural and veterinary sciences;0.09163746237754822;RDF10;Natural sciences;0.0570659339427948;RDF104;Chemical sciences;0.8158935308456421;RDF201;Civil engineering, maritime engineering, transport engineering, and mining engineering;0.7229673266410828;RDF103;Physical sciences;0.6521583795547485;RDF202;Industrial, systems and processes engineering;0.6089919805526733;RDF105;Earth and related environmental sciences;0.3840743601322174
166;How does the interplay between mandatory and voluntary regulation shape industry practice change for the better?;RDF20-21;Engineering and technology;0.4171408414840698;RDF40;Agricultural and veterinary sciences;0.2212698757648468;RDF50;Social sciences;0.2103734165430069;RDF202;Industrial, systems and processes engineering;0.9836912751197815;RDF502;Economics and business administration;0.9525299668312073;RDF401;Agriculture, forestry, and fisheries;0.8886622786521912;RDF201;Civil engineering, maritime engineering, transport engineering, and mining engineering;0.8766343593597412;RDF104;Chemical sciences;0.860251784324646
167;Unité de liaison pour la recherche internationale sur le conseil scientifique;RDF20-21;Engineering and technology;0.45145726203918457;RDF30;Medical, health and life sciences;0.22684074938297272;RDF40;Agricultural and veterinary sciences;0.11619884520769119;RDF105;Earth and related environmental sciences;0.9333093762397766;RDF103;Physical sciences;0.9002231955528259;RDF104;Chemical sciences;0.861596405506134;RDF202;Industrial, systems and processes engineering;0.8521990180015564;RDF102;Computer and information sciences;0.8443448543548584
168;La téléologie naturelle au 18e siècle (Philosophy);RDF60;Humanities and the arts;0.4027077853679657;RDF20-21;Engineering and technology;0.3157804310321808;RDF10;Natural sciences;0.16179756820201874;RDF603;Philosophy;0.9383503794670105;RDF604;Arts (arts, history of arts, performing arts, music), architecture and design;0.7191618084907532;RDF202;Industrial, systems and processes engineering;0.6915233731269836;RDF106;Biological sciences;0.6816473603248596;RDF105;Earth and related environmental sciences;0.6295042037963867
169;Mouvements sociaux, droits sociaux et démocratie. Une théorie normative (Philosophy);RDF60;Humanities and the arts;0.31666961312294006;RDF20-21;Engineering and technology;0.18122756481170654;RDF50;Social sciences;0.17108085751533508;RDF603;Philosophy;0.9771537780761719;RDF201;Civil engineering, maritime engineering, transport engineering, and mining engineering;0.32611045241355896;RDF604;Arts (arts, history of arts, performing arts, music), architecture and design;0.22333472967147827;RDF601;History, archaeology and related studies;0.09203285723924637;RDF104;Chemical sciences;0.09065494686365128
170;Modeling the thermodynamic and physical properties of Deep Eutectic Solvents (Materials and Chemical Engineering);RDF20-21;Engineering and technology;0.6762123107910156;RDF10;Natural sciences;0.1269015371799469;RDF40;Agricultural and veterinary sciences;0.09813374280929565;RDF103;Physical sciences;0.9233853220939636;RDF104;Chemical sciences;0.911613404750824;RDF105;Earth and related environmental sciences;0.6799761056900024;RDF205;Chemical engineering;0.6170512437820435;RDF201;Civil engineering, maritime engineering, transport engineering, and mining engineering;0.5923092365264893
171;La qualité des relations employé-superviseur : Un modèle processuel des antécédents, conséquences, et modérateurs des évaluations comparatives;RDF50;Social sciences;0.31797027587890625;RDF20-21;Engineering and technology;0.2304837852716446;RDF40;Agricultural and veterinary sciences;0.1586412638425827;RDF502;Economics and business administration;0.9790758490562439;RDF504;Sociology and related studies;0.8857303261756897;RDF202;Industrial, systems and processes engineering;0.8116759657859802;RDF501;Psychology and cognitive sciences;0.5840561985969543;RDF101;Mathematics and statistics;0.5111675262451172
172;Mathésis, mimésis, sémiosis : la littérarité des genres populaires dans les littératures francophones d'Afrique subsaharienne, du Maghreb et des Caraïbes (Literature);RDF60;Humanities and the arts;0.657256007194519;RDF20-21;Engineering and technology;0.1266704946756363;RDF40;Agricultural and veterinary sciences;0.06501363962888718;RDF602;Languages and literature;0.9635062217712402;RDF604;Arts (arts, history of arts, performing arts, music), architecture and design;0.6731379628181458;RDF301;Basic medicine and life sciences;0.22465023398399353;RDF104;Chemical sciences;0.09235979616641998;RDF605;Other humanities;0.0876418948173523
173;Regime Change and Resilience of Maya peoples at the end of the Classic period (ca. 800-1000 CE) (Anthropology and archaeology);RDF20-21;Engineering and technology;0.20569780468940735;RDF60;Humanities and the arts;0.20369881391525269;RDF10;Natural sciences;0.20014946162700653;RDF601;History, archaeology and related studies;0.9618575572967529;RDF509;Other social sciences;0.36263057589530945;RDF201;Civil engineering, maritime engineering, transport engineering, and mining engineering;0.13609090447425842;RDF107;Other natural sciences;0.11446747183799744;RDF106;Biological sciences;0.10725031793117523
174;Recommendations for culturally sensitive and intersectional practice in suicide prevention intervention for public safety personnel : a qualitative approach (Crisis/Suicide Line and App-based Support Models for post traum. stress in public safety personnel (PSP));RDF30;Medical, health and life sciences;0.4666697382926941;RDF50;Social sciences;0.20409700274467468;RDF60;Humanities and the arts;0.0954250916838646;RDF303;Health sciences;0.6158390045166016;RDF504;Sociology and related studies;0.5685655474662781;RDF501;Psychology and cognitive sciences;0.4063906967639923;RDF509;Other social sciences;0.2788946330547333;RDF104;Chemical sciences;0.22841458022594452
175;Varieties of Valuings (Philosophy);RDF60;Humanities and the arts;0.4099282920360565;RDF50;Social sciences;0.1820378601551056;RDF20-21;Engineering and technology;0.11909223347902298;RDF603;Philosophy;0.9428760409355164;RDF201;Civil engineering, maritime engineering, transport engineering, and mining engineering;0.7128322720527649;RDF104;Chemical sciences;0.6439872980117798;RDF604;Arts (arts, history of arts, performing arts, music), architecture and design;0.44281718134880066;RDF202;Industrial, systems and processes engineering;0.2975209653377533
176;Pilotage en temps réel des systèmes à l'ère de l'industrie 4.0 (Civil, Industrial and Systems Engineering);RDF20-21;Engineering and technology;0.8167487382888794;RDF40;Agricultural and veterinary sciences;0.07327347248792648;RDF50;Social sciences;0.03786557912826538;RDF102;Computer and information sciences;0.9193533658981323;RDF202;Industrial, systems and processes engineering;0.917635440826416;RDF201;Civil engineering, maritime engineering, transport engineering, and mining engineering;0.7394930124282837;RDF203;Electrical engineering, computer engineering, and information engineering;0.4845629930496216;RDF104;Chemical sciences;0.33304211497306824
177;Understanding Esophageal Atresia using Induced Pluripotent Stem Cells;RDF30;Medical, health and life sciences;0.6118950843811035;RDF20-21;Engineering and technology;0.20818683505058289;RDF10;Natural sciences;0.06999396532773972;RDF302;Clinical medicine;0.9771974086761475;RDF303;Health sciences;0.939024806022644;RDF104;Chemical sciences;0.9254997372627258;RDF103;Physical sciences;0.9212159514427185;RDF301;Basic medicine and life sciences;0.9076811671257019
178;Discovery and characterization of novel genetic-exchange and drug-resistance mechanisms in Leishmania parasites (Microbiology & Infectious Diseases);RDF30;Medical, health and life sciences;0.34627172350883484;RDF10;Natural sciences;0.30007585883140564;RDF40;Agricultural and veterinary sciences;0.16888301074504852;RDF106;Biological sciences;0.923316240310669;RDF104;Chemical sciences;0.7237001657485962;RDF301;Basic medicine and life sciences;0.5781616568565369;RDF107;Other natural sciences;0.22507576644420624;RDF305;Other medical sciences;0.2166738063097
179;From Perception and Learning to Understanding and Action (Computer Science);RDF20-21;Engineering and technology;0.7183589935302734;RDF50;Social sciences;0.07758572697639465;RDF60;Humanities and the arts;0.0688043087720871;RDF102;Computer and information sciences;0.9971550703048706;RDF503;Education;0.9052386283874512;RDF201;Civil engineering, maritime engineering, transport engineering, and mining engineering;0.7002546191215515;RDF203;Electrical engineering, computer engineering, and information engineering;0.5994265079498291;RDF202;Industrial, systems and processes engineering;0.5361307263374329
180;Novel mechanisms of theca cell growth in the ovarian follicle of cattle (Biological Systems and Functions);RDF10;Natural sciences;0.2791815996170044;RDF40;Agricultural and veterinary sciences;0.2740492522716522;RDF20-21;Engineering and technology;0.24137571454048157;RDF106;Biological sciences;0.9373829960823059;RDF402;Animal and dairy sciences;0.8690491914749146;RDF301;Basic medicine and life sciences;0.7944647669792175;RDF103;Physical sciences;0.772316038608551;RDF403;Veterinary sciences;0.7590022087097168
181;An OCT-controlled system for precise and reproducible subretinal drug injection in mice;RDF30;Medical, health and life sciences;0.44273003935813904;RDF20-21;Engineering and technology;0.35401079058647156;RDF40;Agricultural and veterinary sciences;0.10733641684055328;RDF302;Clinical medicine;0.920074462890625;RDF103;Physical sciences;0.9150529503822327;RDF104;Chemical sciences;0.911574125289917;RDF201;Civil engineering, maritime engineering, transport engineering, and mining engineering;0.8654516935348511;RDF202;Industrial, systems and processes engineering;0.8601930737495422
182;Bioenergetic role of astrocytes in neuronal plasticity and behaviour (Genes, Cells and Molecules);RDF10;Natural sciences;0.37953922152519226;RDF20-21;Engineering and technology;0.2620020806789398;RDF30;Medical, health and life sciences;0.20957589149475098;RDF106;Biological sciences;0.9707987308502197;RDF104;Chemical sciences;0.8734309077262878;RDF102;Computer and information sciences;0.8545815348625183;RDF301;Basic medicine and life sciences;0.8128673434257507;RDF103;Physical sciences;0.7783124446868896
183;In Democracy we trust, do we? (Sociology, demography and related fields);RDF50;Social sciences;0.6564850807189941;RDF20-21;Engineering and technology;0.10612677782773972;RDF10;Natural sciences;0.07083388417959213;RDF504;Sociology and related studies;0.8475266098976135;RDF201;Civil engineering, maritime engineering, transport engineering, and mining engineering;0.5200088620185852;RDF509;Other social sciences;0.1826440989971161;RDF107;Other natural sciences;0.10239443182945251;RDF305;Other medical sciences;0.0749729722738266
184;Minimally-invasive monitoring of renal health in reptiles (Biological Systems and Functions);RDF30;Medical, health and life sciences;0.3558864891529083;RDF10;Natural sciences;0.328338623046875;RDF40;Agricultural and veterinary sciences;0.15562720596790314;RDF106;Biological sciences;0.8334602117538452;RDF104;Chemical sciences;0.5601097941398621;RDF403;Veterinary sciences;0.5474262237548828;RDF103;Physical sciences;0.42572087049484253;RDF201;Civil engineering, maritime engineering, transport engineering, and mining engineering;0.3592517375946045
185;Le réenchantement à contretemps ? Irrationalité et postmodernité littéraire;RDF60;Humanities and the arts;0.5683599710464478;RDF20-21;Engineering and technology;0.19443988800048828;RDF40;Agricultural and veterinary sciences;0.06898356229066849;RDF604;Arts (arts, history of arts, performing arts, music), architecture and design;0.9664738178253174;RDF201;Civil engineering, maritime engineering, transport engineering, and mining engineering;0.723504900932312;RDF103;Physical sciences;0.7115311622619629;RDF104;Chemical sciences;0.6490783095359802;RDF102;Computer and information sciences;0.6260384917259216
186;Structure-functional property-device performance relationships in electronic and energy materials and devices;RDF20-21;Engineering and technology;0.7323074340820312;RDF50;Social sciences;0.07924684882164001;RDF40;Agricultural and veterinary sciences;0.06493254005908966;RDF102;Computer and information sciences;0.9694112539291382;RDF202;Industrial, systems and processes engineering;0.9686788320541382;RDF104;Chemical sciences;0.9416542053222656;RDF204;Mechanical engineering;0.867260754108429;RDF103;Physical sciences;0.8441522121429443
187;AI augmented pilot;RDF20-21;Engineering and technology;0.32444584369659424;RDF30;Medical, health and life sciences;0.2421695590019226;RDF40;Agricultural and veterinary sciences;0.18138769268989563;RDF102;Computer and information sciences;0.9927952885627747;RDF604;Arts (arts, history of arts, performing arts, music), architecture and design;0.9663787484169006;RDF105;Earth and related environmental sciences;0.9491534233093262;RDF103;Physical sciences;0.8357518315315247;RDF302;Clinical medicine;0.8166258335113525
188;Transfert, appropriation et rétention des pratiques associées à l'approvisionnement valorisant l'innovation dans le réseau québécois de la santé : le cas de l'approche fonctionnelle;RDF30;Medical, health and life sciences;0.43507349491119385;RDF20-21;Engineering and technology;0.3603365421295166;RDF50;Social sciences;0.07808060199022293;RDF303;Health sciences;0.93475341796875;RDF504;Sociology and related studies;0.7871959805488586;RDF302;Clinical medicine;0.6787795424461365;RDF301;Basic medicine and life sciences;0.6621140837669373;RDF104;Chemical sciences;0.5393320322036743
189;Le patrimoine des groupes ethnoculturels de Montréal: le cas de Montréal-Nord;RDF60;Humanities and the arts;0.2427220493555069;RDF40;Agricultural and veterinary sciences;0.1789720207452774;RDF20-21;Engineering and technology;0.1768869310617447;RDF504;Sociology and related studies;0.42078182101249695;RDF604;Arts (arts, history of arts, performing arts, music), architecture and design;0.1809011697769165;RDF601;History, archaeology and related studies;0.15546272695064545;RDF509;Other social sciences;0.1516549438238144;RDF104;Chemical sciences;0.11491367965936661
190;Documenting forager adaptations to dramatic climate change at the Pleistocene-Holocene transition in Liguria (Italy) (Anthropology and archaeology);RDF20-21;Engineering and technology;0.3090866804122925;RDF60;Humanities and the arts;0.2372165471315384;RDF10;Natural sciences;0.18968039751052856;RDF601;History, archaeology and related studies;0.9221675395965576;RDF105;Earth and related environmental sciences;0.7267650961875916;RDF106;Biological sciences;0.25534364581108093;RDF509;Other social sciences;0.2089042365550995;RDF107;Other natural sciences;0.1956709325313568
191;Abordabilité intégrée: état des connaissances sur les interactions entre coûts d'habitation et de transport;RDF20-21;Engineering and technology;0.44484809041023254;RDF30;Medical, health and life sciences;0.14498627185821533;RDF40;Agricultural and veterinary sciences;0.1369689553976059;RDF201;Civil engineering, maritime engineering, transport engineering, and mining engineering;0.9271986484527588;RDF202;Industrial, systems and processes engineering;0.861363410949707;RDF502;Economics and business administration;0.8303878903388977;RDF102;Computer and information sciences;0.8070808053016663;RDF104;Chemical sciences;0.7067220211029053
192;High definition digital microscope for accelerating Québec entomological research (Environmental Sciences);RDF20-21;Engineering and technology;0.6413465142250061;RDF10;Natural sciences;0.14635436236858368;RDF40;Agricultural and veterinary sciences;0.09528110921382904;RDF105;Earth and related environmental sciences;0.8161134123802185;RDF201;Civil engineering, maritime engineering, transport engineering, and mining engineering;0.37086600065231323;RDF208;Environmental engineering and related engineering;0.15259966254234314;RDF106;Biological sciences;0.1138748824596405;RDF211;Nano-technology;0.07456762343645096
193;Envisioning and Enacting UX Evaluation of Augmented Reality: A Multimethod Approach (Civil, Industrial and Systems Engineering);RDF20-21;Engineering and technology;0.9088312387466431;RDF40;Agricultural and veterinary sciences;0.026834771037101746;RDF10;Natural sciences;0.02188052609562874;RDF102;Computer and information sciences;0.9432953596115112;RDF201;Civil engineering, maritime engineering, transport engineering, and mining engineering;0.8086345195770264;RDF202;Industrial, systems and processes engineering;0.4346862733364105;RDF212;Other engineering and technologies;0.2495843917131424;RDF604;Arts (arts, history of arts, performing arts, music), architecture and design;0.2362958788871765
194;Kinematic-specific proprioceptive stimulations to better understand sensory control of gait movements (Mechanical Engineering);RDF20-21;Engineering and technology;0.6784218549728394;RDF30;Medical, health and life sciences;0.12267814576625824;RDF40;Agricultural and veterinary sciences;0.07348733395338058;RDF204;Mechanical engineering;0.991118311882019;RDF201;Civil engineering, maritime engineering, transport engineering, and mining engineering;0.7759445309638977;RDF302;Clinical medicine;0.5974501371383667;RDF104;Chemical sciences;0.4453561305999756;RDF503;Education;0.43415388464927673
195;Attentional processes in the human insula (Biological Systems and Functions);RDF20-21;Engineering and technology;0.3515719175338745;RDF10;Natural sciences;0.2536608874797821;RDF30;Medical, health and life sciences;0.21467560529708862;RDF202;Industrial, systems and processes engineering;0.9289907813072205;RDF301;Basic medicine and life sciences;0.6776873469352722;RDF106;Biological sciences;0.6035084128379822;RDF201;Civil engineering, maritime engineering, transport engineering, and mining engineering;0.565628707408905;RDF501;Psychology and cognitive sciences;0.28066566586494446
196;Towards More Autonomous and Safer Unmanned Aerial Vehicle Systems (Mechanical Engineering);RDF20-21;Engineering and technology;0.8643031716346741;RDF40;Agricultural and veterinary sciences;0.03634215518832207;RDF10;Natural sciences;0.028581051155924797;RDF204;Mechanical engineering;0.9956005811691284;RDF201;Civil engineering, maritime engineering, transport engineering, and mining engineering;0.8305254578590393;RDF104;Chemical sciences;0.15127839148044586;RDF202;Industrial, systems and processes engineering;0.10753115266561508;RDF102;Computer and information sciences;0.07661468535661697
197;Subsea and terrestrial permafrost of the central and eastern Canadian Arctic Archipelago (Geosciences);RDF20-21;Engineering and technology;0.35425877571105957;RDF10;Natural sciences;0.23007076978683472;RDF40;Agricultural and veterinary sciences;0.18146854639053345;RDF105;Earth and related environmental sciences;0.9769567847251892;RDF201;Civil engineering, maritime engineering, transport engineering, and mining engineering;0.39290449023246765;RDF604;Arts (arts, history of arts, performing arts, music), architecture and design;0.18616902828216553;RDF301;Basic medicine and life sciences;0.14694206416606903;RDF208;Environmental engineering and related engineering;0.08479540795087814
198;Global Centers Track 2: Heat Adaptation;RDF20-21;Engineering and technology;0.5900902152061462;RDF40;Agricultural and veterinary sciences;0.13321897387504578;RDF30;Medical, health and life sciences;0.09377703070640564;RDF202;Industrial, systems and processes engineering;0.9148248434066772;RDF103;Physical sciences;0.9117314219474792;RDF201;Civil engineering, maritime engineering, transport engineering, and mining engineering;0.9084962010383606;RDF104;Chemical sciences;0.9042707681655884;RDF102;Computer and information sciences;0.8839390873908997
199;Immunovirological determinants of breakthrough COVID-19 disease in vaccinated or previously infected individuals (Virology & Viral Pathogenesis);RDF30;Medical, health and life sciences;0.6376368403434753;RDF40;Agricultural and veterinary sciences;0.09903410077095032;RDF10;Natural sciences;0.09056870639324188;RDF303;Health sciences;0.8896726965904236;RDF301;Basic medicine and life sciences;0.8757870197296143;RDF106;Biological sciences;0.6909762620925903;RDF104;Chemical sciences;0.36687323451042175;RDF305;Other medical sciences;0.21535074710845947
200;Hormonal control of stamen filament growth;RDF30;Medical, health and life sciences;0.44641074538230896;RDF20-21;Engineering and technology;0.18222521245479584;RDF40;Agricultural and veterinary sciences;0.15897846221923828;RDF104;Chemical sciences;0.9677472710609436;RDF302;Clinical medicine;0.9630919694900513;RDF103;Physical sciences;0.9476723670959473;RDF202;Industrial, systems and processes engineering;0.8499088883399963;RDF106;Biological sciences;0.8374205827713013
201;Investigate features and dynamics of intron RNP biology and its role in modulating RNA metabolism (Biochemistry & Molecular Biology);RDF20-21;Engineering and technology;0.5013608336448669;RDF10;Natural sciences;0.3146640956401825;RDF40;Agricultural and veterinary sciences;0.07107337564229965;RDF106;Biological sciences;0.9524857997894287;RDF103;Physical sciences;0.8890963196754456;RDF301;Basic medicine and life sciences;0.8672045469284058;RDF104;Chemical sciences;0.7827455401420593;RDF107;Other natural sciences;0.17455095052719116
202;CircRNAome in childhood TCF3-PBX1 ALL: Biomaker potential and mechanisms of circRNA dysregulation and function;RDF30;Medical, health and life sciences;0.42252248525619507;RDF10;Natural sciences;0.22789205610752106;RDF40;Agricultural and veterinary sciences;0.1361387073993683;RDF301;Basic medicine and life sciences;0.8363541960716248;RDF106;Biological sciences;0.8236832022666931;RDF104;Chemical sciences;0.7711548805236816;RDF103;Physical sciences;0.6796572804450989;RDF302;Clinical medicine;0.6726812124252319
203;Additive manufacturing technologies for high-performance and high-productivity of multifunctional composite structures and their sustainability for aerospace applications;RDF20-21;Engineering and technology;0.843074381351471;RDF10;Natural sciences;0.05925094336271286;RDF40;Agricultural and veterinary sciences;0.036184024065732956;RDF204;Mechanical engineering;0.9936487674713135;RDF202;Industrial, systems and processes engineering;0.9606943726539612;RDF104;Chemical sciences;0.9452479481697083;RDF201;Civil engineering, maritime engineering, transport engineering, and mining engineering;0.631722092628479;RDF103;Physical sciences;0.41713792085647583
204;Computational methods and frameworks for unsupervised machine learning;RDF20-21;Engineering and technology;0.6932131052017212;RDF40;Agricultural and veterinary sciences;0.10084684938192368;RDF10;Natural sciences;0.06140611320734024;RDF102;Computer and information sciences;0.994810163974762;RDF104;Chemical sciences;0.9079671502113342;RDF202;Industrial, systems and processes engineering;0.8898642659187317;RDF203;Electrical engineering, computer engineering, and information engineering;0.8011202216148376;RDF201;Civil engineering, maritime engineering, transport engineering, and mining engineering;0.7872368097305298
205;Au coeur du cosmos TRYSPACES: Colloque, exposition et bibliothèque numérique;RDF20-21;Engineering and technology;0.6248383522033691;RDF30;Medical, health and life sciences;0.14661145210266113;RDF60;Humanities and the arts;0.07510150223970413;RDF604;Arts (arts, history of arts, performing arts, music), architecture and design;0.9440222382545471;RDF102;Computer and information sciences;0.9395260810852051;RDF104;Chemical sciences;0.9308992624282837;RDF103;Physical sciences;0.8814108967781067;RDF202;Industrial, systems and processes engineering;0.8287310004234314
206;Understanding Attitudes toward Artists with a Physical Disability;RDF60;Humanities and the arts;0.675652265548706;RDF50;Social sciences;0.1166963204741478;RDF20-21;Engineering and technology;0.09531454741954803;RDF604;Arts (arts, history of arts, performing arts, music), architecture and design;0.9786922931671143;RDF503;Education;0.6336936950683594;RDF103;Physical sciences;0.4291812479496002;RDF201;Civil engineering, maritime engineering, transport engineering, and mining engineering;0.2649284899234772;RDF509;Other social sciences;0.2576249837875366
207;Non-target analysis of radicals in sonochemical and advanced oxidation processes (AOPs) (Materials and Chemical Engineering);RDF20-21;Engineering and technology;0.713171124458313;RDF10;Natural sciences;0.11762190610170364;RDF40;Agricultural and veterinary sciences;0.08295964449644089;RDF104;Chemical sciences;0.8557306528091431;RDF103;Physical sciences;0.6323183178901672;RDF205;Chemical engineering;0.46513694524765015;RDF201;Civil engineering, maritime engineering, transport engineering, and mining engineering;0.3444709777832031;RDF106;Biological sciences;0.25501886010169983
208;La cyberviolence dans les relations amoureuses des jeunes : identifier les facteurs de risque et de protection ainsi que leurs impacts différenciés selon le genre;RDF50;Social sciences;0.3562622666358948;RDF30;Medical, health and life sciences;0.1865035891532898;RDF20-21;Engineering and technology;0.15311431884765625;RDF504;Sociology and related studies;0.8262215852737427;RDF501;Psychology and cognitive sciences;0.7393283247947693;RDF505;Law and legal practice;0.48255103826522827;RDF102;Computer and information sciences;0.4372001588344574;RDF503;Education;0.31289464235305786
209;"""Sentometrics"": Econometrics of textual sentiment with applications in economics and finance";RDF20-21;Engineering and technology;0.2734634578227997;RDF40;Agricultural and veterinary sciences;0.22615636885166168;RDF50;Social sciences;0.199777290225029;RDF201;Civil engineering, maritime engineering, transport engineering, and mining engineering;0.7844429016113281;RDF604;Arts (arts, history of arts, performing arts, music), architecture and design;0.7758596539497375;RDF104;Chemical sciences;0.6626600623130798;RDF502;Economics and business administration;0.5863156318664551;RDF105;Earth and related environmental sciences;0.413195937871933
210;Clean Energy transition, Market Design and Industry Dynamics;RDF20-21;Engineering and technology;0.4384954273700714;RDF40;Agricultural and veterinary sciences;0.23095805943012238;RDF30;Medical, health and life sciences;0.11981945484876633;RDF202;Industrial, systems and processes engineering;0.969613254070282;RDF104;Chemical sciences;0.9294403791427612;RDF201;Civil engineering, maritime engineering, transport engineering, and mining engineering;0.8341368436813354;RDF401;Agriculture, forestry, and fisheries;0.7594038844108582;RDF502;Economics and business administration;0.5758395791053772
211;Conférence de l'International Society for the Study of Drug Policy;RDF30;Medical, health and life sciences;0.4496045410633087;RDF20-21;Engineering and technology;0.3188951909542084;RDF50;Social sciences;0.07752154022455215;RDF104;Chemical sciences;0.9417613744735718;RDF106;Biological sciences;0.37154537439346313;RDF302;Clinical medicine;0.3530099093914032;RDF103;Physical sciences;0.33353036642074585;RDF505;Law and legal practice;0.29946357011795044
212;Methods development for the measurement of single-cell molecular state (Genes, Cells and Molecules);RDF20-21;Engineering and technology;0.524037778377533;RDF30;Medical, health and life sciences;0.2146974503993988;RDF10;Natural sciences;0.10979066789150238;RDF103;Physical sciences;0.9837381839752197;RDF104;Chemical sciences;0.9406808614730835;RDF106;Biological sciences;0.8740772604942322;RDF202;Industrial, systems and processes engineering;0.6504117250442505;RDF301;Basic medicine and life sciences;0.6415627598762512
213;Multifunctional Engineering Structures via Embodied Intelligence;RDF20-21;Engineering and technology;0.784713864326477;RDF40;Agricultural and veterinary sciences;0.06568367034196854;RDF50;Social sciences;0.04388313367962837;RDF202;Industrial, systems and processes engineering;0.9770445227622986;RDF102;Computer and information sciences;0.9704366326332092;RDF201;Civil engineering, maritime engineering, transport engineering, and mining engineering;0.9039321541786194;RDF104;Chemical sciences;0.7463238835334778;RDF404;Agricultural biotechnology and food sciences;0.41295456886291504
214;Spin waves in ferromagnetic metallic wires (Physics);RDF20-21;Engineering and technology;0.7137631773948669;RDF10;Natural sciences;0.11178164184093475;RDF40;Agricultural and veterinary sciences;0.06018400937318802;RDF103;Physical sciences;0.9966036081314087;RDF104;Chemical sciences;0.9318355917930603;RDF201;Civil engineering, maritime engineering, transport engineering, and mining engineering;0.7761567234992981;RDF202;Industrial, systems and processes engineering;0.7201469540596008;RDF105;Earth and related environmental sciences;0.15655569732189178
215;Molecular Chronobiology and regulation of gene expression in dinoflagellates (Genes, Cells and Molecules);RDF10;Natural sciences;0.3520461320877075;RDF20-21;Engineering and technology;0.23870114982128143;RDF40;Agricultural and veterinary sciences;0.1720769703388214;RDF106;Biological sciences;0.9654788970947266;RDF104;Chemical sciences;0.9246876835823059;RDF103;Physical sciences;0.920074462890625;RDF301;Basic medicine and life sciences;0.8517062664031982;RDF107;Other natural sciences;0.3126322329044342
216;Combiner l’hypnose, la réalité virtuelle, la neurophysiologie et l’intelligence artificielle dans la gestion non-pharmacologique et personnalisée de la douleur chronique;RDF30;Medical, health and life sciences;0.4939984977245331;RDF20-21;Engineering and technology;0.3864207863807678;RDF50;Social sciences;0.04436168819665909;RDF102;Computer and information sciences;0.6452596187591553;RDF303;Health sciences;0.6044244766235352;RDF302;Clinical medicine;0.477340966463089;RDF301;Basic medicine and life sciences;0.4636719226837158;RDF501;Psychology and cognitive sciences;0.31153160333633423
217;Les théories inédites de la foi des penseurs dominicains des années 1250-1350 (Philosophy);RDF60;Humanities and the arts;0.4403208792209625;RDF50;Social sciences;0.15308375656604767;RDF20-21;Engineering and technology;0.12580034136772156;RDF603;Philosophy;0.9862709045410156;RDF601;History, archaeology and related studies;0.668853223323822;RDF604;Arts (arts, history of arts, performing arts, music), architecture and design;0.32780277729034424;RDF201;Civil engineering, maritime engineering, transport engineering, and mining engineering;0.1257079541683197;RDF301;Basic medicine and life sciences;0.10771875083446503
218;Computationally efficient multiphysics and multiscale modeling approaches applied to porous materials engineering;RDF20-21;Engineering and technology;0.7462294101715088;RDF40;Agricultural and veterinary sciences;0.07915284484624863;RDF10;Natural sciences;0.07306157797574997;RDF102;Computer and information sciences;0.9801483154296875;RDF104;Chemical sciences;0.9724670648574829;RDF202;Industrial, systems and processes engineering;0.9256343245506287;RDF201;Civil engineering, maritime engineering, transport engineering, and mining engineering;0.8438307046890259;RDF206;Materials engineering and resources engineering;0.6724123358726501
219;Marriage, Sorting, and Segregation Across U.S. Cities (Economics);RDF50;Social sciences;0.5987349152565002;RDF20-21;Engineering and technology;0.14332738518714905;RDF30;Medical, health and life sciences;0.07331177592277527;RDF502;Economics and business administration;0.9322068691253662;RDF104;Chemical sciences;0.7189398407936096;RDF504;Sociology and related studies;0.6665239334106445;RDF201;Civil engineering, maritime engineering, transport engineering, and mining engineering;0.5982718467712402;RDF101;Mathematics and statistics;0.5887870788574219
220;Highly versatile benchtop Flow Cytometry Analyzer (Materials and Chemical Engineering);RDF20-21;Engineering and technology;0.6120519638061523;RDF30;Medical, health and life sciences;0.18872737884521484;RDF40;Agricultural and veterinary sciences;0.10045282542705536;RDF202;Industrial, systems and processes engineering;0.8946053981781006;RDF103;Physical sciences;0.8229019045829773;RDF104;Chemical sciences;0.76047283411026;RDF206;Materials engineering and resources engineering;0.7167640924453735;RDF201;Civil engineering, maritime engineering, transport engineering, and mining engineering;0.7005363702774048
221;Analysis of Extreme Values;RDF20-21;Engineering and technology;0.2375667244195938;RDF40;Agricultural and veterinary sciences;0.18288396298885345;RDF60;Humanities and the arts;0.16151279211044312;RDF104;Chemical sciences;0.9490118622779846;RDF103;Physical sciences;0.9201104044914246;RDF202;Industrial, systems and processes engineering;0.8529354929924011;RDF502;Economics and business administration;0.8345417976379395;RDF201;Civil engineering, maritime engineering, transport engineering, and mining engineering;0.8321002721786499
222;Frontlines to Headlines: The Politics of Memory, War and the Press in interwar Germany (History);RDF20-21;Engineering and technology;0.28417542576789856;RDF60;Humanities and the arts;0.20598727464675903;RDF50;Social sciences;0.20072494447231293;RDF601;History, archaeology and related studies;0.9916033148765564;RDF201;Civil engineering, maritime engineering, transport engineering, and mining engineering;0.7213262319564819;RDF604;Arts (arts, history of arts, performing arts, music), architecture and design;0.6723585724830627;RDF102;Computer and information sciences;0.4892289340496063;RDF508;Media and communications;0.35585886240005493
223;Mechanistic Investigations of Nickel-Promoted C-Heteroatom Bond Making Reactions (Chemistry);RDF20-21;Engineering and technology;0.6479567289352417;RDF10;Natural sciences;0.17459754645824432;RDF40;Agricultural and veterinary sciences;0.09463200718164444;RDF104;Chemical sciences;0.9781771898269653;RDF103;Physical sciences;0.9650202989578247;RDF205;Chemical engineering;0.9177091717720032;RDF106;Biological sciences;0.8306627869606018;RDF204;Mechanical engineering;0.8255193829536438
224;Manipulated Procurement;RDF20-21;Engineering and technology;0.4093068242073059;RDF60;Humanities and the arts;0.17234095931053162;RDF40;Agricultural and veterinary sciences;0.13603368401527405;RDF102;Computer and information sciences;0.8859279155731201;RDF202;Industrial, systems and processes engineering;0.8649961352348328;RDF103;Physical sciences;0.8482193350791931;RDF104;Chemical sciences;0.8292847275733948;RDF105;Earth and related environmental sciences;0.7242612242698669
225;Functionalized Bilayer Graphene Devices: Achieving Selectivity and Sensitivity;RDF20-21;Engineering and technology;0.7052494883537292;RDF30;Medical, health and life sciences;0.15960656106472015;RDF40;Agricultural and veterinary sciences;0.05211480334401131;RDF102;Computer and information sciences;0.9942474365234375;RDF202;Industrial, systems and processes engineering;0.9691495299339294;RDF204;Mechanical engineering;0.9543079733848572;RDF104;Chemical sciences;0.9389128684997559;RDF103;Physical sciences;0.9195703864097595
226;Le rôle de la résilience sur la santé et le bien-être des équipes interprofessionnelles: validation d'une démarche managériale participative;RDF30;Medical, health and life sciences;0.44324538111686707;RDF50;Social sciences;0.17455478012561798;RDF20-21;Engineering and technology;0.16951505839824677;RDF502;Economics and business administration;0.8922812342643738;RDF504;Sociology and related studies;0.8681575655937195;RDF303;Health sciences;0.7387633323669434;RDF201;Civil engineering, maritime engineering, transport engineering, and mining engineering;0.6484454870223999;RDF509;Other social sciences;0.5791279673576355
227;Les jeunes en difficulté et faisant l'objet d'une double prise en charge judiciaire : parcours de vie, trajectoires dans les services et pratiques professionnelles (Law and criminology);RDF50;Social sciences;0.38809719681739807;RDF20-21;Engineering and technology;0.22199660539627075;RDF40;Agricultural and veterinary sciences;0.14744900166988373;RDF504;Sociology and related studies;0.12268078327178955;RDF505;Law and legal practice;0.1037486270070076;RDF509;Other social sciences;0.09033344686031342;RDF305;Other medical sciences;0.0643000528216362;RDF107;Other natural sciences;0.045183759182691574
228;"Before the ""Great Divide"": The Shared Language(s) of Art and Science in the Early Modern Period (Fine Arts, Research-Creation)";RDF60;Humanities and the arts;0.6955829858779907;RDF20-21;Engineering and technology;0.19689397513866425;RDF40;Agricultural and veterinary sciences;0.03278800845146179;RDF604;Arts (arts, history of arts, performing arts, music), architecture and design;0.9828397035598755;RDF104;Chemical sciences;0.6113457083702087;RDF602;Languages and literature;0.5882055163383484;RDF201;Civil engineering, maritime engineering, transport engineering, and mining engineering;0.5666181445121765;RDF601;History, archaeology and related studies;0.377684086561203
229;MID-INFRARED QUANTUM TECHNOLOGY FOR SENSING (MIRAQLS);RDF20-21;Engineering and technology;0.552188515663147;RDF30;Medical, health and life sciences;0.21252411603927612;RDF40;Agricultural and veterinary sciences;0.08826939016580582;RDF103;Physical sciences;0.9305845499038696;RDF102;Computer and information sciences;0.9092242121696472;RDF104;Chemical sciences;0.8481565713882446;RDF202;Industrial, systems and processes engineering;0.8006920218467712;RDF201;Civil engineering, maritime engineering, transport engineering, and mining engineering;0.7647159695625305
230;Exploiting minor histocompatibility antigens for personalized cancer immunotherapy (Cancer Progression & Therapeutics);RDF30;Medical, health and life sciences;0.618421733379364;RDF20-21;Engineering and technology;0.20224803686141968;RDF40;Agricultural and veterinary sciences;0.08511611074209213;RDF301;Basic medicine and life sciences;0.9406808614730835;RDF106;Biological sciences;0.9086583852767944;RDF303;Health sciences;0.9078855514526367;RDF104;Chemical sciences;0.862583339214325;RDF302;Clinical medicine;0.8233993649482727
231;Investment incentives in matching markets: on the foundations of competitive models (Economics);RDF50;Social sciences;0.29261404275894165;RDF20-21;Engineering and technology;0.2603834271430969;RDF40;Agricultural and veterinary sciences;0.2096329927444458;RDF502;Economics and business administration;0.9676556587219238;RDF201;Civil engineering, maritime engineering, transport engineering, and mining engineering;0.8113399147987366;RDF104;Chemical sciences;0.49170002341270447;RDF202;Industrial, systems and processes engineering;0.3362765610218048;RDF604;Arts (arts, history of arts, performing arts, music), architecture and design;0.3029578924179077
232;Advancing Machine Learning with Causal Models (Computer Science);RDF20-21;Engineering and technology;0.6234039068222046;RDF40;Agricultural and veterinary sciences;0.15963499248027802;RDF30;Medical, health and life sciences;0.06819041073322296;RDF102;Computer and information sciences;0.9976586699485779;RDF104;Chemical sciences;0.8729984760284424;RDF201;Civil engineering, maritime engineering, transport engineering, and mining engineering;0.8225813508033752;RDF203;Electrical engineering, computer engineering, and information engineering;0.6612395644187927;RDF202;Industrial, systems and processes engineering;0.6156007051467896
233;The Brahma Kumari Tradition in Canada and the United States (Medieval, classics, religious studies);RDF60;Humanities and the arts;0.2929557263851166;RDF40;Agricultural and veterinary sciences;0.15302594006061554;RDF50;Social sciences;0.14235754311084747;RDF601;History, archaeology and related studies;0.7959755063056946;RDF604;Arts (arts, history of arts, performing arts, music), architecture and design;0.4406873881816864;RDF201;Civil engineering, maritime engineering, transport engineering, and mining engineering;0.2784038782119751;RDF301;Basic medicine and life sciences;0.15993772447109222;RDF605;Other humanities;0.1378803551197052
234;Social polarization in high schools during COVID-19: A mixed-method Positive Youth Development research to inform how to promote well-being and reduce violence among adolescents (Education and social work);RDF50;Social sciences;0.8857719302177429;RDF20-21;Engineering and technology;0.03066672943532467;RDF60;Humanities and the arts;0.02630760334432125;RDF503;Education;0.9928092360496521;RDF509;Other social sciences;0.6523244976997375;RDF504;Sociology and related studies;0.46270063519477844;RDF501;Psychology and cognitive sciences;0.2233770787715912;RDF201;Civil engineering, maritime engineering, transport engineering, and mining engineering;0.08291985839605331
235;Assessing the community needs of Canadians with limb loss: Building the foundation for community action;RDF30;Medical, health and life sciences;0.26997318863868713;RDF20-21;Engineering and technology;0.23284509778022766;RDF50;Social sciences;0.17068615555763245;RDF201;Civil engineering, maritime engineering, transport engineering, and mining engineering;0.7944647073745728;RDF303;Health sciences;0.6732990741729736;RDF504;Sociology and related studies;0.5419543385505676;RDF104;Chemical sciences;0.4233444035053253;RDF509;Other social sciences;0.40114516019821167
236;Addition of high dose Stimulant and engagement-focused Contingency management, alone and in combination, to treatment as usual for the management of MEthamphetamine use disorder (ASCME): a pan-Canadian multisite randomized controlled trial;RDF30;Medical, health and life sciences;0.8362804651260376;RDF50;Social sciences;0.044712502509355545;RDF10;Natural sciences;0.03809552639722824;RDF303;Health sciences;0.9438672065734863;RDF302;Clinical medicine;0.8849372863769531;RDF501;Psychology and cognitive sciences;0.7540557384490967;RDF301;Basic medicine and life sciences;0.5884827375411987;RDF104;Chemical sciences;0.4704552888870239
237;Écrire / Traduire / Visualiser les humanités numériques;RDF20-21;Engineering and technology;0.48499828577041626;RDF60;Humanities and the arts;0.2671883702278137;RDF40;Agricultural and veterinary sciences;0.08787307143211365;RDF604;Arts (arts, history of arts, performing arts, music), architecture and design;0.9221675395965576;RDF508;Media and communications;0.9013577103614807;RDF102;Computer and information sciences;0.8660759329795837;RDF201;Civil engineering, maritime engineering, transport engineering, and mining engineering;0.7764111161231995;RDF104;Chemical sciences;0.7341195344924927
238;Smart Electrolytes for a New Perspective on Electrochemical Energy Storage (Chemistry);RDF20-21;Engineering and technology;0.7880485653877258;RDF10;Natural sciences;0.08858945965766907;RDF40;Agricultural and veterinary sciences;0.052079055458307266;RDF104;Chemical sciences;0.9544355273246765;RDF205;Chemical engineering;0.7669488191604614;RDF201;Civil engineering, maritime engineering, transport engineering, and mining engineering;0.5966204404830933;RDF103;Physical sciences;0.5338531136512756;RDF202;Industrial, systems and processes engineering;0.520283043384552
239;Femmes et pouvoirs dans le bailliage de Montréal (1644-1693) (History);RDF60;Humanities and the arts;0.2514286935329437;RDF20-21;Engineering and technology;0.19543080031871796;RDF50;Social sciences;0.1647300273180008;RDF601;History, archaeology and related studies;0.9950466752052307;RDF604;Arts (arts, history of arts, performing arts, music), architecture and design;0.5226285457611084;RDF201;Civil engineering, maritime engineering, transport engineering, and mining engineering;0.32348695397377014;RDF301;Basic medicine and life sciences;0.18366681039333344;RDF106;Biological sciences;0.1741994470357895
240;Entre pressions socioculturelles et insatisfaction à l'égard de l'image corporelle : le rôle médiateur de caractéristiques personnelles chez les adolescents et jeunes hommes. (Psychology);RDF50;Social sciences;0.2513342797756195;RDF30;Medical, health and life sciences;0.1862293928861618;RDF20-21;Engineering and technology;0.18478015065193176;RDF501;Psychology and cognitive sciences;0.9539661407470703;RDF504;Sociology and related studies;0.5261449217796326;RDF507;Social and economic geography;0.18780207633972168;RDF301;Basic medicine and life sciences;0.174903005361557;RDF305;Other medical sciences;0.11516223102807999
241;Multi-Precision Optimization and Methods with Inaccurate Functions and Derivatives (Computer Science);RDF20-21;Engineering and technology;0.772756040096283;RDF40;Agricultural and veterinary sciences;0.08485797792673111;RDF10;Natural sciences;0.04816211760044098;RDF102;Computer and information sciences;0.9985950589179993;RDF104;Chemical sciences;0.9248235821723938;RDF203;Electrical engineering, computer engineering, and information engineering;0.8858785033226013;RDF202;Industrial, systems and processes engineering;0.8006530404090881;RDF201;Civil engineering, maritime engineering, transport engineering, and mining engineering;0.610622227191925
242;Adaptive FEM for Analysis, Design, and Control of Complex Flows (Mechanical Engineering);RDF20-21;Engineering and technology;0.7472863793373108;RDF40;Agricultural and veterinary sciences;0.13084545731544495;RDF30;Medical, health and life sciences;0.04179009795188904;RDF204;Mechanical engineering;0.982151210308075;RDF104;Chemical sciences;0.8669231534004211;RDF201;Civil engineering, maritime engineering, transport engineering, and mining engineering;0.7336904406547546;RDF103;Physical sciences;0.6420959234237671;RDF105;Earth and related environmental sciences;0.5517246723175049
243;Diagnosis of Aggressive Prostate Cancer Using Key Features of Raman Spectroscopy (Cancer Progression & Therapeutics);RDF30;Medical, health and life sciences;0.7438811659812927;RDF20-21;Engineering and technology;0.11706861853599548;RDF10;Natural sciences;0.055542849004268646;RDF301;Basic medicine and life sciences;0.9819620251655579;RDF303;Health sciences;0.9559813737869263;RDF106;Biological sciences;0.8691602945327759;RDF104;Chemical sciences;0.7735586762428284;RDF103;Physical sciences;0.6356748938560486
244;Maintaining balance in an unstable environment: A central role for the vestibular system (Biological Systems and Functions);RDF20-21;Engineering and technology;0.2547737658023834;RDF10;Natural sciences;0.24551129341125488;RDF30;Medical, health and life sciences;0.24234017729759216;RDF301;Basic medicine and life sciences;0.895887553691864;RDF201;Civil engineering, maritime engineering, transport engineering, and mining engineering;0.8404554724693298;RDF104;Chemical sciences;0.7958168983459473;RDF106;Biological sciences;0.7712841033935547;RDF504;Sociology and related studies;0.6389338374137878
245;Multifarious roles of the smallest Arabidopsis thaliana MAPKKKs clade (MAPKKK19, 20 and 21) as an integrative hub for plant pathogen interactions, growth, development and reproduction (Biological Systems and Functions);RDF10;Natural sciences;0.6452071666717529;RDF40;Agricultural and veterinary sciences;0.20207153260707855;RDF20-21;Engineering and technology;0.07274457067251205;RDF106;Biological sciences;0.8864203691482544;RDF104;Chemical sciences;0.5752226710319519;RDF105;Earth and related environmental sciences;0.46591898798942566;RDF107;Other natural sciences;0.4056547284126282;RDF401;Agriculture, forestry, and fisheries;0.2693256139755249
246;Occurrence et contrôle des bactéries opportunistes et bioaérosols issus des systèmes de traitement des eaux usées (Civil, Industrial and Systems Engineering);RDF20-21;Engineering and technology;0.5356593728065491;RDF30;Medical, health and life sciences;0.19305799901485443;RDF10;Natural sciences;0.14069359004497528;RDF208;Environmental engineering and related engineering;0.7749242186546326;RDF106;Biological sciences;0.6060686707496643;RDF104;Chemical sciences;0.5809339880943298;RDF209;Environmental biotechnology;0.3289065361022949;RDF105;Earth and related environmental sciences;0.3186441659927368
247;Le confinement : étude comparée du choix d'un instrument de politique publique extrême (Political science and public administration);RDF50;Social sciences;0.30876970291137695;RDF20-21;Engineering and technology;0.2244713455438614;RDF60;Humanities and the arts;0.12928125262260437;RDF506;Political science and policy administration;0.7679945230484009;RDF201;Civil engineering, maritime engineering, transport engineering, and mining engineering;0.37036773562431335;RDF106;Biological sciences;0.17441026866436005;RDF301;Basic medicine and life sciences;0.17300857603549957;RDF504;Sociology and related studies;0.13805457949638367
248;Valorisation des noirs de carbone recyclés de pneus usagés;RDF20-21;Engineering and technology;0.29054850339889526;RDF40;Agricultural and veterinary sciences;0.2011588215827942;RDF50;Social sciences;0.15944083034992218;RDF104;Chemical sciences;0.8065480589866638;RDF201;Civil engineering, maritime engineering, transport engineering, and mining engineering;0.7893555164337158;RDF502;Economics and business administration;0.47035646438598633;RDF202;Industrial, systems and processes engineering;0.2538147568702698;RDF208;Environmental engineering and related engineering;0.21518577635288239
249;"""Managing AI in Health Ecosystems"" Masterclass";RDF20-21;Engineering and technology;0.4593316316604614;RDF30;Medical, health and life sciences;0.3297152817249298;RDF40;Agricultural and veterinary sciences;0.07881293445825577;RDF102;Computer and information sciences;0.9765576720237732;RDF202;Industrial, systems and processes engineering;0.8189541101455688;RDF303;Health sciences;0.6930316090583801;RDF201;Civil engineering, maritime engineering, transport engineering, and mining engineering;0.5794004201889038;RDF203;Electrical engineering, computer engineering, and information engineering;0.37723949551582336
250;Novel regulatory mechanisms of the mammalian nuclear proteasome through liquid-liquid phase separation (Cell Biology – Molecular/Fundamental);RDF10;Natural sciences;0.44279491901397705;RDF20-21;Engineering and technology;0.41313350200653076;RDF30;Medical, health and life sciences;0.07461526244878769;RDF103;Physical sciences;0.9776924848556519;RDF106;Biological sciences;0.9437636733055115;RDF104;Chemical sciences;0.9212160110473633;RDF301;Basic medicine and life sciences;0.836821436882019;RDF202;Industrial, systems and processes engineering;0.3752198815345764
251;Integrating early neuromonitoring biomarkers to better define eligibility for therapeutic hypothermia after perinatal hypoxia-ischemia;RDF30;Medical, health and life sciences;0.7685871124267578;RDF20-21;Engineering and technology;0.11928513646125793;RDF10;Natural sciences;0.04882322996854782;RDF303;Health sciences;0.9735190272331238;RDF106;Biological sciences;0.9402982592582703;RDF301;Basic medicine and life sciences;0.939581573009491;RDF302;Clinical medicine;0.9275603890419006;RDF207;Medical and biomedical engineering;0.6712281703948975
252;Metasurface and Metamaterial-Inspired Devices for 5G, IoT, Sensing and Space Applications;RDF20-21;Engineering and technology;0.8182652592658997;RDF40;Agricultural and veterinary sciences;0.04379204288125038;RDF10;Natural sciences;0.03845810145139694;RDF104;Chemical sciences;0.7027086019515991;RDF102;Computer and information sciences;0.6805071830749512;RDF203;Electrical engineering, computer engineering, and information engineering;0.4337790906429291;RDF103;Physical sciences;0.4009765684604645;RDF202;Industrial, systems and processes engineering;0.33149832487106323
253;Cross-frequency coupling and machine learning for electrophysiological signal analysis;RDF20-21;Engineering and technology;0.7956282496452332;RDF40;Agricultural and veterinary sciences;0.06461133807897568;RDF10;Natural sciences;0.04713237285614014;RDF102;Computer and information sciences;0.9865975975990295;RDF103;Physical sciences;0.9581478834152222;RDF104;Chemical sciences;0.9567151665687561;RDF202;Industrial, systems and processes engineering;0.9325761795043945;RDF201;Civil engineering, maritime engineering, transport engineering, and mining engineering;0.8399965763092041
254;Uncovering a New Cytotoxic Mechanism of Natural Killer Cells (Genes, Cells and Molecules);RDF20-21;Engineering and technology;0.39209917187690735;RDF30;Medical, health and life sciences;0.2640152871608734;RDF10;Natural sciences;0.18494342267513275;RDF106;Biological sciences;0.9675025343894958;RDF103;Physical sciences;0.9672559499740601;RDF104;Chemical sciences;0.9571177959442139;RDF301;Basic medicine and life sciences;0.8537908792495728;RDF105;Earth and related environmental sciences;0.8024007678031921
255;Actualisation de la formation sur les pratiques d'affiliation dans les Auberges du coeur du Québec;RDF30;Medical, health and life sciences;0.2724844217300415;RDF50;Social sciences;0.2678672969341278;RDF20-21;Engineering and technology;0.19041064381599426;RDF104;Chemical sciences;0.6837627291679382;RDF303;Health sciences;0.637200117111206;RDF503;Education;0.6269667744636536;RDF301;Basic medicine and life sciences;0.5742455720901489;RDF302;Clinical medicine;0.47545307874679565
256;Evidence for Impact: The Quebec Experience of Designing Evidence-Based Public Policy Solutions to Reform Home Care;RDF20-21;Engineering and technology;0.4260757565498352;RDF30;Medical, health and life sciences;0.21570733189582825;RDF50;Social sciences;0.139547660946846;RDF303;Health sciences;0.9405171275138855;RDF201;Civil engineering, maritime engineering, transport engineering, and mining engineering;0.776707649230957;RDF604;Arts (arts, history of arts, performing arts, music), architecture and design;0.7643203735351562;RDF102;Computer and information sciences;0.6135260462760925;RDF506;Political science and policy administration;0.4129517674446106
257;Replicative stress as a primary determinant of chemotherapeutic outcome in ovarian cancer;RDF30;Medical, health and life sciences;0.6482722759246826;RDF20-21;Engineering and technology;0.20418722927570343;RDF10;Natural sciences;0.04742153361439705;RDF104;Chemical sciences;0.9484418034553528;RDF302;Clinical medicine;0.9265699982643127;RDF303;Health sciences;0.8919052481651306;RDF301;Basic medicine and life sciences;0.8781053423881531;RDF106;Biological sciences;0.8769508600234985
258;Improved representation, impact assessment, and adaptive management of water resource systems under changing natural and anthropogenic conditions (Civil, Industrial and Systems Engineering);RDF20-21;Engineering and technology;0.777533233165741;RDF10;Natural sciences;0.084223173558712;RDF40;Agricultural and veterinary sciences;0.0702337920665741;RDF201;Civil engineering, maritime engineering, transport engineering, and mining engineering;0.9356999397277832;RDF208;Environmental engineering and related engineering;0.773943305015564;RDF105;Earth and related environmental sciences;0.7521946430206299;RDF202;Industrial, systems and processes engineering;0.4645979106426239;RDF104;Chemical sciences;0.3232198655605316
259;Le travail ensemble comme stratégie de réponse aux besoins complexes des jeunes en difficulté : comprendre les processus d'émergence de la collaboration (Education and social work);RDF50;Social sciences;0.5004855394363403;RDF20-21;Engineering and technology;0.27254143357276917;RDF40;Agricultural and veterinary sciences;0.06171710416674614;RDF503;Education;0.7550956010818481;RDF201;Civil engineering, maritime engineering, transport engineering, and mining engineering;0.47527042031288147;RDF604;Arts (arts, history of arts, performing arts, music), architecture and design;0.2356356680393219;RDF501;Psychology and cognitive sciences;0.20689405500888824;RDF504;Sociology and related studies;0.18337415158748627
260;Interneuronopathies and neurodevelopmental disorders (Genetics);RDF30;Medical, health and life sciences;0.5342686176300049;RDF20-21;Engineering and technology;0.19283902645111084;RDF60;Humanities and the arts;0.07837187498807907;RDF106;Biological sciences;0.9190269708633423;RDF301;Basic medicine and life sciences;0.733738124370575;RDF201;Civil engineering, maritime engineering, transport engineering, and mining engineering;0.6005197167396545;RDF302;Clinical medicine;0.3039900064468384;RDF604;Arts (arts, history of arts, performing arts, music), architecture and design;0.23792989552021027
261;Prevention / treatment of the choroidal neovascularization by kinin receptors antagonists (Pharmacology & Toxicology);RDF30;Medical, health and life sciences;0.7492845058441162;RDF20-21;Engineering and technology;0.07598565518856049;RDF40;Agricultural and veterinary sciences;0.06901701539754868;RDF301;Basic medicine and life sciences;0.9404078125953674;RDF302;Clinical medicine;0.9310874938964844;RDF303;Health sciences;0.9055731296539307;RDF106;Biological sciences;0.8538517951965332;RDF104;Chemical sciences;0.7719295024871826
262;Entre vie et mort: images de médiation (Fine Arts, Research-Creation);RDF60;Humanities and the arts;0.396388977766037;RDF20-21;Engineering and technology;0.330872118473053;RDF30;Medical, health and life sciences;0.12312955409288406;RDF604;Arts (arts, history of arts, performing arts, music), architecture and design;0.9299191832542419;RDF104;Chemical sciences;0.9018343091011047;RDF508;Media and communications;0.8079156875610352;RDF201;Civil engineering, maritime engineering, transport engineering, and mining engineering;0.6677708625793457;RDF103;Physical sciences;0.6082087159156799
263;Identification of microbial factors to modulate immune dysregulation and treat post-COVID-19 syndrome;RDF30;Medical, health and life sciences;0.6369688510894775;RDF20-21;Engineering and technology;0.15085077285766602;RDF40;Agricultural and veterinary sciences;0.08862648159265518;RDF303;Health sciences;0.9659317135810852;RDF106;Biological sciences;0.9542227387428284;RDF301;Basic medicine and life sciences;0.9534487724304199;RDF302;Clinical medicine;0.9370381832122803;RDF104;Chemical sciences;0.9057816863059998
264;Les effets de la pandémie de COVID-19 sur les conditions de travail et les trajectoires d'emploi des femmes au Québec: recul, maintien ou avancée? (Business, management and related fields);RDF20-21;Engineering and technology;0.3909206688404083;RDF40;Agricultural and veterinary sciences;0.20389920473098755;RDF50;Social sciences;0.15833231806755066;RDF502;Economics and business administration;0.7292788624763489;RDF504;Sociology and related studies;0.35203468799591064;RDF104;Chemical sciences;0.335541307926178;RDF201;Civil engineering, maritime engineering, transport engineering, and mining engineering;0.2836821675300598;RDF301;Basic medicine and life sciences;0.22755514085292816
265;Data-driven Optimization of Transport Systems (Civil, Industrial and Systems Engineering);RDF20-21;Engineering and technology;0.8346303105354309;RDF40;Agricultural and veterinary sciences;0.048962339758872986;RDF50;Social sciences;0.03922725096344948;RDF201;Civil engineering, maritime engineering, transport engineering, and mining engineering;0.9844712615013123;RDF102;Computer and information sciences;0.8330531120300293;RDF202;Industrial, systems and processes engineering;0.4568035304546356;RDF203;Electrical engineering, computer engineering, and information engineering;0.13712753355503082;RDF104;Chemical sciences;0.1344914734363556
266;Le tournant éclectique en architecture à travers les procès-verbaux du Conseil des Bâtiments civils (projet pilote) (Fine Arts, Research-Creation);RDF60;Humanities and the arts;0.5859735608100891;RDF20-21;Engineering and technology;0.25983381271362305;RDF40;Agricultural and veterinary sciences;0.04607663303613663;RDF604;Arts (arts, history of arts, performing arts, music), architecture and design;0.9724147319793701;RDF201;Civil engineering, maritime engineering, transport engineering, and mining engineering;0.32084786891937256;RDF601;History, archaeology and related studies;0.07303238660097122;RDF301;Basic medicine and life sciences;0.04316368326544762;RDF103;Physical sciences;0.03659692034125328
267;Évolution de l'organisation du travail des directions d'établissements d'enseignement du Québec dans le contexte de la transformation des commissions scolaires en centres de services;RDF50;Social sciences;0.6417978405952454;RDF20-21;Engineering and technology;0.18922938406467438;RDF40;Agricultural and veterinary sciences;0.05206821486353874;RDF503;Education;0.9865198731422424;RDF101;Mathematics and statistics;0.32103413343429565;RDF604;Arts (arts, history of arts, performing arts, music), architecture and design;0.2680782675743103;RDF201;Civil engineering, maritime engineering, transport engineering, and mining engineering;0.24871660768985748;RDF504;Sociology and related studies;0.156297966837883
268;Integrating interdisciplinary perspectives on circular economy;RDF20-21;Engineering and technology;0.31553250551223755;RDF40;Agricultural and veterinary sciences;0.24872468411922455;RDF30;Medical, health and life sciences;0.13516324758529663;RDF201;Civil engineering, maritime engineering, transport engineering, and mining engineering;0.836421012878418;RDF202;Industrial, systems and processes engineering;0.5375269651412964;RDF404;Agricultural biotechnology and food sciences;0.4989013671875;RDF104;Chemical sciences;0.4372452199459076;RDF604;Arts (arts, history of arts, performing arts, music), architecture and design;0.41240444779396057
269;Homeostasis of the respiratory epithelial tissue: regulatory mechanisms by ion channels (Genes, Cells and Molecules);RDF30;Medical, health and life sciences;0.46313005685806274;RDF20-21;Engineering and technology;0.2633686661720276;RDF10;Natural sciences;0.19212095439434052;RDF106;Biological sciences;0.9802809357643127;RDF301;Basic medicine and life sciences;0.9696131944656372;RDF103;Physical sciences;0.9589625597000122;RDF104;Chemical sciences;0.9410069584846497;RDF302;Clinical medicine;0.8532414436340332
270;Vascular events in patients undergoing same-day noncardiac surgery (VALIANCE) - a prospective cohort and nested biobank study (Clinical Investigation – Cardiovascular Systems);RDF30;Medical, health and life sciences;0.9224354028701782;RDF10;Natural sciences;0.0294208861887455;RDF20-21;Engineering and technology;0.022980235517024994;RDF303;Health sciences;0.9850860238075256;RDF302;Clinical medicine;0.9154316186904907;RDF103;Physical sciences;0.6044572591781616;RDF301;Basic medicine and life sciences;0.500457763671875;RDF106;Biological sciences;0.437185138463974
271;Mental health Recovery from Youth Right-based Perspectives (Education and social work);RDF50;Social sciences;0.45925086736679077;RDF60;Humanities and the arts;0.15780489146709442;RDF30;Medical, health and life sciences;0.13994398713111877;RDF503;Education;0.5596510767936707;RDF604;Arts (arts, history of arts, performing arts, music), architecture and design;0.28378140926361084;RDF509;Other social sciences;0.19876310229301453;RDF303;Health sciences;0.18286289274692535;RDF201;Civil engineering, maritime engineering, transport engineering, and mining engineering;0.17377841472625732
272;Ecosystem functioning in the landscape: a meta-ecosystem perspective (Evolution and Ecology);RDF10;Natural sciences;0.38416579365730286;RDF20-21;Engineering and technology;0.21384002268314362;RDF40;Agricultural and veterinary sciences;0.17461638152599335;RDF201;Civil engineering, maritime engineering, transport engineering, and mining engineering;0.7700759768486023;RDF105;Earth and related environmental sciences;0.5142326354980469;RDF208;Environmental engineering and related engineering;0.3432867228984833;RDF106;Biological sciences;0.3241284191608429;RDF603;Philosophy;0.30280324816703796
273;Multi-Fidelity Zonal Approaches to Multi-Disciplinary Aerodynamic Analysis of Transonic Aircraft;RDF20-21;Engineering and technology;0.6671903729438782;RDF50;Social sciences;0.08967925608158112;RDF40;Agricultural and veterinary sciences;0.08133555948734283;RDF204;Mechanical engineering;0.9031661748886108;RDF201;Civil engineering, maritime engineering, transport engineering, and mining engineering;0.7191864848136902;RDF104;Chemical sciences;0.7098746299743652;RDF103;Physical sciences;0.6992030143737793;RDF102;Computer and information sciences;0.6513687372207642
274;Defining the functions and mechanisms of centrosomal RNA localization;RDF20-21;Engineering and technology;0.44755104184150696;RDF10;Natural sciences;0.2349233478307724;RDF30;Medical, health and life sciences;0.13554063439369202;RDF104;Chemical sciences;0.9601001143455505;RDF102;Computer and information sciences;0.9584988951683044;RDF103;Physical sciences;0.9448931217193604;RDF106;Biological sciences;0.942506730556488;RDF202;Industrial, systems and processes engineering;0.9386322498321533
275;Collaborative improvement of moral deliberation methods: An exercise in living ethics (Mutidisciplinary or interdisciplinary social sciences);RDF50;Social sciences;0.7407889366149902;RDF20-21;Engineering and technology;0.08592018485069275;RDF40;Agricultural and veterinary sciences;0.06403779983520508;RDF504;Sociology and related studies;0.8239666819572449;RDF201;Civil engineering, maritime engineering, transport engineering, and mining engineering;0.5801141858100891;RDF509;Other social sciences;0.48287108540534973;RDF501;Psychology and cognitive sciences;0.18454697728157043;RDF603;Philosophy;0.1372431218624115
276;The role of GABA signaling in nervous system formation and homeostasis (Genes, Cells and Molecules);RDF20-21;Engineering and technology;0.3600156903266907;RDF30;Medical, health and life sciences;0.28226926922798157;RDF10;Natural sciences;0.184530109167099;RDF106;Biological sciences;0.9641867876052856;RDF104;Chemical sciences;0.887057900428772;RDF103;Physical sciences;0.8556100726127625;RDF301;Basic medicine and life sciences;0.826781690120697;RDF102;Computer and information sciences;0.7145284414291382
277;Elimination of senescent endothelial cells to prevent vascular dementia in aging atherosclerotic mice (Biological and Clinical Aspects of Aging);RDF10;Natural sciences;0.40026530623435974;RDF30;Medical, health and life sciences;0.32812583446502686;RDF40;Agricultural and veterinary sciences;0.15618270635604858;RDF403;Veterinary sciences;0.8515211939811707;RDF106;Biological sciences;0.7581974267959595;RDF402;Animal and dairy sciences;0.6841320991516113;RDF104;Chemical sciences;0.5724604725837708;RDF302;Clinical medicine;0.5706678628921509
278;Understanding and treating osteoarthritic pain in pet animals: An approach based on neurogenomics and neuropeptidomics manipulation (Biological Systems and Functions);RDF30;Medical, health and life sciences;0.4984852075576782;RDF10;Natural sciences;0.23801080882549286;RDF20-21;Engineering and technology;0.16526827216148376;RDF402;Animal and dairy sciences;0.9502266049385071;RDF106;Biological sciences;0.905823290348053;RDF301;Basic medicine and life sciences;0.8913390040397644;RDF302;Clinical medicine;0.8735387921333313;RDF303;Health sciences;0.779699444770813
279;Optimizing risk averse decisions in data-driven problems;RDF20-21;Engineering and technology;0.4529258608818054;RDF30;Medical, health and life sciences;0.17801906168460846;RDF40;Agricultural and veterinary sciences;0.1618509441614151;RDF102;Computer and information sciences;0.9879345893859863;RDF202;Industrial, systems and processes engineering;0.9775000214576721;RDF502;Economics and business administration;0.9446893334388733;RDF201;Civil engineering, maritime engineering, transport engineering, and mining engineering;0.9166334867477417;RDF302;Clinical medicine;0.8223674893379211
280;Understanding the genesis of the spliced immunopeptidome (Genes, Cells and Molecules);RDF30;Medical, health and life sciences;0.4665047526359558;RDF20-21;Engineering and technology;0.22913944721221924;RDF10;Natural sciences;0.14391787350177765;RDF106;Biological sciences;0.9810764193534851;RDF301;Basic medicine and life sciences;0.9214990139007568;RDF104;Chemical sciences;0.9202896356582642;RDF103;Physical sciences;0.8974259495735168;RDF102;Computer and information sciences;0.5029601454734802
281;Fundamental drivers of plant spectral diversity (Evolution and Ecology);RDF10;Natural sciences;0.5230016112327576;RDF20-21;Engineering and technology;0.24333712458610535;RDF40;Agricultural and veterinary sciences;0.12528981268405914;RDF106;Biological sciences;0.9188451170921326;RDF104;Chemical sciences;0.9013143181800842;RDF401;Agriculture, forestry, and fisheries;0.7501411437988281;RDF105;Earth and related environmental sciences;0.7171604633331299;RDF201;Civil engineering, maritime engineering, transport engineering, and mining engineering;0.706165075302124
282;Systematics, biogeography and evolution of northern floras (Evolution and Ecology);RDF10;Natural sciences;0.47196242213249207;RDF20-21;Engineering and technology;0.21361486613750458;RDF40;Agricultural and veterinary sciences;0.1375502347946167;RDF105;Earth and related environmental sciences;0.871638834476471;RDF106;Biological sciences;0.820685088634491;RDF104;Chemical sciences;0.7107287049293518;RDF201;Civil engineering, maritime engineering, transport engineering, and mining engineering;0.5975152254104614;RDF604;Arts (arts, history of arts, performing arts, music), architecture and design;0.416429728269577
283;Development of Additive Manufacturing Superalloys with high ?' volume fraction (Materials and Chemical Engineering);RDF20-21;Engineering and technology;0.7951316833496094;RDF10;Natural sciences;0.06681617349386215;RDF40;Agricultural and veterinary sciences;0.05453377589583397;RDF104;Chemical sciences;0.8604278564453125;RDF205;Chemical engineering;0.4974975883960724;RDF202;Industrial, systems and processes engineering;0.391325980424881;RDF201;Civil engineering, maritime engineering, transport engineering, and mining engineering;0.36009517312049866;RDF206;Materials engineering and resources engineering;0.3122651278972626
284;Judiciarisation des personnes souffrant de troubles mentaux : une recherche en théorisation ancrée sur la perception des patients judiciarisés et le personnel soignant (Psychosocial, Sociocultural & Behavioural Determinants of Health);RDF30;Medical, health and life sciences;0.6204289197921753;RDF50;Social sciences;0.22497892379760742;RDF10;Natural sciences;0.0520084947347641;RDF303;Health sciences;0.9664422273635864;RDF501;Psychology and cognitive sciences;0.9503188729286194;RDF504;Sociology and related studies;0.915128767490387;RDF301;Basic medicine and life sciences;0.6657637357711792;RDF509;Other social sciences;0.3534281849861145
285;Methods of initiation and mitigation of thermal runaway in lithium-ion batteries;RDF20-21;Engineering and technology;0.6424894332885742;RDF30;Medical, health and life sciences;0.1795051395893097;RDF10;Natural sciences;0.06238464266061783;RDF104;Chemical sciences;0.9202179908752441;RDF202;Industrial, systems and processes engineering;0.8928431272506714;RDF204;Mechanical engineering;0.879561185836792;RDF103;Physical sciences;0.845432698726654;RDF106;Biological sciences;0.8287310004234314
286;Automated AI-supported methane plume detection from satellite and aircraft images;RDF20-21;Engineering and technology;0.6452866792678833;RDF30;Medical, health and life sciences;0.14751550555229187;RDF10;Natural sciences;0.08427204191684723;RDF102;Computer and information sciences;0.9394705891609192;RDF104;Chemical sciences;0.9256342649459839;RDF105;Earth and related environmental sciences;0.8924688100814819;RDF201;Civil engineering, maritime engineering, transport engineering, and mining engineering;0.7616714835166931;RDF103;Physical sciences;0.7372527122497559
287;From domain-specific languages to domain-specific environments (Computer Science);RDF20-21;Engineering and technology;0.7426356077194214;RDF40;Agricultural and veterinary sciences;0.07638539373874664;RDF60;Humanities and the arts;0.05676480382680893;RDF102;Computer and information sciences;0.9931095242500305;RDF201;Civil engineering, maritime engineering, transport engineering, and mining engineering;0.8846386075019836;RDF104;Chemical sciences;0.8189541101455688;RDF203;Electrical engineering, computer engineering, and information engineering;0.6321728229522705;RDF604;Arts (arts, history of arts, performing arts, music), architecture and design;0.4617903530597687
288;Magnetic Field Characterization and Mapping for Artifact Mitigation in MRI;RDF30;Medical, health and life sciences;0.45537447929382324;RDF20-21;Engineering and technology;0.39486420154571533;RDF40;Agricultural and veterinary sciences;0.056525636464357376;RDF103;Physical sciences;0.9485372304916382;RDF104;Chemical sciences;0.9464977979660034;RDF105;Earth and related environmental sciences;0.9205042719841003;RDF202;Industrial, systems and processes engineering;0.8720207810401917;RDF201;Civil engineering, maritime engineering, transport engineering, and mining engineering;0.777384340763092
289;La médiatisation de l'opinion publique au Canada (Political science and public administration);RDF20-21;Engineering and technology;0.30510327219963074;RDF50;Social sciences;0.2926280200481415;RDF40;Agricultural and veterinary sciences;0.1529294103384018;RDF506;Political science and policy administration;0.8861250877380371;RDF508;Media and communications;0.687079131603241;RDF201;Civil engineering, maritime engineering, transport engineering, and mining engineering;0.665220320224762;RDF604;Arts (arts, history of arts, performing arts, music), architecture and design;0.3354596793651581;RDF104;Chemical sciences;0.23113660514354706
290;Entrepreneuring as Relational Process: Tracing the Trajectories of Entrepreneurial Projects (Communications, media studies, gender studies, library and information science, related fields);RDF20-21;Engineering and technology;0.6035202741622925;RDF50;Social sciences;0.19459950923919678;RDF40;Agricultural and veterinary sciences;0.07924197614192963;RDF502;Economics and business administration;0.5896129608154297;RDF201;Civil engineering, maritime engineering, transport engineering, and mining engineering;0.3928608000278473;RDF508;Media and communications;0.26826992630958557;RDF107;Other natural sciences;0.08913694322109222;RDF509;Other social sciences;0.06810237467288971
291;Physiotherapy care in Emergency Departments for Patients with Musculoskeletal Disorders: A Pragmatic Cluster Randomized Controlled Trial and Cost Analysis (Clinical Investigation – Arthritis, Bone, Skin and Cartilage);RDF30;Medical, health and life sciences;0.8945541381835938;RDF20-21;Engineering and technology;0.029813408851623535;RDF10;Natural sciences;0.026802975684404373;RDF303;Health sciences;0.9921537041664124;RDF302;Clinical medicine;0.9358173608779907;RDF301;Basic medicine and life sciences;0.794464647769928;RDF207;Medical and biomedical engineering;0.318909227848053;RDF104;Chemical sciences;0.26995062828063965
292;Le numérique et les études médiévales : enjeux pédagogiques et formation par la recherche;RDF50;Social sciences;0.3557460308074951;RDF20-21;Engineering and technology;0.2687935531139374;RDF60;Humanities and the arts;0.15980017185211182;RDF503;Education;0.9619291424751282;RDF604;Arts (arts, history of arts, performing arts, music), architecture and design;0.6263956427574158;RDF201;Civil engineering, maritime engineering, transport engineering, and mining engineering;0.6114109754562378;RDF104;Chemical sciences;0.6004684567451477;RDF601;History, archaeology and related studies;0.5952536463737488
293;High power density motors for aeronautics manufactured by cold spraying;RDF20-21;Engineering and technology;0.7332447171211243;RDF10;Natural sciences;0.09372364729642868;RDF40;Agricultural and veterinary sciences;0.07091925293207169;RDF204;Mechanical engineering;0.9852572083473206;RDF104;Chemical sciences;0.9628132581710815;RDF202;Industrial, systems and processes engineering;0.791015088558197;RDF103;Physical sciences;0.7173585295677185;RDF201;Civil engineering, maritime engineering, transport engineering, and mining engineering;0.6614583134651184
294;Cholesterol metabolism and regulation of the senescence-associated secretory phenotype in retinopathy (Systems & Circuits Neurosciences);RDF30;Medical, health and life sciences;0.5897343158721924;RDF20-21;Engineering and technology;0.2968267500400543;RDF10;Natural sciences;0.05021396279335022;RDF301;Basic medicine and life sciences;0.9578728675842285;RDF106;Biological sciences;0.8556100726127625;RDF104;Chemical sciences;0.7069497108459473;RDF302;Clinical medicine;0.6042675375938416;RDF303;Health sciences;0.3930646479129791
295;Second-order Hessian-free methods for statistical learning and stochastic optimization (Civil, Industrial and Systems Engineering);RDF20-21;Engineering and technology;0.7771217226982117;RDF40;Agricultural and veterinary sciences;0.06587924808263779;RDF10;Natural sciences;0.059053774923086166;RDF101;Mathematics and statistics;0.9661878943443298;RDF102;Computer and information sciences;0.9479621648788452;RDF201;Civil engineering, maritime engineering, transport engineering, and mining engineering;0.9197506904602051;RDF104;Chemical sciences;0.8621776700019836;RDF202;Industrial, systems and processes engineering;0.7482143640518188
296;Ecosystemic thinking: integrating ecosystem assessment to the strategic thinking process;RDF40;Agricultural and veterinary sciences;0.27039408683776855;RDF20-21;Engineering and technology;0.2254268378019333;RDF50;Social sciences;0.1789378672838211;RDF202;Industrial, systems and processes engineering;0.9174876809120178;RDF201;Civil engineering, maritime engineering, transport engineering, and mining engineering;0.8348786234855652;RDF502;Economics and business administration;0.8231152296066284;RDF105;Earth and related environmental sciences;0.6207796335220337;RDF104;Chemical sciences;0.5524415969848633
297;Brain-body interactions during bipedalism (Biological Systems and Functions);RDF30;Medical, health and life sciences;0.4858283996582031;RDF10;Natural sciences;0.1823626011610031;RDF20-21;Engineering and technology;0.17093780636787415;RDF106;Biological sciences;0.866075873374939;RDF301;Basic medicine and life sciences;0.846831202507019;RDF302;Clinical medicine;0.8183742165565491;RDF201;Civil engineering, maritime engineering, transport engineering, and mining engineering;0.7005620002746582;RDF104;Chemical sciences;0.6802151203155518
298;Multiaxial electro-mechanical tensile tester for stretchable electronics (Materials and Chemical Engineering);RDF20-21;Engineering and technology;0.8397555351257324;RDF40;Agricultural and veterinary sciences;0.05264543741941452;RDF30;Medical, health and life sciences;0.03614732623100281;RDF203;Electrical engineering, computer engineering, and information engineering;0.910306453704834;RDF103;Physical sciences;0.8167719841003418;RDF202;Industrial, systems and processes engineering;0.7958961725234985;RDF104;Chemical sciences;0.7049732208251953;RDF201;Civil engineering, maritime engineering, transport engineering, and mining engineering;0.6230794787406921
299;Development and Update of Quantitative Pharmacology Concepts and Computational Models for a Better Understanding of Drug Fate and Action (Mathematics and Statistics);RDF30;Medical, health and life sciences;0.34623074531555176;RDF20-21;Engineering and technology;0.320837140083313;RDF10;Natural sciences;0.28956925868988037;RDF101;Mathematics and statistics;0.9723359942436218;RDF301;Basic medicine and life sciences;0.9376118183135986;RDF103;Physical sciences;0.8919522762298584;RDF104;Chemical sciences;0.8800259232521057;RDF303;Health sciences;0.7529674172401428
300;Frontières vécues dans les institutions éducatives québécoises. Discours des cégépiennes musulmanes issues de l'immigration à Montréal (Education and social work);RDF50;Social sciences;0.6376247406005859;RDF60;Humanities and the arts;0.16516084969043732;RDF20-21;Engineering and technology;0.08743831515312195;RDF503;Education;0.943243145942688;RDF504;Sociology and related studies;0.6847121715545654;RDF604;Arts (arts, history of arts, performing arts, music), architecture and design;0.42216959595680237;RDF509;Other social sciences;0.2880180776119232;RDF601;History, archaeology and related studies;0.24944724142551422
301;Non-invasive 4D thoracic imaging infrastructure to support decision-making in the management of lung diseases in intensive care units (ICU) (Electrical and Computer Engineering);RDF20-21;Engineering and technology;0.5162588953971863;RDF30;Medical, health and life sciences;0.44028785824775696;RDF10;Natural sciences;0.017038503661751747;RDF303;Health sciences;0.9619649052619934;RDF203;Electrical engineering, computer engineering, and information engineering;0.4427117705345154;RDF104;Chemical sciences;0.4396345615386963;RDF302;Clinical medicine;0.3803848326206207;RDF207;Medical and biomedical engineering;0.32498475909233093
302;La participation à la société québécoise : exploration de la perception des jeunes issus de l'immigration, de première et de deuxième génération (JIPDG), élèves et étudiants au secondaire et au cegep francophones (Education and social work);RDF50;Social sciences;0.8951080441474915;RDF20-21;Engineering and technology;0.03138589486479759;RDF60;Humanities and the arts;0.026121659204363823;RDF503;Education;0.7895178198814392;RDF504;Sociology and related studies;0.6727080941200256;RDF509;Other social sciences;0.1573309600353241;RDF507;Social and economic geography;0.10980118811130524;RDF201;Civil engineering, maritime engineering, transport engineering, and mining engineering;0.07283429801464081
303;Reshaping the urban water management paradigm: towards a new decision-support framework for the sustainable design of hybrid systems;RDF20-21;Engineering and technology;0.6114546656608582;RDF50;Social sciences;0.10617710649967194;RDF40;Agricultural and veterinary sciences;0.10273465514183044;RDF507;Social and economic geography;0.9679296016693115;RDF201;Civil engineering, maritime engineering, transport engineering, and mining engineering;0.9144054651260376;RDF202;Industrial, systems and processes engineering;0.8733768463134766;RDF104;Chemical sciences;0.8214026093482971;RDF208;Environmental engineering and related engineering;0.8167719841003418
304;L'activité musculaire des pianistes au service de la production sonore et de l'expression musicale (Multidisciplinary or interdisciplinary humanities);RDF60;Humanities and the arts;0.8099589347839355;RDF20-21;Engineering and technology;0.06571090221405029;RDF40;Agricultural and veterinary sciences;0.05458275228738785;RDF604;Arts (arts, history of arts, performing arts, music), architecture and design;0.9302684664726257;RDF504;Sociology and related studies;0.1761041283607483;RDF503;Education;0.1363781988620758;RDF107;Other natural sciences;0.08181271702051163;RDF605;Other humanities;0.07463503628969193
305;Extraction, migration et mise en place de granite-pegmatite orogénique: construire les vecteurs d'exploration de métaux critiques;RDF20-21;Engineering and technology;0.626153826713562;RDF10;Natural sciences;0.24652594327926636;RDF40;Agricultural and veterinary sciences;0.06130525842308998;RDF105;Earth and related environmental sciences;0.9473810195922852;RDF104;Chemical sciences;0.9015312194824219;RDF202;Industrial, systems and processes engineering;0.8733229041099548;RDF103;Physical sciences;0.7671669721603394;RDF201;Civil engineering, maritime engineering, transport engineering, and mining engineering;0.625859797000885
306;Mon genou pourrait aller mieux;RDF30;Medical, health and life sciences;0.48820000886917114;RDF20-21;Engineering and technology;0.16489963233470917;RDF60;Humanities and the arts;0.12283504754304886;RDF106;Biological sciences;0.9519526362419128;RDF302;Clinical medicine;0.9329437017440796;RDF103;Physical sciences;0.8804891109466553;RDF604;Arts (arts, history of arts, performing arts, music), architecture and design;0.8720207810401917;RDF202;Industrial, systems and processes engineering;0.8217604160308838
307;Learning sensorimotor maps through curiosity (Biological Systems and Functions);RDF20-21;Engineering and technology;0.4109363555908203;RDF10;Natural sciences;0.17708706855773926;RDF50;Social sciences;0.12902304530143738;RDF106;Biological sciences;0.7958564758300781;RDF503;Education;0.6454272866249084;RDF201;Civil engineering, maritime engineering, transport engineering, and mining engineering;0.6183556318283081;RDF104;Chemical sciences;0.39995813369750977;RDF105;Earth and related environmental sciences;0.32589584589004517
308;Improving the Quality Assurance of Machine-Learning Software Applications (Computer Science);RDF20-21;Engineering and technology;0.7214366793632507;RDF40;Agricultural and veterinary sciences;0.11020456999540329;RDF50;Social sciences;0.05290255695581436;RDF102;Computer and information sciences;0.9945201277732849;RDF203;Electrical engineering, computer engineering, and information engineering;0.7334519028663635;RDF201;Civil engineering, maritime engineering, transport engineering, and mining engineering;0.6930835843086243;RDF104;Chemical sciences;0.49920654296875;RDF302;Clinical medicine;0.3072021007537842
309;Mobilizing evidence into the effective treatment of sexual offenders: A feasibility study;RDF30;Medical, health and life sciences;0.37595126032829285;RDF50;Social sciences;0.19983689486980438;RDF20-21;Engineering and technology;0.14533188939094543;RDF505;Law and legal practice;0.9325761795043945;RDF201;Civil engineering, maritime engineering, transport engineering, and mining engineering;0.8271310329437256;RDF604;Arts (arts, history of arts, performing arts, music), architecture and design;0.8068144917488098;RDF504;Sociology and related studies;0.7358789443969727;RDF104;Chemical sciences;0.7208106517791748
310;Simulation of large scale MaaS;RDF30;Medical, health and life sciences;0.44640886783599854;RDF20-21;Engineering and technology;0.2143985778093338;RDF40;Agricultural and veterinary sciences;0.17336052656173706;RDF102;Computer and information sciences;0.9799382090568542;RDF202;Industrial, systems and processes engineering;0.9484418034553528;RDF201;Civil engineering, maritime engineering, transport engineering, and mining engineering;0.9189543128013611;RDF103;Physical sciences;0.8968852758407593;RDF401;Agriculture, forestry, and fisheries;0.8709269762039185
311;PRevention of COVID-19 with high dose Oral Vitamin D supplemental Therapy in Essential healthCare Teams (PROTECT);RDF30;Medical, health and life sciences;0.6233524680137634;RDF40;Agricultural and veterinary sciences;0.12196870148181915;RDF20-21;Engineering and technology;0.08884292840957642;RDF303;Health sciences;0.9330047369003296;RDF302;Clinical medicine;0.6014545559883118;RDF201;Civil engineering, maritime engineering, transport engineering, and mining engineering;0.532060444355011;RDF301;Basic medicine and life sciences;0.4920050799846649;RDF104;Chemical sciences;0.41257449984550476
312;Decrypting nociceptive signaling pathways in Caenorhabditis elegans using behavioral analysis and mass spectrometry-based proteomics (Genes, Cells and Molecules);RDF10;Natural sciences;0.32941484451293945;RDF20-21;Engineering and technology;0.2777339518070221;RDF30;Medical, health and life sciences;0.16259512305259705;RDF106;Biological sciences;0.9394150972366333;RDF104;Chemical sciences;0.7592700719833374;RDF102;Computer and information sciences;0.6608840227127075;RDF103;Physical sciences;0.6553636193275452;RDF301;Basic medicine and life sciences;0.4944154918193817
313;Suivre les affaires et les auteurs de violence conjugale : vers une meilleure compréhension du cheminement pénal et de la récidive (Law and criminology);RDF50;Social sciences;0.41565224528312683;RDF20-21;Engineering and technology;0.16182081401348114;RDF40;Agricultural and veterinary sciences;0.1392260640859604;RDF505;Law and legal practice;0.9553191065788269;RDF305;Other medical sciences;0.0918697863817215;RDF201;Civil engineering, maritime engineering, transport engineering, and mining engineering;0.0778675377368927;RDF107;Other natural sciences;0.07772741466760635;RDF509;Other social sciences;0.07661468535661697
314;Dissection of non-canonical DNA damage response mechanisms controlling the senescence program (Genes, Cells and Molecules);RDF20-21;Engineering and technology;0.551773726940155;RDF10;Natural sciences;0.2253444641828537;RDF30;Medical, health and life sciences;0.09259413927793503;RDF106;Biological sciences;0.9847230315208435;RDF104;Chemical sciences;0.8875948786735535;RDF103;Physical sciences;0.8255193829536438;RDF301;Basic medicine and life sciences;0.7158214449882507;RDF202;Industrial, systems and processes engineering;0.6241432428359985
315;Comment habiter le territoire québécois de façon sobre et résiliente dans un contexte de transition écologique?;RDF20-21;Engineering and technology;0.28821223974227905;RDF50;Social sciences;0.24210724234580994;RDF60;Humanities and the arts;0.13449004292488098;RDF201;Civil engineering, maritime engineering, transport engineering, and mining engineering;0.771111786365509;RDF504;Sociology and related studies;0.5686553120613098;RDF507;Social and economic geography;0.32557412981987;RDF105;Earth and related environmental sciences;0.24730509519577026;RDF509;Other social sciences;0.2254166156053543
316;Deafness Induced Brain Reorganization: a research program to examine how deafness modifies cortical functions and affects compensatory vision and auditory performance following cochlear implantation (Behavioural Sciences – Behavioural Studies, Neuroscience and Cognition);RDF30;Medical, health and life sciences;0.7753660082817078;RDF20-21;Engineering and technology;0.13611049950122833;RDF40;Agricultural and veterinary sciences;0.025690173730254173;RDF302;Clinical medicine;0.45177242159843445;RDF301;Basic medicine and life sciences;0.3467901349067688;RDF303;Health sciences;0.2834341526031494;RDF501;Psychology and cognitive sciences;0.28333500027656555;RDF106;Biological sciences;0.2738170623779297
317;Multiscale modeling of multiphase flows in chemical engineering processes (Materials and Chemical Engineering);RDF20-21;Engineering and technology;0.628129780292511;RDF10;Natural sciences;0.12398842722177505;RDF40;Agricultural and veterinary sciences;0.12386740744113922;RDF104;Chemical sciences;0.8000288605690002;RDF103;Physical sciences;0.7775533199310303;RDF202;Industrial, systems and processes engineering;0.7251866459846497;RDF201;Civil engineering, maritime engineering, transport engineering, and mining engineering;0.6089556217193604;RDF205;Chemical engineering;0.4967956840991974
318;Soutien à la mobilisation des milieux scolaires pour la mise en oeuvre de mesures intégrées et structurées favorisant la socialisation des élèves, leur bien-être psychologique, ainsi que la prévention de la violence;RDF50;Social sciences;0.8160207867622375;RDF20-21;Engineering and technology;0.04694473370909691;RDF60;Humanities and the arts;0.041226789355278015;RDF503;Education;0.9959219098091125;RDF501;Psychology and cognitive sciences;0.584865927696228;RDF504;Sociology and related studies;0.26459580659866333;RDF509;Other social sciences;0.19314737617969513;RDF604;Arts (arts, history of arts, performing arts, music), architecture and design;0.19110113382339478
319;La Trajectoire du mouvement debussyste (1895-1923) : Style, réception, implantation institutionnelle (Fine Arts, Research-Creation);RDF60;Humanities and the arts;0.720548152923584;RDF20-21;Engineering and technology;0.12442021071910858;RDF50;Social sciences;0.048226602375507355;RDF604;Arts (arts, history of arts, performing arts, music), architecture and design;0.9674717783927917;RDF104;Chemical sciences;0.4528912901878357;RDF201;Civil engineering, maritime engineering, transport engineering, and mining engineering;0.302906334400177;RDF301;Basic medicine and life sciences;0.246714785695076;RDF601;History, archaeology and related studies;0.22227780520915985
320;High-order Geometry, Mesh and Adaptivity for Fluid-Structure Interaction Simulations (Mechanical Engineering);RDF20-21;Engineering and technology;0.9189721941947937;RDF40;Agricultural and veterinary sciences;0.03225414454936981;RDF10;Natural sciences;0.021381234750151634;RDF204;Mechanical engineering;0.9964134097099304;RDF104;Chemical sciences;0.6601175665855408;RDF102;Computer and information sciences;0.6567270755767822;RDF103;Physical sciences;0.6241647005081177;RDF201;Civil engineering, maritime engineering, transport engineering, and mining engineering;0.5063778162002563
321;Computational analysis and modeling of ribonucleic acid structure, function, and dynamics (Genes, Cells and Molecules);RDF20-21;Engineering and technology;0.6864097714424133;RDF10;Natural sciences;0.11714451760053635;RDF30;Medical, health and life sciences;0.08756598830223083;RDF104;Chemical sciences;0.9609884023666382;RDF102;Computer and information sciences;0.9448931217193604;RDF103;Physical sciences;0.9412774443626404;RDF106;Biological sciences;0.9210031032562256;RDF203;Electrical engineering, computer engineering, and information engineering;0.8102913498878479
322;Stratégies d'épargne transfusionnelle et de prévention de la pénurie de produits sanguins labiles : de l'utilisation clinique appropriée à l'élargissement du pool de donneurs;RDF30;Medical, health and life sciences;0.7722691297531128;RDF20-21;Engineering and technology;0.06499013304710388;RDF40;Agricultural and veterinary sciences;0.06001806631684303;RDF303;Health sciences;0.985327959060669;RDF302;Clinical medicine;0.9811488389968872;RDF504;Sociology and related studies;0.6756041049957275;RDF403;Veterinary sciences;0.659103512763977;RDF301;Basic medicine and life sciences;0.6334244608879089
323;Relaxation, friction interne et ondes gravitationnelles (Physics);RDF20-21;Engineering and technology;0.38166525959968567;RDF10;Natural sciences;0.2980405390262604;RDF40;Agricultural and veterinary sciences;0.13106538355350494;RDF103;Physical sciences;0.9946670532226562;RDF104;Chemical sciences;0.8359527587890625;RDF201;Civil engineering, maritime engineering, transport engineering, and mining engineering;0.6568096280097961;RDF301;Basic medicine and life sciences;0.5378607511520386;RDF603;Philosophy;0.464446097612381
324;Penser la citoyenneté vécue des femmes dans les pratiques participatives du care au quotidien en Amérique latine : Le cas des cuisines communautaires de la ville de Mexico (Political science and public administration);RDF50;Social sciences;0.35454827547073364;RDF30;Medical, health and life sciences;0.24296435713768005;RDF40;Agricultural and veterinary sciences;0.12234924733638763;RDF303;Health sciences;0.8171370625495911;RDF504;Sociology and related studies;0.7752646803855896;RDF506;Political science and policy administration;0.5197346210479736;RDF301;Basic medicine and life sciences;0.13095077872276306;RDF509;Other social sciences;0.1283065378665924
325;Statistical analysis of microbiome longitudinal data with multiplex networks (Evolution and Ecology);RDF20-21;Engineering and technology;0.32008096575737;RDF10;Natural sciences;0.28566062450408936;RDF30;Medical, health and life sciences;0.1534266173839569;RDF101;Mathematics and statistics;0.9836755394935608;RDF106;Biological sciences;0.818591833114624;RDF104;Chemical sciences;0.8181563019752502;RDF102;Computer and information sciences;0.7901662588119507;RDF203;Electrical engineering, computer engineering, and information engineering;0.6640911102294922
326;Reaction mechanisms of catalytic reactions using earth-abundant metals (Chemistry);RDF10;Natural sciences;0.39979130029678345;RDF20-21;Engineering and technology;0.39706769585609436;RDF30;Medical, health and life sciences;0.08570435643196106;RDF104;Chemical sciences;0.9814890027046204;RDF105;Earth and related environmental sciences;0.9224124550819397;RDF103;Physical sciences;0.866528332233429;RDF205;Chemical engineering;0.7224780321121216;RDF106;Biological sciences;0.5646761655807495
327;Investigation of a novel tumor suppressor mechanism in medulloblastoma;RDF30;Medical, health and life sciences;0.5446819067001343;RDF20-21;Engineering and technology;0.33295735716819763;RDF10;Natural sciences;0.04640055075287819;RDF302;Clinical medicine;0.9701551795005798;RDF104;Chemical sciences;0.9470392465591431;RDF106;Biological sciences;0.8988109230995178;RDF103;Physical sciences;0.8526903390884399;RDF301;Basic medicine and life sciences;0.8463237881660461
328;Autonomous security for complex systems (Computer Science);RDF20-21;Engineering and technology;0.7223193049430847;RDF40;Agricultural and veterinary sciences;0.10385691374540329;RDF10;Natural sciences;0.051262497901916504;RDF102;Computer and information sciences;0.9959771037101746;RDF202;Industrial, systems and processes engineering;0.961713969707489;RDF201;Civil engineering, maritime engineering, transport engineering, and mining engineering;0.8563924431800842;RDF203;Electrical engineering, computer engineering, and information engineering;0.8392734527587891;RDF104;Chemical sciences;0.21060390770435333
329;Résonance et altération audiovisuelles: pour une pensée sonore de la vidéo et du cinéma expérimental (Fine arts, research-creation);RDF20-21;Engineering and technology;0.45234379172325134;RDF60;Humanities and the arts;0.22485773265361786;RDF40;Agricultural and veterinary sciences;0.09804139286279678;RDF604;Arts (arts, history of arts, performing arts, music), architecture and design;0.9283113479614258;RDF508;Media and communications;0.7188411951065063;RDF201;Civil engineering, maritime engineering, transport engineering, and mining engineering;0.1271640509366989;RDF301;Basic medicine and life sciences;0.11109646409749985;RDF104;Chemical sciences;0.0839654728770256
330;Concentration of measure on quantum states (Computer Science);RDF20-21;Engineering and technology;0.6152575016021729;RDF40;Agricultural and veterinary sciences;0.1065509095788002;RDF10;Natural sciences;0.09348149597644806;RDF102;Computer and information sciences;0.9896318912506104;RDF103;Physical sciences;0.9682614207267761;RDF201;Civil engineering, maritime engineering, transport engineering, and mining engineering;0.5842341184616089;RDF202;Industrial, systems and processes engineering;0.43624672293663025;RDF104;Chemical sciences;0.36291274428367615
331;The use of facial information from developmental prosopagnosics to super-recognizers (Biological Systems and Functions);RDF20-21;Engineering and technology;0.4075305163860321;RDF10;Natural sciences;0.2527327537536621;RDF30;Medical, health and life sciences;0.16121888160705566;RDF106;Biological sciences;0.7360687255859375;RDF201;Civil engineering, maritime engineering, transport engineering, and mining engineering;0.6458182334899902;RDF501;Psychology and cognitive sciences;0.633863627910614;RDF301;Basic medicine and life sciences;0.593484103679657;RDF504;Sociology and related studies;0.589284360408783
332;Raman spectroscopy platform integrating highly sensitive photonic devices, nanostructured surfaces and machine learning for on-site detection of multiple diseases;RDF20-21;Engineering and technology;0.547983705997467;RDF30;Medical, health and life sciences;0.30306896567344666;RDF40;Agricultural and veterinary sciences;0.06148207187652588;RDF211;Nano-technology;0.8575296998023987;RDF102;Computer and information sciences;0.6595422029495239;RDF202;Industrial, systems and processes engineering;0.6174044609069824;RDF207;Medical and biomedical engineering;0.4871397018432617;RDF103;Physical sciences;0.4728812575340271
333;Capillary stalling and hypoxic micropockets: two sides of the same phenomena? (Cardiovascular System – Vascular System);RDF30;Medical, health and life sciences;0.5859262943267822;RDF20-21;Engineering and technology;0.17687444388866425;RDF10;Natural sciences;0.12343305349349976;RDF103;Physical sciences;0.9689737558364868;RDF303;Health sciences;0.9337940216064453;RDF301;Basic medicine and life sciences;0.9146726131439209;RDF104;Chemical sciences;0.8857303857803345;RDF302;Clinical medicine;0.8699910044670105
334;Crime sans châtiment : compétences et réussite criminelle (Law and criminology);RDF50;Social sciences;0.3191406726837158;RDF20-21;Engineering and technology;0.2328052669763565;RDF40;Agricultural and veterinary sciences;0.19224990904331207;RDF505;Law and legal practice;0.6247515082359314;RDF201;Civil engineering, maritime engineering, transport engineering, and mining engineering;0.23881636559963226;RDF604;Arts (arts, history of arts, performing arts, music), architecture and design;0.21742059290409088;RDF104;Chemical sciences;0.20681393146514893;RDF301;Basic medicine and life sciences;0.08632347732782364
335;Crop rhizosphere response to environmental stress (Biological Systems and Functions);RDF10;Natural sciences;0.41991087794303894;RDF40;Agricultural and veterinary sciences;0.2778153121471405;RDF20-21;Engineering and technology;0.1908462643623352;RDF401;Agriculture, forestry, and fisheries;0.9412774443626404;RDF104;Chemical sciences;0.9169687032699585;RDF106;Biological sciences;0.8828325867652893;RDF105;Earth and related environmental sciences;0.8547027707099915;RDF301;Basic medicine and life sciences;0.7981081604957581
336;Towards remission and full recovery from obsessive-compulsive disorder: Investigating the efficacy of Inference-Based Cognitive-Behavioral Therapy when standard treatment has failed;RDF30;Medical, health and life sciences;0.7906847596168518;RDF20-21;Engineering and technology;0.052714549005031586;RDF50;Social sciences;0.052253272384405136;RDF501;Psychology and cognitive sciences;0.9638820290565491;RDF303;Health sciences;0.8161134123802185;RDF302;Clinical medicine;0.8101787567138672;RDF301;Basic medicine and life sciences;0.5844935774803162;RDF509;Other social sciences;0.21816925704479218
337;Soft coral flexibility: its impact on hydrodynamic loads, feeding and a way to measure flow velocity;RDF10;Natural sciences;0.3195228576660156;RDF40;Agricultural and veterinary sciences;0.2656709551811218;RDF20-21;Engineering and technology;0.21694022417068481;RDF105;Earth and related environmental sciences;0.9122408628463745;RDF104;Chemical sciences;0.9099070429801941;RDF101;Mathematics and statistics;0.8889517188072205;RDF202;Industrial, systems and processes engineering;0.8568721413612366;RDF106;Biological sciences;0.8424099087715149
338;Sexual selection and the evolution of cognition (Evolution and Ecology);RDF10;Natural sciences;0.2666248679161072;RDF50;Social sciences;0.19683697819709778;RDF20-21;Engineering and technology;0.17756709456443787;RDF604;Arts (arts, history of arts, performing arts, music), architecture and design;0.712807297706604;RDF106;Biological sciences;0.6938620805740356;RDF501;Psychology and cognitive sciences;0.6854496002197266;RDF201;Civil engineering, maritime engineering, transport engineering, and mining engineering;0.46309518814086914;RDF104;Chemical sciences;0.2177530974149704
339;Characterization of lincRNA-miRNA networks (Genes, Cells and Molecules);RDF20-21;Engineering and technology;0.510589063167572;RDF10;Natural sciences;0.14317686855793;RDF30;Medical, health and life sciences;0.12957076728343964;RDF106;Biological sciences;0.9112982153892517;RDF102;Computer and information sciences;0.8958420157432556;RDF104;Chemical sciences;0.881920337677002;RDF103;Physical sciences;0.8783664107322693;RDF202;Industrial, systems and processes engineering;0.7288930416107178
340;Rétroaction corrective écrite : à quel moment et pour qui? (Education and social work);RDF20-21;Engineering and technology;0.34147921204566956;RDF50;Social sciences;0.31612518429756165;RDF60;Humanities and the arts;0.1866133213043213;RDF503;Education;0.9814889430999756;RDF104;Chemical sciences;0.8993867635726929;RDF604;Arts (arts, history of arts, performing arts, music), architecture and design;0.8983213305473328;RDF103;Physical sciences;0.6729767918586731;RDF102;Computer and information sciences;0.6712821125984192
341;EDITH: Efficient Design for Intelligent devices exploiting emerging TecHnologies (Electrical and Computer Engineering);RDF20-21;Engineering and technology;0.9073748588562012;RDF40;Agricultural and veterinary sciences;0.03238022327423096;RDF50;Social sciences;0.017331885173916817;RDF201;Civil engineering, maritime engineering, transport engineering, and mining engineering;0.6391555666923523;RDF203;Electrical engineering, computer engineering, and information engineering;0.5944409370422363;RDF102;Computer and information sciences;0.5563242435455322;RDF104;Chemical sciences;0.1965947449207306;RDF301;Basic medicine and life sciences;0.16545823216438293
342;When Pain Drives you N. U. T. S.: A mixed methods approach to investigating triggers of the stress response and multidimensional pain outcomes in a sample of individuals suffering from chronic low back pain (Psychosocial, Sociocultural & Behavioural Determinants of Health);RDF30;Medical, health and life sciences;0.8898470997810364;RDF50;Social sciences;0.03021193854510784;RDF10;Natural sciences;0.02632560022175312;RDF303;Health sciences;0.966820240020752;RDF501;Psychology and cognitive sciences;0.9158841967582703;RDF302;Clinical medicine;0.7172099947929382;RDF301;Basic medicine and life sciences;0.6936286091804504;RDF504;Sociology and related studies;0.48659074306488037
343;Preclinical development of highly potent and orally bioavailable PCSK9 inhibitors for patients at high cardiovascular risk;RDF30;Medical, health and life sciences;0.6829279661178589;RDF20-21;Engineering and technology;0.16392146050930023;RDF40;Agricultural and veterinary sciences;0.07595190405845642;RDF303;Health sciences;0.9576753973960876;RDF302;Clinical medicine;0.9313377141952515;RDF301;Basic medicine and life sciences;0.8807458281517029;RDF104;Chemical sciences;0.8101036548614502;RDF106;Biological sciences;0.7347861528396606
344;Targeting 14-3-3zeta to promote human pancreatic beta-cell proliferation (Diabetes, Obesity, Lipid & Lipoprotein Disorders);RDF30;Medical, health and life sciences;0.6956492066383362;RDF20-21;Engineering and technology;0.12741605937480927;RDF10;Natural sciences;0.09350450336933136;RDF301;Basic medicine and life sciences;0.8955227136611938;RDF303;Health sciences;0.8929831981658936;RDF302;Clinical medicine;0.8255897164344788;RDF104;Chemical sciences;0.7654180526733398;RDF106;Biological sciences;0.6414925456047058
345;Colloque scientifique annuel de l'Équipe de recherche interdisciplinaire sur les familles réfugiées et demandeuses d'asile;RDF20-21;Engineering and technology;0.571412205696106;RDF50;Social sciences;0.15836583077907562;RDF30;Medical, health and life sciences;0.07967023551464081;RDF201;Civil engineering, maritime engineering, transport engineering, and mining engineering;0.4450169801712036;RDF104;Chemical sciences;0.27742406725883484;RDF301;Basic medicine and life sciences;0.2735743820667267;RDF604;Arts (arts, history of arts, performing arts, music), architecture and design;0.25996649265289307;RDF102;Computer and information sciences;0.2205522209405899
346;Machine Learning in the Presence of Model-Dependent Data (Computer Science);RDF20-21;Engineering and technology;0.6251367330551147;RDF40;Agricultural and veterinary sciences;0.15675275027751923;RDF50;Social sciences;0.07429827004671097;RDF102;Computer and information sciences;0.9949983358383179;RDF203;Electrical engineering, computer engineering, and information engineering;0.7843190431594849;RDF201;Civil engineering, maritime engineering, transport engineering, and mining engineering;0.640214204788208;RDF104;Chemical sciences;0.4573184847831726;RDF202;Industrial, systems and processes engineering;0.1942913681268692
347;Sustainable mobility in Canadian cities: Towards an integrated measurement and understanding of the performance of land use and transport systems and their impacts on travel behavior (Civil, Industrial and Systems Engineering);RDF20-21;Engineering and technology;0.9243883490562439;RDF10;Natural sciences;0.03135404363274574;RDF50;Social sciences;0.01606106199324131;RDF201;Civil engineering, maritime engineering, transport engineering, and mining engineering;0.9897712469100952;RDF212;Other engineering and technologies;0.13799646496772766;RDF202;Industrial, systems and processes engineering;0.11075937747955322;RDF507;Social and economic geography;0.08471965044736862;RDF105;Earth and related environmental sciences;0.07490526884794235
348;L'enseignement de l'écriture par les enseignants de littérature et de philosophie du collégial (Education and social work);RDF60;Humanities and the arts;0.6660934090614319;RDF50;Social sciences;0.16792210936546326;RDF20-21;Engineering and technology;0.07261135429143906;RDF503;Education;0.973418116569519;RDF604;Arts (arts, history of arts, performing arts, music), architecture and design;0.9146345257759094;RDF602;Languages and literature;0.7942652702331543;RDF104;Chemical sciences;0.06748520582914352;RDF509;Other social sciences;0.06717857718467712
349;Investigating the metabolic determinants of triple-negative breast cancer progression through chromatin dependencies (Cancer Progression & Therapeutics);RDF30;Medical, health and life sciences;0.6619976162910461;RDF10;Natural sciences;0.12141532450914383;RDF20-21;Engineering and technology;0.10438942164182663;RDF301;Basic medicine and life sciences;0.9808576703071594;RDF106;Biological sciences;0.9610249400138855;RDF303;Health sciences;0.9475754499435425;RDF104;Chemical sciences;0.9108631014823914;RDF302;Clinical medicine;0.6783003211021423
350;Modélisation et mesure des risques financiers (Mathematics and Statistics);RDF20-21;Engineering and technology;0.5246697664260864;RDF10;Natural sciences;0.19576777517795563;RDF40;Agricultural and veterinary sciences;0.13324153423309326;RDF101;Mathematics and statistics;0.9838472008705139;RDF102;Computer and information sciences;0.9010969400405884;RDF201;Civil engineering, maritime engineering, transport engineering, and mining engineering;0.8251674771308899;RDF104;Chemical sciences;0.6673373579978943;RDF202;Industrial, systems and processes engineering;0.6564381122589111
351;Ecological and evolutionary drivers of host-symbiont associations in the phyllosphere (Evolution and Ecology);RDF10;Natural sciences;0.5024417638778687;RDF20-21;Engineering and technology;0.14704224467277527;RDF40;Agricultural and veterinary sciences;0.14113321900367737;RDF106;Biological sciences;0.6771538257598877;RDF104;Chemical sciences;0.6343026757240295;RDF105;Earth and related environmental sciences;0.3256545662879944;RDF107;Other natural sciences;0.30964961647987366;RDF103;Physical sciences;0.2930503189563751
352;Comment nourrir en santé toujours plus d'humains sans épuiser les ressources terrestres dans un contexte de changements climatiques ?;RDF30;Medical, health and life sciences;0.4904199540615082;RDF40;Agricultural and veterinary sciences;0.20553845167160034;RDF20-21;Engineering and technology;0.1316407322883606;RDF303;Health sciences;0.9964481592178345;RDF105;Earth and related environmental sciences;0.9683812856674194;RDF301;Basic medicine and life sciences;0.8670357465744019;RDF507;Social and economic geography;0.8565125465393066;RDF201;Civil engineering, maritime engineering, transport engineering, and mining engineering;0.833256721496582
353;Applications of machine learning in finance and economics;RDF20-21;Engineering and technology;0.48803406953811646;RDF40;Agricultural and veterinary sciences;0.17223869264125824;RDF10;Natural sciences;0.1045190766453743;RDF102;Computer and information sciences;0.9789956212043762;RDF104;Chemical sciences;0.8868130445480347;RDF201;Civil engineering, maritime engineering, transport engineering, and mining engineering;0.8785749673843384;RDF502;Economics and business administration;0.8571116328239441;RDF604;Arts (arts, history of arts, performing arts, music), architecture and design;0.731442391872406
354;Dynamic Games: Theory, Algorithms and Applications (Civil, Industrial and Systems Engineering);RDF20-21;Engineering and technology;0.8086170554161072;RDF50;Social sciences;0.052200451493263245;RDF10;Natural sciences;0.04495567828416824;RDF102;Computer and information sciences;0.9322685599327087;RDF201;Civil engineering, maritime engineering, transport engineering, and mining engineering;0.8029807806015015;RDF202;Industrial, systems and processes engineering;0.5885381102561951;RDF104;Chemical sciences;0.3840743601322174;RDF103;Physical sciences;0.3238610625267029
355;In-vitro Oral, Inhalation, and Dermal Bioaccessibility and Bioavailability of Metal(loid)s from Polluted Soils and Mine Tailings;RDF30;Medical, health and life sciences;0.3913496136665344;RDF10;Natural sciences;0.23288816213607788;RDF20-21;Engineering and technology;0.19736029207706451;RDF208;Environmental engineering and related engineering;0.9514138102531433;RDF105;Earth and related environmental sciences;0.87364661693573;RDF104;Chemical sciences;0.855549693107605;RDF302;Clinical medicine;0.728651762008667;RDF106;Biological sciences;0.6938360929489136
356;Electrochemical biosensors for point-of-care diagnostics (Materials and Chemical Engineering);RDF20-21;Engineering and technology;0.4831981956958771;RDF30;Medical, health and life sciences;0.38561558723449707;RDF40;Agricultural and veterinary sciences;0.06890115886926651;RDF303;Health sciences;0.832236647605896;RDF106;Biological sciences;0.7689067125320435;RDF104;Chemical sciences;0.6866328120231628;RDF201;Civil engineering, maritime engineering, transport engineering, and mining engineering;0.6536107063293457;RDF302;Clinical medicine;0.5983635783195496
357;Look Up!: The Media Logics of Aerial Communication (Communications, media studies, gender studies, library and information science, related fields);RDF20-21;Engineering and technology;0.6705619692802429;RDF50;Social sciences;0.10203374177217484;RDF60;Humanities and the arts;0.07762317359447479;RDF508;Media and communications;0.9741166830062866;RDF604;Arts (arts, history of arts, performing arts, music), architecture and design;0.7963716387748718;RDF102;Computer and information sciences;0.6253451704978943;RDF201;Civil engineering, maritime engineering, transport engineering, and mining engineering;0.4732920229434967;RDF204;Mechanical engineering;0.27581191062927246
358;Expectation Formation, Excess Currency Returns, and Foreign Exchange Interventions;RDF20-21;Engineering and technology;0.5496253371238708;RDF40;Agricultural and veterinary sciences;0.1222195252776146;RDF50;Social sciences;0.116622693836689;RDF502;Economics and business administration;0.9812748432159424;RDF104;Chemical sciences;0.8961605429649353;RDF202;Industrial, systems and processes engineering;0.8014701008796692;RDF102;Computer and information sciences;0.7791118025779724;RDF201;Civil engineering, maritime engineering, transport engineering, and mining engineering;0.7336904406547546
359;Études génétiques et moléculaires de la fonction des Polycomb dans la formation et le maintien de la stabilité de l'hétérochromatine (Genes, Cells and Molecules);RDF20-21;Engineering and technology;0.3996494710445404;RDF10;Natural sciences;0.22197730839252472;RDF40;Agricultural and veterinary sciences;0.16682255268096924;RDF106;Biological sciences;0.9658674001693726;RDF301;Basic medicine and life sciences;0.5446954369544983;RDF103;Physical sciences;0.4798235595226288;RDF105;Earth and related environmental sciences;0.3163164556026459;RDF104;Chemical sciences;0.2943163812160492
360;Bringing the quantum revolution to fruition (Computer Science);RDF20-21;Engineering and technology;0.8235728144645691;RDF40;Agricultural and veterinary sciences;0.047102395445108414;RDF10;Natural sciences;0.03848141431808472;RDF102;Computer and information sciences;0.9962419271469116;RDF103;Physical sciences;0.9464483857154846;RDF201;Civil engineering, maritime engineering, transport engineering, and mining engineering;0.50018310546875;RDF202;Industrial, systems and processes engineering;0.31798192858695984;RDF203;Electrical engineering, computer engineering, and information engineering;0.3112698197364807
361;Apprentissage automatique et optimisation pour les graphes et réseaux (Civil, Industrial and Systems Engineering);RDF20-21;Engineering and technology;0.8282960057258606;RDF40;Agricultural and veterinary sciences;0.0569193996489048;RDF10;Natural sciences;0.0408775731921196;RDF102;Computer and information sciences;0.9608416557312012;RDF104;Chemical sciences;0.7451202869415283;RDF202;Industrial, systems and processes engineering;0.7275159358978271;RDF201;Civil engineering, maritime engineering, transport engineering, and mining engineering;0.675363302230835;RDF203;Electrical engineering, computer engineering, and information engineering;0.6220253109931946
362;Thanatographies: (re)penser la mort en littérature;RDF60;Humanities and the arts;0.5207093358039856;RDF20-21;Engineering and technology;0.237932950258255;RDF40;Agricultural and veterinary sciences;0.07717011868953705;RDF103;Physical sciences;0.9404625296592712;RDF604;Arts (arts, history of arts, performing arts, music), architecture and design;0.9090225696563721;RDF104;Chemical sciences;0.8175016045570374;RDF601;History, archaeology and related studies;0.8052878975868225;RDF201;Civil engineering, maritime engineering, transport engineering, and mining engineering;0.7398925423622131
363;Mechanisms of assembly and function of the septin cytoskeleton in Drosophila (Genes, Cells and Molecules);RDF20-21;Engineering and technology;0.4961265027523041;RDF10;Natural sciences;0.31016501784324646;RDF30;Medical, health and life sciences;0.08929872512817383;RDF106;Biological sciences;0.9776071906089783;RDF103;Physical sciences;0.9419218301773071;RDF104;Chemical sciences;0.8344743251800537;RDF301;Basic medicine and life sciences;0.7451666593551636;RDF202;Industrial, systems and processes engineering;0.7135813236236572
364;Propagating Marginal Probability Mass Functions in Constraint Programming Solvers: Challenges and Opportunities;RDF20-21;Engineering and technology;0.7494366765022278;RDF40;Agricultural and veterinary sciences;0.08762633055448532;RDF10;Natural sciences;0.063921257853508;RDF102;Computer and information sciences;0.9979691505432129;RDF202;Industrial, systems and processes engineering;0.9829873442649841;RDF103;Physical sciences;0.9539660811424255;RDF101;Mathematics and statistics;0.9496226906776428;RDF502;Economics and business administration;0.9402982592582703
365;Magnetic resonance navigation of drug eluting beads for liver cancer therapy: in-vitro optimization and preclinical safety efficacy study (Medical Physics & Imaging);RDF30;Medical, health and life sciences;0.7137165069580078;RDF20-21;Engineering and technology;0.24883124232292175;RDF10;Natural sciences;0.018078159540891647;RDF303;Health sciences;0.9577544927597046;RDF301;Basic medicine and life sciences;0.9188086986541748;RDF207;Medical and biomedical engineering;0.8189540505409241;RDF104;Chemical sciences;0.8149380683898926;RDF302;Clinical medicine;0.7526949048042297
366;Robotic Perception in Extreme Environments (Electrical and Computer Engineering);RDF20-21;Engineering and technology;0.829179584980011;RDF50;Social sciences;0.04840564727783203;RDF40;Agricultural and veterinary sciences;0.045472897589206696;RDF201;Civil engineering, maritime engineering, transport engineering, and mining engineering;0.756177544593811;RDF203;Electrical engineering, computer engineering, and information engineering;0.6103119850158691;RDF104;Chemical sciences;0.5733630657196045;RDF102;Computer and information sciences;0.48474594950675964;RDF202;Industrial, systems and processes engineering;0.4161476790904999
367;Modular and Lifelong Learning for Developing General Purpose Robotic Agents (Computer Science);RDF20-21;Engineering and technology;0.7333718538284302;RDF40;Agricultural and veterinary sciences;0.08053310960531235;RDF50;Social sciences;0.07448095828294754;RDF102;Computer and information sciences;0.9771319627761841;RDF201;Civil engineering, maritime engineering, transport engineering, and mining engineering;0.7936662435531616;RDF104;Chemical sciences;0.6612396240234375;RDF203;Electrical engineering, computer engineering, and information engineering;0.5267384052276611;RDF503;Education;0.4749964773654938
368;Algorithmic Fairness in Black-box Machine Learning Models (Computer Science);RDF20-21;Engineering and technology;0.7175893187522888;RDF40;Agricultural and veterinary sciences;0.12015566229820251;RDF50;Social sciences;0.04641469568014145;RDF102;Computer and information sciences;0.9974639415740967;RDF104;Chemical sciences;0.8761582970619202;RDF203;Electrical engineering, computer engineering, and information engineering;0.8631611466407776;RDF201;Civil engineering, maritime engineering, transport engineering, and mining engineering;0.7427017688751221;RDF202;Industrial, systems and processes engineering;0.4972229301929474
369;Sex- and hormone-dependent recruitment of inhibitory neurons in rodent sensory cortex (Genes, Cells and Molecules);RDF20-21;Engineering and technology;0.28675755858421326;RDF10;Natural sciences;0.26024752855300903;RDF30;Medical, health and life sciences;0.21102920174598694;RDF106;Biological sciences;0.9477208256721497;RDF301;Basic medicine and life sciences;0.7862127423286438;RDF104;Chemical sciences;0.4047721028327942;RDF201;Civil engineering, maritime engineering, transport engineering, and mining engineering;0.3867127597332001;RDF501;Psychology and cognitive sciences;0.271348237991333
370;Investigating the Adamts19-dependent mechanisms that regulate valve maturation (Developmental Biology);RDF20-21;Engineering and technology;0.38294634222984314;RDF10;Natural sciences;0.21899676322937012;RDF40;Agricultural and veterinary sciences;0.17294488847255707;RDF106;Biological sciences;0.8705973029136658;RDF104;Chemical sciences;0.8039445877075195;RDF102;Computer and information sciences;0.7490872144699097;RDF301;Basic medicine and life sciences;0.7474316358566284;RDF201;Civil engineering, maritime engineering, transport engineering, and mining engineering;0.7381503582000732
371;Social Innovation Processes in and around Multinational Companies: The Role of Social Activists and their Transnational Networks (Social Innovation);RDF20-21;Engineering and technology;0.3882390856742859;RDF50;Social sciences;0.35018858313560486;RDF40;Agricultural and veterinary sciences;0.10317493230104446;RDF502;Economics and business administration;0.8183741569519043;RDF504;Sociology and related studies;0.6974543929100037;RDF102;Computer and information sciences;0.6858178973197937;RDF201;Civil engineering, maritime engineering, transport engineering, and mining engineering;0.6408044099807739;RDF202;Industrial, systems and processes engineering;0.5248817205429077
372;Regulation of collective cell migration by the kinase Misshapen (Cell and Developmental Physiology);RDF30;Medical, health and life sciences;0.43005549907684326;RDF20-21;Engineering and technology;0.22350510954856873;RDF10;Natural sciences;0.12922069430351257;RDF103;Physical sciences;0.918407142162323;RDF106;Biological sciences;0.9153181910514832;RDF104;Chemical sciences;0.8948354125022888;RDF301;Basic medicine and life sciences;0.7822468876838684;RDF302;Clinical medicine;0.533564567565918
373;COHESION Study 2.0: COvid-19, HEalth and Social InteractiOn in Neighbourhoods;RDF20-21;Engineering and technology;0.44075465202331543;RDF30;Medical, health and life sciences;0.24048396944999695;RDF50;Social sciences;0.14042724668979645;RDF604;Arts (arts, history of arts, performing arts, music), architecture and design;0.8259409666061401;RDF201;Civil engineering, maritime engineering, transport engineering, and mining engineering;0.7733447551727295;RDF104;Chemical sciences;0.7192357182502747;RDF102;Computer and information sciences;0.6571947336196899;RDF303;Health sciences;0.6319208741188049
374;Breaking silos: Integrating software development and operations activities in organizations;RDF20-21;Engineering and technology;0.6983240246772766;RDF40;Agricultural and veterinary sciences;0.09803301841020584;RDF50;Social sciences;0.06780608743429184;RDF102;Computer and information sciences;0.980802595615387;RDF202;Industrial, systems and processes engineering;0.965348482131958;RDF201;Civil engineering, maritime engineering, transport engineering, and mining engineering;0.8500334024429321;RDF104;Chemical sciences;0.8347439765930176;RDF103;Physical sciences;0.33003920316696167
375;Differential impact of stress on risk-taking behaviour in individuals using hippocampus versus caudate nucleus-dependent virtual navigation strategies (Biological Systems and Functions);RDF10;Natural sciences;0.36514797806739807;RDF30;Medical, health and life sciences;0.24809904396533966;RDF20-21;Engineering and technology;0.24461068212985992;RDF501;Psychology and cognitive sciences;0.9425596594810486;RDF106;Biological sciences;0.8572908043861389;RDF504;Sociology and related studies;0.845241129398346;RDF301;Basic medicine and life sciences;0.6142204999923706;RDF201;Civil engineering, maritime engineering, transport engineering, and mining engineering;0.5046385526657104
376;Gas phase activation of monosaccharides and 5-hydroxymethylfurfural to 2,5 diformylfuran a PEF monomer (Materials and Chemical Engineering);RDF20-21;Engineering and technology;0.7253323793411255;RDF10;Natural sciences;0.13542355597019196;RDF40;Agricultural and veterinary sciences;0.06462887674570084;RDF104;Chemical sciences;0.945600688457489;RDF205;Chemical engineering;0.9147107005119324;RDF103;Physical sciences;0.5800398588180542;RDF206;Materials engineering and resources engineering;0.4480941593647003;RDF201;Civil engineering, maritime engineering, transport engineering, and mining engineering;0.3123437762260437
377;Critical Edition, Translation and Study of Isaac ibn Latif's Commentary on Ecclesiastes (ca. 1240) (Philosophy, medieval studies, classics, religious);RDF60;Humanities and the arts;0.3114791810512543;RDF20-21;Engineering and technology;0.18490609526634216;RDF10;Natural sciences;0.1394382119178772;RDF601;History, archaeology and related studies;0.4962158799171448;RDF602;Languages and literature;0.3734472990036011;RDF603;Philosophy;0.3315524458885193;RDF604;Arts (arts, history of arts, performing arts, music), architecture and design;0.169956237077713;RDF305;Other medical sciences;0.11762280017137527
378;Sound Art Documentation : Spatial Audio and Significant Knowledge (Communications, media studies, gender studies, library and information science, related fields);RDF60;Humanities and the arts;0.3790302574634552;RDF20-21;Engineering and technology;0.3333822190761566;RDF50;Social sciences;0.08510124683380127;RDF604;Arts (arts, history of arts, performing arts, music), architecture and design;0.8565725088119507;RDF508;Media and communications;0.559184730052948;RDF201;Civil engineering, maritime engineering, transport engineering, and mining engineering;0.3390612304210663;RDF301;Basic medicine and life sciences;0.33206668496131897;RDF102;Computer and information sciences;0.21321330964565277
379;Inter-Brain Synchronization: from Measurements to Mechanisms (Biological Systems and Functions);RDF20-21;Engineering and technology;0.6318525671958923;RDF30;Medical, health and life sciences;0.11422918736934662;RDF10;Natural sciences;0.0964728444814682;RDF102;Computer and information sciences;0.9721779227256775;RDF106;Biological sciences;0.7683857679367065;RDF201;Civil engineering, maritime engineering, transport engineering, and mining engineering;0.7597605586051941;RDF104;Chemical sciences;0.7069243788719177;RDF202;Industrial, systems and processes engineering;0.6604188084602356
380;Endothelial cell genetics and blood pressure regulation (Genetics);RDF30;Medical, health and life sciences;0.51650071144104;RDF20-21;Engineering and technology;0.17925117909908295;RDF10;Natural sciences;0.14374256134033203;RDF106;Biological sciences;0.9728565812110901;RDF301;Basic medicine and life sciences;0.8696039319038391;RDF201;Civil engineering, maritime engineering, transport engineering, and mining engineering;0.6032125949859619;RDF202;Industrial, systems and processes engineering;0.47213584184646606;RDF104;Chemical sciences;0.32338008284568787
381;ImproviNg rEnal outcomes following coronary angiograPhy and/or percuTaneoUs coroNary intErventions: a pragmatic, adaptive, patient-oriented randomized controlled trial;RDF30;Medical, health and life sciences;0.8680022358894348;RDF40;Agricultural and veterinary sciences;0.043384429067373276;RDF20-21;Engineering and technology;0.037000108510255814;RDF303;Health sciences;0.9307735562324524;RDF302;Clinical medicine;0.6894363164901733;RDF301;Basic medicine and life sciences;0.3442229628562927;RDF104;Chemical sciences;0.1388700306415558;RDF207;Medical and biomedical engineering;0.13352815806865692
382;Machine Learning with Tensor Networks (Computer Science);RDF20-21;Engineering and technology;0.5795187950134277;RDF40;Agricultural and veterinary sciences;0.18722578883171082;RDF30;Medical, health and life sciences;0.07190056145191193;RDF102;Computer and information sciences;0.9967586398124695;RDF202;Industrial, systems and processes engineering;0.8734848499298096;RDF201;Civil engineering, maritime engineering, transport engineering, and mining engineering;0.8659058809280396;RDF104;Chemical sciences;0.8296990394592285;RDF203;Electrical engineering, computer engineering, and information engineering;0.8187005519866943
383;Elucidation of novel intracellular signaling mechanisms underlying uterine function and disease in cows (Biological Systems and Functions);RDF30;Medical, health and life sciences;0.2822090685367584;RDF10;Natural sciences;0.26928579807281494;RDF20-21;Engineering and technology;0.26902294158935547;RDF106;Biological sciences;0.8869600296020508;RDF301;Basic medicine and life sciences;0.8742384314537048;RDF104;Chemical sciences;0.728651762008667;RDF402;Animal and dairy sciences;0.700177788734436;RDF103;Physical sciences;0.686659038066864
384;Data extraction from videos for the analysis of behaviors in urban scenes (Computer Science);RDF20-21;Engineering and technology;0.5629042387008667;RDF50;Social sciences;0.15509642660617828;RDF10;Natural sciences;0.09901948273181915;RDF102;Computer and information sciences;0.9674102663993835;RDF203;Electrical engineering, computer engineering, and information engineering;0.8448575139045715;RDF201;Civil engineering, maritime engineering, transport engineering, and mining engineering;0.5863969922065735;RDF507;Social and economic geography;0.5857533812522888;RDF604;Arts (arts, history of arts, performing arts, music), architecture and design;0.5347188115119934
385;Inflammatory phenotype, senescence, and viscoelasticity imaging of macrophages in HIV (Medical Physics & Imaging);RDF30;Medical, health and life sciences;0.8140587210655212;RDF20-21;Engineering and technology;0.08771800994873047;RDF10;Natural sciences;0.042557694017887115;RDF303;Health sciences;0.9240047335624695;RDF104;Chemical sciences;0.9125140905380249;RDF301;Basic medicine and life sciences;0.8809508085250854;RDF106;Biological sciences;0.7806206941604614;RDF302;Clinical medicine;0.7550504803657532
386;Optimization algorithms for rich vehicle routing problems;RDF20-21;Engineering and technology;0.6646798253059387;RDF40;Agricultural and veterinary sciences;0.1334809511899948;RDF10;Natural sciences;0.06517264246940613;RDF102;Computer and information sciences;0.9918752908706665;RDF202;Industrial, systems and processes engineering;0.9783640503883362;RDF201;Civil engineering, maritime engineering, transport engineering, and mining engineering;0.9714288115501404;RDF204;Mechanical engineering;0.9600251913070679;RDF104;Chemical sciences;0.9474782943725586
387;Investigating the Innovation Process in Long-Term Care Facilities: A Research Project on the Adoption, Implementation and Assimilation of Health IT;RDF20-21;Engineering and technology;0.5015798807144165;RDF30;Medical, health and life sciences;0.3731066882610321;RDF40;Agricultural and veterinary sciences;0.05574241653084755;RDF303;Health sciences;0.9919847846031189;RDF102;Computer and information sciences;0.9211096167564392;RDF202;Industrial, systems and processes engineering;0.8794059157371521;RDF201;Civil engineering, maritime engineering, transport engineering, and mining engineering;0.7542820572853088;RDF104;Chemical sciences;0.7477080821990967
388;KBTBD4 determines key epigenetic marks that govern human hematopoietic stem cell self-renewal (Genetics);RDF30;Medical, health and life sciences;0.3725443482398987;RDF20-21;Engineering and technology;0.2488657683134079;RDF10;Natural sciences;0.19706138968467712;RDF106;Biological sciences;0.9867644309997559;RDF301;Basic medicine and life sciences;0.692590057849884;RDF104;Chemical sciences;0.5320908427238464;RDF201;Civil engineering, maritime engineering, transport engineering, and mining engineering;0.3140242397785187;RDF302;Clinical medicine;0.23855018615722656
389;Representation learning and exploration of data geometries (Computer Science);RDF20-21;Engineering and technology;0.6253626346588135;RDF40;Agricultural and veterinary sciences;0.13347285985946655;RDF50;Social sciences;0.07997316122055054;RDF102;Computer and information sciences;0.9960237741470337;RDF105;Earth and related environmental sciences;0.9406263828277588;RDF202;Industrial, systems and processes engineering;0.8092383146286011;RDF201;Civil engineering, maritime engineering, transport engineering, and mining engineering;0.7670797109603882;RDF101;Mathematics and statistics;0.7520580887794495
390;Vitamin K1 supplementation to improve cognition of patients with coronary heart disease: a randomized controlled pilot study;RDF30;Medical, health and life sciences;0.815818727016449;RDF40;Agricultural and veterinary sciences;0.05225550755858421;RDF20-21;Engineering and technology;0.044565748423337936;RDF303;Health sciences;0.9835337996482849;RDF302;Clinical medicine;0.9414392113685608;RDF501;Psychology and cognitive sciences;0.8273404240608215;RDF301;Basic medicine and life sciences;0.6936286091804504;RDF201;Civil engineering, maritime engineering, transport engineering, and mining engineering;0.5519812703132629
391;Simulation of physical processes with Monte Carlo methods in the keV and MeV energy range (Physics);RDF20-21;Engineering and technology;0.44889217615127563;RDF10;Natural sciences;0.3145461678504944;RDF40;Agricultural and veterinary sciences;0.11871249973773956;RDF103;Physical sciences;0.9975513815879822;RDF201;Civil engineering, maritime engineering, transport engineering, and mining engineering;0.7191124558448792;RDF202;Industrial, systems and processes engineering;0.6681228280067444;RDF104;Chemical sciences;0.6574009656906128;RDF102;Computer and information sciences;0.4038313329219818
392;Characterizing and targeting lipocalin-type prostaglandin D2 synthase in osteoarthritis (Clinical Investigation – Arthritis, Bone, Skin and Cartilage);RDF30;Medical, health and life sciences;0.6980346441268921;RDF20-21;Engineering and technology;0.2118515819311142;RDF10;Natural sciences;0.04955112934112549;RDF302;Clinical medicine;0.9427707195281982;RDF303;Health sciences;0.9317114353179932;RDF104;Chemical sciences;0.9052385687828064;RDF106;Biological sciences;0.8495972156524658;RDF207;Medical and biomedical engineering;0.6607199311256409
393;3D Bioprinting of Cardiac Tissues (Materials and Chemical Engineering);RDF30;Medical, health and life sciences;0.5257402062416077;RDF20-21;Engineering and technology;0.3869001269340515;RDF10;Natural sciences;0.034122053533792496;RDF303;Health sciences;0.9009662866592407;RDF106;Biological sciences;0.7914586663246155;RDF302;Clinical medicine;0.7278304100036621;RDF104;Chemical sciences;0.7193836569786072;RDF304;Medical biotechnology;0.6320202946662903
394;Fiscal Policy Spillovers and Inter-Sectoral Linkages: Theory and Evidence;RDF50;Social sciences;0.3793864846229553;RDF20-21;Engineering and technology;0.20035016536712646;RDF40;Agricultural and veterinary sciences;0.178892582654953;RDF502;Economics and business administration;0.9928231239318848;RDF506;Political science and policy administration;0.8030965924263;RDF201;Civil engineering, maritime engineering, transport engineering, and mining engineering;0.6221293807029724;RDF102;Computer and information sciences;0.5500787496566772;RDF202;Industrial, systems and processes engineering;0.5304645299911499
395;Advanced Distributed Decision-making framework for Smart grid aggregators (Electrical and Computer Engineering);RDF20-21;Engineering and technology;0.8552443981170654;RDF40;Agricultural and veterinary sciences;0.04997602850198746;RDF10;Natural sciences;0.03223545476794243;RDF102;Computer and information sciences;0.8929365277290344;RDF203;Electrical engineering, computer engineering, and information engineering;0.6013306379318237;RDF104;Chemical sciences;0.3610520660877228;RDF202;Industrial, systems and processes engineering;0.307930052280426;RDF201;Civil engineering, maritime engineering, transport engineering, and mining engineering;0.21436230838298798
396;Constitutional Legacies of the Judicial Committee of the Privy Council (Law and criminology);RDF20-21;Engineering and technology;0.27913808822631836;RDF50;Social sciences;0.20794488489627838;RDF30;Medical, health and life sciences;0.14015398919582367;RDF505;Law and legal practice;0.6608293652534485;RDF604;Arts (arts, history of arts, performing arts, music), architecture and design;0.5961466431617737;RDF201;Civil engineering, maritime engineering, transport engineering, and mining engineering;0.5745290517807007;RDF104;Chemical sciences;0.38651737570762634;RDF106;Biological sciences;0.25748494267463684
397;Developing frameworks for climate positive design: Case Study of extraction and processing industries in Nova Scotia and Quebec (Geography, urban planning and related fields);RDF20-21;Engineering and technology;0.5937318801879883;RDF10;Natural sciences;0.1498260200023651;RDF40;Agricultural and veterinary sciences;0.1103130653500557;RDF201;Civil engineering, maritime engineering, transport engineering, and mining engineering;0.6302654147148132;RDF105;Earth and related environmental sciences;0.5424391627311707;RDF208;Environmental engineering and related engineering;0.3946529030799866;RDF104;Chemical sciences;0.32966142892837524;RDF502;Economics and business administration;0.2252461463212967
398;Re-Imagining Illness: The British Woman Writer's Medical Knowledge, 1660-1820 (Literature);RDF30;Medical, health and life sciences;0.5785724520683289;RDF60;Humanities and the arts;0.20589382946491241;RDF20-21;Engineering and technology;0.12246550619602203;RDF301;Basic medicine and life sciences;0.9553191065788269;RDF604;Arts (arts, history of arts, performing arts, music), architecture and design;0.9194257855415344;RDF303;Health sciences;0.9031234383583069;RDF104;Chemical sciences;0.8849372863769531;RDF302;Clinical medicine;0.8724017143249512
399;Regulation of thymic selection thresholds and their role in establishing T cell function (Immunology & Transplantation);RDF30;Medical, health and life sciences;0.6103782653808594;RDF40;Agricultural and veterinary sciences;0.12125161290168762;RDF20-21;Engineering and technology;0.11746373027563095;RDF301;Basic medicine and life sciences;0.9852288365364075;RDF303;Health sciences;0.9567555785179138;RDF106;Biological sciences;0.9452984929084778;RDF302;Clinical medicine;0.9372682571411133;RDF104;Chemical sciences;0.8996515870094299
400;Viral Conjunctures: Pandemics and Planetary Health Narratives (Literature);RDF30;Medical, health and life sciences;0.31613680720329285;RDF60;Humanities and the arts;0.2962588667869568;RDF20-21;Engineering and technology;0.1881527453660965;RDF104;Chemical sciences;0.9045662879943848;RDF604;Arts (arts, history of arts, performing arts, music), architecture and design;0.8588370084762573;RDF602;Languages and literature;0.7751370668411255;RDF201;Civil engineering, maritime engineering, transport engineering, and mining engineering;0.7552761435508728;RDF301;Basic medicine and life sciences;0.6738895177841187
401;Companies and States: The Compagnie des Indes occidentales and the Reconfiguration of Authority in the French Atlantic, 1664-1674 (History);RDF20-21;Engineering and technology;0.4190056025981903;RDF40;Agricultural and veterinary sciences;0.13686400651931763;RDF50;Social sciences;0.13021449744701385;RDF601;History, archaeology and related studies;0.9951796531677246;RDF201;Civil engineering, maritime engineering, transport engineering, and mining engineering;0.8271310925483704;RDF502;Economics and business administration;0.7667742371559143;RDF104;Chemical sciences;0.35261964797973633;RDF301;Basic medicine and life sciences;0.22308072447776794
402;Produits sanguins provenant de don de sang d'hommes ayant des relations sexuelles avec d'autres hommes (Étude PS-HARSAH) (Public, Community & Population Health);RDF30;Medical, health and life sciences;0.7928728461265564;RDF10;Natural sciences;0.07432707399129868;RDF40;Agricultural and veterinary sciences;0.04264078661799431;RDF303;Health sciences;0.9909971356391907;RDF106;Biological sciences;0.7812054753303528;RDF301;Basic medicine and life sciences;0.7453057169914246;RDF504;Sociology and related studies;0.3689171075820923;RDF104;Chemical sciences;0.3065270483493805
403;Manipulating cytokine pathways to increase T cell stemness during chronic antigen exposure (Immunology & Transplantation);RDF30;Medical, health and life sciences;0.7623758316040039;RDF20-21;Engineering and technology;0.08404576778411865;RDF10;Natural sciences;0.06110011786222458;RDF301;Basic medicine and life sciences;0.925936222076416;RDF106;Biological sciences;0.9051128029823303;RDF302;Clinical medicine;0.7954198718070984;RDF104;Chemical sciences;0.7947037816047668;RDF303;Health sciences;0.6869478821754456
404;Sexual dimorphism and menopause in the interaction between immune cells and neurovascular coupling (Cardiovascular System – Vascular System);RDF30;Medical, health and life sciences;0.5713486075401306;RDF20-21;Engineering and technology;0.22627024352550507;RDF10;Natural sciences;0.10901051759719849;RDF301;Basic medicine and life sciences;0.9571978449821472;RDF106;Biological sciences;0.9162595272064209;RDF302;Clinical medicine;0.8604277968406677;RDF604;Arts (arts, history of arts, performing arts, music), architecture and design;0.8500956892967224;RDF104;Chemical sciences;0.8169181942939758
405;Novel Synthetic Methodologies Exploiting Nitrogen-Containing Molecules (Chemistry);RDF20-21;Engineering and technology;0.6024771332740784;RDF10;Natural sciences;0.13869811594486237;RDF30;Medical, health and life sciences;0.11448057740926743;RDF104;Chemical sciences;0.9797453284263611;RDF103;Physical sciences;0.8826808929443359;RDF106;Biological sciences;0.7977932691574097;RDF205;Chemical engineering;0.7536932826042175;RDF105;Earth and related environmental sciences;0.6673915982246399
406;Towards Systematic and Cost-Effective Monitoring of Large-Scale Software Systems (Computer Science);RDF20-21;Engineering and technology;0.7855101823806763;RDF40;Agricultural and veterinary sciences;0.08467279374599457;RDF50;Social sciences;0.03609864413738251;RDF102;Computer and information sciences;0.9970247745513916;RDF202;Industrial, systems and processes engineering;0.9060314297676086;RDF203;Electrical engineering, computer engineering, and information engineering;0.8188816905021667;RDF201;Civil engineering, maritime engineering, transport engineering, and mining engineering;0.5418331027030945;RDF104;Chemical sciences;0.4508580267429352
407;From examples to knowledge to software engineering support and automation (Computer Science);RDF20-21;Engineering and technology;0.7304133176803589;RDF40;Agricultural and veterinary sciences;0.11556817591190338;RDF60;Humanities and the arts;0.04455550014972687;RDF102;Computer and information sciences;0.9789554476737976;RDF201;Civil engineering, maritime engineering, transport engineering, and mining engineering;0.8101787567138672;RDF104;Chemical sciences;0.7430281639099121;RDF105;Earth and related environmental sciences;0.6840530037879944;RDF203;Electrical engineering, computer engineering, and information engineering;0.5559325218200684
408;B cell intrinsic mechanisms of the germinal centre reaction (Immunology & Transplantation);RDF30;Medical, health and life sciences;0.4566149413585663;RDF20-21;Engineering and technology;0.23573483526706696;RDF10;Natural sciences;0.17881296575069427;RDF301;Basic medicine and life sciences;0.9682313203811646;RDF104;Chemical sciences;0.9458513259887695;RDF106;Biological sciences;0.9259027242660522;RDF103;Physical sciences;0.9061144590377808;RDF302;Clinical medicine;0.7786914110183716
409;Modifications of newly synthesized histones and the cellular response to DNA replication stress (Genes, Cells and Molecules);RDF20-21;Engineering and technology;0.5595843195915222;RDF10;Natural sciences;0.2064635455608368;RDF30;Medical, health and life sciences;0.10195764899253845;RDF106;Biological sciences;0.9740919470787048;RDF103;Physical sciences;0.9598374366760254;RDF104;Chemical sciences;0.9408984780311584;RDF301;Basic medicine and life sciences;0.8953855037689209;RDF202;Industrial, systems and processes engineering;0.8854830861091614
410;Innovative Compressor/Fan Technologies for Reduction of Fossil Fuel Consumption;RDF20-21;Engineering and technology;0.746539294719696;RDF40;Agricultural and veterinary sciences;0.08803661912679672;RDF10;Natural sciences;0.05659148097038269;RDF202;Industrial, systems and processes engineering;0.9257686138153076;RDF104;Chemical sciences;0.899827778339386;RDF201;Civil engineering, maritime engineering, transport engineering, and mining engineering;0.8276889324188232;RDF204;Mechanical engineering;0.757345974445343;RDF102;Computer and information sciences;0.6505505442619324
411;Exploring ancestry in Montréal's Notre-Dame Cemetery (1691-1797), using 3D morphometrics and ancient DNA (Multidisciplinary or interdisciplinary humanities);RDF60;Humanities and the arts;0.4507749080657959;RDF20-21;Engineering and technology;0.29172685742378235;RDF30;Medical, health and life sciences;0.07121854275465012;RDF601;History, archaeology and related studies;0.8936811685562134;RDF604;Arts (arts, history of arts, performing arts, music), architecture and design;0.6256025433540344;RDF504;Sociology and related studies;0.5595006942749023;RDF305;Other medical sciences;0.4120272994041443;RDF104;Chemical sciences;0.26592811942100525
412;Individual differences in natural scene semantics investigated with machine learning and neuroimaging (Biological Systems and Functions);RDF10;Natural sciences;0.5819228887557983;RDF20-21;Engineering and technology;0.24592088162899017;RDF40;Agricultural and veterinary sciences;0.06484515219926834;RDF106;Biological sciences;0.8942365646362305;RDF604;Arts (arts, history of arts, performing arts, music), architecture and design;0.8525062203407288;RDF201;Civil engineering, maritime engineering, transport engineering, and mining engineering;0.6670392751693726;RDF102;Computer and information sciences;0.5292177796363831;RDF105;Earth and related environmental sciences;0.5125401020050049
413;The Climate Crisis and the Future of Work;RDF20-21;Engineering and technology;0.5409064292907715;RDF30;Medical, health and life sciences;0.20204795897006989;RDF40;Agricultural and veterinary sciences;0.1066669225692749;RDF202;Industrial, systems and processes engineering;0.9327601790428162;RDF502;Economics and business administration;0.9222025871276855;RDF201;Civil engineering, maritime engineering, transport engineering, and mining engineering;0.9128643274307251;RDF503;Education;0.8884204030036926;RDF105;Earth and related environmental sciences;0.8396682143211365
414;Grid Transition: New Generation Methodologies and Tools for Reliable Protection;RDF20-21;Engineering and technology;0.6691582798957825;RDF40;Agricultural and veterinary sciences;0.1407434195280075;RDF50;Social sciences;0.05974018573760986;RDF102;Computer and information sciences;0.9951608777046204;RDF202;Industrial, systems and processes engineering;0.9841241240501404;RDF104;Chemical sciences;0.9667888283729553;RDF103;Physical sciences;0.9391923546791077;RDF201;Civil engineering, maritime engineering, transport engineering, and mining engineering;0.9136380553245544
415;Art-thérapie et réadaptation: une perspective transdisciplinaire;RDF60;Humanities and the arts;0.5271057486534119;RDF30;Medical, health and life sciences;0.17990879714488983;RDF20-21;Engineering and technology;0.1069834977388382;RDF604;Arts (arts, history of arts, performing arts, music), architecture and design;0.9833748936653137;RDF302;Clinical medicine;0.5468591451644897;RDF201;Civil engineering, maritime engineering, transport engineering, and mining engineering;0.48209381103515625;RDF509;Other social sciences;0.4341876208782196;RDF303;Health sciences;0.3985966444015503
416;Optimization and game dynamics in machine learning (Computer Science);RDF20-21;Engineering and technology;0.6899018883705139;RDF40;Agricultural and veterinary sciences;0.13731691241264343;RDF10;Natural sciences;0.052221521735191345;RDF102;Computer and information sciences;0.9971717000007629;RDF202;Industrial, systems and processes engineering;0.7881351113319397;RDF203;Electrical engineering, computer engineering, and information engineering;0.6780871748924255;RDF201;Civil engineering, maritime engineering, transport engineering, and mining engineering;0.6675406098365784;RDF104;Chemical sciences;0.277619868516922
417;Développement et validation d'un outil sur le climat de genre tel que perçu par les élèves des écoles secondaires (Education and social work);RDF20-21;Engineering and technology;0.46259045600891113;RDF50;Social sciences;0.4096323549747467;RDF60;Humanities and the arts;0.05722542852163315;RDF503;Education;0.9488224983215332;RDF604;Arts (arts, history of arts, performing arts, music), architecture and design;0.8637368083000183;RDF104;Chemical sciences;0.6053917407989502;RDF102;Computer and information sciences;0.4248220920562744;RDF201;Civil engineering, maritime engineering, transport engineering, and mining engineering;0.35093557834625244
418;CMV Dynamics and Transmission in Pregnancy: Comparison Between Women Living with and without HIV (Clinical Investigation – Reproduction, Maternal, Child and Youth Health);RDF30;Medical, health and life sciences;0.8464168310165405;RDF20-21;Engineering and technology;0.046805109828710556;RDF10;Natural sciences;0.04648624733090401;RDF303;Health sciences;0.957833468914032;RDF302;Clinical medicine;0.9526622891426086;RDF106;Biological sciences;0.6931614875793457;RDF104;Chemical sciences;0.6205497980117798;RDF301;Basic medicine and life sciences;0.584947407245636
419;Solidarité et entraide dans le contexte de l'autisme et du vieillissement;RDF60;Humanities and the arts;0.24941107630729675;RDF20-21;Engineering and technology;0.24506522715091705;RDF50;Social sciences;0.1520901769399643;RDF604;Arts (arts, history of arts, performing arts, music), architecture and design;0.7888679504394531;RDF104;Chemical sciences;0.743447482585907;RDF201;Civil engineering, maritime engineering, transport engineering, and mining engineering;0.6186076402664185;RDF102;Computer and information sciences;0.38851651549339294;RDF509;Other social sciences;0.3727335035800934
420;Children with sexual behaviour problems: Do specialized services influence their trajectory within child protection services? (Psychology);RDF50;Social sciences;0.4608466923236847;RDF30;Medical, health and life sciences;0.2607140839099884;RDF60;Humanities and the arts;0.08314633369445801;RDF501;Psychology and cognitive sciences;0.9890870451927185;RDF303;Health sciences;0.5588894486427307;RDF505;Law and legal practice;0.41072672605514526;RDF509;Other social sciences;0.25381478667259216;RDF302;Clinical medicine;0.23762015998363495
421;Évaluer les pratiques préventives du Centre de prévention et d'intervention pour victimes d'agression sexuelle (CPIVAS) : projet pilote pour le programme de prévention « Clique sur toi! -- primaire »;RDF30;Medical, health and life sciences;0.35851797461509705;RDF50;Social sciences;0.2101452797651291;RDF20-21;Engineering and technology;0.1205584853887558;RDF504;Sociology and related studies;0.48085957765579224;RDF303;Health sciences;0.3597014248371124;RDF503;Education;0.2926458418369293;RDF501;Psychology and cognitive sciences;0.2147737592458725;RDF509;Other social sciences;0.20963144302368164
422;Understanding what they want and what works: social support and well-being among men experiencing cancer (Multidisciplinary or interdisciplinary social sciences);RDF50;Social sciences;0.6306424140930176;RDF30;Medical, health and life sciences;0.11079984158277512;RDF20-21;Engineering and technology;0.1035798192024231;RDF504;Sociology and related studies;0.7086664438247681;RDF509;Other social sciences;0.45220327377319336;RDF201;Civil engineering, maritime engineering, transport engineering, and mining engineering;0.2186693549156189;RDF303;Health sciences;0.13189835846424103;RDF301;Basic medicine and life sciences;0.1252792626619339
423;The Burden of Harsh Parenting on Socioemotional and Behavioral Problems: the Role of Chronic Cortisol secretion in the Preschool Years (Social & Developmental Aspects of Children's & Youth's Health);RDF50;Social sciences;0.5177158117294312;RDF30;Medical, health and life sciences;0.36909255385398865;RDF10;Natural sciences;0.03299964219331741;RDF501;Psychology and cognitive sciences;0.9351691007614136;RDF503;Education;0.9175245761871338;RDF504;Sociology and related studies;0.8910075426101685;RDF302;Clinical medicine;0.8571116328239441;RDF303;Health sciences;0.6823356747627258
424;From amusia to dyslexia: the role of feedback (Biological Systems and Functions);RDF30;Medical, health and life sciences;0.2989875376224518;RDF20-21;Engineering and technology;0.25875216722488403;RDF50;Social sciences;0.1514085829257965;RDF503;Education;0.9609150290489197;RDF301;Basic medicine and life sciences;0.9512782096862793;RDF104;Chemical sciences;0.9221324920654297;RDF604;Arts (arts, history of arts, performing arts, music), architecture and design;0.9020501971244812;RDF106;Biological sciences;0.9010969400405884
425;Raconter-Cartographier. La scénarisation transmédiale (Fine Arts, Research-Creation);RDF60;Humanities and the arts;0.4083959758281708;RDF20-21;Engineering and technology;0.3513723909854889;RDF40;Agricultural and veterinary sciences;0.08232498914003372;RDF604;Arts (arts, history of arts, performing arts, music), architecture and design;0.9174137115478516;RDF104;Chemical sciences;0.7907727956771851;RDF301;Basic medicine and life sciences;0.5162296891212463;RDF201;Civil engineering, maritime engineering, transport engineering, and mining engineering;0.4319884777069092;RDF102;Computer and information sciences;0.4298107624053955
426;Stratégies d'actions de communication innovantes visant une sensibilisation résiliente de la population face aux risques liés aux inondations;RDF20-21;Engineering and technology;0.493184357881546;RDF50;Social sciences;0.16615669429302216;RDF40;Agricultural and veterinary sciences;0.1285213977098465;RDF201;Civil engineering, maritime engineering, transport engineering, and mining engineering;0.6491999626159668;RDF508;Media and communications;0.6105912923812866;RDF105;Earth and related environmental sciences;0.22665522992610931;RDF504;Sociology and related studies;0.13415080308914185;RDF506;Political science and policy administration;0.1296229362487793
427;Chez soi jusqu'à la fin? Entre désirs et possibilités de mourir à domicile (Sociology, demography and related fields);RDF20-21;Engineering and technology;0.4106674790382385;RDF50;Social sciences;0.19227343797683716;RDF30;Medical, health and life sciences;0.15487369894981384;RDF504;Sociology and related studies;0.882983922958374;RDF303;Health sciences;0.6241503953933716;RDF301;Basic medicine and life sciences;0.565628707408905;RDF201;Civil engineering, maritime engineering, transport engineering, and mining engineering;0.4964600205421448;RDF104;Chemical sciences;0.29665425419807434
428;A combined in vivo/ex vivo experimental platform for the thorough 3D investigation of bone fatigue related microdamage (Mechanical Engineering);RDF20-21;Engineering and technology;0.6825008392333984;RDF30;Medical, health and life sciences;0.2155989408493042;RDF40;Agricultural and veterinary sciences;0.0514598973095417;RDF204;Mechanical engineering;0.9810582399368286;RDF201;Civil engineering, maritime engineering, transport engineering, and mining engineering;0.7247241735458374;RDF104;Chemical sciences;0.4671190679073334;RDF106;Biological sciences;0.4509184956550598;RDF301;Basic medicine and life sciences;0.331146776676178
429;Élaboration et mise à l'essai d'un dispositif d'accompagnement avec, par et pour des conseillers pédagogiques: soutenir le développement professionnel continu des enseignants débutants au regard de l'articulation croyances-pratiques (Education and social work);RDF50;Social sciences;0.517623245716095;RDF40;Agricultural and veterinary sciences;0.15197600424289703;RDF20-21;Engineering and technology;0.10651160776615143;RDF503;Education;0.9658995270729065;RDF104;Chemical sciences;0.38155075907707214;RDF601;History, archaeology and related studies;0.2509586811065674;RDF301;Basic medicine and life sciences;0.14749376475811005;RDF105;Earth and related environmental sciences;0.11274655163288116
430;Environmental Footprint of Mutual Funds and Pension Plans;RDF40;Agricultural and veterinary sciences;0.2694871127605438;RDF20-21;Engineering and technology;0.21706828474998474;RDF10;Natural sciences;0.17925435304641724;RDF105;Earth and related environmental sciences;0.710427463054657;RDF201;Civil engineering, maritime engineering, transport engineering, and mining engineering;0.6408115029335022;RDF104;Chemical sciences;0.6360423564910889;RDF401;Agriculture, forestry, and fisheries;0.36044684052467346;RDF604;Arts (arts, history of arts, performing arts, music), architecture and design;0.3107989430427551
431;An Ecology of Wood Cultures in Canada (2003-2020): comparing constructive cultures through awarded architectural designs;RDF60;Humanities and the arts;0.2710609436035156;RDF50;Social sciences;0.22625881433486938;RDF10;Natural sciences;0.2093573957681656;RDF604;Arts (arts, history of arts, performing arts, music), architecture and design;0.8335279822349548;RDF601;History, archaeology and related studies;0.7015342116355896;RDF201;Civil engineering, maritime engineering, transport engineering, and mining engineering;0.511076033115387;RDF504;Sociology and related studies;0.4198523461818695;RDF105;Earth and related environmental sciences;0.3577357828617096
432;Improving allocation and supporting clinical decision-making for deceased donor kidney offers;RDF30;Medical, health and life sciences;0.7595273852348328;RDF20-21;Engineering and technology;0.1150430291891098;RDF40;Agricultural and veterinary sciences;0.043059341609478;RDF302;Clinical medicine;0.9528819918632507;RDF303;Health sciences;0.9421883821487427;RDF104;Chemical sciences;0.6913671493530273;RDF201;Civil engineering, maritime engineering, transport engineering, and mining engineering;0.669488251209259;RDF106;Biological sciences;0.5468893647193909
433;The many facets of black hole feedback in galaxies (Physics);RDF10;Natural sciences;0.5046967267990112;RDF20-21;Engineering and technology;0.35181933641433716;RDF40;Agricultural and veterinary sciences;0.05221673473715782;RDF103;Physical sciences;0.9969066381454468;RDF201;Civil engineering, maritime engineering, transport engineering, and mining engineering;0.7575702667236328;RDF104;Chemical sciences;0.5872220396995544;RDF102;Computer and information sciences;0.5704509615898132;RDF604;Arts (arts, history of arts, performing arts, music), architecture and design;0.2120688110589981
434;Tics et syndrome de la Tourette: Bilan et Défis! Avancées des connaissances et discussion des enjeux liés à l'intervention;RDF30;Medical, health and life sciences;0.4153518080711365;RDF20-21;Engineering and technology;0.356311559677124;RDF40;Agricultural and veterinary sciences;0.07612285017967224;RDF102;Computer and information sciences;0.9300146698951721;RDF302;Clinical medicine;0.9278224110603333;RDF301;Basic medicine and life sciences;0.9203612804412842;RDF303;Health sciences;0.9135994911193848;RDF501;Psychology and cognitive sciences;0.8937739133834839
435;Targeting the SMARCD1-E2A-p53 Molecular Axis in B-Cell Lymphoma (Molecular & Cellular Biology of Cancer);RDF30;Medical, health and life sciences;0.4506208598613739;RDF20-21;Engineering and technology;0.3589155972003937;RDF10;Natural sciences;0.13790635764598846;RDF301;Basic medicine and life sciences;0.9631959795951843;RDF103;Physical sciences;0.9543079733848572;RDF104;Chemical sciences;0.9473810791969299;RDF106;Biological sciences;0.8015477061271667;RDF304;Medical biotechnology;0.44592443108558655
436;The biogeochemical heterogeneity of peatlands (Geosciences);RDF20-21;Engineering and technology;0.31830769777297974;RDF10;Natural sciences;0.25192511081695557;RDF40;Agricultural and veterinary sciences;0.1897919923067093;RDF105;Earth and related environmental sciences;0.9815773963928223;RDF201;Civil engineering, maritime engineering, transport engineering, and mining engineering;0.4680611193180084;RDF401;Agriculture, forestry, and fisheries;0.16913124918937683;RDF208;Environmental engineering and related engineering;0.12410680949687958;RDF604;Arts (arts, history of arts, performing arts, music), architecture and design;0.10847194492816925
437;The role of referral networks on job outcomes (Economics);RDF20-21;Engineering and technology;0.40221723914146423;RDF50;Social sciences;0.1963842809200287;RDF40;Agricultural and veterinary sciences;0.1579919457435608;RDF102;Computer and information sciences;0.9831337332725525;RDF502;Economics and business administration;0.9767581224441528;RDF201;Civil engineering, maritime engineering, transport engineering, and mining engineering;0.895750880241394;RDF202;Industrial, systems and processes engineering;0.8685483336448669;RDF104;Chemical sciences;0.8330531120300293
438;Investigating neuroprotective strategies in genetic models of neurodegeneration;RDF30;Medical, health and life sciences;0.5521867275238037;RDF20-21;Engineering and technology;0.24146820604801178;RDF10;Natural sciences;0.07382365316152573;RDF106;Biological sciences;0.96518474817276;RDF302;Clinical medicine;0.9105454087257385;RDF301;Basic medicine and life sciences;0.8049431443214417;RDF104;Chemical sciences;0.778733491897583;RDF501;Psychology and cognitive sciences;0.766643226146698
439;Plant diversity and ecosystem services in wetlands (Evolution and Ecology);RDF10;Natural sciences;0.507064700126648;RDF20-21;Engineering and technology;0.21270903944969177;RDF40;Agricultural and veterinary sciences;0.17955680191516876;RDF105;Earth and related environmental sciences;0.920575737953186;RDF106;Biological sciences;0.8456239700317383;RDF401;Agriculture, forestry, and fisheries;0.8310059309005737;RDF201;Civil engineering, maritime engineering, transport engineering, and mining engineering;0.7730022668838501;RDF104;Chemical sciences;0.7478461861610413
440;How do pioneer factor open chromatin?;RDF20-21;Engineering and technology;0.3557356297969818;RDF30;Medical, health and life sciences;0.35400286316871643;RDF40;Agricultural and veterinary sciences;0.1324104517698288;RDF102;Computer and information sciences;0.9944016933441162;RDF104;Chemical sciences;0.9908744096755981;RDF202;Industrial, systems and processes engineering;0.9790157675743103;RDF601;History, archaeology and related studies;0.9730108380317688;RDF604;Arts (arts, history of arts, performing arts, music), architecture and design;0.971725344657898
441;Integrative physiology of ovarian follicular development and ovulation (Biological Systems and Functions);RDF30;Medical, health and life sciences;0.687407374382019;RDF10;Natural sciences;0.12299735099077225;RDF40;Agricultural and veterinary sciences;0.09376011043787003;RDF301;Basic medicine and life sciences;0.8873510956764221;RDF303;Health sciences;0.8249561190605164;RDF106;Biological sciences;0.6995623707771301;RDF302;Clinical medicine;0.6952604055404663;RDF103;Physical sciences;0.5340885519981384
442;Intracellular transport of proteins containing di-arginine endoplasmic reticulum-retention motifs (Genes, Cells and Molecules);RDF20-21;Engineering and technology;0.33060765266418457;RDF30;Medical, health and life sciences;0.26721182465553284;RDF10;Natural sciences;0.21345634758472443;RDF106;Biological sciences;0.9423477053642273;RDF103;Physical sciences;0.9021795392036438;RDF301;Basic medicine and life sciences;0.8861250877380371;RDF104;Chemical sciences;0.8788870573043823;RDF202;Industrial, systems and processes engineering;0.5436810851097107
443;Plastic Waste Upgrading by Coupling Microwave Heating with Catalytic Pyrolysis (Materials and Chemical Engineering);RDF20-21;Engineering and technology;0.8243889808654785;RDF10;Natural sciences;0.04921916499733925;RDF40;Agricultural and veterinary sciences;0.039433013647794724;RDF104;Chemical sciences;0.8642532229423523;RDF201;Civil engineering, maritime engineering, transport engineering, and mining engineering;0.5782099962234497;RDF205;Chemical engineering;0.4549110233783722;RDF202;Industrial, systems and processes engineering;0.237974151968956;RDF206;Materials engineering and resources engineering;0.1497177630662918
444;Controlling Molecular Organization in Materials (Chemistry);RDF20-21;Engineering and technology;0.4062887132167816;RDF10;Natural sciences;0.22121916711330414;RDF40;Agricultural and veterinary sciences;0.20524466037750244;RDF104;Chemical sciences;0.9901019334793091;RDF202;Industrial, systems and processes engineering;0.8709818720817566;RDF103;Physical sciences;0.8648820519447327;RDF201;Civil engineering, maritime engineering, transport engineering, and mining engineering;0.5724613666534424;RDF106;Biological sciences;0.5136075019836426
445;Développement de méthodes d'apprentissage automatique pour la détection d'anomalies à l'échelle d'un ensemble de barrages;RDF20-21;Engineering and technology;0.7074393033981323;RDF50;Social sciences;0.12692980468273163;RDF40;Agricultural and veterinary sciences;0.0658663958311081;RDF102;Computer and information sciences;0.989541232585907;RDF104;Chemical sciences;0.8760523200035095;RDF103;Physical sciences;0.859132707118988;RDF202;Industrial, systems and processes engineering;0.8441522717475891;RDF201;Civil engineering, maritime engineering, transport engineering, and mining engineering;0.7907323837280273
446;Investigation of the heterogeneity of mitochondrial dysfunction in idiopathic Parkinson's disease using induced neurons derived from patients (Molecular & Cellular Neurosciences);RDF30;Medical, health and life sciences;0.647483766078949;RDF20-21;Engineering and technology;0.24512793123722076;RDF10;Natural sciences;0.05430292338132858;RDF301;Basic medicine and life sciences;0.9516389966011047;RDF106;Biological sciences;0.7381031513214111;RDF302;Clinical medicine;0.2706247568130493;RDF303;Health sciences;0.2635520100593567;RDF207;Medical and biomedical engineering;0.228500634431839
447;The amyloid precursor protein intracellular domain is an effector molecule of metaplasticity - implications for the regulation of synaptic plasticity in Alzheimer disease (Molecular & Cellular Neurosciences);RDF30;Medical, health and life sciences;0.493272602558136;RDF20-21;Engineering and technology;0.2871619760990143;RDF10;Natural sciences;0.12218718975782394;RDF104;Chemical sciences;0.8754147291183472;RDF301;Basic medicine and life sciences;0.7781860828399658;RDF103;Physical sciences;0.7535120248794556;RDF106;Biological sciences;0.6216844320297241;RDF202;Industrial, systems and processes engineering;0.16125419735908508
448;Regulation of neutrophil antimicrobial defense through the pleiotropic receptor FPR2/ALX (Genes, Cells and Molecules);RDF20-21;Engineering and technology;0.5174345970153809;RDF10;Natural sciences;0.16043078899383545;RDF30;Medical, health and life sciences;0.14039218425750732;RDF106;Biological sciences;0.9659959077835083;RDF301;Basic medicine and life sciences;0.842215359210968;RDF104;Chemical sciences;0.839799702167511;RDF103;Physical sciences;0.77522212266922;RDF201;Civil engineering, maritime engineering, transport engineering, and mining engineering;0.49051016569137573
449;The neural mechanisms underlying the promotion of motor learning by acute exercise (Biological Systems and Functions);RDF20-21;Engineering and technology;0.2825769782066345;RDF50;Social sciences;0.2571636736392975;RDF10;Natural sciences;0.15162228047847748;RDF106;Biological sciences;0.952838122844696;RDF301;Basic medicine and life sciences;0.7213507890701294;RDF201;Civil engineering, maritime engineering, transport engineering, and mining engineering;0.5913766622543335;RDF503;Education;0.4115985631942749;RDF604;Arts (arts, history of arts, performing arts, music), architecture and design;0.3300662040710449
450;Scalable, versatile surface engineering through photo-initiated chemical vapour deposition (Materials and Chemical Engineering);RDF20-21;Engineering and technology;0.7409286499023438;RDF10;Natural sciences;0.08100617676973343;RDF40;Agricultural and veterinary sciences;0.0755060613155365;RDF104;Chemical sciences;0.7343577146530151;RDF201;Civil engineering, maritime engineering, transport engineering, and mining engineering;0.5108320116996765;RDF105;Earth and related environmental sciences;0.48425811529159546;RDF103;Physical sciences;0.4411199688911438;RDF202;Industrial, systems and processes engineering;0.3293108344078064
451;Regulation of cytokinesis by the novel and conserved flavin-dependent monooxygenase enzymes OSGN-1/OSGIN (Cell Biology - Molecular/Fundamental);RDF10;Natural sciences;0.48375242948532104;RDF20-21;Engineering and technology;0.26101264357566833;RDF30;Medical, health and life sciences;0.1334180235862732;RDF104;Chemical sciences;0.9270337224006653;RDF106;Biological sciences;0.9158841967582703;RDF103;Physical sciences;0.731250524520874;RDF301;Basic medicine and life sciences;0.6967584490776062;RDF202;Industrial, systems and processes engineering;0.1628454625606537
452;Enabling monitoring of ultra-processed food consumption among Canadians: Development and validation of a screener (Nutrition, Food & Health);RDF20-21;Engineering and technology;0.42884719371795654;RDF40;Agricultural and veterinary sciences;0.2475925087928772;RDF30;Medical, health and life sciences;0.17892293632030487;RDF303;Health sciences;0.744795560836792;RDF104;Chemical sciences;0.417583167552948;RDF404;Agricultural biotechnology and food sciences;0.3729618489742279;RDF201;Civil engineering, maritime engineering, transport engineering, and mining engineering;0.3525918126106262;RDF202;Industrial, systems and processes engineering;0.2986447811126709
453;Les cognitions sociales implicites et les tendances comportementales associées aux émotions hostiles (Psychology);RDF50;Social sciences;0.2681069076061249;RDF60;Humanities and the arts;0.1979794204235077;RDF20-21;Engineering and technology;0.16461224853992462;RDF501;Psychology and cognitive sciences;0.9880042672157288;RDF603;Philosophy;0.8869600892066956;RDF604;Arts (arts, history of arts, performing arts, music), architecture and design;0.5803074836730957;RDF301;Basic medicine and life sciences;0.3363855481147766;RDF201;Civil engineering, maritime engineering, transport engineering, and mining engineering;0.2667868733406067
454;Heidegger et Gadamer. Correspondance et bilan (Philosophy);RDF60;Humanities and the arts;0.581828773021698;RDF20-21;Engineering and technology;0.2759121358394623;RDF50;Social sciences;0.044299833476543427;RDF603;Philosophy;0.9906237721443176;RDF201;Civil engineering, maritime engineering, transport engineering, and mining engineering;0.5437113642692566;RDF604;Arts (arts, history of arts, performing arts, music), architecture and design;0.46065279841423035;RDF301;Basic medicine and life sciences;0.4359765648841858;RDF106;Biological sciences;0.41844436526298523
455;Generic AC-DC load-flow solution method with controllable AC-DC converters (Electrical and Computer Engineering);RDF20-21;Engineering and technology;0.7732024788856506;RDF40;Agricultural and veterinary sciences;0.09180635958909988;RDF50;Social sciences;0.03705691546201706;RDF104;Chemical sciences;0.6591857671737671;RDF102;Computer and information sciences;0.6430211663246155;RDF202;Industrial, systems and processes engineering;0.5655537247657776;RDF201;Civil engineering, maritime engineering, transport engineering, and mining engineering;0.5313613414764404;RDF103;Physical sciences;0.4761076867580414
456;Étude sur l'apport de l'expérience de l'émotion de la tristesse vécue et exprimée par des enfants endeuillés face à la réalité du processus de deuil tel que vécu au Québec (Education and social work);RDF50;Social sciences;0.6833855509757996;RDF30;Medical, health and life sciences;0.07895327359437943;RDF20-21;Engineering and technology;0.07209868729114532;RDF503;Education;0.8665282726287842;RDF504;Sociology and related studies;0.7460464835166931;RDF501;Psychology and cognitive sciences;0.5034179091453552;RDF301;Basic medicine and life sciences;0.25879403948783875;RDF105;Earth and related environmental sciences;0.20593424141407013
457;Intelligent video surveillance to detect mobility problems of older adults at home: from fall detection to fall prevention (Electrical and Computer Engineering);RDF20-21;Engineering and technology;0.7112529873847961;RDF30;Medical, health and life sciences;0.159430131316185;RDF40;Agricultural and veterinary sciences;0.04024387523531914;RDF203;Electrical engineering, computer engineering, and information engineering;0.6396375894546509;RDF102;Computer and information sciences;0.498687744140625;RDF303;Health sciences;0.4447437524795532;RDF212;Other engineering and technologies;0.18772761523723602;RDF301;Basic medicine and life sciences;0.14829371869564056
458;Dynamic Ultrasound Localization Pulsatility Imaging (Medical Physics & Imaging);RDF30;Medical, health and life sciences;0.7459672689437866;RDF20-21;Engineering and technology;0.18014882504940033;RDF40;Agricultural and veterinary sciences;0.03533510863780975;RDF303;Health sciences;0.8275495767593384;RDF302;Clinical medicine;0.7412527799606323;RDF104;Chemical sciences;0.7206632494926453;RDF207;Medical and biomedical engineering;0.6977633833885193;RDF201;Civil engineering, maritime engineering, transport engineering, and mining engineering;0.5755879878997803
459;Metabolic control of plant non-photosynthetic metabolism (Biological Systems and Functions);RDF10;Natural sciences;0.3115081489086151;RDF40;Agricultural and veterinary sciences;0.22083841264247894;RDF30;Medical, health and life sciences;0.21336568892002106;RDF106;Biological sciences;0.8831352591514587;RDF104;Chemical sciences;0.8815129995346069;RDF401;Agriculture, forestry, and fisheries;0.7660749554634094;RDF301;Basic medicine and life sciences;0.7212035059928894;RDF103;Physical sciences;0.6749885082244873
460;COLCOT-T2D : Colchicine for Primary Prevention of Cardiovascular Events in Patients with Type 2 Diabetes;RDF30;Medical, health and life sciences;0.7494986057281494;RDF20-21;Engineering and technology;0.06978234648704529;RDF40;Agricultural and veterinary sciences;0.0695442408323288;RDF302;Clinical medicine;0.956471860408783;RDF303;Health sciences;0.9205042719841003;RDF301;Basic medicine and life sciences;0.8606036305427551;RDF104;Chemical sciences;0.7201223373413086;RDF207;Medical and biomedical engineering;0.5676782131195068
461;Major Resource Support at the Université de Montréal for Canada's Subatomic Physics Program;RDF20-21;Engineering and technology;0.6542683243751526;RDF10;Natural sciences;0.147455632686615;RDF40;Agricultural and veterinary sciences;0.08201132714748383;RDF103;Physical sciences;0.9796870946884155;RDF104;Chemical sciences;0.9613164663314819;RDF105;Earth and related environmental sciences;0.787114143371582;RDF106;Biological sciences;0.7619373202323914;RDF201;Civil engineering, maritime engineering, transport engineering, and mining engineering;0.6757110953330994
462;Plateforme d'imagerie macroscopique ultra sensible pour l'étude des neurotransmetteurs et des neuromodulateurs in vivo (Biological Systems and Functions);RDF20-21;Engineering and technology;0.5650882720947266;RDF10;Natural sciences;0.20548123121261597;RDF30;Medical, health and life sciences;0.15098156034946442;RDF106;Biological sciences;0.7947037816047668;RDF103;Physical sciences;0.7220863103866577;RDF301;Basic medicine and life sciences;0.47694504261016846;RDF104;Chemical sciences;0.4103870391845703;RDF202;Industrial, systems and processes engineering;0.19821934401988983
463;Algorithmes de calcul de dose basé sur des modèles pour des applications avancées en physique médicale (Physics);RDF30;Medical, health and life sciences;0.4979535937309265;RDF20-21;Engineering and technology;0.2891801595687866;RDF10;Natural sciences;0.11206194758415222;RDF103;Physical sciences;0.9773058891296387;RDF104;Chemical sciences;0.6806663274765015;RDF303;Health sciences;0.6712820529937744;RDF102;Computer and information sciences;0.6317789554595947;RDF302;Clinical medicine;0.4216485619544983
464;Logistics and transportation (Civil, Industrial and Systems Engineering);RDF20-21;Engineering and technology;0.6816746592521667;RDF40;Agricultural and veterinary sciences;0.09032129496335983;RDF50;Social sciences;0.07222168892621994;RDF201;Civil engineering, maritime engineering, transport engineering, and mining engineering;0.9752960801124573;RDF202;Industrial, systems and processes engineering;0.7185696959495544;RDF104;Chemical sciences;0.204580157995224;RDF604;Arts (arts, history of arts, performing arts, music), architecture and design;0.05850701034069061;RDF106;Biological sciences;0.05242456495761871
465;Systematic mapping of the global ARF network interactome by BioID coupled to functional studies to reveal novel biological functions (Cell Biology – Molecular/Fundamental);RDF20-21;Engineering and technology;0.4319520592689514;RDF10;Natural sciences;0.341452032327652;RDF30;Medical, health and life sciences;0.12264346331357956;RDF106;Biological sciences;0.9167080521583557;RDF102;Computer and information sciences;0.8743457198143005;RDF103;Physical sciences;0.6758180856704712;RDF104;Chemical sciences;0.37307605147361755;RDF301;Basic medicine and life sciences;0.2687014937400818
466;Measuring Partisan Conflicts on Social Media (Political science and public administration);RDF50;Social sciences;0.5207251906394958;RDF20-21;Engineering and technology;0.19360937178134918;RDF40;Agricultural and veterinary sciences;0.09038911014795303;RDF506;Political science and policy administration;0.8733229041099548;RDF201;Civil engineering, maritime engineering, transport engineering, and mining engineering;0.5807236433029175;RDF508;Media and communications;0.37832990288734436;RDF604;Arts (arts, history of arts, performing arts, music), architecture and design;0.19049803912639618;RDF102;Computer and information sciences;0.1882493644952774
467;The emergence of problem clarity in teams and its influence innovation project success;RDF20-21;Engineering and technology;0.4890889525413513;RDF40;Agricultural and veterinary sciences;0.13744959235191345;RDF60;Humanities and the arts;0.13558319211006165;RDF102;Computer and information sciences;0.9920002818107605;RDF202;Industrial, systems and processes engineering;0.9690617918968201;RDF201;Civil engineering, maritime engineering, transport engineering, and mining engineering;0.9372107982635498;RDF503;Education;0.9046505689620972;RDF105;Earth and related environmental sciences;0.8733229637145996
468;The release of carbon and pollutants from eastern canadian watersheds in response to atmospheric deposition and climate change;RDF10;Natural sciences;0.38146093487739563;RDF20-21;Engineering and technology;0.3178677260875702;RDF50;Social sciences;0.12207115441560745;RDF105;Earth and related environmental sciences;0.960546612739563;RDF208;Environmental engineering and related engineering;0.814458966255188;RDF104;Chemical sciences;0.7964507937431335;RDF201;Civil engineering, maritime engineering, transport engineering, and mining engineering;0.7360450029373169;RDF101;Mathematics and statistics;0.45492616295814514
469;Récepteur radiofréquence pour système de caractérisation d'antennes en micro-ondes et ondes millimétriques (Electrical and Computer Engineering);RDF20-21;Engineering and technology;0.910169780254364;RDF40;Agricultural and veterinary sciences;0.02977619506418705;RDF10;Natural sciences;0.020726323127746582;RDF203;Electrical engineering, computer engineering, and information engineering;0.636134147644043;RDF103;Physical sciences;0.37376153469085693;RDF102;Computer and information sciences;0.2950775623321533;RDF201;Civil engineering, maritime engineering, transport engineering, and mining engineering;0.17795370519161224;RDF212;Other engineering and technologies;0.13945496082305908
470;Advanced Simulation Tools for the Design and Operation of Circular Economy Strategies;RDF20-21;Engineering and technology;0.6620700359344482;RDF40;Agricultural and veterinary sciences;0.10029985755681992;RDF50;Social sciences;0.08027900010347366;RDF102;Computer and information sciences;0.9817532300949097;RDF202;Industrial, systems and processes engineering;0.9561044573783875;RDF104;Chemical sciences;0.9068595170974731;RDF103;Physical sciences;0.7870732545852661;RDF201;Civil engineering, maritime engineering, transport engineering, and mining engineering;0.7744128108024597
471;Révélations daoustiennes : nouvelles perspectives sur le théâtre francophone du Québec 1895-1940 (Fine Arts, Research-Creation);RDF60;Humanities and the arts;0.6316042542457581;RDF20-21;Engineering and technology;0.22033792734146118;RDF40;Agricultural and veterinary sciences;0.04198554903268814;RDF604;Arts (arts, history of arts, performing arts, music), architecture and design;0.9538372755050659;RDF601;History, archaeology and related studies;0.44709816575050354;RDF201;Civil engineering, maritime engineering, transport engineering, and mining engineering;0.3622215688228607;RDF605;Other humanities;0.14069005846977234;RDF602;Languages and literature;0.13945497572422028
472;Dormir sans pression: un concept intégrateur pour les patients tétraplégiques et les aidants pour minimiser les plaies de pression, améliorer le sommeil et favoriser la résilience face à la lésion de la moelle épinière;RDF30;Medical, health and life sciences;0.8613988161087036;RDF20-21;Engineering and technology;0.045898325741291046;RDF10;Natural sciences;0.02768961898982525;RDF303;Health sciences;0.9707987308502197;RDF302;Clinical medicine;0.9380673170089722;RDF301;Basic medicine and life sciences;0.8925157189369202;RDF501;Psychology and cognitive sciences;0.8328492641448975;RDF504;Sociology and related studies;0.7522401809692383
473;Assessment of mechanical and durability performances of NSC to self-healing FRC structural components under combined mechanical and environemental loadings (Civil, Industrial and Systems Engineering);RDF20-21;Engineering and technology;0.9133222103118896;RDF10;Natural sciences;0.0334959551692009;RDF40;Agricultural and veterinary sciences;0.024220658466219902;RDF201;Civil engineering, maritime engineering, transport engineering, and mining engineering;0.9212868213653564;RDF204;Mechanical engineering;0.7988545298576355;RDF202;Industrial, systems and processes engineering;0.26001349091529846;RDF103;Physical sciences;0.2535374164581299;RDF102;Computer and information sciences;0.25050002336502075
474;eNOS regulates endothelial cell polarity and angiogenic sprouting in vascular pathologies (Cardiovascular System – Vascular System);RDF30;Medical, health and life sciences;0.5373361706733704;RDF20-21;Engineering and technology;0.33169040083885193;RDF10;Natural sciences;0.05809122323989868;RDF106;Biological sciences;0.9069420099258423;RDF103;Physical sciences;0.8396024703979492;RDF301;Basic medicine and life sciences;0.8351476788520813;RDF302;Clinical medicine;0.7747964859008789;RDF104;Chemical sciences;0.7467396855354309
475;Comparative Effectiveness of Repetitive Versus Deep Transcranial Magnetic Stimulation for Major Depression: A Randomized Controlled Trial;RDF30;Medical, health and life sciences;0.5562606453895569;RDF20-21;Engineering and technology;0.28466561436653137;RDF50;Social sciences;0.06448624283075333;RDF501;Psychology and cognitive sciences;0.9926967620849609;RDF303;Health sciences;0.9366336464881897;RDF302;Clinical medicine;0.9024377465248108;RDF301;Basic medicine and life sciences;0.7680380344390869;RDF104;Chemical sciences;0.746508777141571
476;Planning and developing Canadian intersectoral partnerships and knowledge sharing for sustainable LD risk mitigation in peri-domestic high-risk areas;RDF20-21;Engineering and technology;0.35479623079299927;RDF40;Agricultural and veterinary sciences;0.2319153994321823;RDF30;Medical, health and life sciences;0.16558068990707397;RDF201;Civil engineering, maritime engineering, transport engineering, and mining engineering;0.8232218027114868;RDF104;Chemical sciences;0.5279098153114319;RDF301;Basic medicine and life sciences;0.3147873282432556;RDF604;Arts (arts, history of arts, performing arts, music), architecture and design;0.31465569138526917;RDF303;Health sciences;0.2423848956823349
477;Du réseau de neurones au circuit logique et réciproquement : le meilleur des deux mondes (Electrical and Computer Engineering);RDF20-21;Engineering and technology;0.9302191734313965;RDF10;Natural sciences;0.02053115889430046;RDF40;Agricultural and veterinary sciences;0.017004314810037613;RDF102;Computer and information sciences;0.9267690777778625;RDF203;Electrical engineering, computer engineering, and information engineering;0.7717145085334778;RDF106;Biological sciences;0.465888649225235;RDF301;Basic medicine and life sciences;0.1316748708486557;RDF103;Physical sciences;0.07004896551370621
478;Faire du virtuel une réalité : l'exploration de l'utilité d'agents virtuels autonomes en contexte de formation à l'évaluation des jeunes contrevenants (Psychology);RDF20-21;Engineering and technology;0.5521383881568909;RDF50;Social sciences;0.21746458113193512;RDF10;Natural sciences;0.07406088709831238;RDF102;Computer and information sciences;0.9503649473190308;RDF501;Psychology and cognitive sciences;0.6701766848564148;RDF203;Electrical engineering, computer engineering, and information engineering;0.44355523586273193;RDF201;Civil engineering, maritime engineering, transport engineering, and mining engineering;0.11338309943675995;RDF103;Physical sciences;0.0636567622423172
479;Global Corporate Minimum Tax in Canada? Politics, Policy and Practice;RDF50;Social sciences;0.36041155457496643;RDF40;Agricultural and veterinary sciences;0.1681397408246994;RDF10;Natural sciences;0.14241990447044373;RDF502;Economics and business administration;0.929248034954071;RDF104;Chemical sciences;0.7105278968811035;RDF201;Civil engineering, maritime engineering, transport engineering, and mining engineering;0.608159601688385;RDF506;Political science and policy administration;0.5577173233032227;RDF505;Law and legal practice;0.3253597915172577
480;Briser les silos de recherche : pour l'amélioration des interactions entre les milieux universitaire et professionnel en sciences de l'information;RDF20-21;Engineering and technology;0.5352184772491455;RDF40;Agricultural and veterinary sciences;0.15697906911373138;RDF50;Social sciences;0.14023499190807343;RDF203;Electrical engineering, computer engineering, and information engineering;0.8088611364364624;RDF102;Computer and information sciences;0.7512377500534058;RDF201;Civil engineering, maritime engineering, transport engineering, and mining engineering;0.6678656339645386;RDF202;Industrial, systems and processes engineering;0.4215964674949646;RDF104;Chemical sciences;0.3651736378669739
481;Simulation numérique des écoulements multi-composants à trois phases par l'approche de Boltzmann sur réseau;RDF20-21;Engineering and technology;0.5353083610534668;RDF40;Agricultural and veterinary sciences;0.17067764699459076;RDF30;Medical, health and life sciences;0.09739174693822861;RDF102;Computer and information sciences;0.984605073928833;RDF202;Industrial, systems and processes engineering;0.9504109621047974;RDF103;Physical sciences;0.9199306964874268;RDF104;Chemical sciences;0.8744529485702515;RDF201;Civil engineering, maritime engineering, transport engineering, and mining engineering;0.7646719813346863
482;Developing an initial understanding of the factors involved in psychological readiness to return to sport following a concussion (Psychology, linguistics and translation);RDF30;Medical, health and life sciences;0.24866266548633575;RDF20-21;Engineering and technology;0.21976570785045624;RDF60;Humanities and the arts;0.18406997621059418;RDF501;Psychology and cognitive sciences;0.8933094143867493;RDF301;Basic medicine and life sciences;0.41904976963996887;RDF201;Civil engineering, maritime engineering, transport engineering, and mining engineering;0.3403755724430084;RDF604;Arts (arts, history of arts, performing arts, music), architecture and design;0.3222593069076538;RDF106;Biological sciences;0.17518502473831177
483;Roles for mitochondrial adaptation in fatty liver disease and associated liver cancer (Cell Biology – Disease);RDF30;Medical, health and life sciences;0.5996103882789612;RDF10;Natural sciences;0.1864776462316513;RDF20-21;Engineering and technology;0.09657076746225357;RDF301;Basic medicine and life sciences;0.9784877300262451;RDF106;Biological sciences;0.9217106699943542;RDF104;Chemical sciences;0.8089742660522461;RDF303;Health sciences;0.6650571823120117;RDF103;Physical sciences;0.5953822731971741
484;Lagrangian analyzes of complex and turbulent flows for advanced flow diagnostics (Mechanical Engineering);RDF20-21;Engineering and technology;0.6766870617866516;RDF40;Agricultural and veterinary sciences;0.12257373332977295;RDF10;Natural sciences;0.07344271242618561;RDF204;Mechanical engineering;0.9861779808998108;RDF201;Civil engineering, maritime engineering, transport engineering, and mining engineering;0.8258005380630493;RDF103;Physical sciences;0.8115267753601074;RDF104;Chemical sciences;0.777215301990509;RDF202;Industrial, systems and processes engineering;0.5177537798881531
485;Energy and spectrum opportunistic relaying for sustainable wireless networks;RDF20-21;Engineering and technology;0.71955806016922;RDF40;Agricultural and veterinary sciences;0.06986787170171738;RDF50;Social sciences;0.06838282197713852;RDF102;Computer and information sciences;0.9684708118438721;RDF104;Chemical sciences;0.7094219326972961;RDF202;Industrial, systems and processes engineering;0.708035945892334;RDF201;Civil engineering, maritime engineering, transport engineering, and mining engineering;0.6443439722061157;RDF203;Electrical engineering, computer engineering, and information engineering;0.6423483490943909
486;Plasmonic optophysiology (Chemistry);RDF20-21;Engineering and technology;0.5393617153167725;RDF10;Natural sciences;0.17260092496871948;RDF30;Medical, health and life sciences;0.12152889370918274;RDF104;Chemical sciences;0.9864938855171204;RDF103;Physical sciences;0.8681016564369202;RDF202;Industrial, systems and processes engineering;0.6083032488822937;RDF105;Earth and related environmental sciences;0.4578183889389038;RDF201;Civil engineering, maritime engineering, transport engineering, and mining engineering;0.41346976161003113
487;A statistical perspective for some challenges in data science;RDF20-21;Engineering and technology;0.4000798165798187;RDF40;Agricultural and veterinary sciences;0.24504202604293823;RDF10;Natural sciences;0.19654858112335205;RDF101;Mathematics and statistics;0.9882901310920715;RDF102;Computer and information sciences;0.9875082969665527;RDF201;Civil engineering, maritime engineering, transport engineering, and mining engineering;0.9373255968093872;RDF202;Industrial, systems and processes engineering;0.8878868222236633;RDF105;Earth and related environmental sciences;0.7602948546409607
488;Structural and functional characterization of protein-metal interactions (Genes, Cells and Molecules);RDF20-21;Engineering and technology;0.39132001996040344;RDF10;Natural sciences;0.22543050348758698;RDF30;Medical, health and life sciences;0.19229353964328766;RDF104;Chemical sciences;0.9438154101371765;RDF106;Biological sciences;0.9322685599327087;RDF103;Physical sciences;0.929632306098938;RDF202;Industrial, systems and processes engineering;0.6976861953735352;RDF101;Mathematics and statistics;0.5842081308364868
489;To study the pathogenesis and its underlying mechanisms of an abnormally large Pol II pool size caused by a defective novel ARMC5-containing POLR2A-specific ubiquitin ligase;RDF30;Medical, health and life sciences;0.4493837356567383;RDF40;Agricultural and veterinary sciences;0.20750844478607178;RDF10;Natural sciences;0.14578671753406525;RDF103;Physical sciences;0.9433997273445129;RDF102;Computer and information sciences;0.9255670309066772;RDF104;Chemical sciences;0.9100670218467712;RDF106;Biological sciences;0.8110033869743347;RDF105;Earth and related environmental sciences;0.7687332034111023
490;Perspectives compositionnelles sur la sémiotique musicale, à partir de l'intégration théorique et pratique de la sémiotique deleuzienne du cinéma (Fine arts, research-creation);RDF60;Humanities and the arts;0.8467441201210022;RDF20-21;Engineering and technology;0.04814470186829567;RDF50;Social sciences;0.03403983265161514;RDF604;Arts (arts, history of arts, performing arts, music), architecture and design;0.9296641945838928;RDF107;Other natural sciences;0.13904529809951782;RDF504;Sociology and related studies;0.11681437492370605;RDF605;Other humanities;0.09929539263248444;RDF305;Other medical sciences;0.08079154044389725
491;Regulation of germinal center B cell function during antibody responses (Immunology & Transplantation);RDF30;Medical, health and life sciences;0.5855247974395752;RDF20-21;Engineering and technology;0.17813952267169952;RDF10;Natural sciences;0.1047995537519455;RDF301;Basic medicine and life sciences;0.9596487283706665;RDF106;Biological sciences;0.9439706206321716;RDF302;Clinical medicine;0.9418683648109436;RDF104;Chemical sciences;0.9209319949150085;RDF103;Physical sciences;0.8682693243026733
492;Victims, Law and Justice: A Partnership approach to Transformative Justice;RDF50;Social sciences;0.29830145835876465;RDF20-21;Engineering and technology;0.1776028573513031;RDF40;Agricultural and veterinary sciences;0.15704037249088287;RDF201;Civil engineering, maritime engineering, transport engineering, and mining engineering;0.5726331472396851;RDF505;Law and legal practice;0.48230719566345215;RDF504;Sociology and related studies;0.4287640154361725;RDF509;Other social sciences;0.3758782744407654;RDF302;Clinical medicine;0.29619601368904114
493;Dynamic scene processing in humans (Biological Systems and Functions);RDF20-21;Engineering and technology;0.3407852351665497;RDF30;Medical, health and life sciences;0.2686552405357361;RDF10;Natural sciences;0.17542119324207306;RDF202;Industrial, systems and processes engineering;0.857469916343689;RDF102;Computer and information sciences;0.7536026835441589;RDF106;Biological sciences;0.6437633633613586;RDF201;Civil engineering, maritime engineering, transport engineering, and mining engineering;0.6151131391525269;RDF604;Arts (arts, history of arts, performing arts, music), architecture and design;0.5563242435455322
494;Planning for mercury-related vision rehabilitation services for Grassy Narrows First Nation community;RDF30;Medical, health and life sciences;0.43846338987350464;RDF20-21;Engineering and technology;0.3622586131095886;RDF50;Social sciences;0.0650128498673439;RDF104;Chemical sciences;0.8906276226043701;RDF201;Civil engineering, maritime engineering, transport engineering, and mining engineering;0.8440237641334534;RDF604;Arts (arts, history of arts, performing arts, music), architecture and design;0.831485390663147;RDF303;Health sciences;0.7680814862251282;RDF302;Clinical medicine;0.7633073925971985
495;L'intégration des PFÉ dans les stages d'actualisation et de requalification de l'Université de Montréal;RDF20-21;Engineering and technology;0.3249952495098114;RDF50;Social sciences;0.19263559579849243;RDF30;Medical, health and life sciences;0.1667529195547104;RDF604;Arts (arts, history of arts, performing arts, music), architecture and design;0.8431215882301331;RDF503;Education;0.6617589592933655;RDF104;Chemical sciences;0.5958104729652405;RDF102;Computer and information sciences;0.5933736562728882;RDF103;Physical sciences;0.5627773404121399
496;Cartographie des sensibilités queer dans la culture audiovisuelle populaire (Communications, media studies, gender studies, library and information science, related fields);RDF60;Humanities and the arts;0.2800350785255432;RDF50;Social sciences;0.22855797410011292;RDF20-21;Engineering and technology;0.19059471786022186;RDF508;Media and communications;0.7203683257102966;RDF604;Arts (arts, history of arts, performing arts, music), architecture and design;0.5230854153633118;RDF504;Sociology and related studies;0.20032291114330292;RDF509;Other social sciences;0.13534632325172424;RDF305;Other medical sciences;0.09543373435735703
497;De l'innovation à la nouvelle conformité : les usages complexes des smart drugs (Sociology, demography and related fields);RDF20-21;Engineering and technology;0.4581352770328522;RDF30;Medical, health and life sciences;0.22846058011054993;RDF50;Social sciences;0.1771450936794281;RDF102;Computer and information sciences;0.8787831664085388;RDF303;Health sciences;0.8496596217155457;RDF504;Sociology and related studies;0.7823716402053833;RDF301;Basic medicine and life sciences;0.7512834072113037;RDF201;Civil engineering, maritime engineering, transport engineering, and mining engineering;0.7201960682868958
498;Favoriser la participation sociale des aînés présentant des problèmes de mobilité : partenariat pour le codéveloppement d'un service innovant offert en contexte communautaire;RDF50;Social sciences;0.27684706449508667;RDF20-21;Engineering and technology;0.2310885787010193;RDF30;Medical, health and life sciences;0.15620973706245422;RDF504;Sociology and related studies;0.5889371633529663;RDF201;Civil engineering, maritime engineering, transport engineering, and mining engineering;0.5841081142425537;RDF604;Arts (arts, history of arts, performing arts, music), architecture and design;0.20063598453998566;RDF509;Other social sciences;0.18111832439899445;RDF301;Basic medicine and life sciences;0.15159212052822113
499;Chemosensation in Parkinson's disease: Trigeminal sensitivity as a potential marker (Behavioural Sciences);RDF30;Medical, health and life sciences;0.4166504442691803;RDF20-21;Engineering and technology;0.3639416992664337;RDF40;Agricultural and veterinary sciences;0.07275738567113876;RDF301;Basic medicine and life sciences;0.9082116484642029;RDF501;Psychology and cognitive sciences;0.7509182095527649;RDF604;Arts (arts, history of arts, performing arts, music), architecture and design;0.701431930065155;RDF106;Biological sciences;0.5958049297332764;RDF201;Civil engineering, maritime engineering, transport engineering, and mining engineering;0.5687302350997925
500;Nuclear Factor Erythroid 2-Related Factor 2 (NRF2) and Regulation of Sodium-Glucose Co-Transporter 2 (SGLT2) Expression in Type 2 Diabetes (Diabetes, Obesity, Lipid & Lipoprotein Disorders);RDF30;Medical, health and life sciences;0.6315584778785706;RDF20-21;Engineering and technology;0.20156274735927582;RDF10;Natural sciences;0.08705758303403854;RDF106;Biological sciences;0.8872045874595642;RDF303;Health sciences;0.8697145581245422;RDF301;Basic medicine and life sciences;0.8628146648406982;RDF104;Chemical sciences;0.8461332321166992;RDF302;Clinical medicine;0.7539198994636536
501;Identifying and functionally validating IBD genes and variants impacting intestinal epithelial barrier integrity (Genetics);RDF30;Medical, health and life sciences;0.5202683806419373;RDF10;Natural sciences;0.15386615693569183;RDF20-21;Engineering and technology;0.14703534543514252;RDF106;Biological sciences;0.9872034788131714;RDF303;Health sciences;0.7588235139846802;RDF301;Basic medicine and life sciences;0.7336427569389343;RDF201;Civil engineering, maritime engineering, transport engineering, and mining engineering;0.2781587541103363;RDF207;Medical and biomedical engineering;0.17617496848106384
502;Structural and functional characterization of type IV secretion system pili (Biochemistry & Molecular Biology);RDF30;Medical, health and life sciences;0.3339422047138214;RDF20-21;Engineering and technology;0.30711668729782104;RDF40;Agricultural and veterinary sciences;0.1407800018787384;RDF106;Biological sciences;0.8986775875091553;RDF103;Physical sciences;0.867260754108429;RDF104;Chemical sciences;0.8560317754745483;RDF301;Basic medicine and life sciences;0.8470844030380249;RDF202;Industrial, systems and processes engineering;0.8055939674377441
503;Targeting the extracellular adenosine pathway in pancreatic and liver cancers;RDF30;Medical, health and life sciences;0.5959314107894897;RDF20-21;Engineering and technology;0.2172064334154129;RDF10;Natural sciences;0.0814131647348404;RDF303;Health sciences;0.93318772315979;RDF302;Clinical medicine;0.9225172996520996;RDF301;Basic medicine and life sciences;0.9216402173042297;RDF104;Chemical sciences;0.9169315099716187;RDF106;Biological sciences;0.8254490494728088
504;The impact of amyloid-induced neurodegeneration on sleep features and memory processes (Biological and Clinical Aspects of Aging);RDF30;Medical, health and life sciences;0.5978473424911499;RDF20-21;Engineering and technology;0.1795501559972763;RDF10;Natural sciences;0.13997042179107666;RDF106;Biological sciences;0.9517288208007812;RDF301;Basic medicine and life sciences;0.9020932912826538;RDF303;Health sciences;0.9002231955528259;RDF501;Psychology and cognitive sciences;0.8409132361412048;RDF302;Clinical medicine;0.6823092103004456
505;Disentangling the Kinematics of the Solar Neighborhood to Calibrate the Ages of Stars and Exoplanets (Physics);RDF10;Natural sciences;0.5689170956611633;RDF20-21;Engineering and technology;0.34709346294403076;RDF40;Agricultural and veterinary sciences;0.038096461445093155;RDF103;Physical sciences;0.9959298968315125;RDF201;Civil engineering, maritime engineering, transport engineering, and mining engineering;0.44467028975486755;RDF104;Chemical sciences;0.297725111246109;RDF105;Earth and related environmental sciences;0.1763167679309845;RDF107;Other natural sciences;0.10951516032218933
506;Towards a Transcultural History and Theory of Heterophony (Fine Arts, Research-Creation);RDF60;Humanities and the arts;0.5935527682304382;RDF20-21;Engineering and technology;0.15191683173179626;RDF40;Agricultural and veterinary sciences;0.10683465749025345;RDF604;Arts (arts, history of arts, performing arts, music), architecture and design;0.9446383118629456;RDF601;History, archaeology and related studies;0.6803213357925415;RDF201;Civil engineering, maritime engineering, transport engineering, and mining engineering;0.5141868591308594;RDF104;Chemical sciences;0.4448963403701782;RDF106;Biological sciences;0.34961602091789246
507;What Do Deep Learning Systems Understand? (Philosophy, medieval studies, classics, religious);RDF20-21;Engineering and technology;0.44772979617118835;RDF50;Social sciences;0.30237647891044617;RDF60;Humanities and the arts;0.11023104935884476;RDF102;Computer and information sciences;0.9706878066062927;RDF503;Education;0.5384144186973572;RDF201;Civil engineering, maritime engineering, transport engineering, and mining engineering;0.35793212056159973;RDF601;History, archaeology and related studies;0.3147609829902649;RDF104;Chemical sciences;0.15752527117729187
508;Improving endurance performance using maple syrup;RDF30;Medical, health and life sciences;0.6033214926719666;RDF40;Agricultural and veterinary sciences;0.14291709661483765;RDF20-21;Engineering and technology;0.10443282127380371;RDF102;Computer and information sciences;0.9467937350273132;RDF202;Industrial, systems and processes engineering;0.9340952038764954;RDF604;Arts (arts, history of arts, performing arts, music), architecture and design;0.9237300157546997;RDF201;Civil engineering, maritime engineering, transport engineering, and mining engineering;0.9221324920654297;RDF104;Chemical sciences;0.9120060205459595
509;Multi-Omic Primate Adaptation to Local Environments (Evolution and Ecology);RDF20-21;Engineering and technology;0.39226028323173523;RDF10;Natural sciences;0.2518441379070282;RDF40;Agricultural and veterinary sciences;0.18208426237106323;RDF104;Chemical sciences;0.9009662866592407;RDF103;Physical sciences;0.8867150545120239;RDF106;Biological sciences;0.824603259563446;RDF201;Civil engineering, maritime engineering, transport engineering, and mining engineering;0.6430211067199707;RDF105;Earth and related environmental sciences;0.5734469890594482
510;The Role of the State for Long-run Economic Development in Europe (Economics);RDF20-21;Engineering and technology;0.45393821597099304;RDF40;Agricultural and veterinary sciences;0.1612846851348877;RDF50;Social sciences;0.13305841386318207;RDF502;Economics and business administration;0.920074462890625;RDF201;Civil engineering, maritime engineering, transport engineering, and mining engineering;0.7851439118385315;RDF104;Chemical sciences;0.3834681212902069;RDF102;Computer and information sciences;0.3791772127151489;RDF101;Mathematics and statistics;0.24305805563926697
511;Éditions critiques numériques et multilinguisme;RDF20-21;Engineering and technology;0.4156343936920166;RDF60;Humanities and the arts;0.1674453169107437;RDF30;Medical, health and life sciences;0.16031715273857117;RDF604;Arts (arts, history of arts, performing arts, music), architecture and design;0.9535353183746338;RDF202;Industrial, systems and processes engineering;0.9525741338729858;RDF102;Computer and information sciences;0.8781054019927979;RDF201;Civil engineering, maritime engineering, transport engineering, and mining engineering;0.862699031829834;RDF104;Chemical sciences;0.7860485315322876
512;Metabolic control of vascular regeneration in retinopathy of prematurity (Clinical Investigation – Reproduction, Maternal, Child and Youth Health);RDF30;Medical, health and life sciences;0.7924430966377258;RDF20-21;Engineering and technology;0.10974186658859253;RDF40;Agricultural and veterinary sciences;0.04163043946027756;RDF302;Clinical medicine;0.9843062162399292;RDF303;Health sciences;0.9470881819725037;RDF301;Basic medicine and life sciences;0.8426043391227722;RDF104;Chemical sciences;0.792624831199646;RDF106;Biological sciences;0.6851863265037537
513;Mechanics and dynamics of mineral dust production within cold climates (Geosciences);RDF20-21;Engineering and technology;0.6978297829627991;RDF10;Natural sciences;0.1626623123884201;RDF40;Agricultural and veterinary sciences;0.07018258422613144;RDF105;Earth and related environmental sciences;0.9747491478919983;RDF201;Civil engineering, maritime engineering, transport engineering, and mining engineering;0.7355941534042358;RDF202;Industrial, systems and processes engineering;0.40293529629707336;RDF208;Environmental engineering and related engineering;0.2267836332321167;RDF204;Mechanical engineering;0.21725447475910187
514;Biosecurity in Canadian dairy farms: Unraveling the epidemiology of bovine infectious diseases and refining diagnostic strategies to improve their detection, prevention and control (Biological Systems and Functions);RDF40;Agricultural and veterinary sciences;0.4564749002456665;RDF10;Natural sciences;0.3342905044555664;RDF30;Medical, health and life sciences;0.1465049535036087;RDF402;Animal and dairy sciences;0.9564311504364014;RDF106;Biological sciences;0.7819556593894958;RDF404;Agricultural biotechnology and food sciences;0.6763794422149658;RDF104;Chemical sciences;0.4568300247192383;RDF403;Veterinary sciences;0.4238976836204529
515;Mobilité urbaine et ressources langagières à Santiago du Chili (Linguistics and translation);RDF20-21;Engineering and technology;0.4745987355709076;RDF60;Humanities and the arts;0.24010425806045532;RDF50;Social sciences;0.10515018552541733;RDF201;Civil engineering, maritime engineering, transport engineering, and mining engineering;0.8361535668373108;RDF604;Arts (arts, history of arts, performing arts, music), architecture and design;0.6613216400146484;RDF602;Languages and literature;0.5705061554908752;RDF104;Chemical sciences;0.5661084651947021;RDF507;Social and economic geography;0.3002324104309082
516;Pays perdus, terres promises : deux imaginaires du territoire de l'Antiquité à nos jours;RDF10;Natural sciences;0.295390784740448;RDF20-21;Engineering and technology;0.25172218680381775;RDF60;Humanities and the arts;0.15289171040058136;RDF601;History, archaeology and related studies;0.9342153668403625;RDF105;Earth and related environmental sciences;0.8153795599937439;RDF201;Civil engineering, maritime engineering, transport engineering, and mining engineering;0.7660749554634094;RDF604;Arts (arts, history of arts, performing arts, music), architecture and design;0.7214488983154297;RDF104;Chemical sciences;0.6557770371437073
517;Supraionic engineering of liquid electrolytes for electrochemistry and ionometallurgy;RDF20-21;Engineering and technology;0.7568743824958801;RDF40;Agricultural and veterinary sciences;0.08170564472675323;RDF10;Natural sciences;0.0638502836227417;RDF104;Chemical sciences;0.9396923780441284;RDF103;Physical sciences;0.9333093166351318;RDF205;Chemical engineering;0.7288931012153625;RDF202;Industrial, systems and processes engineering;0.5132720470428467;RDF201;Civil engineering, maritime engineering, transport engineering, and mining engineering;0.2835829555988312
518;Pricing and Profitability in Non-Life Insurance;RDF30;Medical, health and life sciences;0.3662101626396179;RDF40;Agricultural and veterinary sciences;0.21021980047225952;RDF20-21;Engineering and technology;0.1779327392578125;RDF502;Economics and business administration;0.6609387397766113;RDF201;Civil engineering, maritime engineering, transport engineering, and mining engineering;0.5980105400085449;RDF202;Industrial, systems and processes engineering;0.4572882056236267;RDF104;Chemical sciences;0.414958119392395;RDF105;Earth and related environmental sciences;0.41177693009376526
519;Regulation of glycolysis in T cell metabolic reprogramming (Genes, Cells and Molecules);RDF30;Medical, health and life sciences;0.4056304693222046;RDF20-21;Engineering and technology;0.2879160940647125;RDF40;Agricultural and veterinary sciences;0.1320672482252121;RDF106;Biological sciences;0.9686195850372314;RDF103;Physical sciences;0.9482504725456238;RDF104;Chemical sciences;0.9258356690406799;RDF301;Basic medicine and life sciences;0.8690491914749146;RDF302;Clinical medicine;0.7534213066101074
520;After-images and urban spaces: lesbian, gay and queer visible presence in Montreal (1950-1990) (Communications, media studies, gender studies, library and information science, related fields);RDF60;Humanities and the arts;0.2621500492095947;RDF20-21;Engineering and technology;0.22226668894290924;RDF50;Social sciences;0.18498674035072327;RDF508;Media and communications;0.5934178829193115;RDF507;Social and economic geography;0.4878716468811035;RDF504;Sociology and related studies;0.42538517713546753;RDF604;Arts (arts, history of arts, performing arts, music), architecture and design;0.29375889897346497;RDF509;Other social sciences;0.22135068476200104
521;Heterochromatin Protein 1 (HP1) in maternal infertility and embryonic development (Genes, Cells and Molecules);RDF30;Medical, health and life sciences;0.541402280330658;RDF10;Natural sciences;0.19285449385643005;RDF20-21;Engineering and technology;0.1314270794391632;RDF106;Biological sciences;0.9784876704216003;RDF301;Basic medicine and life sciences;0.9435559511184692;RDF104;Chemical sciences;0.7927050590515137;RDF103;Physical sciences;0.7198269367218018;RDF303;Health sciences;0.6909762620925903
522;Chronic non-cancer pain, substance use, and related harms: Towards an optimal treatment pathway for people who inject drugs in the context of the opioid crisis (Behavioural Sciences – Clinical Behavioural Sciences);RDF30;Medical, health and life sciences;0.8031518459320068;RDF20-21;Engineering and technology;0.06618475168943405;RDF50;Social sciences;0.05567874386906624;RDF303;Health sciences;0.9536649584770203;RDF302;Clinical medicine;0.8288695812225342;RDF301;Basic medicine and life sciences;0.5695796012878418;RDF501;Psychology and cognitive sciences;0.3324187397956848;RDF104;Chemical sciences;0.08748584985733032
523;Simulation stochastique à haute résolution spatiale pour les études des risques d'inondation en milieu urbain;RDF20-21;Engineering and technology;0.5476466417312622;RDF10;Natural sciences;0.15728692710399628;RDF40;Agricultural and veterinary sciences;0.11832128465175629;RDF103;Physical sciences;0.8258708119392395;RDF105;Earth and related environmental sciences;0.8086345195770264;RDF201;Civil engineering, maritime engineering, transport engineering, and mining engineering;0.7052016854286194;RDF102;Computer and information sciences;0.5852122902870178;RDF208;Environmental engineering and related engineering;0.534202516078949
524;Innovative mobile health treatment modality to treat sleep difficulties in healthcare workers working on atypical work schedules;RDF30;Medical, health and life sciences;0.642524778842926;RDF20-21;Engineering and technology;0.23225298523902893;RDF40;Agricultural and veterinary sciences;0.048233311623334885;RDF303;Health sciences;0.9482024908065796;RDF302;Clinical medicine;0.8928898572921753;RDF201;Civil engineering, maritime engineering, transport engineering, and mining engineering;0.8124584555625916;RDF104;Chemical sciences;0.6501063704490662;RDF604;Arts (arts, history of arts, performing arts, music), architecture and design;0.6452317237854004
525;Interpretable Machine Learning Approaches Applied to Omics Datasets (Genes, Cells and Molecules);RDF20-21;Engineering and technology;0.5716457366943359;RDF10;Natural sciences;0.1519896388053894;RDF40;Agricultural and veterinary sciences;0.1274891346693039;RDF102;Computer and information sciences;0.8646537065505981;RDF103;Physical sciences;0.7819972634315491;RDF104;Chemical sciences;0.6554186940193176;RDF106;Biological sciences;0.6188668012619019;RDF202;Industrial, systems and processes engineering;0.25349125266075134
526;Prevention and treatment of preeclampsia using exercise training and Angiotensin-(1-7): determining the mechanisms and clinical potential (Cardiovascular System – Heart and Circulation);RDF30;Medical, health and life sciences;0.853710412979126;RDF20-21;Engineering and technology;0.06673729419708252;RDF10;Natural sciences;0.03769301623106003;RDF303;Health sciences;0.9805992245674133;RDF302;Clinical medicine;0.9366915822029114;RDF301;Basic medicine and life sciences;0.8514595031738281;RDF207;Medical and biomedical engineering;0.643301248550415;RDF103;Physical sciences;0.6126718521118164
527;Connecting MRI physics and artificial intelligence to advance novel acquisition and analyses technologies for neuroimaging applications (Physics);RDF20-21;Engineering and technology;0.5259732007980347;RDF30;Medical, health and life sciences;0.3629106283187866;RDF10;Natural sciences;0.059330377727746964;RDF103;Physical sciences;0.9798226952552795;RDF301;Basic medicine and life sciences;0.5176623463630676;RDF207;Medical and biomedical engineering;0.4536324441432953;RDF201;Civil engineering, maritime engineering, transport engineering, and mining engineering;0.3900201618671417;RDF102;Computer and information sciences;0.2253313809633255
528;The Paperology Symposium;RDF20-21;Engineering and technology;0.33098557591438293;RDF30;Medical, health and life sciences;0.2872845530509949;RDF40;Agricultural and veterinary sciences;0.15127746760845184;RDF102;Computer and information sciences;0.9793540835380554;RDF105;Earth and related environmental sciences;0.9622142314910889;RDF202;Industrial, systems and processes engineering;0.9537081122398376;RDF103;Physical sciences;0.9524857997894287;RDF104;Chemical sciences;0.9460510015487671
529;Mechanisms affecting follicular development and ovulation in the Bovine model;RDF10;Natural sciences;0.35958653688430786;RDF20-21;Engineering and technology;0.22623538970947266;RDF40;Agricultural and veterinary sciences;0.19507472217082977;RDF106;Biological sciences;0.9097467660903931;RDF104;Chemical sciences;0.8621776700019836;RDF402;Animal and dairy sciences;0.767079770565033;RDF302;Clinical medicine;0.7538745999336243;RDF103;Physical sciences;0.7052778601646423
530;Measuring and modeling large-scale electrophysiological brain dynamics: From neural mechanisms to cognitive processes (Biological Systems and Functions);RDF20-21;Engineering and technology;0.6212248802185059;RDF10;Natural sciences;0.13983765244483948;RDF30;Medical, health and life sciences;0.12869873642921448;RDF106;Biological sciences;0.7439128756523132;RDF301;Basic medicine and life sciences;0.3976021409034729;RDF103;Physical sciences;0.2867181599140167;RDF305;Other medical sciences;0.16371266543865204;RDF201;Civil engineering, maritime engineering, transport engineering, and mining engineering;0.14253002405166626
531;Apprentissage des jeunes adultes touchés par un cancer du sang : création de solutions à l'aide du co-design;RDF20-21;Engineering and technology;0.46968314051628113;RDF30;Medical, health and life sciences;0.23081327974796295;RDF60;Humanities and the arts;0.10971605777740479;RDF503;Education;0.9593832492828369;RDF604;Arts (arts, history of arts, performing arts, music), architecture and design;0.9005298018455505;RDF301;Basic medicine and life sciences;0.8194241523742676;RDF303;Health sciences;0.8018971085548401;RDF102;Computer and information sciences;0.7901257276535034
532;Mentalisation parentale non verbale sous la loupe : Valeur ajoutée à la relation parent-enfant et complémentarité avec la mentalisation parentale verbale (Psychology, linguistics and translation);RDF50;Social sciences;0.3159046769142151;RDF30;Medical, health and life sciences;0.17912030220031738;RDF40;Agricultural and veterinary sciences;0.16663271188735962;RDF501;Psychology and cognitive sciences;0.9476723670959473;RDF504;Sociology and related studies;0.554282009601593;RDF509;Other social sciences;0.21825255453586578;RDF305;Other medical sciences;0.15247340500354767;RDF107;Other natural sciences;0.14145922660827637
533;A multifactorial and integrative approach to investigate spoken discourse in Canadian French (Mutidisciplinary or interdisciplinary social sciences);RDF50;Social sciences;0.3933379054069519;RDF20-21;Engineering and technology;0.21343682706356049;RDF60;Humanities and the arts;0.1926358938217163;RDF602;Languages and literature;0.6829174757003784;RDF504;Sociology and related studies;0.3588865399360657;RDF201;Civil engineering, maritime engineering, transport engineering, and mining engineering;0.1703699380159378;RDF604;Arts (arts, history of arts, performing arts, music), architecture and design;0.138753280043602;RDF508;Media and communications;0.12310183793306351
534;Opening the blackbox on the relation between participation in hackathons and the development of longer-term collaborative capabilities;RDF20-21;Engineering and technology;0.6018387079238892;RDF50;Social sciences;0.11764425039291382;RDF60;Humanities and the arts;0.09234002977609634;RDF102;Computer and information sciences;0.9805806279182434;RDF604;Arts (arts, history of arts, performing arts, music), architecture and design;0.7852262854576111;RDF201;Civil engineering, maritime engineering, transport engineering, and mining engineering;0.6929018497467041;RDF203;Electrical engineering, computer engineering, and information engineering;0.5139124393463135;RDF104;Chemical sciences;0.3834248185157776
535;A multi-country comparison of COVID-19 response: Planning, implementation, and health system resilience (Canadian 2019 Novel Coronavirus (2019-nCoV) Rapid Research);RDF30;Medical, health and life sciences;0.45362240076065063;RDF20-21;Engineering and technology;0.23279328644275665;RDF40;Agricultural and veterinary sciences;0.0978754535317421;RDF303;Health sciences;0.8310059309005737;RDF104;Chemical sciences;0.6329566240310669;RDF102;Computer and information sciences;0.5613425374031067;RDF203;Electrical engineering, computer engineering, and information engineering;0.26020142436027527;RDF101;Mathematics and statistics;0.2473505735397339
536;Participatory Democracy and the Canadian Genetic Non-Discrimination Act (Multidisciplinary or interdisciplinary humanities);RDF60;Humanities and the arts;0.4759935736656189;RDF20-21;Engineering and technology;0.1873827576637268;RDF50;Social sciences;0.1541556715965271;RDF604;Arts (arts, history of arts, performing arts, music), architecture and design;0.8499088883399963;RDF504;Sociology and related studies;0.8285923600196838;RDF201;Civil engineering, maritime engineering, transport engineering, and mining engineering;0.6777673363685608;RDF509;Other social sciences;0.6142349243164062;RDF106;Biological sciences;0.4585456848144531
537;Levelling the Playing Fields: Creating the conditions for free-play to emerge in cities (Public, Community & Population Health);RDF20-21;Engineering and technology;0.4155326187610626;RDF60;Humanities and the arts;0.16867095232009888;RDF50;Social sciences;0.15645281970500946;RDF604;Arts (arts, history of arts, performing arts, music), architecture and design;0.8658491373062134;RDF201;Civil engineering, maritime engineering, transport engineering, and mining engineering;0.744145393371582;RDF102;Computer and information sciences;0.46491676568984985;RDF507;Social and economic geography;0.2853221595287323;RDF301;Basic medicine and life sciences;0.27678826451301575
538;Using prospective and observational designs to study support processes and sexual well-being in long-term couples (Psychology);RDF30;Medical, health and life sciences;0.33428236842155457;RDF20-21;Engineering and technology;0.19963349401950836;RDF10;Natural sciences;0.15677064657211304;RDF501;Psychology and cognitive sciences;0.9794525504112244;RDF301;Basic medicine and life sciences;0.42651939392089844;RDF604;Arts (arts, history of arts, performing arts, music), architecture and design;0.2846754193305969;RDF303;Health sciences;0.21255876123905182;RDF505;Law and legal practice;0.17377841472625732
539;Molecular dissection of mitotic kinase functions using chemogenomics (Genes, Cells and Molecules);RDF20-21;Engineering and technology;0.3952617347240448;RDF30;Medical, health and life sciences;0.1886557936668396;RDF40;Agricultural and veterinary sciences;0.16420739889144897;RDF103;Physical sciences;0.9618934392929077;RDF104;Chemical sciences;0.9591160416603088;RDF106;Biological sciences;0.909183919429779;RDF301;Basic medicine and life sciences;0.7188905477523804;RDF202;Industrial, systems and processes engineering;0.6200825572013855
540;Compassion and Collective Care in Long-Term Care Settings: A Communicative Perspective (Communications, media studies, gender studies, library and information science, related fields);RDF30;Medical, health and life sciences;0.5979745388031006;RDF50;Social sciences;0.12267809361219406;RDF20-21;Engineering and technology;0.07928431779146194;RDF303;Health sciences;0.9591543078422546;RDF504;Sociology and related studies;0.3898804187774658;RDF509;Other social sciences;0.3836413025856018;RDF508;Media and communications;0.27869826555252075;RDF305;Other medical sciences;0.2349328100681305
541;Towards a better understanding of contaminant bioavailability- urgent replacement of photosynthetic incubators (Geosciences);RDF20-21;Engineering and technology;0.7273558378219604;RDF10;Natural sciences;0.08880016207695007;RDF40;Agricultural and veterinary sciences;0.06980222463607788;RDF208;Environmental engineering and related engineering;0.9479139447212219;RDF105;Earth and related environmental sciences;0.9402982592582703;RDF201;Civil engineering, maritime engineering, transport engineering, and mining engineering;0.7794058322906494;RDF604;Arts (arts, history of arts, performing arts, music), architecture and design;0.5588687658309937;RDF104;Chemical sciences;0.44794324040412903
542;Marking Monastic Space: The Spatial Iconography of Inscribed Capitals, 1080-1160 (Fine arts, research-creation);RDF60;Humanities and the arts;0.7134875655174255;RDF20-21;Engineering and technology;0.13916265964508057;RDF40;Agricultural and veterinary sciences;0.04579025134444237;RDF604;Arts (arts, history of arts, performing arts, music), architecture and design;0.9824062585830688;RDF601;History, archaeology and related studies;0.7611836194992065;RDF201;Civil engineering, maritime engineering, transport engineering, and mining engineering;0.3262714445590973;RDF104;Chemical sciences;0.3227127194404602;RDF103;Physical sciences;0.2889200747013092
543;Dans l'intérêt du patient : la relation thérapeutique au sein de la Collection hippocratique (Philosophy, medieval studies, classics, religious);RDF30;Medical, health and life sciences;0.2863665819168091;RDF60;Humanities and the arts;0.24882997572422028;RDF20-21;Engineering and technology;0.23906387388706207;RDF301;Basic medicine and life sciences;0.738716185092926;RDF604;Arts (arts, history of arts, performing arts, music), architecture and design;0.6323572993278503;RDF104;Chemical sciences;0.5730214715003967;RDF601;History, archaeology and related studies;0.560357928276062;RDF303;Health sciences;0.45642489194869995
544;Advanced methods for depth-based human pose estimation and motion analysis: application to vital signs monitoring in the intensive care unit (Electrical and Computer Engineering);RDF20-21;Engineering and technology;0.5555626153945923;RDF30;Medical, health and life sciences;0.3840761184692383;RDF10;Natural sciences;0.022138653323054314;RDF303;Health sciences;0.969956636428833;RDF203;Electrical engineering, computer engineering, and information engineering;0.8567523956298828;RDF104;Chemical sciences;0.7853085994720459;RDF302;Clinical medicine;0.7658998966217041;RDF201;Civil engineering, maritime engineering, transport engineering, and mining engineering;0.6833138465881348
545;RÉAC ! Réactivité de la prise en charge des nouveaux arrivants face à la pandémie de COVID-19 à Montréal, Sherbrooke et Toronto : une recherche mixte participative (Health Policy & Systems Management Research);RDF30;Medical, health and life sciences;0.47518202662467957;RDF20-21;Engineering and technology;0.2342793196439743;RDF40;Agricultural and veterinary sciences;0.10831349343061447;RDF303;Health sciences;0.7119318842887878;RDF104;Chemical sciences;0.2265268713235855;RDF301;Basic medicine and life sciences;0.21060390770435333;RDF201;Civil engineering, maritime engineering, transport engineering, and mining engineering;0.16085834801197052;RDF203;Electrical engineering, computer engineering, and information engineering;0.10008423030376434
546;Public School Choice and Refugee Assignment: (Dynamic) Minimal Instability for Non-Unit Capacities and for Lotteries and Weak Priorities (Economics);RDF50;Social sciences;0.5412408113479614;RDF20-21;Engineering and technology;0.28396323323249817;RDF60;Humanities and the arts;0.04642367362976074;RDF503;Education;0.9139841198921204;RDF104;Chemical sciences;0.6675812602043152;RDF201;Civil engineering, maritime engineering, transport engineering, and mining engineering;0.6014984846115112;RDF504;Sociology and related studies;0.4949952960014343;RDF106;Biological sciences;0.31455039978027344
547;Metabolic and translational dependencies of activated T cells (Genes, Cells and Molecules);RDF20-21;Engineering and technology;0.3030804693698883;RDF30;Medical, health and life sciences;0.24478378891944885;RDF10;Natural sciences;0.23390959203243256;RDF106;Biological sciences;0.9286680221557617;RDF103;Physical sciences;0.9196786284446716;RDF104;Chemical sciences;0.9033794403076172;RDF301;Basic medicine and life sciences;0.7355941534042358;RDF202;Industrial, systems and processes engineering;0.6818062663078308
548;Transformer des espaces conventionnels et dysfonctionnels de participation : scénarios pour accroître la participation des citoyens aux comités consultatifs;RDF20-21;Engineering and technology;0.38363349437713623;RDF50;Social sciences;0.25793692469596863;RDF40;Agricultural and veterinary sciences;0.1279376745223999;RDF504;Sociology and related studies;0.747201144695282;RDF506;Political science and policy administration;0.514735758304596;RDF201;Civil engineering, maritime engineering, transport engineering, and mining engineering;0.25330647826194763;RDF505;Law and legal practice;0.23678085207939148;RDF101;Mathematics and statistics;0.15127839148044586
549;CITE-sequencing analysis revealed immune cell diversity in colonic mesenteric lymph nodes from IBD patients;RDF30;Medical, health and life sciences;0.7313518524169922;RDF10;Natural sciences;0.1131085529923439;RDF20-21;Engineering and technology;0.07211371511220932;RDF106;Biological sciences;0.9003984928131104;RDF303;Health sciences;0.8982767462730408;RDF302;Clinical medicine;0.8664718270301819;RDF104;Chemical sciences;0.8055557012557983;RDF301;Basic medicine and life sciences;0.7896800637245178
550;The neglected place of financial information and accountants in Canadian tech startups;RDF20-21;Engineering and technology;0.7642179131507874;RDF40;Agricultural and veterinary sciences;0.07150106132030487;RDF50;Social sciences;0.049141913652420044;RDF102;Computer and information sciences;0.9584211111068726;RDF202;Industrial, systems and processes engineering;0.8899599313735962;RDF104;Chemical sciences;0.8097277283668518;RDF201;Civil engineering, maritime engineering, transport engineering, and mining engineering;0.7994814515113831;RDF105;Earth and related environmental sciences;0.675149142742157
551;Reinventing the Rash: A Global History of Measles in the Vaccine Era (History);RDF20-21;Engineering and technology;0.44017377495765686;RDF30;Medical, health and life sciences;0.3035624921321869;RDF40;Agricultural and veterinary sciences;0.10380014777183533;RDF601;History, archaeology and related studies;0.9975417852401733;RDF201;Civil engineering, maritime engineering, transport engineering, and mining engineering;0.9049869179725647;RDF104;Chemical sciences;0.8954312801361084;RDF604;Arts (arts, history of arts, performing arts, music), architecture and design;0.81081622838974;RDF301;Basic medicine and life sciences;0.7814557552337646
552;A New, Data-Driven Era for Precision Cosmology: Measuring the Expansion Rate of the Universe with Machine Learning (Physics);RDF20-21;Engineering and technology;0.7618066668510437;RDF10;Natural sciences;0.17477944493293762;RDF40;Agricultural and veterinary sciences;0.024488234892487526;RDF103;Physical sciences;0.9888420104980469;RDF102;Computer and information sciences;0.6023210883140564;RDF201;Civil engineering, maritime engineering, transport engineering, and mining engineering;0.48450201749801636;RDF104;Chemical sciences;0.3435894548892975;RDF305;Other medical sciences;0.16026602685451508
553;Créer-Entreprendre ! Trajectoires croisées : arts numériques et école nationale de cirque. Une exploration des reconfigurations des projets créatifs et des modèles de valeur post-Covid;RDF60;Humanities and the arts;0.41299086809158325;RDF20-21;Engineering and technology;0.3792594075202942;RDF50;Social sciences;0.0853295847773552;RDF604;Arts (arts, history of arts, performing arts, music), architecture and design;0.8663023114204407;RDF503;Education;0.8444089889526367;RDF605;Other humanities;0.138753280043602;RDF203;Electrical engineering, computer engineering, and information engineering;0.10461445152759552;RDF102;Computer and information sciences;0.10079007595777512
554;Factors that control translational fidelity in mammalian cells (Genes, Cells and Molecules);RDF30;Medical, health and life sciences;0.4393552243709564;RDF10;Natural sciences;0.20993182063102722;RDF20-21;Engineering and technology;0.18940310180187225;RDF106;Biological sciences;0.9135223627090454;RDF104;Chemical sciences;0.705734372138977;RDF103;Physical sciences;0.6893578767776489;RDF301;Basic medicine and life sciences;0.5593577027320862;RDF201;Civil engineering, maritime engineering, transport engineering, and mining engineering;0.5180280804634094
555;Exploiting the synthetic-lethal vulnerabilities of stem cells and cancer cells with eroded telomeres (Molecular & Cellular Biology of Cancer);RDF30;Medical, health and life sciences;0.45899713039398193;RDF20-21;Engineering and technology;0.3533026874065399;RDF10;Natural sciences;0.1338532716035843;RDF301;Basic medicine and life sciences;0.9736195802688599;RDF106;Biological sciences;0.9402433633804321;RDF104;Chemical sciences;0.8670920729637146;RDF103;Physical sciences;0.8248854875564575;RDF302;Clinical medicine;0.4345175325870514
556;Physicochemical characterization of pre-clinical samples of a bacteriophage therapy spray-on patch for the treatment of COVID-19-related pressure injury resistant infections;RDF30;Medical, health and life sciences;0.6188742518424988;RDF20-21;Engineering and technology;0.16326630115509033;RDF10;Natural sciences;0.11668115854263306;RDF303;Health sciences;0.9695556163787842;RDF103;Physical sciences;0.9620006084442139;RDF302;Clinical medicine;0.9503649473190308;RDF104;Chemical sciences;0.9495291709899902;RDF301;Basic medicine and life sciences;0.9103463292121887
557;Dumping of waste rocks (WR) in mine stopes being filled with paste backfill (PB): Experimental and numerical investigations on the natural mixing behavior between WR and PB;RDF20-21;Engineering and technology;0.5279374718666077;RDF10;Natural sciences;0.2900637686252594;RDF40;Agricultural and veterinary sciences;0.0784325897693634;RDF208;Environmental engineering and related engineering;0.970436692237854;RDF105;Earth and related environmental sciences;0.8927963972091675;RDF201;Civil engineering, maritime engineering, transport engineering, and mining engineering;0.8916224241256714;RDF104;Chemical sciences;0.8888553380966187;RDF103;Physical sciences;0.7325440049171448
558;Deep neural network uncertainty estimation for safe integration into autonomous driving autonomy systems;RDF20-21;Engineering and technology;0.8261691927909851;RDF40;Agricultural and veterinary sciences;0.051290351897478104;RDF50;Social sciences;0.0412532240152359;RDF102;Computer and information sciences;0.9904128313064575;RDF202;Industrial, systems and processes engineering;0.9660600423812866;RDF201;Civil engineering, maritime engineering, transport engineering, and mining engineering;0.8865677714347839;RDF204;Mechanical engineering;0.8204694390296936;RDF203;Electrical engineering, computer engineering, and information engineering;0.8046746253967285
559;Adaptive Mechanical Systems for Physical Embodied Intelligence Robotics;RDF20-21;Engineering and technology;0.7833021879196167;RDF40;Agricultural and veterinary sciences;0.06864499300718307;RDF10;Natural sciences;0.04891485348343849;RDF102;Computer and information sciences;0.9114559292793274;RDF204;Mechanical engineering;0.8842393159866333;RDF103;Physical sciences;0.8777389526367188;RDF202;Industrial, systems and processes engineering;0.8759993314743042;RDF104;Chemical sciences;0.8124957084655762
560;Transnational families and midwifery care: Expectations, challenges and practices during pregnancy, childbirth and postpartum (Evolving Narratives of Cultures and Histories);RDF30;Medical, health and life sciences;0.691921055316925;RDF50;Social sciences;0.09286725521087646;RDF20-21;Engineering and technology;0.0732133761048317;RDF303;Health sciences;0.952308714389801;RDF504;Sociology and related studies;0.4701283872127533;RDF301;Basic medicine and life sciences;0.25935637950897217;RDF106;Biological sciences;0.24707795679569244;RDF105;Earth and related environmental sciences;0.2233770489692688
561;Constructing participatory performance: the ecologies and architectures of audience engagement (Communications, media studies, gender studies, library and information science, related fields);RDF20-21;Engineering and technology;0.4221918284893036;RDF60;Humanities and the arts;0.28504231572151184;RDF50;Social sciences;0.1374342143535614;RDF604;Arts (arts, history of arts, performing arts, music), architecture and design;0.9308364391326904;RDF508;Media and communications;0.9208964705467224;RDF201;Civil engineering, maritime engineering, transport engineering, and mining engineering;0.1635122150182724;RDF509;Other social sciences;0.1231018453836441;RDF504;Sociology and related studies;0.10875558853149414
562;Development and implementation of a standardized methodology aiming to optimize the efficacy and reproducibility of findings using non-invasive brain stimulation techniques in the context of motor training (Biological Systems and Functions);RDF20-21;Engineering and technology;0.3584355413913727;RDF30;Medical, health and life sciences;0.34135422110557556;RDF10;Natural sciences;0.18338409066200256;RDF106;Biological sciences;0.7399395704269409;RDF302;Clinical medicine;0.6469622254371643;RDF104;Chemical sciences;0.4674836993217468;RDF301;Basic medicine and life sciences;0.4556678831577301;RDF501;Psychology and cognitive sciences;0.3825305700302124
563;Putting interfaces at work (Materials and Chemical Engineering);RDF20-21;Engineering and technology;0.7097706198692322;RDF40;Agricultural and veterinary sciences;0.08644194900989532;RDF30;Medical, health and life sciences;0.06601894646883011;RDF102;Computer and information sciences;0.9666317105293274;RDF202;Industrial, systems and processes engineering;0.9084149599075317;RDF201;Civil engineering, maritime engineering, transport engineering, and mining engineering;0.7976750135421753;RDF104;Chemical sciences;0.7855142951011658;RDF103;Physical sciences;0.4170924425125122
564;Les outils de l'intersectorialité au niveau régional, comment sont-ils produits et comment opèrent-ils? (Political science and public administration);RDF20-21;Engineering and technology;0.615148663520813;RDF50;Social sciences;0.17753861844539642;RDF40;Agricultural and veterinary sciences;0.08682166039943695;RDF506;Political science and policy administration;0.8482193946838379;RDF104;Chemical sciences;0.7933061718940735;RDF201;Civil engineering, maritime engineering, transport engineering, and mining engineering;0.4289284646511078;RDF301;Basic medicine and life sciences;0.3753200173377991;RDF102;Computer and information sciences;0.30476540327072144
565;Cell biology and function of dopamine neuron connectivity in health and disease (Molecular & Cellular Neurosciences);RDF30;Medical, health and life sciences;0.4404071867465973;RDF20-21;Engineering and technology;0.2916782796382904;RDF10;Natural sciences;0.1332062929868698;RDF301;Basic medicine and life sciences;0.9021795392036438;RDF106;Biological sciences;0.8398653864860535;RDF103;Physical sciences;0.35552310943603516;RDF303;Health sciences;0.31447142362594604;RDF201;Civil engineering, maritime engineering, transport engineering, and mining engineering;0.2576249837875366
566;Exploiting Graphical Optimization Models to Solve Discrete Decision Problems in Healthcare and Supply Chain Logistics (Civil, Industrial and Systems Engineering);RDF20-21;Engineering and technology;0.8918702602386475;RDF30;Medical, health and life sciences;0.048791635781526566;RDF10;Natural sciences;0.02395394630730152;RDF102;Computer and information sciences;0.9781979918479919;RDF201;Civil engineering, maritime engineering, transport engineering, and mining engineering;0.9190269708633423;RDF104;Chemical sciences;0.7881351113319397;RDF202;Industrial, systems and processes engineering;0.6926420331001282;RDF203;Electrical engineering, computer engineering, and information engineering;0.5186985731124878
567;Alliance de recherche et d'action Alternatives inclusives en Santé mentale;RDF30;Medical, health and life sciences;0.3503304123878479;RDF20-21;Engineering and technology;0.28365427255630493;RDF60;Humanities and the arts;0.11692417412996292;RDF604;Arts (arts, history of arts, performing arts, music), architecture and design;0.6937063932418823;RDF201;Civil engineering, maritime engineering, transport engineering, and mining engineering;0.6005837321281433;RDF104;Chemical sciences;0.5703388452529907;RDF303;Health sciences;0.4820024073123932;RDF105;Earth and related environmental sciences;0.407274454832077
568;The development of a quality benchmark that identifies and addresses the determinants of online information reliability to inform information-seeking by a diverse population (Communications, media studies, gender studies, library and information science, related fields);RDF20-21;Engineering and technology;0.5928317904472351;RDF50;Social sciences;0.15506528317928314;RDF10;Natural sciences;0.07966502010822296;RDF102;Computer and information sciences;0.8629879951477051;RDF203;Electrical engineering, computer engineering, and information engineering;0.6627146005630493;RDF508;Media and communications;0.5025939345359802;RDF104;Chemical sciences;0.27796271443367004;RDF504;Sociology and related studies;0.10123348236083984
569;Staufen2 and DNA damage (Genes, Cells and Molecules);RDF20-21;Engineering and technology;0.369480162858963;RDF30;Medical, health and life sciences;0.3027411699295044;RDF10;Natural sciences;0.154880091547966;RDF104;Chemical sciences;0.956063449382782;RDF103;Physical sciences;0.9404078125953674;RDF106;Biological sciences;0.9259027242660522;RDF202;Industrial, systems and processes engineering;0.9003546833992004;RDF102;Computer and information sciences;0.8380842804908752
570;Ultra-high-resolution emission and absorption spectroscopy of non-equilibrium and highly-reactive plasmas applied to complex materials processing (Physics);RDF20-21;Engineering and technology;0.7418094277381897;RDF10;Natural sciences;0.16870224475860596;RDF40;Agricultural and veterinary sciences;0.032402414828538895;RDF103;Physical sciences;0.9932810664176941;RDF104;Chemical sciences;0.9369805455207825;RDF202;Industrial, systems and processes engineering;0.4075572192668915;RDF201;Civil engineering, maritime engineering, transport engineering, and mining engineering;0.14529718458652496;RDF301;Basic medicine and life sciences;0.10673714429140091
571;Symmetries: Algebra and Physics;RDF20-21;Engineering and technology;0.37078410387039185;RDF10;Natural sciences;0.19841799139976501;RDF40;Agricultural and veterinary sciences;0.16509778797626495;RDF202;Industrial, systems and processes engineering;0.9405171871185303;RDF604;Arts (arts, history of arts, performing arts, music), architecture and design;0.917709231376648;RDF201;Civil engineering, maritime engineering, transport engineering, and mining engineering;0.843444287776947;RDF105;Earth and related environmental sciences;0.8059760332107544;RDF104;Chemical sciences;0.7755623459815979
572;Mobilizing Women's Entrepreneurship for empowerment and local economic development;RDF20-21;Engineering and technology;0.37231242656707764;RDF40;Agricultural and veterinary sciences;0.2001865953207016;RDF50;Social sciences;0.150887593626976;RDF201;Civil engineering, maritime engineering, transport engineering, and mining engineering;0.719753086566925;RDF104;Chemical sciences;0.5494894981384277;RDF105;Earth and related environmental sciences;0.45162880420684814;RDF604;Arts (arts, history of arts, performing arts, music), architecture and design;0.35475435853004456;RDF401;Agriculture, forestry, and fisheries;0.3213668465614319
573;Calmodulation of ion channels (Genes, Cells and Molecules);RDF20-21;Engineering and technology;0.4629939794540405;RDF10;Natural sciences;0.2621047794818878;RDF30;Medical, health and life sciences;0.10784368216991425;RDF103;Physical sciences;0.9702398777008057;RDF104;Chemical sciences;0.9579516053199768;RDF102;Computer and information sciences;0.8880811929702759;RDF106;Biological sciences;0.813978910446167;RDF202;Industrial, systems and processes engineering;0.7981081008911133
574;A multidimensional approach to study the biophysics of bioadhesin interaction with advanced nanomaterials;RDF20-21;Engineering and technology;0.3799823522567749;RDF30;Medical, health and life sciences;0.2229306399822235;RDF10;Natural sciences;0.17800721526145935;RDF104;Chemical sciences;0.7549601197242737;RDF202;Industrial, systems and processes engineering;0.6338495016098022;RDF201;Civil engineering, maritime engineering, transport engineering, and mining engineering;0.5467532873153687;RDF106;Biological sciences;0.5352047085762024;RDF105;Earth and related environmental sciences;0.4908762574195862
575;Smart nanostructured optical coatings prepared by pulsed plasma-based techniques (Physics);RDF20-21;Engineering and technology;0.7471752166748047;RDF10;Natural sciences;0.09202510863542557;RDF30;Medical, health and life sciences;0.06878913938999176;RDF103;Physical sciences;0.9685303568840027;RDF211;Nano-technology;0.9079671502113342;RDF104;Chemical sciences;0.8426690101623535;RDF201;Civil engineering, maritime engineering, transport engineering, and mining engineering;0.7590914964675903;RDF202;Industrial, systems and processes engineering;0.5089712142944336
576;Développement de vêtements de protection chimique intelligents à haute performance de filtration (Materials and Chemical Engineering);RDF20-21;Engineering and technology;0.6363040804862976;RDF40;Agricultural and veterinary sciences;0.130764901638031;RDF30;Medical, health and life sciences;0.10612958669662476;RDF202;Industrial, systems and processes engineering;0.8588962554931641;RDF104;Chemical sciences;0.8085967302322388;RDF201;Civil engineering, maritime engineering, transport engineering, and mining engineering;0.5337620377540588;RDF103;Physical sciences;0.5209837555885315;RDF206;Materials engineering and resources engineering;0.49603280425071716
577;Context and Culture: Linguistic Anthropology and the Legacy of Michael Silverstein;RDF20-21;Engineering and technology;0.40091589093208313;RDF60;Humanities and the arts;0.34091809391975403;RDF50;Social sciences;0.09171206504106522;RDF602;Languages and literature;0.9662516713142395;RDF104;Chemical sciences;0.924891471862793;RDF604;Arts (arts, history of arts, performing arts, music), architecture and design;0.9171915054321289;RDF102;Computer and information sciences;0.8209723830223083;RDF509;Other social sciences;0.8119744062423706
578;Ultra-trace laboratory for legacy and emerging contaminants (Geosciences);RDF20-21;Engineering and technology;0.5924545526504517;RDF40;Agricultural and veterinary sciences;0.11235646158456802;RDF10;Natural sciences;0.10032302886247635;RDF105;Earth and related environmental sciences;0.921428382396698;RDF201;Civil engineering, maritime engineering, transport engineering, and mining engineering;0.6359787583351135;RDF208;Environmental engineering and related engineering;0.5799803733825684;RDF604;Arts (arts, history of arts, performing arts, music), architecture and design;0.24931013584136963;RDF202;Industrial, systems and processes engineering;0.23502059280872345
579;Improving vulnerable preschoolers' mental health: A superiority trial assessing the How-to Parenting Program;RDF50;Social sciences;0.6364956498146057;RDF30;Medical, health and life sciences;0.25729307532310486;RDF20-21;Engineering and technology;0.029422475025057793;RDF503;Education;0.9956005811691284;RDF501;Psychology and cognitive sciences;0.8720207214355469;RDF303;Health sciences;0.865962564945221;RDF302;Clinical medicine;0.7530583143234253;RDF504;Sociology and related studies;0.639510989189148
580;Polymeric Nanoparticles for Delivery of Ribonucleic Acids: Overcoming the Endosomal Barrier and Going Beyond the Liver (Materials and Chemical Engineering);RDF20-21;Engineering and technology;0.6374631524085999;RDF30;Medical, health and life sciences;0.24101042747497559;RDF10;Natural sciences;0.06677928566932678;RDF104;Chemical sciences;0.9667888283729553;RDF211;Nano-technology;0.9339146018028259;RDF103;Physical sciences;0.9262370467185974;RDF205;Chemical engineering;0.8211875557899475;RDF301;Basic medicine and life sciences;0.6786465048789978
581;Crime in the Decentralized Finance Industry (Law and criminology);RDF50;Social sciences;0.279408723115921;RDF20-21;Engineering and technology;0.2086552530527115;RDF40;Agricultural and veterinary sciences;0.16123628616333008;RDF505;Law and legal practice;0.4432012140750885;RDF201;Civil engineering, maritime engineering, transport engineering, and mining engineering;0.27033573389053345;RDF502;Economics and business administration;0.26166096329689026;RDF102;Computer and information sciences;0.18683575093746185;RDF604;Arts (arts, history of arts, performing arts, music), architecture and design;0.0916256457567215
582;Gravitation, quantum mechanics and quantum field theory;RDF20-21;Engineering and technology;0.5999917387962341;RDF10;Natural sciences;0.16507312655448914;RDF40;Agricultural and veterinary sciences;0.07193925976753235;RDF103;Physical sciences;0.9853562116622925;RDF104;Chemical sciences;0.7291824221611023;RDF102;Computer and information sciences;0.683260977268219;RDF201;Civil engineering, maritime engineering, transport engineering, and mining engineering;0.6584038138389587;RDF202;Industrial, systems and processes engineering;0.5879135727882385
583;Improving hedging effectiveness in actuarial and financial applications (Mathematics and Statistics);RDF10;Natural sciences;0.25189822912216187;RDF40;Agricultural and veterinary sciences;0.22535951435565948;RDF20-21;Engineering and technology;0.2077122926712036;RDF101;Mathematics and statistics;0.9482504725456238;RDF502;Economics and business administration;0.8924688696861267;RDF201;Civil engineering, maritime engineering, transport engineering, and mining engineering;0.8155264854431152;RDF104;Chemical sciences;0.7343100905418396;RDF102;Computer and information sciences;0.6712551116943359
584;Closing the Comorbidity Gap for People Living with HIV : a Randomized Controlled Trial of Fostemsavir to Reduce Inflammaging;RDF30;Medical, health and life sciences;0.660642683506012;RDF20-21;Engineering and technology;0.09853197634220123;RDF40;Agricultural and veterinary sciences;0.08172577619552612;RDF303;Health sciences;0.972959578037262;RDF302;Clinical medicine;0.896568775177002;RDF301;Basic medicine and life sciences;0.8050197958946228;RDF104;Chemical sciences;0.7575703263282776;RDF501;Psychology and cognitive sciences;0.6327722668647766
585;Autonomie des acteurs dans les relations asymétriques: États de facto et leur patron entre l'Europe et la Russie (Political science and public administration);RDF20-21;Engineering and technology;0.38103076815605164;RDF50;Social sciences;0.20415034890174866;RDF40;Agricultural and veterinary sciences;0.13854031264781952;RDF506;Political science and policy administration;0.7190385460853577;RDF201;Civil engineering, maritime engineering, transport engineering, and mining engineering;0.4055370092391968;RDF305;Other medical sciences;0.09501305222511292;RDF301;Basic medicine and life sciences;0.08647764474153519;RDF505;Law and legal practice;0.08130066841840744
586;Replacement of the femtosecond laser in the THz spectroscopic microscopy laboratory (Electrical and Computer Engineering);RDF20-21;Engineering and technology;0.8909327387809753;RDF30;Medical, health and life sciences;0.044033233076334;RDF40;Agricultural and veterinary sciences;0.02656444162130356;RDF103;Physical sciences;0.8569320440292358;RDF104;Chemical sciences;0.7756473422050476;RDF201;Civil engineering, maritime engineering, transport engineering, and mining engineering;0.639904797077179;RDF106;Biological sciences;0.6145169138908386;RDF203;Electrical engineering, computer engineering, and information engineering;0.5316957235336304
587;Bringing nutrition to life among vulnerable populations: experiences from Latin America and Canada;RDF30;Medical, health and life sciences;0.3197875916957855;RDF40;Agricultural and veterinary sciences;0.20173674821853638;RDF10;Natural sciences;0.16194181144237518;RDF201;Civil engineering, maritime engineering, transport engineering, and mining engineering;0.8004190921783447;RDF302;Clinical medicine;0.7543272972106934;RDF303;Health sciences;0.7433077692985535;RDF106;Biological sciences;0.739093005657196;RDF105;Earth and related environmental sciences;0.5640984773635864
588;Long non-coding RNAs in growth factor signaling (Genes, Cells and Molecules);RDF20-21;Engineering and technology;0.3497105836868286;RDF10;Natural sciences;0.2650429606437683;RDF40;Agricultural and veterinary sciences;0.1295822411775589;RDF106;Biological sciences;0.880591869354248;RDF103;Physical sciences;0.8606036305427551;RDF104;Chemical sciences;0.8188092708587646;RDF604;Arts (arts, history of arts, performing arts, music), architecture and design;0.44694727659225464;RDF202;Industrial, systems and processes engineering;0.39770448207855225
589;Plan d'action pour la gestion de la douleur chronique du Ministère de la Santé et des Services sociaux du Québec: Évaluation de la mise en œuvre et des impacts des projets initiaux en vue d'une généralisation progressive à l'ensemble du Québec;RDF30;Medical, health and life sciences;0.5765106081962585;RDF20-21;Engineering and technology;0.17259350419044495;RDF50;Social sciences;0.08196646720170975;RDF303;Health sciences;0.9307106137275696;RDF301;Basic medicine and life sciences;0.6421800851821899;RDF302;Clinical medicine;0.5237096548080444;RDF104;Chemical sciences;0.50030517578125;RDF504;Sociology and related studies;0.39455080032348633
590;INNOV Phase I: Leverage artificial intelligence to improve Environmental, Social, and Governance (ESG) data;RDF20-21;Engineering and technology;0.6352972984313965;RDF40;Agricultural and veterinary sciences;0.11855562031269073;RDF50;Social sciences;0.08108510822057724;RDF102;Computer and information sciences;0.9763556122779846;RDF201;Civil engineering, maritime engineering, transport engineering, and mining engineering;0.6725468039512634;RDF104;Chemical sciences;0.5474943518638611;RDF203;Electrical engineering, computer engineering, and information engineering;0.5105575323104858;RDF202;Industrial, systems and processes engineering;0.4393564462661743
591;Prevention of anastomotic leak in colorectal surgery through microbiome mediation of intestinal healing (Nutrition, Food & Health);RDF30;Medical, health and life sciences;0.6828266382217407;RDF20-21;Engineering and technology;0.1405656635761261;RDF40;Agricultural and veterinary sciences;0.07850443571805954;RDF303;Health sciences;0.9640516638755798;RDF301;Basic medicine and life sciences;0.9270337224006653;RDF302;Clinical medicine;0.826151430606842;RDF106;Biological sciences;0.7664247751235962;RDF104;Chemical sciences;0.7148768901824951
592;Development of a tailored approach to move towards a sustainable circular economy business model in the plastic film sector: the case of Balcan;RDF20-21;Engineering and technology;0.4843890964984894;RDF50;Social sciences;0.19916938245296478;RDF60;Humanities and the arts;0.10439267009496689;RDF104;Chemical sciences;0.7448419332504272;RDF604;Arts (arts, history of arts, performing arts, music), architecture and design;0.7110799551010132;RDF502;Economics and business administration;0.4822615087032318;RDF201;Civil engineering, maritime engineering, transport engineering, and mining engineering;0.35256391763687134;RDF102;Computer and information sciences;0.15015339851379395
593;Enseignement de l'histoire et jeux vidéos (Education and social work);RDF20-21;Engineering and technology;0.4103894829750061;RDF50;Social sciences;0.3295157849788666;RDF60;Humanities and the arts;0.12443049252033234;RDF503;Education;0.9752018451690674;RDF601;History, archaeology and related studies;0.9329437017440796;RDF604;Arts (arts, history of arts, performing arts, music), architecture and design;0.7369689345359802;RDF104;Chemical sciences;0.7120319604873657;RDF201;Civil engineering, maritime engineering, transport engineering, and mining engineering;0.4304765462875366
594;Functions of bacterial type IA topoisomerases in the prevention of R-loop-dependent and -independent genomic instability (Genes, Cells and Molecules);RDF10;Natural sciences;0.31066855788230896;RDF30;Medical, health and life sciences;0.2773280739784241;RDF20-21;Engineering and technology;0.2538699805736542;RDF106;Biological sciences;0.8484078645706177;RDF104;Chemical sciences;0.756717324256897;RDF301;Basic medicine and life sciences;0.7311545610427856;RDF302;Clinical medicine;0.38547587394714355;RDF201;Civil engineering, maritime engineering, transport engineering, and mining engineering;0.30187633633613586
595;High-Performance Dynamic Language Implementation (Computer Science);RDF20-21;Engineering and technology;0.6717284321784973;RDF60;Humanities and the arts;0.09945426881313324;RDF40;Agricultural and veterinary sciences;0.0781388208270073;RDF102;Computer and information sciences;0.9938190579414368;RDF201;Civil engineering, maritime engineering, transport engineering, and mining engineering;0.7664684653282166;RDF203;Electrical engineering, computer engineering, and information engineering;0.6869741082191467;RDF104;Chemical sciences;0.6850810050964355;RDF202;Industrial, systems and processes engineering;0.6398485898971558
596;Methodological improvements for the statistical analysis of neurophysiological data with applications in user experience;RDF20-21;Engineering and technology;0.4315813481807709;RDF30;Medical, health and life sciences;0.27352726459503174;RDF10;Natural sciences;0.11902934312820435;RDF101;Mathematics and statistics;0.9421884417533875;RDF102;Computer and information sciences;0.901661217212677;RDF106;Biological sciences;0.8127186894416809;RDF104;Chemical sciences;0.7480303049087524;RDF501;Psychology and cognitive sciences;0.7154737114906311
597;Glycerol 3-phosphate phosphatase and the glycerol shunt in senescence and healthy aging;RDF30;Medical, health and life sciences;0.4100669324398041;RDF20-21;Engineering and technology;0.2691912055015564;RDF10;Natural sciences;0.14443987607955933;RDF301;Basic medicine and life sciences;0.9550264477729797;RDF104;Chemical sciences;0.9389128684997559;RDF106;Biological sciences;0.8378854990005493;RDF303;Health sciences;0.7998725175857544;RDF302;Clinical medicine;0.7936662435531616
598;Regulation of innate antiviral defenses through Interleukin-17 receptor D (IL-17RD) (Virology & Viral Pathogenesis);RDF30;Medical, health and life sciences;0.39328494668006897;RDF20-21;Engineering and technology;0.22906528413295746;RDF40;Agricultural and veterinary sciences;0.15674377977848053;RDF301;Basic medicine and life sciences;0.8569919466972351;RDF104;Chemical sciences;0.7381502985954285;RDF106;Biological sciences;0.7231139540672302;RDF201;Civil engineering, maritime engineering, transport engineering, and mining engineering;0.47639694809913635;RDF302;Clinical medicine;0.4151238799095154
599;Biological modeling to bridge in vitro and epidemiological studies: A new approach for animal-free chemical risk assessment;RDF30;Medical, health and life sciences;0.4312862455844879;RDF10;Natural sciences;0.2435891330242157;RDF20-21;Engineering and technology;0.17088499665260315;RDF106;Biological sciences;0.9637799859046936;RDF302;Clinical medicine;0.8108536005020142;RDF104;Chemical sciences;0.8051729798316956;RDF201;Civil engineering, maritime engineering, transport engineering, and mining engineering;0.7329742908477783;RDF207;Medical and biomedical engineering;0.5705748200416565
600;IAL (Intelligence Artificielle Littéraire) : expérimentation d'algorithmes d'apprentissage automatique pour définir et identifier les variations dans l'Anthologie grecque (Literature);RDF20-21;Engineering and technology;0.3522457480430603;RDF60;Humanities and the arts;0.26601889729499817;RDF50;Social sciences;0.12449804693460464;RDF102;Computer and information sciences;0.8389438390731812;RDF602;Languages and literature;0.7347861528396606;RDF601;History, archaeology and related studies;0.6321267485618591;RDF604;Arts (arts, history of arts, performing arts, music), architecture and design;0.42084503173828125;RDF503;Education;0.2840295433998108
601;Studies on the pathogenesis of the infections caused by streptococcus suis (Biological Systems and Functions);RDF30;Medical, health and life sciences;0.416309118270874;RDF10;Natural sciences;0.24858954548835754;RDF40;Agricultural and veterinary sciences;0.17041030526161194;RDF303;Health sciences;0.6780871748924255;RDF301;Basic medicine and life sciences;0.6414504051208496;RDF106;Biological sciences;0.6133378148078918;RDF201;Civil engineering, maritime engineering, transport engineering, and mining engineering;0.5218061804771423;RDF104;Chemical sciences;0.47317031025886536
602;Autonomous learning agents for intelligent neurostimulation;RDF20-21;Engineering and technology;0.30149921774864197;RDF50;Social sciences;0.17961324751377106;RDF30;Medical, health and life sciences;0.15975132584571838;RDF604;Arts (arts, history of arts, performing arts, music), architecture and design;0.878314197063446;RDF102;Computer and information sciences;0.8547028303146362;RDF503;Education;0.8342719078063965;RDF201;Civil engineering, maritime engineering, transport engineering, and mining engineering;0.7920222282409668;RDF501;Psychology and cognitive sciences;0.7182981371879578
603;Hox genes in development and evolution of distal limbs (Developmental Biology);RDF10;Natural sciences;0.3804283142089844;RDF30;Medical, health and life sciences;0.26960358023643494;RDF40;Agricultural and veterinary sciences;0.12870945036411285;RDF106;Biological sciences;0.9835653901100159;RDF301;Basic medicine and life sciences;0.7697299718856812;RDF604;Arts (arts, history of arts, performing arts, music), architecture and design;0.6225956082344055;RDF201;Civil engineering, maritime engineering, transport engineering, and mining engineering;0.3956557810306549;RDF104;Chemical sciences;0.31658050417900085
604;Defence Lawyers and the Relevance of Social Problems in Lower Criminal Courts: A Comparative Analysis (Law and criminology);RDF50;Social sciences;0.3278046250343323;RDF20-21;Engineering and technology;0.28038617968559265;RDF10;Natural sciences;0.113563172519207;RDF505;Law and legal practice;0.8923282027244568;RDF104;Chemical sciences;0.14712576568126678;RDF501;Psychology and cognitive sciences;0.1214771568775177;RDF509;Other social sciences;0.11626138538122177;RDF102;Computer and information sciences;0.10989668220281601
605;Les pratiques extrascolaires de littératie d'adolescents ayant une déficience intellectuelle (Education and social work);RDF50;Social sciences;0.5113720297813416;RDF60;Humanities and the arts;0.2655393183231354;RDF20-21;Engineering and technology;0.09952199459075928;RDF503;Education;0.94438236951828;RDF604;Arts (arts, history of arts, performing arts, music), architecture and design;0.8468312621116638;RDF602;Languages and literature;0.2417578101158142;RDF201;Civil engineering, maritime engineering, transport engineering, and mining engineering;0.2112540602684021;RDF301;Basic medicine and life sciences;0.18366682529449463
606;Brain-Derived Neurotrophic Factor in hemostasis and thrombosis;RDF30;Medical, health and life sciences;0.5691085457801819;RDF20-21;Engineering and technology;0.2450694888830185;RDF40;Agricultural and veterinary sciences;0.06128624826669693;RDF301;Basic medicine and life sciences;0.8325772881507874;RDF302;Clinical medicine;0.828453540802002;RDF106;Biological sciences;0.7411591410636902;RDF201;Civil engineering, maritime engineering, transport engineering, and mining engineering;0.6272022724151611;RDF104;Chemical sciences;0.5796639323234558
607;Engagement des bibliothèques publiques et scolaires en faveur du développement des compétences en littératie pour les élèves du troisième cycle du primaire et du secondaire : portrait et stratégie de transfert (Communications, media studies, gender studies, library and information science, related fields);RDF50;Social sciences;0.3885561525821686;RDF60;Humanities and the arts;0.2460184395313263;RDF20-21;Engineering and technology;0.1417602002620697;RDF503;Education;0.9782811403274536;RDF602;Languages and literature;0.5697479248046875;RDF604;Arts (arts, history of arts, performing arts, music), architecture and design;0.26180246472358704;RDF508;Media and communications;0.11858909577131271;RDF601;History, archaeology and related studies;0.11716746538877487
608;Mieux comprendre les défis et conditions de pratiques des parents d'accueil dans le contexte actuel de professionnalisation de l'accueil familial (Education and social work);RDF50;Social sciences;0.7084848284721375;RDF20-21;Engineering and technology;0.06570658087730408;RDF30;Medical, health and life sciences;0.06532270461320877;RDF503;Education;0.7730022072792053;RDF504;Sociology and related studies;0.3599545359611511;RDF501;Psychology and cognitive sciences;0.27033570408821106;RDF201;Civil engineering, maritime engineering, transport engineering, and mining engineering;0.1894460916519165;RDF301;Basic medicine and life sciences;0.12463856488466263
609;A mixed methods study of stakeholders' perspectives on ethical and logistical issues related to advanced living donation in kidney transplantation in Canada, and a proposal for guidelines in a Canadian context (Health Policy & Systems Management Research);RDF30;Medical, health and life sciences;0.7556126117706299;RDF20-21;Engineering and technology;0.1144011840224266;RDF40;Agricultural and veterinary sciences;0.04020273685455322;RDF303;Health sciences;0.9537943005561829;RDF302;Clinical medicine;0.5846676826477051;RDF104;Chemical sciences;0.3755633234977722;RDF504;Sociology and related studies;0.31189823150634766;RDF106;Biological sciences;0.31058982014656067
610;To uncover, understand and exploit the estrogen-oncolytic virus crosstalk to improve therapy (Cancer Biology & Therapeutics);RDF30;Medical, health and life sciences;0.6205577850341797;RDF20-21;Engineering and technology;0.1782926470041275;RDF10;Natural sciences;0.09616993367671967;RDF301;Basic medicine and life sciences;0.9624972939491272;RDF106;Biological sciences;0.8703219294548035;RDF303;Health sciences;0.8682693243026733;RDF104;Chemical sciences;0.7718435525894165;RDF201;Civil engineering, maritime engineering, transport engineering, and mining engineering;0.28115883469581604
611;Structure and rheology of mixed hydrocolloid gels as model systems for food 3D printing (Materials and Chemical Engineering);RDF20-21;Engineering and technology;0.6241832971572876;RDF40;Agricultural and veterinary sciences;0.259944349527359;RDF10;Natural sciences;0.06112724915146828;RDF104;Chemical sciences;0.9354645609855652;RDF103;Physical sciences;0.6540942192077637;RDF201;Civil engineering, maritime engineering, transport engineering, and mining engineering;0.6453434228897095;RDF404;Agricultural biotechnology and food sciences;0.5702041983604431;RDF106;Biological sciences;0.5625670552253723
612;« Une bonne relation avec mon chef ! » : anatomie des relations entre gestionnaires et employés en contexte de travail à distance (Business, management and related fields);RDF50;Social sciences;0.28562209010124207;RDF20-21;Engineering and technology;0.23958022892475128;RDF40;Agricultural and veterinary sciences;0.2239685356616974;RDF502;Economics and business administration;0.6857127547264099;RDF104;Chemical sciences;0.2078571617603302;RDF501;Psychology and cognitive sciences;0.1718936413526535;RDF201;Civil engineering, maritime engineering, transport engineering, and mining engineering;0.1399831771850586;RDF102;Computer and information sciences;0.13609090447425842
613;Priorisation des soins intensifs en contexte extrême de pandémie : 1) modélisation/simulation de différentes stratégies de priorisation de l'accès aux soins intensifs et 2) délibérations démocratiques des parties prenantes sur les valeurs qui sous-tendent les modèles et leurs impacts sanitaires;RDF30;Medical, health and life sciences;0.8428089618682861;RDF50;Social sciences;0.046994078904390335;RDF20-21;Engineering and technology;0.04147212579846382;RDF303;Health sciences;0.9769347310066223;RDF302;Clinical medicine;0.6911587119102478;RDF301;Basic medicine and life sciences;0.5592299103736877;RDF104;Chemical sciences;0.19559410214424133;RDF207;Medical and biomedical engineering;0.12400069087743759
614;Understanding cyber abuse in context: The interplay of distal and situational correlates of daily cyber abuse in young adult couples (Psychology);RDF50;Social sciences;0.4350370764732361;RDF30;Medical, health and life sciences;0.2073996365070343;RDF20-21;Engineering and technology;0.12715283036231995;RDF501;Psychology and cognitive sciences;0.9802051782608032;RDF505;Law and legal practice;0.4422619640827179;RDF504;Sociology and related studies;0.26951780915260315;RDF102;Computer and information sciences;0.2684137225151062;RDF203;Electrical engineering, computer engineering, and information engineering;0.15159212052822113
615;Humanitarian Supply Chain Design and Management;RDF20-21;Engineering and technology;0.4185691475868225;RDF60;Humanities and the arts;0.1990985870361328;RDF30;Medical, health and life sciences;0.13999788463115692;RDF604;Arts (arts, history of arts, performing arts, music), architecture and design;0.9341553449630737;RDF202;Industrial, systems and processes engineering;0.9068595767021179;RDF201;Civil engineering, maritime engineering, transport engineering, and mining engineering;0.8839390873908997;RDF104;Chemical sciences;0.7324483394622803;RDF105;Earth and related environmental sciences;0.36886027455329895
616;La transformation sémantique et syntaxique des données de situations professionnelles pour l'apprentissage du raisonnement clinique (Education and social work);RDF50;Social sciences;0.38627827167510986;RDF20-21;Engineering and technology;0.25939831137657166;RDF30;Medical, health and life sciences;0.23595429956912994;RDF302;Clinical medicine;0.9147868156433105;RDF503;Education;0.8765287399291992;RDF303;Health sciences;0.7327830791473389;RDF301;Basic medicine and life sciences;0.5756178498268127;RDF102;Computer and information sciences;0.5046080350875854
617;Intergenerational transmission of vulnerability to PTSD : When children learn fear from their parent (Social & Developmental Aspects of Children's & Youth's Health);RDF30;Medical, health and life sciences;0.4312278628349304;RDF50;Social sciences;0.35144275426864624;RDF20-21;Engineering and technology;0.09495973587036133;RDF501;Psychology and cognitive sciences;0.938180685043335;RDF303;Health sciences;0.8350804448127747;RDF301;Basic medicine and life sciences;0.7606062293052673;RDF302;Clinical medicine;0.5954631567001343;RDF504;Sociology and related studies;0.57416170835495
618;La musique au service du pouvoir, entre propagande et diplomatie : Du Troisième Reich à la fin de la Guerre froide  (Fine Arts, Research-Creation);RDF60;Humanities and the arts;0.7995272874832153;RDF20-21;Engineering and technology;0.05791756510734558;RDF50;Social sciences;0.051211997866630554;RDF604;Arts (arts, history of arts, performing arts, music), architecture and design;0.8908652067184448;RDF601;History, archaeology and related studies;0.2606716752052307;RDF508;Media and communications;0.18802562355995178;RDF201;Civil engineering, maritime engineering, transport engineering, and mining engineering;0.1846204549074173;RDF504;Sociology and related studies;0.16451646387577057
619;Mesures de contrôle en santé mentale : un environnement contraignant? (Mutidisciplinary or interdisciplinary social sciences);RDF50;Social sciences;0.6167588233947754;RDF30;Medical, health and life sciences;0.12959568202495575;RDF20-21;Engineering and technology;0.09597872197628021;RDF504;Sociology and related studies;0.8526289463043213;RDF509;Other social sciences;0.44179344177246094;RDF501;Psychology and cognitive sciences;0.4296046197414398;RDF201;Civil engineering, maritime engineering, transport engineering, and mining engineering;0.37550607323646545;RDF604;Arts (arts, history of arts, performing arts, music), architecture and design;0.2831367552280426
620;R3AI: Shifting Paradigms for a Robust, Reasoning, and Responsible Artificial Intelligence and its Adoption - CFREF (CIHR Contribution);RDF20-21;Engineering and technology;0.7934964299201965;RDF10;Natural sciences;0.06866113841533661;RDF40;Agricultural and veterinary sciences;0.050380948930978775;RDF102;Computer and information sciences;0.9889811873435974;RDF203;Electrical engineering, computer engineering, and information engineering;0.5852289199829102;RDF201;Civil engineering, maritime engineering, transport engineering, and mining engineering;0.41477569937705994;RDF104;Chemical sciences;0.3903886675834656;RDF202;Industrial, systems and processes engineering;0.33695802092552185
621;À la rencontre des réalités virtuelle et concrète : la place de la scénographie dans la cocréation opératique;RDF20-21;Engineering and technology;0.4565085768699646;RDF60;Humanities and the arts;0.2509412467479706;RDF50;Social sciences;0.08958514779806137;RDF102;Computer and information sciences;0.9153181910514832;RDF604;Arts (arts, history of arts, performing arts, music), architecture and design;0.9139072895050049;RDF508;Media and communications;0.7673413753509521;RDF202;Industrial, systems and processes engineering;0.7131569981575012;RDF504;Sociology and related studies;0.5317869186401367
622;Parenting dimensions' influence on the psychosocial adaptation of preschoolers with language deficits (Psychology);RDF50;Social sciences;0.6938103437423706;RDF30;Medical, health and life sciences;0.08658650517463684;RDF60;Humanities and the arts;0.0809047743678093;RDF501;Psychology and cognitive sciences;0.9883577823638916;RDF503;Education;0.7999116778373718;RDF604;Arts (arts, history of arts, performing arts, music), architecture and design;0.3592377007007599;RDF602;Languages and literature;0.29828691482543945;RDF302;Clinical medicine;0.2179194837808609
623;The structure-function relationships between capsular polysaccharides and the immune system during Streptococcus suis infections (Genes, Cells and Molecules);RDF30;Medical, health and life sciences;0.5503533482551575;RDF20-21;Engineering and technology;0.1714724749326706;RDF10;Natural sciences;0.1703146994113922;RDF301;Basic medicine and life sciences;0.9302684664726257;RDF106;Biological sciences;0.9269014596939087;RDF104;Chemical sciences;0.9100670218467712;RDF303;Health sciences;0.561522901058197;RDF103;Physical sciences;0.4877648651599884
624;Études des mécanismes de colonisation de Clostridium perfringens en productions animales (Biological Systems and Functions);RDF10;Natural sciences;0.4587116837501526;RDF40;Agricultural and veterinary sciences;0.27058595418930054;RDF20-21;Engineering and technology;0.19499093294143677;RDF402;Animal and dairy sciences;0.9846346378326416;RDF106;Biological sciences;0.9091032147407532;RDF104;Chemical sciences;0.7624240517616272;RDF201;Civil engineering, maritime engineering, transport engineering, and mining engineering;0.5324251055717468;RDF403;Veterinary sciences;0.5116403102874756
625;Formation interactive en ligne: une solution à la formation des employés dans un contexte de roulement de personnel;RDF20-21;Engineering and technology;0.3305962383747101;RDF40;Agricultural and veterinary sciences;0.21003717184066772;RDF50;Social sciences;0.1787792295217514;RDF102;Computer and information sciences;0.8543385863304138;RDF201;Civil engineering, maritime engineering, transport engineering, and mining engineering;0.7822884917259216;RDF503;Education;0.7023259401321411;RDF202;Industrial, systems and processes engineering;0.6553636193275452;RDF104;Chemical sciences;0.6101486086845398
626;Mise en ouvre des politiques EDI en enseignement supérieur au Québec : construction de sens et types de réponses aux mesures destinées aux parcours étudiants (Education and social work);RDF20-21;Engineering and technology;0.39957156777381897;RDF50;Social sciences;0.35406559705734253;RDF60;Humanities and the arts;0.07602719217538834;RDF503;Education;0.9810582399368286;RDF604;Arts (arts, history of arts, performing arts, music), architecture and design;0.679643988609314;RDF104;Chemical sciences;0.3702680766582489;RDF102;Computer and information sciences;0.35295411944389343;RDF301;Basic medicine and life sciences;0.23726652562618256
627;Continuum PAROLE-Onco : Vers le développement de compétences en auto-soins pour améliorer l'expérience de la vie après les traitements aigus de cancer du sein;RDF30;Medical, health and life sciences;0.667153000831604;RDF20-21;Engineering and technology;0.20121322572231293;RDF40;Agricultural and veterinary sciences;0.04113611951470375;RDF303;Health sciences;0.9118099808692932;RDF301;Basic medicine and life sciences;0.9068182706832886;RDF302;Clinical medicine;0.5733499526977539;RDF104;Chemical sciences;0.46570640802383423;RDF106;Biological sciences;0.1534857302904129
628;CAN-DO (CANnabis research DevelOpment): A cells-to-society research program on cannabis and mental health in younger adults;RDF30;Medical, health and life sciences;0.3097623586654663;RDF50;Social sciences;0.199412539601326;RDF20-21;Engineering and technology;0.17090006172657013;RDF104;Chemical sciences;0.3085026443004608;RDF301;Basic medicine and life sciences;0.297725111246109;RDF106;Biological sciences;0.2205522209405899;RDF201;Civil engineering, maritime engineering, transport engineering, and mining engineering;0.19004666805267334;RDF505;Law and legal practice;0.1557193398475647
629;Effets d'une intervention de proximité mère-prématuré et de calme (NeuroN-QI) sur le neurodéveloppement de nouveau-nés prématurés : un essai clinique randomisé;RDF30;Medical, health and life sciences;0.8142314553260803;RDF20-21;Engineering and technology;0.043279293924570084;RDF40;Agricultural and veterinary sciences;0.04269161447882652;RDF302;Clinical medicine;0.968171238899231;RDF303;Health sciences;0.9614253640174866;RDF501;Psychology and cognitive sciences;0.6968874335289001;RDF301;Basic medicine and life sciences;0.5647287368774414;RDF106;Biological sciences;0.4715578258037567
630;Corticospinal mechanisms of locomotor recovery after spinal cord injury (Movement & Exercise);RDF30;Medical, health and life sciences;0.763235330581665;RDF20-21;Engineering and technology;0.11087098717689514;RDF40;Agricultural and veterinary sciences;0.044403936713933945;RDF302;Clinical medicine;0.88373863697052;RDF204;Mechanical engineering;0.8598403930664062;RDF301;Basic medicine and life sciences;0.842863142490387;RDF103;Physical sciences;0.8313484787940979;RDF303;Health sciences;0.7972018122673035
631;Innover pour enseigner le management : cadres théoriques, mise en oeuvre et mesure d'impact;RDF50;Social sciences;0.4108390510082245;RDF20-21;Engineering and technology;0.26398974657058716;RDF40;Agricultural and veterinary sciences;0.11106282472610474;RDF503;Education;0.8996515870094299;RDF502;Economics and business administration;0.8707622289657593;RDF104;Chemical sciences;0.6823885440826416;RDF103;Physical sciences;0.6168564558029175;RDF301;Basic medicine and life sciences;0.5998075008392334
632;Advances in functional linear regression (Mathematics and Statistics);RDF20-21;Engineering and technology;0.5309849977493286;RDF10;Natural sciences;0.1653975546360016;RDF40;Agricultural and veterinary sciences;0.1267373263835907;RDF101;Mathematics and statistics;0.9921992421150208;RDF102;Computer and information sciences;0.9720190763473511;RDF202;Industrial, systems and processes engineering;0.8941903710365295;RDF104;Chemical sciences;0.8741847276687622;RDF201;Civil engineering, maritime engineering, transport engineering, and mining engineering;0.8673731684684753
633;Modélisation et choix du mode de réalisation dans les projets de construction (Civil, Industrial and Systems Engineering);RDF20-21;Engineering and technology;0.52057284116745;RDF40;Agricultural and veterinary sciences;0.19990481436252594;RDF50;Social sciences;0.10534244030714035;RDF202;Industrial, systems and processes engineering;0.9380105137825012;RDF201;Civil engineering, maritime engineering, transport engineering, and mining engineering;0.9099470376968384;RDF104;Chemical sciences;0.5867300629615784;RDF103;Physical sciences;0.3076699376106262;RDF301;Basic medicine and life sciences;0.24476894736289978
634;An in silico platform simulating cell metabolic behavior (Materials and Chemical Engineering);RDF20-21;Engineering and technology;0.6064785122871399;RDF30;Medical, health and life sciences;0.2402999848127365;RDF40;Agricultural and veterinary sciences;0.06896485388278961;RDF106;Biological sciences;0.9061145186424255;RDF103;Physical sciences;0.8959331512451172;RDF201;Civil engineering, maritime engineering, transport engineering, and mining engineering;0.856272280216217;RDF202;Industrial, systems and processes engineering;0.8360866904258728;RDF104;Chemical sciences;0.8328493237495422
635;Commande optimale stochastique avec applications en épidémiologie et en fiabilité (Civil, Industrial and Systems Engineering);RDF20-21;Engineering and technology;0.7732957601547241;RDF40;Agricultural and veterinary sciences;0.07552696019411087;RDF30;Medical, health and life sciences;0.04549733176827431;RDF201;Civil engineering, maritime engineering, transport engineering, and mining engineering;0.7755622863769531;RDF202;Industrial, systems and processes engineering;0.7365901470184326;RDF104;Chemical sciences;0.6728962063789368;RDF102;Computer and information sciences;0.6715512871742249;RDF203;Electrical engineering, computer engineering, and information engineering;0.23257149755954742
636;Reinforcement Learning in Electricity Markets with Storage Technologies;RDF20-21;Engineering and technology;0.7783949971199036;RDF50;Social sciences;0.06547367572784424;RDF10;Natural sciences;0.042604535818099976;RDF503;Education;0.9771319627761841;RDF104;Chemical sciences;0.9278877973556519;RDF202;Industrial, systems and processes engineering;0.924073338508606;RDF102;Computer and information sciences;0.8274102210998535;RDF103;Physical sciences;0.7768346071243286
637;Advancing psychobiology of abnormal repetitive behaviours in carnivorous species (Biological Systems and Functions);RDF10;Natural sciences;0.5070173740386963;RDF40;Agricultural and veterinary sciences;0.1856580674648285;RDF30;Medical, health and life sciences;0.11827103793621063;RDF106;Biological sciences;0.8636217713356018;RDF501;Psychology and cognitive sciences;0.6426287293434143;RDF104;Chemical sciences;0.5076287984848022;RDF301;Basic medicine and life sciences;0.501739501953125;RDF201;Civil engineering, maritime engineering, transport engineering, and mining engineering;0.4341089129447937
638;Du politique dans l'usage des archives filmiques : enjeux contemporains de la production documentaire;RDF50;Social sciences;0.3211579918861389;RDF20-21;Engineering and technology;0.21320736408233643;RDF40;Agricultural and veterinary sciences;0.16379134356975555;RDF508;Media and communications;0.8366212844848633;RDF601;History, archaeology and related studies;0.2648334205150604;RDF104;Chemical sciences;0.25137194991111755;RDF604;Arts (arts, history of arts, performing arts, music), architecture and design;0.24131055176258087;RDF201;Civil engineering, maritime engineering, transport engineering, and mining engineering;0.20283766090869904
639;Neuroinflammation as a biomarker for epilepsy and neuropsychiatric comorbidities among people with tuberous sclerosis complex: a prospective, multicentre study;RDF30;Medical, health and life sciences;0.8249564170837402;RDF20-21;Engineering and technology;0.057023048400878906;RDF10;Natural sciences;0.053073521703481674;RDF303;Health sciences;0.954008936882019;RDF301;Basic medicine and life sciences;0.8467678427696228;RDF106;Biological sciences;0.8188092708587646;RDF302;Clinical medicine;0.7295679450035095;RDF504;Sociology and related studies;0.7071519494056702
640;Quels sont les dimensions et savoirs spécifiques à la coordination des services et des soins des personnes ayant des besoins complexes? (Multidisciplinary or interdisciplinary social sciences);RDF50;Social sciences;0.4445306062698364;RDF30;Medical, health and life sciences;0.2485840916633606;RDF20-21;Engineering and technology;0.17765504121780396;RDF504;Sociology and related studies;0.69827800989151;RDF303;Health sciences;0.4729573130607605;RDF509;Other social sciences;0.26364678144454956;RDF302;Clinical medicine;0.1718241572380066;RDF201;Civil engineering, maritime engineering, transport engineering, and mining engineering;0.060696203261613846
641;Determining spatial arrangement, stoichiometry, and substrate specificity of messenger RNA-binding proteins along the gene expression pathway (Genes, Cells and Molecules);RDF20-21;Engineering and technology;0.596070408821106;RDF10;Natural sciences;0.25070321559906006;RDF30;Medical, health and life sciences;0.05070392042398453;RDF106;Biological sciences;0.9394705891609192;RDF103;Physical sciences;0.8710914850234985;RDF104;Chemical sciences;0.7331653833389282;RDF301;Basic medicine and life sciences;0.613923966884613;RDF202;Industrial, systems and processes engineering;0.21395142376422882
642;Plateformes et usages : cinéma, télévision, jeu vidéo et création numérique;RDF20-21;Engineering and technology;0.6114057898521423;RDF40;Agricultural and veterinary sciences;0.11606377363204956;RDF50;Social sciences;0.09380790591239929;RDF508;Media and communications;0.9584600329399109;RDF102;Computer and information sciences;0.9470391869544983;RDF604;Arts (arts, history of arts, performing arts, music), architecture and design;0.9169315099716187;RDF104;Chemical sciences;0.7193343043327332;RDF105;Earth and related environmental sciences;0.6887301802635193
643;Time to investigate human visual shape perception and recognition (Biological Systems and Functions);RDF20-21;Engineering and technology;0.38828155398368835;RDF10;Natural sciences;0.2928399443626404;RDF30;Medical, health and life sciences;0.14336486160755157;RDF604;Arts (arts, history of arts, performing arts, music), architecture and design;0.6963714361190796;RDF106;Biological sciences;0.5998990535736084;RDF201;Civil engineering, maritime engineering, transport engineering, and mining engineering;0.4690338373184204;RDF301;Basic medicine and life sciences;0.23877198994159698;RDF302;Clinical medicine;0.216963991522789
644;The gamification of online stochastic optimization problems;RDF20-21;Engineering and technology;0.472440242767334;RDF40;Agricultural and veterinary sciences;0.15307961404323578;RDF50;Social sciences;0.11498771607875824;RDF102;Computer and information sciences;0.9951230883598328;RDF202;Industrial, systems and processes engineering;0.9672560095787048;RDF201;Civil engineering, maritime engineering, transport engineering, and mining engineering;0.8897205591201782;RDF104;Chemical sciences;0.8773717880249023;RDF203;Electrical engineering, computer engineering, and information engineering;0.6968874335289001
645;Effects of an Open Lung protective protective EXTubation strategy compared to a conventional extubation strategy on postoperative pulmonary complications after general anesthesia as part of a comprehensive lung protective ventilation strategy: a multicenter pilot randomized controlled trial (OLEXT-3 study);RDF30;Medical, health and life sciences;0.8721815943717957;RDF20-21;Engineering and technology;0.06903548538684845;RDF10;Natural sciences;0.02475397102534771;RDF303;Health sciences;0.9962999224662781;RDF302;Clinical medicine;0.9563497304916382;RDF104;Chemical sciences;0.7981867790222168;RDF106;Biological sciences;0.755682110786438;RDF301;Basic medicine and life sciences;0.6543703675270081
646;Additively manufactured composite parts service properties prediction : an essential step to unleash the full potential of additive manufacturing of composites;RDF20-21;Engineering and technology;0.7046304941177368;RDF10;Natural sciences;0.11121687293052673;RDF40;Agricultural and veterinary sciences;0.08953998237848282;RDF202;Industrial, systems and processes engineering;0.9684410095214844;RDF104;Chemical sciences;0.9317736029624939;RDF204;Mechanical engineering;0.8762642741203308;RDF103;Physical sciences;0.683894693851471;RDF201;Civil engineering, maritime engineering, transport engineering, and mining engineering;0.6564655900001526
647;Transcriptional regulation by long noncoding RNAs (Genes, Cells and Molecules);RDF20-21;Engineering and technology;0.3916281759738922;RDF10;Natural sciences;0.20874248445034027;RDF40;Agricultural and veterinary sciences;0.12337426841259003;RDF106;Biological sciences;0.8193157315254211;RDF104;Chemical sciences;0.8127930760383606;RDF103;Physical sciences;0.5728796124458313;RDF301;Basic medicine and life sciences;0.3795795738697052;RDF202;Industrial, systems and processes engineering;0.3745332956314087
648;Outils et méthodes de planification des services d'autopartage;RDF20-21;Engineering and technology;0.5615123510360718;RDF40;Agricultural and veterinary sciences;0.12185133993625641;RDF50;Social sciences;0.10376796126365662;RDF102;Computer and information sciences;0.9637458324432373;RDF202;Industrial, systems and processes engineering;0.898944079875946;RDF201;Civil engineering, maritime engineering, transport engineering, and mining engineering;0.8507788777351379;RDF104;Chemical sciences;0.7923035621643066;RDF502;Economics and business administration;0.5730364322662354
649;Sécurité de l'internet des objets dans les villes intelligentes (Computer Science);RDF20-21;Engineering and technology;0.7850768566131592;RDF40;Agricultural and veterinary sciences;0.07098448276519775;RDF10;Natural sciences;0.049943823367357254;RDF102;Computer and information sciences;0.9827407002449036;RDF203;Electrical engineering, computer engineering, and information engineering;0.5326834321022034;RDF201;Civil engineering, maritime engineering, transport engineering, and mining engineering;0.28427785634994507;RDF104;Chemical sciences;0.06080765277147293;RDF302;Clinical medicine;0.05738753825426102
650;Understanding the early pathogenesis of necrotic enteritis in chickens (Biological Systems and Functions);RDF30;Medical, health and life sciences;0.38274940848350525;RDF40;Agricultural and veterinary sciences;0.30307552218437195;RDF10;Natural sciences;0.20517131686210632;RDF402;Animal and dairy sciences;0.9843814373016357;RDF106;Biological sciences;0.9419218897819519;RDF403;Veterinary sciences;0.9026525020599365;RDF104;Chemical sciences;0.7620258331298828;RDF302;Clinical medicine;0.7526040077209473
651;Trajectoire vers la sécurité des femmes en situation de handicap victimes de violence conjugale: une recherche-action intersectorielle en soutien aux droits des femmes;RDF50;Social sciences;0.22240597009658813;RDF20-21;Engineering and technology;0.20760905742645264;RDF40;Agricultural and veterinary sciences;0.20690065622329712;RDF504;Sociology and related studies;0.6392013430595398;RDF201;Civil engineering, maritime engineering, transport engineering, and mining engineering;0.5115336179733276;RDF509;Other social sciences;0.43476688861846924;RDF604;Arts (arts, history of arts, performing arts, music), architecture and design;0.3333404064178467;RDF301;Basic medicine and life sciences;0.3246634900569916
652;Regard des travailleuses sociales sur leur pratique professionnelle d'évaluation psychosociale à la suite de l'entrée en vigueur de la Loi visant à mieux protéger les personnes en situation de vulnérabilité : une étude à devis mixte;RDF50;Social sciences;0.5583633184432983;RDF30;Medical, health and life sciences;0.18841464817523956;RDF40;Agricultural and veterinary sciences;0.06794004142284393;RDF504;Sociology and related studies;0.901661217212677;RDF509;Other social sciences;0.7837816476821899;RDF501;Psychology and cognitive sciences;0.75837641954422;RDF303;Health sciences;0.4981689453125;RDF101;Mathematics and statistics;0.09359512478113174
653;La police face à la justice : une analyse des systèmes de gestion des déviances policières au Québec (Law and criminology);RDF50;Social sciences;0.34023943543434143;RDF20-21;Engineering and technology;0.17634159326553345;RDF40;Agricultural and veterinary sciences;0.15592515468597412;RDF505;Law and legal practice;0.3836990296840668;RDF201;Civil engineering, maritime engineering, transport engineering, and mining engineering;0.36711424589157104;RDF506;Political science and policy administration;0.31336724758148193;RDF107;Other natural sciences;0.12836115062236786;RDF101;Mathematics and statistics;0.12080137431621552
654;Soigner et gouverner les corps autochtones: santé et médecine coloniale au Québec, 1855-1904 (History);RDF30;Medical, health and life sciences;0.5662078857421875;RDF40;Agricultural and veterinary sciences;0.1255999654531479;RDF20-21;Engineering and technology;0.10764136910438538;RDF601;History, archaeology and related studies;0.9860308170318604;RDF301;Basic medicine and life sciences;0.5778825283050537;RDF106;Biological sciences;0.52460777759552;RDF303;Health sciences;0.37848779559135437;RDF302;Clinical medicine;0.2845263183116913
655;Development of near infrared spectroscopy (NIRS) and electroencephalography (EEG) methods to study neurovascular mechanisms of brain development (Physics);RDF20-21;Engineering and technology;0.7254873514175415;RDF30;Medical, health and life sciences;0.125809445977211;RDF10;Natural sciences;0.09009873867034912;RDF103;Physical sciences;0.9789755344390869;RDF301;Basic medicine and life sciences;0.4823986291885376;RDF201;Civil engineering, maritime engineering, transport engineering, and mining engineering;0.38580846786499023;RDF106;Biological sciences;0.30033501982688904;RDF305;Other medical sciences;0.18097352981567383
656;Role of vitamin K-dependent gamma-carboxylation in beta cell and diabetes (Diabetes, Obesity, Lipid & Lipoprotein Disorders);RDF30;Medical, health and life sciences;0.7536997199058533;RDF20-21;Engineering and technology;0.09328305721282959;RDF10;Natural sciences;0.08374608308076859;RDF303;Health sciences;0.980820894241333;RDF301;Basic medicine and life sciences;0.902609646320343;RDF106;Biological sciences;0.8777390122413635;RDF302;Clinical medicine;0.8654516935348511;RDF104;Chemical sciences;0.858244001865387
657;Competition in the Canadian Mobile Telecommunications Industry: Weak Signals? (Economics);RDF20-21;Engineering and technology;0.6633599996566772;RDF50;Social sciences;0.20350228250026703;RDF40;Agricultural and veterinary sciences;0.03876330703496933;RDF502;Economics and business administration;0.949809193611145;RDF201;Civil engineering, maritime engineering, transport engineering, and mining engineering;0.7662498950958252;RDF102;Computer and information sciences;0.7575253844261169;RDF508;Media and communications;0.5693710446357727;RDF203;Electrical engineering, computer engineering, and information engineering;0.48755142092704773
658;Gut-lung axis in equine asthma (Biological Systems and Functions);RDF30;Medical, health and life sciences;0.36260029673576355;RDF20-21;Engineering and technology;0.2531358003616333;RDF10;Natural sciences;0.1938018500804901;RDF106;Biological sciences;0.9116920828819275;RDF104;Chemical sciences;0.883185625076294;RDF402;Animal and dairy sciences;0.8697145581245422;RDF301;Basic medicine and life sciences;0.8283841609954834;RDF103;Physical sciences;0.7824131846427917
659;Several aspects of L-functions (Mathematics and Statistics);RDF20-21;Engineering and technology;0.46824049949645996;RDF10;Natural sciences;0.21658562123775482;RDF40;Agricultural and veterinary sciences;0.13804040849208832;RDF101;Mathematics and statistics;0.9757161736488342;RDF102;Computer and information sciences;0.9624972939491272;RDF201;Civil engineering, maritime engineering, transport engineering, and mining engineering;0.8532414436340332;RDF103;Physical sciences;0.6127369999885559;RDF104;Chemical sciences;0.6032710671424866
660;Estimating the Effects of Government Spending Along the Supply Chain;RDF20-21;Engineering and technology;0.4117279052734375;RDF50;Social sciences;0.16481691598892212;RDF40;Agricultural and veterinary sciences;0.14347538352012634;RDF502;Economics and business administration;0.9541373252868652;RDF202;Industrial, systems and processes engineering;0.8615964651107788;RDF201;Civil engineering, maritime engineering, transport engineering, and mining engineering;0.7313464879989624;RDF401;Agriculture, forestry, and fisheries;0.5239075422286987;RDF102;Computer and information sciences;0.4820328950881958
661;Using calorespirometry to assemble a complete picture of acute hypoxic metabolic depression in fishes (Biological Systems and Functions);RDF10;Natural sciences;0.48234447836875916;RDF30;Medical, health and life sciences;0.16940152645111084;RDF20-21;Engineering and technology;0.16124992072582245;RDF103;Physical sciences;0.8374205827713013;RDF106;Biological sciences;0.8061668276786804;RDF302;Clinical medicine;0.7696434259414673;RDF104;Chemical sciences;0.7050747275352478;RDF301;Basic medicine and life sciences;0.5928029417991638
662;Electronic structure theory: Merging wave function theory, density functional theory, and machine learning (Chemistry);RDF20-21;Engineering and technology;0.7501789927482605;RDF10;Natural sciences;0.09574783593416214;RDF40;Agricultural and veterinary sciences;0.049383122473955154;RDF104;Chemical sciences;0.9702398777008057;RDF203;Electrical engineering, computer engineering, and information engineering;0.9164467453956604;RDF102;Computer and information sciences;0.8990327715873718;RDF202;Industrial, systems and processes engineering;0.7585553526878357;RDF103;Physical sciences;0.5982314944267273
663;Comprehensive lipidomics to identify novel players involved in the onset of cardiac manifestations of non-alcoholic fatty liver disease;RDF30;Medical, health and life sciences;0.7474222183227539;RDF10;Natural sciences;0.09045150130987167;RDF40;Agricultural and veterinary sciences;0.0655006393790245;RDF303;Health sciences;0.9326375722885132;RDF302;Clinical medicine;0.9184436202049255;RDF301;Basic medicine and life sciences;0.8794059157371521;RDF106;Biological sciences;0.8105539083480835;RDF104;Chemical sciences;0.7767922878265381
664;Longitudinal monitoring of visual function during cortical impairment in mice (Systems & Circuits Neurosciences);RDF20-21;Engineering and technology;0.48480817675590515;RDF30;Medical, health and life sciences;0.3084639310836792;RDF40;Agricultural and veterinary sciences;0.07822071760892868;RDF106;Biological sciences;0.8058614134788513;RDF604;Arts (arts, history of arts, performing arts, music), architecture and design;0.6729767918586731;RDF301;Basic medicine and life sciences;0.6267597079277039;RDF202;Industrial, systems and processes engineering;0.579653263092041;RDF207;Medical and biomedical engineering;0.5638244152069092
665;Gouvernance et acceptabilité sociale des grands projets publics;RDF20-21;Engineering and technology;0.4639523923397064;RDF50;Social sciences;0.17155584692955017;RDF40;Agricultural and veterinary sciences;0.13172926008701324;RDF502;Economics and business administration;0.9026525020599365;RDF202;Industrial, systems and processes engineering;0.8954769372940063;RDF201;Civil engineering, maritime engineering, transport engineering, and mining engineering;0.7746686339378357;RDF604;Arts (arts, history of arts, performing arts, music), architecture and design;0.7399865388870239;RDF506;Political science and policy administration;0.7204174399375916
666;Structural and functional changes in the brain of early and late blind individuals (Behavioural Sciences – Behavioural Studies, Neuroscience and Cognition);RDF20-21;Engineering and technology;0.3554372191429138;RDF30;Medical, health and life sciences;0.2993081510066986;RDF50;Social sciences;0.11043237894773483;RDF501;Psychology and cognitive sciences;0.8194602727890015;RDF301;Basic medicine and life sciences;0.5518454313278198;RDF106;Biological sciences;0.42683106660842896;RDF305;Other medical sciences;0.1448732316493988;RDF201;Civil engineering, maritime engineering, transport engineering, and mining engineering;0.09894658625125885
667;New unsupervised Bayesian and energy-based models dedicated to image processing and computer vision applications (Computer Science);RDF20-21;Engineering and technology;0.7885542511940002;RDF40;Agricultural and veterinary sciences;0.07150808721780777;RDF10;Natural sciences;0.0495322085916996;RDF102;Computer and information sciences;0.9964480996131897;RDF203;Electrical engineering, computer engineering, and information engineering;0.774284839630127;RDF104;Chemical sciences;0.6569334268569946;RDF201;Civil engineering, maritime engineering, transport engineering, and mining engineering;0.5335493683815002;RDF103;Physical sciences;0.4898390471935272
668;Phenomenology and The Norms of Perception (Philosophy);RDF60;Humanities and the arts;0.5051057934761047;RDF20-21;Engineering and technology;0.19373980164527893;RDF10;Natural sciences;0.10068279504776001;RDF603;Philosophy;0.9547318816184998;RDF604;Arts (arts, history of arts, performing arts, music), architecture and design;0.5643610954284668;RDF201;Civil engineering, maritime engineering, transport engineering, and mining engineering;0.5343695282936096;RDF501;Psychology and cognitive sciences;0.4178912341594696;RDF103;Physical sciences;0.31753209233283997
669;Intelligent API Engineering: Systematically Leveraging APIs Through Development Knowledge and Usage Data;RDF20-21;Engineering and technology;0.6574401259422302;RDF40;Agricultural and veterinary sciences;0.11990426480770111;RDF50;Social sciences;0.07685106247663498;RDF102;Computer and information sciences;0.9805620312690735;RDF202;Industrial, systems and processes engineering;0.7648915648460388;RDF203;Electrical engineering, computer engineering, and information engineering;0.6103046536445618;RDF201;Civil engineering, maritime engineering, transport engineering, and mining engineering;0.5385737419128418;RDF104;Chemical sciences;0.4632014036178589
670;Investigating mechanisms involved in vestibular substitution (Biological Systems and Functions);RDF30;Medical, health and life sciences;0.40390264987945557;RDF20-21;Engineering and technology;0.26553329825401306;RDF10;Natural sciences;0.15104258060455322;RDF106;Biological sciences;0.8590736389160156;RDF301;Basic medicine and life sciences;0.8413048386573792;RDF201;Civil engineering, maritime engineering, transport engineering, and mining engineering;0.7665121555328369;RDF302;Clinical medicine;0.7267166376113892;RDF104;Chemical sciences;0.7183968424797058
671;« COVID-19 » Migration en ligne et évaluation des impacts d'un programme de groupes de codéveloppement professionnel dans la fonction publique québécoise;RDF20-21;Engineering and technology;0.4032418131828308;RDF30;Medical, health and life sciences;0.17232684791088104;RDF50;Social sciences;0.1421681046485901;RDF303;Health sciences;0.6899327635765076;RDF102;Computer and information sciences;0.6274020671844482;RDF201;Civil engineering, maritime engineering, transport engineering, and mining engineering;0.46809151768684387;RDF301;Basic medicine and life sciences;0.4234580397605896;RDF203;Electrical engineering, computer engineering, and information engineering;0.3582969307899475
672;Multibody modelling to prototype next generation portable exoskeletons for everyday assistance (Mechanical Engineering);RDF20-21;Engineering and technology;0.8046069145202637;RDF30;Medical, health and life sciences;0.10608071833848953;RDF40;Agricultural and veterinary sciences;0.03350326791405678;RDF204;Mechanical engineering;0.9965704083442688;RDF201;Civil engineering, maritime engineering, transport engineering, and mining engineering;0.8796128630638123;RDF103;Physical sciences;0.659953236579895;RDF202;Industrial, systems and processes engineering;0.5884309411048889;RDF104;Chemical sciences;0.3869082033634186
673;Biomaterials-stimulated tissue regeneration and extracellular vesicles (Genes, Cells and Molecules);RDF30;Medical, health and life sciences;0.335041344165802;RDF20-21;Engineering and technology;0.26131293177604675;RDF10;Natural sciences;0.21865519881248474;RDF104;Chemical sciences;0.9420286417007446;RDF106;Biological sciences;0.9285385012626648;RDF301;Basic medicine and life sciences;0.9155449867248535;RDF103;Physical sciences;0.9147487878799438;RDF302;Clinical medicine;0.7459076642990112
674;Clinical Investigation in Canine and Feline Transfusion Medicine: Novel Blood Groups and their Clinical Significance (Biological Systems and Functions);RDF30;Medical, health and life sciences;0.6923521161079407;RDF10;Natural sciences;0.15524081885814667;RDF20-21;Engineering and technology;0.07748087495565414;RDF302;Clinical medicine;0.9946671724319458;RDF303;Health sciences;0.9818752408027649;RDF106;Biological sciences;0.9209319949150085;RDF301;Basic medicine and life sciences;0.87142014503479;RDF104;Chemical sciences;0.8335279822349548
675;Uauitamutau assi. Terminologie de l'environnement en langue innue (innu-aimun) (Psychology, linguistics and translation);RDF20-21;Engineering and technology;0.34804290533065796;RDF60;Humanities and the arts;0.17828448116779327;RDF50;Social sciences;0.1556544154882431;RDF501;Psychology and cognitive sciences;0.6599806547164917;RDF105;Earth and related environmental sciences;0.46496227383613586;RDF602;Languages and literature;0.39533838629722595;RDF604;Arts (arts, history of arts, performing arts, music), architecture and design;0.3299582302570343;RDF104;Chemical sciences;0.20102781057357788
676;Novel role of exercise timing to improve obesity prevention and treatment (Nutrition, Food & Health);RDF30;Medical, health and life sciences;0.6726694107055664;RDF20-21;Engineering and technology;0.10353565216064453;RDF40;Agricultural and veterinary sciences;0.10262339562177658;RDF303;Health sciences;0.9638820886611938;RDF604;Arts (arts, history of arts, performing arts, music), architecture and design;0.8374871611595154;RDF201;Civil engineering, maritime engineering, transport engineering, and mining engineering;0.7918211221694946;RDF302;Clinical medicine;0.7126322984695435;RDF301;Basic medicine and life sciences;0.6455529928207397
677;Impact of vascular injury derived exosomes on Lupus Nephritis (Genes, Cells and Molecules);RDF30;Medical, health and life sciences;0.5330170392990112;RDF20-21;Engineering and technology;0.18222646415233612;RDF10;Natural sciences;0.14968512952327728;RDF106;Biological sciences;0.9545204043388367;RDF103;Physical sciences;0.845241129398346;RDF301;Basic medicine and life sciences;0.8105539679527283;RDF104;Chemical sciences;0.7858021259307861;RDF302;Clinical medicine;0.6138226389884949
678;Étude des logiques d'action syndicales dans le domaine de la santé mentale au travail: analyses croisées (Québec-France) dans le secteur de l'aérospatial (Business, management and related fields);RDF30;Medical, health and life sciences;0.3404778838157654;RDF50;Social sciences;0.28867778182029724;RDF20-21;Engineering and technology;0.19494803249835968;RDF204;Mechanical engineering;0.5140038728713989;RDF504;Sociology and related studies;0.2580454349517822;RDF502;Economics and business administration;0.23554770648479462;RDF501;Psychology and cognitive sciences;0.09359511733055115;RDF509;Other social sciences;0.08961381763219833
679;Linking lifestyle behaviors, microbiota & cardiometabolic health from childhood to early adulthood: The QUALITY Cohort (Social & Developmental Aspects of Children's & Youth's Health);RDF30;Medical, health and life sciences;0.7969554662704468;RDF10;Natural sciences;0.06567412614822388;RDF50;Social sciences;0.04866208881139755;RDF303;Health sciences;0.8551872372627258;RDF504;Sociology and related studies;0.7949426770210266;RDF302;Clinical medicine;0.6099163293838501;RDF501;Psychology and cognitive sciences;0.5995950102806091;RDF301;Basic medicine and life sciences;0.4911355674266815
680;Les syndicats face à la crise climatique : Analyse stratégique des ressources et des moyens d'action à mettre en oeuvre au plan local;RDF50;Social sciences;0.2598128616809845;RDF40;Agricultural and veterinary sciences;0.1693112850189209;RDF20-21;Engineering and technology;0.1535586714744568;RDF504;Sociology and related studies;0.5628936886787415;RDF201;Civil engineering, maritime engineering, transport engineering, and mining engineering;0.3721628785133362;RDF502;Economics and business administration;0.31991761922836304;RDF101;Mathematics and statistics;0.28776779770851135;RDF105;Earth and related environmental sciences;0.2650236189365387
681;Étude du devenir-écrivaine en régime naturaliste : le cas de Georges de Peyrebrune (1841-1917) (Literature);RDF60;Humanities and the arts;0.4320758581161499;RDF20-21;Engineering and technology;0.17985236644744873;RDF50;Social sciences;0.16941000521183014;RDF604;Arts (arts, history of arts, performing arts, music), architecture and design;0.9763330817222595;RDF503;Education;0.7021217346191406;RDF602;Languages and literature;0.6907156109809875;RDF301;Basic medicine and life sciences;0.47587934136390686;RDF104;Chemical sciences;0.43187806010246277
682;Neutrophil extracellular traps (NETs) are major actors in heart failure with preserved ejection fraction (Cardiovascular System – Heart and Circulation);RDF30;Medical, health and life sciences;0.6969313025474548;RDF20-21;Engineering and technology;0.1914863884449005;RDF10;Natural sciences;0.06240222603082657;RDF103;Physical sciences;0.8858785629272461;RDF301;Basic medicine and life sciences;0.747523844242096;RDF303;Health sciences;0.6578407287597656;RDF104;Chemical sciences;0.63177889585495;RDF106;Biological sciences;0.5786416530609131
683;Harnessing Twitter for morphophonological variation (Psychology, linguistics and translation);RDF20-21;Engineering and technology;0.4758185148239136;RDF60;Humanities and the arts;0.1729675829410553;RDF50;Social sciences;0.1676817387342453;RDF102;Computer and information sciences;0.9013142585754395;RDF104;Chemical sciences;0.8677098155021667;RDF201;Civil engineering, maritime engineering, transport engineering, and mining engineering;0.8556099534034729;RDF604;Arts (arts, history of arts, performing arts, music), architecture and design;0.8235058784484863;RDF508;Media and communications;0.7198269963264465
684;Multicarrier energy systems for resilient decarbonized communities;RDF20-21;Engineering and technology;0.5543691515922546;RDF10;Natural sciences;0.1474321186542511;RDF40;Agricultural and veterinary sciences;0.12300383299589157;RDF104;Chemical sciences;0.850530743598938;RDF201;Civil engineering, maritime engineering, transport engineering, and mining engineering;0.8504065275192261;RDF202;Industrial, systems and processes engineering;0.7994814515113831;RDF103;Physical sciences;0.4040958881378174;RDF102;Computer and information sciences;0.2769837975502014
685;Digital Leigh Hunt (Literature);RDF20-21;Engineering and technology;0.3861762583255768;RDF60;Humanities and the arts;0.21662524342536926;RDF30;Medical, health and life sciences;0.18738201260566711;RDF102;Computer and information sciences;0.9678993225097656;RDF104;Chemical sciences;0.960361123085022;RDF604;Arts (arts, history of arts, performing arts, music), architecture and design;0.9503188133239746;RDF201;Civil engineering, maritime engineering, transport engineering, and mining engineering;0.9402982592582703;RDF103;Physical sciences;0.9368072748184204
686;New disposal techniques for reactive mine wastes to improve stability and facilitate site reclamation upon closure (Civil, Industrial and Systems Engineering);RDF20-21;Engineering and technology;0.888007640838623;RDF10;Natural sciences;0.04222793132066727;RDF40;Agricultural and veterinary sciences;0.028212400153279305;RDF201;Civil engineering, maritime engineering, transport engineering, and mining engineering;0.9731387495994568;RDF104;Chemical sciences;0.9472835659980774;RDF105;Earth and related environmental sciences;0.7171851992607117;RDF208;Environmental engineering and related engineering;0.7072530388832092;RDF202;Industrial, systems and processes engineering;0.24314787983894348
687;Design and operation of Borehole Thermal Energy Storage systems (Mechanical Engineering);RDF20-21;Engineering and technology;0.8468117117881775;RDF40;Agricultural and veterinary sciences;0.05280342325568199;RDF10;Natural sciences;0.03655800595879555;RDF204;Mechanical engineering;0.9939024448394775;RDF201;Civil engineering, maritime engineering, transport engineering, and mining engineering;0.8071187734603882;RDF202;Industrial, systems and processes engineering;0.7258915901184082;RDF104;Chemical sciences;0.7015597224235535;RDF105;Earth and related environmental sciences;0.5765047073364258
688;Mechanisms and consequences of spatially controlled G protein-coupled receptor signaling (Pharmacology & Toxicology);RDF20-21;Engineering and technology;0.5112427473068237;RDF30;Medical, health and life sciences;0.28344011306762695;RDF40;Agricultural and veterinary sciences;0.08346828073263168;RDF103;Physical sciences;0.9396370053291321;RDF106;Biological sciences;0.9313377737998962;RDF102;Computer and information sciences;0.9280183911323547;RDF104;Chemical sciences;0.9028668403625488;RDF301;Basic medicine and life sciences;0.8575893640518188
689;L'humain au coeur de la transformation du travail;RDF20-21;Engineering and technology;0.2550332844257355;RDF60;Humanities and the arts;0.2334040403366089;RDF40;Agricultural and veterinary sciences;0.1551014930009842;RDF202;Industrial, systems and processes engineering;0.9630224704742432;RDF201;Civil engineering, maritime engineering, transport engineering, and mining engineering;0.8768981099128723;RDF502;Economics and business administration;0.8668104410171509;RDF504;Sociology and related studies;0.6526289582252502;RDF604;Arts (arts, history of arts, performing arts, music), architecture and design;0.5702415704727173
690;Vers une nouvelle constitution du travail? Les libertés et droits fondamentaux des salarié.es comme assise des rapports de travail/Towards a New Constitution of Labour? Workers' Fundamental Rights and Freedoms as the Basis of Labour Relations (Law and criminology);RDF50;Social sciences;0.41180285811424255;RDF40;Agricultural and veterinary sciences;0.1763375699520111;RDF20-21;Engineering and technology;0.16533058881759644;RDF505;Law and legal practice;0.647631049156189;RDF502;Economics and business administration;0.40240681171417236;RDF504;Sociology and related studies;0.39293357729911804;RDF305;Other medical sciences;0.10185714811086655;RDF509;Other social sciences;0.0991208553314209
691;Monitoring and Debugging of High Performance Distributed Heterogeneous Cloud Applications;RDF20-21;Engineering and technology;0.4268988370895386;RDF40;Agricultural and veterinary sciences;0.19850218296051025;RDF50;Social sciences;0.12421949207782745;RDF102;Computer and information sciences;0.9894192814826965;RDF104;Chemical sciences;0.6434133052825928;RDF203;Electrical engineering, computer engineering, and information engineering;0.4730333983898163;RDF105;Earth and related environmental sciences;0.36110836267471313;RDF103;Physical sciences;0.26654815673828125
692;The role of Parkinson's disease-related proteins in innate and adaptive immunity (Cell Biology – Physiology);RDF30;Medical, health and life sciences;0.4860766530036926;RDF10;Natural sciences;0.3012229800224304;RDF20-21;Engineering and technology;0.10028310865163803;RDF301;Basic medicine and life sciences;0.9720456004142761;RDF106;Biological sciences;0.9701551795005798;RDF303;Health sciences;0.8924688696861267;RDF104;Chemical sciences;0.8348786234855652;RDF302;Clinical medicine;0.8281064033508301
693;Étude partenariale sur la médiation de la musique: institutionnalisation, professionnalisation, intervention;RDF50;Social sciences;0.4101260006427765;RDF60;Humanities and the arts;0.3002011179924011;RDF20-21;Engineering and technology;0.18022918701171875;RDF503;Education;0.966820240020752;RDF604;Arts (arts, history of arts, performing arts, music), architecture and design;0.8428630828857422;RDF508;Media and communications;0.5819640159606934;RDF201;Civil engineering, maritime engineering, transport engineering, and mining engineering;0.415336012840271;RDF509;Other social sciences;0.19876310229301453
694;Planification en temps réel dans les mines souterraines;RDF20-21;Engineering and technology;0.5883334875106812;RDF10;Natural sciences;0.09991748631000519;RDF40;Agricultural and veterinary sciences;0.09731736779212952;RDF202;Industrial, systems and processes engineering;0.9596865177154541;RDF201;Civil engineering, maritime engineering, transport engineering, and mining engineering;0.8449215292930603;RDF103;Physical sciences;0.7912570834159851;RDF102;Computer and information sciences;0.7712841629981995;RDF105;Earth and related environmental sciences;0.7505984306335449
695;Applications of operations research to transportation, logistics, fairness issues, and other topics (Civil, Industrial and Systems Engineering);RDF20-21;Engineering and technology;0.8400183916091919;RDF40;Agricultural and veterinary sciences;0.059325139969587326;RDF10;Natural sciences;0.03086777776479721;RDF201;Civil engineering, maritime engineering, transport engineering, and mining engineering;0.9891396760940552;RDF202;Industrial, systems and processes engineering;0.8906275629997253;RDF104;Chemical sciences;0.5242120027542114;RDF103;Physical sciences;0.1941385418176651;RDF204;Mechanical engineering;0.17525559663772583
696;Multiplexed and quantitative immunolabelling for cancer diagnostics using gold-silver alloy nanoprobes;RDF30;Medical, health and life sciences;0.5555280447006226;RDF20-21;Engineering and technology;0.3259408473968506;RDF10;Natural sciences;0.04842313379049301;RDF303;Health sciences;0.9438154697418213;RDF103;Physical sciences;0.9374975562095642;RDF104;Chemical sciences;0.8679338097572327;RDF304;Medical biotechnology;0.835013210773468;RDF211;Nano-technology;0.8224031329154968
697;Plasma processing for environment and cell-biology;RDF20-21;Engineering and technology;0.4497746229171753;RDF30;Medical, health and life sciences;0.3564966320991516;RDF10;Natural sciences;0.11776657402515411;RDF102;Computer and information sciences;0.9716716408729553;RDF104;Chemical sciences;0.9634374976158142;RDF202;Industrial, systems and processes engineering;0.9521309733390808;RDF103;Physical sciences;0.9461506009101868;RDF302;Clinical medicine;0.7177296280860901
698;Dynamic Games in Management (Civil, Industrial and Systems Engineering);RDF20-21;Engineering and technology;0.6461277008056641;RDF40;Agricultural and veterinary sciences;0.1018834188580513;RDF50;Social sciences;0.09923214465379715;RDF201;Civil engineering, maritime engineering, transport engineering, and mining engineering;0.8774242997169495;RDF202;Industrial, systems and processes engineering;0.6781405210494995;RDF102;Computer and information sciences;0.4392286241054535;RDF104;Chemical sciences;0.2906787693500519;RDF401;Agriculture, forestry, and fisheries;0.15974102914333344
699;Improved design and operations of building water systems to reduce health risks caused by water & energy conservation and extended shutdowns (Civil, Industrial and Systems Engineering);RDF20-21;Engineering and technology;0.8254629373550415;RDF40;Agricultural and veterinary sciences;0.05689114332199097;RDF10;Natural sciences;0.0454462505877018;RDF201;Civil engineering, maritime engineering, transport engineering, and mining engineering;0.8811554312705994;RDF104;Chemical sciences;0.6384408473968506;RDF105;Earth and related environmental sciences;0.5421967506408691;RDF202;Industrial, systems and processes engineering;0.32132688164711;RDF208;Environmental engineering and related engineering;0.31347230076789856
700;Shoulder musculoskeletal modeling: from data-tracking to predictive simulations (Mechanical Engineering);RDF20-21;Engineering and technology;0.7277953624725342;RDF30;Medical, health and life sciences;0.1592521220445633;RDF40;Agricultural and veterinary sciences;0.0429878868162632;RDF204;Mechanical engineering;0.9901971817016602;RDF102;Computer and information sciences;0.5960409641265869;RDF201;Civil engineering, maritime engineering, transport engineering, and mining engineering;0.594453752040863;RDF103;Physical sciences;0.5904693007469177;RDF202;Industrial, systems and processes engineering;0.5156809091567993
701;Sustainable aqueous Sodium-ion batteries (Chemistry);RDF20-21;Engineering and technology;0.6738597750663757;RDF40;Agricultural and veterinary sciences;0.10283639281988144;RDF10;Natural sciences;0.09548036009073257;RDF104;Chemical sciences;0.9587699770927429;RDF205;Chemical engineering;0.8710915446281433;RDF105;Earth and related environmental sciences;0.7372527718544006;RDF202;Industrial, systems and processes engineering;0.6749349236488342;RDF201;Civil engineering, maritime engineering, transport engineering, and mining engineering;0.6411836743354797
702;Eigenvectors of Random Matrices (Mathematics and Statistics);RDF20-21;Engineering and technology;0.4660041928291321;RDF10;Natural sciences;0.203433096408844;RDF40;Agricultural and veterinary sciences;0.14649160206317902;RDF102;Computer and information sciences;0.9694691300392151;RDF101;Mathematics and statistics;0.9494354724884033;RDF104;Chemical sciences;0.8919522762298584;RDF201;Civil engineering, maritime engineering, transport engineering, and mining engineering;0.822795033454895;RDF202;Industrial, systems and processes engineering;0.8021296858787537
703;Cellular Reprogramming in Retinal Vascular Development (Genes, Cells and Molecules);RDF30;Medical, health and life sciences;0.6244964599609375;RDF20-21;Engineering and technology;0.21247422695159912;RDF10;Natural sciences;0.09583979845046997;RDF106;Biological sciences;0.9502727389335632;RDF301;Basic medicine and life sciences;0.9076811671257019;RDF103;Physical sciences;0.8693267703056335;RDF302;Clinical medicine;0.8686040043830872;RDF104;Chemical sciences;0.8272008895874023
704;Creating Virtual Shapes via Intuitive Input (Computer Science);RDF20-21;Engineering and technology;0.6830907464027405;RDF40;Agricultural and veterinary sciences;0.09783363342285156;RDF30;Medical, health and life sciences;0.0651712492108345;RDF102;Computer and information sciences;0.9978087544441223;RDF201;Civil engineering, maritime engineering, transport engineering, and mining engineering;0.8003021478652954;RDF202;Industrial, systems and processes engineering;0.7164914608001709;RDF203;Electrical engineering, computer engineering, and information engineering;0.6953638792037964;RDF103;Physical sciences;0.6606925129890442
705;Data-adaptive causal inference methods for effect modification (Mathematics and Statistics);RDF20-21;Engineering and technology;0.3804531693458557;RDF10;Natural sciences;0.27443185448646545;RDF40;Agricultural and veterinary sciences;0.14448750019073486;RDF101;Mathematics and statistics;0.9773058891296387;RDF102;Computer and information sciences;0.9737696051597595;RDF104;Chemical sciences;0.9488698840141296;RDF103;Physical sciences;0.8133866786956787;RDF202;Industrial, systems and processes engineering;0.7574805617332458
706;40 ans de changement linguistique à Montréal et à Welland: le rôle de l'individu et de la communauté (Linguistics and translation);RDF50;Social sciences;0.3141971826553345;RDF60;Humanities and the arts;0.20940269529819489;RDF20-21;Engineering and technology;0.1618138551712036;RDF602;Languages and literature;0.9002670645713806;RDF201;Civil engineering, maritime engineering, transport engineering, and mining engineering;0.32611045241355896;RDF107;Other natural sciences;0.14288844168186188;RDF504;Sociology and related studies;0.1362057626247406;RDF509;Other social sciences;0.11104825139045715
707;Using digital and immersive technologies to understand the contribution of sensory, perceptual, affective, cognitive and physiological factors to Social Information Processing (Biological Systems and Functions);RDF20-21;Engineering and technology;0.7269645929336548;RDF10;Natural sciences;0.12778541445732117;RDF30;Medical, health and life sciences;0.05333395302295685;RDF501;Psychology and cognitive sciences;0.5234964489936829;RDF102;Computer and information sciences;0.48104241490364075;RDF202;Industrial, systems and processes engineering;0.42232152819633484;RDF106;Biological sciences;0.32809874415397644;RDF504;Sociology and related studies;0.2857205867767334
708;Climate Change and Human Rights: Responsibility and Reparation;RDF20-21;Engineering and technology;0.5232009887695312;RDF60;Humanities and the arts;0.15131521224975586;RDF10;Natural sciences;0.107573963701725;RDF104;Chemical sciences;0.9211450815200806;RDF105;Earth and related environmental sciences;0.9196425676345825;RDF201;Civil engineering, maritime engineering, transport engineering, and mining engineering;0.8449854850769043;RDF202;Industrial, systems and processes engineering;0.8312800526618958;RDF106;Biological sciences;0.783160388469696
709;Can journalism's `real utopias' address the crisis of the news media? Exploring journalism cooperatives from an international and comparative perspective (Communications, media studies, gender studies, library and information science, related fields);RDF50;Social sciences;0.38573890924453735;RDF20-21;Engineering and technology;0.22456049919128418;RDF40;Agricultural and veterinary sciences;0.1280757337808609;RDF508;Media and communications;0.9923785924911499;RDF201;Civil engineering, maritime engineering, transport engineering, and mining engineering;0.08240150660276413;RDF504;Sociology and related studies;0.08188609778881073;RDF203;Electrical engineering, computer engineering, and information engineering;0.05098814517259598;RDF107;Other natural sciences;0.047824520617723465
710;Improving the integration of novice designers into interdisciplinary collaborative design teams (Multidisciplinary or interdisciplinary humanities);RDF60;Humanities and the arts;0.42620718479156494;RDF20-21;Engineering and technology;0.4051041901111603;RDF40;Agricultural and veterinary sciences;0.06626073271036148;RDF604;Arts (arts, history of arts, performing arts, music), architecture and design;0.9567151665687561;RDF201;Civil engineering, maritime engineering, transport engineering, and mining engineering;0.7417675852775574;RDF102;Computer and information sciences;0.6688262224197388;RDF104;Chemical sciences;0.36634886264801025;RDF202;Industrial, systems and processes engineering;0.2826414704322815
711;Quel futur professionnel pour les jeunes adultes récemment immigré(e)s à Montréal? Identité, projets professionnels et expériences d'accès aux services (Multidisciplinary or interdisciplinary social sciences);RDF50;Social sciences;0.4508783221244812;RDF20-21;Engineering and technology;0.27947866916656494;RDF40;Agricultural and veterinary sciences;0.09015931934118271;RDF504;Sociology and related studies;0.41816776990890503;RDF509;Other social sciences;0.23261506855487823;RDF201;Civil engineering, maritime engineering, transport engineering, and mining engineering;0.09017308056354523;RDF203;Electrical engineering, computer engineering, and information engineering;0.06465349346399307;RDF604;Arts (arts, history of arts, performing arts, music), architecture and design;0.04410091042518616
712;Unravelling regulatory networks of stem cell states using single cell analysis (Cell Biology – Physiology);RDF20-21;Engineering and technology;0.4895395338535309;RDF30;Medical, health and life sciences;0.21417750418186188;RDF10;Natural sciences;0.17848293483257294;RDF106;Biological sciences;0.8905799984931946;RDF104;Chemical sciences;0.794305145740509;RDF102;Computer and information sciences;0.7924240827560425;RDF103;Physical sciences;0.6509666442871094;RDF202;Industrial, systems and processes engineering;0.6142458319664001
713;Comprendre et soutenir l'entourage des femmes victimes de violence entre partenaires intimes : tissu social, besoins et actions (Mutidisciplinary or interdisciplinary social sciences);RDF50;Social sciences;0.536755383014679;RDF20-21;Engineering and technology;0.11895039677619934;RDF30;Medical, health and life sciences;0.11087395995855331;RDF504;Sociology and related studies;0.8121234774589539;RDF509;Other social sciences;0.3383776545524597;RDF201;Civil engineering, maritime engineering, transport engineering, and mining engineering;0.05070536583662033;RDF605;Other humanities;0.02830144390463829;RDF301;Basic medicine and life sciences;0.02608110010623932
714;Development of novel RvD1 analogues for osteoporosis therapy: mechanism of action and structure-activity relationships;RDF30;Medical, health and life sciences;0.4339447319507599;RDF20-21;Engineering and technology;0.3947255313396454;RDF10;Natural sciences;0.06295985728502274;RDF104;Chemical sciences;0.954562783241272;RDF102;Computer and information sciences;0.9502265453338623;RDF103;Physical sciences;0.92637038230896;RDF303;Health sciences;0.9029095768928528;RDF106;Biological sciences;0.8918110132217407
715;Improving plant biostimulants based on natural products and beneficial microorganisms;RDF10;Natural sciences;0.42851412296295166;RDF40;Agricultural and veterinary sciences;0.19695591926574707;RDF20-21;Engineering and technology;0.17823919653892517;RDF104;Chemical sciences;0.9635404944419861;RDF401;Agriculture, forestry, and fisheries;0.9621431827545166;RDF106;Biological sciences;0.8693267703056335;RDF105;Earth and related environmental sciences;0.8545207977294922;RDF404;Agricultural biotechnology and food sciences;0.7764111161231995
716;Characterization of the antibacterial activity of some antimicrobial-derived metabolites and their involvement in the development of antimicrobial resistance in bacteria of animal origin (Biological Systems and Functions);RDF10;Natural sciences;0.37890008091926575;RDF30;Medical, health and life sciences;0.3218825161457062;RDF40;Agricultural and veterinary sciences;0.12735016644001007;RDF104;Chemical sciences;0.9377260208129883;RDF106;Biological sciences;0.8183742165565491;RDF301;Basic medicine and life sciences;0.7645401954650879;RDF302;Clinical medicine;0.2974189221858978;RDF103;Physical sciences;0.297061949968338
717;Développement de méthodes rationnelles de maintenance proactive de systèmes industriels (Civil, Industrial and Systems Engineering);RDF20-21;Engineering and technology;0.7251400947570801;RDF40;Agricultural and veterinary sciences;0.09856926649808884;RDF50;Social sciences;0.06794435530900955;RDF202;Industrial, systems and processes engineering;0.9333701133728027;RDF201;Civil engineering, maritime engineering, transport engineering, and mining engineering;0.8221891522407532;RDF104;Chemical sciences;0.7004852294921875;RDF204;Mechanical engineering;0.38043519854545593;RDF102;Computer and information sciences;0.34822943806648254
718;Intention Driven Development: Towards a new generation of development platforms;RDF20-21;Engineering and technology;0.46586012840270996;RDF40;Agricultural and veterinary sciences;0.15035903453826904;RDF60;Humanities and the arts;0.13790985941886902;RDF102;Computer and information sciences;0.9754369258880615;RDF503;Education;0.924891471862793;RDF202;Industrial, systems and processes engineering;0.907721996307373;RDF201;Civil engineering, maritime engineering, transport engineering, and mining engineering;0.8738620281219482;RDF604;Arts (arts, history of arts, performing arts, music), architecture and design;0.7021473050117493
719;Decision support systems based on heterogeneous data driven models for a safe and optimal operation of industrial process systems (Materials and Chemical Engineering);RDF20-21;Engineering and technology;0.8481419682502747;RDF40;Agricultural and veterinary sciences;0.052041031420230865;RDF10;Natural sciences;0.04547973349690437;RDF202;Industrial, systems and processes engineering;0.9746286869049072;RDF104;Chemical sciences;0.7152251601219177;RDF201;Civil engineering, maritime engineering, transport engineering, and mining engineering;0.5766611695289612;RDF102;Computer and information sciences;0.2362518161535263;RDF206;Materials engineering and resources engineering;0.11966509371995926
720;Untangling heterogeneity in cytomegalovirus infection kinetics and evolution using mathematical modelling;RDF30;Medical, health and life sciences;0.39437738060951233;RDF20-21;Engineering and technology;0.32951462268829346;RDF40;Agricultural and veterinary sciences;0.10455063730478287;RDF106;Biological sciences;0.9422415494918823;RDF104;Chemical sciences;0.9231084585189819;RDF102;Computer and information sciences;0.8779484629631042;RDF103;Physical sciences;0.8628146648406982;RDF604;Arts (arts, history of arts, performing arts, music), architecture and design;0.7961736917495728
721;Getting on track for the audit of tomorrow: Auditors' expertise amidst digitalization;RDF20-21;Engineering and technology;0.5168018937110901;RDF40;Agricultural and veterinary sciences;0.19077172875404358;RDF30;Medical, health and life sciences;0.09184666723012924;RDF201;Civil engineering, maritime engineering, transport engineering, and mining engineering;0.8584814667701721;RDF401;Agriculture, forestry, and fisheries;0.7518304586410522;RDF502;Economics and business administration;0.7168137431144714;RDF104;Chemical sciences;0.6893317699432373;RDF202;Industrial, systems and processes engineering;0.6600354313850403
722;Immunoproteasome-expressing mesenchymal stromal cells: a new tool for cancer vaccination (Cancer Biology & Therapeutics);RDF30;Medical, health and life sciences;0.5853505730628967;RDF20-21;Engineering and technology;0.23329156637191772;RDF10;Natural sciences;0.12597431242465973;RDF301;Basic medicine and life sciences;0.9885361790657043;RDF106;Biological sciences;0.9573177695274353;RDF303;Health sciences;0.952838122844696;RDF104;Chemical sciences;0.9293763637542725;RDF103;Physical sciences;0.8492850065231323
723;Invisibility of disability in Global South and North: Equitable access to health services in the context of climate change;RDF30;Medical, health and life sciences;0.4761970639228821;RDF50;Social sciences;0.17501211166381836;RDF20-21;Engineering and technology;0.16952407360076904;RDF303;Health sciences;0.9346938729286194;RDF201;Civil engineering, maritime engineering, transport engineering, and mining engineering;0.8943289518356323;RDF504;Sociology and related studies;0.8142743706703186;RDF101;Mathematics and statistics;0.7807042598724365;RDF604;Arts (arts, history of arts, performing arts, music), architecture and design;0.7430282235145569
724;A shock-fitting approach for predicting the two-phase transient flows in stormwater systems (SWS) with best management practices (BMP) (Civil, Industrial and Systems Engineering);RDF20-21;Engineering and technology;0.8759028315544128;RDF10;Natural sciences;0.08473780006170273;RDF40;Agricultural and veterinary sciences;0.022294873371720314;RDF201;Civil engineering, maritime engineering, transport engineering, and mining engineering;0.9203970432281494;RDF103;Physical sciences;0.8620035648345947;RDF104;Chemical sciences;0.856272280216217;RDF105;Earth and related environmental sciences;0.8158202171325684;RDF202;Industrial, systems and processes engineering;0.5906463861465454
725;Optimiser la transition des soins entre les différents milieux avec l'apport de la technologie pour favoriser la santé et l'autonomie des personnes âgées fragilisées vivant ou non en régions éloignées;RDF30;Medical, health and life sciences;0.6291823983192444;RDF20-21;Engineering and technology;0.27892550826072693;RDF50;Social sciences;0.032700490206480026;RDF303;Health sciences;0.989591658115387;RDF504;Sociology and related studies;0.8451133370399475;RDF302;Clinical medicine;0.8194964528083801;RDF301;Basic medicine and life sciences;0.39137688279151917;RDF507;Social and economic geography;0.37516263127326965
726;XIe Conférence du Forum Mondial de Médiation:L´humanité face aux conflits actuels: nouveaux défis pour la médiation;RDF20-21;Engineering and technology;0.41479894518852234;RDF60;Humanities and the arts;0.1656009405851364;RDF50;Social sciences;0.16439248621463776;RDF201;Civil engineering, maritime engineering, transport engineering, and mining engineering;0.7637041211128235;RDF508;Media and communications;0.6981236934661865;RDF604;Arts (arts, history of arts, performing arts, music), architecture and design;0.49560558795928955;RDF101;Mathematics and statistics;0.2886192202568054;RDF601;History, archaeology and related studies;0.22601395845413208
727;Optimization of mechanically induced phase transformation at crack tip in metal for improved crack growth resistance (Materials and Chemical Engineering);RDF20-21;Engineering and technology;0.8534992337226868;RDF10;Natural sciences;0.04303612932562828;RDF30;Medical, health and life sciences;0.03876616060733795;RDF104;Chemical sciences;0.8196046948432922;RDF201;Civil engineering, maritime engineering, transport engineering, and mining engineering;0.7494083046913147;RDF103;Physical sciences;0.7076572775840759;RDF202;Industrial, systems and processes engineering;0.5875290036201477;RDF204;Mechanical engineering;0.5810059309005737
728;Investigating important but overlooked streptococcal agents of disease in production animals (Biological Systems and Functions);RDF40;Agricultural and veterinary sciences;0.34095367789268494;RDF10;Natural sciences;0.25919395685195923;RDF20-21;Engineering and technology;0.18724386394023895;RDF402;Animal and dairy sciences;0.9909096360206604;RDF106;Biological sciences;0.7992857694625854;RDF104;Chemical sciences;0.6961649060249329;RDF403;Veterinary sciences;0.6029386520385742;RDF404;Agricultural biotechnology and food sciences;0.46892741322517395
729;Adverse Drug Events and Medication Errors in adult Intensive Care Units (Health Services Evaluation & Interventions Research);RDF30;Medical, health and life sciences;0.8228507041931152;RDF20-21;Engineering and technology;0.06122956797480583;RDF50;Social sciences;0.04412354156374931;RDF303;Health sciences;0.9893988370895386;RDF104;Chemical sciences;0.7611392140388489;RDF302;Clinical medicine;0.6640638709068298;RDF301;Basic medicine and life sciences;0.6429511308670044;RDF106;Biological sciences;0.5914199948310852
730;Entre responsabilité professionnelle et devoir de prendre soin de soi - Mieux comprendre la multiplicité des expériences entourant le processus d'arrêt de travail et de retour à l'emploi chez les travailleuses de la santé et des services sociaux (Sociology, demography and related fields);RDF30;Medical, health and life sciences;0.35721686482429504;RDF50;Social sciences;0.350649893283844;RDF20-21;Engineering and technology;0.10600637644529343;RDF504;Sociology and related studies;0.8801805377006531;RDF303;Health sciences;0.6160122752189636;RDF501;Psychology and cognitive sciences;0.33190426230430603;RDF301;Basic medicine and life sciences;0.3085026443004608;RDF104;Chemical sciences;0.2620857059955597
731;Brain alterations and cognitive decline in obstructive sleep apnea;RDF30;Medical, health and life sciences;0.4798339903354645;RDF20-21;Engineering and technology;0.338926762342453;RDF60;Humanities and the arts;0.055734992027282715;RDF103;Physical sciences;0.9673177599906921;RDF302;Clinical medicine;0.9414929747581482;RDF303;Health sciences;0.888372004032135;RDF102;Computer and information sciences;0.8778961300849915;RDF501;Psychology and cognitive sciences;0.839799702167511
732;Methods and analytical tools to optimize patient flow (Civil, Industrial and Systems Engineering);RDF30;Medical, health and life sciences;0.4524655044078827;RDF20-21;Engineering and technology;0.38045644760131836;RDF40;Agricultural and veterinary sciences;0.06784668564796448;RDF302;Clinical medicine;0.8099533319473267;RDF301;Basic medicine and life sciences;0.7533759474754333;RDF303;Health sciences;0.7474316358566284;RDF201;Civil engineering, maritime engineering, transport engineering, and mining engineering;0.7325918078422546;RDF104;Chemical sciences;0.6578956842422485
733;Heterogeneity of interprofessional primary care teams and its effect on quality of care and health service use in older adults (Health Services Evaluation & Interventions Research);RDF30;Medical, health and life sciences;0.8316983580589294;RDF20-21;Engineering and technology;0.0494619756937027;RDF50;Social sciences;0.039089448750019073;RDF303;Health sciences;0.9892855286598206;RDF302;Clinical medicine;0.5628974437713623;RDF101;Mathematics and statistics;0.3482571542263031;RDF301;Basic medicine and life sciences;0.3346981406211853;RDF104;Chemical sciences;0.3051794171333313
734;Recul des gains d'espérance de vie au Canada depuis 2010 : la contribution de la mortalité par drogues, par maladies cardiovasculaires et le rôle catalyseur de la pandémie de COVID-19 (Sociology, demography and related fields);RDF30;Medical, health and life sciences;0.3986832797527313;RDF50;Social sciences;0.21075919270515442;RDF40;Agricultural and veterinary sciences;0.1396438181400299;RDF504;Sociology and related studies;0.8288695812225342;RDF301;Basic medicine and life sciences;0.5216843485832214;RDF101;Mathematics and statistics;0.5061947703361511;RDF303;Health sciences;0.29884934425354004;RDF507;Social and economic geography;0.22858673334121704
735;Canadian Network on Hepatitis C (CanHepC): From Discovery to Implementation (Hepatitis C Research);RDF30;Medical, health and life sciences;0.54686039686203;RDF20-21;Engineering and technology;0.20137524604797363;RDF40;Agricultural and veterinary sciences;0.1096329465508461;RDF303;Health sciences;0.8844391107559204;RDF102;Computer and information sciences;0.8672045469284058;RDF201;Civil engineering, maritime engineering, transport engineering, and mining engineering;0.8163331747055054;RDF604;Arts (arts, history of arts, performing arts, music), architecture and design;0.7823300957679749;RDF104;Chemical sciences;0.7226248979568481
736;Novel numerical simulation tools for the vulnerability assessment and rehabilitation of critical structures against the effects of floods and climate change;RDF20-21;Engineering and technology;0.7293234467506409;RDF40;Agricultural and veterinary sciences;0.08267119526863098;RDF10;Natural sciences;0.0808350220322609;RDF202;Industrial, systems and processes engineering;0.9474782943725586;RDF104;Chemical sciences;0.9122800230979919;RDF102;Computer and information sciences;0.9091032147407532;RDF201;Civil engineering, maritime engineering, transport engineering, and mining engineering;0.8618292212486267;RDF103;Physical sciences;0.8061668276786804
737;QUEST: Co-développer avec et pour les jeunes des connaissances sur la QUalité de leur Environnement psychoSocial de Travail;RDF20-21;Engineering and technology;0.5502251982688904;RDF50;Social sciences;0.22166074812412262;RDF40;Agricultural and veterinary sciences;0.07857382297515869;RDF503;Education;0.39975306391716003;RDF201;Civil engineering, maritime engineering, transport engineering, and mining engineering;0.38571444153785706;RDF509;Other social sciences;0.2286728173494339;RDF105;Earth and related environmental sciences;0.21975582838058472;RDF604;Arts (arts, history of arts, performing arts, music), architecture and design;0.21917033195495605
738;The effects of COVID-19 pandemics in sustainability controversies: new shades of green in the battery metals industry in Quebec;RDF20-21;Engineering and technology;0.6057339906692505;RDF10;Natural sciences;0.10174863785505295;RDF40;Agricultural and veterinary sciences;0.09692344069480896;RDF104;Chemical sciences;0.9207896590232849;RDF201;Civil engineering, maritime engineering, transport engineering, and mining engineering;0.8633340001106262;RDF604;Arts (arts, history of arts, performing arts, music), architecture and design;0.7962528467178345;RDF502;Economics and business administration;0.7581974267959595;RDF202;Industrial, systems and processes engineering;0.7359264492988586
739;From birth to adulthood: The role of age of cannabis use onset in the individual and environmental developmental pathways leading to substance use problems (Psychosocial, Sociocultural & Behavioural Determinants of Health);RDF30;Medical, health and life sciences;0.7315086126327515;RDF50;Social sciences;0.0914696678519249;RDF10;Natural sciences;0.07785706222057343;RDF501;Psychology and cognitive sciences;0.9302684664726257;RDF504;Sociology and related studies;0.8561521172523499;RDF301;Basic medicine and life sciences;0.5433327555656433;RDF303;Health sciences;0.45895490050315857;RDF302;Clinical medicine;0.4094790518283844
740;Creative Pedagogies for Ecological Transitions on the Shoreline;RDF20-21;Engineering and technology;0.2772647440433502;RDF50;Social sciences;0.21619772911071777;RDF40;Agricultural and veterinary sciences;0.1692817658185959;RDF105;Earth and related environmental sciences;0.8670358061790466;RDF106;Biological sciences;0.8543993234634399;RDF104;Chemical sciences;0.8092759847640991;RDF604;Arts (arts, history of arts, performing arts, music), architecture and design;0.8065099716186523;RDF503;Education;0.7260372638702393
741;Contribution of the NKG2D pathway to multiple sclerosis (Molecular & Cellular Neurosciences);RDF20-21;Engineering and technology;0.4766724705696106;RDF30;Medical, health and life sciences;0.3890487253665924;RDF40;Agricultural and veterinary sciences;0.04999618977308273;RDF106;Biological sciences;0.8704321980476379;RDF301;Basic medicine and life sciences;0.7381975054740906;RDF103;Physical sciences;0.5291873812675476;RDF201;Civil engineering, maritime engineering, transport engineering, and mining engineering;0.48331305384635925;RDF302;Clinical medicine;0.4119645059108734
742;Pregnancy and COVID-19 hospitalization in Quebec (Public, Community & Population Health);RDF30;Medical, health and life sciences;0.5817610621452332;RDF20-21;Engineering and technology;0.14396575093269348;RDF40;Agricultural and veterinary sciences;0.09308753162622452;RDF303;Health sciences;0.94629967212677;RDF104;Chemical sciences;0.7781439423561096;RDF302;Clinical medicine;0.7540104985237122;RDF604;Arts (arts, history of arts, performing arts, music), architecture and design;0.654687762260437;RDF201;Civil engineering, maritime engineering, transport engineering, and mining engineering;0.5525246262550354
743;La musique est-elle une prière? (Fine Arts, Research-Creation);RDF60;Humanities and the arts;0.6301406025886536;RDF20-21;Engineering and technology;0.16380110383033752;RDF40;Agricultural and veterinary sciences;0.05889909341931343;RDF604;Arts (arts, history of arts, performing arts, music), architecture and design;0.9377260208129883;RDF503;Education;0.6972482800483704;RDF201;Civil engineering, maritime engineering, transport engineering, and mining engineering;0.41838496923446655;RDF601;History, archaeology and related studies;0.2954839766025543;RDF102;Computer and information sciences;0.24567270278930664
744;A multi-site, prospective study of the role of emotional competence in (mal)adaptive functioning among university students exposed to sexual violence (Psychology);RDF50;Social sciences;0.5620454549789429;RDF30;Medical, health and life sciences;0.18816973268985748;RDF20-21;Engineering and technology;0.08200482279062271;RDF501;Psychology and cognitive sciences;0.8880811333656311;RDF503;Education;0.1924634724855423;RDF201;Civil engineering, maritime engineering, transport engineering, and mining engineering;0.1184360608458519;RDF604;Arts (arts, history of arts, performing arts, music), architecture and design;0.1059020385146141;RDF301;Basic medicine and life sciences;0.09807933121919632
745;Effets d'une intervention musicale personnalisée sur les répercussions de la COVID-19 en santé mentale des personnes âgées;RDF30;Medical, health and life sciences;0.37707212567329407;RDF60;Humanities and the arts;0.32339420914649963;RDF50;Social sciences;0.15101775527000427;RDF604;Arts (arts, history of arts, performing arts, music), architecture and design;0.9401336312294006;RDF303;Health sciences;0.9076401591300964;RDF501;Psychology and cognitive sciences;0.8629879355430603;RDF504;Sociology and related studies;0.7273948788642883;RDF509;Other social sciences;0.589324951171875
746;Redox regulation of the antiviral response : role of oxidative post-translational modifications of MAVS (Virology & Viral Pathogenesis);RDF30;Medical, health and life sciences;0.38058099150657654;RDF20-21;Engineering and technology;0.3100150525569916;RDF10;Natural sciences;0.1305973380804062;RDF301;Basic medicine and life sciences;0.9372681975364685;RDF104;Chemical sciences;0.9092242121696472;RDF102;Computer and information sciences;0.8610715270042419;RDF106;Biological sciences;0.7674720883369446;RDF302;Clinical medicine;0.6443929076194763
747;The role of UCH family deubiquitinases in T cell biology (Genes, Cells and Molecules);RDF10;Natural sciences;0.4547828733921051;RDF30;Medical, health and life sciences;0.18969745934009552;RDF40;Agricultural and veterinary sciences;0.1605936735868454;RDF106;Biological sciences;0.9626380205154419;RDF301;Basic medicine and life sciences;0.8880811929702759;RDF103;Physical sciences;0.8723474144935608;RDF104;Chemical sciences;0.8687711358070374;RDF202;Industrial, systems and processes engineering;0.5342480540275574
748;A high temperature upgrade for the twin-screw extruder to process high-performance hybrid PEEK-based formulations and other engineering polymer-based (PEI, PPSU, etc.) systems (Materials and Chemical Engineering);RDF20-21;Engineering and technology;0.8849137425422668;RDF40;Agricultural and veterinary sciences;0.042204272001981735;RDF10;Natural sciences;0.04138796776533127;RDF104;Chemical sciences;0.7857199311256409;RDF202;Industrial, systems and processes engineering;0.6467530727386475;RDF205;Chemical engineering;0.32364723086357117;RDF206;Materials engineering and resources engineering;0.24059611558914185;RDF103;Physical sciences;0.16681107878684998
749;Single-cell approaches to characterize and target the cellular reservoirs of HIV infection (Virology & Viral Pathogenesis);RDF30;Medical, health and life sciences;0.5681160688400269;RDF20-21;Engineering and technology;0.16239090263843536;RDF10;Natural sciences;0.10163404047489166;RDF106;Biological sciences;0.9474783539772034;RDF303;Health sciences;0.8996515870094299;RDF301;Basic medicine and life sciences;0.8287309408187866;RDF104;Chemical sciences;0.7526949048042297;RDF302;Clinical medicine;0.6448543667793274
750;Impact of transient neonatal hyperoxia on skeletal muscle development: Relevance for impaired exercise capacity after preterm birth (Clinical Investigation – Reproduction, Maternal, Child and Youth Health);RDF30;Medical, health and life sciences;0.8849045038223267;RDF20-21;Engineering and technology;0.04451087862253189;RDF10;Natural sciences;0.026826387271285057;RDF302;Clinical medicine;0.9641867876052856;RDF303;Health sciences;0.9343951344490051;RDF301;Basic medicine and life sciences;0.7834919095039368;RDF104;Chemical sciences;0.4119533896446228;RDF106;Biological sciences;0.3763938844203949
751;Le développement de la compétence de collaboration interprofessionnelle : perception des membres d'une équipe de professionnels en exercice de la dynamique de coaction (Education and social work);RDF50;Social sciences;0.3811762034893036;RDF20-21;Engineering and technology;0.34323087334632874;RDF40;Agricultural and veterinary sciences;0.09600070118904114;RDF503;Education;0.8743993639945984;RDF104;Chemical sciences;0.47324639558792114;RDF201;Civil engineering, maritime engineering, transport engineering, and mining engineering;0.3111128509044647;RDF102;Computer and information sciences;0.2876177430152893;RDF301;Basic medicine and life sciences;0.23065972328186035
752;Agreeing to Disagree: Incentives and Innovation in Dynamic Settings (Economics);RDF50;Social sciences;0.39769574999809265;RDF20-21;Engineering and technology;0.3354252874851227;RDF40;Agricultural and veterinary sciences;0.10427840054035187;RDF502;Economics and business administration;0.9674102663993835;RDF201;Civil engineering, maritime engineering, transport engineering, and mining engineering;0.7886238694190979;RDF104;Chemical sciences;0.7539651393890381;RDF604;Arts (arts, history of arts, performing arts, music), architecture and design;0.5386343598365784;RDF202;Industrial, systems and processes engineering;0.5150406360626221
753;"L'enfance du ""mauvais genre"". Une sociologie de la non-conformité de genre durant l'enfance en France et au Québec (Sociology, demography and related fields)";RDF50;Social sciences;0.3136652708053589;RDF20-21;Engineering and technology;0.1984066218137741;RDF40;Agricultural and veterinary sciences;0.1405540406703949;RDF504;Sociology and related studies;0.8845887780189514;RDF509;Other social sciences;0.3566987216472626;RDF501;Psychology and cognitive sciences;0.34317660331726074;RDF107;Other natural sciences;0.2556687295436859;RDF305;Other medical sciences;0.18337415158748627
754;Engineering Sustainable and Inclusive Streets for the 30-Min City;RDF20-21;Engineering and technology;0.8453484177589417;RDF50;Social sciences;0.038059964776039124;RDF40;Agricultural and veterinary sciences;0.03635255619883537;RDF201;Civil engineering, maritime engineering, transport engineering, and mining engineering;0.8142374753952026;RDF202;Industrial, systems and processes engineering;0.8140897750854492;RDF102;Computer and information sciences;0.5260688662528992;RDF104;Chemical sciences;0.3847098648548126;RDF208;Environmental engineering and related engineering;0.22686925530433655
755;Les incidences de l'architecture logicielle des tribunaux en ligne sur l'accès à la justice (Law and criminology);RDF20-21;Engineering and technology;0.6231705546379089;RDF50;Social sciences;0.1620090752840042;RDF10;Natural sciences;0.06913698464632034;RDF102;Computer and information sciences;0.9617140293121338;RDF505;Law and legal practice;0.7418143153190613;RDF201;Civil engineering, maritime engineering, transport engineering, and mining engineering;0.47487470507621765;RDF203;Electrical engineering, computer engineering, and information engineering;0.3579041063785553;RDF604;Arts (arts, history of arts, performing arts, music), architecture and design;0.19907432794570923
756;Incorporating rich micro-level distributions and dynamics in models with heterogenous firms: method, lessons and applications;RDF20-21;Engineering and technology;0.2798279821872711;RDF40;Agricultural and veterinary sciences;0.2554090619087219;RDF10;Natural sciences;0.22897516191005707;RDF102;Computer and information sciences;0.9606943726539612;RDF502;Economics and business administration;0.9531879425048828;RDF202;Industrial, systems and processes engineering;0.9527503252029419;RDF104;Chemical sciences;0.930647611618042;RDF103;Physical sciences;0.8916224837303162
757;Inhabiting altered worlds: sensory experiences following traumatic brain injuries (Mutidisciplinary or interdisciplinary social sciences);RDF50;Social sciences;0.5468971133232117;RDF20-21;Engineering and technology;0.17514054477214813;RDF60;Humanities and the arts;0.09925752133131027;RDF201;Civil engineering, maritime engineering, transport engineering, and mining engineering;0.6365154981613159;RDF504;Sociology and related studies;0.5864529013633728;RDF604;Arts (arts, history of arts, performing arts, music), architecture and design;0.5341569185256958;RDF501;Psychology and cognitive sciences;0.27860012650489807;RDF509;Other social sciences;0.255158007144928
758;Microtubule alterations in progressive supranuclear palsy;RDF30;Medical, health and life sciences;0.46408382058143616;RDF20-21;Engineering and technology;0.3463967442512512;RDF10;Natural sciences;0.06689026951789856;RDF103;Physical sciences;0.9674102663993835;RDF302;Clinical medicine;0.9340952038764954;RDF104;Chemical sciences;0.9318356513977051;RDF106;Biological sciences;0.8838890790939331;RDF202;Industrial, systems and processes engineering;0.7116312980651855
759;Improving reproducibility in MRI with vendor-neutral acquisitions and transparent workflows;RDF30;Medical, health and life sciences;0.7007702589035034;RDF20-21;Engineering and technology;0.13839469850063324;RDF40;Agricultural and veterinary sciences;0.08147731423377991;RDF303;Health sciences;0.9608415961265564;RDF202;Industrial, systems and processes engineering;0.9178565740585327;RDF302;Clinical medicine;0.9166707396507263;RDF102;Computer and information sciences;0.8434443473815918;RDF201;Civil engineering, maritime engineering, transport engineering, and mining engineering;0.8199654221534729
760;Investigation of Metal Organic Frameworks for Renewable Energy Electrocatalysis (Chemistry);RDF20-21;Engineering and technology;0.7190533876419067;RDF10;Natural sciences;0.09589819610118866;RDF40;Agricultural and veterinary sciences;0.08475392311811447;RDF104;Chemical sciences;0.9823046922683716;RDF205;Chemical engineering;0.8729984164237976;RDF202;Industrial, systems and processes engineering;0.6778206825256348;RDF201;Civil engineering, maritime engineering, transport engineering, and mining engineering;0.5768548846244812;RDF105;Earth and related environmental sciences;0.3478970229625702
761;FLUIDELELASTIC INSTABILITY, VORTEX-INDUCED VIBRATION AND SYMMETRY BREAKING IN HELICAL ARRAYS OF CYLINDERS SUBJECTED TO CROSS-FLOW (Mechanical Engineering);RDF20-21;Engineering and technology;0.8561410307884216;RDF10;Natural sciences;0.066666379570961;RDF40;Agricultural and veterinary sciences;0.0357886366546154;RDF204;Mechanical engineering;0.997607946395874;RDF103;Physical sciences;0.9217811226844788;RDF104;Chemical sciences;0.8661890625953674;RDF105;Earth and related environmental sciences;0.5708790421485901;RDF301;Basic medicine and life sciences;0.2585599422454834
762;4D spheroids identify type I protein arginine methyltransferases as a target in NSCLC (Cancer Biology & Therapeutics);RDF30;Medical, health and life sciences;0.3035803437232971;RDF20-21;Engineering and technology;0.3034321367740631;RDF10;Natural sciences;0.25953924655914307;RDF301;Basic medicine and life sciences;0.9374975562095642;RDF104;Chemical sciences;0.928083598613739;RDF106;Biological sciences;0.8918581604957581;RDF103;Physical sciences;0.7121320962905884;RDF303;Health sciences;0.40734073519706726
763;New perspectives on job search and labour markets;RDF20-21;Engineering and technology;0.6051678657531738;RDF40;Agricultural and veterinary sciences;0.1161770448088646;RDF50;Social sciences;0.101034976541996;RDF503;Education;0.9425596594810486;RDF201;Civil engineering, maritime engineering, transport engineering, and mining engineering;0.9386322498321533;RDF202;Industrial, systems and processes engineering;0.9302050471305847;RDF502;Economics and business administration;0.8810531497001648;RDF604;Arts (arts, history of arts, performing arts, music), architecture and design;0.6363954544067383
764;Long time evolution of complex materials : algorithmic developments and applications to metals, semiconductors and proteins (Physics);RDF20-21;Engineering and technology;0.7537974119186401;RDF10;Natural sciences;0.18758919835090637;RDF40;Agricultural and veterinary sciences;0.02210550755262375;RDF103;Physical sciences;0.9984115362167358;RDF102;Computer and information sciences;0.7500496506690979;RDF104;Chemical sciences;0.7499580383300781;RDF202;Industrial, systems and processes engineering;0.5118995904922485;RDF201;Civil engineering, maritime engineering, transport engineering, and mining engineering;0.4284052848815918
765;L'héritage de Pierre Elliott Trudeau;RDF20-21;Engineering and technology;0.41762495040893555;RDF60;Humanities and the arts;0.20094816386699677;RDF30;Medical, health and life sciences;0.1351863443851471;RDF601;History, archaeology and related studies;0.9293122291564941;RDF104;Chemical sciences;0.9109819531440735;RDF604;Arts (arts, history of arts, performing arts, music), architecture and design;0.9010098576545715;RDF201;Civil engineering, maritime engineering, transport engineering, and mining engineering;0.8584814071655273;RDF103;Physical sciences;0.8354835510253906
766;A new adaptive-neuroprosthetic treatment to shape post-stroke plasticity and facilitate motor recovery (Biological Systems and Functions);RDF30;Medical, health and life sciences;0.394416868686676;RDF20-21;Engineering and technology;0.3785668909549713;RDF10;Natural sciences;0.16139483451843262;RDF106;Biological sciences;0.9499022364616394;RDF302;Clinical medicine;0.928732693195343;RDF301;Basic medicine and life sciences;0.9274947643280029;RDF303;Health sciences;0.852260410785675;RDF207;Medical and biomedical engineering;0.8128673434257507
767;Une scène élargie, délocalisée et asynchrone : les reconfigurations technologiques de la salle de spectacle au temps du confinement;RDF20-21;Engineering and technology;0.7077888250350952;RDF60;Humanities and the arts;0.08540457487106323;RDF40;Agricultural and veterinary sciences;0.058240856975317;RDF604;Arts (arts, history of arts, performing arts, music), architecture and design;0.8443448543548584;RDF201;Civil engineering, maritime engineering, transport engineering, and mining engineering;0.4390106499195099;RDF203;Electrical engineering, computer engineering, and information engineering;0.1994638890028;RDF103;Physical sciences;0.1898963898420334;RDF102;Computer and information sciences;0.14780102670192719
768;Centre de recherches mathématiques (CRM);RDF20-21;Engineering and technology;0.3331521153450012;RDF30;Medical, health and life sciences;0.19847336411476135;RDF10;Natural sciences;0.1940651535987854;RDF101;Mathematics and statistics;0.9759005904197693;RDF102;Computer and information sciences;0.9428760409355164;RDF104;Chemical sciences;0.9289263486862183;RDF105;Earth and related environmental sciences;0.9265699982643127;RDF202;Industrial, systems and processes engineering;0.904944896697998
769;Application of a brief digital screening tool to address parental and adolescent tobacco and electronic cigarette use in pediatric medical care (Health Services Evaluation & Interventions Research);RDF30;Medical, health and life sciences;0.7630507349967957;RDF20-21;Engineering and technology;0.12747187912464142;RDF40;Agricultural and veterinary sciences;0.033591654151678085;RDF303;Health sciences;0.9831498861312866;RDF302;Clinical medicine;0.9734939336776733;RDF301;Basic medicine and life sciences;0.5544403195381165;RDF104;Chemical sciences;0.3322291374206543;RDF305;Other medical sciences;0.15720152854919434
770;Hybrid Manufacturing: Digital Machining of Flexible Parts Manufactured with Directed Energy Deposition (DED) Method;RDF20-21;Engineering and technology;0.7765198349952698;RDF40;Agricultural and veterinary sciences;0.0765487402677536;RDF30;Medical, health and life sciences;0.04410874843597412;RDF202;Industrial, systems and processes engineering;0.9598750472068787;RDF204;Mechanical engineering;0.9322068691253662;RDF102;Computer and information sciences;0.8485961556434631;RDF104;Chemical sciences;0.728168785572052;RDF201;Civil engineering, maritime engineering, transport engineering, and mining engineering;0.6947947144508362
771;Design and management of smart last-mile delivery systems;RDF20-21;Engineering and technology;0.4221765100955963;RDF30;Medical, health and life sciences;0.29415163397789;RDF40;Agricultural and veterinary sciences;0.14210359752178192;RDF102;Computer and information sciences;0.9826576709747314;RDF202;Industrial, systems and processes engineering;0.9552774429321289;RDF201;Civil engineering, maritime engineering, transport engineering, and mining engineering;0.9370381832122803;RDF303;Health sciences;0.7107788920402527;RDF104;Chemical sciences;0.5315133333206177
772;Food Delocalization in Literary Studies: A Saccharine Aesthetic From the Ruins of Empire (Literature);RDF60;Humanities and the arts;0.5457624793052673;RDF40;Agricultural and veterinary sciences;0.17598681151866913;RDF50;Social sciences;0.09387180209159851;RDF604;Arts (arts, history of arts, performing arts, music), architecture and design;0.8715295791625977;RDF503;Education;0.858065664768219;RDF602;Languages and literature;0.744145393371582;RDF104;Chemical sciences;0.6998957991600037;RDF601;History, archaeology and related studies;0.6681228280067444
773;Optimal Climate Policy Mix for Canada: Insights from a Multi-Model Approach;RDF20-21;Engineering and technology;0.3130128085613251;RDF40;Agricultural and veterinary sciences;0.23984882235527039;RDF50;Social sciences;0.17279879748821259;RDF104;Chemical sciences;0.7423750162124634;RDF201;Civil engineering, maritime engineering, transport engineering, and mining engineering;0.7250162959098816;RDF105;Earth and related environmental sciences;0.696526288986206;RDF502;Economics and business administration;0.5700021982192993;RDF506;Political science and policy administration;0.5327897667884827
774;La production de recherche au Canada: facteurs individuels, institutionnels et systémiques (Education and social work);RDF50;Social sciences;0.3054065704345703;RDF20-21;Engineering and technology;0.3054065704345703;RDF60;Humanities and the arts;0.24893109500408173;RDF503;Education;0.9311501383781433;RDF604;Arts (arts, history of arts, performing arts, music), architecture and design;0.7320175170898438;RDF201;Civil engineering, maritime engineering, transport engineering, and mining engineering;0.5882166624069214;RDF104;Chemical sciences;0.40526485443115234;RDF301;Basic medicine and life sciences;0.2046596258878708
775;Soutenir la Professionnalisation dans les ORganismes sporTifs (SPORT);RDF20-21;Engineering and technology;0.5489382743835449;RDF40;Agricultural and veterinary sciences;0.170593723654747;RDF50;Social sciences;0.11531681567430496;RDF201;Civil engineering, maritime engineering, transport engineering, and mining engineering;0.6974543929100037;RDF604;Arts (arts, history of arts, performing arts, music), architecture and design;0.43626174330711365;RDF104;Chemical sciences;0.10266400873661041;RDF105;Earth and related environmental sciences;0.10052486509084702;RDF301;Basic medicine and life sciences;0.08842591196298599
776;Identifying innovative responses to problematic gambling among LGBTQ2S+ communities in Canada - A mixed-methods study (Health Impacts of Gambling and Gaming);RDF30;Medical, health and life sciences;0.385585218667984;RDF50;Social sciences;0.2567140758037567;RDF20-21;Engineering and technology;0.16433681547641754;RDF501;Psychology and cognitive sciences;0.6446726322174072;RDF504;Sociology and related studies;0.6175847053527832;RDF509;Other social sciences;0.33355745673179626;RDF102;Computer and information sciences;0.2676473557949066;RDF305;Other medical sciences;0.20513692498207092
777;Intensification and control of cell culture processes (Materials and Chemical Engineering);RDF20-21;Engineering and technology;0.48840802907943726;RDF30;Medical, health and life sciences;0.2187497764825821;RDF40;Agricultural and veterinary sciences;0.15599027276039124;RDF106;Biological sciences;0.9179301857948303;RDF104;Chemical sciences;0.8818694949150085;RDF103;Physical sciences;0.7791118621826172;RDF301;Basic medicine and life sciences;0.7585553526878357;RDF201;Civil engineering, maritime engineering, transport engineering, and mining engineering;0.7005876302719116
778;Les priorités des citoyens quant aux politiques de santé et à l'État-providence (Political science and public administration);RDF50;Social sciences;0.258634477853775;RDF30;Medical, health and life sciences;0.22846713662147522;RDF20-21;Engineering and technology;0.21452024579048157;RDF506;Political science and policy administration;0.8542777895927429;RDF201;Civil engineering, maritime engineering, transport engineering, and mining engineering;0.6451827883720398;RDF301;Basic medicine and life sciences;0.5559174418449402;RDF303;Health sciences;0.4220356047153473;RDF106;Biological sciences;0.1784542351961136
779;Cyberrange pour soutenir les tests de cybersécurité et de cyberrésilience pour les infrastructures critiques;RDF20-21;Engineering and technology;0.41408300399780273;RDF40;Agricultural and veterinary sciences;0.2351323366165161;RDF50;Social sciences;0.10252127796411514;RDF102;Computer and information sciences;0.9004422426223755;RDF201;Civil engineering, maritime engineering, transport engineering, and mining engineering;0.7362583875656128;RDF203;Electrical engineering, computer engineering, and information engineering;0.32863712310791016;RDF104;Chemical sciences;0.2158461958169937;RDF202;Industrial, systems and processes engineering;0.16988734900951385
780;New electrochemical materials breakthrough for energy applications (Materials and Chemical Engineering);RDF20-21;Engineering and technology;0.7799041271209717;RDF40;Agricultural and veterinary sciences;0.06572886556386948;RDF30;Medical, health and life sciences;0.05348939821124077;RDF104;Chemical sciences;0.8276192545890808;RDF201;Civil engineering, maritime engineering, transport engineering, and mining engineering;0.6247336268424988;RDF202;Industrial, systems and processes engineering;0.5783737897872925;RDF103;Physical sciences;0.5628974437713623;RDF206;Materials engineering and resources engineering;0.38315072655677795
781;Nonequilibrium Group IV Semiconductor Heterostructures;RDF20-21;Engineering and technology;0.5865144729614258;RDF40;Agricultural and veterinary sciences;0.12783749401569366;RDF50;Social sciences;0.08189576864242554;RDF104;Chemical sciences;0.948775053024292;RDF202;Industrial, systems and processes engineering;0.9271657466888428;RDF102;Computer and information sciences;0.9246196746826172;RDF103;Physical sciences;0.9144054055213928;RDF201;Civil engineering, maritime engineering, transport engineering, and mining engineering;0.628970205783844
782;Developmental Trajectories in ARID1B-Related Disorders - a Multi-Method Multi-Site Prospective Natural History Study;RDF30;Medical, health and life sciences;0.32731759548187256;RDF20-21;Engineering and technology;0.2649485766887665;RDF10;Natural sciences;0.18620990216732025;RDF106;Biological sciences;0.771111786365509;RDF301;Basic medicine and life sciences;0.6509805917739868;RDF501;Psychology and cognitive sciences;0.5849557518959045;RDF103;Physical sciences;0.4441814422607422;RDF604;Arts (arts, history of arts, performing arts, music), architecture and design;0.43584150075912476
783;Mechanisms regulating mRNA localization and localized translation (Genes, Cells and Molecules);RDF20-21;Engineering and technology;0.5731109976768494;RDF30;Medical, health and life sciences;0.13347658514976501;RDF40;Agricultural and veterinary sciences;0.10106135159730911;RDF106;Biological sciences;0.9440737962722778;RDF104;Chemical sciences;0.8946975469589233;RDF103;Physical sciences;0.8699357509613037;RDF202;Industrial, systems and processes engineering;0.7549601793289185;RDF301;Basic medicine and life sciences;0.6103046536445618
784;Dévoiler les tactiques stratégiques de communication pour le changement social : Une exploration approfondie de l'agentivité des responsables des communications et des publics dans la lutte contre les inégalités raciales;RDF50;Social sciences;0.5113311409950256;RDF20-21;Engineering and technology;0.15889683365821838;RDF40;Agricultural and veterinary sciences;0.10772517323493958;RDF508;Media and communications;0.9114953279495239;RDF504;Sociology and related studies;0.9006608724594116;RDF509;Other social sciences;0.5042113065719604;RDF506;Political science and policy administration;0.23183155059814453;RDF507;Social and economic geography;0.16458359360694885
785;Que font les luttes écologistes à la protestation sociale ? Analyse comparée multi-échelles au Canada, en France et aux Pays-Bas (Political science and public administration);RDF50;Social sciences;0.389274924993515;RDF20-21;Engineering and technology;0.16620329022407532;RDF40;Agricultural and veterinary sciences;0.1609325110912323;RDF506;Political science and policy administration;0.5533996820449829;RDF504;Sociology and related studies;0.3260568082332611;RDF201;Civil engineering, maritime engineering, transport engineering, and mining engineering;0.09662052243947983;RDF301;Basic medicine and life sciences;0.06822642683982849;RDF105;Earth and related environmental sciences;0.06566473096609116
786;Maturation of microRNAs targeting alpha-synuclein (Molecular & Cellular Neurosciences);RDF20-21;Engineering and technology;0.7095000147819519;RDF30;Medical, health and life sciences;0.10877878963947296;RDF40;Agricultural and veterinary sciences;0.06516126543283463;RDF106;Biological sciences;0.8798711895942688;RDF202;Industrial, systems and processes engineering;0.5374966263771057;RDF201;Civil engineering, maritime engineering, transport engineering, and mining engineering;0.5249426364898682;RDF301;Basic medicine and life sciences;0.44134944677352905;RDF604;Arts (arts, history of arts, performing arts, music), architecture and design;0.3041449785232544
787;Privatization, innovation and idiosyncratic volatility: The role of ownership structure and information content;RDF20-21;Engineering and technology;0.3628007769584656;RDF50;Social sciences;0.24327203631401062;RDF40;Agricultural and veterinary sciences;0.1727190464735031;RDF502;Economics and business administration;0.9720456600189209;RDF202;Industrial, systems and processes engineering;0.9036348462104797;RDF102;Computer and information sciences;0.8651670813560486;RDF104;Chemical sciences;0.8415653705596924;RDF201;Civil engineering, maritime engineering, transport engineering, and mining engineering;0.8082942962646484
788;Thermodynamic and physical property models for the production of greener aluminum alloys;RDF20-21;Engineering and technology;0.647287905216217;RDF10;Natural sciences;0.15578468143939972;RDF40;Agricultural and veterinary sciences;0.07618333399295807;RDF104;Chemical sciences;0.970991849899292;RDF103;Physical sciences;0.9682914018630981;RDF202;Industrial, systems and processes engineering;0.9500877857208252;RDF201;Civil engineering, maritime engineering, transport engineering, and mining engineering;0.6888087391853333;RDF204;Mechanical engineering;0.5847084522247314
789;Contextual factors predicting feasibility and impact of preventive mental health interventions across Canada;RDF30;Medical, health and life sciences;0.5292595624923706;RDF50;Social sciences;0.13806560635566711;RDF20-21;Engineering and technology;0.11688903719186783;RDF303;Health sciences;0.8534858822822571;RDF201;Civil engineering, maritime engineering, transport engineering, and mining engineering;0.6721433997154236;RDF604;Arts (arts, history of arts, performing arts, music), architecture and design;0.4998779594898224;RDF104;Chemical sciences;0.3807733356952667;RDF501;Psychology and cognitive sciences;0.3552434742450714
790;Between precarity and hospitality: The contentious spaces of migration in North America's borderlands (Geography, urban planning and related fields);RDF20-21;Engineering and technology;0.41807982325553894;RDF50;Social sciences;0.20449712872505188;RDF40;Agricultural and veterinary sciences;0.12747211754322052;RDF201;Civil engineering, maritime engineering, transport engineering, and mining engineering;0.8620035648345947;RDF105;Earth and related environmental sciences;0.5173270106315613;RDF507;Social and economic geography;0.45510777831077576;RDF604;Arts (arts, history of arts, performing arts, music), architecture and design;0.451825350522995;RDF504;Sociology and related studies;0.34229665994644165
791;Ecological change and the dynamics of zoonotic disease (Biological Systems and Functions);RDF30;Medical, health and life sciences;0.3082399070262909;RDF10;Natural sciences;0.3074882924556732;RDF40;Agricultural and veterinary sciences;0.1726432740688324;RDF106;Biological sciences;0.9065290689468384;RDF301;Basic medicine and life sciences;0.8110781311988831;RDF201;Civil engineering, maritime engineering, transport engineering, and mining engineering;0.7183228135108948;RDF104;Chemical sciences;0.7083134651184082;RDF105;Earth and related environmental sciences;0.552237868309021
792;NÉONUM : infrastructure de veille pour la néologie en français québécois (Anthropology, archaeology, linguistics and translation);RDF20-21;Engineering and technology;0.383602112531662;RDF60;Humanities and the arts;0.34057942032814026;RDF40;Agricultural and veterinary sciences;0.08491155505180359;RDF301;Basic medicine and life sciences;0.6325754523277283;RDF601;History, archaeology and related studies;0.5176318287849426;RDF104;Chemical sciences;0.509337306022644;RDF105;Earth and related environmental sciences;0.3734258711338043;RDF103;Physical sciences;0.30811217427253723
793;Detailed bulk composition analysis of extrasolar objects accreted at the surface of white dwarf stars (Physics);RDF10;Natural sciences;0.5837991237640381;RDF20-21;Engineering and technology;0.28315237164497375;RDF40;Agricultural and veterinary sciences;0.05685222148895264;RDF103;Physical sciences;0.9950079917907715;RDF104;Chemical sciences;0.6880755424499512;RDF201;Civil engineering, maritime engineering, transport engineering, and mining engineering;0.5833888053894043;RDF105;Earth and related environmental sciences;0.39459455013275146;RDF101;Mathematics and statistics;0.16885696351528168
794;Atmospheric measurements and modeling studies to improve understanding of organic and mineral dust aerosols in northern Canada (Chemistry);RDF20-21;Engineering and technology;0.5191088914871216;RDF10;Natural sciences;0.3945317268371582;RDF40;Agricultural and veterinary sciences;0.04616360366344452;RDF105;Earth and related environmental sciences;0.984001636505127;RDF104;Chemical sciences;0.9826576113700867;RDF205;Chemical engineering;0.865053117275238;RDF103;Physical sciences;0.8082185983657837;RDF201;Civil engineering, maritime engineering, transport engineering, and mining engineering;0.6110592484474182
795;Réfléchir et agir dans l'urgence : l'influence des éléments contextuels sur le processus de jugement et de décision d'infirmier(ère)s (Psychology, linguistics and translation);RDF30;Medical, health and life sciences;0.7265453338623047;RDF20-21;Engineering and technology;0.1211514100432396;RDF50;Social sciences;0.0582285113632679;RDF303;Health sciences;0.9862443804740906;RDF501;Psychology and cognitive sciences;0.9635406136512756;RDF302;Clinical medicine;0.7282171249389648;RDF301;Basic medicine and life sciences;0.6994084715843201;RDF104;Chemical sciences;0.40415462851524353
796;Interdisciplinary studies of decision-making and motor planning (Biological Systems and Functions);RDF20-21;Engineering and technology;0.3093391954898834;RDF30;Medical, health and life sciences;0.20531107485294342;RDF10;Natural sciences;0.17595520615577698;RDF201;Civil engineering, maritime engineering, transport engineering, and mining engineering;0.6652474999427795;RDF106;Biological sciences;0.43068602681159973;RDF503;Education;0.2963486909866333;RDF202;Industrial, systems and processes engineering;0.19582466781139374;RDF104;Chemical sciences;0.14051306247711182
797;Data-driven theory : adversarial immunodynamics, modelling and machine learning for engineered lymphocytes in the context of cancer immunotherapy;RDF30;Medical, health and life sciences;0.42454108595848083;RDF20-21;Engineering and technology;0.4130898416042328;RDF10;Natural sciences;0.10202599316835403;RDF301;Basic medicine and life sciences;0.9240732789039612;RDF106;Biological sciences;0.9154694676399231;RDF103;Physical sciences;0.8678218722343445;RDF102;Computer and information sciences;0.8479677438735962;RDF104;Chemical sciences;0.7861717343330383
798;Program for the Development of a Novel Methodology for the Design of Energy Efficient Biorefineries and Industrial Systems (Materials and Chemical Engineering);RDF20-21;Engineering and technology;0.7780748605728149;RDF40;Agricultural and veterinary sciences;0.08725496381521225;RDF10;Natural sciences;0.07322533428668976;RDF202;Industrial, systems and processes engineering;0.8550662398338318;RDF104;Chemical sciences;0.8418256044387817;RDF201;Civil engineering, maritime engineering, transport engineering, and mining engineering;0.5986527800559998;RDF106;Biological sciences;0.49350008368492126;RDF206;Materials engineering and resources engineering;0.46447643637657166
799;Underlying neurophysiological mechanisms of non-arthritic chronic painful conditions in cats (Biological Systems and Functions);RDF10;Natural sciences;0.35694819688796997;RDF30;Medical, health and life sciences;0.35210123658180237;RDF20-21;Engineering and technology;0.1605360209941864;RDF402;Animal and dairy sciences;0.9705206155776978;RDF106;Biological sciences;0.968171238899231;RDF301;Basic medicine and life sciences;0.9085367321968079;RDF403;Veterinary sciences;0.8663023114204407;RDF103;Physical sciences;0.6735138893127441
800;Influence of folded foliations on the mechanical behavior of rock masses and rock engineering structures;RDF20-21;Engineering and technology;0.41188958287239075;RDF10;Natural sciences;0.31812822818756104;RDF40;Agricultural and veterinary sciences;0.13712620735168457;RDF105;Earth and related environmental sciences;0.9415467381477356;RDF103;Physical sciences;0.9402434229850769;RDF104;Chemical sciences;0.9361684322357178;RDF202;Industrial, systems and processes engineering;0.924210250377655;RDF204;Mechanical engineering;0.8190264701843262
801;The Th17 Master Regulator RORC2 as a New Target for HIV Immune Therapy and Cure Strategy (Virology & Viral Pathogenesis);RDF20-21;Engineering and technology;0.42789188027381897;RDF30;Medical, health and life sciences;0.3640348017215729;RDF40;Agricultural and veterinary sciences;0.07656709849834442;RDF303;Health sciences;0.88373863697052;RDF104;Chemical sciences;0.8782620429992676;RDF301;Basic medicine and life sciences;0.7845667600631714;RDF102;Computer and information sciences;0.6453015208244324;RDF106;Biological sciences;0.5860657691955566
802;Language Acquisition and Processing in Teen and Adult L1 and L2 (Linguistics and translation);RDF50;Social sciences;0.4285084307193756;RDF60;Humanities and the arts;0.26600196957588196;RDF20-21;Engineering and technology;0.12725578248500824;RDF503;Education;0.9696994423866272;RDF602;Languages and literature;0.5319692492485046;RDF604;Arts (arts, history of arts, performing arts, music), architecture and design;0.5311789512634277;RDF201;Civil engineering, maritime engineering, transport engineering, and mining engineering;0.351811945438385;RDF301;Basic medicine and life sciences;0.1938331425189972
803;COVID-19 Étude des capacités offertes par les nouvelles formes de regroupements et d'associations d'artistes dans la sortie de crise et le redéploiement des arts à Montréal;RDF60;Humanities and the arts;0.6243727207183838;RDF50;Social sciences;0.12104016542434692;RDF20-21;Engineering and technology;0.10242494940757751;RDF604;Arts (arts, history of arts, performing arts, music), architecture and design;0.9614615440368652;RDF504;Sociology and related studies;0.1359187811613083;RDF605;Other humanities;0.10530250519514084;RDF101;Mathematics and statistics;0.08921625465154648;RDF107;Other natural sciences;0.07309853285551071
804;A 15 months, double-Blind, randomized controlled trial comparing 18 weeks of two doses of Omalizumab to placebo to accelerate a symptom-driven Oral immunotherapy schedule in subjects aged 6 to 25 years with Multiple food allergies (BOOM) (Nutrition, Food & Health);RDF30;Medical, health and life sciences;0.8483468890190125;RDF40;Agricultural and veterinary sciences;0.04400508850812912;RDF10;Natural sciences;0.03906256705522537;RDF303;Health sciences;0.9502726793289185;RDF302;Clinical medicine;0.8955226540565491;RDF301;Basic medicine and life sciences;0.7940657734870911;RDF104;Chemical sciences;0.30798205733299255;RDF305;Other medical sciences;0.23274584114551544
805;Spatial complexity of cardiac cell culture and spatial-temporal bioelectric activity: granularity and mechanical-electrical feedback (Electrical and Computer Engineering);RDF20-21;Engineering and technology;0.7982184290885925;RDF30;Medical, health and life sciences;0.11891282349824905;RDF40;Agricultural and veterinary sciences;0.0332048125565052;RDF103;Physical sciences;0.8202536106109619;RDF203;Electrical engineering, computer engineering, and information engineering;0.6578819155693054;RDF106;Biological sciences;0.6042748689651489;RDF301;Basic medicine and life sciences;0.5339746475219727;RDF104;Chemical sciences;0.47659486532211304
806;Peer Effects and Program Take-Up: Evidence from employer-employee linked administrative data;RDF20-21;Engineering and technology;0.363386332988739;RDF50;Social sciences;0.23889710009098053;RDF30;Medical, health and life sciences;0.15052345395088196;RDF102;Computer and information sciences;0.9160720705986023;RDF201;Civil engineering, maritime engineering, transport engineering, and mining engineering;0.8887588381767273;RDF502;Economics and business administration;0.8254490494728088;RDF503;Education;0.727540135383606;RDF604;Arts (arts, history of arts, performing arts, music), architecture and design;0.6912629008293152
807;Evaluation of human gait biomechanics in real-world environments (Biological Systems and Functions);RDF20-21;Engineering and technology;0.28637775778770447;RDF10;Natural sciences;0.2603689730167389;RDF30;Medical, health and life sciences;0.192970871925354;RDF106;Biological sciences;0.8575296401977539;RDF301;Basic medicine and life sciences;0.7340242266654968;RDF201;Civil engineering, maritime engineering, transport engineering, and mining engineering;0.7161937952041626;RDF104;Chemical sciences;0.41707855463027954;RDF302;Clinical medicine;0.395995169878006
808;Robust and efficient statistical learning algorithms with applications in actuarial science (Mathematics and Statistics);RDF20-21;Engineering and technology;0.5395313501358032;RDF10;Natural sciences;0.17093558609485626;RDF40;Agricultural and veterinary sciences;0.13443118333816528;RDF102;Computer and information sciences;0.9549844264984131;RDF101;Mathematics and statistics;0.9377830028533936;RDF201;Civil engineering, maritime engineering, transport engineering, and mining engineering;0.8136829733848572;RDF104;Chemical sciences;0.38641607761383057;RDF105;Earth and related environmental sciences;0.25109636783599854
809;HumanitéS-AnimalitéS : discours, pratiques et actions sur le monde animal, du Moyen Âge à l'antispécisme;RDF40;Agricultural and veterinary sciences;0.3546198904514313;RDF10;Natural sciences;0.21064461767673492;RDF20-21;Engineering and technology;0.17369510233402252;RDF402;Animal and dairy sciences;0.9553608298301697;RDF106;Biological sciences;0.8164795637130737;RDF504;Sociology and related studies;0.2800745368003845;RDF104;Chemical sciences;0.24269889295101166;RDF105;Earth and related environmental sciences;0.22592855989933014
810;Intelligence artificielle appliquée aux soins aigus de l'enfant;RDF30;Medical, health and life sciences;0.4673130214214325;RDF20-21;Engineering and technology;0.28510531783103943;RDF60;Humanities and the arts;0.10118696838617325;RDF102;Computer and information sciences;0.963983952999115;RDF302;Clinical medicine;0.8660193085670471;RDF303;Health sciences;0.858303427696228;RDF202;Industrial, systems and processes engineering;0.8411091566085815;RDF604;Arts (arts, history of arts, performing arts, music), architecture and design;0.6998445391654968
811;BUMP: Better Understanding of Model's Performance for more efficient Natural Language Processing (Computer Science);RDF20-21;Engineering and technology;0.7088382840156555;RDF40;Agricultural and veterinary sciences;0.08395883440971375;RDF10;Natural sciences;0.07052803039550781;RDF102;Computer and information sciences;0.9941346049308777;RDF203;Electrical engineering, computer engineering, and information engineering;0.902179479598999;RDF201;Civil engineering, maritime engineering, transport engineering, and mining engineering;0.835013210773468;RDF104;Chemical sciences;0.773686945438385;RDF202;Industrial, systems and processes engineering;0.6692451238632202
812;Application des réseaux de neurones artificiels et de l'inférence bayésienne à la simulation couplée et à la conception des puits à colonne permanente (Civil, Industrial and Systems Engineering);RDF20-21;Engineering and technology;0.9285625219345093;RDF10;Natural sciences;0.02757848985493183;RDF40;Agricultural and veterinary sciences;0.02057480812072754;RDF102;Computer and information sciences;0.9862973093986511;RDF201;Civil engineering, maritime engineering, transport engineering, and mining engineering;0.8398653864860535;RDF203;Electrical engineering, computer engineering, and information engineering;0.7722731232643127;RDF103;Physical sciences;0.7052778005599976;RDF202;Industrial, systems and processes engineering;0.6172909736633301
813;Identification of MYC-dependent vulnerabilities in breast cancer (Molecular & Cellular Biology of Cancer);RDF30;Medical, health and life sciences;0.7140451073646545;RDF20-21;Engineering and technology;0.11837138235569;RDF10;Natural sciences;0.06565879285335541;RDF301;Basic medicine and life sciences;0.9257014393806458;RDF303;Health sciences;0.8811554908752441;RDF106;Biological sciences;0.8663023114204407;RDF104;Chemical sciences;0.7620700597763062;RDF103;Physical sciences;0.6680957674980164
814;Topological quantum optics (Physics);RDF20-21;Engineering and technology;0.6590008735656738;RDF10;Natural sciences;0.14003559947013855;RDF40;Agricultural and veterinary sciences;0.06499553471803665;RDF103;Physical sciences;0.9957436323165894;RDF201;Civil engineering, maritime engineering, transport engineering, and mining engineering;0.8060523867607117;RDF102;Computer and information sciences;0.6193309426307678;RDF104;Chemical sciences;0.5248817801475525;RDF202;Industrial, systems and processes engineering;0.50030517578125
815;Demand Driven - MRP : mode éphèmère ou lien sérieux entres les méthodes flux poussé et flux tiré ? (Civil, Industrial and Systems Engineering);RDF20-21;Engineering and technology;0.7772432565689087;RDF40;Agricultural and veterinary sciences;0.06531298905611038;RDF50;Social sciences;0.06262713670730591;RDF201;Civil engineering, maritime engineering, transport engineering, and mining engineering;0.8283842206001282;RDF202;Industrial, systems and processes engineering;0.8277585506439209;RDF104;Chemical sciences;0.6527949571609497;RDF102;Computer and information sciences;0.6227031350135803;RDF103;Physical sciences;0.6136273741722107
816;Model atmosphere analysis of white dwarfs in the Sloan Digital Sky Survey footprint of Gaia: the definitive work (Physics);RDF10;Natural sciences;0.762407124042511;RDF20-21;Engineering and technology;0.17216333746910095;RDF40;Agricultural and veterinary sciences;0.033992134034633636;RDF103;Physical sciences;0.9961829781532288;RDF105;Earth and related environmental sciences;0.9739684462547302;RDF104;Chemical sciences;0.6918878555297852;RDF201;Civil engineering, maritime engineering, transport engineering, and mining engineering;0.6165931820869446;RDF106;Biological sciences;0.4431202709674835
817;Les politiques de différenciation et diversification des parcours vers et dans l'enseignement supérieur au Québec : quels effets sur la justice scolaire et sociale? (Education and social work);RDF50;Social sciences;0.794086754322052;RDF20-21;Engineering and technology;0.1237250566482544;RDF60;Humanities and the arts;0.028952868655323982;RDF503;Education;0.9983990788459778;RDF604;Arts (arts, history of arts, performing arts, music), architecture and design;0.7046685218811035;RDF201;Civil engineering, maritime engineering, transport engineering, and mining engineering;0.29782718420028687;RDF504;Sociology and related studies;0.11904920637607574;RDF104;Chemical sciences;0.09459402412176132
818;Development of high performance PLA based nanocomposites (Materials and Chemical Engineering);RDF20-21;Engineering and technology;0.747573971748352;RDF30;Medical, health and life sciences;0.07848652452230453;RDF40;Agricultural and veterinary sciences;0.05889861658215523;RDF211;Nano-technology;0.8219034075737;RDF202;Industrial, systems and processes engineering;0.6482158303260803;RDF201;Civil engineering, maritime engineering, transport engineering, and mining engineering;0.6121140718460083;RDF104;Chemical sciences;0.5570095777511597;RDF205;Chemical engineering;0.2194211184978485
819;Introducing specificity and sensitivity in imaging mass spectrometry (Chemistry);RDF20-21;Engineering and technology;0.4811636209487915;RDF30;Medical, health and life sciences;0.18755434453487396;RDF10;Natural sciences;0.15960335731506348;RDF104;Chemical sciences;0.9841241240501404;RDF205;Chemical engineering;0.749454140663147;RDF103;Physical sciences;0.7397985458374023;RDF301;Basic medicine and life sciences;0.568078875541687;RDF106;Biological sciences;0.5196737051010132
820;Is cannabis a useful adjunct in the treatment of symptoms of persons with multiple sclerosis? A formal trial of CBD and THC for the control of spasticity and other symptoms: assessing the clinical effects and the basic mechanisms;RDF30;Medical, health and life sciences;0.8856199979782104;RDF10;Natural sciences;0.047235023230314255;RDF50;Social sciences;0.025681236758828163;RDF303;Health sciences;0.9871292114257812;RDF302;Clinical medicine;0.9553191065788269;RDF301;Basic medicine and life sciences;0.6215696334838867;RDF106;Biological sciences;0.6175847053527832;RDF207;Medical and biomedical engineering;0.3008996248245239
821;Investigation of the antineoplastic effect of miRNA-181a and development a novel pharmaceutical approaches for treating advanced retinoblastoma (Cancer Biology & Therapeutics);RDF30;Medical, health and life sciences;0.5150091648101807;RDF20-21;Engineering and technology;0.3254472315311432;RDF10;Natural sciences;0.10955142974853516;RDF301;Basic medicine and life sciences;0.9343352317810059;RDF104;Chemical sciences;0.8586593270301819;RDF106;Biological sciences;0.7767499685287476;RDF303;Health sciences;0.5972262024879456;RDF103;Physical sciences;0.3949882984161377
822;From spatial community ecology to landscape genetics and genomics (Evolution and Ecology);RDF20-21;Engineering and technology;0.4855917692184448;RDF10;Natural sciences;0.17335456609725952;RDF40;Agricultural and veterinary sciences;0.12866900861263275;RDF201;Civil engineering, maritime engineering, transport engineering, and mining engineering;0.8103288412094116;RDF104;Chemical sciences;0.757256269454956;RDF106;Biological sciences;0.7397985458374023;RDF604;Arts (arts, history of arts, performing arts, music), architecture and design;0.7114810347557068;RDF105;Earth and related environmental sciences;0.498565673828125
823;Structural Safety Assessment and Strengthening of Concrete Dams and Gated Spillways Subjected to Severe Loading Conditions (Civil, Industrial and Systems Engineering);RDF20-21;Engineering and technology;0.8286688923835754;RDF10;Natural sciences;0.06002857908606529;RDF40;Agricultural and veterinary sciences;0.050352055579423904;RDF201;Civil engineering, maritime engineering, transport engineering, and mining engineering;0.9493885636329651;RDF104;Chemical sciences;0.24454337358474731;RDF202;Industrial, systems and processes engineering;0.18579941987991333;RDF105;Earth and related environmental sciences;0.14145922660827637;RDF208;Environmental engineering and related engineering;0.06058494746685028
824;Voix empruntées. Pratiques de la citation littéraire dans la Première Modernité (1595-1692) (Literature);RDF20-21;Engineering and technology;0.5355398654937744;RDF60;Humanities and the arts;0.3176068663597107;RDF40;Agricultural and veterinary sciences;0.06142076477408409;RDF604;Arts (arts, history of arts, performing arts, music), architecture and design;0.9380105137825012;RDF104;Chemical sciences;0.7704647779464722;RDF301;Basic medicine and life sciences;0.7627334594726562;RDF602;Languages and literature;0.6261098980903625;RDF201;Civil engineering, maritime engineering, transport engineering, and mining engineering;0.49331703782081604
825;Brain connectivity-based optimization of non-invasive brain stimulation to improve cognitive symptoms in schizophrenia (Behavioural Sciences – Clinical Behavioural Sciences);RDF30;Medical, health and life sciences;0.5132565498352051;RDF20-21;Engineering and technology;0.3625344932079315;RDF50;Social sciences;0.043980423361063004;RDF501;Psychology and cognitive sciences;0.9841088652610779;RDF303;Health sciences;0.6544255614280701;RDF301;Basic medicine and life sciences;0.49346962571144104;RDF302;Clinical medicine;0.4866059720516205;RDF106;Biological sciences;0.2123136669397354
826;Procedural Creation and Real-time Display of Realistic Complex Scenes (Computer Science);RDF20-21;Engineering and technology;0.780536413192749;RDF40;Agricultural and veterinary sciences;0.06591076403856277;RDF50;Social sciences;0.044510431587696075;RDF102;Computer and information sciences;0.9981288313865662;RDF203;Electrical engineering, computer engineering, and information engineering;0.8196768760681152;RDF104;Chemical sciences;0.7454910278320312;RDF201;Civil engineering, maritime engineering, transport engineering, and mining engineering;0.6672154664993286;RDF202;Industrial, systems and processes engineering;0.5373448729515076
827;Social hierarchies and the non-verbal communication of pain;RDF30;Medical, health and life sciences;0.38154053688049316;RDF60;Humanities and the arts;0.2462339699268341;RDF50;Social sciences;0.15578317642211914;RDF504;Sociology and related studies;0.9107043743133545;RDF501;Psychology and cognitive sciences;0.7927451729774475;RDF604;Arts (arts, history of arts, performing arts, music), architecture and design;0.6931354999542236;RDF601;History, archaeology and related studies;0.6745866537094116;RDF202;Industrial, systems and processes engineering;0.6050937175750732
828;Next generation immunopeptidomics (Chemistry);RDF30;Medical, health and life sciences;0.4385348856449127;RDF20-21;Engineering and technology;0.2721595764160156;RDF40;Agricultural and veterinary sciences;0.13660842180252075;RDF104;Chemical sciences;0.9865846633911133;RDF106;Biological sciences;0.8187367916107178;RDF201;Civil engineering, maritime engineering, transport engineering, and mining engineering;0.7627776861190796;RDF202;Industrial, systems and processes engineering;0.7483983039855957;RDF302;Clinical medicine;0.6263527274131775
829;Income security in retirement: perceptions, incentives and behaviours;RDF50;Social sciences;0.2697681784629822;RDF40;Agricultural and veterinary sciences;0.19842953979969025;RDF20-21;Engineering and technology;0.1729043871164322;RDF504;Sociology and related studies;0.7936262488365173;RDF201;Civil engineering, maritime engineering, transport engineering, and mining engineering;0.7412059903144836;RDF502;Economics and business administration;0.7297605872154236;RDF509;Other social sciences;0.6069644689559937;RDF202;Industrial, systems and processes engineering;0.5726331472396851
830;Decision awareness in learning for control;RDF20-21;Engineering and technology;0.25820794701576233;RDF30;Medical, health and life sciences;0.25014156103134155;RDF40;Agricultural and veterinary sciences;0.20420946180820465;RDF503;Education;0.9895614981651306;RDF604;Arts (arts, history of arts, performing arts, music), architecture and design;0.9520864486694336;RDF103;Physical sciences;0.9117706418037415;RDF202;Industrial, systems and processes engineering;0.908739447593689;RDF201;Civil engineering, maritime engineering, transport engineering, and mining engineering;0.9061976075172424
831;Multimethod UX triangulated approach for multiuser interface evaluation (Civil, Industrial and Systems Engineering);RDF20-21;Engineering and technology;0.7235884070396423;RDF40;Agricultural and veterinary sciences;0.08170133829116821;RDF50;Social sciences;0.05919308587908745;RDF102;Computer and information sciences;0.9461008310317993;RDF201;Civil engineering, maritime engineering, transport engineering, and mining engineering;0.7219147682189941;RDF203;Electrical engineering, computer engineering, and information engineering;0.5131500363349915;RDF202;Industrial, systems and processes engineering;0.3749980926513672;RDF104;Chemical sciences;0.3684625029563904
832;Understanding Drug Exceptional Access Programs (DEAPs) Across Canada: A Question of Equity (Mutidisciplinary or interdisciplinary social sciences);RDF50;Social sciences;0.5265660881996155;RDF20-21;Engineering and technology;0.2195053994655609;RDF30;Medical, health and life sciences;0.07582200318574905;RDF201;Civil engineering, maritime engineering, transport engineering, and mining engineering;0.50262451171875;RDF504;Sociology and related studies;0.44824135303497314;RDF509;Other social sciences;0.19216008484363556;RDF301;Basic medicine and life sciences;0.18191629648208618;RDF505;Law and legal practice;0.13846178352832794
833;Geroscience: A novel interdisciplinary approach for research on aging;RDF30;Medical, health and life sciences;0.3425672948360443;RDF20-21;Engineering and technology;0.32299286127090454;RDF50;Social sciences;0.11404745280742645;RDF201;Civil engineering, maritime engineering, transport engineering, and mining engineering;0.4714057147502899;RDF104;Chemical sciences;0.3756921589374542;RDF106;Biological sciences;0.2689414322376251;RDF105;Earth and related environmental sciences;0.26416850090026855;RDF303;Health sciences;0.22135068476200104
834;Advanced computational platform for permafrost geomechanical modeling and climate impact assessment of northern infrastructure;RDF20-21;Engineering and technology;0.7456441521644592;RDF10;Natural sciences;0.12660285830497742;RDF40;Agricultural and veterinary sciences;0.052557338029146194;RDF105;Earth and related environmental sciences;0.952397346496582;RDF102;Computer and information sciences;0.8467044830322266;RDF104;Chemical sciences;0.7800347805023193;RDF201;Civil engineering, maritime engineering, transport engineering, and mining engineering;0.7396575212478638;RDF202;Industrial, systems and processes engineering;0.47484421730041504
835;Hybrid artificial intelligence methods for combinatorial optimization;RDF20-21;Engineering and technology;0.41028064489364624;RDF40;Agricultural and veterinary sciences;0.18831080198287964;RDF10;Natural sciences;0.12410172820091248;RDF102;Computer and information sciences;0.9854824542999268;RDF104;Chemical sciences;0.8557908535003662;RDF201;Civil engineering, maritime engineering, transport engineering, and mining engineering;0.8348786234855652;RDF202;Industrial, systems and processes engineering;0.7909746766090393;RDF604;Arts (arts, history of arts, performing arts, music), architecture and design;0.7237733602523804
836;Leveraging high-volume data to characterize age and individual-specific vital signs and to develop novel geriatric vital signs that optimally predict clinical outcomes in older adults;RDF30;Medical, health and life sciences;0.8444574475288391;RDF20-21;Engineering and technology;0.044493138790130615;RDF10;Natural sciences;0.040471918880939484;RDF303;Health sciences;0.9323301911354065;RDF302;Clinical medicine;0.7819556593894958;RDF504;Sociology and related studies;0.40440085530281067;RDF301;Basic medicine and life sciences;0.39315199851989746;RDF106;Biological sciences;0.36968478560447693
837;Interactions between cortical stimulation and prefrontal population dynamics (Behavioural Sciences – Behavioural Studies, Neuroscience and Cognition);RDF20-21;Engineering and technology;0.3789793848991394;RDF30;Medical, health and life sciences;0.27018389105796814;RDF10;Natural sciences;0.10416516661643982;RDF501;Psychology and cognitive sciences;0.8269215226173401;RDF301;Basic medicine and life sciences;0.5679590702056885;RDF106;Biological sciences;0.502655029296875;RDF201;Civil engineering, maritime engineering, transport engineering, and mining engineering;0.23122341930866241;RDF604;Arts (arts, history of arts, performing arts, music), architecture and design;0.18169838190078735
838;Coupled Aquatic Biogeochemical Cycles in the Anthropocene (Evolution and Ecology);RDF10;Natural sciences;0.5690563321113586;RDF40;Agricultural and veterinary sciences;0.14089055359363556;RDF20-21;Engineering and technology;0.1308763474225998;RDF104;Chemical sciences;0.8639665246009827;RDF105;Earth and related environmental sciences;0.801159143447876;RDF106;Biological sciences;0.772058367729187;RDF101;Mathematics and statistics;0.4333139657974243;RDF201;Civil engineering, maritime engineering, transport engineering, and mining engineering;0.2979293465614319
839;Electrically and Optically Active Nanostructures and Interfaces (Chemistry);RDF20-21;Engineering and technology;0.7697954773902893;RDF10;Natural sciences;0.10633906722068787;RDF40;Agricultural and veterinary sciences;0.046957828104496;RDF104;Chemical sciences;0.9869417548179626;RDF211;Nano-technology;0.9418149590492249;RDF205;Chemical engineering;0.8835880756378174;RDF103;Physical sciences;0.7501869201660156;RDF202;Industrial, systems and processes engineering;0.6045929193496704
840;Performance mécanique à long terme des assemblages collés et boulonnés;RDF20-21;Engineering and technology;0.5254924297332764;RDF40;Agricultural and veterinary sciences;0.16290923953056335;RDF60;Humanities and the arts;0.11422985047101974;RDF204;Mechanical engineering;0.9953904151916504;RDF202;Industrial, systems and processes engineering;0.9730876684188843;RDF104;Chemical sciences;0.8504064679145813;RDF604;Arts (arts, history of arts, performing arts, music), architecture and design;0.8113772869110107;RDF103;Physical sciences;0.7617601156234741
841;Optimization models and algorithms for complex production planning problems (Civil, Industrial and Systems Engineering);RDF20-21;Engineering and technology;0.7971979379653931;RDF40;Agricultural and veterinary sciences;0.09861854463815689;RDF50;Social sciences;0.042415305972099304;RDF102;Computer and information sciences;0.9798420071601868;RDF201;Civil engineering, maritime engineering, transport engineering, and mining engineering;0.8873998522758484;RDF202;Industrial, systems and processes engineering;0.8579467535018921;RDF104;Chemical sciences;0.8218319416046143;RDF401;Agriculture, forestry, and fisheries;0.6542944312095642
842;Development of an accessible integrated computational protein design software suite (Genes, Cells and Molecules);RDF20-21;Engineering and technology;0.657905101776123;RDF30;Medical, health and life sciences;0.13214464485645294;RDF10;Natural sciences;0.08825863897800446;RDF102;Computer and information sciences;0.9380673170089722;RDF106;Biological sciences;0.7916600704193115;RDF103;Physical sciences;0.6753900051116943;RDF202;Industrial, systems and processes engineering;0.6349819898605347;RDF201;Civil engineering, maritime engineering, transport engineering, and mining engineering;0.5948565006256104
843;Social economy embedding circular economy: theory, practice and potential;RDF50;Social sciences;0.5894923806190491;RDF20-21;Engineering and technology;0.16021670401096344;RDF40;Agricultural and veterinary sciences;0.0862196758389473;RDF502;Economics and business administration;0.9451974034309387;RDF507;Social and economic geography;0.8420206308364868;RDF504;Sociology and related studies;0.8284536004066467;RDF201;Civil engineering, maritime engineering, transport engineering, and mining engineering;0.641380250453949;RDF202;Industrial, systems and processes engineering;0.45856088399887085
844;Complex genetics of hypertrophic cardiomyopathy: Towards an integration of polygenic risk in clinical care (Clinical Investigation – Cardiovascular Systems);RDF30;Medical, health and life sciences;0.8762457966804504;RDF20-21;Engineering and technology;0.042802806943655014;RDF10;Natural sciences;0.03407542407512665;RDF303;Health sciences;0.9846199154853821;RDF302;Clinical medicine;0.9401335716247559;RDF106;Biological sciences;0.9284088015556335;RDF103;Physical sciences;0.46638989448547363;RDF104;Chemical sciences;0.3839588761329651
845;MERMAIDS: Multichannel ERbium-yeterbiuM AmplIfied high power combiner Devices for Space communications;RDF20-21;Engineering and technology;0.8458272814750671;RDF40;Agricultural and veterinary sciences;0.05294846370816231;RDF30;Medical, health and life sciences;0.03270034119486809;RDF102;Computer and information sciences;0.9159969687461853;RDF104;Chemical sciences;0.7906515598297119;RDF202;Industrial, systems and processes engineering;0.7599833011627197;RDF103;Physical sciences;0.7478922009468079;RDF201;Civil engineering, maritime engineering, transport engineering, and mining engineering;0.6903242468833923
846;Medium Chain Triglycerides and Ketogenesis (Biological Systems and Functions);RDF30;Medical, health and life sciences;0.2920798361301422;RDF20-21;Engineering and technology;0.27059173583984375;RDF10;Natural sciences;0.2252614051103592;RDF104;Chemical sciences;0.9469902515411377;RDF301;Basic medicine and life sciences;0.8547634482383728;RDF106;Biological sciences;0.8009256720542908;RDF103;Physical sciences;0.7369689345359802;RDF201;Civil engineering, maritime engineering, transport engineering, and mining engineering;0.5946431756019592
847;Impact of Vitamin C on the Reduction of Opioid Consumption After an Emergency Department Visit for Acute Musculoskeletal Pain: A Double-Blind Randomized Control Trial;RDF30;Medical, health and life sciences;0.860333263874054;RDF20-21;Engineering and technology;0.0541069358587265;RDF10;Natural sciences;0.03330991044640541;RDF303;Health sciences;0.9851003289222717;RDF302;Clinical medicine;0.9059898257255554;RDF301;Basic medicine and life sciences;0.814495861530304;RDF104;Chemical sciences;0.5799432396888733;RDF207;Medical and biomedical engineering;0.45578140020370483
848;Towards organs-on-paper: building smart paper chips for modern biomedical research;RDF30;Medical, health and life sciences;0.4897051453590393;RDF20-21;Engineering and technology;0.35168954730033875;RDF40;Agricultural and veterinary sciences;0.06453400105237961;RDF102;Computer and information sciences;0.831211507320404;RDF303;Health sciences;0.7998334765434265;RDF202;Industrial, systems and processes engineering;0.7923036217689514;RDF104;Chemical sciences;0.7765381932258606;RDF201;Civil engineering, maritime engineering, transport engineering, and mining engineering;0.7087923884391785
849;Ultrafast Functional Ultrasound Imaging of the Brain (Genes, Cells and Molecules);RDF30;Medical, health and life sciences;0.5811397433280945;RDF20-21;Engineering and technology;0.3071376085281372;RDF10;Natural sciences;0.054186541587114334;RDF106;Biological sciences;0.899298369884491;RDF103;Physical sciences;0.8275495767593384;RDF304;Medical biotechnology;0.7553213238716125;RDF302;Clinical medicine;0.6443649530410767;RDF303;Health sciences;0.601973831653595
850;Les trajectoires professionnelles des policiers du Québec : phase 2 (Law and criminology);RDF50;Social sciences;0.3442780375480652;RDF20-21;Engineering and technology;0.1736217886209488;RDF10;Natural sciences;0.15412110090255737;RDF505;Law and legal practice;0.48125573992729187;RDF201;Civil engineering, maritime engineering, transport engineering, and mining engineering;0.3597436249256134;RDF102;Computer and information sciences;0.11966509371995926;RDF509;Other social sciences;0.11216174066066742;RDF305;Other medical sciences;0.10365784913301468
851;Redefining blood pressure: How novel views of the arterial tree can lead to better cardiovascular risk stratification (Clinical Investigation – Cardiovascular Systems);RDF30;Medical, health and life sciences;0.864569902420044;RDF20-21;Engineering and technology;0.051441993564367294;RDF10;Natural sciences;0.03714284673333168;RDF303;Health sciences;0.9725453853607178;RDF302;Clinical medicine;0.9484895467758179;RDF301;Basic medicine and life sciences;0.7856788039207458;RDF103;Physical sciences;0.7824131846427917;RDF106;Biological sciences;0.6055439114570618
852;Reducing the burden of hypoglycemia for persons living with type 1 diabetes;RDF30;Medical, health and life sciences;0.5053649544715881;RDF20-21;Engineering and technology;0.15948671102523804;RDF40;Agricultural and veterinary sciences;0.1263493150472641;RDF104;Chemical sciences;0.872401773929596;RDF303;Health sciences;0.8449854850769043;RDF302;Clinical medicine;0.7942653298377991;RDF301;Basic medicine and life sciences;0.6611028909683228;RDF201;Civil engineering, maritime engineering, transport engineering, and mining engineering;0.4773714244365692
853;The energy-based and feature tracking motion systems and their interactions (Biological Systems and Functions);RDF20-21;Engineering and technology;0.5636142492294312;RDF10;Natural sciences;0.19108246266841888;RDF40;Agricultural and veterinary sciences;0.09196258336305618;RDF201;Civil engineering, maritime engineering, transport engineering, and mining engineering;0.8559715747833252;RDF103;Physical sciences;0.8410438895225525;RDF104;Chemical sciences;0.8054027557373047;RDF202;Industrial, systems and processes engineering;0.7943849563598633;RDF106;Biological sciences;0.7081117033958435
854;Adoptive transfers of in vitro differentiated plasmacytoid dendritic cells to prevent acute lymphoblastic leukemia relapse: mechanisms and biomarkers of sensitivity (Cancer Progression & Therapeutics);RDF30;Medical, health and life sciences;0.7480469942092896;RDF20-21;Engineering and technology;0.12772603332996368;RDF10;Natural sciences;0.06940954178571701;RDF301;Basic medicine and life sciences;0.9676861763000488;RDF106;Biological sciences;0.927165687084198;RDF104;Chemical sciences;0.8067764639854431;RDF303;Health sciences;0.7537386417388916;RDF207;Medical and biomedical engineering;0.6941471695899963
855;Replacement and upgrade of the Optical and Infrared Cameras for Observatoire du Mont-Mégantic (Physics);RDF20-21;Engineering and technology;0.6667907238006592;RDF10;Natural sciences;0.22719667851924896;RDF40;Agricultural and veterinary sciences;0.035269662737846375;RDF103;Physical sciences;0.9923933744430542;RDF104;Chemical sciences;0.888999879360199;RDF105;Earth and related environmental sciences;0.7668178677558899;RDF106;Biological sciences;0.6933950781822205;RDF201;Civil engineering, maritime engineering, transport engineering, and mining engineering;0.6515488624572754
856;Stochastic Discount Factors, Risk Factors and Performance Evaluation (Economics);RDF20-21;Engineering and technology;0.4902169704437256;RDF50;Social sciences;0.17120234668254852;RDF40;Agricultural and veterinary sciences;0.14483711123466492;RDF502;Economics and business administration;0.9596865773200989;RDF201;Civil engineering, maritime engineering, transport engineering, and mining engineering;0.852506160736084;RDF104;Chemical sciences;0.8004580736160278;RDF604;Arts (arts, history of arts, performing arts, music), architecture and design;0.6405234336853027;RDF102;Computer and information sciences;0.5737530589103699
857;Precision digital twin of production machines for sustained high accuracy and traceable part conformity;RDF20-21;Engineering and technology;0.6233050227165222;RDF40;Agricultural and veterinary sciences;0.16331495344638824;RDF30;Medical, health and life sciences;0.07491721212863922;RDF202;Industrial, systems and processes engineering;0.9733169674873352;RDF102;Computer and information sciences;0.9464483857154846;RDF104;Chemical sciences;0.8904848694801331;RDF204;Mechanical engineering;0.8411744236946106;RDF201;Civil engineering, maritime engineering, transport engineering, and mining engineering;0.8207210302352905
858;Non-line-of-sight Imaging for Advanced Automotive Sensing;RDF20-21;Engineering and technology;0.7874003648757935;RDF30;Medical, health and life sciences;0.05971810594201088;RDF10;Natural sciences;0.044989634305238724;RDF204;Mechanical engineering;0.946793794631958;RDF104;Chemical sciences;0.9008355140686035;RDF103;Physical sciences;0.7865408658981323;RDF201;Civil engineering, maritime engineering, transport engineering, and mining engineering;0.723749041557312;RDF102;Computer and information sciences;0.5319540500640869
859;Le nouvel électeur économique (Political science and public administration);RDF20-21;Engineering and technology;0.43591365218162537;RDF50;Social sciences;0.17907339334487915;RDF40;Agricultural and veterinary sciences;0.16296859085559845;RDF506;Political science and policy administration;0.8750414252281189;RDF104;Chemical sciences;0.7624240517616272;RDF201;Civil engineering, maritime engineering, transport engineering, and mining engineering;0.6720627546310425;RDF106;Biological sciences;0.3738115131855011;RDF102;Computer and information sciences;0.3687039911746979
860;CB1 receptors regulate NMJ denervation and repair (Systems & Circuits Neurosciences);RDF20-21;Engineering and technology;0.6023097634315491;RDF30;Medical, health and life sciences;0.21500280499458313;RDF40;Agricultural and veterinary sciences;0.06643220782279968;RDF202;Industrial, systems and processes engineering;0.8533637523651123;RDF301;Basic medicine and life sciences;0.8418906927108765;RDF106;Biological sciences;0.837221086025238;RDF302;Clinical medicine;0.6343734860420227;RDF201;Civil engineering, maritime engineering, transport engineering, and mining engineering;0.5522831678390503
861;Influence of Lipid Matrix on Ion Channel Oligomerization and Function (Chemistry);RDF20-21;Engineering and technology;0.42864367365837097;RDF40;Agricultural and veterinary sciences;0.20119574666023254;RDF10;Natural sciences;0.1579974889755249;RDF104;Chemical sciences;0.9850140810012817;RDF205;Chemical engineering;0.9227612018585205;RDF103;Physical sciences;0.9015746116638184;RDF202;Industrial, systems and processes engineering;0.6389479041099548;RDF102;Computer and information sciences;0.6109359264373779
862;Composition musicale immersive et développement de trajectoires 3D, basées sur l'analyse perceptive (Fine Arts, Research-Creation);RDF60;Humanities and the arts;0.36579421162605286;RDF20-21;Engineering and technology;0.31811803579330444;RDF40;Agricultural and veterinary sciences;0.11096333712339401;RDF604;Arts (arts, history of arts, performing arts, music), architecture and design;0.9189178943634033;RDF201;Civil engineering, maritime engineering, transport engineering, and mining engineering;0.16593071818351746;RDF105;Earth and related environmental sciences;0.07857164740562439;RDF102;Computer and information sciences;0.07185126096010208;RDF104;Chemical sciences;0.07081620395183563
863;Valorisation des données d'exécution de projets (Civil, Industrial and Systems Engineering);RDF20-21;Engineering and technology;0.7394489049911499;RDF40;Agricultural and veterinary sciences;0.09419416636228561;RDF50;Social sciences;0.05981501564383507;RDF201;Civil engineering, maritime engineering, transport engineering, and mining engineering;0.9214990735054016;RDF202;Industrial, systems and processes engineering;0.8521374464035034;RDF102;Computer and information sciences;0.625030517578125;RDF104;Chemical sciences;0.5316653251647949;RDF105;Earth and related environmental sciences;0.287867933511734
864;Innovative Steel Braced Frame Systems for Tall Buildings in Seismic Active Regions (Civil, Industrial and Systems Engineering);RDF20-21;Engineering and technology;0.8825647830963135;RDF40;Agricultural and veterinary sciences;0.035376060754060745;RDF10;Natural sciences;0.03061542846262455;RDF201;Civil engineering, maritime engineering, transport engineering, and mining engineering;0.8939129114151001;RDF202;Industrial, systems and processes engineering;0.4341013729572296;RDF104;Chemical sciences;0.3122127056121826;RDF212;Other engineering and technologies;0.11343219131231308;RDF204;Mechanical engineering;0.0972188413143158
865;Multiscale modelling of aircraft and rocket emissions using high-fidelity numerical simulations and machine learning;RDF20-21;Engineering and technology;0.7302542924880981;RDF10;Natural sciences;0.09578850865364075;RDF50;Social sciences;0.06047208607196808;RDF204;Mechanical engineering;0.8258004784584045;RDF201;Civil engineering, maritime engineering, transport engineering, and mining engineering;0.7247241735458374;RDF102;Computer and information sciences;0.7125572562217712;RDF103;Physical sciences;0.4732311964035034;RDF104;Chemical sciences;0.45612210035324097
866;Coronavirus Crisis Competence Among Sexual and Gender Minorities (Gender, Sex & Health);RDF50;Social sciences;0.3156528174877167;RDF60;Humanities and the arts;0.1809988170862198;RDF20-21;Engineering and technology;0.17862826585769653;RDF201;Civil engineering, maritime engineering, transport engineering, and mining engineering;0.7028360962867737;RDF504;Sociology and related studies;0.5228722095489502;RDF503;Education;0.5062405467033386;RDF604;Arts (arts, history of arts, performing arts, music), architecture and design;0.4773713946342468;RDF509;Other social sciences;0.2817513346672058
867;From Alterlife to Alterfutures: Contemporary Asian Women's Environmental Moving-Image Arts (Multidisciplinary or interdisciplinary humanities);RDF60;Humanities and the arts;0.7874652743339539;RDF20-21;Engineering and technology;0.07239234447479248;RDF40;Agricultural and veterinary sciences;0.03833480924367905;RDF604;Arts (arts, history of arts, performing arts, music), architecture and design;0.9037624001502991;RDF201;Civil engineering, maritime engineering, transport engineering, and mining engineering;0.15234725177288055;RDF504;Sociology and related studies;0.14426937699317932;RDF509;Other social sciences;0.10493505746126175;RDF301;Basic medicine and life sciences;0.10275401175022125
868;A FOCUS on youth mental health and substance use-related outcomes, inequities and trajectories during COVID-19 and beyond: A mixed-methods study in Canada and France;RDF30;Medical, health and life sciences;0.4236502945423126;RDF50;Social sciences;0.1629931628704071;RDF20-21;Engineering and technology;0.1585966944694519;RDF303;Health sciences;0.682044506072998;RDF504;Sociology and related studies;0.45193493366241455;RDF501;Psychology and cognitive sciences;0.3551037013530731;RDF509;Other social sciences;0.2699987590312958;RDF305;Other medical sciences;0.20513692498207092
869;Sleep, performance and development (Biological Systems and Functions);RDF30;Medical, health and life sciences;0.33420324325561523;RDF20-21;Engineering and technology;0.32061639428138733;RDF10;Natural sciences;0.1474713683128357;RDF106;Biological sciences;0.6642680764198303;RDF201;Civil engineering, maritime engineering, transport engineering, and mining engineering;0.6265383958816528;RDF104;Chemical sciences;0.5218062400817871;RDF303;Health sciences;0.5106490254402161;RDF301;Basic medicine and life sciences;0.4830387532711029
870;Molecular insights into the targeting of proteins to the inner nuclear membrane (Genes, Cells and Molecules);RDF20-21;Engineering and technology;0.5475167036056519;RDF10;Natural sciences;0.18359670042991638;RDF30;Medical, health and life sciences;0.09654810279607773;RDF103;Physical sciences;0.982185423374176;RDF106;Biological sciences;0.9394705891609192;RDF104;Chemical sciences;0.9358173608779907;RDF301;Basic medicine and life sciences;0.7704647779464722;RDF202;Industrial, systems and processes engineering;0.5914707183837891
871;Les pratiques pédagogiques qui favorisent l'inclusion socioculturelle et scolaire d'élèves immigrants nouvellement arrivés au Québec : regards croisés d'enseignants et d'élèves (Education and social work);RDF50;Social sciences;0.8764400482177734;RDF20-21;Engineering and technology;0.03568378463387489;RDF40;Agricultural and veterinary sciences;0.030343640595674515;RDF503;Education;0.9909797310829163;RDF504;Sociology and related studies;0.6272950768470764;RDF201;Civil engineering, maritime engineering, transport engineering, and mining engineering;0.11313791573047638;RDF507;Social and economic geography;0.10913479328155518;RDF509;Other social sciences;0.10870827734470367
872;Control of collective dynamics via mean field and and inverse mean field game theory;RDF20-21;Engineering and technology;0.2851918339729309;RDF10;Natural sciences;0.23835942149162292;RDF40;Agricultural and veterinary sciences;0.20795154571533203;RDF103;Physical sciences;0.9565936923027039;RDF102;Computer and information sciences;0.9480584859848022;RDF101;Mathematics and statistics;0.9393037557601929;RDF104;Chemical sciences;0.9212159514427185;RDF202;Industrial, systems and processes engineering;0.8633915781974792
873;#WeFeedYou, and yet...: How are temporary migrant workers' food security, nutrition and health shaped in Quebec's agri-food system - A participatory action research multiple-case study;RDF40;Agricultural and veterinary sciences;0.5231268405914307;RDF20-21;Engineering and technology;0.21521560847759247;RDF50;Social sciences;0.09188760817050934;RDF401;Agriculture, forestry, and fisheries;0.9043975472450256;RDF404;Agricultural biotechnology and food sciences;0.7637041211128235;RDF504;Sociology and related studies;0.3564186692237854;RDF202;Industrial, systems and processes engineering;0.3449397385120392;RDF105;Earth and related environmental sciences;0.3325813114643097
874;Delinquent or victim? Teenage girls' experiences of child protection intervention due to concerns for sexual exploitation (Education and social work);RDF50;Social sciences;0.6962205767631531;RDF60;Humanities and the arts;0.08254489302635193;RDF30;Medical, health and life sciences;0.06536218523979187;RDF503;Education;0.8994309306144714;RDF504;Sociology and related studies;0.7885424494743347;RDF509;Other social sciences;0.513759970664978;RDF501;Psychology and cognitive sciences;0.4979858100414276;RDF604;Arts (arts, history of arts, performing arts, music), architecture and design;0.258232444524765
875;Femmes, genre, (im)mobilités et vies précaires : projet de développement partenarial dans une perspective féministe transnationale et décoloniale;RDF20-21;Engineering and technology;0.22733063995838165;RDF50;Social sciences;0.21607473492622375;RDF40;Agricultural and veterinary sciences;0.18445788323879242;RDF509;Other social sciences;0.35967332124710083;RDF504;Sociology and related studies;0.2834341526031494;RDF201;Civil engineering, maritime engineering, transport engineering, and mining engineering;0.255436509847641;RDF604;Arts (arts, history of arts, performing arts, music), architecture and design;0.21638387441635132;RDF507;Social and economic geography;0.1385200470685959
876;La cohésion sociale est-elle possible en situation de crises multiples? L'influence des politiques publiques entourant le coronavirus (2019-nCoV) et les préjugés envers les citoyens et citoyennes d'origine chinoise (Canadian 2019 Novel Coronavirus (2019-nCoV) Rapid Research);RDF50;Social sciences;0.28761887550354004;RDF20-21;Engineering and technology;0.2028598040342331;RDF30;Medical, health and life sciences;0.18202000856399536;RDF504;Sociology and related studies;0.8223318457603455;RDF506;Political science and policy administration;0.3698270320892334;RDF203;Electrical engineering, computer engineering, and information engineering;0.24694174528121948;RDF509;Other social sciences;0.2146914154291153;RDF301;Basic medicine and life sciences;0.213787242770195
877;Coronary angiocrine control of heart regeneration (Cardiovascular System – Heart and Circulation);RDF30;Medical, health and life sciences;0.7702099680900574;RDF20-21;Engineering and technology;0.10811140388250351;RDF10;Natural sciences;0.04522735998034477;RDF303;Health sciences;0.9370957612991333;RDF302;Clinical medicine;0.936168372631073;RDF301;Basic medicine and life sciences;0.9074763059616089;RDF103;Physical sciences;0.6490504741668701;RDF106;Biological sciences;0.6425586342811584
878;Management of public media organizations and society;RDF50;Social sciences;0.2917369604110718;RDF20-21;Engineering and technology;0.18643797934055328;RDF40;Agricultural and veterinary sciences;0.16728520393371582;RDF508;Media and communications;0.9408441185951233;RDF604;Arts (arts, history of arts, performing arts, music), architecture and design;0.6075758934020996;RDF201;Civil engineering, maritime engineering, transport engineering, and mining engineering;0.25335267186164856;RDF104;Chemical sciences;0.171963170170784;RDF105;Earth and related environmental sciences;0.1006574034690857
879;Voters' Identities in their Own Words (Political science and public administration);RDF20-21;Engineering and technology;0.3822140395641327;RDF50;Social sciences;0.3082067668437958;RDF40;Agricultural and veterinary sciences;0.11529505252838135;RDF506;Political science and policy administration;0.914976954460144;RDF201;Civil engineering, maritime engineering, transport engineering, and mining engineering;0.5944188237190247;RDF604;Arts (arts, history of arts, performing arts, music), architecture and design;0.44101086258888245;RDF104;Chemical sciences;0.3901417553424835;RDF102;Computer and information sciences;0.28507333993911743
880;Santé, justice et sécurité au 21e siècle (Philosophy);RDF20-21;Engineering and technology;0.3981280028820038;RDF60;Humanities and the arts;0.3227289021015167;RDF30;Medical, health and life sciences;0.170232355594635;RDF603;Philosophy;0.9583821892738342;RDF202;Industrial, systems and processes engineering;0.36617884039878845;RDF201;Civil engineering, maritime engineering, transport engineering, and mining engineering;0.34279149770736694;RDF303;Health sciences;0.2805178165435791;RDF301;Basic medicine and life sciences;0.26511871814727783
881;Role of ATP-P2X7 axis in pathogenesis of ventilator induced lung injury (Respiratory System);RDF30;Medical, health and life sciences;0.557188868522644;RDF20-21;Engineering and technology;0.2882201373577118;RDF10;Natural sciences;0.07156872749328613;RDF103;Physical sciences;0.9231777787208557;RDF104;Chemical sciences;0.917376697063446;RDF106;Biological sciences;0.8402589559555054;RDF302;Clinical medicine;0.7891930937767029;RDF207;Medical and biomedical engineering;0.7793218493461609
882;Mitochondrial epigenetics and ORFan genes: exploiting the mitochondrial genetic system to fuel phenotypic variation and functional novelties (Genes, Cells and Molecules);RDF20-21;Engineering and technology;0.3887861669063568;RDF10;Natural sciences;0.3278607130050659;RDF30;Medical, health and life sciences;0.11274340748786926;RDF106;Biological sciences;0.9825909733772278;RDF301;Basic medicine and life sciences;0.4216783344745636;RDF103;Physical sciences;0.39203131198883057;RDF104;Chemical sciences;0.3811907470226288;RDF107;Other natural sciences;0.2921407222747803
883;PeerOnCall as a catalyst for a peer support program based on psychological first aid: a feasibility study among the Sûreté du Québec (Crisis/Suicide Line and App-based Support Models for post traum. stress in public safety personnel (PSP));RDF30;Medical, health and life sciences;0.466579794883728;RDF50;Social sciences;0.26970624923706055;RDF20-21;Engineering and technology;0.07871928066015244;RDF501;Psychology and cognitive sciences;0.9172285199165344;RDF303;Health sciences;0.6696638464927673;RDF504;Sociology and related studies;0.5368289351463318;RDF509;Other social sciences;0.1938331425189972;RDF507;Social and economic geography;0.18206168711185455
884;Computational approaches for analysis and design of complex multiphase flow systems (Mechanical Engineering);RDF20-21;Engineering and technology;0.8869524598121643;RDF40;Agricultural and veterinary sciences;0.045161835849285126;RDF10;Natural sciences;0.026445766910910606;RDF204;Mechanical engineering;0.9928923845291138;RDF102;Computer and information sciences;0.9402434229850769;RDF201;Civil engineering, maritime engineering, transport engineering, and mining engineering;0.8177928924560547;RDF202;Industrial, systems and processes engineering;0.6963972449302673;RDF103;Physical sciences;0.5194908380508423
885;Understanding the limits of risk instruments in an era of climate change: An exploration of the institutional geographies of climate services in Europe (Geography, urban planning and related fields);RDF20-21;Engineering and technology;0.5733790993690491;RDF10;Natural sciences;0.1357579082250595;RDF50;Social sciences;0.11945545673370361;RDF105;Earth and related environmental sciences;0.6934210658073425;RDF201;Civil engineering, maritime engineering, transport engineering, and mining engineering;0.6418433785438538;RDF104;Chemical sciences;0.4518536627292633;RDF208;Environmental engineering and related engineering;0.22371606528759003;RDF107;Other natural sciences;0.1308952271938324
886;Randomized Double-Blind Placebo-Controlled Clinical Trial to Assess the Efficacy of Mycophenolate Mofetil in Subclinical Interstitial Lung Disease Associated with Systemic Sclerosis: a Feasibility Study;RDF30;Medical, health and life sciences;0.8343297839164734;RDF20-21;Engineering and technology;0.07393355667591095;RDF40;Agricultural and veterinary sciences;0.03373786807060242;RDF302;Clinical medicine;0.9824061989784241;RDF303;Health sciences;0.9784464836120605;RDF104;Chemical sciences;0.8849372267723083;RDF301;Basic medicine and life sciences;0.8024781346321106;RDF106;Biological sciences;0.5958232879638672
887;Novel transition support program for young people with disabilities and their families: Identifying most important outcomes for program key stakeholders;RDF20-21;Engineering and technology;0.28848621249198914;RDF50;Social sciences;0.20129750669002533;RDF30;Medical, health and life sciences;0.14135412871837616;RDF604;Arts (arts, history of arts, performing arts, music), architecture and design;0.7288930416107178;RDF201;Civil engineering, maritime engineering, transport engineering, and mining engineering;0.5595006346702576;RDF509;Other social sciences;0.2859697937965393;RDF506;Political science and policy administration;0.27449721097946167;RDF102;Computer and information sciences;0.2148561328649521
888;Advancing knowledge and developping mechanistic quantitative tools for in vitro-in vivo extrapolations in pharmacokinetics and toxicokinetics (Biological Systems and Functions);RDF20-21;Engineering and technology;0.501552164554596;RDF10;Natural sciences;0.2691177725791931;RDF30;Medical, health and life sciences;0.1530955284833908;RDF106;Biological sciences;0.8795611262321472;RDF103;Physical sciences;0.8636792898178101;RDF104;Chemical sciences;0.8556100130081177;RDF301;Basic medicine and life sciences;0.6772072315216064;RDF107;Other natural sciences;0.15804435312747955
889;Modeling and optimization for advanced management of the complex products for the robust circular economy in Canada (Civil, Industrial and Systems Engineering);RDF20-21;Engineering and technology;0.7795303463935852;RDF40;Agricultural and veterinary sciences;0.10847543179988861;RDF50;Social sciences;0.04546281322836876;RDF201;Civil engineering, maritime engineering, transport engineering, and mining engineering;0.8901987671852112;RDF104;Chemical sciences;0.83887779712677;RDF202;Industrial, systems and processes engineering;0.8342043161392212;RDF102;Computer and information sciences;0.7074299454689026;RDF401;Agriculture, forestry, and fisheries;0.625579297542572
890;Advanced Manufacturing of Intelligent Structures (Mechanical Engineering);RDF20-21;Engineering and technology;0.7995980978012085;RDF40;Agricultural and veterinary sciences;0.059878189116716385;RDF30;Medical, health and life sciences;0.04915834963321686;RDF204;Mechanical engineering;0.9936240911483765;RDF202;Industrial, systems and processes engineering;0.9433476328849792;RDF104;Chemical sciences;0.7951018214225769;RDF201;Civil engineering, maritime engineering, transport engineering, and mining engineering;0.779992938041687;RDF102;Computer and information sciences;0.6177360415458679
891;Multimodal Sensing Guidewire with Random Optical Gratings by Ultraviolet laser Exposure for Peripheral Vascular Interventions (Medical Physics & Imaging);RDF30;Medical, health and life sciences;0.598771333694458;RDF20-21;Engineering and technology;0.36246457695961;RDF10;Natural sciences;0.015693996101617813;RDF207;Medical and biomedical engineering;0.8415002822875977;RDF103;Physical sciences;0.8361536264419556;RDF104;Chemical sciences;0.8269215822219849;RDF302;Clinical medicine;0.801314651966095;RDF303;Health sciences;0.7083638906478882
892;Intelligent mobility management in emerging vehicular networks (Computer Science);RDF20-21;Engineering and technology;0.8072707056999207;RDF40;Agricultural and veterinary sciences;0.046805594116449356;RDF50;Social sciences;0.040191639214754105;RDF102;Computer and information sciences;0.9925249218940735;RDF201;Civil engineering, maritime engineering, transport engineering, and mining engineering;0.941493034362793;RDF203;Electrical engineering, computer engineering, and information engineering;0.7389988303184509;RDF202;Industrial, systems and processes engineering;0.6040011644363403;RDF604;Arts (arts, history of arts, performing arts, music), architecture and design;0.10937238484621048
893;Chemical biology strategies for discovery and profiling of glycan-protein interactions (Chemistry);RDF20-21;Engineering and technology;0.321823388338089;RDF10;Natural sciences;0.24944593012332916;RDF40;Agricultural and veterinary sciences;0.2271716147661209;RDF104;Chemical sciences;0.9925538301467896;RDF106;Biological sciences;0.9549424648284912;RDF301;Basic medicine and life sciences;0.8366879820823669;RDF103;Physical sciences;0.818591833114624;RDF202;Industrial, systems and processes engineering;0.47505733370780945
894;Local and global biomechanical properties of the eye as new glaucoma risk factors (Medical Physics & Imaging);RDF30;Medical, health and life sciences;0.8541743755340576;RDF20-21;Engineering and technology;0.06184597685933113;RDF10;Natural sciences;0.047372668981552124;RDF104;Chemical sciences;0.8566924333572388;RDF301;Basic medicine and life sciences;0.8541562557220459;RDF302;Clinical medicine;0.8239667415618896;RDF106;Biological sciences;0.820900559425354;RDF103;Physical sciences;0.7815808057785034
895;L'accessibilité des médias: éduquer pour ouvrir le dialogue;RDF50;Social sciences;0.6374282240867615;RDF20-21;Engineering and technology;0.14978478848934174;RDF60;Humanities and the arts;0.11053204536437988;RDF508;Media and communications;0.9936487078666687;RDF604;Arts (arts, history of arts, performing arts, music), architecture and design;0.8980534672737122;RDF503;Education;0.793105959892273;RDF104;Chemical sciences;0.7201715111732483;RDF201;Civil engineering, maritime engineering, transport engineering, and mining engineering;0.4890764355659485
896;Free prior and informed consent, social equity and the forest sector: A comparison of the Forest Stewardship Council certification regime in Canada, Sweden and Russia (Geography, urban planning and related fields);RDF10;Natural sciences;0.3030845522880554;RDF40;Agricultural and veterinary sciences;0.2720150947570801;RDF50;Social sciences;0.18722711503505707;RDF401;Agriculture, forestry, and fisheries;0.8288695812225342;RDF105;Earth and related environmental sciences;0.5571602582931519;RDF201;Civil engineering, maritime engineering, transport engineering, and mining engineering;0.48947301506996155;RDF208;Environmental engineering and related engineering;0.3609112799167633;RDF507;Social and economic geography;0.28378140926361084
897;Water reuse: innovative monitoring technologies for risk reduction (Civil, Industrial and Systems Engineering);RDF20-21;Engineering and technology;0.7157385349273682;RDF40;Agricultural and veterinary sciences;0.1151982769370079;RDF10;Natural sciences;0.07142353802919388;RDF201;Civil engineering, maritime engineering, transport engineering, and mining engineering;0.9481545090675354;RDF208;Environmental engineering and related engineering;0.8701013922691345;RDF104;Chemical sciences;0.8112278580665588;RDF202;Industrial, systems and processes engineering;0.7718434929847717;RDF105;Earth and related environmental sciences;0.654315173625946
898;Difficultés psychosociales, scolaires et milieux de vie différentiels d'enfants issus de la diversité ethnoculturelle recevant, ou non, des services de protection de la jeunesse (Education and social work);RDF50;Social sciences;0.8477063179016113;RDF20-21;Engineering and technology;0.050561901181936264;RDF40;Agricultural and veterinary sciences;0.03312693536281586;RDF503;Education;0.7751370668411255;RDF504;Sociology and related studies;0.6783536076545715;RDF509;Other social sciences;0.2957890033721924;RDF501;Psychology and cognitive sciences;0.2745458483695984;RDF507;Social and economic geography;0.08359067142009735
899;Participation jeunesse Autochtone dans la prise de décision en milieu scolaire (Education and social work);RDF50;Social sciences;0.6215497255325317;RDF20-21;Engineering and technology;0.12043409794569016;RDF60;Humanities and the arts;0.09162143617868423;RDF503;Education;0.9351098537445068;RDF201;Civil engineering, maritime engineering, transport engineering, and mining engineering;0.5626721382141113;RDF604;Arts (arts, history of arts, performing arts, music), architecture and design;0.3350788354873657;RDF509;Other social sciences;0.2822456359863281;RDF504;Sociology and related studies;0.24903610348701477
900;Bioinformatics-powered genetic characterization of the impact of biological systems on Alzheimer's disease and neurodegeneration;RDF30;Medical, health and life sciences;0.42447370290756226;RDF20-21;Engineering and technology;0.31191936135292053;RDF10;Natural sciences;0.11877483129501343;RDF106;Biological sciences;0.9580695033073425;RDF102;Computer and information sciences;0.8346765041351318;RDF104;Chemical sciences;0.7386690974235535;RDF201;Civil engineering, maritime engineering, transport engineering, and mining engineering;0.7117064595222473;RDF202;Industrial, systems and processes engineering;0.5923166275024414
901;Identification of functional epigenomic regions in sperm that are environmentally responsive and associate with fertility and embryo development;RDF30;Medical, health and life sciences;0.4847870171070099;RDF20-21;Engineering and technology;0.1710718423128128;RDF10;Natural sciences;0.16957488656044006;RDF106;Biological sciences;0.8772666454315186;RDF302;Clinical medicine;0.8613633513450623;RDF301;Basic medicine and life sciences;0.8470844030380249;RDF104;Chemical sciences;0.8066242337226868;RDF105;Earth and related environmental sciences;0.50067138671875
902;Le jeu symbolique en classe d'éducation préscolaire 4 ans: Relations entre la pensée sociale, la maturité du jeu et l'acceptation sociale (Education and social work);RDF50;Social sciences;0.6632835865020752;RDF20-21;Engineering and technology;0.1040283590555191;RDF60;Humanities and the arts;0.0867493525147438;RDF503;Education;0.9903663396835327;RDF509;Other social sciences;0.11521198600530624;RDF104;Chemical sciences;0.11516223102807999;RDF604;Arts (arts, history of arts, performing arts, music), architecture and design;0.10087862610816956;RDF501;Psychology and cognitive sciences;0.09130105376243591
903;Evaluation of supervised consumption services in Montreal in the context of COVID-19 (Evaluation of Harm Reduction Approaches to Address the Opioid Crisis);RDF30;Medical, health and life sciences;0.29641979932785034;RDF20-21;Engineering and technology;0.29425665736198425;RDF10;Natural sciences;0.13153548538684845;RDF303;Health sciences;0.6395672559738159;RDF104;Chemical sciences;0.43376410007476807;RDF502;Economics and business administration;0.3213002681732178;RDF301;Basic medicine and life sciences;0.14517594873905182;RDF201;Civil engineering, maritime engineering, transport engineering, and mining engineering;0.12738099694252014
904;Pacing Brain Rhythms (Biological Systems and Functions);RDF30;Medical, health and life sciences;0.3101274371147156;RDF10;Natural sciences;0.27874401211738586;RDF20-21;Engineering and technology;0.17539435625076294;RDF106;Biological sciences;0.9001354575157166;RDF104;Chemical sciences;0.778607189655304;RDF301;Basic medicine and life sciences;0.7039821147918701;RDF102;Computer and information sciences;0.6305996179580688;RDF103;Physical sciences;0.5834128856658936
905;Representation Learning for Lifelong Learning (Computer Science);RDF20-21;Engineering and technology;0.4719323515892029;RDF40;Agricultural and veterinary sciences;0.153701052069664;RDF50;Social sciences;0.11030203849077225;RDF102;Computer and information sciences;0.9908567070960999;RDF201;Civil engineering, maritime engineering, transport engineering, and mining engineering;0.9174506664276123;RDF503;Education;0.876581609249115;RDF104;Chemical sciences;0.7959754467010498;RDF202;Industrial, systems and processes engineering;0.7929456233978271
906;Inverse Design by Duality;RDF20-21;Engineering and technology;0.25386303663253784;RDF30;Medical, health and life sciences;0.2411167472600937;RDF60;Humanities and the arts;0.15768006443977356;RDF102;Computer and information sciences;0.9743860960006714;RDF604;Arts (arts, history of arts, performing arts, music), architecture and design;0.9532750844955444;RDF202;Industrial, systems and processes engineering;0.9500414729118347;RDF103;Physical sciences;0.919498085975647;RDF201;Civil engineering, maritime engineering, transport engineering, and mining engineering;0.915808916091919
907;How is cell morphogenesis regulated during mitosis? (Genes, Cells and Molecules);RDF30;Medical, health and life sciences;0.5115985870361328;RDF20-21;Engineering and technology;0.19878579676151276;RDF10;Natural sciences;0.11308513581752777;RDF106;Biological sciences;0.9801482558250427;RDF103;Physical sciences;0.9767802357673645;RDF104;Chemical sciences;0.938180685043335;RDF301;Basic medicine and life sciences;0.9032515287399292;RDF201;Civil engineering, maritime engineering, transport engineering, and mining engineering;0.8040599822998047
908;Superconducting single photon detectors for quantum optics and spectroscopy up to 2.5 microns (Physics);RDF20-21;Engineering and technology;0.8641818165779114;RDF10;Natural sciences;0.06315375119447708;RDF40;Agricultural and veterinary sciences;0.027509119361639023;RDF103;Physical sciences;0.9969603419303894;RDF104;Chemical sciences;0.9150528907775879;RDF102;Computer and information sciences;0.39001110196113586;RDF201;Civil engineering, maritime engineering, transport engineering, and mining engineering;0.32772207260131836;RDF202;Industrial, systems and processes engineering;0.2030746191740036
909;The effects of neuropsychiatric CNVs on the integrity of brain structure and connectivity (Behavioural Sciences);RDF30;Medical, health and life sciences;0.3076605796813965;RDF20-21;Engineering and technology;0.30289074778556824;RDF50;Social sciences;0.14120158553123474;RDF301;Basic medicine and life sciences;0.8045595288276672;RDF501;Psychology and cognitive sciences;0.8028261661529541;RDF201;Civil engineering, maritime engineering, transport engineering, and mining engineering;0.4432690441608429;RDF106;Biological sciences;0.36424028873443604;RDF604;Arts (arts, history of arts, performing arts, music), architecture and design;0.2170884609222412
910;De villes adaptées à la vieillesse aux territoires inclusifs et exempts d'âgisme : vers un changement de perspective sur l'aménagement urbain des municipalités favorisant le vieillissement ?;RDF50;Social sciences;0.2671486735343933;RDF20-21;Engineering and technology;0.1881462186574936;RDF30;Medical, health and life sciences;0.15936605632305145;RDF504;Sociology and related studies;0.9319595694541931;RDF507;Social and economic geography;0.9063634276390076;RDF201;Civil engineering, maritime engineering, transport engineering, and mining engineering;0.5875807404518127;RDF506;Political science and policy administration;0.35289835929870605;RDF101;Mathematics and statistics;0.22329235076904297
911;Environmental fate of emerging contaminants (Geosciences);RDF20-21;Engineering and technology;0.3799845576286316;RDF10;Natural sciences;0.258432000875473;RDF40;Agricultural and veterinary sciences;0.1569000780582428;RDF105;Earth and related environmental sciences;0.9818753004074097;RDF208;Environmental engineering and related engineering;0.9070243835449219;RDF201;Civil engineering, maritime engineering, transport engineering, and mining engineering;0.7633515000343323;RDF202;Industrial, systems and processes engineering;0.4111034870147705;RDF104;Chemical sciences;0.12656910717487335
912;Du disque à l'oeuvre. Musique, arts visuels, cinéma;RDF20-21;Engineering and technology;0.6803100109100342;RDF60;Humanities and the arts;0.14287951588630676;RDF50;Social sciences;0.049065399914979935;RDF604;Arts (arts, history of arts, performing arts, music), architecture and design;0.6094233989715576;RDF104;Chemical sciences;0.5798168182373047;RDF103;Physical sciences;0.5309661626815796;RDF508;Media and communications;0.48651450872421265;RDF302;Clinical medicine;0.3303091526031494
913;Decoding the role of DNMT1 in the Inherited Dysregulation of Epigenetic Marks using Embryonic Cells (Genes, Cells and Molecules);RDF20-21;Engineering and technology;0.6191627979278564;RDF30;Medical, health and life sciences;0.15411241352558136;RDF10;Natural sciences;0.1326911300420761;RDF106;Biological sciences;0.9266363382339478;RDF104;Chemical sciences;0.9142524600028992;RDF103;Physical sciences;0.9003108739852905;RDF102;Computer and information sciences;0.7093715667724609;RDF301;Basic medicine and life sciences;0.6903764605522156
914;Computational Methods for Verification and Validation with Applications in Mechanics (Mechanical Engineering);RDF20-21;Engineering and technology;0.7413195967674255;RDF40;Agricultural and veterinary sciences;0.13005447387695312;RDF30;Medical, health and life sciences;0.04109365865588188;RDF204;Mechanical engineering;0.9926541447639465;RDF104;Chemical sciences;0.9267690181732178;RDF102;Computer and information sciences;0.9257686138153076;RDF201;Civil engineering, maritime engineering, transport engineering, and mining engineering;0.7661624550819397;RDF103;Physical sciences;0.6781138777732849
915;Inter-cellular causality in the formation and degradation of the vascular glycocalyx;RDF30;Medical, health and life sciences;0.3485669791698456;RDF20-21;Engineering and technology;0.29180797934532166;RDF10;Natural sciences;0.1522032916545868;RDF104;Chemical sciences;0.9577939510345459;RDF103;Physical sciences;0.9437636733055115;RDF302;Clinical medicine;0.9200026392936707;RDF106;Biological sciences;0.9165588617324829;RDF301;Basic medicine and life sciences;0.9109422564506531
916;L'écologie et des paysages combinatoires : vers une collaboration permanente avec la nature (Geography, urban planning and related fields);RDF20-21;Engineering and technology;0.3088211417198181;RDF40;Agricultural and veterinary sciences;0.215171217918396;RDF10;Natural sciences;0.20471718907356262;RDF201;Civil engineering, maritime engineering, transport engineering, and mining engineering;0.5644736289978027;RDF208;Environmental engineering and related engineering;0.3840021789073944;RDF105;Earth and related environmental sciences;0.295941561460495;RDF107;Other natural sciences;0.11807966232299805;RDF604;Arts (arts, history of arts, performing arts, music), architecture and design;0.08985311537981033
917;An optimization framework for comparative, multi-species studies of visual systems (Biological Systems and Functions);RDF20-21;Engineering and technology;0.3762584328651428;RDF10;Natural sciences;0.24403412640094757;RDF40;Agricultural and veterinary sciences;0.152303084731102;RDF604;Arts (arts, history of arts, performing arts, music), architecture and design;0.820900559425354;RDF201;Civil engineering, maritime engineering, transport engineering, and mining engineering;0.6795642375946045;RDF106;Biological sciences;0.47696030139923096;RDF104;Chemical sciences;0.3351331949234009;RDF102;Computer and information sciences;0.231440469622612
918;A novel web-based mental health intervention integrating peer support and clinical moderation to enhance recovery and prevent relapse in adults diagnosed with psychotic disorders: A pragmatic feasibility study of Horyzons-Canada (Health Services Evaluation & Interventions Research);RDF30;Medical, health and life sciences;0.8456759452819824;RDF50;Social sciences;0.05800032988190651;RDF20-21;Engineering and technology;0.03320935368537903;RDF303;Health sciences;0.9698711037635803;RDF501;Psychology and cognitive sciences;0.7781439423561096;RDF305;Other medical sciences;0.1766715943813324;RDF301;Basic medicine and life sciences;0.1350608617067337;RDF102;Computer and information sciences;0.13061775267124176
919;Maternal Diabetes Induces Perinatal Programming of Chronic Kidney Disease: The Role of Hedgehog Interacting Protein (Hhip) (Clinical Investigation – Reproduction, Maternal, Child and Youth Health);RDF30;Medical, health and life sciences;0.8719947934150696;RDF40;Agricultural and veterinary sciences;0.04122420772910118;RDF20-21;Engineering and technology;0.03557220846414566;RDF303;Health sciences;0.9760379791259766;RDF302;Clinical medicine;0.9616780281066895;RDF104;Chemical sciences;0.7126323580741882;RDF301;Basic medicine and life sciences;0.6899588704109192;RDF106;Biological sciences;0.5563769936561584
920;Urgent Replacement of a Platform for Gaseous Chemistry and Catalysis (Chemistry);RDF20-21;Engineering and technology;0.7626699805259705;RDF40;Agricultural and veterinary sciences;0.0684887245297432;RDF10;Natural sciences;0.055518049746751785;RDF104;Chemical sciences;0.9627081751823425;RDF202;Industrial, systems and processes engineering;0.8551267981529236;RDF205;Chemical engineering;0.849784255027771;RDF201;Civil engineering, maritime engineering, transport engineering, and mining engineering;0.8456240296363831;RDF102;Computer and information sciences;0.7854731678962708
921;CAN OSTEOCLAST BIOMARKERS DETECT EXCESSIVE SUBCHONDRAL BONE RESORPTION IN RACEHORSES? (Genes, Cells and Molecules);RDF30;Medical, health and life sciences;0.3287162184715271;RDF20-21;Engineering and technology;0.31829169392585754;RDF10;Natural sciences;0.20904678106307983;RDF106;Biological sciences;0.9469411969184875;RDF103;Physical sciences;0.9431908130645752;RDF104;Chemical sciences;0.9320214986801147;RDF301;Basic medicine and life sciences;0.578658401966095;RDF207;Medical and biomedical engineering;0.5640984773635864
922;Agrégateur numérique de paysages urbains;RDF20-21;Engineering and technology;0.44520676136016846;RDF40;Agricultural and veterinary sciences;0.17847995460033417;RDF60;Humanities and the arts;0.10244238376617432;RDF604;Arts (arts, history of arts, performing arts, music), architecture and design;0.9164840579032898;RDF104;Chemical sciences;0.6472549438476562;RDF202;Industrial, systems and processes engineering;0.6266883611679077;RDF201;Civil engineering, maritime engineering, transport engineering, and mining engineering;0.5165040493011475;RDF102;Computer and information sciences;0.4240690767765045
923;Study of the effect of sex on drugs dosing, concentrations and pharmacogenomics (Gender, Sex & Health);RDF30;Medical, health and life sciences;0.5001210570335388;RDF20-21;Engineering and technology;0.15464448928833008;RDF50;Social sciences;0.12254497408866882;RDF301;Basic medicine and life sciences;0.8301814794540405;RDF303;Health sciences;0.8260813355445862;RDF106;Biological sciences;0.7876046299934387;RDF104;Chemical sciences;0.7478922605514526;RDF302;Clinical medicine;0.5521020293235779
924;Biosecurity 2.0 for the modern Canadian dairy farm (Biological Systems and Functions);RDF40;Agricultural and veterinary sciences;0.4196051359176636;RDF20-21;Engineering and technology;0.30415481328964233;RDF10;Natural sciences;0.16121037304401398;RDF106;Biological sciences;0.8824278712272644;RDF104;Chemical sciences;0.8463239073753357;RDF401;Agriculture, forestry, and fisheries;0.824603259563446;RDF402;Animal and dairy sciences;0.7931860685348511;RDF201;Civil engineering, maritime engineering, transport engineering, and mining engineering;0.7451666593551636
925;Et si on revenait à l'étude des comportements de leadership : le rôle du style parental et de la motivation comme prédicteurs des comportements de partage de ressources d'élèves officiers (Psychology, linguistics and translation);RDF50;Social sciences;0.8142955303192139;RDF20-21;Engineering and technology;0.052107032388448715;RDF10;Natural sciences;0.04417949914932251;RDF501;Psychology and cognitive sciences;0.9199307560920715;RDF503;Education;0.8369547724723816;RDF504;Sociology and related studies;0.8050963878631592;RDF509;Other social sciences;0.18330106139183044;RDF107;Other natural sciences;0.17279909551143646
926;Penser le temps de la maladie chronique : l'expertise littéraire à l'appui des pratiques de soin (Literature);RDF60;Humanities and the arts;0.36211302876472473;RDF30;Medical, health and life sciences;0.33392006158828735;RDF20-21;Engineering and technology;0.17725704610347748;RDF604;Arts (arts, history of arts, performing arts, music), architecture and design;0.9237300753593445;RDF303;Health sciences;0.9231084585189819;RDF301;Basic medicine and life sciences;0.8101786971092224;RDF106;Biological sciences;0.5648637413978577;RDF302;Clinical medicine;0.4881308674812317
927;Non-releasing alginate hydrogels for analyte sensing and detoxification (Materials and Chemical Engineering);RDF20-21;Engineering and technology;0.4745352268218994;RDF30;Medical, health and life sciences;0.23514151573181152;RDF40;Agricultural and veterinary sciences;0.17342481017112732;RDF104;Chemical sciences;0.8246738314628601;RDF301;Basic medicine and life sciences;0.7442382574081421;RDF105;Earth and related environmental sciences;0.7397045493125916;RDF201;Civil engineering, maritime engineering, transport engineering, and mining engineering;0.7234071493148804;RDF106;Biological sciences;0.7174575328826904
928;Quantifying Indigenous family disruption and resilience at the beginning of the 20th century through historical census data (Sociology, demography and related fields);RDF50;Social sciences;0.38046008348464966;RDF10;Natural sciences;0.17710323631763458;RDF20-21;Engineering and technology;0.13900992274284363;RDF504;Sociology and related studies;0.8803863525390625;RDF509;Other social sciences;0.16231364011764526;RDF101;Mathematics and statistics;0.12989862263202667;RDF107;Other natural sciences;0.08306849747896194;RDF201;Civil engineering, maritime engineering, transport engineering, and mining engineering;0.06960496306419373
929;The impact of biological sex on the brain language network (Biological Systems and Functions);RDF30;Medical, health and life sciences;0.3875466287136078;RDF20-21;Engineering and technology;0.25279784202575684;RDF10;Natural sciences;0.22782690823078156;RDF106;Biological sciences;0.9310247898101807;RDF604;Arts (arts, history of arts, performing arts, music), architecture and design;0.8510266542434692;RDF104;Chemical sciences;0.8160402178764343;RDF301;Basic medicine and life sciences;0.8066622614860535;RDF102;Computer and information sciences;0.7707668542861938
930;Tracking the beat of music: Mechanisms underpinning inter-individual differences and effects on rhythm learning (Biological Systems and Functions);RDF20-21;Engineering and technology;0.38745447993278503;RDF10;Natural sciences;0.3180895149707794;RDF60;Humanities and the arts;0.09437204152345657;RDF604;Arts (arts, history of arts, performing arts, music), architecture and design;0.9424538016319275;RDF201;Civil engineering, maritime engineering, transport engineering, and mining engineering;0.673782229423523;RDF106;Biological sciences;0.6476311087608337;RDF504;Sociology and related studies;0.617872953414917;RDF501;Psychology and cognitive sciences;0.5628374218940735
931;The role of rhythm in the development of speech perception and production (Biological Systems and Functions);RDF20-21;Engineering and technology;0.263857901096344;RDF10;Natural sciences;0.21477697789669037;RDF30;Medical, health and life sciences;0.16733485460281372;RDF604;Arts (arts, history of arts, performing arts, music), architecture and design;0.9337335824966431;RDF106;Biological sciences;0.9022225737571716;RDF503;Education;0.886322021484375;RDF301;Basic medicine and life sciences;0.839602530002594;RDF504;Sociology and related studies;0.7629542946815491
932;Development of an Intelligent Design Support Tool for Integrated Design of Multidomain Systems (Mechanical Engineering);RDF20-21;Engineering and technology;0.8369622230529785;RDF40;Agricultural and veterinary sciences;0.05827820301055908;RDF50;Social sciences;0.029635073617100716;RDF204;Mechanical engineering;0.9897612929344177;RDF102;Computer and information sciences;0.948775053024292;RDF201;Civil engineering, maritime engineering, transport engineering, and mining engineering;0.8709269762039185;RDF202;Industrial, systems and processes engineering;0.7859253883361816;RDF104;Chemical sciences;0.663587212562561
933;Dynamiques socioreligieuses, laïcité et espaces municipaux québécois (Multidisciplinary or interdisciplinary social sciences);RDF50;Social sciences;0.44103872776031494;RDF20-21;Engineering and technology;0.32472556829452515;RDF60;Humanities and the arts;0.0866762176156044;RDF504;Sociology and related studies;0.4785745143890381;RDF601;History, archaeology and related studies;0.08709682524204254;RDF604;Arts (arts, history of arts, performing arts, music), architecture and design;0.05970173701643944;RDF509;Other social sciences;0.03956455737352371;RDF201;Civil engineering, maritime engineering, transport engineering, and mining engineering;0.03825005888938904
934;Optimization and Planning Models for more Sustainable Agrifood Logistics;RDF20-21;Engineering and technology;0.5529741644859314;RDF40;Agricultural and veterinary sciences;0.23363009095191956;RDF50;Social sciences;0.08369068801403046;RDF401;Agriculture, forestry, and fisheries;0.9858956933021545;RDF202;Industrial, systems and processes engineering;0.8764758706092834;RDF201;Civil engineering, maritime engineering, transport engineering, and mining engineering;0.819604754447937;RDF102;Computer and information sciences;0.6975316405296326;RDF104;Chemical sciences;0.6592132449150085
935;Men's migration, social support, and women's health and well-being in three diverse contexts (Sociology, demography and related fields);RDF50;Social sciences;0.43881142139434814;RDF30;Medical, health and life sciences;0.1302836835384369;RDF10;Natural sciences;0.12250978499650955;RDF504;Sociology and related studies;0.6978663802146912;RDF509;Other social sciences;0.19783161580562592;RDF301;Basic medicine and life sciences;0.14438997209072113;RDF305;Other medical sciences;0.13500383496284485;RDF201;Civil engineering, maritime engineering, transport engineering, and mining engineering;0.12819735705852509
936;Child maltreatment, emotion regulation and sexual wellbeing over time in women with low sexual desire and their partners (Psychology);RDF30;Medical, health and life sciences;0.4225929379463196;RDF50;Social sciences;0.22055362164974213;RDF10;Natural sciences;0.10902214050292969;RDF501;Psychology and cognitive sciences;0.9899670481681824;RDF301;Basic medicine and life sciences;0.8388118743896484;RDF303;Health sciences;0.515254020690918;RDF305;Other medical sciences;0.20157736539840698;RDF509;Other social sciences;0.17996250092983246
937;Détresse, formes d'exclusion et héritage migratoire : trajectoire sociale et subjectivité des personnes descendantes de migrants asiatiques (Education and social work);RDF50;Social sciences;0.6828054189682007;RDF60;Humanities and the arts;0.1759512573480606;RDF20-21;Engineering and technology;0.05178540199995041;RDF504;Sociology and related studies;0.7281204462051392;RDF503;Education;0.6772339344024658;RDF509;Other social sciences;0.492676317691803;RDF604;Arts (arts, history of arts, performing arts, music), architecture and design;0.3976460099220276;RDF501;Psychology and cognitive sciences;0.2785510718822479
938;Elucidating the roles of miRNAs and Hippo signaling on lineage specification in the human and mouse embryo (Endocrinology);RDF20-21;Engineering and technology;0.41688305139541626;RDF30;Medical, health and life sciences;0.28512364625930786;RDF10;Natural sciences;0.19349035620689392;RDF106;Biological sciences;0.9236611723899841;RDF301;Basic medicine and life sciences;0.9170801639556885;RDF104;Chemical sciences;0.667635440826416;RDF303;Health sciences;0.24798743426799774;RDF302;Clinical medicine;0.23065970838069916
939;Enabling Collaborative and Intelligent Service Provisioning in Mobile Edge Networks;RDF20-21;Engineering and technology;0.7590163946151733;RDF40;Agricultural and veterinary sciences;0.07670993357896805;RDF50;Social sciences;0.06062331795692444;RDF102;Computer and information sciences;0.9843814373016357;RDF201;Civil engineering, maritime engineering, transport engineering, and mining engineering;0.7523311376571655;RDF104;Chemical sciences;0.5309661626815796;RDF203;Electrical engineering, computer engineering, and information engineering;0.48450204730033875;RDF105;Earth and related environmental sciences;0.42759090662002563
940;Intelligent Predictive Maintenance 4.0 for Heavy-duty Electrical Bus;RDF20-21;Engineering and technology;0.7645894885063171;RDF30;Medical, health and life sciences;0.06772875785827637;RDF40;Agricultural and veterinary sciences;0.06431244313716888;RDF102;Computer and information sciences;0.9844712615013123;RDF202;Industrial, systems and processes engineering;0.9765576720237732;RDF201;Civil engineering, maritime engineering, transport engineering, and mining engineering;0.9405171871185303;RDF104;Chemical sciences;0.853302538394928;RDF103;Physical sciences;0.8416305184364319
941;Investigating mitochondrial biogenesis rheostat functions in skin aging: stress sensing and control of immunometabolic landscapes;RDF30;Medical, health and life sciences;0.4485477805137634;RDF10;Natural sciences;0.2253238558769226;RDF20-21;Engineering and technology;0.20099516212940216;RDF106;Biological sciences;0.9577544927597046;RDF301;Basic medicine and life sciences;0.9470881819725037;RDF104;Chemical sciences;0.8944672346115112;RDF303;Health sciences;0.8747207522392273;RDF302;Clinical medicine;0.8689380288124084
942;Role of the Calcitonin Receptor System in Cardiac Physiology and Remodeling;RDF30;Medical, health and life sciences;0.5527609586715698;RDF20-21;Engineering and technology;0.34930354356765747;RDF10;Natural sciences;0.047812819480895996;RDF104;Chemical sciences;0.9662197828292847;RDF302;Clinical medicine;0.9655764698982239;RDF303;Health sciences;0.9474783539772034;RDF301;Basic medicine and life sciences;0.941600501537323;RDF103;Physical sciences;0.9406263828277588
943;Predicting the Progression and Brace Treatment Response in Spinal Deformities with Temporal-based Machine Learning Approaches (Biomedical Engineering);RDF30;Medical, health and life sciences;0.49491801857948303;RDF20-21;Engineering and technology;0.3568243682384491;RDF10;Natural sciences;0.0751238539814949;RDF106;Biological sciences;0.8696038722991943;RDF303;Health sciences;0.8557305932044983;RDF207;Medical and biomedical engineering;0.8515828847885132;RDF301;Basic medicine and life sciences;0.8288002610206604;RDF302;Clinical medicine;0.6991516947746277
944;Boosting the Productivity of a Graying Workforce;RDF20-21;Engineering and technology;0.6796383261680603;RDF40;Agricultural and veterinary sciences;0.11610221862792969;RDF50;Social sciences;0.061092011630535126;RDF202;Industrial, systems and processes engineering;0.9798612594604492;RDF102;Computer and information sciences;0.9786515235900879;RDF104;Chemical sciences;0.9593831896781921;RDF502;Economics and business administration;0.9592307209968567;RDF201;Civil engineering, maritime engineering, transport engineering, and mining engineering;0.8763701319694519
945;The Biophysics of Cold Plasmas in Cancer Therapy (Physics);RDF30;Medical, health and life sciences;0.4537754952907562;RDF10;Natural sciences;0.2519482374191284;RDF20-21;Engineering and technology;0.19979465007781982;RDF103;Physical sciences;0.9978172779083252;RDF104;Chemical sciences;0.9653485417366028;RDF301;Basic medicine and life sciences;0.9318356513977051;RDF106;Biological sciences;0.8883720636367798;RDF201;Civil engineering, maritime engineering, transport engineering, and mining engineering;0.5523133277893066
946;Virage numérique dans le développement de techniques avancées en soins personnalisés (Physics);RDF20-21;Engineering and technology;0.36410102248191833;RDF30;Medical, health and life sciences;0.2639060318470001;RDF10;Natural sciences;0.15790319442749023;RDF103;Physical sciences;0.9865975975990295;RDF104;Chemical sciences;0.9015745520591736;RDF303;Health sciences;0.8033667206764221;RDF501;Psychology and cognitive sciences;0.7455836534500122;RDF105;Earth and related environmental sciences;0.5045164823532104
947;Rencontres « droits et résistances numériques en contexte francophone »;RDF20-21;Engineering and technology;0.5548108220100403;RDF60;Humanities and the arts;0.14480173587799072;RDF40;Agricultural and veterinary sciences;0.11026698350906372;RDF604;Arts (arts, history of arts, performing arts, music), architecture and design;0.796846330165863;RDF508;Media and communications;0.6700417995452881;RDF201;Civil engineering, maritime engineering, transport engineering, and mining engineering;0.6341274380683899;RDF102;Computer and information sciences;0.6075468063354492;RDF105;Earth and related environmental sciences;0.5927402377128601
948;Caméra rapide haute résolution pour la mesure de nuages de bulles en écoulement à haute vitesse (Mechanical Engineering);RDF20-21;Engineering and technology;0.8314636945724487;RDF40;Agricultural and veterinary sciences;0.06321410089731216;RDF10;Natural sciences;0.04595578461885452;RDF204;Mechanical engineering;0.9917483925819397;RDF104;Chemical sciences;0.8181563019752502;RDF105;Earth and related environmental sciences;0.7804115414619446;RDF103;Physical sciences;0.6194353103637695;RDF202;Industrial, systems and processes engineering;0.6055589914321899
949;Predicting duration and rehospitalization of psychiatric emergency patients: The Signature BioBank;RDF30;Medical, health and life sciences;0.8217524290084839;RDF20-21;Engineering and technology;0.05897784233093262;RDF50;Social sciences;0.03798610344529152;RDF303;Health sciences;0.9252974390983582;RDF104;Chemical sciences;0.604143500328064;RDF106;Biological sciences;0.3610098361968994;RDF301;Basic medicine and life sciences;0.28621912002563477;RDF302;Clinical medicine;0.2779136896133423
950;Perceptions de justice dans les services : les cas des travailleurs de la restauration et des enseignants universitaires au Québec et en France (Sociology, demography and related fields);RDF50;Social sciences;0.6996431946754456;RDF20-21;Engineering and technology;0.07897836714982986;RDF40;Agricultural and veterinary sciences;0.06631189584732056;RDF504;Sociology and related studies;0.9155827760696411;RDF509;Other social sciences;0.4307173490524292;RDF503;Education;0.16033175587654114;RDF107;Other natural sciences;0.14767806231975555;RDF305;Other medical sciences;0.12978827953338623
951;L'impact de la rémunération tangible et intangible sur le roulement volontaire dans le secteur des TIC au Canada : une approche multiniveaux et longitudinale (Business, management and related fields);RDF20-21;Engineering and technology;0.793265163898468;RDF50;Social sciences;0.08316166698932648;RDF10;Natural sciences;0.0466950461268425;RDF102;Computer and information sciences;0.9054896235466003;RDF203;Electrical engineering, computer engineering, and information engineering;0.7136811017990112;RDF502;Economics and business administration;0.26402613520622253;RDF101;Mathematics and statistics;0.1827169954776764;RDF201;Civil engineering, maritime engineering, transport engineering, and mining engineering;0.08555634319782257
952;The Axolotl a model for vertebrate limb regeneration (Genes, Cells and Molecules);RDF30;Medical, health and life sciences;0.3107498288154602;RDF10;Natural sciences;0.306679904460907;RDF20-21;Engineering and technology;0.21651503443717957;RDF103;Physical sciences;0.9540517926216125;RDF106;Biological sciences;0.952397346496582;RDF104;Chemical sciences;0.883838951587677;RDF604;Arts (arts, history of arts, performing arts, music), architecture and design;0.7822884917259216;RDF202;Industrial, systems and processes engineering;0.7168880105018616
953;Microglial fatty acid signalling as a modulator of diet-induced neuroimmune responses in obesity (Diabetes, Obesity, Lipid & Lipoprotein Disorders);RDF30;Medical, health and life sciences;0.7669024467468262;RDF10;Natural sciences;0.07701651006937027;RDF20-21;Engineering and technology;0.06113366410136223;RDF303;Health sciences;0.9649543762207031;RDF301;Basic medicine and life sciences;0.8656221628189087;RDF104;Chemical sciences;0.8389438390731812;RDF302;Clinical medicine;0.7269105315208435;RDF106;Biological sciences;0.7109294533729553
954;Diversity and resilience of plant communities in isolated ecosystems (Evolution and Ecology);RDF10;Natural sciences;0.5099686980247498;RDF20-21;Engineering and technology;0.2196563482284546;RDF40;Agricultural and veterinary sciences;0.1110449805855751;RDF201;Civil engineering, maritime engineering, transport engineering, and mining engineering;0.7031164169311523;RDF104;Chemical sciences;0.6396797895431519;RDF106;Biological sciences;0.6121357679367065;RDF105;Earth and related environmental sciences;0.5655350089073181;RDF401;Agriculture, forestry, and fisheries;0.4366295635700226
955;Dynamic protein interaction networks to map molecular origins of envronmental and genomic variations (Genes, Cells and Molecules);RDF20-21;Engineering and technology;0.47167813777923584;RDF10;Natural sciences;0.27833443880081177;RDF40;Agricultural and veterinary sciences;0.10180851817131042;RDF103;Physical sciences;0.9599877595901489;RDF106;Biological sciences;0.9514589309692383;RDF104;Chemical sciences;0.8276193141937256;RDF102;Computer and information sciences;0.6620047688484192;RDF301;Basic medicine and life sciences;0.5206486582756042
956;Greening Social Work in Quebec: Exploring the Intersections of Environmental-Ecological Notions in Social Work Theory, Education, and Practice (Education and social work);RDF50;Social sciences;0.5093550086021423;RDF20-21;Engineering and technology;0.21483364701271057;RDF10;Natural sciences;0.13695724308490753;RDF503;Education;0.4248705208301544;RDF509;Other social sciences;0.4132033586502075;RDF504;Sociology and related studies;0.24229523539543152;RDF105;Earth and related environmental sciences;0.14761660993099213;RDF305;Other medical sciences;0.1212688758969307
957;L'oeuvre d'art comme «analyseur»: en quête d'une méthodologie (Fine arts, research-creation);RDF60;Humanities and the arts;0.5680006146430969;RDF20-21;Engineering and technology;0.2121427059173584;RDF40;Agricultural and veterinary sciences;0.08044169843196869;RDF604;Arts (arts, history of arts, performing arts, music), architecture and design;0.9755769371986389;RDF104;Chemical sciences;0.5792070627212524;RDF201;Civil engineering, maritime engineering, transport engineering, and mining engineering;0.3487005829811096;RDF105;Earth and related environmental sciences;0.19360435009002686;RDF301;Basic medicine and life sciences;0.18616902828216553
958;Control of bacterial cell shape through cell-wall remodeling (Microbiology & Infectious Diseases);RDF30;Medical, health and life sciences;0.5763639807701111;RDF20-21;Engineering and technology;0.15373128652572632;RDF40;Agricultural and veterinary sciences;0.14715099334716797;RDF106;Biological sciences;0.9343951344490051;RDF104;Chemical sciences;0.8962513208389282;RDF301;Basic medicine and life sciences;0.8139049410820007;RDF302;Clinical medicine;0.7737724184989929;RDF303;Health sciences;0.725210964679718
959;Role and therapeutic potential of the atypical MAP kinase ERK3 in basal-like breast cancer progression (Molecular & Cellular Biology of Cancer);RDF30;Medical, health and life sciences;0.6791583299636841;RDF10;Natural sciences;0.13940998911857605;RDF20-21;Engineering and technology;0.11510327458381653;RDF301;Basic medicine and life sciences;0.9847962856292725;RDF106;Biological sciences;0.9255670309066772;RDF103;Physical sciences;0.8961150646209717;RDF104;Chemical sciences;0.8431216478347778;RDF303;Health sciences;0.670284628868103
960;Personnalisation en temps réel d'interface en fonction de la charge cognitive des utilisateurs (Civil, Industrial and Systems Engineering);RDF20-21;Engineering and technology;0.7501338124275208;RDF40;Agricultural and veterinary sciences;0.06869157403707504;RDF50;Social sciences;0.06181572750210762;RDF102;Computer and information sciences;0.9583042860031128;RDF201;Civil engineering, maritime engineering, transport engineering, and mining engineering;0.8475896716117859;RDF203;Electrical engineering, computer engineering, and information engineering;0.6766198873519897;RDF202;Industrial, systems and processes engineering;0.5475245714187622;RDF604;Arts (arts, history of arts, performing arts, music), architecture and design;0.46760523319244385
961;The I-Care project : Assessing the impact of a multimodal childcare-based intervention to prevent disruptive behaviour problems in children (Psychology);RDF30;Medical, health and life sciences;0.380525678396225;RDF50;Social sciences;0.24562586843967438;RDF20-21;Engineering and technology;0.15117798745632172;RDF501;Psychology and cognitive sciences;0.9719924330711365;RDF303;Health sciences;0.936168372631073;RDF301;Basic medicine and life sciences;0.44312217831611633;RDF302;Clinical medicine;0.2568785846233368;RDF503;Education;0.1578495353460312
962;Inter-individual variability in cognitive aging: Neural mechanisms, reserve processes and malleability of neuroprotective processes (Biological Systems and Functions);RDF10;Natural sciences;0.28120046854019165;RDF30;Medical, health and life sciences;0.270163893699646;RDF20-21;Engineering and technology;0.17900390923023224;RDF501;Psychology and cognitive sciences;0.9524857997894287;RDF106;Biological sciences;0.8834875226020813;RDF301;Basic medicine and life sciences;0.6097347736358643;RDF504;Sociology and related studies;0.46597978472709656;RDF305;Other medical sciences;0.18624301254749298
963;Maternal immune cells mediated endothelial activation in preeclampsia (Clinical Investigation – Reproduction, Maternal, Child and Youth Health);RDF30;Medical, health and life sciences;0.8660008907318115;RDF10;Natural sciences;0.05402635037899017;RDF20-21;Engineering and technology;0.03471212461590767;RDF302;Clinical medicine;0.9781771898269653;RDF303;Health sciences;0.9606574773788452;RDF106;Biological sciences;0.8530579209327698;RDF301;Basic medicine and life sciences;0.8394051194190979;RDF104;Chemical sciences;0.6544255614280701
964;Projet 'Parité sciences';RDF20-21;Engineering and technology;0.4624447226524353;RDF30;Medical, health and life sciences;0.2171672135591507;RDF40;Agricultural and veterinary sciences;0.14974942803382874;RDF604;Arts (arts, history of arts, performing arts, music), architecture and design;0.9308364391326904;RDF202;Industrial, systems and processes engineering;0.926170289516449;RDF201;Civil engineering, maritime engineering, transport engineering, and mining engineering;0.8966140151023865;RDF104;Chemical sciences;0.8681575655937195;RDF103;Physical sciences;0.8629879951477051
965;A Pragmatic Randomized Clinical Trial on Immersive Virtual Reality Compared to Non-Immersive Distraction Using a Tablet for Pain and Anxiety Management of Children During Bone Pins and Sutures Removal in Orthopedic Clinics (Clinical Investigation – Reproduction, Maternal, Child and Youth Health);RDF30;Medical, health and life sciences;0.7181507349014282;RDF20-21;Engineering and technology;0.20696276426315308;RDF50;Social sciences;0.024960746988654137;RDF303;Health sciences;0.9795897006988525;RDF302;Clinical medicine;0.9687085151672363;RDF102;Computer and information sciences;0.6719819903373718;RDF501;Psychology and cognitive sciences;0.5100084543228149;RDF301;Basic medicine and life sciences;0.4814385771751404
966;IMAGE-GUIDED INJECTION WITH A HIGH-RESOLUTION ULTRASOUND SYSTEM ADAPTED FOR RODENT USE (Genes, Cells and Molecules);RDF20-21;Engineering and technology;0.5011739730834961;RDF30;Medical, health and life sciences;0.2837534248828888;RDF10;Natural sciences;0.1428021490573883;RDF103;Physical sciences;0.9672249555587769;RDF106;Biological sciences;0.9176353812217712;RDF104;Chemical sciences;0.8896247148513794;RDF302;Clinical medicine;0.8011980056762695;RDF301;Basic medicine and life sciences;0.6891748905181885
967;Quantum theory and applications (Physics);RDF20-21;Engineering and technology;0.47399958968162537;RDF10;Natural sciences;0.25130942463874817;RDF30;Medical, health and life sciences;0.08854155987501144;RDF103;Physical sciences;0.9964962005615234;RDF201;Civil engineering, maritime engineering, transport engineering, and mining engineering;0.6476450562477112;RDF104;Chemical sciences;0.5649200081825256;RDF202;Industrial, systems and processes engineering;0.4630800187587738;RDF102;Computer and information sciences;0.16006900370121002
968;Cardioprotective effect of a cyclic azapeptide ligand of CD36 against ischemia-reperfusion damage and dysfunction in mice (Cardiovascular System – Heart and Circulation);RDF30;Medical, health and life sciences;0.7573291063308716;RDF20-21;Engineering and technology;0.09324155002832413;RDF10;Natural sciences;0.09094828367233276;RDF103;Physical sciences;0.9434518218040466;RDF104;Chemical sciences;0.879612922668457;RDF301;Basic medicine and life sciences;0.8763700723648071;RDF302;Clinical medicine;0.8206851482391357;RDF303;Health sciences;0.7147773504257202
969;The Mobile health for Kids with Asthma (MoKA) study: predicting exacerbations through multimodal data and machine learning;RDF30;Medical, health and life sciences;0.45032307505607605;RDF20-21;Engineering and technology;0.3500276505947113;RDF50;Social sciences;0.10430017858743668;RDF102;Computer and information sciences;0.9327601790428162;RDF303;Health sciences;0.9224124550819397;RDF302;Clinical medicine;0.7211544513702393;RDF201;Civil engineering, maritime engineering, transport engineering, and mining engineering;0.7178780436515808;RDF104;Chemical sciences;0.6796307563781738
970;Towards a multi-trajectory understanding of intimate partner homicide (Psychology, linguistics and translation);RDF50;Social sciences;0.23533347249031067;RDF30;Medical, health and life sciences;0.2352185994386673;RDF20-21;Engineering and technology;0.1858462244272232;RDF501;Psychology and cognitive sciences;0.8741847276687622;RDF505;Law and legal practice;0.7400334477424622;RDF504;Sociology and related studies;0.6276945471763611;RDF201;Civil engineering, maritime engineering, transport engineering, and mining engineering;0.5911775231361389;RDF601;History, archaeology and related studies;0.5461633205413818
971;Predicting future primary psychotic disorders in youth with methamphetamine-psychosis disorder (Methamphetamine and related psychostimulant use);RDF30;Medical, health and life sciences;0.7408700585365295;RDF50;Social sciences;0.07013369351625443;RDF20-21;Engineering and technology;0.05580635741353035;RDF303;Health sciences;0.8924688100814819;RDF501;Psychology and cognitive sciences;0.8877409100532532;RDF302;Clinical medicine;0.766992449760437;RDF301;Basic medicine and life sciences;0.7495916485786438;RDF104;Chemical sciences;0.5677250623703003
972;The MYC/MIZ-1 complex in germinal center B cells and B cell lymphomagenesis;RDF30;Medical, health and life sciences;0.4343254268169403;RDF20-21;Engineering and technology;0.3395768404006958;RDF10;Natural sciences;0.11664052307605743;RDF103;Physical sciences;0.9441768527030945;RDF104;Chemical sciences;0.9199307560920715;RDF106;Biological sciences;0.9103862047195435;RDF102;Computer and information sciences;0.8859278559684753;RDF302;Clinical medicine;0.8737004995346069
973;Nouvelle méthodologie prenant en compte les hydrogrammes probabilistes de rupture de barrages par temps sec pour déterminer les vraies zones à risque tenant compte du recul des berges et de l'érosion fluviale (Civil, Industrial and Systems Engineering);RDF20-21;Engineering and technology;0.5222012996673584;RDF10;Natural sciences;0.3686724603176117;RDF40;Agricultural and veterinary sciences;0.058818671852350235;RDF105;Earth and related environmental sciences;0.9800339937210083;RDF201;Civil engineering, maritime engineering, transport engineering, and mining engineering;0.7009459733963013;RDF101;Mathematics and statistics;0.33990976214408875;RDF104;Chemical sciences;0.32578861713409424;RDF208;Environmental engineering and related engineering;0.27129995822906494
974;Interpretable Decision Processes in Data-Driven Supply Chains;RDF20-21;Engineering and technology;0.6093300580978394;RDF40;Agricultural and veterinary sciences;0.1430424302816391;RDF50;Social sciences;0.08178217709064484;RDF102;Computer and information sciences;0.9873018264770508;RDF202;Industrial, systems and processes engineering;0.9830036759376526;RDF201;Civil engineering, maritime engineering, transport engineering, and mining engineering;0.8024394512176514;RDF104;Chemical sciences;0.8011980056762695;RDF105;Earth and related environmental sciences;0.7232117652893066
975;Central control of energy homeostasis by neuronal adipose triglyceride lipase (Diabetes, Obesity, Lipid & Lipoprotein Disorders);RDF30;Medical, health and life sciences;0.6445979475975037;RDF20-21;Engineering and technology;0.17618025839328766;RDF10;Natural sciences;0.07823679596185684;RDF301;Basic medicine and life sciences;0.8818694353103638;RDF302;Clinical medicine;0.7699894905090332;RDF106;Biological sciences;0.6426007151603699;RDF104;Chemical sciences;0.6105695962905884;RDF303;Health sciences;0.6089211106300354
976;Les cybryontes et l'anthropocène: Des conditions de possibilité de nouvelles symbioses (Fine Arts, Research-Creation);RDF60;Humanities and the arts;0.36268284916877747;RDF10;Natural sciences;0.1771463006734848;RDF20-21;Engineering and technology;0.16953012347221375;RDF604;Arts (arts, history of arts, performing arts, music), architecture and design;0.9059897661209106;RDF106;Biological sciences;0.8868131041526794;RDF301;Basic medicine and life sciences;0.8117507100105286;RDF104;Chemical sciences;0.7698164582252502;RDF504;Sociology and related studies;0.6780072450637817
977;L'Insécurité au Sahel et ses Effets sur l'Accès des Services de Santé (ISEASS);RDF20-21;Engineering and technology;0.33939656615257263;RDF30;Medical, health and life sciences;0.23222661018371582;RDF50;Social sciences;0.15778590738773346;RDF201;Civil engineering, maritime engineering, transport engineering, and mining engineering;0.77167147397995;RDF303;Health sciences;0.5132720470428467;RDF104;Chemical sciences;0.45538026094436646;RDF301;Basic medicine and life sciences;0.4240914583206177;RDF105;Earth and related environmental sciences;0.3930719196796417
978;Advanced reagent delivery systems for microfluidics (Materials and Chemical Engineering);RDF20-21;Engineering and technology;0.6950924396514893;RDF40;Agricultural and veterinary sciences;0.1103561520576477;RDF30;Medical, health and life sciences;0.08269330859184265;RDF104;Chemical sciences;0.8421504497528076;RDF103;Physical sciences;0.720220685005188;RDF202;Industrial, systems and processes engineering;0.6174333691596985;RDF201;Civil engineering, maritime engineering, transport engineering, and mining engineering;0.5218671560287476;RDF106;Biological sciences;0.40927982330322266
979;Generative models for 3D textures (Computer Science);RDF20-21;Engineering and technology;0.6525453925132751;RDF40;Agricultural and veterinary sciences;0.09948644787073135;RDF10;Natural sciences;0.06669426709413528;RDF102;Computer and information sciences;0.9962491989135742;RDF202;Industrial, systems and processes engineering;0.8537908792495728;RDF201;Civil engineering, maritime engineering, transport engineering, and mining engineering;0.8081050515174866;RDF104;Chemical sciences;0.7385748028755188;RDF203;Electrical engineering, computer engineering, and information engineering;0.5688199996948242
980;The many paths to ecological network inference: reconciling machine learning, empirical data, and ecological knowledge (Evolution and Ecology);RDF20-21;Engineering and technology;0.555591881275177;RDF10;Natural sciences;0.15846240520477295;RDF40;Agricultural and veterinary sciences;0.13812904059886932;RDF102;Computer and information sciences;0.9575564861297607;RDF105;Earth and related environmental sciences;0.7997552752494812;RDF104;Chemical sciences;0.7869504690170288;RDF201;Civil engineering, maritime engineering, transport engineering, and mining engineering;0.7590914368629456;RDF106;Biological sciences;0.621985912322998
981;Social environment and functioning of adolescents born pre-term (Social & Developmental Aspects of Children's & Youth's Health);RDF50;Social sciences;0.48798036575317383;RDF30;Medical, health and life sciences;0.2750384509563446;RDF20-21;Engineering and technology;0.06698276847600937;RDF504;Sociology and related studies;0.7449811697006226;RDF303;Health sciences;0.7403621077537537;RDF501;Psychology and cognitive sciences;0.7243343591690063;RDF509;Other social sciences;0.3319854438304901;RDF301;Basic medicine and life sciences;0.2362077832221985
982;Beyond socioeconomic disadvantages: Deepening our understanding of structural inequalities in disparate child protection involvement (Education and social work);RDF50;Social sciences;0.639039158821106;RDF20-21;Engineering and technology;0.12856699526309967;RDF60;Humanities and the arts;0.07024281471967697;RDF503;Education;0.956471860408783;RDF604;Arts (arts, history of arts, performing arts, music), architecture and design;0.47429636120796204;RDF504;Sociology and related studies;0.45393499732017517;RDF201;Civil engineering, maritime engineering, transport engineering, and mining engineering;0.4225976765155792;RDF509;Other social sciences;0.20142021775245667
983;Uncovering tumor specific antigens and vulnerabilities in ETP-acute lymphoblastic leukemia;RDF30;Medical, health and life sciences;0.7426416873931885;RDF20-21;Engineering and technology;0.12213902175426483;RDF10;Natural sciences;0.05585791915655136;RDF302;Clinical medicine;0.9388008117675781;RDF301;Basic medicine and life sciences;0.9163345098495483;RDF104;Chemical sciences;0.8239667415618896;RDF303;Health sciences;0.7933862209320068;RDF106;Biological sciences;0.708716869354248
984;Démystifier les mathématiques;RDF10;Natural sciences;0.48550745844841003;RDF20-21;Engineering and technology;0.2449643462896347;RDF40;Agricultural and veterinary sciences;0.09777370095252991;RDF101;Mathematics and statistics;0.9752489924430847;RDF102;Computer and information sciences;0.8746672868728638;RDF104;Chemical sciences;0.8201095461845398;RDF201;Civil engineering, maritime engineering, transport engineering, and mining engineering;0.8062431812286377;RDF105;Earth and related environmental sciences;0.7934262156486511
985;Defining interrelationships between brain region-specific structural plasticity and sleep electrophysiology via the integration of sex and learning (Behavioural Sciences – Neurobiological Basis of Behavioural Processes);RDF20-21;Engineering and technology;0.38444197177886963;RDF30;Medical, health and life sciences;0.3441491425037384;RDF10;Natural sciences;0.12178494781255722;RDF501;Psychology and cognitive sciences;0.8253787159919739;RDF106;Biological sciences;0.578557014465332;RDF301;Basic medicine and life sciences;0.4930119216442108;RDF104;Chemical sciences;0.19208429753780365;RDF201;Civil engineering, maritime engineering, transport engineering, and mining engineering;0.12268077582120895
986;Becoming an adult in changing times: Struggles and resilience among youth who entered adulthood without a high school diploma (Education and social work);RDF50;Social sciences;0.6521800756454468;RDF20-21;Engineering and technology;0.13249841332435608;RDF60;Humanities and the arts;0.08251151442527771;RDF503;Education;0.9934611916542053;RDF604;Arts (arts, history of arts, performing arts, music), architecture and design;0.5098864436149597;RDF509;Other social sciences;0.426693856716156;RDF301;Basic medicine and life sciences;0.2906284034252167;RDF504;Sociology and related studies;0.2899242341518402
987;The just organization (Business, management and related fields);RDF40;Agricultural and veterinary sciences;0.24240845441818237;RDF50;Social sciences;0.2198549211025238;RDF20-21;Engineering and technology;0.1797911524772644;RDF201;Civil engineering, maritime engineering, transport engineering, and mining engineering;0.7847729921340942;RDF502;Economics and business administration;0.6646763682365417;RDF202;Industrial, systems and processes engineering;0.2679346203804016;RDF104;Chemical sciences;0.2011847048997879;RDF302;Clinical medicine;0.13364119827747345
988;Exploring the use of temporal cues for the optimization of speech processing, perception, and comprehension (Mechanical Engineering);RDF20-21;Engineering and technology;0.8787945508956909;RDF50;Social sciences;0.04178981855511665;RDF60;Humanities and the arts;0.021136725321412086;RDF204;Mechanical engineering;0.987899661064148;RDF102;Computer and information sciences;0.8372876644134521;RDF201;Civil engineering, maritime engineering, transport engineering, and mining engineering;0.5983213782310486;RDF503;Education;0.4931492209434509;RDF604;Arts (arts, history of arts, performing arts, music), architecture and design;0.2820972800254822
989;PICO Search for Dark Matter with Bubble Chambers (Subatomic Physics);RDF20-21;Engineering and technology;0.42492353916168213;RDF10;Natural sciences;0.32147184014320374;RDF50;Social sciences;0.0809793621301651;RDF103;Physical sciences;0.9807103872299194;RDF104;Chemical sciences;0.8512741327285767;RDF105;Earth and related environmental sciences;0.800106942653656;RDF102;Computer and information sciences;0.7238466143608093;RDF604;Arts (arts, history of arts, performing arts, music), architecture and design;0.442666620016098
990;Is quantitative research in political science credible? (Political science and public administration);RDF50;Social sciences;0.38651126623153687;RDF20-21;Engineering and technology;0.30678606033325195;RDF40;Agricultural and veterinary sciences;0.12334900349378586;RDF506;Political science and policy administration;0.9506863951683044;RDF201;Civil engineering, maritime engineering, transport engineering, and mining engineering;0.32212603092193604;RDF103;Physical sciences;0.2724114954471588;RDF102;Computer and information sciences;0.24576318264007568;RDF104;Chemical sciences;0.24490438401699066
991;The hardening of soft information in financial markets;RDF20-21;Engineering and technology;0.6337096095085144;RDF50;Social sciences;0.11495716869831085;RDF40;Agricultural and veterinary sciences;0.09534938633441925;RDF102;Computer and information sciences;0.9607681035995483;RDF502;Economics and business administration;0.8771088123321533;RDF201;Civil engineering, maritime engineering, transport engineering, and mining engineering;0.8050197958946228;RDF202;Industrial, systems and processes engineering;0.7245780229568481;RDF604;Arts (arts, history of arts, performing arts, music), architecture and design;0.22524616122245789
992;From micro- to macro-reentries in discrete multiscale mathematical models of atrial tissue (Genes, Cells and Molecules);RDF20-21;Engineering and technology;0.42212891578674316;RDF10;Natural sciences;0.31087860465049744;RDF30;Medical, health and life sciences;0.12508608400821686;RDF103;Physical sciences;0.8901987671852112;RDF106;Biological sciences;0.8811043500900269;RDF104;Chemical sciences;0.7533759474754333;RDF301;Basic medicine and life sciences;0.5505016446113586;RDF101;Mathematics and statistics;0.36460790038108826
993;Mapping scientific consensus in the age of misinformation;RDF30;Medical, health and life sciences;0.3952358663082123;RDF20-21;Engineering and technology;0.3033709228038788;RDF40;Agricultural and veterinary sciences;0.11265788972377777;RDF102;Computer and information sciences;0.9534920454025269;RDF201;Civil engineering, maritime engineering, transport engineering, and mining engineering;0.8982321619987488;RDF105;Earth and related environmental sciences;0.8948814272880554;RDF104;Chemical sciences;0.8882266879081726;RDF604;Arts (arts, history of arts, performing arts, music), architecture and design;0.8269215226173401
994;The role of RGS9 in pancreatic islet function (Biological Systems and Functions);RDF30;Medical, health and life sciences;0.5373886227607727;RDF20-21;Engineering and technology;0.19095800817012787;RDF10;Natural sciences;0.12323156744241714;RDF301;Basic medicine and life sciences;0.9263036847114563;RDF106;Biological sciences;0.9047768115997314;RDF104;Chemical sciences;0.8816658854484558;RDF303;Health sciences;0.8509027361869812;RDF103;Physical sciences;0.8026329278945923
995;La diversité dans les équipes de travail: le rôle des perceptions des membres (Psychology);RDF50;Social sciences;0.38682064414024353;RDF20-21;Engineering and technology;0.2162991464138031;RDF60;Humanities and the arts;0.12790293991565704;RDF501;Psychology and cognitive sciences;0.89947509765625;RDF201;Civil engineering, maritime engineering, transport engineering, and mining engineering;0.6861597895622253;RDF603;Philosophy;0.6390183568000793;RDF202;Industrial, systems and processes engineering;0.5497161746025085;RDF104;Chemical sciences;0.5451797842979431
996;Real-time Control of Decoded Brain Activity Using Artificial Neural Networks (Biological Systems and Functions);RDF20-21;Engineering and technology;0.6573755741119385;RDF30;Medical, health and life sciences;0.13742384314537048;RDF10;Natural sciences;0.07744620740413666;RDF102;Computer and information sciences;0.93318772315979;RDF106;Biological sciences;0.8401934504508972;RDF201;Civil engineering, maritime engineering, transport engineering, and mining engineering;0.5662883520126343;RDF203;Electrical engineering, computer engineering, and information engineering;0.43958190083503723;RDF501;Psychology and cognitive sciences;0.39923325181007385
997;Conférence internationale et publication « Logement : crises partout, justice nulle part ! ». Coconstruire et mutualiser les savoirs;RDF20-21;Engineering and technology;0.6181303262710571;RDF50;Social sciences;0.10244601964950562;RDF40;Agricultural and veterinary sciences;0.08664814382791519;RDF201;Civil engineering, maritime engineering, transport engineering, and mining engineering;0.769816517829895;RDF104;Chemical sciences;0.5532488226890564;RDF604;Arts (arts, history of arts, performing arts, music), architecture and design;0.4848984181880951;RDF102;Computer and information sciences;0.4803262948989868;RDF502;Economics and business administration;0.4691554009914398
998;Verdir les chantiers de construction par l'adoption des comportements écoresponsables : une étude de cas du secteur non résidentiel;RDF20-21;Engineering and technology;0.3754105269908905;RDF50;Social sciences;0.28507480025291443;RDF40;Agricultural and veterinary sciences;0.1255473792552948;RDF201;Civil engineering, maritime engineering, transport engineering, and mining engineering;0.8451133966445923;RDF202;Industrial, systems and processes engineering;0.7831189632415771;RDF504;Sociology and related studies;0.6920439600944519;RDF502;Economics and business administration;0.5544101595878601;RDF505;Law and legal practice;0.22789862751960754
999;Highly Entangled Quantum Matter;RDF20-21;Engineering and technology;0.3990502953529358;RDF40;Agricultural and veterinary sciences;0.17521756887435913;RDF50;Social sciences;0.11368270218372345;RDF103;Physical sciences;0.9834227561950684;RDF104;Chemical sciences;0.905322253704071;RDF102;Computer and information sciences;0.9001793265342712;RDF604;Arts (arts, history of arts, performing arts, music), architecture and design;0.792985737323761;RDF202;Industrial, systems and processes engineering;0.6971194744110107
1000;Usinage intelligent des composants d'aéronefs de haute précision (UICAP);RDF20-21;Engineering and technology;0.7429431676864624;RDF40;Agricultural and veterinary sciences;0.07548987120389938;RDF10;Natural sciences;0.05083020403981209;RDF204;Mechanical engineering;0.8999157547950745;RDF201;Civil engineering, maritime engineering, transport engineering, and mining engineering;0.5884974598884583;RDF202;Industrial, systems and processes engineering;0.519612729549408;RDF104;Chemical sciences;0.46918582916259766;RDF102;Computer and information sciences;0.25464797019958496
1001;Socialness in the Digital Economy: Supporting Meaningful Work through Enterprise Social Media;RDF50;Social sciences;0.32096609473228455;RDF20-21;Engineering and technology;0.23436561226844788;RDF40;Agricultural and veterinary sciences;0.1782524436712265;RDF102;Computer and information sciences;0.9236612319946289;RDF201;Civil engineering, maritime engineering, transport engineering, and mining engineering;0.765724778175354;RDF604;Arts (arts, history of arts, performing arts, music), architecture and design;0.6333819031715393;RDF509;Other social sciences;0.4829625189304352;RDF508;Media and communications;0.47449418902397156
1002;Proactive prescription-based fluid management vs usual care in critically ill patients on Kidney Replacement Therapy;RDF30;Medical, health and life sciences;0.8752627372741699;RDF40;Agricultural and veterinary sciences;0.03129534795880318;RDF50;Social sciences;0.031203795224428177;RDF302;Clinical medicine;0.9675331711769104;RDF303;Health sciences;0.9671319723129272;RDF301;Basic medicine and life sciences;0.7344053387641907;RDF104;Chemical sciences;0.5433024764060974;RDF106;Biological sciences;0.2832358777523041
1003;Safe and selective anti-parasite therapy targeting ribosome and glycosome function (Pharmaceutical Sciences);RDF30;Medical, health and life sciences;0.37966811656951904;RDF20-21;Engineering and technology;0.2251656949520111;RDF40;Agricultural and veterinary sciences;0.19016483426094055;RDF301;Basic medicine and life sciences;0.8659626245498657;RDF303;Health sciences;0.15109041333198547;RDF106;Biological sciences;0.15077754855155945;RDF201;Civil engineering, maritime engineering, transport engineering, and mining engineering;0.1487259417772293;RDF302;Clinical medicine;0.08232768625020981
1004;Rational Integration of Molecular and surface interactions for lubricating, adhesive and high penetration soft materials (Materials and Chemical Engineering);RDF20-21;Engineering and technology;0.813512921333313;RDF10;Natural sciences;0.06782879680395126;RDF40;Agricultural and veterinary sciences;0.06127821281552315;RDF104;Chemical sciences;0.9188086986541748;RDF103;Physical sciences;0.9164841175079346;RDF201;Civil engineering, maritime engineering, transport engineering, and mining engineering;0.6276089549064636;RDF205;Chemical engineering;0.5755171775817871;RDF206;Materials engineering and resources engineering;0.5099779367446899
1005;Comprendre les antécédents et les conséquences d'une gestion algorithmique transparente, juste et habilitante;RDF20-21;Engineering and technology;0.39497026801109314;RDF50;Social sciences;0.17946714162826538;RDF40;Agricultural and veterinary sciences;0.15546762943267822;RDF102;Computer and information sciences;0.9698140025138855;RDF202;Industrial, systems and processes engineering;0.8466411232948303;RDF502;Economics and business administration;0.837619960308075;RDF104;Chemical sciences;0.7409717440605164;RDF601;History, archaeology and related studies;0.701201856136322
1006;Sustainable Healthy Cities: The Interplay between Urban Interventions, Gentrification, and Population Health (Public, Community & Population Health);RDF30;Medical, health and life sciences;0.3495670557022095;RDF20-21;Engineering and technology;0.2945536971092224;RDF50;Social sciences;0.16031721234321594;RDF303;Health sciences;0.9162970185279846;RDF507;Social and economic geography;0.6364802122116089;RDF201;Civil engineering, maritime engineering, transport engineering, and mining engineering;0.5996756553649902;RDF301;Basic medicine and life sciences;0.4783460795879364;RDF504;Sociology and related studies;0.4379023611545563
1007;Regards croisés sur les conditions de travail, les politiques publiques et la résistance: récits de vie de travailleurs et travailleuses pauvres au Canada, en Inde et au Brésil (Sociology, demography and related fields);RDF50;Social sciences;0.5499906539916992;RDF20-21;Engineering and technology;0.12119174003601074;RDF40;Agricultural and veterinary sciences;0.11099478602409363;RDF504;Sociology and related studies;0.9391365647315979;RDF509;Other social sciences;0.41322556138038635;RDF502;Economics and business administration;0.23014022409915924;RDF501;Psychology and cognitive sciences;0.16444936394691467;RDF305;Other medical sciences;0.12907303869724274
1008;Examining the effectiveness of AI-powered health technology to improve self management of mental health and reduce inequities in mental health care;RDF20-21;Engineering and technology;0.49016743898391724;RDF30;Medical, health and life sciences;0.3678361475467682;RDF50;Social sciences;0.06535633653402328;RDF102;Computer and information sciences;0.9748929142951965;RDF303;Health sciences;0.9514589309692383;RDF201;Civil engineering, maritime engineering, transport engineering, and mining engineering;0.5489606261253357;RDF501;Psychology and cognitive sciences;0.40634655952453613;RDF203;Electrical engineering, computer engineering, and information engineering;0.2339687943458557
1009;Probing the Particle Nature of Dark Matter with Strong Gravitational Lensing (Physics);RDF20-21;Engineering and technology;0.5083200335502625;RDF10;Natural sciences;0.3922243118286133;RDF30;Medical, health and life sciences;0.03236912563443184;RDF103;Physical sciences;0.9972477555274963;RDF104;Chemical sciences;0.8866659998893738;RDF201;Civil engineering, maritime engineering, transport engineering, and mining engineering;0.5950992107391357;RDF105;Earth and related environmental sciences;0.5637682676315308;RDF106;Biological sciences;0.42885860800743103
1010;Large reductions in arterial CARbon dioxide and development of acute Brain Injury in invasively mechanically ventilated patients with acute respiratory failure (CARBI);RDF30;Medical, health and life sciences;0.7666159272193909;RDF20-21;Engineering and technology;0.12135548144578934;RDF10;Natural sciences;0.0534060113132;RDF303;Health sciences;0.8644821643829346;RDF104;Chemical sciences;0.7400804758071899;RDF301;Basic medicine and life sciences;0.6638051271438599;RDF103;Physical sciences;0.6516043543815613;RDF302;Clinical medicine;0.6029386520385742
1011;Investigating Intercommunications of Glioblastoma with Brain Microenvironment using 3D Organoid (Genes, Cells and Molecules);RDF20-21;Engineering and technology;0.4689970314502716;RDF30;Medical, health and life sciences;0.41106876730918884;RDF10;Natural sciences;0.08173857629299164;RDF106;Biological sciences;0.9743860960006714;RDF104;Chemical sciences;0.8164063096046448;RDF301;Basic medicine and life sciences;0.8022845983505249;RDF103;Physical sciences;0.7561776041984558;RDF207;Medical and biomedical engineering;0.7059370875358582
1012;Autonomous Deep Learning for AI (Computer Science);RDF20-21;Engineering and technology;0.4597994089126587;RDF40;Agricultural and veterinary sciences;0.22725626826286316;RDF10;Natural sciences;0.08558549731969833;RDF102;Computer and information sciences;0.9920002818107605;RDF201;Civil engineering, maritime engineering, transport engineering, and mining engineering;0.8494098782539368;RDF203;Electrical engineering, computer engineering, and information engineering;0.7980688214302063;RDF202;Industrial, systems and processes engineering;0.6714032888412476;RDF105;Earth and related environmental sciences;0.5219585299491882
1013;Supply Chain Analytics under Disruptive Uncertainty (Civil, Industrial and Systems Engineering);RDF20-21;Engineering and technology;0.7824322581291199;RDF40;Agricultural and veterinary sciences;0.07815518975257874;RDF50;Social sciences;0.05456111580133438;RDF201;Civil engineering, maritime engineering, transport engineering, and mining engineering;0.8791468143463135;RDF102;Computer and information sciences;0.7945045828819275;RDF202;Industrial, systems and processes engineering;0.4497702121734619;RDF203;Electrical engineering, computer engineering, and information engineering;0.31187206506729126;RDF104;Chemical sciences;0.28388065099716187
1014;Concevoir et développer des outils d'appréciation et de réduction des risques physiques au travail liés aux équipements;RDF20-21;Engineering and technology;0.47318950295448303;RDF30;Medical, health and life sciences;0.23259316384792328;RDF40;Agricultural and veterinary sciences;0.1255665421485901;RDF103;Physical sciences;0.9642205238342285;RDF202;Industrial, systems and processes engineering;0.9626731276512146;RDF201;Civil engineering, maritime engineering, transport engineering, and mining engineering;0.8664718866348267;RDF204;Mechanical engineering;0.839536726474762;RDF104;Chemical sciences;0.831963837146759
1015;Reaction Mechanisms and Methodology for the Design and Synthesis of Bioactive Agents (Chemistry);RDF20-21;Engineering and technology;0.3998413383960724;RDF10;Natural sciences;0.26350584626197815;RDF40;Agricultural and veterinary sciences;0.21349777281284332;RDF104;Chemical sciences;0.9919223189353943;RDF106;Biological sciences;0.8876923322677612;RDF202;Industrial, systems and processes engineering;0.718298077583313;RDF105;Earth and related environmental sciences;0.7080612182617188;RDF103;Physical sciences;0.7042109966278076
1016;Algebraic methods for lattice models of statistical physics (Mathematics and Statistics);RDF10;Natural sciences;0.46342939138412476;RDF20-21;Engineering and technology;0.21052229404449463;RDF40;Agricultural and veterinary sciences;0.18059757351875305;RDF101;Mathematics and statistics;0.9908034801483154;RDF103;Physical sciences;0.7556820511817932;RDF102;Computer and information sciences;0.6903243064880371;RDF104;Chemical sciences;0.5740926265716553;RDF201;Civil engineering, maritime engineering, transport engineering, and mining engineering;0.4269411861896515
1017;Optimisation et développement de technologies de déphosphatation des eaux usées;RDF20-21;Engineering and technology;0.576454222202301;RDF40;Agricultural and veterinary sciences;0.18361715972423553;RDF30;Medical, health and life sciences;0.11868970841169357;RDF202;Industrial, systems and processes engineering;0.9761291146278381;RDF104;Chemical sciences;0.9450454711914062;RDF105;Earth and related environmental sciences;0.9045240879058838;RDF208;Environmental engineering and related engineering;0.8431862592697144;RDF201;Civil engineering, maritime engineering, transport engineering, and mining engineering;0.7454447150230408
1018;The Eastern Canada Preparedness Hub - ECaPH;RDF20-21;Engineering and technology;0.4290379583835602;RDF30;Medical, health and life sciences;0.2481868863105774;RDF40;Agricultural and veterinary sciences;0.14981801807880402;RDF103;Physical sciences;0.945600688457489;RDF604;Arts (arts, history of arts, performing arts, music), architecture and design;0.9376689195632935;RDF102;Computer and information sciences;0.9328826069831848;RDF105;Earth and related environmental sciences;0.9227960109710693;RDF201;Civil engineering, maritime engineering, transport engineering, and mining engineering;0.909826934337616
1019;On chip optical microresonators for light emission, manipulation & sensing (Electrical and Computer Engineering);RDF20-21;Engineering and technology;0.8685188889503479;RDF40;Agricultural and veterinary sciences;0.04465721547603607;RDF30;Medical, health and life sciences;0.02529625967144966;RDF203;Electrical engineering, computer engineering, and information engineering;0.708035945892334;RDF103;Physical sciences;0.6448403596878052;RDF102;Computer and information sciences;0.5910032987594604;RDF104;Chemical sciences;0.42480340600013733;RDF201;Civil engineering, maritime engineering, transport engineering, and mining engineering;0.3632797598838806
1020;Kushpitau ! (montons en territoire);RDF20-21;Engineering and technology;0.29953256249427795;RDF30;Medical, health and life sciences;0.2911686897277832;RDF40;Agricultural and veterinary sciences;0.18087904155254364;RDF201;Civil engineering, maritime engineering, transport engineering, and mining engineering;0.9354645609855652;RDF104;Chemical sciences;0.921428382396698;RDF604;Arts (arts, history of arts, performing arts, music), architecture and design;0.914137601852417;RDF202;Industrial, systems and processes engineering;0.9026954174041748;RDF105;Earth and related environmental sciences;0.8761053085327148
1021;"Hardware support for reliable networking; from protocols to accelerators (Electrical and Computer Engineering)";RDF20-21;Engineering and technology;0.8547416925430298;RDF40;Agricultural and veterinary sciences;0.05442877858877182;RDF30;Medical, health and life sciences;0.02953467145562172;RDF102;Computer and information sciences;0.94629967212677;RDF203;Electrical engineering, computer engineering, and information engineering;0.8371545076370239;RDF201;Civil engineering, maritime engineering, transport engineering, and mining engineering;0.6931614875793457;RDF104;Chemical sciences;0.2991051971912384;RDF202;Industrial, systems and processes engineering;0.2309197634458542
1022;Documentary Activism by Migrant Filmmakers from Cuba and Venezuela (2013-2023) (Fine arts, research-creation);RDF60;Humanities and the arts;0.5089399814605713;RDF20-21;Engineering and technology;0.13581041991710663;RDF40;Agricultural and veterinary sciences;0.10870128870010376;RDF604;Arts (arts, history of arts, performing arts, music), architecture and design;0.7458151578903198;RDF508;Media and communications;0.3405948281288147;RDF201;Civil engineering, maritime engineering, transport engineering, and mining engineering;0.08811154216527939;RDF104;Chemical sciences;0.07316472381353378;RDF301;Basic medicine and life sciences;0.06748520582914352
1023;Investigating the role of notochord defects in the etiopathogenesis of congenital scoliosis;RDF30;Medical, health and life sciences;0.524039626121521;RDF20-21;Engineering and technology;0.2362031787633896;RDF40;Agricultural and veterinary sciences;0.11715765297412872;RDF302;Clinical medicine;0.9594212770462036;RDF106;Biological sciences;0.9561864137649536;RDF303;Health sciences;0.9405717849731445;RDF104;Chemical sciences;0.9164841175079346;RDF604;Arts (arts, history of arts, performing arts, music), architecture and design;0.8852351903915405
