;sequence;code_div_1;label_div_1;score_div_1;code_div_2;label_div_2;score_div_2;code_div_3;label_div_3;score_div_3;code_gr_1;label_gr_1;score_gr_1;code_gr_2;label_gr_2;score_gr_2;code_gr_3;label_gr_3;score_gr_3;code_gr_4;label_gr_4;score_gr_4;code_gr_5;label_gr_5;score_gr_5
0;Quelles sont les mathématiques utilisées par les ingénieurs au quotidien? Une étude sur les pratiques des ingénieurs pour déterminer leurs besoins mathématiques (Education and social work);RDF20-21;Engineering and technology;0.715987503528595;RDF50;Social sciences;0.2436024695634842;RDF60;Humanities and the arts;0.022047383710741997;RDF101;Mathematics and statistics;0.9697853922843933;RDF503;Education;0.9089417457580566;RDF502;Economics and business administration;0.896975576877594;RDF507;Social and economic geography;0.8918110728263855;RDF206;Materials engineering and resources engineering;0.34103360772132874
1;High-tech paper: Security printing and the aesthetics of trust (Communications, media studies, gender studies, library and information science, related fields);RDF20-21;Engineering and technology;0.9553172588348389;RDF50;Social sciences;0.022820711135864258;RDF60;Humanities and the arts;0.015684429556131363;RDF508;Media and communications;0.8891444206237793;RDF212;Other engineering and technologies;0.21667379140853882;RDF206;Materials engineering and resources engineering;0.057918086647987366;RDF503;Education;0.05500528961420059;RDF102;Computer and information sciences;0.017442483454942703
2;Integrin Alpha8 is a novel mediator of T lymphocyte migration across the CNS barriers (Systems & Circuits Neurosciences);RDF30;Medical, health and life sciences;0.5834205150604248;RDF20-21;Engineering and technology;0.41370707750320435;RDF10;Natural sciences;0.0017173512605950236;RDF207;Medical and biomedical engineering;0.9227612018585205;RDF304;Medical biotechnology;0.8840392827987671;RDF106;Biological sciences;0.5195213556289673;RDF301;Basic medicine and life sciences;0.037892427295446396;RDF303;Health sciences;0.013848611153662205
3;Growing up trans: A qualitative, international, and longitudinal investigation of trans youth access to gender affirming medical care, gender affirmation and well-being (Social & Developmental Aspects of Children's & Youth's Health);RDF30;Medical, health and life sciences;0.9160860776901245;RDF50;Social sciences;0.0774325430393219;RDF60;Humanities and the arts;0.004176548682153225;RDF303;Health sciences;0.9706878066062927;RDF501;Psychology and cognitive sciences;0.3063195049762726;RDF305;Other medical sciences;0.14033624529838562;RDF504;Sociology and related studies;0.10743746906518936;RDF509;Other social sciences;0.07369626313447952
4;Programmable DNA-based switches and nanomachines for sensing and drug delivery applications (Chemistry);RDF20-21;Engineering and technology;0.9787249565124512;RDF30;Medical, health and life sciences;0.015819614753127098;RDF10;Natural sciences;0.0033681904897093773;RDF104;Chemical sciences;0.9913557767868042;RDF211;Nano-technology;0.9813106656074524;RDF205;Chemical engineering;0.945801317691803;RDF212;Other engineering and technologies;0.021287351846694946;RDF301;Basic medicine and life sciences;0.009936418384313583
5;Interactions between attention, perception and reaching movements (Biological Systems and Functions);RDF30;Medical, health and life sciences;0.6194570660591125;RDF10;Natural sciences;0.27515098452568054;RDF20-21;Engineering and technology;0.06509929150342941;RDF106;Biological sciences;0.986151397228241;RDF501;Psychology and cognitive sciences;0.9563089609146118;RDF207;Medical and biomedical engineering;0.10669058561325073;RDF303;Health sciences;0.09534946829080582;RDF301;Basic medicine and life sciences;0.07369627058506012
6;Design and Management of Fog Networks (Computer Science);RDF20-21;Engineering and technology;0.998090922832489;RDF10;Natural sciences;0.0006453866953961551;RDF60;Humanities and the arts;0.000416692957514897;RDF102;Computer and information sciences;0.9978510737419128;RDF203;Electrical engineering, computer engineering, and information engineering;0.8774768114089966;RDF604;Arts (arts, history of arts, performing arts, music), architecture and design;0.022457053884863853;RDF508;Media and communications;0.0035380860790610313;RDF211;Nano-technology;0.0022872276604175568
7;Polymer Porous Fibrous Structures with Antiviral Properties (Materials and Chemical Engineering);RDF20-21;Engineering and technology;0.9739213585853577;RDF30;Medical, health and life sciences;0.017977897077798843;RDF10;Natural sciences;0.006261724047362804;RDF104;Chemical sciences;0.7725306749343872;RDF211;Nano-technology;0.592430830001831;RDF205;Chemical engineering;0.4834045171737671;RDF206;Materials engineering and resources engineering;0.051082734018564224;RDF103;Physical sciences;0.04304284602403641
8;L'art Noir: cartographies for an emerging field (Multidisciplinary or interdisciplinary humanities);RDF60;Humanities and the arts;0.9828794002532959;RDF20-21;Engineering and technology;0.0093393474817276;RDF50;Social sciences;0.004209573846310377;RDF604;Arts (arts, history of arts, performing arts, music), architecture and design;0.35835304856300354;RDF605;Other humanities;0.1352320909500122;RDF601;History, archaeology and related studies;0.04535257816314697;RDF503;Education;0.02655657008290291;RDF602;Languages and literature;0.007460643071681261
9;System Identification of Human Postural Control: A Multimodal Sensory Stimulation Approach for Diagnosing Balance Disorders;RDF30;Medical, health and life sciences;0.6630848050117493;RDF20-21;Engineering and technology;0.3231617212295532;RDF10;Natural sciences;0.011634026654064655;RDF303;Health sciences;0.9878528118133545;RDF207;Medical and biomedical engineering;0.9697854518890381;RDF302;Clinical medicine;0.9358174204826355;RDF106;Biological sciences;0.8661324977874756;RDF305;Other medical sciences;0.8529354929924011
10;Transitioning patients with advanced chronic kidney disease to home or facility dialysis: understanding the experience and quality of life for patients and their caregivers (TRANSIT-CARE);RDF30;Medical, health and life sciences;0.9787606000900269;RDF50;Social sciences;0.007020167540758848;RDF10;Natural sciences;0.006751229055225849;RDF303;Health sciences;0.982557475566864;RDF302;Clinical medicine;0.9788748621940613;RDF207;Medical and biomedical engineering;0.9102267026901245;RDF106;Biological sciences;0.38116198778152466;RDF301;Basic medicine and life sciences;0.35420966148376465
11;Tenrikyo and the Rise and Fall of New Religions in Japan (Philosophy, medieval studies, classics, religious);RDF60;Humanities and the arts;0.8331210613250732;RDF50;Social sciences;0.07629092782735825;RDF10;Natural sciences;0.03547857329249382;RDF603;Philosophy;0.9914887547492981;RDF503;Education;0.9783846735954285;RDF602;Languages and literature;0.18624301254749298;RDF601;History, archaeology and related studies;0.17809657752513885;RDF605;Other humanities;0.07263670861721039
12;Systems biology of size control in eukaryotes (Genes, Cells and Molecules);RDF10;Natural sciences;0.817066490650177;RDF30;Medical, health and life sciences;0.14735282957553864;RDF20-21;Engineering and technology;0.029761645942926407;RDF106;Biological sciences;0.9969722032546997;RDF301;Basic medicine and life sciences;0.6876299977302551;RDF107;Other natural sciences;0.3071501553058624;RDF207;Medical and biomedical engineering;0.10521054267883301;RDF304;Medical biotechnology;0.07807816565036774
13;Drop-based microfluidics (DBM) for single cell studies and ultrahigh-throughput phenotypic screens and lab evolution (Genes, Cells and Molecules);RDF20-21;Engineering and technology;0.8988481163978577;RDF30;Medical, health and life sciences;0.0816691666841507;RDF10;Natural sciences;0.010222094133496284;RDF106;Biological sciences;0.9728307723999023;RDF211;Nano-technology;0.9709092378616333;RDF301;Basic medicine and life sciences;0.8269914388656616;RDF304;Medical biotechnology;0.689462423324585;RDF207;Medical and biomedical engineering;0.35692283511161804
14;Neural repair in glaucoma: the role of insulin signaling (Cell Biology – Disease);RDF30;Medical, health and life sciences;0.9735691547393799;RDF20-21;Engineering and technology;0.017692774534225464;RDF10;Natural sciences;0.006663160398602486;RDF106;Biological sciences;0.9943580627441406;RDF207;Medical and biomedical engineering;0.9594592452049255;RDF304;Medical biotechnology;0.9219218492507935;RDF303;Health sciences;0.6175702810287476;RDF301;Basic medicine and life sciences;0.3515336215496063
15;Impacts des mesures de protection contre la COVID-19 sur la communication des personnes malentendantes;RDF30;Medical, health and life sciences;0.6378331184387207;RDF50;Social sciences;0.30843594670295715;RDF60;Humanities and the arts;0.025120936334133148;RDF303;Health sciences;0.9676557183265686;RDF508;Media and communications;0.906653106212616;RDF207;Medical and biomedical engineering;0.6578682661056519;RDF501;Psychology and cognitive sciences;0.6475754380226135;RDF305;Other medical sciences;0.411583811044693
16;Mixité sociale et scolaire en classe : perception des exigences professionnelles des étudiant·e·s en formation à l'enseignement au Québec et en Suisse (Education and social work);RDF50;Social sciences;0.9320961236953735;RDF60;Humanities and the arts;0.03061286360025406;RDF20-21;Engineering and technology;0.015881745144724846;RDF503;Education;0.9773707985877991;RDF507;Social and economic geography;0.04208773002028465;RDF509;Other social sciences;0.03649376705288887;RDF504;Sociology and related studies;0.03622005507349968;RDF502;Economics and business administration;0.00628990214318037
17;Discharges at/near gas-liquid and liquid-liquid interfaces: fundamental investigation and application in liquid processing and nanomaterial synthesis (Physics);RDF10;Natural sciences;0.9473822712898254;RDF20-21;Engineering and technology;0.04430965706706047;RDF30;Medical, health and life sciences;0.0034167941194027662;RDF103;Physical sciences;0.9964618682861328;RDF211;Nano-technology;0.056652430444955826;RDF603;Philosophy;0.034618835896253586;RDF206;Materials engineering and resources engineering;0.01798621006309986;RDF104;Chemical sciences;0.010489091277122498
18;Fully-Lagrangian three-dimensional modelling of river ice jam initiation;RDF20-21;Engineering and technology;0.8824631571769714;RDF10;Natural sciences;0.10959365963935852;RDF60;Humanities and the arts;0.004086615052074194;RDF103;Physical sciences;0.9618217349052429;RDF101;Mathematics and statistics;0.9365176558494568;RDF201;Civil engineering, maritime engineering, transport engineering, and mining engineering;0.7956581115722656;RDF604;Arts (arts, history of arts, performing arts, music), architecture and design;0.7511921525001526;RDF208;Environmental engineering and related engineering;0.23265865445137024
19;Juger l'homosexualité, attribuer l'asile: le traitement des demandes d'asile OSIG au Canada (Political science and public administration);RDF50;Social sciences;0.6769655346870422;RDF30;Medical, health and life sciences;0.11401959508657455;RDF60;Humanities and the arts;0.07836444675922394;RDF506;Political science and policy administration;0.8783142566680908;RDF503;Education;0.01897803694009781;RDF605;Other humanities;0.005641908850520849;RDF509;Other social sciences;0.005060331895947456;RDF505;Law and legal practice;0.0020829709246754646
20;Intentions or affect: Which is a key driver of physical activity? Using ecological momentary assessment to understand the intention-behaviour gap in schizophrenia spectrum disorders (Multidisciplinary or interdisciplinary social sciences);RDF50;Social sciences;0.7364228367805481;RDF30;Medical, health and life sciences;0.260536253452301;RDF20-21;Engineering and technology;0.001073103048838675;RDF501;Psychology and cognitive sciences;0.05146276578307152;RDF303;Health sciences;0.022116590291261673;RDF509;Other social sciences;0.021948255598545074;RDF504;Sociology and related studies;0.01065251138061285;RDF208;Environmental engineering and related engineering;0.00985985528677702
21;Biophysical and genetic control of root growth;RDF10;Natural sciences;0.46854859590530396;RDF20-21;Engineering and technology;0.24690774083137512;RDF30;Medical, health and life sciences;0.16447602212429047;RDF106;Biological sciences;0.9853843450546265;RDF404;Agricultural biotechnology and food sciences;0.9728307127952576;RDF304;Medical biotechnology;0.9609516859054565;RDF301;Basic medicine and life sciences;0.9348725080490112;RDF107;Other natural sciences;0.933673083782196
22;Open-source numerical strategy for the analysis and redesign of turbomachine blades accounting for nonlinear structural interactions;RDF20-21;Engineering and technology;0.9861147403717041;RDF10;Natural sciences;0.010371743701398373;RDF40;Agricultural and veterinary sciences;0.0014825635589659214;RDF204;Mechanical engineering;0.9848109483718872;RDF101;Mathematics and statistics;0.9073122143745422;RDF202;Industrial, systems and processes engineering;0.9036349058151245;RDF103;Physical sciences;0.8910549283027649;RDF212;Other engineering and technologies;0.7554566264152527
23;Application of Boltzmann Transport Equation solutions to nuclear reactor physics and radiotherapy applications (Physics);RDF20-21;Engineering and technology;0.8713012337684631;RDF10;Natural sciences;0.09680727869272232;RDF30;Medical, health and life sciences;0.01555834524333477;RDF103;Physical sciences;0.9964063763618469;RDF101;Mathematics and statistics;0.14270912110805511;RDF603;Philosophy;0.0018386653391644359;RDF212;Other engineering and technologies;0.0014550630003213882;RDF207;Medical and biomedical engineering;0.0008830458973534405
24;La théorie des graphes : analyse structurelle, algorithmique et applications dans les sciences de l'ingénieur;RDF20-21;Engineering and technology;0.9927937984466553;RDF10;Natural sciences;0.0033114892430603504;RDF50;Social sciences;0.001317219459451735;RDF102;Computer and information sciences;0.939024806022644;RDF101;Mathematics and statistics;0.11797800660133362;RDF103;Physical sciences;0.06418263912200928;RDF203;Electrical engineering, computer engineering, and information engineering;0.043042849749326706;RDF212;Other engineering and technologies;0.04146227240562439
25;Interdisciplinary Canadian Collaborative ME Research Network;RDF20-21;Engineering and technology;0.6483259201049805;RDF30;Medical, health and life sciences;0.320944607257843;RDF10;Natural sciences;0.024175290018320084;RDF204;Mechanical engineering;0.9693242311477661;RDF207;Medical and biomedical engineering;0.946596622467041;RDF305;Other medical sciences;0.888372004032135;RDF304;Medical biotechnology;0.8791467547416687;RDF301;Basic medicine and life sciences;0.5884162187576294
26;La nouvelle politique de la redistribution (Political science and public administration);RDF50;Social sciences;0.9147655367851257;RDF60;Humanities and the arts;0.028058532625436783;RDF10;Natural sciences;0.024761568754911423;RDF506;Political science and policy administration;0.9175984859466553;RDF509;Other social sciences;0.0022518474142998457;RDF502;Economics and business administration;0.0020190139766782522;RDF507;Social and economic geography;0.0012448433553799987;RDF605;Other humanities;0.0007672923966310918
27;Extracellular vesicles and their miR cargo to enhance ischemia-induced neovascularization in peripheral artery disease (Cardiovascular System – Vascular System);RDF30;Medical, health and life sciences;0.7288272976875305;RDF20-21;Engineering and technology;0.26812058687210083;RDF10;Natural sciences;0.0025476894807070494;RDF304;Medical biotechnology;0.9955316185951233;RDF303;Health sciences;0.9934101700782776;RDF207;Medical and biomedical engineering;0.9872773289680481;RDF106;Biological sciences;0.9824231266975403;RDF211;Nano-technology;0.9600626826286316
28;Low-Dimensional Organic Materials for Energy, Electronic and Environment Applications;RDF20-21;Engineering and technology;0.9899907112121582;RDF10;Natural sciences;0.00817287340760231;RDF30;Medical, health and life sciences;0.0006204535602591932;RDF206;Materials engineering and resources engineering;0.9853843450546265;RDF104;Chemical sciences;0.9740425944328308;RDF205;Chemical engineering;0.8615381717681885;RDF103;Physical sciences;0.572961688041687;RDF203;Electrical engineering, computer engineering, and information engineering;0.12721826136112213
29;Histone protein supply and demand: life on a knife's edge (Genes, Cells and Molecules);RDF10;Natural sciences;0.5077993869781494;RDF30;Medical, health and life sciences;0.4623565673828125;RDF20-21;Engineering and technology;0.0262889564037323;RDF106;Biological sciences;0.9872772693634033;RDF104;Chemical sciences;0.9623913764953613;RDF301;Basic medicine and life sciences;0.8824278712272644;RDF304;Medical biotechnology;0.685949444770813;RDF107;Other natural sciences;0.3268083333969116
30;Bayesian deep-learning prediction with sparse graphs (Mathematics and Statistics);RDF20-21;Engineering and technology;0.7081311345100403;RDF10;Natural sciences;0.14727723598480225;RDF50;Social sciences;0.08007324486970901;RDF101;Mathematics and statistics;0.9932024478912354;RDF102;Computer and information sciences;0.13117322325706482;RDF212;Other engineering and technologies;0.006903837900608778;RDF203;Electrical engineering, computer engineering, and information engineering;0.0059110685251653194;RDF503;Education;0.0019877743907272816
31;At the Edge of Soft Power: French Saint-Simonians and Nineteenth-Century Visions of Development (History);RDF50;Social sciences;0.47146692872047424;RDF60;Humanities and the arts;0.4411754608154297;RDF20-21;Engineering and technology;0.04103571176528931;RDF601;History, archaeology and related studies;0.9933589100837708;RDF604;Arts (arts, history of arts, performing arts, music), architecture and design;0.11201595515012741;RDF503;Education;0.06142404302954674;RDF602;Languages and literature;0.022457052022218704;RDF605;Other humanities;0.02178117260336876
32;Random walks on random graphs in high dimensions (Mathematics and Statistics);RDF20-21;Engineering and technology;0.7307319045066833;RDF10;Natural sciences;0.16241265833377838;RDF50;Social sciences;0.04726477712392807;RDF101;Mathematics and statistics;0.9980430006980896;RDF102;Computer and information sciences;0.02931223064661026;RDF212;Other engineering and technologies;0.0037654140032827854;RDF604;Arts (arts, history of arts, performing arts, music), architecture and design;0.0022518474142998457;RDF206;Materials engineering and resources engineering;0.001325022429227829
33;Roles, mechanisms of action and regulation of Hippo signaling in the testis (Biological Systems and Functions);RDF10;Natural sciences;0.631584644317627;RDF30;Medical, health and life sciences;0.35986605286598206;RDF20-21;Engineering and technology;0.006907494273036718;RDF106;Biological sciences;0.9959298372268677;RDF207;Medical and biomedical engineering;0.9015746116638184;RDF301;Basic medicine and life sciences;0.879561185836792;RDF304;Medical biotechnology;0.7270074486732483;RDF303;Health sciences;0.700177788734436
34;The role of the TGFB-SOX9 signaling pathway in brain angiogenesis (Biological Systems and Functions);RDF30;Medical, health and life sciences;0.66900634765625;RDF10;Natural sciences;0.31233450770378113;RDF20-21;Engineering and technology;0.014665254391729832;RDF106;Biological sciences;0.9945307374000549;RDF207;Medical and biomedical engineering;0.8936811089515686;RDF303;Health sciences;0.7918210625648499;RDF304;Medical biotechnology;0.7918210625648499;RDF301;Basic medicine and life sciences;0.6306280493736267
35;A randomized controlled trial comparing Virtual Reality Therapy to Supportive Therapy to reduce cannabis use in patients with psychotic disorders;RDF30;Medical, health and life sciences;0.955704927444458;RDF20-21;Engineering and technology;0.025122839957475662;RDF10;Natural sciences;0.012509792111814022;RDF303;Health sciences;0.9928231239318848;RDF302;Clinical medicine;0.9730364680290222;RDF501;Psychology and cognitive sciences;0.9700134992599487;RDF207;Medical and biomedical engineering;0.8807970881462097;RDF104;Chemical sciences;0.8344069123268127
36;Le contrat didactique en sciences humaines au primaire : mieux comprendre les pratiques enseignantes et leurs effets sur l'apprentissage (Education and social work);RDF60;Humanities and the arts;0.5206473469734192;RDF50;Social sciences;0.21788756549358368;RDF30;Medical, health and life sciences;0.1184634119272232;RDF503;Education;0.989751398563385;RDF602;Languages and literature;0.09704755991697311;RDF605;Other humanities;0.03622005507349968;RDF303;Health sciences;0.018404891714453697;RDF603;Philosophy;0.015072628855705261
37;Impact of insects by-products and phytogenics on the piglet's intestinal health;RDF40;Agricultural and veterinary sciences;0.42502865195274353;RDF10;Natural sciences;0.3869929909706116;RDF30;Medical, health and life sciences;0.177178293466568;RDF402;Animal and dairy sciences;0.9918752908706665;RDF404;Agricultural biotechnology and food sciences;0.9828232526779175;RDF106;Biological sciences;0.9793540835380554;RDF401;Agriculture, forestry, and fisheries;0.9771973490715027;RDF403;Veterinary sciences;0.9511421918869019
38;Response of the continental water cycle to greenhouse warming: evaluating, understanding and constraining Earth System Model projections (Geosciences);RDF10;Natural sciences;0.9834383726119995;RDF20-21;Engineering and technology;0.011720827780663967;RDF50;Social sciences;0.0019133726600557566;RDF105;Earth and related environmental sciences;0.9927672147750854;RDF208;Environmental engineering and related engineering;0.024609927088022232;RDF103;Physical sciences;0.02161533385515213;RDF101;Mathematics and statistics;0.015663648024201393;RDF107;Other natural sciences;0.013121271505951881
39;Why Do Green Products Suffer from Low Consumer Preference? An Explanation Based on Ease of Benefit Visualization and Price Fairness Perceptions;RDF10;Natural sciences;0.5106291770935059;RDF20-21;Engineering and technology;0.3915129601955414;RDF50;Social sciences;0.046395670622587204;RDF502;Economics and business administration;0.9500415325164795;RDF104;Chemical sciences;0.9284087419509888;RDF501;Psychology and cognitive sciences;0.8998278379440308;RDF202;Industrial, systems and processes engineering;0.8381505012512207;RDF103;Physical sciences;0.8122723698616028
40;Architecture comme tissu spatial et social: perspectives japonaises pour promouvoir les relations multi échelles (Geography, urban planning and related fields);RDF20-21;Engineering and technology;0.9187236428260803;RDF50;Social sciences;0.0408417172729969;RDF60;Humanities and the arts;0.019904663786292076;RDF604;Arts (arts, history of arts, performing arts, music), architecture and design;0.9005298018455505;RDF103;Physical sciences;0.8402588963508606;RDF605;Other humanities;0.018689308315515518;RDF107;Other natural sciences;0.008711384609341621;RDF507;Social and economic geography;0.006903837900608778
41;Femmes mémorialistes sous l'Ancien Régime (XVIe-XVIIIe siècles);RDF60;Humanities and the arts;0.628911018371582;RDF50;Social sciences;0.2893458306789398;RDF10;Natural sciences;0.0290718711912632;RDF601;History, archaeology and related studies;0.983085036277771;RDF604;Arts (arts, history of arts, performing arts, music), architecture and design;0.9118099808692932;RDF506;Political science and policy administration;0.7172099947929382;RDF508;Media and communications;0.2724114954471588;RDF507;Social and economic geography;0.22439520061016083
42;Répit Une Heure pour Moi : Ethnographie ciblée d'un programme de soutien familial à domicile pour les familles dont un enfant a des problèmes de santé mentale;RDF30;Medical, health and life sciences;0.48857176303863525;RDF50;Social sciences;0.38876333832740784;RDF60;Humanities and the arts;0.08069729804992676;RDF507;Social and economic geography;0.5273165106773376;RDF303;Health sciences;0.3589146137237549;RDF508;Media and communications;0.13161905109882355;RDF504;Sociology and related studies;0.08151976019144058;RDF601;History, archaeology and related studies;0.03210070729255676
43;The ethical challenges of Artificial Intelligence for start-ups;RDF20-21;Engineering and technology;0.9839218854904175;RDF50;Social sciences;0.008512591943144798;RDF10;Natural sciences;0.0032818967010825872;RDF102;Computer and information sciences;0.96909099817276;RDF212;Other engineering and technologies;0.1937568634748459;RDF501;Psychology and cognitive sciences;0.06754668802022934;RDF203;Electrical engineering, computer engineering, and information engineering;0.05541279911994934;RDF603;Philosophy;0.022977370768785477
44;Integrating impacts from marine plastics in Life Cycle Assessment (Civil, Industrial and Systems Engineering);RDF20-21;Engineering and technology;0.9863294959068298;RDF10;Natural sciences;0.011043068952858448;RDF50;Social sciences;0.0011019876692444086;RDF202;Industrial, systems and processes engineering;0.47073662281036377;RDF208;Environmental engineering and related engineering;0.19620941579341888;RDF104;Chemical sciences;0.03488088771700859;RDF201;Civil engineering, maritime engineering, transport engineering, and mining engineering;0.023870833218097687;RDF107;Other natural sciences;0.007345826830714941
45;A Semantic Parsing Approach to Open-world Knowledge Graph Question Answering;RDF20-21;Engineering and technology;0.9830580949783325;RDF50;Social sciences;0.0083732595667243;RDF30;Medical, health and life sciences;0.0033831025939434767;RDF102;Computer and information sciences;0.9918120503425598;RDF203;Electrical engineering, computer engineering, and information engineering;0.6710395216941833;RDF212;Other engineering and technologies;0.4342213571071625;RDF602;Languages and literature;0.1208532303571701;RDF501;Psychology and cognitive sciences;0.015663648024201393
46;Appropriation et déploiement d'une approche pédagogique antiraciste chez des formateurs en sciences de la santé (Indigenous research);RDF10;Natural sciences;0.763418436050415;RDF30;Medical, health and life sciences;0.10574173927307129;RDF50;Social sciences;0.06503435969352722;RDF303;Health sciences;0.8113772869110107;RDF503;Education;0.5898345112800598;RDF601;History, archaeology and related studies;0.2240554392337799;RDF107;Other natural sciences;0.18713267147541046;RDF603;Philosophy;0.15817435085773468
47;Pathways for the digital economy: Adolescent digital literacies and InstaPoetry;RDF20-21;Engineering and technology;0.887226402759552;RDF50;Social sciences;0.05649736151099205;RDF60;Humanities and the arts;0.04434528946876526;RDF102;Computer and information sciences;0.9585376977920532;RDF508;Media and communications;0.8479677438735962;RDF212;Other engineering and technologies;0.8227595090866089;RDF507;Social and economic geography;0.21502089500427246;RDF503;Education;0.18862269818782806
48;Les discours en matière de pauvreté dans les revues scientifiques francophones du travail social : ce qu'ils nous disent du travail social et de ses rapports à la science et à la théorie (Multidisciplinary or interdisciplinary social sciences);RDF50;Social sciences;0.9950801730155945;RDF60;Humanities and the arts;0.0014275338035076857;RDF20-21;Engineering and technology;0.0012210344430059195;RDF509;Other social sciences;0.39152228832244873;RDF504;Sociology and related studies;0.30881521105766296;RDF507;Social and economic geography;0.08945459872484207;RDF206;Materials engineering and resources engineering;0.030908958986401558;RDF502;Economics and business administration;0.030675800517201424
49;Bilingualism and attentional processes in the age and language proficiency continuum (Biological Systems and Functions);RDF30;Medical, health and life sciences;0.821713387966156;RDF10;Natural sciences;0.10284949094057083;RDF60;Humanities and the arts;0.02923755906522274;RDF106;Biological sciences;0.9462003707885742;RDF501;Psychology and cognitive sciences;0.9149008989334106;RDF503;Education;0.7718434929847717;RDF602;Languages and literature;0.038178276270627975;RDF207;Medical and biomedical engineering;0.03622005879878998
50;Arts de la scène, innovations technologiques et clowns pour le renouvellement de l'opéra;RDF60;Humanities and the arts;0.745122492313385;RDF20-21;Engineering and technology;0.24190586805343628;RDF50;Social sciences;0.007898506708443165;RDF508;Media and communications;0.9889278411865234;RDF604;Arts (arts, history of arts, performing arts, music), architecture and design;0.9801293015480042;RDF212;Other engineering and technologies;0.5316957235336304;RDF103;Physical sciences;0.06608538329601288;RDF605;Other humanities;0.04672495648264885
51;"""Domestic art galleries"" in Cuba, Russia, and China after 1989: a(n) (imagined) trans-socialist network (Fine Arts, Research-Creation)";RDF60;Humanities and the arts;0.967735230922699;RDF50;Social sciences;0.029683269560337067;RDF20-21;Engineering and technology;0.0013041917700320482;RDF604;Arts (arts, history of arts, performing arts, music), architecture and design;0.974821150302887;RDF507;Social and economic geography;0.9334307909011841;RDF601;History, archaeology and related studies;0.2855711579322815;RDF508;Media and communications;0.104112409055233;RDF504;Sociology and related studies;0.104112409055233
52;Advancing the understanding of fundamental principles of motor control (Biological Systems and Functions);RDF10;Natural sciences;0.46434158086776733;RDF20-21;Engineering and technology;0.39408159255981445;RDF30;Medical, health and life sciences;0.13860610127449036;RDF503;Education;0.9664104580879211;RDF106;Biological sciences;0.7466935515403748;RDF207;Medical and biomedical engineering;0.5251253247261047;RDF303;Health sciences;0.10894504934549332;RDF107;Other natural sciences;0.049589019268751144
53;Impact Award: Insight;RDF60;Humanities and the arts;0.703345537185669;RDF20-21;Engineering and technology;0.14369796216487885;RDF30;Medical, health and life sciences;0.054448459297418594;RDF604;Arts (arts, history of arts, performing arts, music), architecture and design;0.9759464859962463;RDF508;Media and communications;0.9569571018218994;RDF212;Other engineering and technologies;0.8003801107406616;RDF501;Psychology and cognitive sciences;0.512204647064209;RDF202;Industrial, systems and processes engineering;0.1561049073934555
54;New Methods for the Stereoselective Synthesis of Organic Compounds (Chemistry);RDF20-21;Engineering and technology;0.5659533739089966;RDF10;Natural sciences;0.3125491440296173;RDF30;Medical, health and life sciences;0.039120111614465714;RDF104;Chemical sciences;0.9968764185905457;RDF205;Chemical engineering;0.004264634568244219;RDF107;Other natural sciences;0.001782196224667132;RDF212;Other engineering and technologies;0.0007208380266092718;RDF604;Arts (arts, history of arts, performing arts, music), architecture and design;0.0002737216418609023
55;Capturer le rythme de la vie moderne : le montage rapide comme symptôme et modèle pour les sociétés du début du XXe siècle jusqu'à aujourd'hui (Fine Arts, Research-Creation);RDF60;Humanities and the arts;0.9804556369781494;RDF20-21;Engineering and technology;0.008889691904187202;RDF50;Social sciences;0.006303735543042421;RDF604;Arts (arts, history of arts, performing arts, music), architecture and design;0.8914335370063782;RDF507;Social and economic geography;0.18242552876472473;RDF508;Media and communications;0.053009770810604095;RDF605;Other humanities;0.03384403511881828;RDF504;Sociology and related studies;0.024798160418868065
56;Environnement, médias, archives : une anatomie contemporaine de la mélancolie et de la nostalgie (Fine Arts, Research-Creation);RDF60;Humanities and the arts;0.9845908880233765;RDF20-21;Engineering and technology;0.004559560213238001;RDF50;Social sciences;0.004151526838541031;RDF208;Environmental engineering and related engineering;0.5765419602394104;RDF601;History, archaeology and related studies;0.29098087549209595;RDF508;Media and communications;0.10123348236083984;RDF604;Arts (arts, history of arts, performing arts, music), architecture and design;0.06008664891123772;RDF605;Other humanities;0.03676946461200714
57;Multimode determination of gene transcription and metabolic labeling (Genes, Cells and Molecules);RDF20-21;Engineering and technology;0.5372610688209534;RDF30;Medical, health and life sciences;0.41841936111450195;RDF10;Natural sciences;0.04110672324895859;RDF106;Biological sciences;0.994401752948761;RDF304;Medical biotechnology;0.9669139981269836;RDF207;Medical and biomedical engineering;0.8524448275566101;RDF301;Basic medicine and life sciences;0.8325091600418091;RDF104;Chemical sciences;0.750552773475647
58;SLAMF7 in innate immune cells and anti-cancer immunotherapy;RDF30;Medical, health and life sciences;0.6316091418266296;RDF10;Natural sciences;0.27378228306770325;RDF20-21;Engineering and technology;0.09314973652362823;RDF106;Biological sciences;0.9959927201271057;RDF304;Medical biotechnology;0.993096113204956;RDF303;Health sciences;0.9874720573425293;RDF207;Medical and biomedical engineering;0.9575961828231812;RDF302;Clinical medicine;0.9441768527030945
59;À votre service : figures ambivalentes du care dans le Roman français de 1870 à 1945 (Literature);RDF60;Humanities and the arts;0.9493756890296936;RDF30;Medical, health and life sciences;0.03710000216960907;RDF50;Social sciences;0.009907624684274197;RDF602;Languages and literature;0.9918121099472046;RDF503;Education;0.9233161807060242;RDF601;History, archaeology and related studies;0.5438324809074402;RDF604;Arts (arts, history of arts, performing arts, music), architecture and design;0.034618835896253586;RDF508;Media and communications;0.030908958986401558
60;Using a point-of-care electrophysiological method to study the impact of neuro-sacral function on recovery after acute spinal cord injury;RDF30;Medical, health and life sciences;0.9292537569999695;RDF20-21;Engineering and technology;0.06081395596265793;RDF10;Natural sciences;0.007320157252252102;RDF207;Medical and biomedical engineering;0.9588471055030823;RDF302;Clinical medicine;0.9416541457176208;RDF303;Health sciences;0.9246877431869507;RDF106;Biological sciences;0.8936811089515686;RDF305;Other medical sciences;0.8701565861701965
61;Local intersectoral networks and institutional transformations: how can local actors promote social innovations? (Education);RDF50;Social sciences;0.9717645645141602;RDF20-21;Engineering and technology;0.00847335159778595;RDF60;Humanities and the arts;0.00808532815426588;RDF503;Education;0.9925392866134644;RDF507;Social and economic geography;0.8812066316604614;RDF504;Sociology and related studies;0.034100424498319626;RDF502;Economics and business administration;0.02498779445886612;RDF506;Political science and policy administration;0.010818449780344963
62;Plasma biomarkers of Alzheimer's disease in insomnia before and after cognitive behavioral therapy for insomnia;RDF30;Medical, health and life sciences;0.93524569272995;RDF10;Natural sciences;0.048982761800289154;RDF20-21;Engineering and technology;0.010308788157999516;RDF106;Biological sciences;0.9929881691932678;RDF303;Health sciences;0.9923638105392456;RDF304;Medical biotechnology;0.9835969805717468;RDF302;Clinical medicine;0.9785493016242981;RDF501;Psychology and cognitive sciences;0.9591543078422546
63;Developing algorithm aided fabrication methods for polyhedral structures (Civil, Industrial and Systems Engineering);RDF20-21;Engineering and technology;0.998503565788269;RDF10;Natural sciences;0.0005971318460069597;RDF50;Social sciences;0.00030978795257396996;RDF101;Mathematics and statistics;0.6511330604553223;RDF103;Physical sciences;0.06142404302954674;RDF202;Industrial, systems and processes engineering;0.03258974477648735;RDF201;Civil engineering, maritime engineering, transport engineering, and mining engineering;0.02822098694741726;RDF212;Other engineering and technologies;0.012241275049746037
64;SARS-CoV-2 Spike conformation: impact on Fc-mediated effector functions (Virology & Viral Pathogenesis);RDF30;Medical, health and life sciences;0.9600428342819214;RDF10;Natural sciences;0.020557541400194168;RDF20-21;Engineering and technology;0.017721708863973618;RDF106;Biological sciences;0.9953181743621826;RDF303;Health sciences;0.9603611826896667;RDF304;Medical biotechnology;0.9594592452049255;RDF301;Basic medicine and life sciences;0.891433596611023;RDF207;Medical and biomedical engineering;0.17895589768886566
65;Questions in number theory (Mathematics and Statistics);RDF20-21;Engineering and technology;0.3738819360733032;RDF10;Natural sciences;0.2957649528980255;RDF50;Social sciences;0.12138169258832932;RDF101;Mathematics and statistics;0.9975656270980835;RDF503;Education;0.956308901309967;RDF212;Other engineering and technologies;0.0004802972252946347;RDF202;Industrial, systems and processes engineering;0.00045831286115571856;RDF107;Other natural sciences;0.00016865275392774493
66;The mammalian target of rapamycin provides the female rodent heart sex-dependent resistance to ischemic damage (Gender, Sex & Health);RDF30;Medical, health and life sciences;0.4927941858768463;RDF10;Natural sciences;0.46293729543685913;RDF40;Agricultural and veterinary sciences;0.03181243687868118;RDF106;Biological sciences;0.9916195273399353;RDF304;Medical biotechnology;0.9849274158477783;RDF301;Basic medicine and life sciences;0.9136765003204346;RDF207;Medical and biomedical engineering;0.7762839198112488;RDF402;Animal and dairy sciences;0.7732163071632385
67;The CAnadian Mother-ChIld COLlaborative Training Platform - The CAMCCO-L Training Platform (Health Research Training Platform);RDF30;Medical, health and life sciences;0.4932701885700226;RDF20-21;Engineering and technology;0.4491276443004608;RDF10;Natural sciences;0.04276605322957039;RDF303;Health sciences;0.8875949382781982;RDF503;Education;0.8721296787261963;RDF305;Other medical sciences;0.37210583686828613;RDF301;Basic medicine and life sciences;0.3387877345085144;RDF106;Biological sciences;0.26894140243530273
68;Life course body fatness and physical activity, and ovarian cancer etiology (Gender, Sex & Health);RDF30;Medical, health and life sciences;0.8250414729118347;RDF10;Natural sciences;0.16501867771148682;RDF50;Social sciences;0.0072504146955907345;RDF303;Health sciences;0.9801293015480042;RDF106;Biological sciences;0.9420819282531738;RDF301;Basic medicine and life sciences;0.8933094143867493;RDF304;Medical biotechnology;0.45132651925086975;RDF207;Medical and biomedical engineering;0.12043881416320801
69;Modeling cue-triggered relapse to cocaine use in rats (Behavioural Sciences – Neurobiological Basis of Behavioural Processes);RDF30;Medical, health and life sciences;0.8558753132820129;RDF20-21;Engineering and technology;0.07776466012001038;RDF10;Natural sciences;0.028164494782686234;RDF106;Biological sciences;0.23265865445137024;RDF501;Psychology and cognitive sciences;0.1063188761472702;RDF301;Basic medicine and life sciences;0.0772387906908989;RDF304;Medical biotechnology;0.025760561227798462;RDF207;Medical and biomedical engineering;0.012147169560194016
70;Exploring emotional underpinnings of audit work amidst the rise of the digital age;RDF50;Social sciences;0.5188746452331543;RDF20-21;Engineering and technology;0.3196694254875183;RDF60;Humanities and the arts;0.10876204073429108;RDF501;Psychology and cognitive sciences;0.8233283758163452;RDF502;Economics and business administration;0.8164063692092896;RDF605;Other humanities;0.046378206461668015;RDF203;Electrical engineering, computer engineering, and information engineering;0.03594832122325897;RDF509;Other social sciences;0.03358950465917587
71;Moving towards culturally safe services for Indigenous people in forensic mental health: A Partnership Development Programme;RDF30;Medical, health and life sciences;0.9751045107841492;RDF50;Social sciences;0.0229322612285614;RDF10;Natural sciences;0.0008353074663318694;RDF303;Health sciences;0.9693242311477661;RDF505;Law and legal practice;0.9118099808692932;RDF504;Sociology and related studies;0.023153411224484444;RDF501;Psychology and cognitive sciences;0.02112519182264805;RDF509;Other social sciences;0.008985428139567375
72;Development of functional language brain networks: a multimodal neuroimaging approach (Physics);RDF10;Natural sciences;0.9578430652618408;RDF20-21;Engineering and technology;0.027599811553955078;RDF30;Medical, health and life sciences;0.010475707240402699;RDF103;Physical sciences;0.28537195920944214;RDF106;Biological sciences;0.167763352394104;RDF603;Philosophy;0.052618950605392456;RDF207;Medical and biomedical engineering;0.018689308315515518;RDF212;Other engineering and technologies;0.0060975621454417706
73;Une deuxième peau à vif: vêtement, genre et violence dans la Bible hébraïque (Philosophy, medieval studies, classics, religious);RDF60;Humanities and the arts;0.9903693795204163;RDF50;Social sciences;0.0029152422212064266;RDF10;Natural sciences;0.002572692232206464;RDF603;Philosophy;0.9722043871879578;RDF503;Education;0.9651191234588623;RDF602;Languages and literature;0.957912266254425;RDF605;Other humanities;0.4152248799800873;RDF601;History, archaeology and related studies;0.020177317783236504
74;Social Innovation through Participatory Art and Design with Youth at the Margins - Solutions for Engaging and Empowering Youth with Trans-Atlantic Mirroring (Social Innovation);RDF60;Humanities and the arts;0.48376309871673584;RDF50;Social sciences;0.4311089813709259;RDF20-21;Engineering and technology;0.060905877500772476;RDF508;Media and communications;0.7890712022781372;RDF604;Arts (arts, history of arts, performing arts, music), architecture and design;0.6802417039871216;RDF504;Sociology and related studies;0.086941659450531;RDF503;Education;0.019568676128983498;RDF509;Other social sciences;0.0037072529084980488
75;Assessment of renal function in adults born preterm: The HAPI-Kidney study (Clinical Investigation – Reproduction, Maternal, Child and Youth Health);RDF30;Medical, health and life sciences;0.9823205471038818;RDF10;Natural sciences;0.01321462169289589;RDF20-21;Engineering and technology;0.0018669248092919588;RDF302;Clinical medicine;0.9891815781593323;RDF303;Health sciences;0.9878528118133545;RDF106;Biological sciences;0.9750121831893921;RDF301;Basic medicine and life sciences;0.728168785572052;RDF304;Medical biotechnology;0.43470126390457153
76;Unveiling the Role of Cellular Aging in Postmenopausal Syndrome: Rationale for Senolytic-Based Strategies to Enhance Women's Health;RDF30;Medical, health and life sciences;0.7835978865623474;RDF10;Natural sciences;0.20763278007507324;RDF20-21;Engineering and technology;0.0038029267452657223;RDF106;Biological sciences;0.9931495189666748;RDF303;Health sciences;0.9905142188072205;RDF304;Medical biotechnology;0.9591542482376099;RDF302;Clinical medicine;0.9281487464904785;RDF207;Medical and biomedical engineering;0.8969756364822388
77;Optimizing the Ageing Brain? Situating Ethical Aspects of Dementia Prevention (BEAD);RDF30;Medical, health and life sciences;0.9630036950111389;RDF50;Social sciences;0.0139528289437294;RDF20-21;Engineering and technology;0.013736509718000889;RDF303;Health sciences;0.9939024448394775;RDF501;Psychology and cognitive sciences;0.9825575351715088;RDF106;Biological sciences;0.963230550289154;RDF207;Medical and biomedical engineering;0.957912266254425;RDF305;Other medical sciences;0.9155071973800659
78;Multicommunicating during team meetings and its effect on team functioning;RDF50;Social sciences;0.3958125710487366;RDF20-21;Engineering and technology;0.3385564386844635;RDF30;Medical, health and life sciences;0.12454795092344284;RDF501;Psychology and cognitive sciences;0.9732407331466675;RDF508;Media and communications;0.9664104580879211;RDF504;Sociology and related studies;0.4539879858493805;RDF502;Economics and business administration;0.26817411184310913;RDF212;Other engineering and technologies;0.13432104885578156
79;Transitioning from late adolescence into emerging adulthood: The role of past and current parenting (Psychology);RDF30;Medical, health and life sciences;0.5899516940116882;RDF50;Social sciences;0.19607125222682953;RDF60;Humanities and the arts;0.12269824743270874;RDF501;Psychology and cognitive sciences;0.9674102663993835;RDF503;Education;0.05146275833249092;RDF509;Other social sciences;0.0016484829830005765;RDF303;Health sciences;0.001081715221516788;RDF605;Other humanities;0.0007208380266092718
80;Plateforme intégrée de caractérisation expérimentale/numérique pour la conception de matériaux poreux innovants (Mechanical Engineering);RDF20-21;Engineering and technology;0.99736088514328;RDF10;Natural sciences;0.0009681315277703106;RDF50;Social sciences;0.0005182034801691771;RDF204;Mechanical engineering;0.9984752535820007;RDF211;Nano-technology;0.37934964895248413;RDF206;Materials engineering and resources engineering;0.04535258188843727;RDF103;Physical sciences;0.014392336830496788;RDF101;Mathematics and statistics;0.009196552447974682
81;How Peers in Healthcare Teams Transform Homelessness Prevention and Care Practices: A Participatory Multiple Case Study;RDF30;Medical, health and life sciences;0.9724940061569214;RDF50;Social sciences;0.02502080611884594;RDF10;Natural sciences;0.0012121116742491722;RDF303;Health sciences;0.9903663396835327;RDF305;Other medical sciences;0.3487837612628937;RDF301;Basic medicine and life sciences;0.3090237081050873;RDF207;Medical and biomedical engineering;0.3041449785232544;RDF302;Clinical medicine;0.2501792907714844
82;Online stochastic optimization for dynamic operations management systems (Civil, Industrial and Systems Engineering);RDF20-21;Engineering and technology;0.9978325366973877;RDF50;Social sciences;0.0007782834582030773;RDF10;Natural sciences;0.0005967305623926222;RDF202;Industrial, systems and processes engineering;0.6457903385162354;RDF101;Mathematics and statistics;0.03993731364607811;RDF102;Computer and information sciences;0.02822098694741726;RDF201;Civil engineering, maritime engineering, transport engineering, and mining engineering;0.0060035958886146545;RDF212;Other engineering and technologies;0.0039454069919884205
83;Assessing latent-structure models in natural language processing with artificial datasets (Computer Science);RDF20-21;Engineering and technology;0.9937319159507751;RDF10;Natural sciences;0.0023139764089137316;RDF60;Humanities and the arts;0.0014708528760820627;RDF102;Computer and information sciences;0.9968763589859009;RDF203;Electrical engineering, computer engineering, and information engineering;0.7534666657447815;RDF212;Other engineering and technologies;0.004331501666456461;RDF602;Languages and literature;0.002251847181469202;RDF508;Media and communications;0.0015011822106316686
84;Electroactive Self-Assembled Monolayers: Putting Surface-Confined Redox Reactions to Work (Chemistry);RDF20-21;Engineering and technology;0.960041880607605;RDF30;Medical, health and life sciences;0.017721690237522125;RDF10;Natural sciences;0.013587692752480507;RDF104;Chemical sciences;0.9974491000175476;RDF205;Chemical engineering;0.2683658003807068;RDF206;Materials engineering and resources engineering;0.07263670861721039;RDF103;Physical sciences;0.016914913430809975;RDF604;Arts (arts, history of arts, performing arts, music), architecture and design;0.011597362346947193
85;Role of SCPPPQ1, a junctional epithelium protein, in maintaining periodontal integrity and health (Clinical Investigation – Arthritis, Bone, Skin and Cartilage);RDF30;Medical, health and life sciences;0.9800134301185608;RDF10;Natural sciences;0.01282798033207655;RDF20-21;Engineering and technology;0.004609831143170595;RDF303;Health sciences;0.989751398563385;RDF106;Biological sciences;0.9828233122825623;RDF304;Medical biotechnology;0.9795114398002625;RDF302;Clinical medicine;0.9734434485435486;RDF207;Medical and biomedical engineering;0.9465966820716858
86;What dreams may come: How cinema shapes the language, experience, and images of dreaming (Multidisciplinary or interdisciplinary social sciences);RDF50;Social sciences;0.9806656837463379;RDF60;Humanities and the arts;0.013452555984258652;RDF20-21;Engineering and technology;0.002319511491805315;RDF508;Media and communications;0.17217186093330383;RDF503;Education;0.026963500306010246;RDF504;Sociology and related studies;0.01542455330491066;RDF604;Arts (arts, history of arts, performing arts, music), architecture and design;0.011597361415624619;RDF509;Other social sciences;0.011158031411468983
87;Supramolecular strategies to target cellular membranes (Chemistry);RDF20-21;Engineering and technology;0.5382058024406433;RDF30;Medical, health and life sciences;0.3757282495498657;RDF10;Natural sciences;0.05584701523184776;RDF104;Chemical sciences;0.9981898069381714;RDF205;Chemical engineering;0.341802179813385;RDF211;Nano-technology;0.11201594769954681;RDF304;Medical biotechnology;0.04672495648264885;RDF106;Biological sciences;0.030214587226510048
88;Geopolitics, bargaining, and firm selection along the Belt and Road;RDF50;Social sciences;0.9734858870506287;RDF10;Natural sciences;0.016361741349101067;RDF20-21;Engineering and technology;0.0036507979966700077;RDF506;Political science and policy administration;0.9773708581924438;RDF201;Civil engineering, maritime engineering, transport engineering, and mining engineering;0.07668379694223404;RDF502;Economics and business administration;0.06954174488782883;RDF509;Other social sciences;0.05877655744552612;RDF105;Earth and related environmental sciences;0.03676946833729744
89;Role of neuron-glia interactions in sensori-motor integration in mastication (Movement & Exercise);RDF30;Medical, health and life sciences;0.5939280986785889;RDF20-21;Engineering and technology;0.38048461079597473;RDF10;Natural sciences;0.020008020102977753;RDF207;Medical and biomedical engineering;0.9648551344871521;RDF106;Biological sciences;0.946793794631958;RDF304;Medical biotechnology;0.896975576877594;RDF303;Health sciences;0.5358271598815918;RDF501;Psychology and cognitive sciences;0.4176277220249176
90;Dual-Energy Cone-Beam CT as an online quantitative imaging modality for adaptive radiotherapy (Physics);RDF30;Medical, health and life sciences;0.8284014463424683;RDF20-21;Engineering and technology;0.14172276854515076;RDF10;Natural sciences;0.028457283973693848;RDF103;Physical sciences;0.9942697286605835;RDF603;Philosophy;0.86200350522995;RDF207;Medical and biomedical engineering;0.053009770810604095;RDF302;Clinical medicine;0.012527932412922382;RDF305;Other medical sciences;0.007460644003003836
91;"Le ""patient expert"": enjeux épistémiques et normatifs (Philosophy, medieval studies, classics, religious)";RDF60;Humanities and the arts;0.7319901585578918;RDF30;Medical, health and life sciences;0.256952702999115;RDF50;Social sciences;0.004153253510594368;RDF503;Education;0.9978510141372681;RDF603;Philosophy;0.9609516859054565;RDF602;Languages and literature;0.9572778344154358;RDF605;Other humanities;0.9473810791969299;RDF303;Health sciences;0.672493040561676
92;Les données numériques en santé: peut-on bâtir la confiance;RDF30;Medical, health and life sciences;0.5137757062911987;RDF50;Social sciences;0.26654332876205444;RDF20-21;Engineering and technology;0.1288919299840927;RDF303;Health sciences;0.9606574773788452;RDF102;Computer and information sciences;0.944587230682373;RDF501;Psychology and cognitive sciences;0.9334307909011841;RDF101;Mathematics and statistics;0.9268352389335632;RDF508;Media and communications;0.7631309032440186
93;Role of ARF1 as a key GTPAse regulating immune surveillance in breast cancer;RDF30;Medical, health and life sciences;0.8782853484153748;RDF10;Natural sciences;0.10286734998226166;RDF20-21;Engineering and technology;0.013759390451014042;RDF106;Biological sciences;0.9933071136474609;RDF303;Health sciences;0.9859363436698914;RDF304;Medical biotechnology;0.9820138216018677;RDF302;Clinical medicine;0.9525741338729858;RDF207;Medical and biomedical engineering;0.9416542053222656
94;Critical Replacement of Thermogravimetric Analyzer to Leverage Materials Discovery and Innovation (Chemistry);RDF20-21;Engineering and technology;0.9933558106422424;RDF10;Natural sciences;0.004458617884665728;RDF30;Medical, health and life sciences;0.0008779539493843913;RDF104;Chemical sciences;0.9977829456329346;RDF205;Chemical engineering;0.9905873537063599;RDF206;Materials engineering and resources engineering;0.6055658459663391;RDF103;Physical sciences;0.0033244367223232985;RDF212;Other engineering and technologies;0.002590979216620326
95;Partnering with Canadian Youth to Co-Design a Toolkit to Support Youth who Experience Climate-Related Distress;RDF10;Natural sciences;0.3614596724510193;RDF50;Social sciences;0.35759758949279785;RDF20-21;Engineering and technology;0.13310350477695465;RDF208;Environmental engineering and related engineering;0.9511421918869019;RDF105;Earth and related environmental sciences;0.9230391383171082;RDF604;Arts (arts, history of arts, performing arts, music), architecture and design;0.681938648223877;RDF503;Education;0.5741560459136963;RDF504;Sociology and related studies;0.12378869205713272
96;Family Acculturation: Identity, Legitimacy, and the Marketplace;RDF50;Social sciences;0.9121274352073669;RDF60;Humanities and the arts;0.06063317880034447;RDF30;Medical, health and life sciences;0.018930600956082344;RDF501;Psychology and cognitive sciences;0.8807970881462097;RDF508;Media and communications;0.8534247875213623;RDF504;Sociology and related studies;0.8003801107406616;RDF507;Social and economic geography;0.3765084743499756;RDF603;Philosophy;0.3222059905529022
97;Low-Resource Text Understanding (Computer Science);RDF20-21;Engineering and technology;0.9940940737724304;RDF60;Humanities and the arts;0.0027489163912832737;RDF10;Natural sciences;0.0011459188535809517;RDF503;Education;0.9966233372688293;RDF102;Computer and information sciences;0.9943581223487854;RDF203;Electrical engineering, computer engineering, and information engineering;0.47037169337272644;RDF602;Languages and literature;0.04922211170196533;RDF508;Media and communications;0.01678549125790596
98;Privilège des minoritaires et inégalités épistémiques: une perspective féministe et décoloniale sur la reconnaissance des savoirs expérientiels dans la lutte contre la pauvreté au Québec et en Belgique francophone (Sociology, demography and related fields);RDF50;Social sciences;0.9591180682182312;RDF60;Humanities and the arts;0.03333604335784912;RDF10;Natural sciences;0.003740200074389577;RDF504;Sociology and related studies;0.9693242311477661;RDF601;History, archaeology and related studies;0.934155285358429;RDF507;Social and economic geography;0.8976953029632568;RDF506;Political science and policy administration;0.3846159279346466;RDF509;Other social sciences;0.08181271702051163
99;L'esthétique moyenne ou la coupe régulière (Sociology, demography and related fields);RDF50;Social sciences;0.992114782333374;RDF30;Medical, health and life sciences;0.002204418648034334;RDF10;Natural sciences;0.002204418648034334;RDF504;Sociology and related studies;0.9904405474662781;RDF507;Social and economic geography;0.9324533343315125;RDF509;Other social sciences;0.8745065331459045;RDF101;Mathematics and statistics;0.6961390972137451;RDF605;Other humanities;0.01615283638238907
100;Deepening understanding on infant and child mortality disparities in low- and middle-income countries: untangling the direct and indirect effects of gender inequality (Multidisciplinary or interdisciplinary social sciences);RDF50;Social sciences;0.9883111119270325;RDF30;Medical, health and life sciences;0.010683000087738037;RDF10;Natural sciences;0.0003420656721573323;RDF303;Health sciences;0.09041372686624527;RDF502;Economics and business administration;0.028007520362734795;RDF504;Sociology and related studies;0.026355352252721786;RDF507;Social and economic geography;0.02595735900104046;RDF509;Other social sciences;0.02112519182264805
101;Isolating the role of the raphe-ventral hippocampus serotonergic pathway in anxiety (Behavioural Sciences – Neurobiological Basis of Behavioural Processes);RDF30;Medical, health and life sciences;0.9194291830062866;RDF20-21;Engineering and technology;0.025156598538160324;RDF10;Natural sciences;0.022905342280864716;RDF501;Psychology and cognitive sciences;0.788257360458374;RDF106;Biological sciences;0.31784960627555847;RDF301;Basic medicine and life sciences;0.03210070729255676;RDF207;Medical and biomedical engineering;0.026355355978012085;RDF303;Health sciences;0.013121270574629307
102;Facing pain is effortful: a multidisciplinary approach to investigate the effects of pain on perception of effort and performance (Biological Systems and Functions);RDF30;Medical, health and life sciences;0.9616852402687073;RDF20-21;Engineering and technology;0.017476806417107582;RDF10;Natural sciences;0.015423228032886982;RDF303;Health sciences;0.971563994884491;RDF301;Basic medicine and life sciences;0.7991289496421814;RDF207;Medical and biomedical engineering;0.7972412705421448;RDF305;Other medical sciences;0.38044241070747375;RDF501;Psychology and cognitive sciences;0.26511871814727783
103;Enjeux émergents liés à la présence de manganèse dans les eaux potables (Civil, Industrial and Systems Engineering);RDF20-21;Engineering and technology;0.984677255153656;RDF10;Natural sciences;0.013092000968754292;RDF40;Agricultural and veterinary sciences;0.0007801172323524952;RDF208;Environmental engineering and related engineering;0.896975576877594;RDF105;Earth and related environmental sciences;0.1883239895105362;RDF202;Industrial, systems and processes engineering;0.06052939221262932;RDF104;Chemical sciences;0.023153411224484444;RDF201;Civil engineering, maritime engineering, transport engineering, and mining engineering;0.021948253735899925
104;Élaboration d'un procédé de stockage de CO2 par minéralisation visant à réduire les émissions des Gaz à Effet de Serre du secteur agricole;RDF20-21;Engineering and technology;0.4536806344985962;RDF10;Natural sciences;0.28837695717811584;RDF40;Agricultural and veterinary sciences;0.24283775687217712;RDF208;Environmental engineering and related engineering;0.9651190638542175;RDF205;Chemical engineering;0.9403530955314636;RDF502;Economics and business administration;0.9235922694206238;RDF104;Chemical sciences;0.9059898257255554;RDF202;Industrial, systems and processes engineering;0.8688268065452576
105;Factor models for forecasting and macroeconomic applications (Economics);RDF50;Social sciences;0.8795381784439087;RDF20-21;Engineering and technology;0.10795782506465912;RDF10;Natural sciences;0.005766430404037237;RDF502;Economics and business administration;0.994088888168335;RDF101;Mathematics and statistics;0.07978201657533646;RDF212;Other engineering and technologies;0.0014779430348426104;RDF507;Social and economic geography;0.0006878512213006616;RDF509;Other social sciences;0.00020662981842178851
106;Une histoire écrite avec des si. Les devenirs romanesques des idéaux libertaires (1898-1940) (Literature);RDF60;Humanities and the arts;0.9909583330154419;RDF50;Social sciences;0.006272484548389912;RDF10;Natural sciences;0.0011071593035012484;RDF602;Languages and literature;0.986571729183197;RDF601;History, archaeology and related studies;0.9059898257255554;RDF503;Education;0.21502089500427246;RDF605;Other humanities;0.018264280632138252;RDF604;Arts (arts, history of arts, performing arts, music), architecture and design;0.011869121342897415
107;Jean-Marc Vallée : de Montréal à Hollywood;RDF60;Humanities and the arts;0.5737241506576538;RDF50;Social sciences;0.18698996305465698;RDF20-21;Engineering and technology;0.15321408212184906;RDF604;Arts (arts, history of arts, performing arts, music), architecture and design;0.9656413197517395;RDF502;Economics and business administration;0.5758265256881714;RDF508;Media and communications;0.5675771236419678;RDF601;History, archaeology and related studies;0.22575782239437103;RDF507;Social and economic geography;0.13028542697429657
108;Prebiotics to modify the gut microbiome and enhance immune checkpoint blockers (Cancer Progression & Therapeutics);RDF30;Medical, health and life sciences;0.8455065488815308;RDF10;Natural sciences;0.13588526844978333;RDF20-21;Engineering and technology;0.01560745108872652;RDF304;Medical biotechnology;0.9941800236701965;RDF303;Health sciences;0.9900635480880737;RDF106;Biological sciences;0.9839708805084229;RDF302;Clinical medicine;0.9674102663993835;RDF207;Medical and biomedical engineering;0.8936811685562134
109;Words Matter, Numbers Matter, Ways Matter: Establishing a Data and Resource Platform to Guide Equitable Healthcare for Women Living with Female Genital Mutilation/Cutting in Canada (Public, Community & Population Health);RDF30;Medical, health and life sciences;0.9711223244667053;RDF50;Social sciences;0.0226608756929636;RDF60;Humanities and the arts;0.0021917547564953566;RDF303;Health sciences;0.9888420104980469;RDF207;Medical and biomedical engineering;0.21109138429164886;RDF305;Other medical sciences;0.18097351491451263;RDF106;Biological sciences;0.14366759359836578;RDF301;Basic medicine and life sciences;0.10669060051441193
110;"Dynamiques de cohabitation à l'ère de la ""super-diversité"" (Anthropology and archaeology)";RDF10;Natural sciences;0.5621529221534729;RDF50;Social sciences;0.170112743973732;RDF20-21;Engineering and technology;0.10813023895025253;RDF601;History, archaeology and related studies;0.9309620261192322;RDF605;Other humanities;0.2436424344778061;RDF208;Environmental engineering and related engineering;0.032344330102205276;RDF105;Earth and related environmental sciences;0.030444348230957985;RDF106;Biological sciences;0.021450728178024292
111;Dependence Modelling for Arbitrary Distributions (Mathematics and Statistics);RDF20-21;Engineering and technology;0.6324070692062378;RDF10;Natural sciences;0.19744712114334106;RDF50;Social sciences;0.10243421792984009;RDF101;Mathematics and statistics;0.9934611916542053;RDF503;Education;0.004609572235494852;RDF212;Other engineering and technologies;0.0032730652019381523;RDF509;Other social sciences;0.001573112211190164;RDF202;Industrial, systems and processes engineering;0.0011695101857185364
112;CONTACT BY SEA: : Basques et Autochtones dans le golfe Saint-Laurent, XVIe-XVIIIe siècle (Anthropology and archaeology);RDF60;Humanities and the arts;0.4298367500305176;RDF50;Social sciences;0.3591420650482178;RDF10;Natural sciences;0.14739160239696503;RDF601;History, archaeology and related studies;0.979667603969574;RDF605;Other humanities;0.06142404302954674;RDF105;Earth and related environmental sciences;0.012722708284854889;RDF604;Arts (arts, history of arts, performing arts, music), architecture and design;0.004905405454337597;RDF509;Other social sciences;0.003429603995755315
113;The impact of genetic variation on genome biology and function (Genes, Cells and Molecules);RDF30;Medical, health and life sciences;0.5499100089073181;RDF20-21;Engineering and technology;0.2159796804189682;RDF10;Natural sciences;0.20770561695098877;RDF106;Biological sciences;0.985496461391449;RDF301;Basic medicine and life sciences;0.38682135939598083;RDF207;Medical and biomedical engineering;0.10894504934549332;RDF304;Medical biotechnology;0.08977328985929489;RDF503;Education;0.03963883966207504
114;Orphan Nuclear Receptor Regulation of Fertility (Clinical Investigation – Reproduction, Maternal, Child and Youth Health);RDF30;Medical, health and life sciences;0.9091750383377075;RDF10;Natural sciences;0.07760253548622131;RDF20-21;Engineering and technology;0.01162505429238081;RDF303;Health sciences;0.9912209510803223;RDF106;Biological sciences;0.990731954574585;RDF302;Clinical medicine;0.9901400804519653;RDF304;Medical biotechnology;0.9773708581924438;RDF207;Medical and biomedical engineering;0.9437636137008667
115;Identifying the roles of atypical MAP kinases ERK3 and ERK4 in cardiac remodelling (Cardiovascular System – Heart and Circulation);RDF30;Medical, health and life sciences;0.9564065337181091;RDF20-21;Engineering and technology;0.02568727172911167;RDF10;Natural sciences;0.01570231467485428;RDF106;Biological sciences;0.9783846735954285;RDF303;Health sciences;0.961533784866333;RDF304;Medical biotechnology;0.9536218047142029;RDF207;Medical and biomedical engineering;0.7876046299934387;RDF302;Clinical medicine;0.21900326013565063
116;Valorisation des données industrielles (Civil, Industrial and Systems Engineering);RDF20-21;Engineering and technology;0.9983683824539185;RDF10;Natural sciences;0.0005877946387045085;RDF50;Social sciences;0.0004797440196853131;RDF202;Industrial, systems and processes engineering;0.14608724415302277;RDF101;Mathematics and statistics;0.09235979616641998;RDF212;Other engineering and technologies;0.00446838466450572;RDF103;Physical sciences;0.004070138093084097;RDF502;Economics and business administration;0.002590979216620326
117;Multiphysics and multiscale modeling for the intensification of chemical engineering processes (Materials and Chemical Engineering);RDF20-21;Engineering and technology;0.9931882619857788;RDF10;Natural sciences;0.003873061388731003;RDF60;Humanities and the arts;0.0008376082987524569;RDF205;Chemical engineering;0.9719924926757812;RDF104;Chemical sciences;0.9532750248908997;RDF202;Industrial, systems and processes engineering;0.2699025273323059;RDF101;Mathematics and statistics;0.013121270574629307;RDF206;Materials engineering and resources engineering;0.007577241864055395
118;Targeting BMP signaling in the tumor endothelium to improve cancer immunotherapy (Cancer Progression & Therapeutics);RDF30;Medical, health and life sciences;0.9598417282104492;RDF20-21;Engineering and technology;0.033688586205244064;RDF10;Natural sciences;0.004806135781109333;RDF106;Biological sciences;0.9848109483718872;RDF303;Health sciences;0.9801293015480042;RDF304;Medical biotechnology;0.9734434485435486;RDF207;Medical and biomedical engineering;0.9645892977714539;RDF302;Clinical medicine;0.9049869179725647
119;The Impact of Job Transformations on Frontline Employees' Burnout and Performance: Examining the Roles of Manager Support and Empathy;RDF50;Social sciences;0.6532740592956543;RDF10;Natural sciences;0.11576101928949356;RDF20-21;Engineering and technology;0.0846925750374794;RDF501;Psychology and cognitive sciences;0.9105454087257385;RDF502;Economics and business administration;0.8031737804412842;RDF202;Industrial, systems and processes engineering;0.23686912655830383;RDF504;Sociology and related studies;0.14128142595291138;RDF509;Other social sciences;0.06465349346399307
120;Structural design and rehabilitation of bridge superstructure and foundation elements utilizing fibre reinforced concrete and ultra-high performance fibre reinforced concrete with conventional reinforcement;RDF20-21;Engineering and technology;0.9934742450714111;RDF10;Natural sciences;0.00432195607572794;RDF50;Social sciences;0.0013599637895822525;RDF201;Civil engineering, maritime engineering, transport engineering, and mining engineering;0.985042929649353;RDF103;Physical sciences;0.9736446142196655;RDF206;Materials engineering and resources engineering;0.9618217945098877;RDF604;Arts (arts, history of arts, performing arts, music), architecture and design;0.9355823993682861;RDF204;Mechanical engineering;0.5431056022644043
121;Des dispositifs de développement professionnels transformateurs pour les enseignants du postsecondaire (Education and social work);RDF20-21;Engineering and technology;0.9297321438789368;RDF50;Social sciences;0.054969120770692825;RDF60;Humanities and the arts;0.009627118706703186;RDF503;Education;0.9826909303665161;RDF212;Other engineering and technologies;0.02843603305518627;RDF211;Nano-technology;0.012920473702251911;RDF509;Other social sciences;0.01032815221697092;RDF502;Economics and business administration;0.00970847625285387
122;High-fidelity simulations of turbulent combustion relevant to gas turbines and compression ignition engines (Mechanical Engineering);RDF20-21;Engineering and technology;0.9962132573127747;RDF10;Natural sciences;0.0022483831271529198;RDF60;Humanities and the arts;0.00047870835987851024;RDF204;Mechanical engineering;0.9981898069381714;RDF103;Physical sciences;0.006097562611103058;RDF107;Other natural sciences;0.0008830458973534405;RDF212;Other engineering and technologies;0.00049553596181795;RDF101;Mathematics and statistics;0.000465526944026351
123;Responsible Conduct in Research: From Norms to Practice;RDF20-21;Engineering and technology;0.3098166882991791;RDF30;Medical, health and life sciences;0.22844451665878296;RDF10;Natural sciences;0.19387833774089813;RDF501;Psychology and cognitive sciences;0.08181270956993103;RDF603;Philosophy;0.04672495648264885;RDF107;Other natural sciences;0.04208773374557495;RDF212;Other engineering and technologies;0.0384661890566349;RDF605;Other humanities;0.030675802379846573
124;Integrity of the cellular transformation barriers in reprogrammed cell (Genes, Cells and Molecules);RDF20-21;Engineering and technology;0.5826696753501892;RDF30;Medical, health and life sciences;0.40046265721321106;RDF10;Natural sciences;0.014360702596604824;RDF106;Biological sciences;0.9939963817596436;RDF301;Basic medicine and life sciences;0.9039745330810547;RDF304;Medical biotechnology;0.8410438895225525;RDF207;Medical and biomedical engineering;0.4402286112308502;RDF210;Industrial biotechnology;0.1030244305729866
125;Deuterostome extracellular matrix structures (ossicles and tubes): Evolution, composition, function and development (Evolution and Ecology);RDF10;Natural sciences;0.67179936170578;RDF30;Medical, health and life sciences;0.3004472553730011;RDF20-21;Engineering and technology;0.02574501372873783;RDF106;Biological sciences;0.9945306777954102;RDF207;Medical and biomedical engineering;0.9161096215248108;RDF103;Physical sciences;0.702530026435852;RDF301;Basic medicine and life sciences;0.40104255080223083;RDF303;Health sciences;0.29746994376182556
126;Finding Order in Chaos: Vibrational Spectroscopy Study of Oriented Soft Materials (Chemistry);RDF20-21;Engineering and technology;0.9300820827484131;RDF10;Natural sciences;0.05456187203526497;RDF30;Medical, health and life sciences;0.004767563194036484;RDF104;Chemical sciences;0.9954261183738708;RDF206;Materials engineering and resources engineering;0.9405717253684998;RDF103;Physical sciences;0.1208532378077507;RDF205;Chemical engineering;0.03594832122325897;RDF107;Other natural sciences;0.011244560591876507
127;COVID-19 seroepidemiology in children Using Retrieved POPCORN site Leftover Samples (CURNLS);RDF30;Medical, health and life sciences;0.885671079158783;RDF50;Social sciences;0.04957730323076248;RDF10;Natural sciences;0.0379565954208374;RDF303;Health sciences;0.9930423498153687;RDF106;Biological sciences;0.9801293015480042;RDF207;Medical and biomedical engineering;0.9543079733848572;RDF302;Clinical medicine;0.9111797213554382;RDF304;Medical biotechnology;0.8140527606010437
128;COVIH study: COVID-19 burden in HIV infected individuals;RDF30;Medical, health and life sciences;0.9868404269218445;RDF10;Natural sciences;0.007023037876933813;RDF50;Social sciences;0.00449912715703249;RDF303;Health sciences;0.9974090456962585;RDF106;Biological sciences;0.9890130162239075;RDF302;Clinical medicine;0.9782188534736633;RDF207;Medical and biomedical engineering;0.9711290597915649;RDF304;Medical biotechnology;0.9597620368003845
129;Unravelling the physiological function of a highly conserved HNRNPA1 splice variant (Genes, Cells and Molecules);RDF30;Medical, health and life sciences;0.7197427749633789;RDF10;Natural sciences;0.22914674878120422;RDF20-21;Engineering and technology;0.03920238837599754;RDF106;Biological sciences;0.9777137637138367;RDF304;Medical biotechnology;0.8187367916107178;RDF301;Basic medicine and life sciences;0.3379678726196289;RDF305;Other medical sciences;0.2024431824684143;RDF207;Medical and biomedical engineering;0.19590157270431519
130;Valorisation des données de production manufacturière pour une prise de décision personnalisée et décentralisée;RDF20-21;Engineering and technology;0.9699791073799133;RDF50;Social sciences;0.012597829103469849;RDF10;Natural sciences;0.007405881769955158;RDF502;Economics and business administration;0.9832145571708679;RDF202;Industrial, systems and processes engineering;0.9296962022781372;RDF101;Mathematics and statistics;0.681090772151947;RDF204;Mechanical engineering;0.2766905426979065;RDF104;Chemical sciences;0.08945460617542267
131;Uncovering causal complexities and trade-offs in the acceptance of mobile apps used to protect communities: the case of emergency response and contact tracing technologies;RDF20-21;Engineering and technology;0.8267273902893066;RDF50;Social sciences;0.1297893226146698;RDF30;Medical, health and life sciences;0.03180624172091484;RDF102;Computer and information sciences;0.9465966820716858;RDF212;Other engineering and technologies;0.894051730632782;RDF203;Electrical engineering, computer engineering, and information engineering;0.7645401954650879;RDF208;Environmental engineering and related engineering;0.6169646382331848;RDF509;Other social sciences;0.5297499299049377
132;Acquisition of an ultracentrifuge to support research in the field of veterinary infectious diseases (Biological Systems and Functions);RDF30;Medical, health and life sciences;0.35806193947792053;RDF20-21;Engineering and technology;0.35806193947792053;RDF10;Natural sciences;0.18868538737297058;RDF403;Veterinary sciences;0.9724146723747253;RDF402;Animal and dairy sciences;0.961243748664856;RDF106;Biological sciences;0.9536218047142029;RDF303;Health sciences;0.9507778286933899;RDF301;Basic medicine and life sciences;0.9489172697067261
133;Penser et agir pour la paix au Québec (Multidisciplinary or interdisciplinary humanities);RDF60;Humanities and the arts;0.9833117127418518;RDF50;Social sciences;0.01162811927497387;RDF20-21;Engineering and technology;0.0017015697667375207;RDF503;Education;0.9205043315887451;RDF605;Other humanities;0.8925625085830688;RDF604;Arts (arts, history of arts, performing arts, music), architecture and design;0.5602526664733887;RDF601;History, archaeology and related studies;0.07107367366552353;RDF508;Media and communications;0.04569203034043312
134;Towards a visualization-assisted international history of videogame culture (Fine Arts, Research-Creation);RDF60;Humanities and the arts;0.8444151878356934;RDF20-21;Engineering and technology;0.10124573111534119;RDF50;Social sciences;0.03471729904413223;RDF102;Computer and information sciences;0.9281486868858337;RDF508;Media and communications;0.712432324886322;RDF503;Education;0.056652430444955826;RDF605;Other humanities;0.012527932412922382;RDF604;Arts (arts, history of arts, performing arts, music), architecture and design;0.011597360484302044
135;Modélisation et optimisation biomécanique d'orthèses et d'instrumentation de modulation de croissance pour le traitement de la scoliose pédiatrique;RDF20-21;Engineering and technology;0.8600255250930786;RDF30;Medical, health and life sciences;0.08189185708761215;RDF10;Natural sciences;0.03800893947482109;RDF207;Medical and biomedical engineering;0.9761291742324829;RDF204;Mechanical engineering;0.9719924926757812;RDF104;Chemical sciences;0.9346342086791992;RDF304;Medical biotechnology;0.8872045874595642;RDF205;Chemical engineering;0.8384153246879578
136;Randomized controlled trial to evaluate the effect of a postural re-education intervention compared to standard care on scoliosis progression in adolescent (Clinical Investigation – Arthritis, Bone, Skin and Cartilage);RDF30;Medical, health and life sciences;0.9868226647377014;RDF10;Natural sciences;0.007834624499082565;RDF50;Social sciences;0.0024846091400831938;RDF302;Clinical medicine;0.9851576089859009;RDF303;Health sciences;0.9848109483718872;RDF207;Medical and biomedical engineering;0.7828285098075867;RDF106;Biological sciences;0.4241734445095062;RDF301;Basic medicine and life sciences;0.09982066601514816
137;Sommeil après une commotion cérébrale : impact sur le bien-être et le fonctionnement familial (Multidisciplinary or interdisciplinary social sciences);RDF50;Social sciences;0.9922327995300293;RDF30;Medical, health and life sciences;0.004384531173855066;RDF20-21;Engineering and technology;0.0012175403535366058;RDF509;Other social sciences;0.6306849122047424;RDF504;Sociology and related studies;0.3961959183216095;RDF208;Environmental engineering and related engineering;0.035678550601005554;RDF507;Social and economic geography;0.023689471185207367;RDF503;Education;0.023153413087129593
138;Few-Mode Optical Coherence Tomography (FM-OCT);RDF30;Medical, health and life sciences;0.5745503902435303;RDF20-21;Engineering and technology;0.4074172079563141;RDF10;Natural sciences;0.016840767115354538;RDF207;Medical and biomedical engineering;0.9740426540374756;RDF302;Clinical medicine;0.2887696325778961;RDF301;Basic medicine and life sciences;0.2278127521276474;RDF305;Other medical sciences;0.1465752124786377;RDF212;Other engineering and technologies;0.09203285723924637
139;(IN)VISIBILISATION : Le design au prisme de l'itinérance;RDF20-21;Engineering and technology;0.7808080315589905;RDF60;Humanities and the arts;0.1840149164199829;RDF50;Social sciences;0.013539912179112434;RDF604;Arts (arts, history of arts, performing arts, music), architecture and design;0.985042929649353;RDF508;Media and communications;0.9399133920669556;RDF204;Mechanical engineering;0.32466351985931396;RDF212;Other engineering and technologies;0.14223189651966095;RDF202;Industrial, systems and processes engineering;0.06804042309522629
140;Targeting SMOC2-induced epithelial-to-mesenchymal transition inhibits senescence in mouse models of kidney fibrosis (Hematology, Digestive Disease & Kidney);RDF30;Medical, health and life sciences;0.972801923751831;RDF10;Natural sciences;0.012833455577492714;RDF20-21;Engineering and technology;0.012634491547942162;RDF303;Health sciences;0.989751398563385;RDF106;Biological sciences;0.986151397228241;RDF304;Medical biotechnology;0.985827624797821;RDF207;Medical and biomedical engineering;0.9532750844955444;RDF301;Basic medicine and life sciences;0.24184733629226685
141;Modèle explicatif des liens drogues-crimes des jeunes femmes adultes: une nouvelle perspective (Law and criminology);RDF50;Social sciences;0.8307572603225708;RDF20-21;Engineering and technology;0.07652152329683304;RDF30;Medical, health and life sciences;0.05259242281317711;RDF505;Law and legal practice;0.04501553252339363;RDF208;Environmental engineering and related engineering;0.01214717049151659;RDF212;Other engineering and technologies;0.012147169560194016;RDF509;Other social sciences;0.00857748556882143;RDF503;Education;0.004264635033905506
142;Mégadonnées et techniques avancées démystifiées;RDF20-21;Engineering and technology;0.933899462223053;RDF50;Social sciences;0.019842108711600304;RDF30;Medical, health and life sciences;0.01657870225608349;RDF212;Other engineering and technologies;0.8381505608558655;RDF604;Arts (arts, history of arts, performing arts, music), architecture and design;0.10052486509084702;RDF206;Materials engineering and resources engineering;0.0838903859257698;RDF503;Education;0.06052938848733902;RDF207;Medical and biomedical engineering;0.04958902299404144
143;Developing neurocomputational tools for the prediction and modulation of consciousness (Electrical and Computer Engineering);RDF20-21;Engineering and technology;0.9946648478507996;RDF30;Medical, health and life sciences;0.003266293555498123;RDF10;Natural sciences;0.0009070169762708247;RDF102;Computer and information sciences;0.941439151763916;RDF203;Electrical engineering, computer engineering, and information engineering;0.0838903933763504;RDF501;Psychology and cognitive sciences;0.010013571009039879;RDF106;Biological sciences;0.005554924253374338;RDF212;Other engineering and technologies;0.0045384312979876995
144;Description et analyse des interactions orales entre adulte (enseignante/parent) et enfant en lien avec les habiletés narratives lors de la lecture d'albums plurilingues dans une perspective de collaboration école-famille en milieu pluriethnique (Education and social work);RDF60;Humanities and the arts;0.9248444437980652;RDF50;Social sciences;0.0634300708770752;RDF30;Medical, health and life sciences;0.00571839464828372;RDF503;Education;0.9036349058151245;RDF508;Media and communications;0.5839153528213501;RDF605;Other humanities;0.07835980504751205;RDF604;Arts (arts, history of arts, performing arts, music), architecture and design;0.04401865229010582;RDF509;Other social sciences;0.03435869142413139
145;Contribuer au développement d'écoles plus justes et inclusives du personnel scolaire de groupes racisés : quels cadres de référence éthique pour les directions d'établissement d'enseignement? (Education and social work);RDF50;Social sciences;0.5512361526489258;RDF60;Humanities and the arts;0.30680912733078003;RDF10;Natural sciences;0.04668455198407173;RDF503;Education;0.9795114398002625;RDF507;Social and economic geography;0.1672186702489853;RDF504;Sociology and related studies;0.03649376332759857;RDF509;Other social sciences;0.03358950465917587;RDF605;Other humanities;0.022116590291261673
146;Manipulating methionine metabolism to shape immune responses and modify disease progression in both sexes in MS (Systems & Circuits Neurosciences);RDF30;Medical, health and life sciences;0.9184321761131287;RDF20-21;Engineering and technology;0.07877638936042786;RDF10;Natural sciences;0.0013808069052174687;RDF304;Medical biotechnology;0.9740426540374756;RDF207;Medical and biomedical engineering;0.972204327583313;RDF106;Biological sciences;0.3662496507167816;RDF303;Health sciences;0.3253061771392822;RDF301;Basic medicine and life sciences;0.09467769414186478
147;Lymphatic vessel function in atherosclerosis (Clinical Investigation – Cardiovascular Systems);RDF30;Medical, health and life sciences;0.9918155074119568;RDF10;Natural sciences;0.005204570479691029;RDF20-21;Engineering and technology;0.002135951304808259;RDF303;Health sciences;0.9918752908706665;RDF302;Clinical medicine;0.9791955351829529;RDF106;Biological sciences;0.9656413197517395;RDF207;Medical and biomedical engineering;0.9594592452049255;RDF304;Medical biotechnology;0.32960745692253113
148;Théorie de l'improvisation comme pratique de vulnérabilité en recherche-création (Literature);RDF60;Humanities and the arts;0.9365116357803345;RDF10;Natural sciences;0.021347016096115112;RDF50;Social sciences;0.01636732555925846;RDF602;Languages and literature;0.9124361872673035;RDF604;Arts (arts, history of arts, performing arts, music), architecture and design;0.5214712023735046;RDF503;Education;0.14706452190876007;RDF208;Environmental engineering and related engineering;0.0844927504658699;RDF605;Other humanities;0.06371499598026276
149;Potentialiser le leadership normatif de l'Organisation mondiale de la santé: une étude internationale (Law and criminology);RDF50;Social sciences;0.7504103779792786;RDF30;Medical, health and life sciences;0.09540397673845291;RDF10;Natural sciences;0.06455355882644653;RDF505;Law and legal practice;0.06465349346399307;RDF509;Other social sciences;0.010818447917699814;RDF305;Other medical sciences;0.007121428847312927;RDF303;Health sciences;0.006192989647388458;RDF506;Political science and policy administration;0.0038244836032390594
150;PARCS en Santé: Contrôler les agents pathogènes transmis par les tiques tout en protégeant la biodiversité des parcs nature péri-urbains;RDF10;Natural sciences;0.5168408155441284;RDF30;Medical, health and life sciences;0.3693695068359375;RDF20-21;Engineering and technology;0.07480873912572861;RDF303;Health sciences;0.9843363165855408;RDF105;Earth and related environmental sciences;0.9788748621940613;RDF208;Environmental engineering and related engineering;0.9778834581375122;RDF207;Medical and biomedical engineering;0.9376689195632935;RDF103;Physical sciences;0.8987665176391602
151;Appréhender la colère sociale : une enquête comparative auprès des jeunes NEET au Québec et en Ontario (Sociology, demography and related fields);RDF50;Social sciences;0.9926695823669434;RDF20-21;Engineering and technology;0.0019464804790914059;RDF60;Humanities and the arts;0.0018865936435759068;RDF504;Sociology and related studies;0.9814534187316895;RDF507;Social and economic geography;0.9235923290252686;RDF509;Other social sciences;0.11201594769954681;RDF503;Education;0.11162799596786499;RDF502;Economics and business administration;0.007577241398394108
152;La professionnalisation des enseignants d'éducation physique et à la santé à l'école primaire et secondaire : l'enjeu stratégique du savoir professionnel au Québec et en Ontario (Education and social work);RDF50;Social sciences;0.31394514441490173;RDF30;Medical, health and life sciences;0.26644179224967957;RDF60;Humanities and the arts;0.1860063523054123;RDF503;Education;0.9889277815818787;RDF103;Physical sciences;0.09982066601514816;RDF507;Social and economic geography;0.058776553720235825;RDF303;Health sciences;0.051082734018564224;RDF208;Environmental engineering and related engineering;0.051082734018564224
153;Two-phase flow numerical model development based on experimental characterization (Mechanical Engineering);RDF20-21;Engineering and technology;0.9974443316459656;RDF10;Natural sciences;0.0014995968667790294;RDF30;Medical, health and life sciences;0.00033460528356954455;RDF204;Mechanical engineering;0.9994385242462158;RDF101;Mathematics and statistics;0.016277462244033813;RDF103;Physical sciences;0.005911068990826607;RDF202;Industrial, systems and processes engineering;0.0017546146409586072;RDF104;Chemical sciences;0.0007793661206960678
154;Idea vitality and group idea elaboration;RDF60;Humanities and the arts;0.3386116921901703;RDF30;Medical, health and life sciences;0.23546746373176575;RDF20-21;Engineering and technology;0.15202921628952026;RDF604;Arts (arts, history of arts, performing arts, music), architecture and design;0.8727816939353943;RDF605;Other humanities;0.08035746961832047;RDF202;Industrial, systems and processes engineering;0.03649376332759857;RDF508;Media and communications;0.02843603305518627;RDF212;Other engineering and technologies;0.01971912756562233
155;La réorganisation des services institutionnels et communautaires auprès des personnes en situation d'itinérance et les besoins des personnes en situation d'itinérance pour faire face à la pandémie de COVID-19;RDF50;Social sciences;0.6475852131843567;RDF30;Medical, health and life sciences;0.16143299639225006;RDF20-21;Engineering and technology;0.13916394114494324;RDF502;Economics and business administration;0.8438951373100281;RDF503;Education;0.8305941224098206;RDF506;Political science and policy administration;0.08945460617542267;RDF507;Social and economic geography;0.0753123089671135;RDF504;Sociology and related studies;0.06278920918703079
156;Contribution of 17beta-estradiol in pregnancy-related cardiac arrhythmias (Cardiovascular System – Cells and Tissues);RDF30;Medical, health and life sciences;0.7293226718902588;RDF10;Natural sciences;0.26621484756469727;RDF20-21;Engineering and technology;0.0026303480844944715;RDF303;Health sciences;0.961533784866333;RDF106;Biological sciences;0.9591542482376099;RDF304;Medical biotechnology;0.9522199630737305;RDF207;Medical and biomedical engineering;0.8149381279945374;RDF301;Basic medicine and life sciences;0.4057430326938629
157;Le vivant à l'aune de l'Anthropocène. Étude des enjeux matériels, sociaux, culturels, éthiques et épistémologiques des représentations du vivant et des imaginaires sociotechniques des biotechnologies (Mutidisciplinary or interdisciplinary social sciences);RDF50;Social sciences;0.8687471747398376;RDF20-21;Engineering and technology;0.08304610103368759;RDF30;Medical, health and life sciences;0.036174021661281586;RDF503;Education;0.4101655185222626;RDF212;Other engineering and technologies;0.250545859336853;RDF601;History, archaeology and related studies;0.2278127521276474;RDF604;Arts (arts, history of arts, performing arts, music), architecture and design;0.19837458431720734;RDF509;Other social sciences;0.195901557803154
158;Connectivité intelligente des véhicules urbains dans un réseau hétérogène d'ondes millimétriques (Electrical and Computer Engineering);RDF20-21;Engineering and technology;0.9982176423072815;RDF10;Natural sciences;0.0005696240696124732;RDF50;Social sciences;0.0003509352100081742;RDF102;Computer and information sciences;0.9073122143745422;RDF211;Nano-technology;0.7093212604522705;RDF203;Electrical engineering, computer engineering, and information engineering;0.6342177391052246;RDF212;Other engineering and technologies;0.004681822378188372;RDF508;Media and communications;0.0010322310263291001
159;How spokespersons stand for, act for, and speak for a collective: Understanding the communicative inner workings of political representation and its organizing effects (Communications, media studies, gender studies, library and information science, related fields);RDF50;Social sciences;0.5340916514396667;RDF60;Humanities and the arts;0.26855817437171936;RDF10;Natural sciences;0.06684941053390503;RDF508;Media and communications;0.9711290597915649;RDF509;Other social sciences;0.025760557502508163;RDF506;Political science and policy administration;0.02161533199250698;RDF605;Other humanities;0.017045319080352783;RDF503;Education;0.0013885233784094453
160;Coconstruire un modèle théorique de l'objection de conscience : approfondir sa compréhension afin de mieux l'intégrer à la formation et la pratique infirmière;RDF30;Medical, health and life sciences;0.7515531182289124;RDF50;Social sciences;0.07737815380096436;RDF10;Natural sciences;0.05639035999774933;RDF303;Health sciences;0.9473810791969299;RDF503;Education;0.9416541457176208;RDF501;Psychology and cognitive sciences;0.8774768114089966;RDF604;Arts (arts, history of arts, performing arts, music), architecture and design;0.8643104434013367;RDF207;Medical and biomedical engineering;0.7358314990997314
161;Acceptability, user experience and effect of a new mobile app, 'OUPS!', a FemTech solution designed for the treatment of urinary incontinence in menopausal women: a mixed method study;RDF20-21;Engineering and technology;0.5565423965454102;RDF30;Medical, health and life sciences;0.42010027170181274;RDF10;Natural sciences;0.012010795064270496;RDF303;Health sciences;0.9759464859962463;RDF102;Computer and information sciences;0.9683812260627747;RDF212;Other engineering and technologies;0.9626730680465698;RDF301;Basic medicine and life sciences;0.8418256640434265;RDF207;Medical and biomedical engineering;0.7856376767158508
162;Traduction et journalisme/Translation and Journalism/Traducción y periodismo;RDF60;Humanities and the arts;0.4749385714530945;RDF50;Social sciences;0.4703230857849121;RDF10;Natural sciences;0.016865916550159454;RDF508;Media and communications;0.996115505695343;RDF602;Languages and literature;0.10781265050172806;RDF503;Education;0.07237401604652405;RDF605;Other humanities;0.008315778337419033;RDF509;Other social sciences;0.0024726230185478926
163;Réponse différentielle à l'évaluation formelle en protection de la jeunesse en contexte de diversité ethnoculturelle: portrait de la situation et perspectives des familles et des intervenants (Education and social work);RDF50;Social sciences;0.7365593910217285;RDF60;Humanities and the arts;0.2006770521402359;RDF30;Medical, health and life sciences;0.022515341639518738;RDF503;Education;0.8577681183815002;RDF605;Other humanities;0.043691057711839676;RDF507;Social and economic geography;0.030908958986401558;RDF509;Other social sciences;0.018404891714453697;RDF504;Sociology and related studies;0.014957086183130741
164;Grey box optimization (Civil, Industrial and Systems Engineering);RDF20-21;Engineering and technology;0.9991304278373718;RDF10;Natural sciences;0.00029578726389445364;RDF60;Humanities and the arts;0.00020329143444541842;RDF202;Industrial, systems and processes engineering;0.18126320838928223;RDF101;Mathematics and statistics;0.011687258258461952;RDF212;Other engineering and technologies;0.0030753696337342262;RDF201;Civil engineering, maritime engineering, transport engineering, and mining engineering;0.0030753696337342262;RDF103;Physical sciences;0.00041084850090555847
165;Polymers for realizing energetic materials with tailored performance (Materials and Chemical Engineering);RDF20-21;Engineering and technology;0.9936977028846741;RDF10;Natural sciences;0.003419717773795128;RDF30;Medical, health and life sciences;0.0011102197458967566;RDF104;Chemical sciences;0.4685474634170532;RDF205;Chemical engineering;0.16238003969192505;RDF206;Materials engineering and resources engineering;0.05582313984632492;RDF211;Nano-technology;0.04208773002028465;RDF103;Physical sciences;0.015072627924382687
166;How does the interplay between mandatory and voluntary regulation shape industry practice change for the better?;RDF50;Social sciences;0.6001080870628357;RDF30;Medical, health and life sciences;0.1335105001926422;RDF20-21;Engineering and technology;0.12839579582214355;RDF502;Economics and business administration;0.9695556163787842;RDF202;Industrial, systems and processes engineering;0.9492946267127991;RDF505;Law and legal practice;0.272024542093277;RDF603;Philosophy;0.2312668263912201;RDF504;Sociology and related studies;0.17752550542354584
167;Unité de liaison pour la recherche internationale sur le conseil scientifique;RDF10;Natural sciences;0.40947961807250977;RDF20-21;Engineering and technology;0.3394705355167389;RDF50;Social sciences;0.09650304913520813;RDF107;Other natural sciences;0.042722199112176895;RDF604;Arts (arts, history of arts, performing arts, music), architecture and design;0.04023794084787369;RDF103;Physical sciences;0.01897803694009781;RDF104;Chemical sciences;0.014392337761819363;RDF205;Chemical engineering;0.011869121342897415
168;La téléologie naturelle au 18e siècle (Philosophy);RDF60;Humanities and the arts;0.4264356791973114;RDF20-21;Engineering and technology;0.27532753348350525;RDF10;Natural sciences;0.1922096163034439;RDF603;Philosophy;0.9793540835380554;RDF508;Media and communications;0.2163424789905548;RDF604;Arts (arts, history of arts, performing arts, music), architecture and design;0.14706452190876007;RDF601;History, archaeology and related studies;0.057071395218372345;RDF212;Other engineering and technologies;0.05184546485543251
169;Mouvements sociaux, droits sociaux et démocratie. Une théorie normative (Philosophy);RDF50;Social sciences;0.9571493864059448;RDF60;Humanities and the arts;0.03326761722564697;RDF10;Natural sciences;0.004296107683330774;RDF603;Philosophy;0.9962927103042603;RDF509;Other social sciences;0.05582313984632492;RDF504;Sociology and related studies;0.027585282921791077;RDF605;Other humanities;0.024237634614109993;RDF506;Political science and policy administration;0.011687259189784527
170;Modeling the thermodynamic and physical properties of Deep Eutectic Solvents (Materials and Chemical Engineering);RDF20-21;Engineering and technology;0.98173987865448;RDF10;Natural sciences;0.015380130149424076;RDF30;Medical, health and life sciences;0.001046630903147161;RDF104;Chemical sciences;0.9817357063293457;RDF205;Chemical engineering;0.980431318283081;RDF103;Physical sciences;0.18447349965572357;RDF206;Materials engineering and resources engineering;0.018546564504504204;RDF101;Mathematics and statistics;0.008380454033613205
171;La qualité des relations employé-superviseur : Un modèle processuel des antécédents, conséquences, et modérateurs des évaluations comparatives;RDF20-21;Engineering and technology;0.5896817445755005;RDF50;Social sciences;0.2834855616092682;RDF10;Natural sciences;0.04520571976900101;RDF502;Economics and business administration;0.9563089609146118;RDF202;Industrial, systems and processes engineering;0.8529354929924011;RDF508;Media and communications;0.6909763216972351;RDF504;Sociology and related studies;0.23863887786865234;RDF501;Psychology and cognitive sciences;0.22135068476200104
172;Mathésis, mimésis, sémiosis : la littérarité des genres populaires dans les littératures francophones d'Afrique subsaharienne, du Maghreb et des Caraïbes (Literature);RDF60;Humanities and the arts;0.9857704639434814;RDF50;Social sciences;0.008266189135611057;RDF10;Natural sciences;0.0032880627550184727;RDF602;Languages and literature;0.9864678382873535;RDF604;Arts (arts, history of arts, performing arts, music), architecture and design;0.1520322561264038;RDF503;Education;0.08269733935594559;RDF605;Other humanities;0.03934250399470329;RDF508;Media and communications;0.013020489364862442
173;Regime Change and Resilience of Maya peoples at the end of the Classic period (ca. 800-1000 CE) (Anthropology and archaeology);RDF50;Social sciences;0.5588392019271851;RDF10;Natural sciences;0.20558544993400574;RDF60;Humanities and the arts;0.12865208089351654;RDF601;History, archaeology and related studies;0.9851576089859009;RDF105;Earth and related environmental sciences;0.06052938848733902;RDF605;Other humanities;0.006589771248400211;RDF509;Other social sciences;0.0013885231455788016;RDF503;Education;0.0012255675392225385
174;Recommendations for culturally sensitive and intersectional practice in suicide prevention intervention for public safety personnel : a qualitative approach (Crisis/Suicide Line and App-based Support Models for post traum. stress in public safety personnel (PSP));RDF30;Medical, health and life sciences;0.9011825919151306;RDF50;Social sciences;0.08567478507757187;RDF20-21;Engineering and technology;0.005615793634206057;RDF303;Health sciences;0.961533784866333;RDF501;Psychology and cognitive sciences;0.9036349058151245;RDF509;Other social sciences;0.3059046268463135;RDF605;Other humanities;0.1208532303571701;RDF207;Medical and biomedical engineering;0.10743746906518936
175;Varieties of Valuings (Philosophy);RDF60;Humanities and the arts;0.7204747796058655;RDF10;Natural sciences;0.08340100944042206;RDF50;Social sciences;0.06197836622595787;RDF603;Philosophy;0.9995045065879822;RDF503;Education;0.7961339950561523;RDF605;Other humanities;0.05921025201678276;RDF602;Languages and literature;0.015424552373588085;RDF604;Arts (arts, history of arts, performing arts, music), architecture and design;0.013742320239543915
176;Pilotage en temps réel des systèmes à l'ère de l'industrie 4.0 (Civil, Industrial and Systems Engineering);RDF20-21;Engineering and technology;0.9977735280990601;RDF50;Social sciences;0.0007085932302288711;RDF10;Natural sciences;0.00065534160239622;RDF202;Industrial, systems and processes engineering;0.36134782433509827;RDF212;Other engineering and technologies;0.024237634614109993;RDF103;Physical sciences;0.004007288720458746;RDF201;Civil engineering, maritime engineering, transport engineering, and mining engineering;0.002714985515922308;RDF508;Media and communications;0.0022170129232108593
177;Understanding Esophageal Atresia using Induced Pluripotent Stem Cells;RDF30;Medical, health and life sciences;0.7534317374229431;RDF10;Natural sciences;0.15306894481182098;RDF20-21;Engineering and technology;0.0928409993648529;RDF304;Medical biotechnology;0.9929882287979126;RDF106;Biological sciences;0.991554319858551;RDF303;Health sciences;0.9882221221923828;RDF207;Medical and biomedical engineering;0.9848109483718872;RDF302;Clinical medicine;0.9276259541511536
178;Discovery and characterization of novel genetic-exchange and drug-resistance mechanisms in Leishmania parasites (Microbiology & Infectious Diseases);RDF30;Medical, health and life sciences;0.9881224036216736;RDF10;Natural sciences;0.008416394703090191;RDF20-21;Engineering and technology;0.0017368212575092912;RDF106;Biological sciences;0.9951702952384949;RDF303;Health sciences;0.9178933501243591;RDF304;Medical biotechnology;0.8499711751937866;RDF301;Basic medicine and life sciences;0.16079244017601013;RDF207;Medical and biomedical engineering;0.028652669861912727
179;From Perception and Learning to Understanding and Action (Computer Science);RDF20-21;Engineering and technology;0.994062602519989;RDF60;Humanities and the arts;0.0019492118153721094;RDF10;Natural sciences;0.001426073955371976;RDF102;Computer and information sciences;0.9939964413642883;RDF503;Education;0.9511422514915466;RDF203;Electrical engineering, computer engineering, and information engineering;0.6955448985099792;RDF501;Psychology and cognitive sciences;0.40927979350090027;RDF212;Other engineering and technologies;0.016403034329414368
180;Novel mechanisms of theca cell growth in the ovarian follicle of cattle (Biological Systems and Functions);RDF10;Natural sciences;0.5837379693984985;RDF30;Medical, health and life sciences;0.3028392493724823;RDF40;Agricultural and veterinary sciences;0.08882246911525726;RDF106;Biological sciences;0.9956006407737732;RDF402;Animal and dairy sciences;0.9722043871879578;RDF304;Medical biotechnology;0.9511422514915466;RDF207;Medical and biomedical engineering;0.9385759830474854;RDF303;Health sciences;0.8633915781974792
181;An OCT-controlled system for precise and reproducible subretinal drug injection in mice;RDF30;Medical, health and life sciences;0.6197516322135925;RDF20-21;Engineering and technology;0.35312387347221375;RDF10;Natural sciences;0.024480417370796204;RDF207;Medical and biomedical engineering;0.989347517490387;RDF303;Health sciences;0.984811007976532;RDF106;Biological sciences;0.9845754504203796;RDF304;Medical biotechnology;0.9740426540374756;RDF301;Basic medicine and life sciences;0.9469901919364929
182;Bioenergetic role of astrocytes in neuronal plasticity and behaviour (Genes, Cells and Molecules);RDF30;Medical, health and life sciences;0.9114114046096802;RDF20-21;Engineering and technology;0.050621148198843;RDF10;Natural sciences;0.03319815918803215;RDF106;Biological sciences;0.990731954574585;RDF207;Medical and biomedical engineering;0.974821150302887;RDF304;Medical biotechnology;0.8338664770126343;RDF301;Basic medicine and life sciences;0.750552773475647;RDF305;Other medical sciences;0.18330106139183044
183;In Democracy we trust, do we? (Sociology, demography and related fields);RDF50;Social sciences;0.9954693913459778;RDF60;Humanities and the arts;0.0016959013883024454;RDF10;Natural sciences;0.0009815123630687594;RDF504;Sociology and related studies;0.9770225882530212;RDF509;Other social sciences;0.7588682174682617;RDF506;Political science and policy administration;0.36275753378868103;RDF507;Social and economic geography;0.06903792917728424;RDF603;Philosophy;0.054600607603788376
184;Minimally-invasive monitoring of renal health in reptiles (Biological Systems and Functions);RDF30;Medical, health and life sciences;0.6262360215187073;RDF10;Natural sciences;0.28226667642593384;RDF20-21;Engineering and technology;0.0675700455904007;RDF106;Biological sciences;0.9929335713386536;RDF301;Basic medicine and life sciences;0.9536218047142029;RDF304;Medical biotechnology;0.9429286122322083;RDF207;Medical and biomedical engineering;0.9241418838500977;RDF303;Health sciences;0.8594279289245605
185;Le réenchantement à contretemps ? Irrationalité et postmodernité littéraire;RDF60;Humanities and the arts;0.8832090497016907;RDF20-21;Engineering and technology;0.05735081061720848;RDF50;Social sciences;0.03702846169471741;RDF602;Languages and literature;0.9681411385536194;RDF604;Arts (arts, history of arts, performing arts, music), architecture and design;0.9653811454772949;RDF603;Philosophy;0.6499397158622742;RDF508;Media and communications;0.5595307350158691;RDF212;Other engineering and technologies;0.20529620349407196
186;Structure-functional property-device performance relationships in electronic and energy materials and devices;RDF20-21;Engineering and technology;0.9970434308052063;RDF10;Natural sciences;0.0012427098117768764;RDF30;Medical, health and life sciences;0.0005870145978406072;RDF102;Computer and information sciences;0.9722043871879578;RDF103;Physical sciences;0.9515039920806885;RDF206;Materials engineering and resources engineering;0.9149009585380554;RDF203;Electrical engineering, computer engineering, and information engineering;0.8852351903915405;RDF202;Industrial, systems and processes engineering;0.2743513584136963
187;AI augmented pilot;RDF20-21;Engineering and technology;0.9916610717773438;RDF30;Medical, health and life sciences;0.004521104507148266;RDF50;Social sciences;0.0015870570205152035;RDF102;Computer and information sciences;0.9938070178031921;RDF203;Electrical engineering, computer engineering, and information engineering;0.640566885471344;RDF212;Other engineering and technologies;0.49609383940696716;RDF501;Psychology and cognitive sciences;0.113973468542099;RDF201;Civil engineering, maritime engineering, transport engineering, and mining engineering;0.04115288704633713
188;Transfert, appropriation et rétention des pratiques associées à l'approvisionnement valorisant l'innovation dans le réseau québécois de la santé : le cas de l'approche fonctionnelle;RDF20-21;Engineering and technology;0.5655567049980164;RDF10;Natural sciences;0.23830533027648926;RDF50;Social sciences;0.07804938405752182;RDF502;Economics and business administration;0.9686195850372314;RDF401;Agriculture, forestry, and fisheries;0.8652240633964539;RDF206;Materials engineering and resources engineering;0.7889086008071899;RDF205;Chemical engineering;0.74669349193573;RDF507;Social and economic geography;0.6658452749252319
189;Le patrimoine des groupes ethnoculturels de Montréal: le cas de Montréal-Nord;RDF50;Social sciences;0.9389745593070984;RDF60;Humanities and the arts;0.03640799596905708;RDF10;Natural sciences;0.010110135190188885;RDF504;Sociology and related studies;0.9543079733848572;RDF507;Social and economic geography;0.951863169670105;RDF601;History, archaeology and related studies;0.9108631014823914;RDF502;Economics and business administration;0.905322253704071;RDF604;Arts (arts, history of arts, performing arts, music), architecture and design;0.19559408724308014
190;Documenting forager adaptations to dramatic climate change at the Pleistocene-Holocene transition in Liguria (Italy) (Anthropology and archaeology);RDF10;Natural sciences;0.9640379548072815;RDF50;Social sciences;0.014243303798139095;RDF60;Humanities and the arts;0.007865899242460728;RDF601;History, archaeology and related studies;0.9396923780441284;RDF105;Earth and related environmental sciences;0.5239075422286987;RDF107;Other natural sciences;0.022977370768785477;RDF103;Physical sciences;0.009783875197172165;RDF503;Education;0.008187910541892052
191;Abordabilité intégrée: état des connaissances sur les interactions entre coûts d'habitation et de transport;RDF20-21;Engineering and technology;0.4553421437740326;RDF10;Natural sciences;0.3879563510417938;RDF50;Social sciences;0.08622728288173676;RDF502;Economics and business administration;0.9549844264984131;RDF208;Environmental engineering and related engineering;0.9210740923881531;RDF507;Social and economic geography;0.8050197958946228;RDF103;Physical sciences;0.7126322984695435;RDF202;Industrial, systems and processes engineering;0.46077415347099304
192;High definition digital microscope for accelerating Québec entomological research (Environmental Sciences);RDF20-21;Engineering and technology;0.8854649662971497;RDF10;Natural sciences;0.09591445326805115;RDF30;Medical, health and life sciences;0.01726381853222847;RDF208;Environmental engineering and related engineering;0.7793218493461609;RDF105;Earth and related environmental sciences;0.12678517401218414;RDF301;Basic medicine and life sciences;0.034618839621543884;RDF107;Other natural sciences;0.024053554981946945;RDF211;Nano-technology;0.023870835080742836
193;Envisioning and Enacting UX Evaluation of Augmented Reality: A Multimethod Approach (Civil, Industrial and Systems Engineering);RDF20-21;Engineering and technology;0.9964898228645325;RDF50;Social sciences;0.0011486804578453302;RDF10;Natural sciences;0.0010458854958415031;RDF102;Computer and information sciences;0.9522199034690857;RDF202;Industrial, systems and processes engineering;0.2889702320098877;RDF212;Other engineering and technologies;0.059210244566202164;RDF203;Electrical engineering, computer engineering, and information engineering;0.018264276906847954;RDF103;Physical sciences;0.01652955636382103
194;Kinematic-specific proprioceptive stimulations to better understand sensory control of gait movements (Mechanical Engineering);RDF20-21;Engineering and technology;0.9953175783157349;RDF30;Medical, health and life sciences;0.002177248476073146;RDF10;Natural sciences;0.0013624872080981731;RDF204;Mechanical engineering;0.9975656270980835;RDF103;Physical sciences;0.02096424251794815;RDF604;Arts (arts, history of arts, performing arts, music), architecture and design;0.0021157031878829002;RDF202;Industrial, systems and processes engineering;0.0011335690505802631;RDF212;Other engineering and technologies;0.0010649627074599266
195;Attentional processes in the human insula (Biological Systems and Functions);RDF30;Medical, health and life sciences;0.9077451825141907;RDF10;Natural sciences;0.054514329880476;RDF20-21;Engineering and technology;0.02308282069861889;RDF106;Biological sciences;0.9889278411865234;RDF207;Medical and biomedical engineering;0.9273632764816284;RDF501;Psychology and cognitive sciences;0.8868131041526794;RDF304;Medical biotechnology;0.8204694390296936;RDF303;Health sciences;0.19375687837600708
196;Towards More Autonomous and Safer Unmanned Aerial Vehicle Systems (Mechanical Engineering);RDF20-21;Engineering and technology;0.9967209100723267;RDF10;Natural sciences;0.0019852023106068373;RDF50;Social sciences;0.00042267394019290805;RDF204;Mechanical engineering;0.9932550191879272;RDF103;Physical sciences;0.01186912041157484;RDF212;Other engineering and technologies;0.004609572235494852;RDF211;Nano-technology;0.0007437029271386564;RDF202;Industrial, systems and processes engineering;0.0006166297825984657
197;Subsea and terrestrial permafrost of the central and eastern Canadian Arctic Archipelago (Geosciences);RDF10;Natural sciences;0.9789335131645203;RDF20-21;Engineering and technology;0.01893763616681099;RDF50;Social sciences;0.0006844352465122938;RDF105;Earth and related environmental sciences;0.9875683188438416;RDF103;Physical sciences;0.9618217349052429;RDF206;Materials engineering and resources engineering;0.05964693799614906;RDF208;Environmental engineering and related engineering;0.008315778337419033;RDF107;Other natural sciences;0.0028895812574774027
198;Global Centers Track 2: Heat Adaptation;RDF10;Natural sciences;0.691777229309082;RDF20-21;Engineering and technology;0.16560019552707672;RDF50;Social sciences;0.08197804540395737;RDF105;Earth and related environmental sciences;0.961533784866333;RDF208;Environmental engineering and related engineering;0.8991214036941528;RDF508;Media and communications;0.03993731364607811;RDF206;Materials engineering and resources engineering;0.034100424498319626;RDF303;Health sciences;0.03185885772109032
199;Immunovirological determinants of breakthrough COVID-19 disease in vaccinated or previously infected individuals (Virology & Viral Pathogenesis);RDF30;Medical, health and life sciences;0.984858512878418;RDF10;Natural sciences;0.013404936529695988;RDF20-21;Engineering and technology;0.0008177064009942114;RDF303;Health sciences;0.9919379949569702;RDF106;Biological sciences;0.9918120503425598;RDF207;Medical and biomedical engineering;0.32477056980133057;RDF301;Basic medicine and life sciences;0.11357958614826202;RDF304;Medical biotechnology;0.09401018172502518
200;Hormonal control of stamen filament growth;RDF10;Natural sciences;0.4985964000225067;RDF20-21;Engineering and technology;0.3373672068119049;RDF30;Medical, health and life sciences;0.14854077994823456;RDF106;Biological sciences;0.9916842579841614;RDF304;Medical biotechnology;0.9849273562431335;RDF404;Agricultural biotechnology and food sciences;0.9416542053222656;RDF302;Clinical medicine;0.914290726184845;RDF301;Basic medicine and life sciences;0.9108631014823914
201;Investigate features and dynamics of intron RNP biology and its role in modulating RNA metabolism (Biochemistry & Molecular Biology);RDF10;Natural sciences;0.4364466071128845;RDF20-21;Engineering and technology;0.2907361090183258;RDF30;Medical, health and life sciences;0.22642549872398376;RDF106;Biological sciences;0.9896718263626099;RDF304;Medical biotechnology;0.04208773002028465;RDF301;Basic medicine and life sciences;0.023509452119469643;RDF211;Nano-technology;0.01384861022233963;RDF503;Education;0.0028449094388633966
202;CircRNAome in childhood TCF3-PBX1 ALL: Biomaker potential and mechanisms of circRNA dysregulation and function;RDF30;Medical, health and life sciences;0.9402379393577576;RDF10;Natural sciences;0.03880825266242027;RDF20-21;Engineering and technology;0.013203843496739864;RDF106;Biological sciences;0.986151397228241;RDF207;Medical and biomedical engineering;0.7943850159645081;RDF303;Health sciences;0.647575318813324;RDF305;Other medical sciences;0.6146253347396851;RDF304;Medical biotechnology;0.5658985376358032
203;Additive manufacturing technologies for high-performance and high-productivity of multifunctional composite structures and their sustainability for aerospace applications;RDF20-21;Engineering and technology;0.9952179789543152;RDF10;Natural sciences;0.0026673534885048866;RDF50;Social sciences;0.0006536631262861192;RDF103;Physical sciences;0.9709092378616333;RDF206;Materials engineering and resources engineering;0.9640516638755798;RDF104;Chemical sciences;0.8587185740470886;RDF204;Mechanical engineering;0.8365545868873596;RDF205;Chemical engineering;0.3843252658843994
204;Computational methods and frameworks for unsupervised machine learning;RDF20-21;Engineering and technology;0.9832023978233337;RDF10;Natural sciences;0.009790768846869469;RDF30;Medical, health and life sciences;0.0026351497508585453;RDF102;Computer and information sciences;0.9838471412658691;RDF203;Electrical engineering, computer engineering, and information engineering;0.4644157588481903;RDF212;Other engineering and technologies;0.02460992895066738;RDF501;Psychology and cognitive sciences;0.00407013762742281;RDF205;Chemical engineering;0.0029810327105224133
205;Au coeur du cosmos TRYSPACES: Colloque, exposition et bibliothèque numérique;RDF60;Humanities and the arts;0.6021345257759094;RDF50;Social sciences;0.1351439207792282;RDF20-21;Engineering and technology;0.1351439207792282;RDF508;Media and communications;0.9575961232185364;RDF503;Education;0.6681228280067444;RDF102;Computer and information sciences;0.49072372913360596;RDF604;Arts (arts, history of arts, performing arts, music), architecture and design;0.30280324816703796;RDF203;Electrical engineering, computer engineering, and information engineering;0.0832919180393219
206;Understanding Attitudes toward Artists with a Physical Disability;RDF60;Humanities and the arts;0.8405223488807678;RDF30;Medical, health and life sciences;0.14720645546913147;RDF50;Social sciences;0.01058061420917511;RDF604;Arts (arts, history of arts, performing arts, music), architecture and design;0.9829546809196472;RDF508;Media and communications;0.9738444089889526;RDF501;Psychology and cognitive sciences;0.9504109621047974;RDF504;Sociology and related studies;0.5999540090560913;RDF503;Education;0.13846179842948914
207;Non-target analysis of radicals in sonochemical and advanced oxidation processes (AOPs) (Materials and Chemical Engineering);RDF20-21;Engineering and technology;0.9814837574958801;RDF10;Natural sciences;0.01422058418393135;RDF30;Medical, health and life sciences;0.0013022135244682431;RDF104;Chemical sciences;0.970687747001648;RDF205;Chemical engineering;0.9559813737869263;RDF206;Materials engineering and resources engineering;0.016657039523124695;RDF103;Physical sciences;0.007695646956562996;RDF101;Mathematics and statistics;0.004133968148380518
208;La cyberviolence dans les relations amoureuses des jeunes : identifier les facteurs de risque et de protection ainsi que leurs impacts différenciés selon le genre;RDF50;Social sciences;0.5943642854690552;RDF20-21;Engineering and technology;0.248737633228302;RDF60;Humanities and the arts;0.1285402923822403;RDF504;Sociology and related studies;0.7833262085914612;RDF102;Computer and information sciences;0.41540268063545227;RDF508;Media and communications;0.22953520715236664;RDF501;Psychology and cognitive sciences;0.14175598323345184;RDF203;Electrical engineering, computer engineering, and information engineering;0.06853749603033066
209;"""Sentometrics"": Econometrics of textual sentiment with applications in economics and finance";RDF50;Social sciences;0.5494869351387024;RDF20-21;Engineering and technology;0.4415251314640045;RDF10;Natural sciences;0.004716997500509024;RDF101;Mathematics and statistics;0.7821637392044067;RDF502;Economics and business administration;0.20434190332889557;RDF508;Media and communications;0.07211221009492874;RDF212;Other engineering and technologies;0.031618766486644745;RDF509;Other social sciences;0.020023440942168236
210;Clean Energy transition, Market Design and Industry Dynamics;RDF20-21;Engineering and technology;0.3568204641342163;RDF10;Natural sciences;0.3148929178714752;RDF50;Social sciences;0.27145466208457947;RDF502;Economics and business administration;0.8933094143867493;RDF202;Industrial, systems and processes engineering;0.05184546485543251;RDF205;Chemical engineering;0.02280263602733612;RDF212;Other engineering and technologies;0.009783877059817314;RDF107;Other natural sciences;0.0064882696606218815
211;Conférence de l'International Society for the Study of Drug Policy;RDF30;Medical, health and life sciences;0.6992490887641907;RDF50;Social sciences;0.23854728043079376;RDF60;Humanities and the arts;0.03601525351405144;RDF303;Health sciences;0.9396923184394836;RDF504;Sociology and related studies;0.14414885640144348;RDF508;Media and communications;0.019870715215802193;RDF301;Basic medicine and life sciences;0.015072628855705261;RDF208;Environmental engineering and related engineering;0.010818448849022388
212;Methods development for the measurement of single-cell molecular state (Genes, Cells and Molecules);RDF20-21;Engineering and technology;0.7590827941894531;RDF30;Medical, health and life sciences;0.18457360565662384;RDF10;Natural sciences;0.05231620371341705;RDF106;Biological sciences;0.9879462122917175;RDF211;Nano-technology;0.9563089609146118;RDF104;Chemical sciences;0.8783142566680908;RDF304;Medical biotechnology;0.7914988994598389;RDF301;Basic medicine and life sciences;0.7766229510307312
213;Multifunctional Engineering Structures via Embodied Intelligence;RDF20-21;Engineering and technology;0.9980822801589966;RDF10;Natural sciences;0.0004948308924213052;RDF50;Social sciences;0.0004796065331902355;RDF604;Arts (arts, history of arts, performing arts, music), architecture and design;0.7970833778381348;RDF103;Physical sciences;0.6564380526542664;RDF202;Industrial, systems and processes engineering;0.43206337094306946;RDF212;Other engineering and technologies;0.2046596258878708;RDF201;Civil engineering, maritime engineering, transport engineering, and mining engineering;0.026963500306010246
214;Spin waves in ferromagnetic metallic wires (Physics);RDF10;Natural sciences;0.9560936093330383;RDF20-21;Engineering and technology;0.03915559500455856;RDF30;Medical, health and life sciences;0.0015064122853800654;RDF103;Physical sciences;0.9986749887466431;RDF203;Electrical engineering, computer engineering, and information engineering;0.04742587357759476;RDF206;Materials engineering and resources engineering;0.013742322102189064;RDF211;Nano-technology;0.005730246193706989;RDF212;Other engineering and technologies;0.0037654140032827854
215;Molecular Chronobiology and regulation of gene expression in dinoflagellates (Genes, Cells and Molecules);RDF10;Natural sciences;0.8510016798973083;RDF30;Medical, health and life sciences;0.0903984010219574;RDF20-21;Engineering and technology;0.05272892117500305;RDF106;Biological sciences;0.9860442876815796;RDF304;Medical biotechnology;0.26702573895454407;RDF104;Chemical sciences;0.09636510908603668;RDF301;Basic medicine and life sciences;0.06730107963085175;RDF207;Medical and biomedical engineering;0.06052938848733902
216;Combiner l’hypnose, la réalité virtuelle, la neurophysiologie et l’intelligence artificielle dans la gestion non-pharmacologique et personnalisée de la douleur chronique;RDF30;Medical, health and life sciences;0.741555392742157;RDF20-21;Engineering and technology;0.21412552893161774;RDF10;Natural sciences;0.015390492044389248;RDF207;Medical and biomedical engineering;0.9462003707885742;RDF303;Health sciences;0.9412233829498291;RDF501;Psychology and cognitive sciences;0.9296961426734924;RDF106;Biological sciences;0.8548846244812012;RDF212;Other engineering and technologies;0.3563346564769745
217;Les théories inédites de la foi des penseurs dominicains des années 1250-1350 (Philosophy);RDF60;Humanities and the arts;0.6539122462272644;RDF50;Social sciences;0.21903318166732788;RDF10;Natural sciences;0.05803801491856575;RDF603;Philosophy;0.9985896944999695;RDF601;History, archaeology and related studies;0.9773707985877991;RDF602;Languages and literature;0.310380756855011;RDF503;Education;0.28298813104629517;RDF604;Arts (arts, history of arts, performing arts, music), architecture and design;0.04208773002028465
218;Computationally efficient multiphysics and multiscale modeling approaches applied to porous materials engineering;RDF20-21;Engineering and technology;0.9248178601264954;RDF10;Natural sciences;0.07103627175092697;RDF30;Medical, health and life sciences;0.002087248722091317;RDF206;Materials engineering and resources engineering;0.958847165107727;RDF103;Physical sciences;0.9407897591590881;RDF104;Chemical sciences;0.765943706035614;RDF101;Mathematics and statistics;0.25478699803352356;RDF204;Mechanical engineering;0.1465752124786377
219;Marriage, Sorting, and Segregation Across U.S. Cities (Economics);RDF50;Social sciences;0.8862727880477905;RDF60;Humanities and the arts;0.04412492364645004;RDF10;Natural sciences;0.028489192947745323;RDF502;Economics and business administration;0.9866748452186584;RDF507;Social and economic geography;0.935817301273346;RDF504;Sociology and related studies;0.04336579889059067;RDF506;Political science and policy administration;0.022116590291261673;RDF509;Other social sciences;0.018546564504504204
220;Highly versatile benchtop Flow Cytometry Analyzer (Materials and Chemical Engineering);RDF20-21;Engineering and technology;0.9926055073738098;RDF10;Natural sciences;0.004490193445235491;RDF30;Medical, health and life sciences;0.001886471756733954;RDF104;Chemical sciences;0.9549844861030579;RDF205;Chemical engineering;0.9383503794670105;RDF106;Biological sciences;0.07751766592264175;RDF304;Medical biotechnology;0.034618839621543884;RDF301;Basic medicine and life sciences;0.02498779632151127
221;Analysis of Extreme Values;RDF50;Social sciences;0.6757077574729919;RDF10;Natural sciences;0.18947865068912506;RDF20-21;Engineering and technology;0.08490576595067978;RDF502;Economics and business administration;0.9832145571708679;RDF101;Mathematics and statistics;0.9600626826286316;RDF506;Political science and policy administration;0.9369804859161377;RDF504;Sociology and related studies;0.4765796959400177;RDF212;Other engineering and technologies;0.4525359272956848
222;Frontlines to Headlines: The Politics of Memory, War and the Press in interwar Germany (History);RDF50;Social sciences;0.8471713662147522;RDF60;Humanities and the arts;0.12878108024597168;RDF10;Natural sciences;0.011978506110608578;RDF601;History, archaeology and related studies;0.9957354068756104;RDF506;Political science and policy administration;0.28219619393348694;RDF508;Media and communications;0.2146914154291153;RDF503;Education;0.021287351846694946;RDF605;Other humanities;0.007937993854284286
223;Mechanistic Investigations of Nickel-Promoted C-Heteroatom Bond Making Reactions (Chemistry);RDF20-21;Engineering and technology;0.4369316101074219;RDF10;Natural sciences;0.4301576316356659;RDF60;Humanities and the arts;0.03643032908439636;RDF104;Chemical sciences;0.9973269701004028;RDF205;Chemical engineering;0.018124721944332123;RDF206;Materials engineering and resources engineering;0.0038844766095280647;RDF204;Mechanical engineering;0.003649987280368805;RDF212;Other engineering and technologies;0.0017546146409586072
224;Manipulated Procurement;RDF20-21;Engineering and technology;0.675605058670044;RDF30;Medical, health and life sciences;0.12303683161735535;RDF40;Agricultural and veterinary sciences;0.07943854480981827;RDF502;Economics and business administration;0.9813107252120972;RDF202;Industrial, systems and processes engineering;0.6481741070747375;RDF206;Materials engineering and resources engineering;0.02228618413209915;RDF205;Chemical engineering;0.020645931363105774;RDF102;Computer and information sciences;0.017576884478330612
225;Functionalized Bilayer Graphene Devices: Achieving Selectivity and Sensitivity;RDF20-21;Engineering and technology;0.976199209690094;RDF30;Medical, health and life sciences;0.020379429683089256;RDF10;Natural sciences;0.001637288718484342;RDF102;Computer and information sciences;0.9822877645492554;RDF203;Electrical engineering, computer engineering, and information engineering;0.9585376977920532;RDF103;Physical sciences;0.9563089609146118;RDF104;Chemical sciences;0.9412235021591187;RDF211;Nano-technology;0.9252299070358276
226;Le rôle de la résilience sur la santé et le bien-être des équipes interprofessionnelles: validation d'une démarche managériale participative;RDF10;Natural sciences;0.2978987395763397;RDF20-21;Engineering and technology;0.24962638318538666;RDF50;Social sciences;0.24503733217716217;RDF208;Environmental engineering and related engineering;0.8895288705825806;RDF604;Arts (arts, history of arts, performing arts, music), architecture and design;0.8433797955513;RDF507;Social and economic geography;0.8040984272956848;RDF502;Economics and business administration;0.7813306450843811;RDF105;Earth and related environmental sciences;0.4057430326938629
227;Les jeunes en difficulté et faisant l'objet d'une double prise en charge judiciaire : parcours de vie, trajectoires dans les services et pratiques professionnelles (Law and criminology);RDF50;Social sciences;0.8594092726707458;RDF60;Humanities and the arts;0.03775980696082115;RDF10;Natural sciences;0.03332291543483734;RDF505;Law and legal practice;0.423458069562912;RDF507;Social and economic geography;0.008711383678019047;RDF509;Other social sciences;0.0032730649691075087;RDF503;Education;0.002019014209508896;RDF506;Political science and policy administration;0.001573112211190164
228;"Before the ""Great Divide"": The Shared Language(s) of Art and Science in the Early Modern Period (Fine Arts, Research-Creation)";RDF60;Humanities and the arts;0.990443229675293;RDF10;Natural sciences;0.0038024766836315393;RDF50;Social sciences;0.002613401273265481;RDF604;Arts (arts, history of arts, performing arts, music), architecture and design;0.9441768527030945;RDF601;History, archaeology and related studies;0.9012274742126465;RDF602;Languages and literature;0.16667540371418;RDF503;Education;0.05070536583662033;RDF605;Other humanities;0.011244561523199081
229;MID-INFRARED QUANTUM TECHNOLOGY FOR SENSING (MIRAQLS);RDF20-21;Engineering and technology;0.9639149308204651;RDF10;Natural sciences;0.018073389306664467;RDF30;Medical, health and life sciences;0.011945780366659164;RDF102;Computer and information sciences;0.9326989054679871;RDF212;Other engineering and technologies;0.30528295040130615;RDF202;Industrial, systems and processes engineering;0.1672186702489853;RDF103;Physical sciences;0.14223189651966095;RDF203;Electrical engineering, computer engineering, and information engineering;0.11920291930437088
230;Exploiting minor histocompatibility antigens for personalized cancer immunotherapy (Cancer Progression & Therapeutics);RDF30;Medical, health and life sciences;0.9332841634750366;RDF20-21;Engineering and technology;0.06131677329540253;RDF10;Natural sciences;0.004321963060647249;RDF303;Health sciences;0.9931495189666748;RDF304;Medical biotechnology;0.9890975952148438;RDF106;Biological sciences;0.9842154383659363;RDF207;Medical and biomedical engineering;0.9709092378616333;RDF302;Clinical medicine;0.9507778882980347
231;Investment incentives in matching markets: on the foundations of competitive models (Economics);RDF50;Social sciences;0.6145700812339783;RDF10;Natural sciences;0.09723910689353943;RDF60;Humanities and the arts;0.09134768694639206;RDF502;Economics and business administration;0.9865717887878418;RDF101;Mathematics and statistics;0.005139610730111599;RDF507;Social and economic geography;0.0033766126725822687;RDF304;Medical biotechnology;0.0008426423300988972;RDF509;Other social sciences;0.0005792916635982692
232;Advancing Machine Learning with Causal Models (Computer Science);RDF20-21;Engineering and technology;0.9958556890487671;RDF10;Natural sciences;0.00109538109973073;RDF60;Humanities and the arts;0.001061679795384407;RDF102;Computer and information sciences;0.9974090456962585;RDF203;Electrical engineering, computer engineering, and information engineering;0.41294437646865845;RDF212;Other engineering and technologies;0.0031726830638945103;RDF501;Psychology and cognitive sciences;0.00028685410507023335;RDF202;Industrial, systems and processes engineering;0.00011061159602832049
233;The Brahma Kumari Tradition in Canada and the United States (Medieval, classics, religious studies);RDF60;Humanities and the arts;0.9495015144348145;RDF50;Social sciences;0.025601627305150032;RDF10;Natural sciences;0.01349110808223486;RDF503;Education;0.9702399373054504;RDF602;Languages and literature;0.42036160826683044;RDF601;History, archaeology and related studies;0.17245039343833923;RDF605;Other humanities;0.1108556017279625;RDF603;Philosophy;0.027376489713788033
234;Social polarization in high schools during COVID-19: A mixed-method Positive Youth Development research to inform how to promote well-being and reduce violence among adolescents (Education and social work);RDF50;Social sciences;0.9366245865821838;RDF30;Medical, health and life sciences;0.03746969997882843;RDF60;Humanities and the arts;0.015865668654441833;RDF503;Education;0.9890975952148438;RDF509;Other social sciences;0.04401865229010582;RDF504;Sociology and related studies;0.011777842417359352;RDF303;Health sciences;0.01032815221697092;RDF605;Other humanities;0.0037654137704521418
235;Assessing the community needs of Canadians with limb loss: Building the foundation for community action;RDF30;Medical, health and life sciences;0.858354389667511;RDF50;Social sciences;0.1268376260995865;RDF60;Humanities and the arts;0.005967136472463608;RDF303;Health sciences;0.9594592452049255;RDF504;Sociology and related studies;0.6272093653678894;RDF207;Medical and biomedical engineering;0.3391706645488739;RDF507;Social and economic geography;0.31153157353401184;RDF509;Other social sciences;0.29057806730270386
236;Addition of high dose Stimulant and engagement-focused Contingency management, alone and in combination, to treatment as usual for the management of MEthamphetamine use disorder (ASCME): a pan-Canadian multisite randomized controlled trial;RDF30;Medical, health and life sciences;0.9868178963661194;RDF10;Natural sciences;0.00718942005187273;RDF50;Social sciences;0.0031902859918773174;RDF303;Health sciences;0.9885803461074829;RDF302;Clinical medicine;0.9632304906845093;RDF501;Psychology and cognitive sciences;0.944587230682373;RDF106;Biological sciences;0.6102212071418762;RDF207;Medical and biomedical engineering;0.5455278158187866
237;Écrire / Traduire / Visualiser les humanités numériques;RDF20-21;Engineering and technology;0.5526536107063293;RDF60;Humanities and the arts;0.31001055240631104;RDF50;Social sciences;0.12140188366174698;RDF508;Media and communications;0.9908744096755981;RDF102;Computer and information sciences;0.9870795011520386;RDF604;Arts (arts, history of arts, performing arts, music), architecture and design;0.9669139981269836;RDF203;Electrical engineering, computer engineering, and information engineering;0.431045264005661;RDF602;Languages and literature;0.3460438847541809
238;Smart Electrolytes for a New Perspective on Electrochemical Energy Storage (Chemistry);RDF20-21;Engineering and technology;0.9752231240272522;RDF10;Natural sciences;0.014692744240164757;RDF60;Humanities and the arts;0.0031282659620046616;RDF104;Chemical sciences;0.9967774748802185;RDF205;Chemical engineering;0.6163586974143982;RDF206;Materials engineering and resources engineering;0.007460643537342548;RDF212;Other engineering and technologies;0.0035380860790610313;RDF203;Electrical engineering, computer engineering, and information engineering;0.003027835162356496
239;Femmes et pouvoirs dans le bailliage de Montréal (1644-1693) (History);RDF50;Social sciences;0.585634708404541;RDF60;Humanities and the arts;0.25385385751724243;RDF40;Agricultural and veterinary sciences;0.07216435670852661;RDF601;History, archaeology and related studies;0.9968273043632507;RDF604;Arts (arts, history of arts, performing arts, music), architecture and design;0.11240509152412415;RDF506;Political science and policy administration;0.05379964038729668;RDF507;Social and economic geography;0.05146276205778122;RDF605;Other humanities;0.02145073004066944
240;Entre pressions socioculturelles et insatisfaction à l'égard de l'image corporelle : le rôle médiateur de caractéristiques personnelles chez les adolescents et jeunes hommes. (Psychology);RDF30;Medical, health and life sciences;0.5582619309425354;RDF50;Social sciences;0.26785698533058167;RDF60;Humanities and the arts;0.10654614865779877;RDF501;Psychology and cognitive sciences;0.802555501461029;RDF504;Sociology and related studies;0.02178117074072361;RDF303;Health sciences;0.015189048834145069;RDF509;Other social sciences;0.013121269643306732;RDF208;Environmental engineering and related engineering;0.008711384609341621
241;Multi-Precision Optimization and Methods with Inaccurate Functions and Derivatives (Computer Science);RDF20-21;Engineering and technology;0.9966123104095459;RDF10;Natural sciences;0.000840495980810374;RDF40;Agricultural and veterinary sciences;0.0007189142634160817;RDF102;Computer and information sciences;0.9958660006523132;RDF203;Electrical engineering, computer engineering, and information engineering;0.5532639026641846;RDF101;Mathematics and statistics;0.023153411224484444;RDF212;Other engineering and technologies;0.004755199886858463;RDF503;Education;0.0003569706459529698
242;Adaptive FEM for Analysis, Design, and Control of Complex Flows (Mechanical Engineering);RDF20-21;Engineering and technology;0.9988406300544739;RDF10;Natural sciences;0.00044390055700205266;RDF60;Humanities and the arts;0.0002000816457439214;RDF204;Mechanical engineering;0.9991704225540161;RDF101;Mathematics and statistics;0.005139611195772886;RDF103;Physical sciences;0.0024726232513785362;RDF202;Industrial, systems and processes engineering;0.0007321813027374446;RDF212;Other engineering and technologies;0.000374095601728186
243;Diagnosis of Aggressive Prostate Cancer Using Key Features of Raman Spectroscopy (Cancer Progression & Therapeutics);RDF30;Medical, health and life sciences;0.8369371294975281;RDF10;Natural sciences;0.106404609978199;RDF20-21;Engineering and technology;0.054986774921417236;RDF303;Health sciences;0.9916842579841614;RDF106;Biological sciences;0.9906600117683411;RDF207;Medical and biomedical engineering;0.9773707389831543;RDF304;Medical biotechnology;0.9702398777008057;RDF302;Clinical medicine;0.9569571614265442
244;Maintaining balance in an unstable environment: A central role for the vestibular system (Biological Systems and Functions);RDF30;Medical, health and life sciences;0.8899044394493103;RDF10;Natural sciences;0.0921608954668045;RDF20-21;Engineering and technology;0.012018252164125443;RDF106;Biological sciences;0.9810219407081604;RDF207;Medical and biomedical engineering;0.9102267622947693;RDF303;Health sciences;0.7356416583061218;RDF301;Basic medicine and life sciences;0.1233656257390976;RDF208;Environmental engineering and related engineering;0.09877259284257889
245;Multifarious roles of the smallest Arabidopsis thaliana MAPKKKs clade (MAPKKK19, 20 and 21) as an integrative hub for plant pathogen interactions, growth, development and reproduction (Biological Systems and Functions);RDF10;Natural sciences;0.9613572955131531;RDF30;Medical, health and life sciences;0.028776442632079124;RDF40;Agricultural and veterinary sciences;0.005245699547231197;RDF106;Biological sciences;0.9971550703048706;RDF301;Basic medicine and life sciences;0.9207896590232849;RDF303;Health sciences;0.07369627058506012;RDF107;Other natural sciences;0.05749327689409256;RDF404;Agricultural biotechnology and food sciences;0.04401864856481552
246;Occurrence et contrôle des bactéries opportunistes et bioaérosols issus des systèmes de traitement des eaux usées (Civil, Industrial and Systems Engineering);RDF20-21;Engineering and technology;0.9753332734107971;RDF10;Natural sciences;0.016265222802758217;RDF40;Agricultural and veterinary sciences;0.005038730800151825;RDF209;Environmental biotechnology;0.974628746509552;RDF106;Biological sciences;0.9339146614074707;RDF210;Industrial biotechnology;0.926569938659668;RDF208;Environmental engineering and related engineering;0.7772998809814453;RDF202;Industrial, systems and processes engineering;0.135232076048851
247;Le confinement : étude comparée du choix d'un instrument de politique publique extrême (Political science and public administration);RDF50;Social sciences;0.9101828932762146;RDF20-21;Engineering and technology;0.030631965026259422;RDF30;Medical, health and life sciences;0.023486342281103134;RDF506;Political science and policy administration;0.8936811685562134;RDF503;Education;0.011331752873957157;RDF509;Other social sciences;0.0026316740550100803;RDF505;Law and legal practice;0.0022170129232108593;RDF603;Philosophy;0.001987774157896638
248;Valorisation des noirs de carbone recyclés de pneus usagés;RDF20-21;Engineering and technology;0.4683605134487152;RDF10;Natural sciences;0.45751094818115234;RDF30;Medical, health and life sciences;0.02970828115940094;RDF104;Chemical sciences;0.9734434485435486;RDF205;Chemical engineering;0.9507778882980347;RDF211;Nano-technology;0.9155072569847107;RDF206;Materials engineering and resources engineering;0.8955227136611938;RDF502;Economics and business administration;0.7592253684997559
249;"""Managing AI in Health Ecosystems"" Masterclass";RDF20-21;Engineering and technology;0.8523719906806946;RDF30;Medical, health and life sciences;0.13122707605361938;RDF10;Natural sciences;0.00917766708880663;RDF102;Computer and information sciences;0.9358173608779907;RDF503;Education;0.934155285358429;RDF212;Other engineering and technologies;0.3005402386188507;RDF501;Psychology and cognitive sciences;0.2833845913410187;RDF303;Health sciences;0.11596071720123291
250;Novel regulatory mechanisms of the mammalian nuclear proteasome through liquid-liquid phase separation (Cell Biology – Molecular/Fundamental);RDF20-21;Engineering and technology;0.6044865846633911;RDF10;Natural sciences;0.255082368850708;RDF30;Medical, health and life sciences;0.1282634735107422;RDF106;Biological sciences;0.9962345957756042;RDF301;Basic medicine and life sciences;0.07423137128353119;RDF304;Medical biotechnology;0.06560484319925308;RDF211;Nano-technology;0.025565214455127716;RDF207;Medical and biomedical engineering;0.020964240655303
251;Integrating early neuromonitoring biomarkers to better define eligibility for therapeutic hypothermia after perinatal hypoxia-ischemia;RDF30;Medical, health and life sciences;0.8129847049713135;RDF20-21;Engineering and technology;0.1638825237751007;RDF10;Natural sciences;0.01789114810526371;RDF303;Health sciences;0.9895917177200317;RDF302;Clinical medicine;0.9808759689331055;RDF207;Medical and biomedical engineering;0.9799765348434448;RDF106;Biological sciences;0.9637799263000488;RDF304;Medical biotechnology;0.9569571614265442
252;Metasurface and Metamaterial-Inspired Devices for 5G, IoT, Sensing and Space Applications;RDF20-21;Engineering and technology;0.9983338713645935;RDF10;Natural sciences;0.0005268774693831801;RDF50;Social sciences;0.0004167943843640387;RDF103;Physical sciences;0.532181978225708;RDF508;Media and communications;0.4241734445095062;RDF206;Materials engineering and resources engineering;0.4171527624130249;RDF102;Computer and information sciences;0.29178744554519653;RDF203;Electrical engineering, computer engineering, and information engineering;0.09982066601514816
253;Cross-frequency coupling and machine learning for electrophysiological signal analysis;RDF20-21;Engineering and technology;0.9307832717895508;RDF10;Natural sciences;0.043321263045072556;RDF30;Medical, health and life sciences;0.02470783144235611;RDF106;Biological sciences;0.9381240606307983;RDF207;Medical and biomedical engineering;0.9314624667167664;RDF203;Electrical engineering, computer engineering, and information engineering;0.4484262764453888;RDF305;Other medical sciences;0.0838903859257698;RDF103;Physical sciences;0.048496000468730927
254;Uncovering a New Cytotoxic Mechanism of Natural Killer Cells (Genes, Cells and Molecules);RDF30;Medical, health and life sciences;0.8616470098495483;RDF10;Natural sciences;0.09838850051164627;RDF20-21;Engineering and technology;0.03556441888213158;RDF106;Biological sciences;0.9946981072425842;RDF304;Medical biotechnology;0.9697853922843933;RDF303;Health sciences;0.9329437017440796;RDF207;Medical and biomedical engineering;0.8620035648345947;RDF503;Education;0.632729709148407
255;Actualisation de la formation sur les pratiques d'affiliation dans les Auberges du coeur du Québec;RDF10;Natural sciences;0.36251041293144226;RDF20-21;Engineering and technology;0.359689325094223;RDF50;Social sciences;0.15976710617542267;RDF503;Education;0.9862576723098755;RDF401;Agriculture, forestry, and fisheries;0.44601207971572876;RDF502;Economics and business administration;0.3496437668800354;RDF604;Arts (arts, history of arts, performing arts, music), architecture and design;0.30902373790740967;RDF508;Media and communications;0.2123953402042389
256;Evidence for Impact: The Quebec Experience of Designing Evidence-Based Public Policy Solutions to Reform Home Care;RDF50;Social sciences;0.7818541526794434;RDF30;Medical, health and life sciences;0.19348189234733582;RDF10;Natural sciences;0.012129646725952625;RDF502;Economics and business administration;0.9908034205436707;RDF506;Political science and policy administration;0.8991213440895081;RDF303;Health sciences;0.5879431366920471;RDF509;Other social sciences;0.03594832122325897;RDF504;Sociology and related studies;0.006589771714061499
257;Replicative stress as a primary determinant of chemotherapeutic outcome in ovarian cancer;RDF30;Medical, health and life sciences;0.9406099319458008;RDF10;Natural sciences;0.038221705704927444;RDF20-21;Engineering and technology;0.013628368265926838;RDF106;Biological sciences;0.9780517220497131;RDF302;Clinical medicine;0.9416541457176208;RDF304;Medical biotechnology;0.9273633360862732;RDF305;Other medical sciences;0.9046505093574524;RDF207;Medical and biomedical engineering;0.83601975440979
258;Improved representation, impact assessment, and adaptive management of water resource systems under changing natural and anthropogenic conditions (Civil, Industrial and Systems Engineering);RDF20-21;Engineering and technology;0.9498522281646729;RDF10;Natural sciences;0.04637568071484566;RDF50;Social sciences;0.001749677350744605;RDF208;Environmental engineering and related engineering;0.9399133324623108;RDF105;Earth and related environmental sciences;0.5510905981063843;RDF103;Physical sciences;0.08181270956993103;RDF107;Other natural sciences;0.0427221953868866;RDF201;Civil engineering, maritime engineering, transport engineering, and mining engineering;0.02145073004066944
259;Le travail ensemble comme stratégie de réponse aux besoins complexes des jeunes en difficulté : comprendre les processus d'émergence de la collaboration (Education and social work);RDF50;Social sciences;0.8239217400550842;RDF60;Humanities and the arts;0.07398921251296997;RDF20-21;Engineering and technology;0.04558343067765236;RDF503;Education;0.8529354929924011;RDF509;Other social sciences;0.02822098694741726;RDF605;Other humanities;0.019568676128983498;RDF507;Social and economic geography;0.01384861022233963;RDF603;Philosophy;0.0064882696606218815
260;Interneuronopathies and neurodevelopmental disorders (Genetics);RDF30;Medical, health and life sciences;0.9948285818099976;RDF10;Natural sciences;0.0032161835115402937;RDF20-21;Engineering and technology;0.001060584676451981;RDF106;Biological sciences;0.9891815781593323;RDF303;Health sciences;0.9854964017868042;RDF207;Medical and biomedical engineering;0.9821512699127197;RDF301;Basic medicine and life sciences;0.9049869775772095;RDF304;Medical biotechnology;0.5058590769767761
261;Prevention / treatment of the choroidal neovascularization by kinin receptors antagonists (Pharmacology & Toxicology);RDF30;Medical, health and life sciences;0.9899680018424988;RDF10;Natural sciences;0.008109086193144321;RDF20-21;Engineering and technology;0.0009609553380869329;RDF303;Health sciences;0.9757623672485352;RDF106;Biological sciences;0.9066531658172607;RDF207;Medical and biomedical engineering;0.2598256468772888;RDF302;Clinical medicine;0.21011725068092346;RDF301;Basic medicine and life sciences;0.06804042309522629
262;Entre vie et mort: images de médiation (Fine Arts, Research-Creation);RDF60;Humanities and the arts;0.9361481666564941;RDF30;Medical, health and life sciences;0.05312422662973404;RDF50;Social sciences;0.00556654017418623;RDF508;Media and communications;0.6258955597877502;RDF305;Other medical sciences;0.4472188651561737;RDF301;Basic medicine and life sciences;0.18653921782970428;RDF605;Other humanities;0.05033063143491745;RDF604;Arts (arts, history of arts, performing arts, music), architecture and design;0.02161533385515213
263;Identification of microbial factors to modulate immune dysregulation and treat post-COVID-19 syndrome;RDF30;Medical, health and life sciences;0.6794591546058655;RDF10;Natural sciences;0.3062562346458435;RDF20-21;Engineering and technology;0.011782432906329632;RDF303;Health sciences;0.9927672147750854;RDF106;Biological sciences;0.9866749048233032;RDF304;Medical biotechnology;0.9612438082695007;RDF302;Clinical medicine;0.9549844861030579;RDF207;Medical and biomedical engineering;0.9394705891609192
264;Les effets de la pandémie de COVID-19 sur les conditions de travail et les trajectoires d'emploi des femmes au Québec: recul, maintien ou avancée? (Business, management and related fields);RDF50;Social sciences;0.5123589634895325;RDF30;Medical, health and life sciences;0.32062602043151855;RDF10;Natural sciences;0.054852645844221115;RDF502;Economics and business administration;0.9728308320045471;RDF507;Social and economic geography;0.9553191065788269;RDF101;Mathematics and statistics;0.006692851427942514;RDF509;Other social sciences;0.006289902608841658;RDF504;Sociology and related studies;0.002800926798954606
265;Data-driven Optimization of Transport Systems (Civil, Industrial and Systems Engineering);RDF20-21;Engineering and technology;0.9977222681045532;RDF50;Social sciences;0.0008283868664875627;RDF10;Natural sciences;0.0006867568008601665;RDF202;Industrial, systems and processes engineering;0.12808823585510254;RDF201;Civil engineering, maritime engineering, transport engineering, and mining engineering;0.034100424498319626;RDF212;Other engineering and technologies;0.0061929901130497456;RDF103;Physical sciences;0.005819960031658411;RDF101;Mathematics and statistics;0.004681822378188372
266;Le tournant éclectique en architecture à travers les procès-verbaux du Conseil des Bâtiments civils (projet pilote) (Fine Arts, Research-Creation);RDF20-21;Engineering and technology;0.523938000202179;RDF60;Humanities and the arts;0.46965503692626953;RDF50;Social sciences;0.003316378453746438;RDF604;Arts (arts, history of arts, performing arts, music), architecture and design;0.9734433889389038;RDF103;Physical sciences;0.06705629080533981;RDF212;Other engineering and technologies;0.04603390395641327;RDF605;Other humanities;0.0427221953868866;RDF503;Education;0.014063628390431404
267;Évolution de l'organisation du travail des directions d'établissements d'enseignement du Québec dans le contexte de la transformation des commissions scolaires en centres de services;RDF20-21;Engineering and technology;0.5755405426025391;RDF50;Social sciences;0.35946130752563477;RDF60;Humanities and the arts;0.03246977552771568;RDF503;Education;0.9782188534736633;RDF502;Economics and business administration;0.9693242311477661;RDF506;Political science and policy administration;0.42084503173828125;RDF507;Social and economic geography;0.40860119462013245;RDF202;Industrial, systems and processes engineering;0.11797801405191422
268;Integrating interdisciplinary perspectives on circular economy;RDF20-21;Engineering and technology;0.7926115393638611;RDF50;Social sciences;0.12688764929771423;RDF10;Natural sciences;0.05436093360185623;RDF202;Industrial, systems and processes engineering;0.7766228914260864;RDF212;Other engineering and technologies;0.7348812818527222;RDF502;Economics and business administration;0.566258430480957;RDF206;Materials engineering and resources engineering;0.05223085731267929;RDF205;Chemical engineering;0.03622005879878998
269;Homeostasis of the respiratory epithelial tissue: regulatory mechanisms by ion channels (Genes, Cells and Molecules);RDF30;Medical, health and life sciences;0.7332868576049805;RDF10;Natural sciences;0.2236398607492447;RDF20-21;Engineering and technology;0.04153112694621086;RDF106;Biological sciences;0.9888420104980469;RDF207;Medical and biomedical engineering;0.9787126183509827;RDF303;Health sciences;0.9711291193962097;RDF304;Medical biotechnology;0.9676557183265686;RDF305;Other medical sciences;0.8864204287528992
270;Vascular events in patients undergoing same-day noncardiac surgery (VALIANCE) - a prospective cohort and nested biobank study (Clinical Investigation – Cardiovascular Systems);RDF30;Medical, health and life sciences;0.9958231449127197;RDF10;Natural sciences;0.001569009735248983;RDF50;Social sciences;0.0010783635079860687;RDF303;Health sciences;0.9864678978919983;RDF302;Clinical medicine;0.9798226952552795;RDF207;Medical and biomedical engineering;0.8281063437461853;RDF106;Biological sciences;0.4455295503139496;RDF301;Basic medicine and life sciences;0.1490352898836136
271;Mental health Recovery from Youth Right-based Perspectives (Education and social work);RDF30;Medical, health and life sciences;0.9484607577323914;RDF50;Social sciences;0.04523502290248871;RDF60;Humanities and the arts;0.003474551485851407;RDF303;Health sciences;0.9648551344871521;RDF503;Education;0.31455039978027344;RDF501;Psychology and cognitive sciences;0.2632204592227936;RDF603;Philosophy;0.04603390023112297;RDF605;Other humanities;0.007937993854284286
272;Ecosystem functioning in the landscape: a meta-ecosystem perspective (Evolution and Ecology);RDF10;Natural sciences;0.9919019341468811;RDF20-21;Engineering and technology;0.004053676500916481;RDF60;Humanities and the arts;0.0014453829498961568;RDF105;Earth and related environmental sciences;0.986151397228241;RDF208;Environmental engineering and related engineering;0.9697853922843933;RDF106;Biological sciences;0.7163178324699402;RDF107;Other natural sciences;0.6511746644973755;RDF103;Physical sciences;0.034100428223609924
273;Multi-Fidelity Zonal Approaches to Multi-Disciplinary Aerodynamic Analysis of Transonic Aircraft;RDF20-21;Engineering and technology;0.9060359001159668;RDF10;Natural sciences;0.09147907048463821;RDF60;Humanities and the arts;0.0010122787207365036;RDF103;Physical sciences;0.9076401591300964;RDF212;Other engineering and technologies;0.12168575823307037;RDF107;Other natural sciences;0.048496004194021225;RDF204;Mechanical engineering;0.00898542907088995;RDF604;Arts (arts, history of arts, performing arts, music), architecture and design;0.0071214293129742146
274;Defining the functions and mechanisms of centrosomal RNA localization;RDF20-21;Engineering and technology;0.4012893736362457;RDF30;Medical, health and life sciences;0.34864622354507446;RDF10;Natural sciences;0.24722722172737122;RDF106;Biological sciences;0.9934101700782776;RDF304;Medical biotechnology;0.9795114398002625;RDF207;Medical and biomedical engineering;0.9549844264984131;RDF303;Health sciences;0.7545534372329712;RDF305;Other medical sciences;0.6309123635292053
275;Collaborative improvement of moral deliberation methods: An exercise in living ethics (Mutidisciplinary or interdisciplinary social sciences);RDF50;Social sciences;0.9965250492095947;RDF20-21;Engineering and technology;0.0015218083281069994;RDF60;Humanities and the arts;0.0006967346416786313;RDF504;Sociology and related studies;0.41111084818840027;RDF509;Other social sciences;0.10932482779026031;RDF603;Philosophy;0.09334687888622284;RDF605;Other humanities;0.031618766486644745;RDF503;Education;0.029760092496871948
276;The role of GABA signaling in nervous system formation and homeostasis (Genes, Cells and Molecules);RDF30;Medical, health and life sciences;0.6747174859046936;RDF10;Natural sciences;0.2879340648651123;RDF20-21;Engineering and technology;0.03230530768632889;RDF106;Biological sciences;0.9839708805084229;RDF301;Basic medicine and life sciences;0.8629302382469177;RDF104;Chemical sciences;0.7586894035339355;RDF207;Medical and biomedical engineering;0.5229331254959106;RDF303;Health sciences;0.4675748646259308
277;Elimination of senescent endothelial cells to prevent vascular dementia in aging atherosclerotic mice (Biological and Clinical Aspects of Aging);RDF30;Medical, health and life sciences;0.8561496734619141;RDF10;Natural sciences;0.11110248416662216;RDF20-21;Engineering and technology;0.027954278513789177;RDF106;Biological sciences;0.9951702356338501;RDF304;Medical biotechnology;0.9764905571937561;RDF207;Medical and biomedical engineering;0.9334308505058289;RDF301;Basic medicine and life sciences;0.9164093136787415;RDF303;Health sciences;0.9036349058151245
278;Understanding and treating osteoarthritic pain in pet animals: An approach based on neurogenomics and neuropeptidomics manipulation (Biological Systems and Functions);RDF30;Medical, health and life sciences;0.957177460193634;RDF10;Natural sciences;0.015838224440813065;RDF40;Agricultural and veterinary sciences;0.013494336046278477;RDF303;Health sciences;0.9892647862434387;RDF106;Biological sciences;0.9853843450546265;RDF207;Medical and biomedical engineering;0.9807288646697998;RDF304;Medical biotechnology;0.958537757396698;RDF301;Basic medicine and life sciences;0.8210440874099731
279;Optimizing risk averse decisions in data-driven problems;RDF20-21;Engineering and technology;0.9057459831237793;RDF50;Social sciences;0.036234401166439056;RDF30;Medical, health and life sciences;0.03430603817105293;RDF212;Other engineering and technologies;0.9322068691253662;RDF102;Computer and information sciences;0.8929365873336792;RDF502;Economics and business administration;0.7809967398643494;RDF501;Psychology and cognitive sciences;0.4399879574775696;RDF202;Industrial, systems and processes engineering;0.19651761651039124
280;Understanding the genesis of the spliced immunopeptidome (Genes, Cells and Molecules);RDF30;Medical, health and life sciences;0.5878505706787109;RDF20-21;Engineering and technology;0.35934585332870483;RDF10;Natural sciences;0.0486321747303009;RDF106;Biological sciences;0.9849273562431335;RDF304;Medical biotechnology;0.9782188534736633;RDF207;Medical and biomedical engineering;0.9207896590232849;RDF303;Health sciences;0.7479842901229858;RDF305;Other medical sciences;0.39152222871780396
281;Fundamental drivers of plant spectral diversity (Evolution and Ecology);RDF10;Natural sciences;0.9947751760482788;RDF20-21;Engineering and technology;0.0025046318769454956;RDF40;Agricultural and veterinary sciences;0.0013406327925622463;RDF106;Biological sciences;0.984811007976532;RDF107;Other natural sciences;0.7972412705421448;RDF105;Earth and related environmental sciences;0.40321430563926697;RDF209;Environmental biotechnology;0.31111282110214233;RDF301;Basic medicine and life sciences;0.14608724415302277
282;Systematics, biogeography and evolution of northern floras (Evolution and Ecology);RDF10;Natural sciences;0.993919312953949;RDF40;Agricultural and veterinary sciences;0.0038158216048032045;RDF30;Medical, health and life sciences;0.0007632123888470232;RDF106;Biological sciences;0.9899864196777344;RDF105;Earth and related environmental sciences;0.8489722609519958;RDF107;Other natural sciences;0.21568094193935394;RDF301;Basic medicine and life sciences;0.09773431718349457;RDF208;Environmental engineering and related engineering;0.018124720081686974
283;Development of Additive Manufacturing Superalloys with high ?' volume fraction (Materials and Chemical Engineering);RDF20-21;Engineering and technology;0.9977948069572449;RDF10;Natural sciences;0.0008682050975039601;RDF30;Medical, health and life sciences;0.00045751192374154925;RDF104;Chemical sciences;0.8539127707481384;RDF205;Chemical engineering;0.399635910987854;RDF206;Materials engineering and resources engineering;0.11920292675495148;RDF211;Nano-technology;0.029986506327986717;RDF103;Physical sciences;0.02822098881006241
284;Judiciarisation des personnes souffrant de troubles mentaux : une recherche en théorisation ancrée sur la perception des patients judiciarisés et le personnel soignant (Psychosocial, Sociocultural & Behavioural Determinants of Health);RDF30;Medical, health and life sciences;0.9459072351455688;RDF50;Social sciences;0.0438963882625103;RDF60;Humanities and the arts;0.0041798255406320095;RDF505;Law and legal practice;0.9645892381668091;RDF303;Health sciences;0.9322068095207214;RDF501;Psychology and cognitive sciences;0.8868130445480347;RDF207;Medical and biomedical engineering;0.2568320035934448;RDF302;Clinical medicine;0.1672186702489853
285;Methods of initiation and mitigation of thermal runaway in lithium-ion batteries;RDF20-21;Engineering and technology;0.9401901960372925;RDF10;Natural sciences;0.05269341543316841;RDF30;Medical, health and life sciences;0.004634750075638294;RDF103;Physical sciences;0.9331876635551453;RDF104;Chemical sciences;0.755636990070343;RDF203;Electrical engineering, computer engineering, and information engineering;0.44046926498413086;RDF202;Industrial, systems and processes engineering;0.3048688769340515;RDF204;Mechanical engineering;0.28736767172813416
286;Automated AI-supported methane plume detection from satellite and aircraft images;RDF20-21;Engineering and technology;0.5830326676368713;RDF10;Natural sciences;0.4070224165916443;RDF30;Medical, health and life sciences;0.005805863067507744;RDF105;Earth and related environmental sciences;0.9922444224357605;RDF208;Environmental engineering and related engineering;0.9877587556838989;RDF104;Chemical sciences;0.9582261443138123;RDF205;Chemical engineering;0.7426084280014038;RDF107;Other natural sciences;0.5518152713775635
287;From domain-specific languages to domain-specific environments (Computer Science);RDF20-21;Engineering and technology;0.9957530498504639;RDF60;Humanities and the arts;0.001384548842906952;RDF10;Natural sciences;0.0008939318940974772;RDF102;Computer and information sciences;0.9977481961250305;RDF203;Electrical engineering, computer engineering, and information engineering;0.5440142154693604;RDF212;Other engineering and technologies;0.009125636890530586;RDF602;Languages and literature;0.0022170129232108593;RDF503;Education;0.0022170129232108593
288;Magnetic Field Characterization and Mapping for Artifact Mitigation in MRI;RDF20-21;Engineering and technology;0.4905531406402588;RDF30;Medical, health and life sciences;0.45368748903274536;RDF10;Natural sciences;0.054610226303339005;RDF207;Medical and biomedical engineering;0.9890130162239075;RDF103;Physical sciences;0.9669139981269836;RDF301;Basic medicine and life sciences;0.8247444033622742;RDF303;Health sciences;0.7585105895996094;RDF302;Clinical medicine;0.3503102660179138
289;La médiatisation de l'opinion publique au Canada (Political science and public administration);RDF50;Social sciences;0.771109938621521;RDF60;Humanities and the arts;0.0722869411110878;RDF10;Natural sciences;0.07116623222827911;RDF508;Media and communications;0.9099070429801941;RDF506;Political science and policy administration;0.4466153681278229;RDF509;Other social sciences;0.001524786464869976;RDF605;Other humanities;0.0005112579092383385;RDF604;Arts (arts, history of arts, performing arts, music), architecture and design;0.00042388474685139954
290;Entrepreneuring as Relational Process: Tracing the Trajectories of Entrepreneurial Projects (Communications, media studies, gender studies, library and information science, related fields);RDF50;Social sciences;0.9112606644630432;RDF60;Humanities and the arts;0.07026886940002441;RDF10;Natural sciences;0.005997792351990938;RDF509;Other social sciences;0.30280324816703796;RDF508;Media and communications;0.26817411184310913;RDF503;Education;0.2278127521276474;RDF605;Other humanities;0.05541279539465904;RDF507;Social and economic geography;0.005384937860071659
291;Physiotherapy care in Emergency Departments for Patients with Musculoskeletal Disorders: A Pragmatic Cluster Randomized Controlled Trial and Cost Analysis (Clinical Investigation – Arthritis, Bone, Skin and Cartilage);RDF30;Medical, health and life sciences;0.9947312474250793;RDF10;Natural sciences;0.0027939951978623867;RDF50;Social sciences;0.0011288761161267757;RDF303;Health sciences;0.9921841025352478;RDF302;Clinical medicine;0.9840936064720154;RDF207;Medical and biomedical engineering;0.4303867220878601;RDF305;Other medical sciences;0.13892842829227448;RDF301;Basic medicine and life sciences;0.051082734018564224
292;Le numérique et les études médiévales : enjeux pédagogiques et formation par la recherche;RDF20-21;Engineering and technology;0.6992901563644409;RDF30;Medical, health and life sciences;0.1324232518672943;RDF50;Social sciences;0.09101308137178421;RDF503;Education;0.9914225339889526;RDF102;Computer and information sciences;0.9734434485435486;RDF203;Electrical engineering, computer engineering, and information engineering;0.6971967220306396;RDF508;Media and communications;0.4539879560470581;RDF501;Psychology and cognitive sciences;0.21933750808238983
293;High power density motors for aeronautics manufactured by cold spraying;RDF20-21;Engineering and technology;0.9926871061325073;RDF10;Natural sciences;0.005128383636474609;RDF50;Social sciences;0.0006520008319057524;RDF204;Mechanical engineering;0.887984037399292;RDF206;Materials engineering and resources engineering;0.5985468626022339;RDF103;Physical sciences;0.5954925417900085;RDF203;Electrical engineering, computer engineering, and information engineering;0.06278920918703079;RDF202;Industrial, systems and processes engineering;0.04922211170196533
294;Cholesterol metabolism and regulation of the senescence-associated secretory phenotype in retinopathy (Systems & Circuits Neurosciences);RDF30;Medical, health and life sciences;0.9730766415596008;RDF20-21;Engineering and technology;0.022884568199515343;RDF10;Natural sciences;0.002527770819142461;RDF207;Medical and biomedical engineering;0.9606574773788452;RDF304;Medical biotechnology;0.8762112855911255;RDF303;Health sciences;0.15713684260845184;RDF106;Biological sciences;0.13341522216796875;RDF301;Basic medicine and life sciences;0.02178117074072361
295;Second-order Hessian-free methods for statistical learning and stochastic optimization (Civil, Industrial and Systems Engineering);RDF20-21;Engineering and technology;0.9956828355789185;RDF50;Social sciences;0.0018629826372489333;RDF10;Natural sciences;0.0015687886625528336;RDF101;Mathematics and statistics;0.9539660811424255;RDF202;Industrial, systems and processes engineering;0.0290907584130764;RDF201;Civil engineering, maritime engineering, transport engineering, and mining engineering;0.02822098694741726;RDF212;Other engineering and technologies;0.0036499870475381613;RDF107;Other natural sciences;0.0015978454612195492
296;Ecosystemic thinking: integrating ecosystem assessment to the strategic thinking process;RDF10;Natural sciences;0.8866502642631531;RDF20-21;Engineering and technology;0.04924587532877922;RDF50;Social sciences;0.04082626476883888;RDF208;Environmental engineering and related engineering;0.8856315016746521;RDF107;Other natural sciences;0.6771004796028137;RDF502;Economics and business administration;0.45665204524993896;RDF105;Earth and related environmental sciences;0.3073580265045166;RDF106;Biological sciences;0.22000710666179657
297;Brain-body interactions during bipedalism (Biological Systems and Functions);RDF30;Medical, health and life sciences;0.657378613948822;RDF10;Natural sciences;0.32289353013038635;RDF20-21;Engineering and technology;0.01684742234647274;RDF106;Biological sciences;0.9962345957756042;RDF207;Medical and biomedical engineering;0.7481683492660522;RDF501;Psychology and cognitive sciences;0.09301680326461792;RDF303;Health sciences;0.08151976019144058;RDF301;Basic medicine and life sciences;0.07864238321781158
298;Multiaxial electro-mechanical tensile tester for stretchable electronics (Materials and Chemical Engineering);RDF20-21;Engineering and technology;0.9975144863128662;RDF10;Natural sciences;0.0011498617241159081;RDF30;Medical, health and life sciences;0.000391220732126385;RDF205;Chemical engineering;0.05070536211133003;RDF103;Physical sciences;0.041152890771627426;RDF104;Chemical sciences;0.03622005507349968;RDF206;Materials engineering and resources engineering;0.02280263788998127;RDF204;Mechanical engineering;0.005641908384859562
299;Development and Update of Quantitative Pharmacology Concepts and Computational Models for a Better Understanding of Drug Fate and Action (Mathematics and Statistics);RDF30;Medical, health and life sciences;0.9111931920051575;RDF20-21;Engineering and technology;0.07095320522785187;RDF10;Natural sciences;0.014386891387403011;RDF101;Mathematics and statistics;0.985496461391449;RDF303;Health sciences;0.8994751572608948;RDF104;Chemical sciences;0.6677979230880737;RDF301;Basic medicine and life sciences;0.06052939221262932;RDF207;Medical and biomedical engineering;0.041152890771627426
300;Frontières vécues dans les institutions éducatives québécoises. Discours des cégépiennes musulmanes issues de l'immigration à Montréal (Education and social work);RDF50;Social sciences;0.5844227075576782;RDF60;Humanities and the arts;0.2870588004589081;RDF10;Natural sciences;0.04910997301340103;RDF503;Education;0.9738443493843079;RDF507;Social and economic geography;0.9086179137229919;RDF502;Economics and business administration;0.2183358520269394;RDF103;Physical sciences;0.037892427295446396;RDF605;Other humanities;0.02145073004066944
301;Non-invasive 4D thoracic imaging infrastructure to support decision-making in the management of lung diseases in intensive care units (ICU) (Electrical and Computer Engineering);RDF20-21;Engineering and technology;0.6354935765266418;RDF30;Medical, health and life sciences;0.36209332942962646;RDF10;Natural sciences;0.0014797926414757967;RDF303;Health sciences;0.9522199034690857;RDF302;Clinical medicine;0.9102267026901245;RDF301;Basic medicine and life sciences;0.17469169199466705;RDF203;Electrical engineering, computer engineering, and information engineering;0.07423137873411179;RDF305;Other medical sciences;0.03567855432629585
302;La participation à la société québécoise : exploration de la perception des jeunes issus de l'immigration, de première et de deuxième génération (JIPDG), élèves et étudiants au secondaire et au cegep francophones (Education and social work);RDF50;Social sciences;0.7838008403778076;RDF60;Humanities and the arts;0.17083829641342163;RDF10;Natural sciences;0.014927683398127556;RDF504;Sociology and related studies;0.8629302382469177;RDF507;Social and economic geography;0.39694446325302124;RDF503;Education;0.28497380018234253;RDF502;Economics and business administration;0.04054074361920357;RDF601;History, archaeology and related studies;0.02655656822025776
303;Reshaping the urban water management paradigm: towards a new decision-support framework for the sustainable design of hybrid systems;RDF20-21;Engineering and technology;0.8092658519744873;RDF10;Natural sciences;0.15384894609451294;RDF50;Social sciences;0.026423465460538864;RDF208;Environmental engineering and related engineering;0.9822877049446106;RDF212;Other engineering and technologies;0.8652240633964539;RDF103;Physical sciences;0.38294878602027893;RDF107;Other natural sciences;0.3366580903530121;RDF502;Economics and business administration;0.332852303981781
304;L'activité musculaire des pianistes au service de la production sonore et de l'expression musicale (Multidisciplinary or interdisciplinary humanities);RDF60;Humanities and the arts;0.9910720586776733;RDF20-21;Engineering and technology;0.004962512757629156;RDF50;Social sciences;0.001235267031006515;RDF604;Arts (arts, history of arts, performing arts, music), architecture and design;0.8643104434013367;RDF605;Other humanities;0.2617081105709076;RDF508;Media and communications;0.10266401618719101;RDF503;Education;0.07504072785377502;RDF212;Other engineering and technologies;0.005220125894993544
305;Extraction, migration et mise en place de granite-pegmatite orogénique: construire les vecteurs d'exploration de métaux critiques;RDF10;Natural sciences;0.6122952103614807;RDF20-21;Engineering and technology;0.3772241175174713;RDF40;Agricultural and veterinary sciences;0.0050154696218669415;RDF206;Materials engineering and resources engineering;0.9775429368019104;RDF103;Physical sciences;0.9761291742324829;RDF104;Chemical sciences;0.9582261443138123;RDF201;Civil engineering, maritime engineering, transport engineering, and mining engineering;0.9549844861030579;RDF105;Earth and related environmental sciences;0.9362850189208984
306;Mon genou pourrait aller mieux;RDF60;Humanities and the arts;0.5727097988128662;RDF30;Medical, health and life sciences;0.13139541447162628;RDF50;Social sciences;0.10978497564792633;RDF604;Arts (arts, history of arts, performing arts, music), architecture and design;0.9257686138153076;RDF603;Philosophy;0.13341522216796875;RDF605;Other humanities;0.10017222166061401;RDF507;Social and economic geography;0.08570927381515503;RDF202;Industrial, systems and processes engineering;0.06465349346399307
307;Learning sensorimotor maps through curiosity (Biological Systems and Functions);RDF10;Natural sciences;0.9149506688117981;RDF30;Medical, health and life sciences;0.06177864223718643;RDF20-21;Engineering and technology;0.014111572876572609;RDF503;Education;0.9843363761901855;RDF106;Biological sciences;0.9569571614265442;RDF501;Psychology and cognitive sciences;0.688258945941925;RDF303;Health sciences;0.12252321094274521;RDF301;Basic medicine and life sciences;0.03384403511881828
308;Improving the Quality Assurance of Machine-Learning Software Applications (Computer Science);RDF20-21;Engineering and technology;0.9966485500335693;RDF60;Humanities and the arts;0.0009088258375413716;RDF30;Medical, health and life sciences;0.0006860177381895483;RDF102;Computer and information sciences;0.9973270297050476;RDF203;Electrical engineering, computer engineering, and information engineering;0.875361442565918;RDF212;Other engineering and technologies;0.00806199200451374;RDF501;Psychology and cognitive sciences;0.00044421839993447065;RDF605;Other humanities;0.0001823546044761315
309;Mobilizing evidence into the effective treatment of sexual offenders: A feasibility study;RDF30;Medical, health and life sciences;0.7137759327888489;RDF50;Social sciences;0.21557384729385376;RDF20-21;Engineering and technology;0.05170575529336929;RDF303;Health sciences;0.8615381717681885;RDF505;Law and legal practice;0.8346765637397766;RDF302;Clinical medicine;0.6550120115280151;RDF501;Psychology and cognitive sciences;0.6260384321212769;RDF301;Basic medicine and life sciences;0.08509904891252518
310;Simulation of large scale MaaS;RDF20-21;Engineering and technology;0.9840165376663208;RDF30;Medical, health and life sciences;0.010846367105841637;RDF50;Social sciences;0.0018411542987450957;RDF102;Computer and information sciences;0.9161096215248108;RDF202;Industrial, systems and processes engineering;0.2883686423301697;RDF212;Other engineering and technologies;0.10669058561325073;RDF203;Electrical engineering, computer engineering, and information engineering;0.02909075655043125;RDF508;Media and communications;0.028870906680822372
311;PRevention of COVID-19 with high dose Oral Vitamin D supplemental Therapy in Essential healthCare Teams (PROTECT);RDF30;Medical, health and life sciences;0.9580522775650024;RDF10;Natural sciences;0.0340055376291275;RDF20-21;Engineering and technology;0.003854638896882534;RDF303;Health sciences;0.9839708805084229;RDF106;Biological sciences;0.9441768527030945;RDF302;Clinical medicine;0.914290726184845;RDF207;Medical and biomedical engineering;0.8539127707481384;RDF304;Medical biotechnology;0.41655927896499634
312;Decrypting nociceptive signaling pathways in Caenorhabditis elegans using behavioral analysis and mass spectrometry-based proteomics (Genes, Cells and Molecules);RDF30;Medical, health and life sciences;0.5852311253547668;RDF20-21;Engineering and technology;0.228732630610466;RDF10;Natural sciences;0.1590585708618164;RDF106;Biological sciences;0.9955316185951233;RDF301;Basic medicine and life sciences;0.926835298538208;RDF304;Medical biotechnology;0.4392662048339844;RDF207;Medical and biomedical engineering;0.07237401604652405;RDF211;Nano-technology;0.028652667999267578
313;Suivre les affaires et les auteurs de violence conjugale : vers une meilleure compréhension du cheminement pénal et de la récidive (Law and criminology);RDF50;Social sciences;0.8134109377861023;RDF10;Natural sciences;0.0632154643535614;RDF60;Humanities and the arts;0.04277372360229492;RDF505;Law and legal practice;0.08210662007331848;RDF506;Political science and policy administration;0.013121271505951881;RDF509;Other social sciences;0.005819960031658411;RDF504;Sociology and related studies;0.0025114635936915874;RDF507;Social and economic geography;0.0023596605751663446
314;Dissection of non-canonical DNA damage response mechanisms controlling the senescence program (Genes, Cells and Molecules);RDF20-21;Engineering and technology;0.778803825378418;RDF30;Medical, health and life sciences;0.15729920566082;RDF10;Natural sciences;0.05554170534014702;RDF106;Biological sciences;0.9900636076927185;RDF301;Basic medicine and life sciences;0.3858373761177063;RDF304;Medical biotechnology;0.2952299118041992;RDF207;Medical and biomedical engineering;0.07369627058506012;RDF305;Other medical sciences;0.038178276270627975
315;Comment habiter le territoire québécois de façon sobre et résiliente dans un contexte de transition écologique?;RDF50;Social sciences;0.4944095313549042;RDF20-21;Engineering and technology;0.3465043902397156;RDF10;Natural sciences;0.12330886721611023;RDF502;Economics and business administration;0.9473810195922852;RDF506;Political science and policy administration;0.8966140151023865;RDF507;Social and economic geography;0.891433596611023;RDF208;Environmental engineering and related engineering;0.8807970881462097;RDF105;Earth and related environmental sciences;0.6645402908325195
316;Deafness Induced Brain Reorganization: a research program to examine how deafness modifies cortical functions and affects compensatory vision and auditory performance following cochlear implantation (Behavioural Sciences – Behavioural Studies, Neuroscience and Cognition);RDF30;Medical, health and life sciences;0.9887661933898926;RDF10;Natural sciences;0.0052702771499753;RDF20-21;Engineering and technology;0.002777240937575698;RDF501;Psychology and cognitive sciences;0.4079228937625885;RDF303;Health sciences;0.1063188686966896;RDF106;Biological sciences;0.04054073989391327;RDF301;Basic medicine and life sciences;0.017309095710515976;RDF503;Education;0.01542455144226551
317;Multiscale modeling of multiphase flows in chemical engineering processes (Materials and Chemical Engineering);RDF20-21;Engineering and technology;0.9922462105751038;RDF10;Natural sciences;0.004667371977120638;RDF30;Medical, health and life sciences;0.0008907835581339896;RDF205;Chemical engineering;0.9778833985328674;RDF104;Chemical sciences;0.968856155872345;RDF202;Industrial, systems and processes engineering;0.2782568037509918;RDF101;Mathematics and statistics;0.027376489713788033;RDF206;Materials engineering and resources engineering;0.008985428139567375
318;Soutien à la mobilisation des milieux scolaires pour la mise en oeuvre de mesures intégrées et structurées favorisant la socialisation des élèves, leur bien-être psychologique, ainsi que la prévention de la violence;RDF50;Social sciences;0.5764150023460388;RDF60;Humanities and the arts;0.17105482518672943;RDF20-21;Engineering and technology;0.12320616841316223;RDF503;Education;0.9704646468162537;RDF211;Nano-technology;0.13753245770931244;RDF504;Sociology and related studies;0.1155608668923378;RDF103;Physical sciences;0.08694165199995041;RDF501;Psychology and cognitive sciences;0.058345843106508255
319;La Trajectoire du mouvement debussyste (1895-1923) : Style, réception, implantation institutionnelle (Fine Arts, Research-Creation);RDF60;Humanities and the arts;0.993141233921051;RDF50;Social sciences;0.0031119449995458126;RDF20-21;Engineering and technology;0.0013809171505272388;RDF604;Arts (arts, history of arts, performing arts, music), architecture and design;0.9302051067352295;RDF508;Media and communications;0.04501552879810333;RDF503;Education;0.016029147431254387;RDF507;Social and economic geography;0.008445627056062222;RDF605;Other humanities;0.007121428847312927
320;High-order Geometry, Mesh and Adaptivity for Fluid-Structure Interaction Simulations (Mechanical Engineering);RDF20-21;Engineering and technology;0.9963258504867554;RDF10;Natural sciences;0.002179454080760479;RDF30;Medical, health and life sciences;0.0004095072508789599;RDF204;Mechanical engineering;0.998351514339447;RDF101;Mathematics and statistics;0.012147169560194016;RDF103;Physical sciences;0.010489092208445072;RDF202;Industrial, systems and processes engineering;0.0008830458391457796;RDF604;Arts (arts, history of arts, performing arts, music), architecture and design;0.0007672924548387527
321;Computational analysis and modeling of ribonucleic acid structure, function, and dynamics (Genes, Cells and Molecules);RDF20-21;Engineering and technology;0.9539421796798706;RDF30;Medical, health and life sciences;0.030425788834691048;RDF10;Natural sciences;0.012584652751684189;RDF106;Biological sciences;0.9553191065788269;RDF211;Nano-technology;0.8688268065452576;RDF104;Chemical sciences;0.34764784574508667;RDF304;Medical biotechnology;0.2940122187137604;RDF210;Industrial biotechnology;0.06233103573322296
322;Stratégies d'épargne transfusionnelle et de prévention de la pénurie de produits sanguins labiles : de l'utilisation clinique appropriée à l'élargissement du pool de donneurs;RDF20-21;Engineering and technology;0.5416821241378784;RDF30;Medical, health and life sciences;0.30385616421699524;RDF40;Agricultural and veterinary sciences;0.1096203625202179;RDF207;Medical and biomedical engineering;0.9532750844955444;RDF210;Industrial biotechnology;0.873214840888977;RDF303;Health sciences;0.8688267469406128;RDF304;Medical biotechnology;0.8137570023536682;RDF106;Biological sciences;0.7911763787269592
323;Relaxation, friction interne et ondes gravitationnelles (Physics);RDF10;Natural sciences;0.9898900985717773;RDF20-21;Engineering and technology;0.006989918649196625;RDF30;Medical, health and life sciences;0.0009913812391459942;RDF103;Physical sciences;0.996570348739624;RDF603;Philosophy;0.12940272688865662;RDF107;Other natural sciences;0.010328153148293495;RDF204;Mechanical engineering;0.004133968148380518;RDF212;Other engineering and technologies;0.00130450667347759
324;Penser la citoyenneté vécue des femmes dans les pratiques participatives du care au quotidien en Amérique latine : Le cas des cuisines communautaires de la ville de Mexico (Political science and public administration);RDF50;Social sciences;0.45814087986946106;RDF30;Medical, health and life sciences;0.2376803308725357;RDF60;Humanities and the arts;0.13755883276462555;RDF506;Political science and policy administration;0.907967209815979;RDF507;Social and economic geography;0.06233103573322296;RDF503;Education;0.026759285479784012;RDF605;Other humanities;0.012336100451648235;RDF509;Other social sciences;0.0037654137704521418
325;Statistical analysis of microbiome longitudinal data with multiplex networks (Evolution and Ecology);RDF10;Natural sciences;0.6058986186981201;RDF30;Medical, health and life sciences;0.3732832968235016;RDF20-21;Engineering and technology;0.015834344550967216;RDF106;Biological sciences;0.9926542043685913;RDF303;Health sciences;0.9645892381668091;RDF301;Basic medicine and life sciences;0.826151430606842;RDF209;Environmental biotechnology;0.8210441470146179;RDF101;Mathematics and statistics;0.8158200979232788
326;Reaction mechanisms of catalytic reactions using earth-abundant metals (Chemistry);RDF10;Natural sciences;0.5166842937469482;RDF20-21;Engineering and technology;0.38097909092903137;RDF30;Medical, health and life sciences;0.02847408875823021;RDF104;Chemical sciences;0.9983255863189697;RDF205;Chemical engineering;0.00955939944833517;RDF107;Other natural sciences;0.0015247863484546542;RDF206;Materials engineering and resources engineering;0.0014103584690019488;RDF101;Mathematics and statistics;0.0005976693937554955
327;Investigation of a novel tumor suppressor mechanism in medulloblastoma;RDF30;Medical, health and life sciences;0.9702973365783691;RDF20-21;Engineering and technology;0.016825828701257706;RDF10;Natural sciences;0.010779029689729214;RDF106;Biological sciences;0.9956005811691284;RDF304;Medical biotechnology;0.9849274158477783;RDF303;Health sciences;0.9839708209037781;RDF207;Medical and biomedical engineering;0.9807288646697998;RDF302;Clinical medicine;0.9637799263000488
328;Autonomous security for complex systems (Computer Science);RDF20-21;Engineering and technology;0.9977949261665344;RDF60;Humanities and the arts;0.0006451952503994107;RDF10;Natural sciences;0.0005184289766475558;RDF102;Computer and information sciences;0.9968763589859009;RDF203;Electrical engineering, computer engineering, and information engineering;0.8474634885787964;RDF212;Other engineering and technologies;0.003824483370408416;RDF202;Industrial, systems and processes engineering;0.0003406293399166316;RDF604;Arts (arts, history of arts, performing arts, music), architecture and design;0.00021654405281879008
329;Résonance et altération audiovisuelles: pour une pensée sonore de la vidéo et du cinéma expérimental (Fine arts, research-creation);RDF60;Humanities and the arts;0.9384709596633911;RDF20-21;Engineering and technology;0.04973714053630829;RDF10;Natural sciences;0.004345982801169157;RDF508;Media and communications;0.9821512699127197;RDF604;Arts (arts, history of arts, performing arts, music), architecture and design;0.30673468112945557;RDF103;Physical sciences;0.19436781108379364;RDF212;Other engineering and technologies;0.023153411224484444;RDF605;Other humanities;0.02280263788998127
330;Concentration of measure on quantum states (Computer Science);RDF20-21;Engineering and technology;0.9965812563896179;RDF10;Natural sciences;0.001545860432088375;RDF60;Humanities and the arts;0.000614900782238692;RDF102;Computer and information sciences;0.9959927201271057;RDF101;Mathematics and statistics;0.9507779479026794;RDF203;Electrical engineering, computer engineering, and information engineering;0.3319854736328125;RDF212;Other engineering and technologies;0.0031726830638945103;RDF211;Nano-technology;0.0009697520290501416
331;The use of facial information from developmental prosopagnosics to super-recognizers (Biological Systems and Functions);RDF30;Medical, health and life sciences;0.5678877830505371;RDF20-21;Engineering and technology;0.38425213098526;RDF10;Natural sciences;0.03687555715441704;RDF106;Biological sciences;0.9875683188438416;RDF501;Psychology and cognitive sciences;0.9319595694541931;RDF207;Medical and biomedical engineering;0.8250265717506409;RDF304;Medical biotechnology;0.19744445383548737;RDF301;Basic medicine and life sciences;0.12210386991500854
332;Raman spectroscopy platform integrating highly sensitive photonic devices, nanostructured surfaces and machine learning for on-site detection of multiple diseases;RDF20-21;Engineering and technology;0.5894378423690796;RDF30;Medical, health and life sciences;0.2850334942340851;RDF10;Natural sciences;0.11975155770778656;RDF301;Basic medicine and life sciences;0.9304583072662354;RDF207;Medical and biomedical engineering;0.9252299070358276;RDF303;Health sciences;0.9202179908752441;RDF106;Biological sciences;0.8856315016746521;RDF103;Physical sciences;0.8507168889045715
333;Capillary stalling and hypoxic micropockets: two sides of the same phenomena? (Cardiovascular System – Vascular System);RDF30;Medical, health and life sciences;0.7822195291519165;RDF20-21;Engineering and technology;0.16268615424633026;RDF10;Natural sciences;0.05406896770000458;RDF303;Health sciences;0.997368335723877;RDF207;Medical and biomedical engineering;0.9891815185546875;RDF106;Biological sciences;0.9782188534736633;RDF301;Basic medicine and life sciences;0.902609646320343;RDF302;Clinical medicine;0.6941990256309509
334;Crime sans châtiment : compétences et réussite criminelle (Law and criminology);RDF50;Social sciences;0.9739657640457153;RDF60;Humanities and the arts;0.007040566764771938;RDF20-21;Engineering and technology;0.007040566764771938;RDF505;Law and legal practice;0.029535340145230293;RDF509;Other social sciences;0.00857748556882143;RDF504;Sociology and related studies;0.007460643537342548;RDF605;Other humanities;0.003884476376697421;RDF503;Education;0.0015247863484546542
335;Crop rhizosphere response to environmental stress (Biological Systems and Functions);RDF10;Natural sciences;0.7324560880661011;RDF40;Agricultural and veterinary sciences;0.23410703241825104;RDF30;Medical, health and life sciences;0.028509387746453285;RDF106;Biological sciences;0.9968273043632507;RDF404;Agricultural biotechnology and food sciences;0.9893474578857422;RDF401;Agriculture, forestry, and fisheries;0.9362850189208984;RDF301;Basic medicine and life sciences;0.8973360061645508;RDF209;Environmental biotechnology;0.7704647779464722
336;Towards remission and full recovery from obsessive-compulsive disorder: Investigating the efficacy of Inference-Based Cognitive-Behavioral Therapy when standard treatment has failed;RDF30;Medical, health and life sciences;0.9914928674697876;RDF50;Social sciences;0.003155704354867339;RDF10;Natural sciences;0.0026161707937717438;RDF303;Health sciences;0.9920620322227478;RDF501;Psychology and cognitive sciences;0.9891815185546875;RDF302;Clinical medicine;0.9693242311477661;RDF305;Other medical sciences;0.9155072569847107;RDF301;Basic medicine and life sciences;0.8384153246879578
337;Soft coral flexibility: its impact on hydrodynamic loads, feeding and a way to measure flow velocity;RDF10;Natural sciences;0.5631860494613647;RDF20-21;Engineering and technology;0.42511510848999023;RDF30;Medical, health and life sciences;0.008353432640433311;RDF106;Biological sciences;0.991938054561615;RDF107;Other natural sciences;0.949669361114502;RDF103;Physical sciences;0.9043130874633789;RDF209;Environmental biotechnology;0.5380124449729919;RDF301;Basic medicine and life sciences;0.5219584703445435
338;Sexual selection and the evolution of cognition (Evolution and Ecology);RDF10;Natural sciences;0.9903597831726074;RDF50;Social sciences;0.003628042759373784;RDF60;Humanities and the arts;0.00203514751046896;RDF106;Biological sciences;0.9369805455207825;RDF107;Other natural sciences;0.13432104885578156;RDF603;Philosophy;0.06278920918703079;RDF501;Psychology and cognitive sciences;0.006388320587575436;RDF105;Earth and related environmental sciences;0.004399413242936134
339;Characterization of lincRNA-miRNA networks (Genes, Cells and Molecules);RDF10;Natural sciences;0.3663950264453888;RDF20-21;Engineering and technology;0.3579075038433075;RDF30;Medical, health and life sciences;0.27016276121139526;RDF106;Biological sciences;0.9962345957756042;RDF301;Basic medicine and life sciences;0.842345118522644;RDF304;Medical biotechnology;0.29370826482772827;RDF104;Chemical sciences;0.10970577597618103;RDF207;Medical and biomedical engineering;0.08359067142009735
340;Rétroaction corrective écrite : à quel moment et pour qui? (Education and social work);RDF50;Social sciences;0.5814944505691528;RDF60;Humanities and the arts;0.30049923062324524;RDF10;Natural sciences;0.036740608513355255;RDF503;Education;0.9462003707885742;RDF605;Other humanities;0.03704717010259628;RDF504;Sociology and related studies;0.034100424498319626;RDF508;Media and communications;0.023509453982114792;RDF509;Other social sciences;0.014615669846534729
341;EDITH: Efficient Design for Intelligent devices exploiting emerging TecHnologies (Electrical and Computer Engineering);RDF20-21;Engineering and technology;0.9974873661994934;RDF10;Natural sciences;0.0006449964130297303;RDF60;Humanities and the arts;0.000534720835275948;RDF102;Computer and information sciences;0.9811668992042542;RDF604;Arts (arts, history of arts, performing arts, music), architecture and design;0.9378969073295593;RDF203;Electrical engineering, computer engineering, and information engineering;0.1865392029285431;RDF503;Education;0.018833130598068237;RDF508;Media and communications;0.00407013762742281
342;When Pain Drives you N. U. T. S.: A mixed methods approach to investigating triggers of the stress response and multidimensional pain outcomes in a sample of individuals suffering from chronic low back pain (Psychosocial, Sociocultural & Behavioural Determinants of Health);RDF30;Medical, health and life sciences;0.9775152206420898;RDF50;Social sciences;0.012895634397864342;RDF10;Natural sciences;0.003470812924206257;RDF303;Health sciences;0.9821512699127197;RDF207;Medical and biomedical engineering;0.6589389443397522;RDF501;Psychology and cognitive sciences;0.6587468385696411;RDF302;Clinical medicine;0.6071974635124207;RDF305;Other medical sciences;0.4990234673023224
343;Preclinical development of highly potent and orally bioavailable PCSK9 inhibitors for patients at high cardiovascular risk;RDF30;Medical, health and life sciences;0.9491901993751526;RDF20-21;Engineering and technology;0.027243854478001595;RDF10;Natural sciences;0.01977691799402237;RDF304;Medical biotechnology;0.9900635480880737;RDF106;Biological sciences;0.9875683784484863;RDF303;Health sciences;0.9867771863937378;RDF207;Medical and biomedical engineering;0.966156005859375;RDF104;Chemical sciences;0.9591542482376099
344;Targeting 14-3-3zeta to promote human pancreatic beta-cell proliferation (Diabetes, Obesity, Lipid & Lipoprotein Disorders);RDF30;Medical, health and life sciences;0.7766077518463135;RDF20-21;Engineering and technology;0.14033015072345734;RDF10;Natural sciences;0.08090022951364517;RDF304;Medical biotechnology;0.9948603510856628;RDF106;Biological sciences;0.9905873537063599;RDF303;Health sciences;0.984811007976532;RDF207;Medical and biomedical engineering;0.9623913764953613;RDF301;Basic medicine and life sciences;0.8962514400482178
345;Colloque scientifique annuel de l'Équipe de recherche interdisciplinaire sur les familles réfugiées et demandeuses d'asile;RDF50;Social sciences;0.6331055760383606;RDF30;Medical, health and life sciences;0.2306431084871292;RDF10;Natural sciences;0.07144990563392639;RDF303;Health sciences;0.7019174098968506;RDF507;Social and economic geography;0.19072401523590088;RDF504;Sociology and related studies;0.04603390395641327;RDF503;Education;0.043691057711839676;RDF208;Environmental engineering and related engineering;0.04054074361920357
346;Machine Learning in the Presence of Model-Dependent Data (Computer Science);RDF20-21;Engineering and technology;0.9961755871772766;RDF10;Natural sciences;0.0009519893210381269;RDF60;Humanities and the arts;0.0008667961810715497;RDF102;Computer and information sciences;0.9969246983528137;RDF203;Electrical engineering, computer engineering, and information engineering;0.6637234687805176;RDF212;Other engineering and technologies;0.005911068990826607;RDF101;Mathematics and statistics;0.0005976693355478346;RDF501;Psychology and cognitive sciences;0.0004305570910219103
347;Sustainable mobility in Canadian cities: Towards an integrated measurement and understanding of the performance of land use and transport systems and their impacts on travel behavior (Civil, Industrial and Systems Engineering);RDF20-21;Engineering and technology;0.9837027788162231;RDF50;Social sciences;0.006732515525072813;RDF10;Natural sciences;0.005758625455200672;RDF103;Physical sciences;0.16913124918937683;RDF201;Civil engineering, maritime engineering, transport engineering, and mining engineering;0.023689473047852516;RDF101;Mathematics and statistics;0.002844909904524684;RDF105;Earth and related environmental sciences;0.0020829709246754646;RDF212;Other engineering and technologies;0.0017546144081279635
348;L'enseignement de l'écriture par les enseignants de littérature et de philosophie du collégial (Education and social work);RDF60;Humanities and the arts;0.45180732011795044;RDF50;Social sciences;0.28606659173965454;RDF20-21;Engineering and technology;0.2142539769411087;RDF503;Education;0.9915544390678406;RDF602;Languages and literature;0.9049869775772095;RDF605;Other humanities;0.0333368219435215;RDF603;Philosophy;0.022977370768785477;RDF507;Social and economic geography;0.014957086183130741
349;Investigating the metabolic determinants of triple-negative breast cancer progression through chromatin dependencies (Cancer Progression & Therapeutics);RDF30;Medical, health and life sciences;0.9812936186790466;RDF10;Natural sciences;0.010816353373229504;RDF20-21;Engineering and technology;0.0060202074237167835;RDF106;Biological sciences;0.9859364032745361;RDF303;Health sciences;0.9815950989723206;RDF304;Medical biotechnology;0.9597620964050293;RDF207;Medical and biomedical engineering;0.9449947476387024;RDF302;Clinical medicine;0.8050197958946228
350;Modélisation et mesure des risques financiers (Mathematics and Statistics);RDF20-21;Engineering and technology;0.42928552627563477;RDF50;Social sciences;0.36718735098838806;RDF10;Natural sciences;0.07007893919944763;RDF101;Mathematics and statistics;0.9951702356338501;RDF502;Economics and business administration;0.022116590291261673;RDF212;Other engineering and technologies;0.0009399438858963549;RDF206;Materials engineering and resources engineering;0.000552778597921133;RDF503;Education;0.0004802972252946347
351;Ecological and evolutionary drivers of host-symbiont associations in the phyllosphere (Evolution and Ecology);RDF10;Natural sciences;0.9820248484611511;RDF30;Medical, health and life sciences;0.005234344396740198;RDF40;Agricultural and veterinary sciences;0.004917211830615997;RDF106;Biological sciences;0.9839708209037781;RDF105;Earth and related environmental sciences;0.9289262890815735;RDF209;Environmental biotechnology;0.41816219687461853;RDF208;Environmental engineering and related engineering;0.26894140243530273;RDF107;Other natural sciences;0.11757213622331619
352;Comment nourrir en santé toujours plus d'humains sans épuiser les ressources terrestres dans un contexte de changements climatiques ?;RDF30;Medical, health and life sciences;0.5991158485412598;RDF10;Natural sciences;0.3108172118663788;RDF50;Social sciences;0.027802959084510803;RDF208;Environmental engineering and related engineering;0.9661559462547302;RDF303;Health sciences;0.9648551344871521;RDF105;Earth and related environmental sciences;0.9594593048095703;RDF206;Materials engineering and resources engineering;0.8013145923614502;RDF301;Basic medicine and life sciences;0.7187918424606323
353;Applications of machine learning in finance and economics;RDF20-21;Engineering and technology;0.834473192691803;RDF50;Social sciences;0.15941758453845978;RDF10;Natural sciences;0.0026559452526271343;RDF502;Economics and business administration;0.9362850189208984;RDF102;Computer and information sciences;0.9145963191986084;RDF212;Other engineering and technologies;0.11516223102807999;RDF203;Electrical engineering, computer engineering, and information engineering;0.01374232117086649;RDF509;Other social sciences;0.004905405454337597
354;Dynamic Games: Theory, Algorithms and Applications (Civil, Industrial and Systems Engineering);RDF20-21;Engineering and technology;0.9876258969306946;RDF50;Social sciences;0.007540616672486067;RDF10;Natural sciences;0.0023359740152955055;RDF102;Computer and information sciences;0.26664361357688904;RDF503;Education;0.12852513790130615;RDF202;Industrial, systems and processes engineering;0.12852513790130615;RDF212;Other engineering and technologies;0.041773878037929535;RDF201;Civil engineering, maritime engineering, transport engineering, and mining engineering;0.010489091277122498
355;In-vitro Oral, Inhalation, and Dermal Bioaccessibility and Bioavailability of Metal(loid)s from Polluted Soils and Mine Tailings;RDF30;Medical, health and life sciences;0.4492865204811096;RDF20-21;Engineering and technology;0.30878978967666626;RDF10;Natural sciences;0.24048572778701782;RDF106;Biological sciences;0.9835969805717468;RDF209;Environmental biotechnology;0.9763105511665344;RDF104;Chemical sciences;0.9752018451690674;RDF304;Medical biotechnology;0.9717790484428406;RDF207;Medical and biomedical engineering;0.9489172697067261
356;Electrochemical biosensors for point-of-care diagnostics (Materials and Chemical Engineering);RDF20-21;Engineering and technology;0.6885932683944702;RDF30;Medical, health and life sciences;0.3055613934993744;RDF10;Natural sciences;0.003968549892306328;RDF210;Industrial biotechnology;0.9427180886268616;RDF304;Medical biotechnology;0.9412234425544739;RDF303;Health sciences;0.9170058369636536;RDF301;Basic medicine and life sciences;0.8418256640434265;RDF302;Clinical medicine;0.8300437331199646
357;Look Up!: The Media Logics of Aerial Communication (Communications, media studies, gender studies, library and information science, related fields);RDF20-21;Engineering and technology;0.5184945464134216;RDF50;Social sciences;0.22829005122184753;RDF60;Humanities and the arts;0.14064542949199677;RDF508;Media and communications;0.9967775344848633;RDF503;Education;0.07316471636295319;RDF605;Other humanities;0.01640303246676922;RDF509;Other social sciences;0.004198795184493065;RDF212;Other engineering and technologies;0.0032224843744188547
358;Expectation Formation, Excess Currency Returns, and Foreign Exchange Interventions;RDF50;Social sciences;0.7775574922561646;RDF10;Natural sciences;0.11924231052398682;RDF20-21;Engineering and technology;0.03470149263739586;RDF502;Economics and business administration;0.9840936064720154;RDF101;Mathematics and statistics;0.9178934097290039;RDF501;Psychology and cognitive sciences;0.015424552373588085;RDF509;Other social sciences;0.004331502132117748;RDF603;Philosophy;0.0013458604225888848
359;Études génétiques et moléculaires de la fonction des Polycomb dans la formation et le maintien de la stabilité de l'hétérochromatine (Genes, Cells and Molecules);RDF20-21;Engineering and technology;0.7531876564025879;RDF10;Natural sciences;0.20192737877368927;RDF30;Medical, health and life sciences;0.03945242986083031;RDF104;Chemical sciences;0.9746286869049072;RDF106;Biological sciences;0.9600626826286316;RDF103;Physical sciences;0.9063220024108887;RDF205;Chemical engineering;0.8615381717681885;RDF301;Basic medicine and life sciences;0.6232908368110657
360;Bringing the quantum revolution to fruition (Computer Science);RDF20-21;Engineering and technology;0.9986410737037659;RDF60;Humanities and the arts;0.0004301572043914348;RDF10;Natural sciences;0.0003246996784582734;RDF102;Computer and information sciences;0.9986115097999573;RDF203;Electrical engineering, computer engineering, and information engineering;0.6686639189720154;RDF212;Other engineering and technologies;0.0060035958886146545;RDF211;Nano-technology;0.00243438221514225;RDF101;Mathematics and statistics;0.0023231625091284513
361;Apprentissage automatique et optimisation pour les graphes et réseaux (Civil, Industrial and Systems Engineering);RDF20-21;Engineering and technology;0.9984652400016785;RDF50;Social sciences;0.0005787378759123385;RDF10;Natural sciences;0.00045072153443470597;RDF202;Industrial, systems and processes engineering;0.06656918674707413;RDF102;Computer and information sciences;0.022457053884863853;RDF212;Other engineering and technologies;0.014172366820275784;RDF201;Civil engineering, maritime engineering, transport engineering, and mining engineering;0.002800926798954606;RDF103;Physical sciences;0.002757622394710779
362;Thanatographies: (re)penser la mort en littérature;RDF60;Humanities and the arts;0.7023836970329285;RDF30;Medical, health and life sciences;0.24849367141723633;RDF50;Social sciences;0.030028177425265312;RDF602;Languages and literature;0.9808759093284607;RDF601;History, archaeology and related studies;0.9746286869049072;RDF603;Philosophy;0.9549844264984131;RDF503;Education;0.8459424376487732;RDF605;Other humanities;0.21370519697666168
363;Mechanisms of assembly and function of the septin cytoskeleton in Drosophila (Genes, Cells and Molecules);RDF10;Natural sciences;0.7309203147888184;RDF20-21;Engineering and technology;0.2264285534620285;RDF30;Medical, health and life sciences;0.0395013801753521;RDF106;Biological sciences;0.990731954574585;RDF304;Medical biotechnology;0.6672561168670654;RDF301;Basic medicine and life sciences;0.6320486664772034;RDF207;Medical and biomedical engineering;0.07504072785377502;RDF107;Other natural sciences;0.034358687698841095
364;Propagating Marginal Probability Mass Functions in Constraint Programming Solvers: Challenges and Opportunities;RDF20-21;Engineering and technology;0.9893616437911987;RDF50;Social sciences;0.005273450631648302;RDF10;Natural sciences;0.0033520092256367207;RDF102;Computer and information sciences;0.9768465757369995;RDF101;Mathematics and statistics;0.6426568031311035;RDF212;Other engineering and technologies;0.30858078598976135;RDF203;Electrical engineering, computer engineering, and information engineering;0.1139734536409378;RDF206;Materials engineering and resources engineering;0.013636835850775242
365;Magnetic resonance navigation of drug eluting beads for liver cancer therapy: in-vitro optimization and preclinical safety efficacy study (Medical Physics & Imaging);RDF30;Medical, health and life sciences;0.6958463788032532;RDF20-21;Engineering and technology;0.2969507575035095;RDF10;Natural sciences;0.005744563415646553;RDF303;Health sciences;0.9429286122322083;RDF103;Physical sciences;0.8638516664505005;RDF207;Medical and biomedical engineering;0.32316645979881287;RDF211;Nano-technology;0.2186693698167801;RDF301;Basic medicine and life sciences;0.20339089632034302
366;Robotic Perception in Extreme Environments (Electrical and Computer Engineering);RDF20-21;Engineering and technology;0.998280942440033;RDF10;Natural sciences;0.0006660002400167286;RDF60;Humanities and the arts;0.0002776301989797503;RDF102;Computer and information sciences;0.9719924926757812;RDF203;Electrical engineering, computer engineering, and information engineering;0.2005576640367508;RDF103;Physical sciences;0.0017007223796099424;RDF212;Other engineering and technologies;0.0013458604225888848;RDF604;Arts (arts, history of arts, performing arts, music), architecture and design;0.0007208380266092718
367;Modular and Lifelong Learning for Developing General Purpose Robotic Agents (Computer Science);RDF20-21;Engineering and technology;0.9983211755752563;RDF50;Social sciences;0.00043001939775422215;RDF10;Natural sciences;0.0004039658233523369;RDF102;Computer and information sciences;0.9976768493652344;RDF203;Electrical engineering, computer engineering, and information engineering;0.58486407995224;RDF503;Education;0.019271139055490494;RDF212;Other engineering and technologies;0.004982269834727049;RDF202;Industrial, systems and processes engineering;0.00029137005913071334
368;Algorithmic Fairness in Black-box Machine Learning Models (Computer Science);RDF20-21;Engineering and technology;0.9975098967552185;RDF10;Natural sciences;0.0007084059761837125;RDF60;Humanities and the arts;0.000518280896358192;RDF102;Computer and information sciences;0.9980122447013855;RDF203;Electrical engineering, computer engineering, and information engineering;0.5377696752548218;RDF212;Other engineering and technologies;0.005301895085722208;RDF101;Mathematics and statistics;0.00023050671734381467;RDF604;Arts (arts, history of arts, performing arts, music), architecture and design;0.00017674514674581587
369;Sex- and hormone-dependent recruitment of inhibitory neurons in rodent sensory cortex (Genes, Cells and Molecules);RDF10;Natural sciences;0.9005529880523682;RDF30;Medical, health and life sciences;0.05824904516339302;RDF40;Agricultural and veterinary sciences;0.02362685464322567;RDF106;Biological sciences;0.9907320141792297;RDF304;Medical biotechnology;0.5708099007606506;RDF104;Chemical sciences;0.2628418207168579;RDF301;Basic medicine and life sciences;0.26020142436027527;RDF207;Medical and biomedical engineering;0.09268777817487717
370;Investigating the Adamts19-dependent mechanisms that regulate valve maturation (Developmental Biology);RDF10;Natural sciences;0.7192478179931641;RDF30;Medical, health and life sciences;0.2729956805706024;RDF20-21;Engineering and technology;0.00603126036003232;RDF106;Biological sciences;0.9941346645355225;RDF304;Medical biotechnology;0.31652769446372986;RDF207;Medical and biomedical engineering;0.12808825075626373;RDF301;Basic medicine and life sciences;0.044680867344141006;RDF303;Health sciences;0.03622005507349968
371;Social Innovation Processes in and around Multinational Companies: The Role of Social Activists and their Transnational Networks (Social Innovation);RDF50;Social sciences;0.9746281504631042;RDF20-21;Engineering and technology;0.011798749677836895;RDF60;Humanities and the arts;0.008632149547338486;RDF502;Economics and business administration;0.8864203691482544;RDF504;Sociology and related studies;0.7459539771080017;RDF508;Media and communications;0.031618766486644745;RDF605;Other humanities;0.03138042986392975;RDF501;Psychology and cognitive sciences;0.02161533199250698
372;Regulation of collective cell migration by the kinase Misshapen (Cell and Developmental Physiology);RDF30;Medical, health and life sciences;0.8821725249290466;RDF20-21;Engineering and technology;0.06242402270436287;RDF10;Natural sciences;0.044962335377931595;RDF106;Biological sciences;0.9951702356338501;RDF304;Medical biotechnology;0.6936805248260498;RDF301;Basic medicine and life sciences;0.6853706240653992;RDF303;Health sciences;0.14080816507339478;RDF207;Medical and biomedical engineering;0.016277462244033813
373;COHESION Study 2.0: COvid-19, HEalth and Social InteractiOn in Neighbourhoods;RDF30;Medical, health and life sciences;0.6651065945625305;RDF50;Social sciences;0.29861828684806824;RDF10;Natural sciences;0.01588813215494156;RDF507;Social and economic geography;0.9049869179725647;RDF504;Sociology and related studies;0.6663610935211182;RDF502;Economics and business administration;0.397236704826355;RDF208;Environmental engineering and related engineering;0.29320207238197327;RDF503;Education;0.2375759482383728
374;Breaking silos: Integrating software development and operations activities in organizations;RDF20-21;Engineering and technology;0.9972339868545532;RDF50;Social sciences;0.0013651105109602213;RDF30;Medical, health and life sciences;0.0004867451498284936;RDF102;Computer and information sciences;0.9846935868263245;RDF212;Other engineering and technologies;0.9108630418777466;RDF203;Electrical engineering, computer engineering, and information engineering;0.13568954169750214;RDF202;Industrial, systems and processes engineering;0.016657039523124695;RDF603;Philosophy;0.00255091255530715
375;Differential impact of stress on risk-taking behaviour in individuals using hippocampus versus caudate nucleus-dependent virtual navigation strategies (Biological Systems and Functions);RDF30;Medical, health and life sciences;0.897765040397644;RDF10;Natural sciences;0.07226768881082535;RDF20-21;Engineering and technology;0.01581321284174919;RDF106;Biological sciences;0.9875683188438416;RDF501;Psychology and cognitive sciences;0.9329437613487244;RDF207;Medical and biomedical engineering;0.4568943977355957;RDF303;Health sciences;0.40621405839920044;RDF304;Medical biotechnology;0.15817436575889587
376;Gas phase activation of monosaccharides and 5-hydroxymethylfurfural to 2,5 diformylfuran a PEF monomer (Materials and Chemical Engineering);RDF20-21;Engineering and technology;0.9709793329238892;RDF10;Natural sciences;0.019079560413956642;RDF30;Medical, health and life sciences;0.0035849434789270163;RDF104;Chemical sciences;0.9896718263626099;RDF205;Chemical engineering;0.9750121831893921;RDF206;Materials engineering and resources engineering;0.029535338282585144;RDF103;Physical sciences;0.015543648973107338;RDF101;Mathematics and statistics;0.0024726230185478926
377;Critical Edition, Translation and Study of Isaac ibn Latif's Commentary on Ecclesiastes (ca. 1240) (Philosophy, medieval studies, classics, religious);RDF60;Humanities and the arts;0.8170414566993713;RDF10;Natural sciences;0.0547383613884449;RDF50;Social sciences;0.04398351162672043;RDF602;Languages and literature;0.9890130758285522;RDF603;Philosophy;0.9888419508934021;RDF503;Education;0.9862576723098755;RDF605;Other humanities;0.015663648024201393;RDF601;History, archaeology and related studies;0.0002305067318957299
378;Sound Art Documentation : Spatial Audio and Significant Knowledge (Communications, media studies, gender studies, library and information science, related fields);RDF20-21;Engineering and technology;0.5399863719940186;RDF60;Humanities and the arts;0.3597084879875183;RDF50;Social sciences;0.05182092264294624;RDF508;Media and communications;0.949669361114502;RDF503;Education;0.14953136444091797;RDF605;Other humanities;0.019870713353157043;RDF212;Other engineering and technologies;0.01009131595492363;RDF206;Materials engineering and resources engineering;0.00985985528677702
379;Inter-Brain Synchronization: from Measurements to Mechanisms (Biological Systems and Functions);RDF30;Medical, health and life sciences;0.5809821486473083;RDF10;Natural sciences;0.38701754808425903;RDF20-21;Engineering and technology;0.026336874812841415;RDF106;Biological sciences;0.9899864196777344;RDF207;Medical and biomedical engineering;0.5520567893981934;RDF301;Basic medicine and life sciences;0.15052762627601624;RDF501;Psychology and cognitive sciences;0.08151975274085999;RDF304;Medical biotechnology;0.07978200912475586
380;Endothelial cell genetics and blood pressure regulation (Genetics);RDF30;Medical, health and life sciences;0.8376036882400513;RDF10;Natural sciences;0.1549411118030548;RDF20-21;Engineering and technology;0.006296034902334213;RDF106;Biological sciences;0.9871788024902344;RDF303;Health sciences;0.9801293015480042;RDF207;Medical and biomedical engineering;0.9726235270500183;RDF304;Medical biotechnology;0.9693242311477661;RDF301;Basic medicine and life sciences;0.3938511610031128
381;ImproviNg rEnal outcomes following coronary angiograPhy and/or percuTaneoUs coroNary intErventions: a pragmatic, adaptive, patient-oriented randomized controlled trial;RDF30;Medical, health and life sciences;0.9872533082962036;RDF10;Natural sciences;0.005916465073823929;RDF50;Social sciences;0.0029983187559992075;RDF303;Health sciences;0.9927672147750854;RDF302;Clinical medicine;0.9840936064720154;RDF305;Other medical sciences;0.9683812260627747;RDF207;Medical and biomedical engineering;0.9270997047424316;RDF106;Biological sciences;0.739234209060669
382;Machine Learning with Tensor Networks (Computer Science);RDF20-21;Engineering and technology;0.9972656965255737;RDF60;Humanities and the arts;0.000802532653324306;RDF10;Natural sciences;0.0006864425376988947;RDF102;Computer and information sciences;0.9984512329101562;RDF203;Electrical engineering, computer engineering, and information engineering;0.6829967498779297;RDF212;Other engineering and technologies;0.004198795184493065;RDF101;Mathematics and statistics;0.0007096704212017357;RDF501;Psychology and cognitive sciences;0.0004044814850203693
383;Elucidation of novel intracellular signaling mechanisms underlying uterine function and disease in cows (Biological Systems and Functions);RDF30;Medical, health and life sciences;0.4152677357196808;RDF10;Natural sciences;0.3336769938468933;RDF40;Agricultural and veterinary sciences;0.24412330985069275;RDF106;Biological sciences;0.9946981072425842;RDF402;Animal and dairy sciences;0.9925969839096069;RDF303;Health sciences;0.9559813141822815;RDF207;Medical and biomedical engineering;0.9529258012771606;RDF304;Medical biotechnology;0.9403530359268188
384;Data extraction from videos for the analysis of behaviors in urban scenes (Computer Science);RDF20-21;Engineering and technology;0.9970736503601074;RDF50;Social sciences;0.0008023780537769198;RDF10;Natural sciences;0.0007080961368046701;RDF102;Computer and information sciences;0.9935619235038757;RDF203;Electrical engineering, computer engineering, and information engineering;0.5562790632247925;RDF508;Media and communications;0.024053553119301796;RDF212;Other engineering and technologies;0.00898542907088995;RDF208;Environmental engineering and related engineering;0.0013458604225888848
385;Inflammatory phenotype, senescence, and viscoelasticity imaging of macrophages in HIV (Medical Physics & Imaging);RDF30;Medical, health and life sciences;0.9776411652565002;RDF20-21;Engineering and technology;0.014729173853993416;RDF10;Natural sciences;0.005997799336910248;RDF303;Health sciences;0.9750121831893921;RDF106;Biological sciences;0.9268352389335632;RDF301;Basic medicine and life sciences;0.09739039093255997;RDF207;Medical and biomedical engineering;0.0943434089422226;RDF103;Physical sciences;0.027585281059145927
386;Optimization algorithms for rich vehicle routing problems;RDF20-21;Engineering and technology;0.9934984445571899;RDF50;Social sciences;0.002009945223107934;RDF10;Natural sciences;0.001830075983889401;RDF102;Computer and information sciences;0.8832359910011292;RDF201;Civil engineering, maritime engineering, transport engineering, and mining engineering;0.6422081589698792;RDF101;Mathematics and statistics;0.39210402965545654;RDF204;Mechanical engineering;0.27904194593429565;RDF212;Other engineering and technologies;0.11318689584732056
387;Investigating the Innovation Process in Long-Term Care Facilities: A Research Project on the Adoption, Implementation and Assimilation of Health IT;RDF30;Medical, health and life sciences;0.506942629814148;RDF20-21;Engineering and technology;0.46884527802467346;RDF50;Social sciences;0.01707768812775612;RDF303;Health sciences;0.8984106183052063;RDF305;Other medical sciences;0.8319637775421143;RDF212;Other engineering and technologies;0.8149381279945374;RDF301;Basic medicine and life sciences;0.8006920218467712;RDF207;Medical and biomedical engineering;0.6293190717697144
388;KBTBD4 determines key epigenetic marks that govern human hematopoietic stem cell self-renewal (Genetics);RDF30;Medical, health and life sciences;0.860642671585083;RDF10;Natural sciences;0.12544886767864227;RDF20-21;Engineering and technology;0.01218087412416935;RDF106;Biological sciences;0.994088888168335;RDF304;Medical biotechnology;0.7789857387542725;RDF303;Health sciences;0.6340336203575134;RDF301;Basic medicine and life sciences;0.4590761363506317;RDF207;Medical and biomedical engineering;0.3919294774532318
389;Representation learning and exploration of data geometries (Computer Science);RDF20-21;Engineering and technology;0.998046875;RDF60;Humanities and the arts;0.0005606969352811575;RDF10;Natural sciences;0.00045053259236738086;RDF102;Computer and information sciences;0.9968273043632507;RDF203;Electrical engineering, computer engineering, and information engineering;0.7006900310516357;RDF212;Other engineering and technologies;0.005730246659368277;RDF503;Education;0.0032730649691075087;RDF101;Mathematics and statistics;0.0016743993619456887
390;Vitamin K1 supplementation to improve cognition of patients with coronary heart disease: a randomized controlled pilot study;RDF30;Medical, health and life sciences;0.8990437388420105;RDF10;Natural sciences;0.0922025591135025;RDF50;Social sciences;0.005263029132038355;RDF303;Health sciences;0.9942697882652283;RDF302;Clinical medicine;0.9826909303665161;RDF106;Biological sciences;0.9821512699127197;RDF304;Medical biotechnology;0.7279754281044006;RDF501;Psychology and cognitive sciences;0.7217432260513306
391;Simulation of physical processes with Monte Carlo methods in the keV and MeV energy range (Physics);RDF20-21;Engineering and technology;0.7633377909660339;RDF10;Natural sciences;0.09332968294620514;RDF40;Agricultural and veterinary sciences;0.04141479358077049;RDF103;Physical sciences;0.993661105632782;RDF101;Mathematics and statistics;0.0030278346966952085;RDF212;Other engineering and technologies;0.002714985515922308;RDF202;Industrial, systems and processes engineering;0.0005442132824100554;RDF604;Arts (arts, history of arts, performing arts, music), architecture and design;0.00037409557262435555
392;Characterizing and targeting lipocalin-type prostaglandin D2 synthase in osteoarthritis (Clinical Investigation – Arthritis, Bone, Skin and Cartilage);RDF30;Medical, health and life sciences;0.879081666469574;RDF10;Natural sciences;0.11046061664819717;RDF20-21;Engineering and technology;0.00822355691343546;RDF302;Clinical medicine;0.9908743500709534;RDF303;Health sciences;0.9876639246940613;RDF106;Biological sciences;0.9872772693634033;RDF304;Medical biotechnology;0.9839708805084229;RDF207;Medical and biomedical engineering;0.9693241715431213
393;3D Bioprinting of Cardiac Tissues (Materials and Chemical Engineering);RDF20-21;Engineering and technology;0.7688305377960205;RDF30;Medical, health and life sciences;0.227265864610672;RDF10;Natural sciences;0.0031915144063532352;RDF304;Medical biotechnology;0.9603611826896667;RDF210;Industrial biotechnology;0.8362873196601868;RDF103;Physical sciences;0.814643383026123;RDF303;Health sciences;0.5696132779121399;RDF104;Chemical sciences;0.1772405058145523
394;Fiscal Policy Spillovers and Inter-Sectoral Linkages: Theory and Evidence;RDF50;Social sciences;0.9911392331123352;RDF10;Natural sciences;0.0031300298869609833;RDF60;Humanities and the arts;0.0016753842355683446;RDF502;Economics and business administration;0.9950563311576843;RDF506;Political science and policy administration;0.9460011720657349;RDF509;Other social sciences;0.12126889079809189;RDF201;Civil engineering, maritime engineering, transport engineering, and mining engineering;0.00806199200451374;RDF202;Industrial, systems and processes engineering;0.004905405454337597
395;Advanced Distributed Decision-making framework for Smart grid aggregators (Electrical and Computer Engineering);RDF20-21;Engineering and technology;0.9974819421768188;RDF10;Natural sciences;0.0008679328020662069;RDF50;Social sciences;0.0005182663444429636;RDF102;Computer and information sciences;0.9235923290252686;RDF203;Electrical engineering, computer engineering, and information engineering;0.5224458575248718;RDF202;Industrial, systems and processes engineering;0.0024726232513785362;RDF212;Other engineering and technologies;0.001048469333909452;RDF103;Physical sciences;0.0009850083151832223
396;Constitutional Legacies of the Judicial Committee of the Privy Council (Law and criminology);RDF50;Social sciences;0.8520563840866089;RDF60;Humanities and the arts;0.05362566187977791;RDF10;Natural sciences;0.035722389817237854;RDF505;Law and legal practice;0.11879339814186096;RDF506;Political science and policy administration;0.0023596608079969883;RDF509;Other social sciences;0.0015731120947748423;RDF601;History, archaeology and related studies;0.0013885231455788016;RDF605;Other humanities;0.0008040859829634428
397;Developing frameworks for climate positive design: Case Study of extraction and processing industries in Nova Scotia and Quebec (Geography, urban planning and related fields);RDF20-21;Engineering and technology;0.418414443731308;RDF10;Natural sciences;0.3085194528102875;RDF50;Social sciences;0.202332004904747;RDF105;Earth and related environmental sciences;0.1555909812450409;RDF401;Agriculture, forestry, and fisheries;0.13892841339111328;RDF604;Arts (arts, history of arts, performing arts, music), architecture and design;0.04603390023112297;RDF107;Other natural sciences;0.030214587226510048;RDF208;Environmental engineering and related engineering;0.028652667999267578
398;Re-Imagining Illness: The British Woman Writer's Medical Knowledge, 1660-1820 (Literature);RDF30;Medical, health and life sciences;0.7921810746192932;RDF60;Humanities and the arts;0.20029473304748535;RDF10;Natural sciences;0.004156984854489565;RDF602;Languages and literature;0.9870795011520386;RDF303;Health sciences;0.9722043871879578;RDF301;Basic medicine and life sciences;0.668555736541748;RDF106;Biological sciences;0.5858122110366821;RDF503;Education;0.33111974596977234
399;Regulation of thymic selection thresholds and their role in establishing T cell function (Immunology & Transplantation);RDF30;Medical, health and life sciences;0.9685690999031067;RDF20-21;Engineering and technology;0.01979035697877407;RDF10;Natural sciences;0.010428786277770996;RDF106;Biological sciences;0.9813106656074524;RDF303;Health sciences;0.970013439655304;RDF207;Medical and biomedical engineering;0.468304306268692;RDF301;Basic medicine and life sciences;0.09670578688383102;RDF302;Clinical medicine;0.03993731364607811
400;Viral Conjunctures: Pandemics and Planetary Health Narratives (Literature);RDF30;Medical, health and life sciences;0.5046096444129944;RDF60;Humanities and the arts;0.3899320960044861;RDF10;Natural sciences;0.05728299915790558;RDF105;Earth and related environmental sciences;0.9522199630737305;RDF503;Education;0.9063220024108887;RDF208;Environmental engineering and related engineering;0.7439128756523132;RDF303;Health sciences;0.701508641242981;RDF602;Languages and literature;0.6800292730331421
401;Companies and States: The Compagnie des Indes occidentales and the Reconfiguration of Authority in the French Atlantic, 1664-1674 (History);RDF50;Social sciences;0.8202751874923706;RDF60;Humanities and the arts;0.11057937145233154;RDF10;Natural sciences;0.02667851559817791;RDF601;History, archaeology and related studies;0.9963499903678894;RDF507;Social and economic geography;0.05033063143491745;RDF506;Political science and policy administration;0.046378206461668015;RDF504;Sociology and related studies;0.019271137192845345;RDF502;Economics and business administration;0.017045315355062485
402;Produits sanguins provenant de don de sang d'hommes ayant des relations sexuelles avec d'autres hommes (Étude PS-HARSAH) (Public, Community & Population Health);RDF30;Medical, health and life sciences;0.5514793992042542;RDF50;Social sciences;0.40663543343544006;RDF10;Natural sciences;0.021051662042737007;RDF303;Health sciences;0.9798226952552795;RDF106;Biological sciences;0.9711291193962097;RDF304;Medical biotechnology;0.8264318108558655;RDF504;Sociology and related studies;0.8149381279945374;RDF301;Basic medicine and life sciences;0.507323682308197
403;Manipulating cytokine pathways to increase T cell stemness during chronic antigen exposure (Immunology & Transplantation);RDF30;Medical, health and life sciences;0.9437267184257507;RDF20-21;Engineering and technology;0.051603350788354874;RDF10;Natural sciences;0.003917531110346317;RDF303;Health sciences;0.9949396848678589;RDF106;Biological sciences;0.9948603510856628;RDF304;Medical biotechnology;0.966156005859375;RDF302;Clinical medicine;0.9029524922370911;RDF207;Medical and biomedical engineering;0.896975576877594
404;Sexual dimorphism and menopause in the interaction between immune cells and neurovascular coupling (Cardiovascular System – Vascular System);RDF30;Medical, health and life sciences;0.7394065856933594;RDF10;Natural sciences;0.2281644642353058;RDF20-21;Engineering and technology;0.023583220317959785;RDF106;Biological sciences;0.9872773289680481;RDF207;Medical and biomedical engineering;0.9362850189208984;RDF304;Medical biotechnology;0.9281486868858337;RDF303;Health sciences;0.921640157699585;RDF301;Basic medicine and life sciences;0.7937461733818054
405;Novel Synthetic Methodologies Exploiting Nitrogen-Containing Molecules (Chemistry);RDF20-21;Engineering and technology;0.7039154767990112;RDF10;Natural sciences;0.2745825946331024;RDF30;Medical, health and life sciences;0.00862197857350111;RDF104;Chemical sciences;0.9986114501953125;RDF211;Nano-technology;0.1475551873445511;RDF205;Chemical engineering;0.043691061437129974;RDF206;Materials engineering and resources engineering;0.019870715215802193;RDF107;Other natural sciences;0.006003595422953367
406;Towards Systematic and Cost-Effective Monitoring of Large-Scale Software Systems (Computer Science);RDF20-21;Engineering and technology;0.9968400001525879;RDF60;Humanities and the arts;0.000952624250203371;RDF10;Natural sciences;0.0007190784672275186;RDF102;Computer and information sciences;0.9970189332962036;RDF203;Electrical engineering, computer engineering, and information engineering;0.6850019693374634;RDF212;Other engineering and technologies;0.0013670256594195962;RDF603;Philosophy;0.0006986756925471127;RDF502;Economics and business administration;0.0005442132824100554
407;From examples to knowledge to software engineering support and automation (Computer Science);RDF20-21;Engineering and technology;0.9968963265419006;RDF60;Humanities and the arts;0.000840735447127372;RDF10;Natural sciences;0.0006755499052815139;RDF102;Computer and information sciences;0.9914224743843079;RDF203;Electrical engineering, computer engineering, and information engineering;0.3663630187511444;RDF212;Other engineering and technologies;0.0029349520336836576;RDF211;Nano-technology;0.0002034269564319402;RDF202;Industrial, systems and processes engineering;0.00015843621804378927
408;B cell intrinsic mechanisms of the germinal centre reaction (Immunology & Transplantation);RDF30;Medical, health and life sciences;0.9809232950210571;RDF10;Natural sciences;0.013667992316186428;RDF20-21;Engineering and technology;0.004071938805282116;RDF106;Biological sciences;0.9933071732521057;RDF304;Medical biotechnology;0.9175985455513;RDF303;Health sciences;0.797872006893158;RDF207;Medical and biomedical engineering;0.766992449760437;RDF301;Basic medicine and life sciences;0.7158215045928955
409;Modifications of newly synthesized histones and the cellular response to DNA replication stress (Genes, Cells and Molecules);RDF20-21;Engineering and technology;0.6905020475387573;RDF30;Medical, health and life sciences;0.18730372190475464;RDF10;Natural sciences;0.10506786406040192;RDF106;Biological sciences;0.9879462122917175;RDF104;Chemical sciences;0.5457699298858643;RDF301;Basic medicine and life sciences;0.29219120740890503;RDF304;Medical biotechnology;0.19072403013706207;RDF205;Chemical engineering;0.03934250399470329
410;Innovative Compressor/Fan Technologies for Reduction of Fossil Fuel Consumption;RDF20-21;Engineering and technology;0.9844337701797485;RDF10;Natural sciences;0.011550793424248695;RDF50;Social sciences;0.0024401673581451178;RDF202;Industrial, systems and processes engineering;0.810478925704956;RDF204;Mechanical engineering;0.7635278701782227;RDF103;Physical sciences;0.7604283690452576;RDF212;Other engineering and technologies;0.3577919006347656;RDF205;Chemical engineering;0.10230470448732376
411;Exploring ancestry in Montréal's Notre-Dame Cemetery (1691-1797), using 3D morphometrics and ancient DNA (Multidisciplinary or interdisciplinary humanities);RDF60;Humanities and the arts;0.7455936074256897;RDF50;Social sciences;0.15812714397907257;RDF20-21;Engineering and technology;0.04747838154435158;RDF601;History, archaeology and related studies;0.9012274146080017;RDF503;Education;0.40662631392478943;RDF605;Other humanities;0.04535258561372757;RDF106;Biological sciences;0.020177317783236504;RDF604;Arts (arts, history of arts, performing arts, music), architecture and design;0.019568676128983498
412;Individual differences in natural scene semantics investigated with machine learning and neuroimaging (Biological Systems and Functions);RDF10;Natural sciences;0.910699188709259;RDF30;Medical, health and life sciences;0.04940987005829811;RDF20-21;Engineering and technology;0.03140682354569435;RDF106;Biological sciences;0.9543079733848572;RDF207;Medical and biomedical engineering;0.5573635101318359;RDF501;Psychology and cognitive sciences;0.4383043050765991;RDF105;Earth and related environmental sciences;0.2130495309829712;RDF208;Environmental engineering and related engineering;0.0792103260755539
413;The Climate Crisis and the Future of Work;RDF50;Social sciences;0.77815181016922;RDF10;Natural sciences;0.10398288071155548;RDF20-21;Engineering and technology;0.07373490929603577;RDF502;Economics and business administration;0.8947895169258118;RDF208;Environmental engineering and related engineering;0.1841798573732376;RDF605;Other humanities;0.09773432463407516;RDF509;Other social sciences;0.05964694544672966;RDF603;Philosophy;0.04208773002028465
414;Grid Transition: New Generation Methodologies and Tools for Reliable Protection;RDF20-21;Engineering and technology;0.9727596044540405;RDF50;Social sciences;0.01972130499780178;RDF10;Natural sciences;0.003194360760971904;RDF102;Computer and information sciences;0.9695556163787842;RDF212;Other engineering and technologies;0.8362873196601868;RDF203;Electrical engineering, computer engineering, and information engineering;0.5382551550865173;RDF208;Environmental engineering and related engineering;0.07107366621494293;RDF202;Industrial, systems and processes engineering;0.06418264657258987
415;Art-thérapie et réadaptation: une perspective transdisciplinaire;RDF60;Humanities and the arts;0.9048434495925903;RDF20-21;Engineering and technology;0.050650518387556076;RDF30;Medical, health and life sciences;0.026483235880732536;RDF604;Arts (arts, history of arts, performing arts, music), architecture and design;0.7843190431594849;RDF212;Other engineering and technologies;0.6886777877807617;RDF503;Education;0.6135839223861694;RDF508;Media and communications;0.04501553252339363;RDF605;Other humanities;0.034618839621543884
416;Optimization and game dynamics in machine learning (Computer Science);RDF20-21;Engineering and technology;0.9966611266136169;RDF10;Natural sciences;0.0008808752754703164;RDF60;Humanities and the arts;0.0007773697143420577;RDF102;Computer and information sciences;0.9969722032546997;RDF203;Electrical engineering, computer engineering, and information engineering;0.5024413466453552;RDF212;Other engineering and technologies;0.005139611195772886;RDF101;Mathematics and statistics;0.0018386654555797577;RDF604;Arts (arts, history of arts, performing arts, music), architecture and design;0.0007096703629940748
417;Développement et validation d'un outil sur le climat de genre tel que perçu par les élèves des écoles secondaires (Education and social work);RDF20-21;Engineering and technology;0.8461520671844482;RDF50;Social sciences;0.08918377012014389;RDF10;Natural sciences;0.034115832298994064;RDF503;Education;0.9651191234588623;RDF208;Environmental engineering and related engineering;0.9396923780441284;RDF103;Physical sciences;0.7144412994384766;RDF507;Social and economic geography;0.15052762627601624;RDF209;Environmental biotechnology;0.11516223102807999
418;CMV Dynamics and Transmission in Pregnancy: Comparison Between Women Living with and without HIV (Clinical Investigation – Reproduction, Maternal, Child and Youth Health);RDF30;Medical, health and life sciences;0.9925220608711243;RDF10;Natural sciences;0.0052902959287166595;RDF50;Social sciences;0.001588434912264347;RDF303;Health sciences;0.991554319858551;RDF106;Biological sciences;0.9899086952209473;RDF302;Clinical medicine;0.9888420104980469;RDF304;Medical biotechnology;0.879974365234375;RDF207;Medical and biomedical engineering;0.135232076048851
419;Solidarité et entraide dans le contexte de l'autisme et du vieillissement;RDF10;Natural sciences;0.8102562427520752;RDF50;Social sciences;0.06970176100730896;RDF60;Humanities and the arts;0.058924492448568344;RDF106;Biological sciences;0.7742421627044678;RDF103;Physical sciences;0.7690802216529846;RDF604;Arts (arts, history of arts, performing arts, music), architecture and design;0.3921912908554077;RDF208;Environmental engineering and related engineering;0.3263787627220154;RDF107;Other natural sciences;0.25945019721984863
420;Children with sexual behaviour problems: Do specialized services influence their trajectory within child protection services? (Psychology);RDF30;Medical, health and life sciences;0.9884097576141357;RDF50;Social sciences;0.006159356329590082;RDF60;Humanities and the arts;0.0019080797210335732;RDF501;Psychology and cognitive sciences;0.9362850189208984;RDF303;Health sciences;0.016029147431254387;RDF503;Education;0.002889581024646759;RDF505;Law and legal practice;0.0025509127881377935;RDF301;Basic medicine and life sciences;0.0024726232513785362
421;Évaluer les pratiques préventives du Centre de prévention et d'intervention pour victimes d'agression sexuelle (CPIVAS) : projet pilote pour le programme de prévention « Clique sur toi! -- primaire »;RDF30;Medical, health and life sciences;0.47654563188552856;RDF50;Social sciences;0.4044390022754669;RDF20-21;Engineering and technology;0.08919117599725723;RDF208;Environmental engineering and related engineering;0.9304582476615906;RDF303;Health sciences;0.9249592423439026;RDF506;Political science and policy administration;0.7065955400466919;RDF504;Sociology and related studies;0.6826266646385193;RDF207;Medical and biomedical engineering;0.17497345805168152
422;Understanding what they want and what works: social support and well-being among men experiencing cancer (Multidisciplinary or interdisciplinary social sciences);RDF50;Social sciences;0.7269405722618103;RDF30;Medical, health and life sciences;0.27163785696029663;RDF10;Natural sciences;0.0007511459989473224;RDF504;Sociology and related studies;0.31784960627555847;RDF303;Health sciences;0.05623634532094002;RDF509;Other social sciences;0.01578456163406372;RDF301;Basic medicine and life sciences;0.01243165135383606;RDF207;Medical and biomedical engineering;0.006797531619668007
423;The Burden of Harsh Parenting on Socioemotional and Behavioral Problems: the Role of Chronic Cortisol secretion in the Preschool Years (Social & Developmental Aspects of Children's & Youth's Health);RDF30;Medical, health and life sciences;0.8222843408584595;RDF50;Social sciences;0.16968797147274017;RDF10;Natural sciences;0.004739047959446907;RDF303;Health sciences;0.9730364680290222;RDF501;Psychology and cognitive sciences;0.7567172646522522;RDF504;Sociology and related studies;0.06187598034739494;RDF301;Basic medicine and life sciences;0.05184546113014221;RDF106;Biological sciences;0.04672495648264885
424;From amusia to dyslexia: the role of feedback (Biological Systems and Functions);RDF30;Medical, health and life sciences;0.7710164189338684;RDF10;Natural sciences;0.14593465626239777;RDF20-21;Engineering and technology;0.04700934514403343;RDF501;Psychology and cognitive sciences;0.8679338693618774;RDF106;Biological sciences;0.8397339582443237;RDF207;Medical and biomedical engineering;0.13161905109882355;RDF301;Basic medicine and life sciences;0.09773432463407516;RDF503;Education;0.07055959850549698
425;Raconter-Cartographier. La scénarisation transmédiale (Fine Arts, Research-Creation);RDF60;Humanities and the arts;0.8746293187141418;RDF20-21;Engineering and technology;0.10405232757329941;RDF50;Social sciences;0.007391736377030611;RDF604;Arts (arts, history of arts, performing arts, music), architecture and design;0.845432698726654;RDF508;Media and communications;0.798501193523407;RDF503;Education;0.07978201657533646;RDF212;Other engineering and technologies;0.030444348230957985;RDF605;Other humanities;0.012722708284854889
426;Stratégies d'actions de communication innovantes visant une sensibilisation résiliente de la population face aux risques liés aux inondations;RDF20-21;Engineering and technology;0.6654543280601501;RDF50;Social sciences;0.28122133016586304;RDF30;Medical, health and life sciences;0.018296686932444572;RDF508;Media and communications;0.9917484521865845;RDF504;Sociology and related studies;0.48901546001434326;RDF212;Other engineering and technologies;0.3908826410770416;RDF208;Environmental engineering and related engineering;0.27396270632743835;RDF509;Other social sciences;0.10194652527570724
427;Chez soi jusqu'à la fin? Entre désirs et possibilités de mourir à domicile (Sociology, demography and related fields);RDF50;Social sciences;0.9857355356216431;RDF60;Humanities and the arts;0.005770525429397821;RDF30;Medical, health and life sciences;0.0031373801175504923;RDF504;Sociology and related studies;0.9817357063293457;RDF507;Social and economic geography;0.9207897186279297;RDF509;Other social sciences;0.6294757127761841;RDF605;Other humanities;0.21866938471794128;RDF601;History, archaeology and related studies;0.011244560591876507
428;A combined in vivo/ex vivo experimental platform for the thorough 3D investigation of bone fatigue related microdamage (Mechanical Engineering);RDF20-21;Engineering and technology;0.9859287738800049;RDF30;Medical, health and life sciences;0.010615701787173748;RDF10;Natural sciences;0.0021906739566475153;RDF204;Mechanical engineering;0.9968762993812561;RDF103;Physical sciences;0.02161533385515213;RDF210;Industrial biotechnology;0.01484241709113121;RDF303;Health sciences;0.013636835850775242;RDF301;Basic medicine and life sciences;0.009125636890530586
429;Élaboration et mise à l'essai d'un dispositif d'accompagnement avec, par et pour des conseillers pédagogiques: soutenir le développement professionnel continu des enseignants débutants au regard de l'articulation croyances-pratiques (Education and social work);RDF20-21;Engineering and technology;0.8254817724227905;RDF60;Humanities and the arts;0.07559137046337128;RDF50;Social sciences;0.06882672756910324;RDF503;Education;0.9653810858726501;RDF604;Arts (arts, history of arts, performing arts, music), architecture and design;0.24944724142551422;RDF203;Electrical engineering, computer engineering, and information engineering;0.167763352394104;RDF212;Other engineering and technologies;0.07613246887922287;RDF508;Media and communications;0.053799644112586975
430;Environmental Footprint of Mutual Funds and Pension Plans;RDF10;Natural sciences;0.5738991498947144;RDF50;Social sciences;0.40418297052383423;RDF20-21;Engineering and technology;0.006913723424077034;RDF502;Economics and business administration;0.9883127808570862;RDF208;Environmental engineering and related engineering;0.9556514024734497;RDF507;Social and economic geography;0.801314651966095;RDF206;Materials engineering and resources engineering;0.3063195049762726;RDF105;Earth and related environmental sciences;0.18594719469547272
431;An Ecology of Wood Cultures in Canada (2003-2020): comparing constructive cultures through awarded architectural designs;RDF10;Natural sciences;0.8050834536552429;RDF20-21;Engineering and technology;0.15868522226810455;RDF60;Humanities and the arts;0.024122221395373344;RDF604;Arts (arts, history of arts, performing arts, music), architecture and design;0.9839708805084229;RDF107;Other natural sciences;0.9114953279495239;RDF206;Materials engineering and resources engineering;0.5823723077774048;RDF209;Environmental biotechnology;0.310485303401947;RDF601;History, archaeology and related studies;0.2871677279472351
432;Improving allocation and supporting clinical decision-making for deceased donor kidney offers;RDF30;Medical, health and life sciences;0.9812859892845154;RDF20-21;Engineering and technology;0.00862348172813654;RDF10;Natural sciences;0.004990888759493828;RDF303;Health sciences;0.9928786158561707;RDF302;Clinical medicine;0.989751398563385;RDF304;Medical biotechnology;0.9798226952552795;RDF207;Medical and biomedical engineering;0.9719924926757812;RDF301;Basic medicine and life sciences;0.954647421836853
433;The many facets of black hole feedback in galaxies (Physics);RDF10;Natural sciences;0.543174684047699;RDF20-21;Engineering and technology;0.29531896114349365;RDF60;Humanities and the arts;0.07124901562929153;RDF103;Physical sciences;0.9977830052375793;RDF101;Mathematics and statistics;0.029986506327986717;RDF603;Philosophy;0.0029349520336836576;RDF503;Education;0.0010649627074599266;RDF604;Arts (arts, history of arts, performing arts, music), architecture and design;0.0007793661789037287
434;Tics et syndrome de la Tourette: Bilan et Défis! Avancées des connaissances et discussion des enjeux liés à l'intervention;RDF30;Medical, health and life sciences;0.9633820652961731;RDF50;Social sciences;0.014514346607029438;RDF60;Humanities and the arts;0.009225879795849323;RDF303;Health sciences;0.9861513376235962;RDF207;Medical and biomedical engineering;0.9441769123077393;RDF501;Psychology and cognitive sciences;0.9205043315887451;RDF106;Biological sciences;0.8918110728263855;RDF508;Media and communications;0.2798285186290741
435;Targeting the SMARCD1-E2A-p53 Molecular Axis in B-Cell Lymphoma (Molecular & Cellular Biology of Cancer);RDF30;Medical, health and life sciences;0.9377460479736328;RDF20-21;Engineering and technology;0.04334799572825432;RDF10;Natural sciences;0.016517439857125282;RDF106;Biological sciences;0.9965704083442688;RDF304;Medical biotechnology;0.9820137619972229;RDF207;Medical and biomedical engineering;0.9170058965682983;RDF301;Basic medicine and life sciences;0.11357959359884262;RDF303;Health sciences;0.11201595515012741
436;The biogeochemical heterogeneity of peatlands (Geosciences);RDF10;Natural sciences;0.9563357830047607;RDF20-21;Engineering and technology;0.027772506698966026;RDF30;Medical, health and life sciences;0.005137397442013025;RDF105;Earth and related environmental sciences;0.9877587556838989;RDF208;Environmental engineering and related engineering;0.2137051671743393;RDF107;Other natural sciences;0.04240383207798004;RDF103;Physical sciences;0.0120537793263793;RDF106;Biological sciences;0.011687258258461952
437;The role of referral networks on job outcomes (Economics);RDF50;Social sciences;0.4727644920349121;RDF30;Medical, health and life sciences;0.14876195788383484;RDF20-21;Engineering and technology;0.13758231699466705;RDF502;Economics and business administration;0.9824231266975403;RDF507;Social and economic geography;0.019870715215802193;RDF509;Other social sciences;0.0021157031878829002;RDF101;Mathematics and statistics;0.0014103584690019488;RDF508;Media and communications;0.0008426423300988972
438;Investigating neuroprotective strategies in genetic models of neurodegeneration;RDF30;Medical, health and life sciences;0.9723186492919922;RDF20-21;Engineering and technology;0.013761449605226517;RDF10;Natural sciences;0.011408641934394836;RDF303;Health sciences;0.9915543794631958;RDF106;Biological sciences;0.9900636076927185;RDF305;Other medical sciences;0.9799765348434448;RDF304;Medical biotechnology;0.9757623672485352;RDF207;Medical and biomedical engineering;0.9632304906845093
439;Plant diversity and ecosystem services in wetlands (Evolution and Ecology);RDF10;Natural sciences;0.992518961429596;RDF20-21;Engineering and technology;0.0038104455452412367;RDF30;Medical, health and life sciences;0.001401784596964717;RDF106;Biological sciences;0.976669192314148;RDF208;Environmental engineering and related engineering;0.9702399373054504;RDF105;Earth and related environmental sciences;0.9700134992599487;RDF209;Environmental biotechnology;0.9609516859054565;RDF107;Other natural sciences;0.20946969091892242
440;How do pioneer factor open chromatin?;RDF20-21;Engineering and technology;0.5745058655738831;RDF30;Medical, health and life sciences;0.22019775211811066;RDF10;Natural sciences;0.1624826043844223;RDF106;Biological sciences;0.9953904747962952;RDF209;Environmental biotechnology;0.8454326391220093;RDF304;Medical biotechnology;0.7673413753509521;RDF210;Industrial biotechnology;0.33524203300476074;RDF501;Psychology and cognitive sciences;0.2065737396478653
441;Integrative physiology of ovarian follicular development and ovulation (Biological Systems and Functions);RDF10;Natural sciences;0.5866015553474426;RDF30;Medical, health and life sciences;0.4095138907432556;RDF20-21;Engineering and technology;0.0017815269529819489;RDF106;Biological sciences;0.9968273043632507;RDF303;Health sciences;0.9843363165855408;RDF207;Medical and biomedical engineering;0.9462003707885742;RDF301;Basic medicine and life sciences;0.9388007521629333;RDF304;Medical biotechnology;0.7055822014808655
442;Intracellular transport of proteins containing di-arginine endoplasmic reticulum-retention motifs (Genes, Cells and Molecules);RDF20-21;Engineering and technology;0.4922713339328766;RDF30;Medical, health and life sciences;0.47712576389312744;RDF10;Natural sciences;0.02568494714796543;RDF106;Biological sciences;0.9835969805717468;RDF301;Basic medicine and life sciences;0.8701565861701965;RDF304;Medical biotechnology;0.8365545272827148;RDF104;Chemical sciences;0.7463239431381226;RDF207;Medical and biomedical engineering;0.4598037600517273
443;Plastic Waste Upgrading by Coupling Microwave Heating with Catalytic Pyrolysis (Materials and Chemical Engineering);RDF20-21;Engineering and technology;0.9936286211013794;RDF10;Natural sciences;0.0037555641029030085;RDF30;Medical, health and life sciences;0.0008121976861730218;RDF104;Chemical sciences;0.8757870197296143;RDF205;Chemical engineering;0.7188904881477356;RDF206;Materials engineering and resources engineering;0.6147410273551941;RDF208;Environmental engineering and related engineering;0.03875619173049927;RDF103;Physical sciences;0.0194193497300148
444;Controlling Molecular Organization in Materials (Chemistry);RDF20-21;Engineering and technology;0.9855327010154724;RDF10;Natural sciences;0.010284957475960255;RDF30;Medical, health and life sciences;0.001458717044442892;RDF104;Chemical sciences;0.9980732798576355;RDF205;Chemical engineering;0.8003801107406616;RDF206;Materials engineering and resources engineering;0.38075894117355347;RDF211;Nano-technology;0.051082734018564224;RDF103;Physical sciences;0.004982269834727049
445;Développement de méthodes d'apprentissage automatique pour la détection d'anomalies à l'échelle d'un ensemble de barrages;RDF20-21;Engineering and technology;0.9226385354995728;RDF10;Natural sciences;0.03719967603683472;RDF30;Medical, health and life sciences;0.020383739843964577;RDF204;Mechanical engineering;0.8929364681243896;RDF103;Physical sciences;0.7725306153297424;RDF604;Arts (arts, history of arts, performing arts, music), architecture and design;0.5952573418617249;RDF202;Industrial, systems and processes engineering;0.5712883472442627;RDF211;Nano-technology;0.475605309009552
446;Investigation of the heterogeneity of mitochondrial dysfunction in idiopathic Parkinson's disease using induced neurons derived from patients (Molecular & Cellular Neurosciences);RDF30;Medical, health and life sciences;0.9832794070243835;RDF20-21;Engineering and technology;0.01359420083463192;RDF10;Natural sciences;0.001811251975595951;RDF304;Medical biotechnology;0.9312127232551575;RDF207;Medical and biomedical engineering;0.8824278116226196;RDF106;Biological sciences;0.86200350522995;RDF301;Basic medicine and life sciences;0.7690802216529846;RDF303;Health sciences;0.14560063183307648
447;The amyloid precursor protein intracellular domain is an effector molecule of metaplasticity - implications for the regulation of synaptic plasticity in Alzheimer disease (Molecular & Cellular Neurosciences);RDF30;Medical, health and life sciences;0.8314920663833618;RDF20-21;Engineering and technology;0.15411128103733063;RDF10;Natural sciences;0.011676715686917305;RDF304;Medical biotechnology;0.9746286869049072;RDF106;Biological sciences;0.9609516859054565;RDF301;Basic medicine and life sciences;0.9181872606277466;RDF207;Medical and biomedical engineering;0.6756575703620911;RDF209;Environmental biotechnology;0.2907794415950775
448;Regulation of neutrophil antimicrobial defense through the pleiotropic receptor FPR2/ALX (Genes, Cells and Molecules);RDF30;Medical, health and life sciences;0.6438620090484619;RDF10;Natural sciences;0.3041388690471649;RDF20-21;Engineering and technology;0.04719099774956703;RDF106;Biological sciences;0.9959298968315125;RDF303;Health sciences;0.9664104580879211;RDF304;Medical biotechnology;0.9579123258590698;RDF207;Medical and biomedical engineering;0.8459424376487732;RDF301;Basic medicine and life sciences;0.7732163667678833
449;The neural mechanisms underlying the promotion of motor learning by acute exercise (Biological Systems and Functions);RDF10;Natural sciences;0.4722200334072113;RDF30;Medical, health and life sciences;0.4676309823989868;RDF20-21;Engineering and technology;0.047958485782146454;RDF106;Biological sciences;0.9821512699127197;RDF207;Medical and biomedical engineering;0.19072403013706207;RDF304;Medical biotechnology;0.15304215252399445;RDF303;Health sciences;0.07807817310094833;RDF301;Basic medicine and life sciences;0.034618839621543884
450;Scalable, versatile surface engineering through photo-initiated chemical vapour deposition (Materials and Chemical Engineering);RDF20-21;Engineering and technology;0.9958171844482422;RDF10;Natural sciences;0.0028410926461219788;RDF30;Medical, health and life sciences;0.0005174014368094504;RDF104;Chemical sciences;0.8474634885787964;RDF205;Chemical engineering;0.20529620349407196;RDF103;Physical sciences;0.01912403665482998;RDF206;Materials engineering and resources engineering;0.01798621006309986;RDF212;Other engineering and technologies;0.0034296042285859585
451;Regulation of cytokinesis by the novel and conserved flavin-dependent monooxygenase enzymes OSGN-1/OSGIN (Cell Biology - Molecular/Fundamental);RDF10;Natural sciences;0.5198480486869812;RDF20-21;Engineering and technology;0.22888600826263428;RDF30;Medical, health and life sciences;0.22011752426624298;RDF106;Biological sciences;0.9974490404129028;RDF104;Chemical sciences;0.30239108204841614;RDF301;Basic medicine and life sciences;0.06465349346399307;RDF304;Medical biotechnology;0.05223085358738899;RDF303;Health sciences;0.0037654140032827854
452;Enabling monitoring of ultra-processed food consumption among Canadians: Development and validation of a screener (Nutrition, Food & Health);RDF30;Medical, health and life sciences;0.8654165267944336;RDF20-21;Engineering and technology;0.0691215917468071;RDF10;Natural sciences;0.04959231615066528;RDF303;Health sciences;0.9753900170326233;RDF404;Agricultural biotechnology and food sciences;0.8638516664505005;RDF106;Biological sciences;0.049958523362874985;RDF301;Basic medicine and life sciences;0.038756195455789566;RDF104;Chemical sciences;0.01971912756562233
453;Les cognitions sociales implicites et les tendances comportementales associées aux émotions hostiles (Psychology);RDF50;Social sciences;0.5093393325805664;RDF30;Medical, health and life sciences;0.2642417848110199;RDF20-21;Engineering and technology;0.08314735442399979;RDF501;Psychology and cognitive sciences;0.9863631725311279;RDF504;Sociology and related studies;0.018689308315515518;RDF509;Other social sciences;0.0032224843744188547;RDF503;Education;0.0028449096716940403;RDF605;Other humanities;0.0018675660248845816
454;Heidegger et Gadamer. Correspondance et bilan (Philosophy);RDF60;Humanities and the arts;0.4251517951488495;RDF50;Social sciences;0.15886761248111725;RDF10;Natural sciences;0.15397977828979492;RDF603;Philosophy;0.9998058676719666;RDF602;Languages and literature;0.03934250399470329;RDF503;Education;0.004755199886858463;RDF605;Other humanities;0.0020190139766782522;RDF604;Arts (arts, history of arts, performing arts, music), architecture and design;0.0006771942717023194
455;Generic AC-DC load-flow solution method with controllable AC-DC converters (Electrical and Computer Engineering);RDF20-21;Engineering and technology;0.9975606203079224;RDF10;Natural sciences;0.0009683254174888134;RDF60;Humanities and the arts;0.0003851732180919498;RDF102;Computer and information sciences;0.13028542697429657;RDF203;Electrical engineering, computer engineering, and information engineering;0.07978200912475586;RDF103;Physical sciences;0.011687258258461952;RDF202;Industrial, systems and processes engineering;0.0026730061508715153;RDF212;Other engineering and technologies;0.0010162440594285727
456;Étude sur l'apport de l'expérience de l'émotion de la tristesse vécue et exprimée par des enfants endeuillés face à la réalité du processus de deuil tel que vécu au Québec (Education and social work);RDF50;Social sciences;0.5845993161201477;RDF60;Humanities and the arts;0.25639212131500244;RDF10;Natural sciences;0.06382104009389877;RDF503;Education;0.8872045874595642;RDF507;Social and economic geography;0.07558479905128479;RDF101;Mathematics and statistics;0.030675802379846573;RDF103;Physical sciences;0.029760094359517097;RDF605;Other humanities;0.025371311232447624
457;Intelligent video surveillance to detect mobility problems of older adults at home: from fall detection to fall prevention (Electrical and Computer Engineering);RDF20-21;Engineering and technology;0.994604766368866;RDF30;Medical, health and life sciences;0.002665709936991334;RDF50;Social sciences;0.0011287325760349631;RDF102;Computer and information sciences;0.4873073995113373;RDF203;Electrical engineering, computer engineering, and information engineering;0.40945693850517273;RDF212;Other engineering and technologies;0.00806199200451374;RDF303;Health sciences;0.003027835162356496;RDF202;Industrial, systems and processes engineering;0.0027149852830916643
458;Dynamic Ultrasound Localization Pulsatility Imaging (Medical Physics & Imaging);RDF30;Medical, health and life sciences;0.7197399735450745;RDF20-21;Engineering and technology;0.2774844765663147;RDF10;Natural sciences;0.0015992183471098542;RDF303;Health sciences;0.9811668395996094;RDF207;Medical and biomedical engineering;0.6893056035041809;RDF301;Basic medicine and life sciences;0.02779562398791313;RDF103;Physical sciences;0.0194193497300148;RDF302;Clinical medicine;0.01374231930822134
459;Metabolic control of plant non-photosynthetic metabolism (Biological Systems and Functions);RDF10;Natural sciences;0.9803679585456848;RDF30;Medical, health and life sciences;0.0139841977506876;RDF20-21;Engineering and technology;0.0028410619124770164;RDF106;Biological sciences;0.9971990585327148;RDF301;Basic medicine and life sciences;0.8352149128913879;RDF107;Other natural sciences;0.032344333827495575;RDF303;Health sciences;0.02460992895066738;RDF404;Agricultural biotechnology and food sciences;0.02080449089407921
460;COLCOT-T2D : Colchicine for Primary Prevention of Cardiovascular Events in Patients with Type 2 Diabetes;RDF30;Medical, health and life sciences;0.9757025837898254;RDF20-21;Engineering and technology;0.015285547822713852;RDF10;Natural sciences;0.007746338844299316;RDF303;Health sciences;0.9902161359786987;RDF106;Biological sciences;0.9851576089859009;RDF302;Clinical medicine;0.9820137619972229;RDF304;Medical biotechnology;0.9790357351303101;RDF207;Medical and biomedical engineering;0.9284088015556335
461;Major Resource Support at the Université de Montréal for Canada's Subatomic Physics Program;RDF20-21;Engineering and technology;0.588918149471283;RDF10;Natural sciences;0.36566758155822754;RDF60;Humanities and the arts;0.016192322596907616;RDF103;Physical sciences;0.9678993225097656;RDF503;Education;0.9556513428688049;RDF206;Materials engineering and resources engineering;0.6064984202384949;RDF101;Mathematics and statistics;0.014957086183130741;RDF211;Nano-technology;0.007695646956562996
462;Plateforme d'imagerie macroscopique ultra sensible pour l'étude des neurotransmetteurs et des neuromodulateurs in vivo (Biological Systems and Functions);RDF20-21;Engineering and technology;0.6831995844841003;RDF10;Natural sciences;0.23244693875312805;RDF30;Medical, health and life sciences;0.08033151179552078;RDF106;Biological sciences;0.9709092378616333;RDF207;Medical and biomedical engineering;0.8812066316604614;RDF304;Medical biotechnology;0.8469578623771667;RDF301;Basic medicine and life sciences;0.811676025390625;RDF604;Arts (arts, history of arts, performing arts, music), architecture and design;0.1276526302099228
463;Algorithmes de calcul de dose basé sur des modèles pour des applications avancées en physique médicale (Physics);RDF20-21;Engineering and technology;0.7522855997085571;RDF10;Natural sciences;0.1370013803243637;RDF30;Medical, health and life sciences;0.10301090031862259;RDF103;Physical sciences;0.9881309270858765;RDF303;Health sciences;0.7752646803855896;RDF207;Medical and biomedical engineering;0.05460060387849808;RDF301;Basic medicine and life sciences;0.026963498443365097;RDF302;Clinical medicine;0.0204885546118021
464;Logistics and transportation (Civil, Industrial and Systems Engineering);RDF20-21;Engineering and technology;0.9972766041755676;RDF50;Social sciences;0.0006348625174723566;RDF10;Natural sciences;0.0006348625174723566;RDF202;Industrial, systems and processes engineering;0.13206616044044495;RDF201;Civil engineering, maritime engineering, transport engineering, and mining engineering;0.02112519182264805;RDF212;Other engineering and technologies;0.0022872276604175568;RDF605;Other humanities;0.00024536947603337467;RDF507;Social and economic geography;0.0002098830882459879
465;Systematic mapping of the global ARF network interactome by BioID coupled to functional studies to reveal novel biological functions (Cell Biology – Molecular/Fundamental);RDF20-21;Engineering and technology;0.5215983986854553;RDF30;Medical, health and life sciences;0.3054364323616028;RDF10;Natural sciences;0.13553659617900848;RDF106;Biological sciences;0.9950945973396301;RDF207;Medical and biomedical engineering;0.23686911165714264;RDF301;Basic medicine and life sciences;0.23581159114837646;RDF304;Medical biotechnology;0.07640768587589264;RDF210;Industrial biotechnology;0.015189048834145069
466;Measuring Partisan Conflicts on Social Media (Political science and public administration);RDF50;Social sciences;0.9903095364570618;RDF20-21;Engineering and technology;0.00495869480073452;RDF60;Humanities and the arts;0.0019418526208028197;RDF506;Political science and policy administration;0.9175984859466553;RDF508;Media and communications;0.3430115580558777;RDF509;Other social sciences;0.007577240467071533;RDF212;Other engineering and technologies;0.003649987280368805;RDF101;Mathematics and statistics;0.0018102111062034965
467;The emergence of problem clarity in teams and its influence innovation project success;RDF20-21;Engineering and technology;0.9305801391601562;RDF50;Social sciences;0.034162234514951706;RDF30;Medical, health and life sciences;0.013170713558793068;RDF501;Psychology and cognitive sciences;0.9046505689620972;RDF212;Other engineering and technologies;0.882021963596344;RDF502;Economics and business administration;0.05033063143491745;RDF203;Electrical engineering, computer engineering, and information engineering;0.04240382835268974;RDF201;Civil engineering, maritime engineering, transport engineering, and mining engineering;0.037326887249946594
468;The release of carbon and pollutants from eastern canadian watersheds in response to atmospheric deposition and climate change;RDF10;Natural sciences;0.856563925743103;RDF20-21;Engineering and technology;0.1329067349433899;RDF50;Social sciences;0.006853804923593998;RDF105;Earth and related environmental sciences;0.9914886951446533;RDF208;Environmental engineering and related engineering;0.986571729183197;RDF107;Other natural sciences;0.9381240606307983;RDF103;Physical sciences;0.896975576877594;RDF209;Environmental biotechnology;0.8349459171295166
469;Récepteur radiofréquence pour système de caractérisation d'antennes en micro-ondes et ondes millimétriques (Electrical and Computer Engineering);RDF20-21;Engineering and technology;0.997962236404419;RDF10;Natural sciences;0.0007544361869804561;RDF50;Social sciences;0.0004166392609477043;RDF211;Nano-technology;0.9795114398002625;RDF102;Computer and information sciences;0.17809657752513885;RDF203;Electrical engineering, computer engineering, and information engineering;0.06097518280148506;RDF508;Media and communications;0.029535338282585144;RDF103;Physical sciences;0.0061929901130497456
470;Advanced Simulation Tools for the Design and Operation of Circular Economy Strategies;RDF20-21;Engineering and technology;0.9642457365989685;RDF50;Social sciences;0.03136099502444267;RDF30;Medical, health and life sciences;0.001259507960639894;RDF502;Economics and business administration;0.9339146018028259;RDF102;Computer and information sciences;0.9246876835823059;RDF202;Industrial, systems and processes engineering;0.7335472702980042;RDF212;Other engineering and technologies;0.17023193836212158;RDF203;Electrical engineering, computer engineering, and information engineering;0.06187598779797554
471;Révélations daoustiennes : nouvelles perspectives sur le théâtre francophone du Québec 1895-1940 (Fine Arts, Research-Creation);RDF60;Humanities and the arts;0.9946265816688538;RDF50;Social sciences;0.001803749124519527;RDF20-21;Engineering and technology;0.0015671243891119957;RDF604;Arts (arts, history of arts, performing arts, music), architecture and design;0.7081873416900635;RDF503;Education;0.02909075655043125;RDF605;Other humanities;0.014392335899174213;RDF601;History, archaeology and related studies;0.01353214867413044;RDF508;Media and communications;0.013020491227507591
472;Dormir sans pression: un concept intégrateur pour les patients tétraplégiques et les aidants pour minimiser les plaies de pression, améliorer le sommeil et favoriser la résilience face à la lésion de la moelle épinière;RDF30;Medical, health and life sciences;0.3879137635231018;RDF10;Natural sciences;0.38189971446990967;RDF20-21;Engineering and technology;0.18467463552951813;RDF103;Physical sciences;0.9469902515411377;RDF208;Environmental engineering and related engineering;0.9441768527030945;RDF303;Health sciences;0.9199306964874268;RDF207;Medical and biomedical engineering;0.9102267622947693;RDF604;Arts (arts, history of arts, performing arts, music), architecture and design;0.9039745330810547
473;Assessment of mechanical and durability performances of NSC to self-healing FRC structural components under combined mechanical and environemental loadings (Civil, Industrial and Systems Engineering);RDF20-21;Engineering and technology;0.9964087605476379;RDF10;Natural sciences;0.0015946552157402039;RDF50;Social sciences;0.0005866409046575427;RDF103;Physical sciences;0.7826624512672424;RDF204;Mechanical engineering;0.06097518280148506;RDF201;Civil engineering, maritime engineering, transport engineering, and mining engineering;0.03934250399470329;RDF202;Industrial, systems and processes engineering;0.011687258258461952;RDF101;Mathematics and statistics;0.00628990214318037
474;eNOS regulates endothelial cell polarity and angiogenic sprouting in vascular pathologies (Cardiovascular System – Vascular System);RDF30;Medical, health and life sciences;0.9129871129989624;RDF20-21;Engineering and technology;0.04462477192282677;RDF10;Natural sciences;0.040251195430755615;RDF303;Health sciences;0.9890130758285522;RDF106;Biological sciences;0.9872772693634033;RDF304;Medical biotechnology;0.9728308320045471;RDF207;Medical and biomedical engineering;0.9585376977920532;RDF301;Basic medicine and life sciences;0.6190108060836792
475;Comparative Effectiveness of Repetitive Versus Deep Transcranial Magnetic Stimulation for Major Depression: A Randomized Controlled Trial;RDF30;Medical, health and life sciences;0.968900740146637;RDF10;Natural sciences;0.01898302137851715;RDF20-21;Engineering and technology;0.00871655996888876;RDF303;Health sciences;0.9964063763618469;RDF501;Psychology and cognitive sciences;0.9768466353416443;RDF106;Biological sciences;0.9746286869049072;RDF302;Clinical medicine;0.9715639352798462;RDF207;Medical and biomedical engineering;0.9582260847091675
476;Planning and developing Canadian intersectoral partnerships and knowledge sharing for sustainable LD risk mitigation in peri-domestic high-risk areas;RDF30;Medical, health and life sciences;0.7649766206741333;RDF50;Social sciences;0.16673533618450165;RDF10;Natural sciences;0.02721879631280899;RDF502;Economics and business administration;0.9329437613487244;RDF208;Environmental engineering and related engineering;0.8615381717681885;RDF507;Social and economic geography;0.7360212802886963;RDF506;Political science and policy administration;0.12721827626228333;RDF303;Health sciences;0.11516222357749939
477;Du réseau de neurones au circuit logique et réciproquement : le meilleur des deux mondes (Electrical and Computer Engineering);RDF20-21;Engineering and technology;0.9979312419891357;RDF10;Natural sciences;0.0006657669437117875;RDF50;Social sciences;0.00042985143954865634;RDF102;Computer and information sciences;0.9385759830474854;RDF203;Electrical engineering, computer engineering, and information engineering;0.43497124314308167;RDF503;Education;0.008985428139567375;RDF211;Nano-technology;0.002757622627541423;RDF212;Other engineering and technologies;0.0015978454612195492
478;Faire du virtuel une réalité : l'exploration de l'utilité d'agents virtuels autonomes en contexte de formation à l'évaluation des jeunes contrevenants (Psychology);RDF50;Social sciences;0.3272133767604828;RDF30;Medical, health and life sciences;0.22314013540744781;RDF20-21;Engineering and technology;0.17108747363090515;RDF501;Psychology and cognitive sciences;0.9410069584846497;RDF503;Education;0.6477425694465637;RDF604;Arts (arts, history of arts, performing arts, music), architecture and design;0.007232763804495335;RDF104;Chemical sciences;0.005139611195772886;RDF508;Media and communications;0.005139611195772886
479;Global Corporate Minimum Tax in Canada? Politics, Policy and Practice;RDF50;Social sciences;0.9851250052452087;RDF60;Humanities and the arts;0.004456354770809412;RDF10;Natural sciences;0.003260338678956032;RDF502;Economics and business administration;0.9917483925819397;RDF506;Political science and policy administration;0.9449947476387024;RDF509;Other social sciences;0.08632346987724304;RDF507;Social and economic geography;0.04336579516530037;RDF605;Other humanities;0.008187909610569477
480;Briser les silos de recherche : pour l'amélioration des interactions entre les milieux universitaire et professionnel en sciences de l'information;RDF20-21;Engineering and technology;0.9716699719429016;RDF50;Social sciences;0.01582876406610012;RDF60;Humanities and the arts;0.0064961109310388565;RDF503;Education;0.8787310719490051;RDF102;Computer and information sciences;0.7697732448577881;RDF203;Electrical engineering, computer engineering, and information engineering;0.1561048924922943;RDF507;Social and economic geography;0.04958902299404144;RDF501;Psychology and cognitive sciences;0.02909075655043125
481;Simulation numérique des écoulements multi-composants à trois phases par l'approche de Boltzmann sur réseau;RDF20-21;Engineering and technology;0.9695315957069397;RDF10;Natural sciences;0.016812549903988838;RDF50;Social sciences;0.005415759515017271;RDF102;Computer and information sciences;0.9532750844955444;RDF103;Physical sciences;0.8762112855911255;RDF101;Mathematics and statistics;0.4423956274986267;RDF204;Mechanical engineering;0.22953520715236664;RDF203;Electrical engineering, computer engineering, and information engineering;0.14223189651966095
482;Developing an initial understanding of the factors involved in psychological readiness to return to sport following a concussion (Psychology, linguistics and translation);RDF30;Medical, health and life sciences;0.918761134147644;RDF60;Humanities and the arts;0.03733387589454651;RDF50;Social sciences;0.018481610342860222;RDF303;Health sciences;0.8987665176391602;RDF501;Psychology and cognitive sciences;0.6342035531997681;RDF605;Other humanities;0.04054073989391327;RDF503;Education;0.03185885772109032;RDF305;Other medical sciences;0.029535340145230293
483;Roles for mitochondrial adaptation in fatty liver disease and associated liver cancer (Cell Biology – Disease);RDF30;Medical, health and life sciences;0.9804918169975281;RDF10;Natural sciences;0.009030018001794815;RDF20-21;Engineering and technology;0.0072558228857815266;RDF106;Biological sciences;0.9965166449546814;RDF304;Medical biotechnology;0.957912266254425;RDF207;Medical and biomedical engineering;0.8824278712272644;RDF301;Basic medicine and life sciences;0.5693738460540771;RDF303;Health sciences;0.13846179842948914
484;Lagrangian analyzes of complex and turbulent flows for advanced flow diagnostics (Mechanical Engineering);RDF20-21;Engineering and technology;0.9978550672531128;RDF10;Natural sciences;0.0010638112435117364;RDF30;Medical, health and life sciences;0.00030478701228275895;RDF204;Mechanical engineering;0.9984988570213318;RDF101;Mathematics and statistics;0.04778006672859192;RDF103;Physical sciences;0.018404889851808548;RDF212;Other engineering and technologies;0.0013045065570622683;RDF202;Industrial, systems and processes engineering;0.0011160143185406923
485;Energy and spectrum opportunistic relaying for sustainable wireless networks;RDF20-21;Engineering and technology;0.9917513728141785;RDF10;Natural sciences;0.005369434133172035;RDF50;Social sciences;0.0013576054479926825;RDF212;Other engineering and technologies;0.4407099187374115;RDF203;Electrical engineering, computer engineering, and information engineering;0.3515336215496063;RDF508;Media and communications;0.31827324628829956;RDF102;Computer and information sciences;0.2587003707885742;RDF103;Physical sciences;0.049958523362874985
486;Plasmonic optophysiology (Chemistry);RDF20-21;Engineering and technology;0.5224555730819702;RDF10;Natural sciences;0.23183824121952057;RDF30;Medical, health and life sciences;0.198301762342453;RDF104;Chemical sciences;0.9859363436698914;RDF205;Chemical engineering;0.015306354500353336;RDF211;Nano-technology;0.006797531619668007;RDF212;Other engineering and technologies;0.0060975621454417706;RDF207;Medical and biomedical engineering;0.004755199886858463
487;A statistical perspective for some challenges in data science;RDF20-21;Engineering and technology;0.9720053672790527;RDF50;Social sciences;0.014644265174865723;RDF10;Natural sciences;0.00713704526424408;RDF102;Computer and information sciences;0.9787126183509827;RDF101;Mathematics and statistics;0.9281486868858337;RDF203;Electrical engineering, computer engineering, and information engineering;0.15456733107566833;RDF212;Other engineering and technologies;0.020964240655303;RDF502;Economics and business administration;0.0014550630003213882
488;Structural and functional characterization of protein-metal interactions (Genes, Cells and Molecules);RDF20-21;Engineering and technology;0.7965309023857117;RDF30;Medical, health and life sciences;0.16959121823310852;RDF10;Natural sciences;0.030644508078694344;RDF104;Chemical sciences;0.9205043315887451;RDF106;Biological sciences;0.9114953279495239;RDF301;Basic medicine and life sciences;0.7846492528915405;RDF103;Physical sciences;0.5126925706863403;RDF304;Medical biotechnology;0.09534945338964462
489;To study the pathogenesis and its underlying mechanisms of an abnormally large Pol II pool size caused by a defective novel ARMC5-containing POLR2A-specific ubiquitin ligase;RDF30;Medical, health and life sciences;0.813981294631958;RDF10;Natural sciences;0.10030217468738556;RDF20-21;Engineering and technology;0.07002220302820206;RDF106;Biological sciences;0.987375020980835;RDF304;Medical biotechnology;0.9187722206115723;RDF301;Basic medicine and life sciences;0.8973360061645508;RDF207;Medical and biomedical engineering;0.5190337896347046;RDF305;Other medical sciences;0.35231319069862366
490;Perspectives compositionnelles sur la sémiotique musicale, à partir de l'intégration théorique et pratique de la sémiotique deleuzienne du cinéma (Fine arts, research-creation);RDF60;Humanities and the arts;0.9859243631362915;RDF20-21;Engineering and technology;0.00839767325669527;RDF10;Natural sciences;0.001844723941758275;RDF604;Arts (arts, history of arts, performing arts, music), architecture and design;0.8420854806900024;RDF508;Media and communications;0.19132769107818604;RDF605;Other humanities;0.010818448849022388;RDF503;Education;0.004198795184493065;RDF212;Other engineering and technologies;0.0027149852830916643
491;Regulation of germinal center B cell function during antibody responses (Immunology & Transplantation);RDF30;Medical, health and life sciences;0.9893730878829956;RDF20-21;Engineering and technology;0.005032020155340433;RDF10;Natural sciences;0.00465385802090168;RDF106;Biological sciences;0.9950177073478699;RDF303;Health sciences;0.9849273562431335;RDF304;Medical biotechnology;0.9489172697067261;RDF207;Medical and biomedical engineering;0.6618955731391907;RDF301;Basic medicine and life sciences;0.5472221374511719
492;Victims, Law and Justice: A Partnership approach to Transformative Justice;RDF50;Social sciences;0.9724210500717163;RDF60;Humanities and the arts;0.0180909875780344;RDF10;Natural sciences;0.003562326543033123;RDF505;Law and legal practice;0.9304582476615906;RDF605;Other humanities;0.48657551407814026;RDF509;Other social sciences;0.23899391293525696;RDF504;Sociology and related studies;0.12421300262212753;RDF603;Philosophy;0.08210663497447968
493;Dynamic scene processing in humans (Biological Systems and Functions);RDF30;Medical, health and life sciences;0.6171693205833435;RDF10;Natural sciences;0.13530956208705902;RDF20-21;Engineering and technology;0.11941027641296387;RDF501;Psychology and cognitive sciences;0.9246876835823059;RDF207;Medical and biomedical engineering;0.13072869181632996;RDF106;Biological sciences;0.08913693577051163;RDF304;Medical biotechnology;0.032344333827495575;RDF303;Health sciences;0.027376487851142883
494;Planning for mercury-related vision rehabilitation services for Grassy Narrows First Nation community;RDF30;Medical, health and life sciences;0.8986237049102783;RDF10;Natural sciences;0.08691467344760895;RDF50;Social sciences;0.008147730492055416;RDF303;Health sciences;0.9693241715431213;RDF301;Basic medicine and life sciences;0.9105454087257385;RDF208;Environmental engineering and related engineering;0.7435405850410461;RDF104;Chemical sciences;0.6372565627098083;RDF207;Medical and biomedical engineering;0.6190108060836792
495;L'intégration des PFÉ dans les stages d'actualisation et de requalification de l'Université de Montréal;RDF20-21;Engineering and technology;0.8187936544418335;RDF50;Social sciences;0.06565374881029129;RDF10;Natural sciences;0.05275426805019379;RDF503;Education;0.9704646468162537;RDF104;Chemical sciences;0.6831024885177612;RDF202;Industrial, systems and processes engineering;0.6232604384422302;RDF604;Arts (arts, history of arts, performing arts, music), architecture and design;0.6152034401893616;RDF103;Physical sciences;0.4282333552837372
496;Cartographie des sensibilités queer dans la culture audiovisuelle populaire (Communications, media studies, gender studies, library and information science, related fields);RDF60;Humanities and the arts;0.8727772235870361;RDF20-21;Engineering and technology;0.05858674645423889;RDF50;Social sciences;0.0456274040043354;RDF508;Media and communications;0.9832145571708679;RDF503;Education;0.4477017819881439;RDF605;Other humanities;0.028870906680822372;RDF206;Materials engineering and resources engineering;0.01353214867413044;RDF509;Other social sciences;0.007232763804495335
497;De l'innovation à la nouvelle conformité : les usages complexes des smart drugs (Sociology, demography and related fields);RDF50;Social sciences;0.6250776648521423;RDF30;Medical, health and life sciences;0.3589518964290619;RDF20-21;Engineering and technology;0.011183488182723522;RDF504;Sociology and related studies;0.970013439655304;RDF303;Health sciences;0.7252596616744995;RDF509;Other social sciences;0.42155182361602783;RDF507;Social and economic geography;0.14033624529838562;RDF104;Chemical sciences;0.04742587357759476
498;Favoriser la participation sociale des aînés présentant des problèmes de mobilité : partenariat pour le codéveloppement d'un service innovant offert en contexte communautaire;RDF20-21;Engineering and technology;0.7156181931495667;RDF50;Social sciences;0.24300172924995422;RDF60;Humanities and the arts;0.03168867155909538;RDF508;Media and communications;0.690767765045166;RDF504;Sociology and related studies;0.5945512652397156;RDF502;Economics and business administration;0.541893720626831;RDF102;Computer and information sciences;0.25720497965812683;RDF506;Political science and policy administration;0.11757213622331619
499;Chemosensation in Parkinson's disease: Trigeminal sensitivity as a potential marker (Behavioural Sciences);RDF30;Medical, health and life sciences;0.9968143105506897;RDF10;Natural sciences;0.001079436857253313;RDF50;Social sciences;0.000777489214669913;RDF303;Health sciences;0.244723841547966;RDF304;Medical biotechnology;0.07369627058506012;RDF501;Psychology and cognitive sciences;0.04778007045388222;RDF207;Medical and biomedical engineering;0.047074172645807266;RDF301;Basic medicine and life sciences;0.039048291742801666
500;Nuclear Factor Erythroid 2-Related Factor 2 (NRF2) and Regulation of Sodium-Glucose Co-Transporter 2 (SGLT2) Expression in Type 2 Diabetes (Diabetes, Obesity, Lipid & Lipoprotein Disorders);RDF30;Medical, health and life sciences;0.9294132590293884;RDF10;Natural sciences;0.04450008273124695;RDF20-21;Engineering and technology;0.020373620092868805;RDF106;Biological sciences;0.9878528118133545;RDF304;Medical biotechnology;0.9770225882530212;RDF303;Health sciences;0.9403530359268188;RDF207;Medical and biomedical engineering;0.9205043315887451;RDF301;Basic medicine and life sciences;0.7590468525886536
501;Identifying and functionally validating IBD genes and variants impacting intestinal epithelial barrier integrity (Genetics);RDF30;Medical, health and life sciences;0.9913953542709351;RDF10;Natural sciences;0.004380831029266119;RDF20-21;Engineering and technology;0.002308535622432828;RDF106;Biological sciences;0.9927109479904175;RDF303;Health sciences;0.9912886619567871;RDF304;Medical biotechnology;0.9149010181427002;RDF207;Medical and biomedical engineering;0.6479653120040894;RDF301;Basic medicine and life sciences;0.23022675514221191
502;Structural and functional characterization of type IV secretion system pili (Biochemistry & Molecular Biology);RDF30;Medical, health and life sciences;0.6307917833328247;RDF10;Natural sciences;0.18285518884658813;RDF20-21;Engineering and technology;0.17516455054283142;RDF106;Biological sciences;0.9961755275726318;RDF104;Chemical sciences;0.7701191902160645;RDF304;Medical biotechnology;0.3874585032463074;RDF301;Basic medicine and life sciences;0.33562299609184265;RDF303;Health sciences;0.05582314357161522
503;Targeting the extracellular adenosine pathway in pancreatic and liver cancers;RDF30;Medical, health and life sciences;0.8657136559486389;RDF20-21;Engineering and technology;0.10751352459192276;RDF10;Natural sciences;0.024462660774588585;RDF106;Biological sciences;0.9926541447639465;RDF304;Medical biotechnology;0.9902161359786987;RDF302;Clinical medicine;0.9783846735954285;RDF207;Medical and biomedical engineering;0.961243748664856;RDF303;Health sciences;0.8762112855911255
504;The impact of amyloid-induced neurodegeneration on sleep features and memory processes (Biological and Clinical Aspects of Aging);RDF30;Medical, health and life sciences;0.9763150811195374;RDF10;Natural sciences;0.010761477053165436;RDF20-21;Engineering and technology;0.010349211283028126;RDF106;Biological sciences;0.9895108342170715;RDF303;Health sciences;0.9585376977920532;RDF304;Medical biotechnology;0.9412235021591187;RDF207;Medical and biomedical engineering;0.9394705891609192;RDF301;Basic medicine and life sciences;0.9158089756965637
505;Disentangling the Kinematics of the Solar Neighborhood to Calibrate the Ages of Stars and Exoplanets (Physics);RDF10;Natural sciences;0.9291336536407471;RDF20-21;Engineering and technology;0.05387122184038162;RDF50;Social sciences;0.006535320542752743;RDF103;Physical sciences;0.9896718263626099;RDF101;Mathematics and statistics;0.07237401604652405;RDF107;Other natural sciences;0.0038244836032390594;RDF212;Other engineering and technologies;0.0015247863484546542;RDF603;Philosophy;0.0014550628839060664
506;Towards a Transcultural History and Theory of Heterophony (Fine Arts, Research-Creation);RDF60;Humanities and the arts;0.9713840484619141;RDF50;Social sciences;0.023204516619443893;RDF10;Natural sciences;0.0024457380641251802;RDF601;History, archaeology and related studies;0.9369805455207825;RDF604;Arts (arts, history of arts, performing arts, music), architecture and design;0.8378854393959045;RDF605;Other humanities;0.15765491127967834;RDF503;Education;0.04336579889059067;RDF603;Philosophy;0.031618766486644745
507;What Do Deep Learning Systems Understand? (Philosophy, medieval studies, classics, religious);RDF60;Humanities and the arts;0.7829499244689941;RDF20-21;Engineering and technology;0.2007838487625122;RDF50;Social sciences;0.006668826099485159;RDF503;Education;0.96909099817276;RDF605;Other humanities;0.8991214036941528;RDF602;Languages and literature;0.8464508056640625;RDF603;Philosophy;0.8444089889526367;RDF102;Computer and information sciences;0.12421301007270813
508;Improving endurance performance using maple syrup;RDF20-21;Engineering and technology;0.7828544974327087;RDF10;Natural sciences;0.15302826464176178;RDF30;Medical, health and life sciences;0.04850645363330841;RDF103;Physical sciences;0.9210740923881531;RDF303;Health sciences;0.89947509765625;RDF212;Other engineering and technologies;0.7126322984695435;RDF104;Chemical sciences;0.530722975730896;RDF107;Other natural sciences;0.3305792510509491
509;Multi-Omic Primate Adaptation to Local Environments (Evolution and Ecology);RDF10;Natural sciences;0.9851495623588562;RDF30;Medical, health and life sciences;0.009733815677464008;RDF20-21;Engineering and technology;0.003337738336995244;RDF106;Biological sciences;0.9853843450546265;RDF105;Earth and related environmental sciences;0.9798226952552795;RDF208;Environmental engineering and related engineering;0.9603611826896667;RDF209;Environmental biotechnology;0.9302051067352295;RDF107;Other natural sciences;0.7500038743019104
510;The Role of the State for Long-run Economic Development in Europe (Economics);RDF50;Social sciences;0.8549078106880188;RDF60;Humanities and the arts;0.05094166472554207;RDF10;Natural sciences;0.036691904067993164;RDF502;Economics and business administration;0.9840936064720154;RDF506;Political science and policy administration;0.07211220264434814;RDF507;Social and economic geography;0.05749327689409256;RDF505;Law and legal practice;0.0024726232513785362;RDF509;Other social sciences;0.0009547316585667431
511;Éditions critiques numériques et multilinguisme;RDF60;Humanities and the arts;0.30841076374053955;RDF20-21;Engineering and technology;0.25369179248809814;RDF10;Natural sciences;0.18272735178470612;RDF508;Media and communications;0.9755768775939941;RDF602;Languages and literature;0.9669140577316284;RDF503;Education;0.36408132314682007;RDF604;Arts (arts, history of arts, performing arts, music), architecture and design;0.1949802190065384;RDF605;Other humanities;0.02655657008290291
512;Metabolic control of vascular regeneration in retinopathy of prematurity (Clinical Investigation – Reproduction, Maternal, Child and Youth Health);RDF30;Medical, health and life sciences;0.9868042469024658;RDF10;Natural sciences;0.01054244115948677;RDF50;Social sciences;0.0009284132393077016;RDF302;Clinical medicine;0.9918752312660217;RDF303;Health sciences;0.9813106656074524;RDF106;Biological sciences;0.9549844264984131;RDF304;Medical biotechnology;0.7853085994720459;RDF301;Basic medicine and life sciences;0.09842541068792343
513;Mechanics and dynamics of mineral dust production within cold climates (Geosciences);RDF10;Natural sciences;0.9383189678192139;RDF20-21;Engineering and technology;0.05130765587091446;RDF30;Medical, health and life sciences;0.004553813487291336;RDF105;Earth and related environmental sciences;0.9846936464309692;RDF208;Environmental engineering and related engineering;0.6710665225982666;RDF107;Other natural sciences;0.02498779632151127;RDF206;Materials engineering and resources engineering;0.020332353189587593;RDF103;Physical sciences;0.020177317783236504
514;Biosecurity in Canadian dairy farms: Unraveling the epidemiology of bovine infectious diseases and refining diagnostic strategies to improve their detection, prevention and control (Biological Systems and Functions);RDF40;Agricultural and veterinary sciences;0.4594161808490753;RDF30;Medical, health and life sciences;0.43158158659935;RDF10;Natural sciences;0.10576361417770386;RDF303;Health sciences;0.9859363436698914;RDF106;Biological sciences;0.9848109483718872;RDF404;Agricultural biotechnology and food sciences;0.9821512699127197;RDF401;Agriculture, forestry, and fisheries;0.9746286869049072;RDF210;Industrial biotechnology;0.949669361114502
515;Mobilité urbaine et ressources langagières à Santiago du Chili (Linguistics and translation);RDF20-21;Engineering and technology;0.4904630482196808;RDF50;Social sciences;0.2554447650909424;RDF60;Humanities and the arts;0.12744612991809845;RDF602;Languages and literature;0.3101978898048401;RDF206;Materials engineering and resources engineering;0.25608712434768677;RDF605;Other humanities;0.08093670755624771;RDF503;Education;0.053403325378894806;RDF211;Nano-technology;0.02595735713839531
516;Pays perdus, terres promises : deux imaginaires du territoire de l'Antiquité à nos jours;RDF60;Humanities and the arts;0.7172083258628845;RDF50;Social sciences;0.15693554282188416;RDF10;Natural sciences;0.08109966665506363;RDF601;History, archaeology and related studies;0.9563089609146118;RDF105;Earth and related environmental sciences;0.703956663608551;RDF208;Environmental engineering and related engineering;0.27396270632743835;RDF506;Political science and policy administration;0.2520156800746918;RDF605;Other humanities;0.17838266491889954
517;Supraionic engineering of liquid electrolytes for electrochemistry and ionometallurgy;RDF20-21;Engineering and technology;0.992761492729187;RDF10;Natural sciences;0.005374902859330177;RDF30;Medical, health and life sciences;0.0011091738706454635;RDF104;Chemical sciences;0.9852713942527771;RDF103;Physical sciences;0.6848966479301453;RDF206;Materials engineering and resources engineering;0.09947021305561066;RDF205;Chemical engineering;0.04501553252339363;RDF212;Other engineering and technologies;0.03488088771700859
518;Pricing and Profitability in Non-Life Insurance;RDF30;Medical, health and life sciences;0.4722517430782318;RDF50;Social sciences;0.3677900433540344;RDF40;Agricultural and veterinary sciences;0.044617991894483566;RDF502;Economics and business administration;0.9925969839096069;RDF509;Other social sciences;0.006388321053236723;RDF101;Mathematics and statistics;0.0028009270317852497;RDF507;Social and economic geography;0.0009110512328334153;RDF605;Other humanities;0.0008830458391457796
519;Regulation of glycolysis in T cell metabolic reprogramming (Genes, Cells and Molecules);RDF10;Natural sciences;0.42884406447410583;RDF30;Medical, health and life sciences;0.3935294449329376;RDF20-21;Engineering and technology;0.17208826541900635;RDF106;Biological sciences;0.9900636076927185;RDF301;Basic medicine and life sciences;0.8596637845039368;RDF304;Medical biotechnology;0.7711548805236816;RDF104;Chemical sciences;0.47219669818878174;RDF303;Health sciences;0.11047115921974182
520;After-images and urban spaces: lesbian, gay and queer visible presence in Montreal (1950-1990) (Communications, media studies, gender studies, library and information science, related fields);RDF60;Humanities and the arts;0.7556930780410767;RDF50;Social sciences;0.1844685673713684;RDF10;Natural sciences;0.021690059453248978;RDF508;Media and communications;0.9500414729118347;RDF605;Other humanities;0.030214587226510048;RDF503;Education;0.02178117260336876;RDF509;Other social sciences;0.009412589482963085;RDF507;Social and economic geography;0.0038844766095280647
521;Heterochromatin Protein 1 (HP1) in maternal infertility and embryonic development (Genes, Cells and Molecules);RDF30;Medical, health and life sciences;0.7860903143882751;RDF10;Natural sciences;0.20829321444034576;RDF20-21;Engineering and technology;0.003998109605163336;RDF106;Biological sciences;0.9922444224357605;RDF304;Medical biotechnology;0.983596920967102;RDF303;Health sciences;0.9582260847091675;RDF207;Medical and biomedical engineering;0.939024806022644;RDF302;Clinical medicine;0.8766343593597412
522;Chronic non-cancer pain, substance use, and related harms: Towards an optimal treatment pathway for people who inject drugs in the context of the opioid crisis (Behavioural Sciences – Clinical Behavioural Sciences);RDF30;Medical, health and life sciences;0.9979442358016968;RDF10;Natural sciences;0.0007544225663878024;RDF50;Social sciences;0.0005519473925232887;RDF303;Health sciences;0.9193533658981323;RDF302;Clinical medicine;0.05184546485543251;RDF207;Medical and biomedical engineering;0.030675800517201424;RDF301;Basic medicine and life sciences;0.007460643537342548;RDF305;Other medical sciences;0.003324436955153942
523;Simulation stochastique à haute résolution spatiale pour les études des risques d'inondation en milieu urbain;RDF20-21;Engineering and technology;0.605813205242157;RDF10;Natural sciences;0.3533676862716675;RDF50;Social sciences;0.017051856964826584;RDF105;Earth and related environmental sciences;0.9759464263916016;RDF208;Environmental engineering and related engineering;0.9752017855644226;RDF101;Mathematics and statistics;0.9653812050819397;RDF103;Physical sciences;0.8629302382469177;RDF202;Industrial, systems and processes engineering;0.1175721287727356
524;Innovative mobile health treatment modality to treat sleep difficulties in healthcare workers working on atypical work schedules;RDF30;Medical, health and life sciences;0.66147381067276;RDF20-21;Engineering and technology;0.3326098918914795;RDF50;Social sciences;0.0031604687683284283;RDF303;Health sciences;0.989591658115387;RDF212;Other engineering and technologies;0.9603611826896667;RDF301;Basic medicine and life sciences;0.9477691650390625;RDF207;Medical and biomedical engineering;0.9367495179176331;RDF302;Clinical medicine;0.8914335370063782
525;Interpretable Machine Learning Approaches Applied to Omics Datasets (Genes, Cells and Molecules);RDF20-21;Engineering and technology;0.9523681402206421;RDF30;Medical, health and life sciences;0.030853930860757828;RDF10;Natural sciences;0.013166842050850391;RDF106;Biological sciences;0.9353465437889099;RDF102;Computer and information sciences;0.8077641129493713;RDF104;Chemical sciences;0.5597714185714722;RDF212;Other engineering and technologies;0.18742996454238892;RDF210;Industrial biotechnology;0.09041371941566467
526;Prevention and treatment of preeclampsia using exercise training and Angiotensin-(1-7): determining the mechanisms and clinical potential (Cardiovascular System – Heart and Circulation);RDF30;Medical, health and life sciences;0.9607763886451721;RDF10;Natural sciences;0.031050434336066246;RDF20-21;Engineering and technology;0.006945223547518253;RDF303;Health sciences;0.9892647862434387;RDF106;Biological sciences;0.9433475732803345;RDF207;Medical and biomedical engineering;0.8944211602210999;RDF302;Clinical medicine;0.8902942538261414;RDF301;Basic medicine and life sciences;0.13568954169750214
527;Connecting MRI physics and artificial intelligence to advance novel acquisition and analyses technologies for neuroimaging applications (Physics);RDF20-21;Engineering and technology;0.8891130685806274;RDF30;Medical, health and life sciences;0.06316138803958893;RDF10;Natural sciences;0.044613517820835114;RDF103;Physical sciences;0.9702399373054504;RDF305;Other medical sciences;0.046378206461668015;RDF207;Medical and biomedical engineering;0.044680871069431305;RDF212;Other engineering and technologies;0.009412589482963085;RDF303;Health sciences;0.008187909610569477
528;The Paperology Symposium;RDF20-21;Engineering and technology;0.9553476572036743;RDF60;Humanities and the arts;0.023180823773145676;RDF50;Social sciences;0.010286428034305573;RDF604;Arts (arts, history of arts, performing arts, music), architecture and design;0.9515039920806885;RDF503;Education;0.8836382031440735;RDF602;Languages and literature;0.8319637775421143;RDF508;Media and communications;0.4070976674556732;RDF212;Other engineering and technologies;0.2901756167411804
529;Mechanisms affecting follicular development and ovulation in the Bovine model;RDF30;Medical, health and life sciences;0.36956852674484253;RDF10;Natural sciences;0.3112078905105591;RDF40;Agricultural and veterinary sciences;0.23491205275058746;RDF402;Animal and dairy sciences;0.9958012104034424;RDF106;Biological sciences;0.9951702952384949;RDF303;Health sciences;0.9811668992042542;RDF304;Medical biotechnology;0.9790357947349548;RDF403;Veterinary sciences;0.9790357351303101
530;Measuring and modeling large-scale electrophysiological brain dynamics: From neural mechanisms to cognitive processes (Biological Systems and Functions);RDF30;Medical, health and life sciences;0.4429472088813782;RDF10;Natural sciences;0.4001694321632385;RDF20-21;Engineering and technology;0.15307845175266266;RDF106;Biological sciences;0.9928785562515259;RDF207;Medical and biomedical engineering;0.9788748621940613;RDF304;Medical biotechnology;0.543347954750061;RDF501;Psychology and cognitive sciences;0.1276526153087616;RDF305;Other medical sciences;0.032344333827495575
531;Apprentissage des jeunes adultes touchés par un cancer du sang : création de solutions à l'aide du co-design;RDF30;Medical, health and life sciences;0.517352819442749;RDF50;Social sciences;0.20498645305633545;RDF60;Humanities and the arts;0.12530569732189178;RDF604;Arts (arts, history of arts, performing arts, music), architecture and design;0.9543079733848572;RDF503;Education;0.6332968473434448;RDF501;Psychology and cognitive sciences;0.501708984375;RDF208;Environmental engineering and related engineering;0.18535663187503815;RDF602;Languages and literature;0.18184365332126617
532;Mentalisation parentale non verbale sous la loupe : Valeur ajoutée à la relation parent-enfant et complémentarité avec la mentalisation parentale verbale (Psychology, linguistics and translation);RDF60;Humanities and the arts;0.3485269844532013;RDF50;Social sciences;0.1924748718738556;RDF20-21;Engineering and technology;0.1836608201265335;RDF501;Psychology and cognitive sciences;0.8587185144424438;RDF503;Education;0.6401631832122803;RDF602;Languages and literature;0.04084571450948715;RDF603;Philosophy;0.01016965787857771;RDF508;Media and communications;0.0060975621454417706
533;A multifactorial and integrative approach to investigate spoken discourse in Canadian French (Mutidisciplinary or interdisciplinary social sciences);RDF50;Social sciences;0.996529757976532;RDF20-21;Engineering and technology;0.001407449133694172;RDF10;Natural sciences;0.0007772672106511891;RDF602;Languages and literature;0.21967212855815887;RDF509;Other social sciences;0.08419108390808105;RDF504;Sociology and related studies;0.043691061437129974;RDF503;Education;0.03649376705288887;RDF508;Media and communications;0.012527932412922382
534;Opening the blackbox on the relation between participation in hackathons and the development of longer-term collaborative capabilities;RDF20-21;Engineering and technology;0.9550116658210754;RDF50;Social sciences;0.02447521686553955;RDF60;Humanities and the arts;0.008392585441470146;RDF212;Other engineering and technologies;0.8962513208389282;RDF102;Computer and information sciences;0.8936811089515686;RDF604;Arts (arts, history of arts, performing arts, music), architecture and design;0.36302563548088074;RDF203;Electrical engineering, computer engineering, and information engineering;0.34488457441329956;RDF501;Psychology and cognitive sciences;0.2989005148410797
535;A multi-country comparison of COVID-19 response: Planning, implementation, and health system resilience (Canadian 2019 Novel Coronavirus (2019-nCoV) Rapid Research);RDF30;Medical, health and life sciences;0.9198848605155945;RDF50;Social sciences;0.06122353672981262;RDF10;Natural sciences;0.013019341044127941;RDF303;Health sciences;0.9925394058227539;RDF305;Other medical sciences;0.879561185836792;RDF106;Biological sciences;0.858244001865387;RDF301;Basic medicine and life sciences;0.7862948179244995;RDF207;Medical and biomedical engineering;0.726813554763794
536;Participatory Democracy and the Canadian Genetic Non-Discrimination Act (Multidisciplinary or interdisciplinary humanities);RDF60;Humanities and the arts;0.9397648572921753;RDF30;Medical, health and life sciences;0.03020869567990303;RDF50;Social sciences;0.020123329013586044;RDF503;Education;0.10484336316585541;RDF605;Other humanities;0.03963883966207504;RDF505;Law and legal practice;0.031143832951784134;RDF604;Arts (arts, history of arts, performing arts, music), architecture and design;0.019271139055490494;RDF504;Sociology and related studies;0.01578455977141857
537;Levelling the Playing Fields: Creating the conditions for free-play to emerge in cities (Public, Community & Population Health);RDF50;Social sciences;0.8592507243156433;RDF30;Medical, health and life sciences;0.09754166007041931;RDF20-21;Engineering and technology;0.021177425980567932;RDF507;Social and economic geography;0.957912266254425;RDF502;Economics and business administration;0.9273633360862732;RDF303;Health sciences;0.8158201575279236;RDF504;Sociology and related studies;0.636353075504303;RDF509;Other social sciences;0.4034493565559387
538;Using prospective and observational designs to study support processes and sexual well-being in long-term couples (Psychology);RDF30;Medical, health and life sciences;0.9851793646812439;RDF50;Social sciences;0.006742620840668678;RDF10;Natural sciences;0.003135609906166792;RDF501;Psychology and cognitive sciences;0.9726235270500183;RDF303;Health sciences;0.359813928604126;RDF207;Medical and biomedical engineering;0.017712296918034554;RDF503;Education;0.007232763804495335;RDF301;Basic medicine and life sciences;0.004007289186120033
539;Molecular dissection of mitotic kinase functions using chemogenomics (Genes, Cells and Molecules);RDF20-21;Engineering and technology;0.5944013595581055;RDF30;Medical, health and life sciences;0.33768895268440247;RDF10;Natural sciences;0.054430779069662094;RDF106;Biological sciences;0.9919379949569702;RDF304;Medical biotechnology;0.9378968477249146;RDF104;Chemical sciences;0.7262315154075623;RDF207;Medical and biomedical engineering;0.27708157896995544;RDF301;Basic medicine and life sciences;0.12940272688865662
540;Compassion and Collective Care in Long-Term Care Settings: A Communicative Perspective (Communications, media studies, gender studies, library and information science, related fields);RDF50;Social sciences;0.43971920013427734;RDF30;Medical, health and life sciences;0.3588883876800537;RDF60;Humanities and the arts;0.14164498448371887;RDF508;Media and communications;0.7214489579200745;RDF509;Other social sciences;0.03384403511881828;RDF605;Other humanities;0.016914913430809975;RDF303;Health sciences;0.008711384609341621;RDF503;Education;0.005469274707138538
541;Towards a better understanding of contaminant bioavailability- urgent replacement of photosynthetic incubators (Geosciences);RDF10;Natural sciences;0.6843722462654114;RDF20-21;Engineering and technology;0.30756834149360657;RDF30;Medical, health and life sciences;0.0027427764143794775;RDF105;Earth and related environmental sciences;0.9753900766372681;RDF208;Environmental engineering and related engineering;0.28279000520706177;RDF209;Environmental biotechnology;0.03760863468050957;RDF107;Other natural sciences;0.02178117260336876;RDF103;Physical sciences;0.005139611195772886
542;Marking Monastic Space: The Spatial Iconography of Inscribed Capitals, 1080-1160 (Fine arts, research-creation);RDF60;Humanities and the arts;0.9692475199699402;RDF20-21;Engineering and technology;0.01775238662958145;RDF50;Social sciences;0.007061411626636982;RDF604;Arts (arts, history of arts, performing arts, music), architecture and design;0.5224458575248718;RDF508;Media and communications;0.04084571823477745;RDF503;Education;0.03358950465917587;RDF602;Languages and literature;0.018404889851808548;RDF605;Other humanities;0.01233609952032566
543;Dans l'intérêt du patient : la relation thérapeutique au sein de la Collection hippocratique (Philosophy, medieval studies, classics, religious);RDF60;Humanities and the arts;0.6811825633049011;RDF30;Medical, health and life sciences;0.30823469161987305;RDF50;Social sciences;0.004278137814253569;RDF603;Philosophy;0.9674102663993835;RDF602;Languages and literature;0.9504110217094421;RDF605;Other humanities;0.8577681183815002;RDF303;Health sciences;0.7341195344924927;RDF503;Education;0.45859119296073914
544;Advanced methods for depth-based human pose estimation and motion analysis: application to vital signs monitoring in the intensive care unit (Electrical and Computer Engineering);RDF20-21;Engineering and technology;0.8501903414726257;RDF30;Medical, health and life sciences;0.1465912014245987;RDF10;Natural sciences;0.001382073969580233;RDF302;Clinical medicine;0.8110782504081726;RDF303;Health sciences;0.7924641966819763;RDF102;Computer and information sciences;0.45423007011413574;RDF305;Other medical sciences;0.11797800660133362;RDF203;Electrical engineering, computer engineering, and information engineering;0.08064660429954529
545;RÉAC ! Réactivité de la prise en charge des nouveaux arrivants face à la pandémie de COVID-19 à Montréal, Sherbrooke et Toronto : une recherche mixte participative (Health Policy & Systems Management Research);RDF30;Medical, health and life sciences;0.9221495985984802;RDF20-21;Engineering and technology;0.03603605553507805;RDF50;Social sciences;0.03130866959691048;RDF303;Health sciences;0.9732407331466675;RDF502;Economics and business administration;0.16995622217655182;RDF507;Social and economic geography;0.058776549994945526;RDF207;Medical and biomedical engineering;0.04778006672859192;RDF305;Other medical sciences;0.015424552373588085
546;Public School Choice and Refugee Assignment: (Dynamic) Minimal Instability for Non-Unit Capacities and for Lotteries and Weak Priorities (Economics);RDF50;Social sciences;0.9164078831672668;RDF10;Natural sciences;0.030127020552754402;RDF20-21;Engineering and technology;0.023462947458028793;RDF503;Education;0.970687747001648;RDF502;Economics and business administration;0.9263037443161011;RDF507;Social and economic geography;0.9102267026901245;RDF506;Political science and policy administration;0.08509904146194458;RDF508;Media and communications;0.007011795416474342
547;Metabolic and translational dependencies of activated T cells (Genes, Cells and Molecules);RDF30;Medical, health and life sciences;0.7802793979644775;RDF20-21;Engineering and technology;0.14237724244594574;RDF10;Natural sciences;0.07357636839151382;RDF106;Biological sciences;0.9918120503425598;RDF304;Medical biotechnology;0.9260366559028625;RDF207;Medical and biomedical engineering;0.9181872606277466;RDF301;Basic medicine and life sciences;0.9012273550033569;RDF305;Other medical sciences;0.6441131830215454
548;Transformer des espaces conventionnels et dysfonctionnels de participation : scénarios pour accroître la participation des citoyens aux comités consultatifs;RDF50;Social sciences;0.7007368803024292;RDF20-21;Engineering and technology;0.2685798108577728;RDF60;Humanities and the arts;0.022525152191519737;RDF507;Social and economic geography;0.9136765599250793;RDF508;Media and communications;0.8770562410354614;RDF502;Economics and business administration;0.8059378862380981;RDF506;Political science and policy administration;0.44866782426834106;RDF504;Sociology and related studies;0.42286208271980286
549;CITE-sequencing analysis revealed immune cell diversity in colonic mesenteric lymph nodes from IBD patients;RDF30;Medical, health and life sciences;0.919850766658783;RDF10;Natural sciences;0.05857483670115471;RDF20-21;Engineering and technology;0.018287956714630127;RDF303;Health sciences;0.9946150779724121;RDF106;Biological sciences;0.9934611916542053;RDF304;Medical biotechnology;0.9890130758285522;RDF302;Clinical medicine;0.9840936064720154;RDF207;Medical and biomedical engineering;0.9777138233184814
550;The neglected place of financial information and accountants in Canadian tech startups;RDF20-21;Engineering and technology;0.7254210114479065;RDF50;Social sciences;0.21951919794082642;RDF60;Humanities and the arts;0.02387160435318947;RDF502;Economics and business administration;0.9773707985877991;RDF102;Computer and information sciences;0.7680379748344421;RDF507;Social and economic geography;0.532181978225708;RDF203;Electrical engineering, computer engineering, and information engineering;0.022457053884863853;RDF508;Media and communications;0.011508149094879627
551;Reinventing the Rash: A Global History of Measles in the Vaccine Era (History);RDF30;Medical, health and life sciences;0.9369043111801147;RDF10;Natural sciences;0.03836972266435623;RDF40;Agricultural and veterinary sciences;0.012456825003027916;RDF601;History, archaeology and related studies;0.9953904151916504;RDF303;Health sciences;0.957912266254425;RDF106;Biological sciences;0.9082930684089661;RDF402;Animal and dairy sciences;0.8204694390296936;RDF207;Medical and biomedical engineering;0.14560061693191528
552;A New, Data-Driven Era for Precision Cosmology: Measuring the Expansion Rate of the Universe with Machine Learning (Physics);RDF10;Natural sciences;0.5170847177505493;RDF20-21;Engineering and technology;0.4337313771247864;RDF50;Social sciences;0.019661758095026016;RDF103;Physical sciences;0.9740426540374756;RDF212;Other engineering and technologies;0.0038244836032390594;RDF101;Mathematics and statistics;0.0037072531413286924;RDF107;Other natural sciences;0.0018675660248845816;RDF605;Other humanities;0.0005274784052744508
553;Créer-Entreprendre ! Trajectoires croisées : arts numériques et école nationale de cirque. Une exploration des reconfigurations des projets créatifs et des modèles de valeur post-Covid;RDF60;Humanities and the arts;0.9585052728652954;RDF50;Social sciences;0.01839814893901348;RDF20-21;Engineering and technology;0.014216986484825611;RDF604;Arts (arts, history of arts, performing arts, music), architecture and design;0.9805806279182434;RDF508;Media and communications;0.9656413197517395;RDF503;Education;0.8921873569488525;RDF507;Social and economic geography;0.8221890926361084;RDF605;Other humanities;0.561455249786377
554;Factors that control translational fidelity in mammalian cells (Genes, Cells and Molecules);RDF20-21;Engineering and technology;0.5015924572944641;RDF30;Medical, health and life sciences;0.4392090141773224;RDF10;Natural sciences;0.052251532673835754;RDF106;Biological sciences;0.9905142784118652;RDF304;Medical biotechnology;0.9032941460609436;RDF301;Basic medicine and life sciences;0.9012274146080017;RDF207;Medical and biomedical engineering;0.762424111366272;RDF305;Other medical sciences;0.08663207292556763
555;Exploiting the synthetic-lethal vulnerabilities of stem cells and cancer cells with eroded telomeres (Molecular & Cellular Biology of Cancer);RDF30;Medical, health and life sciences;0.590811014175415;RDF20-21;Engineering and technology;0.35555633902549744;RDF10;Natural sciences;0.05142322555184364;RDF106;Biological sciences;0.9780517220497131;RDF304;Medical biotechnology;0.9763104915618896;RDF303;Health sciences;0.9416541457176208;RDF207;Medical and biomedical engineering;0.9299510717391968;RDF210;Industrial biotechnology;0.33328619599342346
556;Physicochemical characterization of pre-clinical samples of a bacteriophage therapy spray-on patch for the treatment of COVID-19-related pressure injury resistant infections;RDF30;Medical, health and life sciences;0.6160286068916321;RDF20-21;Engineering and technology;0.29099130630493164;RDF10;Natural sciences;0.09085191041231155;RDF303;Health sciences;0.9909446835517883;RDF304;Medical biotechnology;0.9900636076927185;RDF106;Biological sciences;0.9853843450546265;RDF207;Medical and biomedical engineering;0.9788748621940613;RDF301;Basic medicine and life sciences;0.9187722206115723
557;Dumping of waste rocks (WR) in mine stopes being filled with paste backfill (PB): Experimental and numerical investigations on the natural mixing behavior between WR and PB;RDF20-21;Engineering and technology;0.5770753622055054;RDF10;Natural sciences;0.415651798248291;RDF40;Agricultural and veterinary sciences;0.004653689917176962;RDF206;Materials engineering and resources engineering;0.9811668992042542;RDF103;Physical sciences;0.957277774810791;RDF105;Earth and related environmental sciences;0.9522199630737305;RDF208;Environmental engineering and related engineering;0.9477691650390625;RDF201;Civil engineering, maritime engineering, transport engineering, and mining engineering;0.913058340549469
558;Deep neural network uncertainty estimation for safe integration into autonomous driving autonomy systems;RDF20-21;Engineering and technology;0.9840616583824158;RDF10;Natural sciences;0.006630555260926485;RDF30;Medical, health and life sciences;0.004775810055434704;RDF102;Computer and information sciences;0.9768465757369995;RDF203;Electrical engineering, computer engineering, and information engineering;0.49584972858428955;RDF501;Psychology and cognitive sciences;0.48072242736816406;RDF212;Other engineering and technologies;0.21568095684051514;RDF202;Industrial, systems and processes engineering;0.055005285888910294
559;Adaptive Mechanical Systems for Physical Embodied Intelligence Robotics;RDF20-21;Engineering and technology;0.9968997240066528;RDF10;Natural sciences;0.0009233704186044633;RDF30;Medical, health and life sciences;0.0008949612965807319;RDF204;Mechanical engineering;0.9759464859962463;RDF202;Industrial, systems and processes engineering;0.4892594516277313;RDF103;Physical sciences;0.21076631546020508;RDF212;Other engineering and technologies;0.019271137192845345;RDF501;Psychology and cognitive sciences;0.0014550628839060664
560;Transnational families and midwifery care: Expectations, challenges and practices during pregnancy, childbirth and postpartum (Evolving Narratives of Cultures and Histories);RDF30;Medical, health and life sciences;0.9277256727218628;RDF50;Social sciences;0.04831093177199364;RDF60;Humanities and the arts;0.018017252907156944;RDF303;Health sciences;0.9891815185546875;RDF605;Other humanities;0.7211544513702393;RDF503;Education;0.491211861371994;RDF302;Clinical medicine;0.4081588089466095;RDF305;Other medical sciences;0.2927974760532379
561;Constructing participatory performance: the ecologies and architectures of audience engagement (Communications, media studies, gender studies, library and information science, related fields);RDF60;Humanities and the arts;0.7622659802436829;RDF20-21;Engineering and technology;0.17479944229125977;RDF50;Social sciences;0.04454285651445389;RDF508;Media and communications;0.983596920967102;RDF604;Arts (arts, history of arts, performing arts, music), architecture and design;0.10557884722948074;RDF605;Other humanities;0.05541279539465904;RDF509;Other social sciences;0.02595735713839531;RDF503;Education;0.01912403665482998
562;Development and implementation of a standardized methodology aiming to optimize the efficacy and reproducibility of findings using non-invasive brain stimulation techniques in the context of motor training (Biological Systems and Functions);RDF30;Medical, health and life sciences;0.6714337468147278;RDF20-21;Engineering and technology;0.3002837300300598;RDF10;Natural sciences;0.025134943425655365;RDF207;Medical and biomedical engineering;0.9787126183509827;RDF106;Biological sciences;0.9331876635551453;RDF303;Health sciences;0.8936811685562134;RDF304;Medical biotechnology;0.7927852869033813;RDF301;Basic medicine and life sciences;0.2885690927505493
563;Putting interfaces at work (Materials and Chemical Engineering);RDF20-21;Engineering and technology;0.9980931282043457;RDF10;Natural sciences;0.0010978422360494733;RDF60;Humanities and the arts;0.00031453705742023885;RDF104;Chemical sciences;0.23405632376670837;RDF205;Chemical engineering;0.21733753383159637;RDF102;Computer and information sciences;0.1772405207157135;RDF206;Materials engineering and resources engineering;0.03138042986392975;RDF203;Electrical engineering, computer engineering, and information engineering;0.008711383678019047
564;Les outils de l'intersectorialité au niveau régional, comment sont-ils produits et comment opèrent-ils? (Political science and public administration);RDF50;Social sciences;0.966999351978302;RDF20-21;Engineering and technology;0.014568843878805637;RDF10;Natural sciences;0.007920943200588226;RDF506;Political science and policy administration;0.6615403294563293;RDF507;Social and economic geography;0.026355352252721786;RDF509;Other social sciences;0.006692850962281227;RDF503;Education;0.005641908384859562;RDF212;Other engineering and technologies;0.00214894930832088
565;Cell biology and function of dopamine neuron connectivity in health and disease (Molecular & Cellular Neurosciences);RDF30;Medical, health and life sciences;0.9008038640022278;RDF10;Natural sciences;0.05202503502368927;RDF20-21;Engineering and technology;0.0392705574631691;RDF106;Biological sciences;0.6971967816352844;RDF207;Medical and biomedical engineering;0.24364244937896729;RDF304;Medical biotechnology;0.16451644897460938;RDF301;Basic medicine and life sciences;0.05749327689409256;RDF503;Education;0.013636835850775242
566;Exploiting Graphical Optimization Models to Solve Discrete Decision Problems in Healthcare and Supply Chain Logistics (Civil, Industrial and Systems Engineering);RDF20-21;Engineering and technology;0.983593225479126;RDF30;Medical, health and life sciences;0.013387713581323624;RDF50;Social sciences;0.0011516691884025931;RDF202;Industrial, systems and processes engineering;0.2046596258878708;RDF301;Basic medicine and life sciences;0.10970576852560043;RDF303;Health sciences;0.07892589271068573;RDF305;Other medical sciences;0.06097518652677536;RDF302;Clinical medicine;0.027376489713788033
567;Alliance de recherche et d'action Alternatives inclusives en Santé mentale;RDF30;Medical, health and life sciences;0.931385338306427;RDF50;Social sciences;0.05358152464032173;RDF10;Natural sciences;0.009719878435134888;RDF303;Health sciences;0.971563994884491;RDF501;Psychology and cognitive sciences;0.086941659450531;RDF305;Other medical sciences;0.04535258188843727;RDF208;Environmental engineering and related engineering;0.04054073989391327;RDF301;Basic medicine and life sciences;0.02931223250925541
568;The development of a quality benchmark that identifies and addresses the determinants of online information reliability to inform information-seeking by a diverse population (Communications, media studies, gender studies, library and information science, related fields);RDF20-21;Engineering and technology;0.745505154132843;RDF50;Social sciences;0.12754090130329132;RDF60;Humanities and the arts;0.06215846911072731;RDF508;Media and communications;0.9230391383171082;RDF102;Computer and information sciences;0.32809874415397644;RDF206;Materials engineering and resources engineering;0.13939638435840607;RDF203;Electrical engineering, computer engineering, and information engineering;0.08570927381515503;RDF605;Other humanities;0.028007520362734795
569;Staufen2 and DNA damage (Genes, Cells and Molecules);RDF20-21;Engineering and technology;0.6319752931594849;RDF10;Natural sciences;0.23249071836471558;RDF30;Medical, health and life sciences;0.13105382025241852;RDF106;Biological sciences;0.9859363436698914;RDF301;Basic medicine and life sciences;0.8083699941635132;RDF304;Medical biotechnology;0.24798741936683655;RDF104;Chemical sciences;0.15662017464637756;RDF210;Industrial biotechnology;0.03676946833729744
570;Ultra-high-resolution emission and absorption spectroscopy of non-equilibrium and highly-reactive plasmas applied to complex materials processing (Physics);RDF20-21;Engineering and technology;0.6346489787101746;RDF10;Natural sciences;0.23715099692344666;RDF40;Agricultural and veterinary sciences;0.038113631308078766;RDF103;Physical sciences;0.9958012104034424;RDF211;Nano-technology;0.11920291930437088;RDF206;Materials engineering and resources engineering;0.01971912756562233;RDF104;Chemical sciences;0.011777843348681927;RDF212;Other engineering and technologies;0.0031236486975103617
571;Symmetries: Algebra and Physics;RDF10;Natural sciences;0.6300154328346252;RDF20-21;Engineering and technology;0.26885759830474854;RDF60;Humanities and the arts;0.0363859161734581;RDF103;Physical sciences;0.7465087175369263;RDF503;Education;0.07316472381353378;RDF212;Other engineering and technologies;0.003538086311891675;RDF107;Other natural sciences;0.000374095601728186;RDF101;Mathematics and statistics;0.0003301527467556298
572;Mobilizing Women's Entrepreneurship for empowerment and local economic development;RDF50;Social sciences;0.9829855561256409;RDF30;Medical, health and life sciences;0.005937091540545225;RDF60;Humanities and the arts;0.0042100283317267895;RDF502;Economics and business administration;0.9738443493843079;RDF504;Sociology and related studies;0.5624168515205383;RDF507;Social and economic geography;0.5048826336860657;RDF603;Philosophy;0.03676946461200714;RDF506;Political science and policy administration;0.03283695504069328
573;Calmodulation of ion channels (Genes, Cells and Molecules);RDF20-21;Engineering and technology;0.6453784108161926;RDF30;Medical, health and life sciences;0.23011676967144012;RDF10;Natural sciences;0.12317263334989548;RDF106;Biological sciences;0.9834704399108887;RDF304;Medical biotechnology;0.9566342234611511;RDF104;Chemical sciences;0.9427180290222168;RDF207;Medical and biomedical engineering;0.7791538834571838;RDF301;Basic medicine and life sciences;0.7485361695289612
574;A multidimensional approach to study the biophysics of bioadhesin interaction with advanced nanomaterials;RDF20-21;Engineering and technology;0.5175109505653381;RDF30;Medical, health and life sciences;0.2502519488334656;RDF10;Natural sciences;0.22785699367523193;RDF211;Nano-technology;0.9653811454772949;RDF106;Biological sciences;0.9149010181427002;RDF206;Materials engineering and resources engineering;0.6905590891838074;RDF107;Other natural sciences;0.685528576374054;RDF301;Basic medicine and life sciences;0.583143949508667
575;Smart nanostructured optical coatings prepared by pulsed plasma-based techniques (Physics);RDF20-21;Engineering and technology;0.9713032841682434;RDF10;Natural sciences;0.021967768669128418;RDF30;Medical, health and life sciences;0.0029269217047840357;RDF103;Physical sciences;0.9968762993812561;RDF211;Nano-technology;0.9790357351303101;RDF206;Materials engineering and resources engineering;0.21109136939048767;RDF603;Philosophy;0.05964694172143936;RDF212;Other engineering and technologies;0.006488268729299307
576;Développement de vêtements de protection chimique intelligents à haute performance de filtration (Materials and Chemical Engineering);RDF20-21;Engineering and technology;0.9830613136291504;RDF10;Natural sciences;0.01446774136275053;RDF30;Medical, health and life sciences;0.0010813081171363592;RDF205;Chemical engineering;0.9353465437889099;RDF104;Chemical sciences;0.906653106212616;RDF208;Environmental engineering and related engineering;0.06560483574867249;RDF103;Physical sciences;0.022629201412200928;RDF206;Materials engineering and resources engineering;0.01214717049151659
577;Context and Culture: Linguistic Anthropology and the Legacy of Michael Silverstein;RDF60;Humanities and the arts;0.7426601648330688;RDF50;Social sciences;0.2273850291967392;RDF10;Natural sciences;0.017397599294781685;RDF602;Languages and literature;0.9369804859161377;RDF601;History, archaeology and related studies;0.9193533658981323;RDF503;Education;0.36692994832992554;RDF605;Other humanities;0.21239535510540009;RDF509;Other social sciences;0.012053780257701874
578;Ultra-trace laboratory for legacy and emerging contaminants (Geosciences);RDF20-21;Engineering and technology;0.955826997756958;RDF10;Natural sciences;0.03868862986564636;RDF30;Medical, health and life sciences;0.0035015365574508905;RDF105;Earth and related environmental sciences;0.9755769371986389;RDF208;Environmental engineering and related engineering;0.9108631014823914;RDF103;Physical sciences;0.23828421533107758;RDF107;Other natural sciences;0.16559311747550964;RDF212;Other engineering and technologies;0.01678548939526081
579;Improving vulnerable preschoolers' mental health: A superiority trial assessing the How-to Parenting Program;RDF30;Medical, health and life sciences;0.9593632817268372;RDF50;Social sciences;0.032956089824438095;RDF10;Natural sciences;0.0038000710774213076;RDF303;Health sciences;0.9914886951446533;RDF503;Education;0.9905142784118652;RDF501;Psychology and cognitive sciences;0.9626730680465698;RDF301;Basic medicine and life sciences;0.36772429943084717;RDF305;Other medical sciences;0.30528295040130615
580;Polymeric Nanoparticles for Delivery of Ribonucleic Acids: Overcoming the Endosomal Barrier and Going Beyond the Liver (Materials and Chemical Engineering);RDF20-21;Engineering and technology;0.7842056155204773;RDF30;Medical, health and life sciences;0.20140065252780914;RDF10;Natural sciences;0.01287511270493269;RDF211;Nano-technology;0.998475193977356;RDF304;Medical biotechnology;0.8929365873336792;RDF104;Chemical sciences;0.8346765637397766;RDF301;Basic medicine and life sciences;0.7826625108718872;RDF210;Industrial biotechnology;0.46101677417755127
581;Crime in the Decentralized Finance Industry (Law and criminology);RDF50;Social sciences;0.9711008071899414;RDF60;Humanities and the arts;0.010213831439614296;RDF10;Natural sciences;0.006492306478321552;RDF505;Law and legal practice;0.037326887249946594;RDF509;Other social sciences;0.003429603762924671;RDF502;Economics and business administration;0.0022518474142998457;RDF507;Social and economic geography;0.0015978454612195492;RDF504;Sociology and related studies;0.001151399570517242
582;Gravitation, quantum mechanics and quantum field theory;RDF10;Natural sciences;0.5260210633277893;RDF20-21;Engineering and technology;0.46511951088905334;RDF60;Humanities and the arts;0.002633901545777917;RDF103;Physical sciences;0.9588471055030823;RDF101;Mathematics and statistics;0.7354516983032227;RDF107;Other natural sciences;0.028007522225379944;RDF212;Other engineering and technologies;0.020177319645881653;RDF503;Education;0.0021827162709087133
583;Improving hedging effectiveness in actuarial and financial applications (Mathematics and Statistics);RDF50;Social sciences;0.45984962582588196;RDF20-21;Engineering and technology;0.4353768527507782;RDF10;Natural sciences;0.05199835076928139;RDF101;Mathematics and statistics;0.9918121099472046;RDF502;Economics and business administration;0.008779109455645084;RDF212;Other engineering and technologies;0.0026730059180408716;RDF509;Other social sciences;0.0016229671891778708;RDF503;Education;0.00042388474685139954
584;Closing the Comorbidity Gap for People Living with HIV : a Randomized Controlled Trial of Fostemsavir to Reduce Inflammaging;RDF30;Medical, health and life sciences;0.9898686408996582;RDF50;Social sciences;0.004841670393943787;RDF10;Natural sciences;0.004584001377224922;RDF303;Health sciences;0.9941346645355225;RDF302;Clinical medicine;0.9934102296829224;RDF106;Biological sciences;0.9860442876815796;RDF304;Medical biotechnology;0.9661558866500854;RDF207;Medical and biomedical engineering;0.9005298018455505
585;Autonomie des acteurs dans les relations asymétriques: États de facto et leur patron entre l'Europe et la Russie (Political science and public administration);RDF50;Social sciences;0.6412610411643982;RDF10;Natural sciences;0.1262717843055725;RDF60;Humanities and the arts;0.09238241612911224;RDF506;Political science and policy administration;0.8433797955513;RDF509;Other social sciences;0.001081715221516788;RDF605;Other humanities;0.0008167381165549159;RDF603;Philosophy;0.0005884088459424675;RDF601;History, archaeology and related studies;0.0003150386910419911
586;Replacement of the femtosecond laser in the THz spectroscopic microscopy laboratory (Electrical and Computer Engineering);RDF20-21;Engineering and technology;0.9964872002601624;RDF10;Natural sciences;0.0017791064456105232;RDF30;Medical, health and life sciences;0.0005598207353614271;RDF203;Electrical engineering, computer engineering, and information engineering;0.03594832494854927;RDF102;Computer and information sciences;0.02161533199250698;RDF211;Nano-technology;0.013636835850775242;RDF103;Physical sciences;0.006797531619668007;RDF212;Other engineering and technologies;0.0037654140032827854
587;Bringing nutrition to life among vulnerable populations: experiences from Latin America and Canada;RDF30;Medical, health and life sciences;0.9181430339813232;RDF50;Social sciences;0.047156937420368195;RDF10;Natural sciences;0.01898116245865822;RDF303;Health sciences;0.9962345957756042;RDF404;Agricultural biotechnology and food sciences;0.9539660811424255;RDF301;Basic medicine and life sciences;0.8848377466201782;RDF302;Clinical medicine;0.733738124370575;RDF507;Social and economic geography;0.541893720626831
588;Long non-coding RNAs in growth factor signaling (Genes, Cells and Molecules);RDF10;Natural sciences;0.5028607845306396;RDF30;Medical, health and life sciences;0.4723939895629883;RDF20-21;Engineering and technology;0.022094160318374634;RDF106;Biological sciences;0.9962345957756042;RDF304;Medical biotechnology;0.9532750844955444;RDF301;Basic medicine and life sciences;0.8723474144935608;RDF303;Health sciences;0.7924642562866211;RDF207;Medical and biomedical engineering;0.30923229455947876
589;Plan d'action pour la gestion de la douleur chronique du Ministère de la Santé et des Services sociaux du Québec: Évaluation de la mise en œuvre et des impacts des projets initiaux en vue d'une généralisation progressive à l'ensemble du Québec;RDF30;Medical, health and life sciences;0.4728444814682007;RDF50;Social sciences;0.20257501304149628;RDF40;Agricultural and veterinary sciences;0.16309182345867157;RDF502;Economics and business administration;0.9304583072662354;RDF208;Environmental engineering and related engineering;0.929183840751648;RDF506;Political science and policy administration;0.8807970285415649;RDF202;Industrial, systems and processes engineering;0.6069062352180481;RDF206;Materials engineering and resources engineering;0.5440747737884521
590;INNOV Phase I: Leverage artificial intelligence to improve Environmental, Social, and Governance (ESG) data;RDF20-21;Engineering and technology;0.8466298580169678;RDF50;Social sciences;0.14280477166175842;RDF10;Natural sciences;0.006363881751894951;RDF208;Environmental engineering and related engineering;0.9008790850639343;RDF105;Earth and related environmental sciences;0.6397079229354858;RDF102;Computer and information sciences;0.5676969885826111;RDF212;Other engineering and technologies;0.33725807070732117;RDF203;Electrical engineering, computer engineering, and information engineering;0.11201594769954681
591;Prevention of anastomotic leak in colorectal surgery through microbiome mediation of intestinal healing (Nutrition, Food & Health);RDF30;Medical, health and life sciences;0.7709240317344666;RDF10;Natural sciences;0.2261112928390503;RDF20-21;Engineering and technology;0.0012532181572169065;RDF303;Health sciences;0.9916842579841614;RDF106;Biological sciences;0.9732406735420227;RDF304;Medical biotechnology;0.8615382313728333;RDF301;Basic medicine and life sciences;0.6608293056488037;RDF302;Clinical medicine;0.6134392023086548
592;Development of a tailored approach to move towards a sustainable circular economy business model in the plastic film sector: the case of Balcan;RDF20-21;Engineering and technology;0.8437301516532898;RDF50;Social sciences;0.06898757815361023;RDF10;Natural sciences;0.05047239363193512;RDF502;Economics and business administration;0.9856076836585999;RDF206;Materials engineering and resources engineering;0.9015746116638184;RDF104;Chemical sciences;0.7921428084373474;RDF103;Physical sciences;0.7895584106445312;RDF205;Chemical engineering;0.6844749450683594
593;Enseignement de l'histoire et jeux vidéos (Education and social work);RDF60;Humanities and the arts;0.5892789363861084;RDF20-21;Engineering and technology;0.26774105429649353;RDF50;Social sciences;0.10608482360839844;RDF503;Education;0.891433596611023;RDF508;Media and communications;0.09807932376861572;RDF601;History, archaeology and related studies;0.07531231641769409;RDF605;Other humanities;0.05223085358738899;RDF509;Other social sciences;0.00970847625285387
594;Functions of bacterial type IA topoisomerases in the prevention of R-loop-dependent and -independent genomic instability (Genes, Cells and Molecules);RDF10;Natural sciences;0.8568161725997925;RDF30;Medical, health and life sciences;0.09226896613836288;RDF20-21;Engineering and technology;0.04366998001933098;RDF106;Biological sciences;0.9964619278907776;RDF301;Basic medicine and life sciences;0.9367494583129883;RDF304;Medical biotechnology;0.1755380779504776;RDF101;Mathematics and statistics;0.15974101424217224;RDF104;Chemical sciences;0.08210662752389908
595;High-Performance Dynamic Language Implementation (Computer Science);RDF20-21;Engineering and technology;0.9977121353149414;RDF60;Humanities and the arts;0.0005783013766631484;RDF40;Agricultural and veterinary sciences;0.0004794286214746535;RDF102;Computer and information sciences;0.9990889430046082;RDF203;Electrical engineering, computer engineering, and information engineering;0.6014764904975891;RDF212;Other engineering and technologies;0.006003596354275942;RDF602;Languages and literature;0.00038596606464125216;RDF604;Arts (arts, history of arts, performing arts, music), architecture and design;0.00024536947603337467
596;Methodological improvements for the statistical analysis of neurophysiological data with applications in user experience;RDF20-21;Engineering and technology;0.8812450170516968;RDF30;Medical, health and life sciences;0.0814896747469902;RDF50;Social sciences;0.019469236955046654;RDF106;Biological sciences;0.9752017855644226;RDF207;Medical and biomedical engineering;0.9543079733848572;RDF501;Psychology and cognitive sciences;0.9307106137275696;RDF101;Mathematics and statistics;0.8683809638023376;RDF212;Other engineering and technologies;0.799755334854126
597;Glycerol 3-phosphate phosphatase and the glycerol shunt in senescence and healthy aging;RDF10;Natural sciences;0.4878355860710144;RDF30;Medical, health and life sciences;0.3919869065284729;RDF20-21;Engineering and technology;0.11230611801147461;RDF106;Biological sciences;0.9883127808570862;RDF104;Chemical sciences;0.9870795607566833;RDF304;Medical biotechnology;0.9788748621940613;RDF301;Basic medicine and life sciences;0.9178934097290039;RDF302;Clinical medicine;0.9149010181427002
598;Regulation of innate antiviral defenses through Interleukin-17 receptor D (IL-17RD) (Virology & Viral Pathogenesis);RDF30;Medical, health and life sciences;0.9158399701118469;RDF10;Natural sciences;0.07173413038253784;RDF20-21;Engineering and technology;0.008239206857979298;RDF106;Biological sciences;0.9921233057975769;RDF301;Basic medicine and life sciences;0.7994423508644104;RDF304;Medical biotechnology;0.6753365397453308;RDF303;Health sciences;0.30404165387153625;RDF207;Medical and biomedical engineering;0.052618954330682755
599;Biological modeling to bridge in vitro and epidemiological studies: A new approach for animal-free chemical risk assessment;RDF30;Medical, health and life sciences;0.5867549777030945;RDF10;Natural sciences;0.31901314854621887;RDF20-21;Engineering and technology;0.0714600458741188;RDF104;Chemical sciences;0.9348724484443665;RDF106;Biological sciences;0.929183840751648;RDF301;Basic medicine and life sciences;0.9089417457580566;RDF107;Other natural sciences;0.8572908639907837;RDF209;Environmental biotechnology;0.8459424376487732
600;IAL (Intelligence Artificielle Littéraire) : expérimentation d'algorithmes d'apprentissage automatique pour définir et identifier les variations dans l'Anthologie grecque (Literature);RDF20-21;Engineering and technology;0.7870269417762756;RDF60;Humanities and the arts;0.1921173334121704;RDF50;Social sciences;0.011950373649597168;RDF602;Languages and literature;0.9539660811424255;RDF503;Education;0.851706326007843;RDF601;History, archaeology and related studies;0.5253688097000122;RDF212;Other engineering and technologies;0.270480215549469;RDF604;Arts (arts, history of arts, performing arts, music), architecture and design;0.15304215252399445
601;Studies on the pathogenesis of the infections caused by streptococcus suis (Biological Systems and Functions);RDF30;Medical, health and life sciences;0.5941244959831238;RDF10;Natural sciences;0.4020047187805176;RDF20-21;Engineering and technology;0.0020129249896854162;RDF106;Biological sciences;0.9919379949569702;RDF303;Health sciences;0.9879462122917175;RDF301;Basic medicine and life sciences;0.9623913764953613;RDF207;Medical and biomedical engineering;0.9532750844955444;RDF304;Medical biotechnology;0.9302050471305847
602;Autonomous learning agents for intelligent neurostimulation;RDF20-21;Engineering and technology;0.9738386273384094;RDF30;Medical, health and life sciences;0.018692467361688614;RDF10;Natural sciences;0.004580785986036062;RDF102;Computer and information sciences;0.977022647857666;RDF501;Psychology and cognitive sciences;0.9569571614265442;RDF503;Education;0.9405717849731445;RDF212;Other engineering and technologies;0.8499711751937866;RDF106;Biological sciences;0.7742421627044678
603;Hox genes in development and evolution of distal limbs (Developmental Biology);RDF10;Natural sciences;0.842087984085083;RDF30;Medical, health and life sciences;0.14266422390937805;RDF20-21;Engineering and technology;0.010194230824708939;RDF106;Biological sciences;0.9981613755226135;RDF207;Medical and biomedical engineering;0.08064661175012589;RDF304;Medical biotechnology;0.04240382835268974;RDF301;Basic medicine and life sciences;0.0222861859947443;RDF305;Other medical sciences;0.003324436955153942
604;Defence Lawyers and the Relevance of Social Problems in Lower Criminal Courts: A Comparative Analysis (Law and criminology);RDF50;Social sciences;0.8189767003059387;RDF60;Humanities and the arts;0.10742636770009995;RDF10;Natural sciences;0.02846515364944935;RDF505;Law and legal practice;0.34560203552246094;RDF509;Other social sciences;0.014392336830496788;RDF605;Other humanities;0.0035936024505645037;RDF503;Education;0.0014779429184272885;RDF604;Arts (arts, history of arts, performing arts, music), architecture and design;0.0006878511048853397
605;Les pratiques extrascolaires de littératie d'adolescents ayant une déficience intellectuelle (Education and social work);RDF50;Social sciences;0.6155465245246887;RDF60;Humanities and the arts;0.2037801444530487;RDF30;Medical, health and life sciences;0.09257131069898605;RDF503;Education;0.9736446142196655;RDF501;Psychology and cognitive sciences;0.08787643909454346;RDF602;Languages and literature;0.05108273774385452;RDF507;Social and economic geography;0.043042849749326706;RDF605;Other humanities;0.03993731737136841
606;Brain-Derived Neurotrophic Factor in hemostasis and thrombosis;RDF30;Medical, health and life sciences;0.8243815302848816;RDF10;Natural sciences;0.15489669144153595;RDF20-21;Engineering and technology;0.018901528790593147;RDF303;Health sciences;0.9944450259208679;RDF304;Medical biotechnology;0.9898303151130676;RDF106;Biological sciences;0.9881309270858765;RDF207;Medical and biomedical engineering;0.9783846735954285;RDF302;Clinical medicine;0.9566342234611511
607;Engagement des bibliothèques publiques et scolaires en faveur du développement des compétences en littératie pour les élèves du troisième cycle du primaire et du secondaire : portrait et stratégie de transfert (Communications, media studies, gender studies, library and information science, related fields);RDF60;Humanities and the arts;0.8913746476173401;RDF50;Social sciences;0.05148046463727951;RDF20-21;Engineering and technology;0.04369090124964714;RDF508;Media and communications;0.970687747001648;RDF503;Education;0.9556514024734497;RDF211;Nano-technology;0.12210386991500854;RDF605;Other humanities;0.10894504189491272;RDF509;Other social sciences;0.029090754687786102
608;Mieux comprendre les défis et conditions de pratiques des parents d'accueil dans le contexte actuel de professionnalisation de l'accueil familial (Education and social work);RDF50;Social sciences;0.7358377575874329;RDF60;Humanities and the arts;0.1460314691066742;RDF30;Medical, health and life sciences;0.03635010868310928;RDF503;Education;0.9145963191986084;RDF509;Other social sciences;0.024053554981946945;RDF508;Media and communications;0.01590639166533947;RDF507;Social and economic geography;0.00955939944833517;RDF605;Other humanities;0.007232763804495335
609;A mixed methods study of stakeholders' perspectives on ethical and logistical issues related to advanced living donation in kidney transplantation in Canada, and a proposal for guidelines in a Canadian context (Health Policy & Systems Management Research);RDF30;Medical, health and life sciences;0.9759433269500732;RDF50;Social sciences;0.01917710341513157;RDF10;Natural sciences;0.0029639697168022394;RDF303;Health sciences;0.9895108938217163;RDF301;Basic medicine and life sciences;0.5236639976501465;RDF302;Clinical medicine;0.23057307302951813;RDF304;Medical biotechnology;0.10669060051441193;RDF305;Other medical sciences;0.0832919180393219
610;To uncover, understand and exploit the estrogen-oncolytic virus crosstalk to improve therapy (Cancer Biology & Therapeutics);RDF30;Medical, health and life sciences;0.9602132439613342;RDF10;Natural sciences;0.018287502229213715;RDF20-21;Engineering and technology;0.018145188689231873;RDF304;Medical biotechnology;0.9709092378616333;RDF303;Health sciences;0.9515039920806885;RDF106;Biological sciences;0.9441768527030945;RDF207;Medical and biomedical engineering;0.9405717849731445;RDF301;Basic medicine and life sciences;0.13939636945724487
611;Structure and rheology of mixed hydrocolloid gels as model systems for food 3D printing (Materials and Chemical Engineering);RDF20-21;Engineering and technology;0.9898747205734253;RDF10;Natural sciences;0.00616848561912775;RDF30;Medical, health and life sciences;0.00230499473400414;RDF104;Chemical sciences;0.5556763410568237;RDF205;Chemical engineering;0.14560064673423767;RDF103;Physical sciences;0.09401018172502518;RDF206;Materials engineering and resources engineering;0.023689471185207367;RDF101;Mathematics and statistics;0.0055549247190356255
612;« Une bonne relation avec mon chef ! » : anatomie des relations entre gestionnaires et employés en contexte de travail à distance (Business, management and related fields);RDF50;Social sciences;0.6717286705970764;RDF20-21;Engineering and technology;0.1096566915512085;RDF60;Humanities and the arts;0.08277321606874466;RDF502;Economics and business administration;0.9695556163787842;RDF507;Social and economic geography;0.028652669861912727;RDF508;Media and communications;0.026155618950724602;RDF603;Philosophy;0.01243165135383606;RDF509;Other social sciences;0.002082970691844821
613;Priorisation des soins intensifs en contexte extrême de pandémie : 1) modélisation/simulation de différentes stratégies de priorisation de l'accès aux soins intensifs et 2) délibérations démocratiques des parties prenantes sur les valeurs qui sous-tendent les modèles et leurs impacts sanitaires;RDF30;Medical, health and life sciences;0.4709138870239258;RDF40;Agricultural and veterinary sciences;0.2424057126045227;RDF50;Social sciences;0.21560008823871613;RDF401;Agriculture, forestry, and fisheries;0.9742394089698792;RDF502;Economics and business administration;0.9556514024734497;RDF208;Environmental engineering and related engineering;0.9518632292747498;RDF503;Education;0.9412234425544739;RDF303;Health sciences;0.9407897591590881
614;Understanding cyber abuse in context: The interplay of distal and situational correlates of daily cyber abuse in young adult couples (Psychology);RDF30;Medical, health and life sciences;0.5828083157539368;RDF50;Social sciences;0.1906941533088684;RDF20-21;Engineering and technology;0.11748326569795609;RDF501;Psychology and cognitive sciences;0.9773707985877991;RDF102;Computer and information sciences;0.006589771714061499;RDF503;Education;0.004609572235494852;RDF508;Media and communications;0.00307536986656487;RDF303;Health sciences;0.0022872276604175568
615;Humanitarian Supply Chain Design and Management;RDF50;Social sciences;0.7001673579216003;RDF20-21;Engineering and technology;0.18122819066047668;RDF60;Humanities and the arts;0.0779452696442604;RDF502;Economics and business administration;0.822474479675293;RDF604;Arts (arts, history of arts, performing arts, music), architecture and design;0.02931222878396511;RDF509;Other social sciences;0.006388320587575436;RDF504;Sociology and related studies;0.005139611195772886;RDF206;Materials engineering and resources engineering;0.0034834244288504124
616;La transformation sémantique et syntaxique des données de situations professionnelles pour l'apprentissage du raisonnement clinique (Education and social work);RDF30;Medical, health and life sciences;0.4732692837715149;RDF20-21;Engineering and technology;0.30411434173583984;RDF50;Social sciences;0.17983020842075348;RDF503;Education;0.9832144975662231;RDF101;Mathematics and statistics;0.9722043871879578;RDF303;Health sciences;0.3727335035800934;RDF501;Psychology and cognitive sciences;0.2986958920955658;RDF602;Languages and literature;0.09334687888622284
617;Intergenerational transmission of vulnerability to PTSD : When children learn fear from their parent (Social & Developmental Aspects of Children's & Youth's Health);RDF30;Medical, health and life sciences;0.9427634477615356;RDF50;Social sciences;0.053395241498947144;RDF10;Natural sciences;0.0014623801689594984;RDF303;Health sciences;0.9785492420196533;RDF501;Psychology and cognitive sciences;0.9469901919364929;RDF305;Other medical sciences;0.38006842136383057;RDF301;Basic medicine and life sciences;0.32723817229270935;RDF207;Medical and biomedical engineering;0.1919327974319458
618;La musique au service du pouvoir, entre propagande et diplomatie : Du Troisième Reich à la fin de la Guerre froide  (Fine Arts, Research-Creation);RDF60;Humanities and the arts;0.9911553263664246;RDF50;Social sciences;0.004589959513396025;RDF20-21;Engineering and technology;0.0014442949322983623;RDF604;Arts (arts, history of arts, performing arts, music), architecture and design;0.9289262890815735;RDF508;Media and communications;0.6550050973892212;RDF605;Other humanities;0.041152890771627426;RDF503;Education;0.010013570077717304;RDF506;Political science and policy administration;0.007937994785606861
619;Mesures de contrôle en santé mentale : un environnement contraignant? (Mutidisciplinary or interdisciplinary social sciences);RDF50;Social sciences;0.8330908417701721;RDF30;Medical, health and life sciences;0.16150203347206116;RDF20-21;Engineering and technology;0.0032999017275869846;RDF501;Psychology and cognitive sciences;0.6708239316940308;RDF504;Sociology and related studies;0.6397923231124878;RDF303;Health sciences;0.6364661455154419;RDF509;Other social sciences;0.5764227509498596;RDF208;Environmental engineering and related engineering;0.41087448596954346
620;R3AI: Shifting Paradigms for a Robust, Reasoning, and Responsible Artificial Intelligence and its Adoption - CFREF (CIHR Contribution);RDF20-21;Engineering and technology;0.9900740385055542;RDF50;Social sciences;0.005795923061668873;RDF10;Natural sciences;0.001177513157017529;RDF102;Computer and information sciences;0.974821150302887;RDF203;Electrical engineering, computer engineering, and information engineering;0.3225259780883789;RDF212;Other engineering and technologies;0.11636176705360413;RDF501;Psychology and cognitive sciences;0.0844927579164505;RDF603;Philosophy;0.06656919419765472
621;À la rencontre des réalités virtuelle et concrète : la place de la scénographie dans la cocréation opératique;RDF20-21;Engineering and technology;0.939348578453064;RDF10;Natural sciences;0.03699606657028198;RDF50;Social sciences;0.011824654415249825;RDF102;Computer and information sciences;0.9536218047142029;RDF604;Arts (arts, history of arts, performing arts, music), architecture and design;0.87364661693573;RDF101;Mathematics and statistics;0.6846858263015747;RDF203;Electrical engineering, computer engineering, and information engineering;0.6566582918167114;RDF103;Physical sciences;0.4568943977355957
622;Parenting dimensions' influence on the psychosocial adaptation of preschoolers with language deficits (Psychology);RDF30;Medical, health and life sciences;0.8657644987106323;RDF50;Social sciences;0.0633312240242958;RDF60;Humanities and the arts;0.03184494003653526;RDF501;Psychology and cognitive sciences;0.9914224743843079;RDF503;Education;0.15456731617450714;RDF303;Health sciences;0.012241275049746037;RDF604;Arts (arts, history of arts, performing arts, music), architecture and design;0.001081715221516788;RDF509;Other social sciences;0.0008830458391457796
623;The structure-function relationships between capsular polysaccharides and the immune system during Streptococcus suis infections (Genes, Cells and Molecules);RDF30;Medical, health and life sciences;0.6381291151046753;RDF10;Natural sciences;0.3183744251728058;RDF20-21;Engineering and technology;0.03854783996939659;RDF106;Biological sciences;0.9919379949569702;RDF303;Health sciences;0.9700134992599487;RDF304;Medical biotechnology;0.9603611826896667;RDF207;Medical and biomedical engineering;0.9312127232551575;RDF301;Basic medicine and life sciences;0.9235923290252686
624;Études des mécanismes de colonisation de Clostridium perfringens en productions animales (Biological Systems and Functions);RDF10;Natural sciences;0.8918465971946716;RDF40;Agricultural and veterinary sciences;0.06498481333255768;RDF30;Medical, health and life sciences;0.025498168542981148;RDF106;Biological sciences;0.9949396848678589;RDF301;Basic medicine and life sciences;0.970013439655304;RDF210;Industrial biotechnology;0.8864204287528992;RDF403;Veterinary sciences;0.32018327713012695;RDF304;Medical biotechnology;0.26057755947113037
625;Formation interactive en ligne: une solution à la formation des employés dans un contexte de roulement de personnel;RDF20-21;Engineering and technology;0.7520050406455994;RDF50;Social sciences;0.16693691909313202;RDF30;Medical, health and life sciences;0.028783533722162247;RDF502;Economics and business administration;0.8987665772438049;RDF503;Education;0.44903022050857544;RDF508;Media and communications;0.18476749956607819;RDF501;Psychology and cognitive sciences;0.10932482779026031;RDF102;Computer and information sciences;0.08210662752389908
626;Mise en ouvre des politiques EDI en enseignement supérieur au Québec : construction de sens et types de réponses aux mesures destinées aux parcours étudiants (Education and social work);RDF50;Social sciences;0.5293124318122864;RDF20-21;Engineering and technology;0.37976306676864624;RDF60;Humanities and the arts;0.05000903829932213;RDF503;Education;0.9591543078422546;RDF506;Political science and policy administration;0.9312127232551575;RDF507;Social and economic geography;0.30239108204841614;RDF502;Economics and business administration;0.14953137934207916;RDF208;Environmental engineering and related engineering;0.09203285723924637
627;Continuum PAROLE-Onco : Vers le développement de compétences en auto-soins pour améliorer l'expérience de la vie après les traitements aigus de cancer du sein;RDF20-21;Engineering and technology;0.9010698199272156;RDF30;Medical, health and life sciences;0.05163541063666344;RDF40;Agricultural and veterinary sciences;0.020220719277858734;RDF204;Mechanical engineering;0.8137569427490234;RDF210;Industrial biotechnology;0.47597068548202515;RDF212;Other engineering and technologies;0.3857795298099518;RDF604;Arts (arts, history of arts, performing arts, music), architecture and design;0.3350244164466858;RDF103;Physical sciences;0.2516477108001709
628;CAN-DO (CANnabis research DevelOpment): A cells-to-society research program on cannabis and mental health in younger adults;RDF30;Medical, health and life sciences;0.9724490642547607;RDF10;Natural sciences;0.012051542289555073;RDF50;Social sciences;0.008347859606146812;RDF303;Health sciences;0.9717789888381958;RDF301;Basic medicine and life sciences;0.6969905495643616;RDF501;Psychology and cognitive sciences;0.6645402908325195;RDF304;Medical biotechnology;0.4902356266975403;RDF207;Medical and biomedical engineering;0.3195459246635437
629;Effets d'une intervention de proximité mère-prématuré et de calme (NeuroN-QI) sur le neurodéveloppement de nouveau-nés prématurés : un essai clinique randomisé;RDF30;Medical, health and life sciences;0.9468108415603638;RDF20-21;Engineering and technology;0.022007441148161888;RDF10;Natural sciences;0.012201230973005295;RDF303;Health sciences;0.9790357351303101;RDF106;Biological sciences;0.9771974086761475;RDF207;Medical and biomedical engineering;0.967655599117279;RDF501;Psychology and cognitive sciences;0.9612438082695007;RDF302;Clinical medicine;0.9469902515411377
630;Corticospinal mechanisms of locomotor recovery after spinal cord injury (Movement & Exercise);RDF30;Medical, health and life sciences;0.9408534169197083;RDF20-21;Engineering and technology;0.03782310336828232;RDF10;Natural sciences;0.01827220618724823;RDF207;Medical and biomedical engineering;0.9676556587219238;RDF106;Biological sciences;0.9597620368003845;RDF303;Health sciences;0.956308901309967;RDF304;Medical biotechnology;0.8037905693054199;RDF301;Basic medicine and life sciences;0.796609103679657
631;Innover pour enseigner le management : cadres théoriques, mise en oeuvre et mesure d'impact;RDF20-21;Engineering and technology;0.48138850927352905;RDF50;Social sciences;0.21529026329517365;RDF30;Medical, health and life sciences;0.09628376364707947;RDF502;Economics and business administration;0.9808759689331055;RDF506;Political science and policy administration;0.5075677633285522;RDF503;Education;0.06325052678585052;RDF604;Arts (arts, history of arts, performing arts, music), architecture and design;0.03138042986392975;RDF202;Industrial, systems and processes engineering;0.029535340145230293
632;Advances in functional linear regression (Mathematics and Statistics);RDF20-21;Engineering and technology;0.43933120369911194;RDF10;Natural sciences;0.2426217496395111;RDF50;Social sciences;0.2174847275018692;RDF101;Mathematics and statistics;0.9958012700080872;RDF503;Education;0.02843603305518627;RDF212;Other engineering and technologies;0.00307536986656487;RDF509;Other social sciences;0.002714985515922308;RDF107;Other natural sciences;0.002217013156041503
633;Modélisation et choix du mode de réalisation dans les projets de construction (Civil, Industrial and Systems Engineering);RDF20-21;Engineering and technology;0.9983274340629578;RDF50;Social sciences;0.0005435988423414528;RDF10;Natural sciences;0.000450659281341359;RDF202;Industrial, systems and processes engineering;0.03283695876598358;RDF212;Other engineering and technologies;0.009268013760447502;RDF201;Civil engineering, maritime engineering, transport engineering, and mining engineering;0.008445626124739647;RDF103;Physical sciences;0.003483423963189125;RDF604;Arts (arts, history of arts, performing arts, music), architecture and design;0.0004108485300093889
634;An in silico platform simulating cell metabolic behavior (Materials and Chemical Engineering);RDF20-21;Engineering and technology;0.9880231022834778;RDF30;Medical, health and life sciences;0.007426695432513952;RDF10;Natural sciences;0.0031941819470375776;RDF104;Chemical sciences;0.9092645049095154;RDF205;Chemical engineering;0.6255810856819153;RDF210;Industrial biotechnology;0.15921741724014282;RDF106;Biological sciences;0.06187598034739494;RDF211;Nano-technology;0.04742587357759476
635;Commande optimale stochastique avec applications en épidémiologie et en fiabilité (Civil, Industrial and Systems Engineering);RDF20-21;Engineering and technology;0.9973012208938599;RDF10;Natural sciences;0.0011496158549562097;RDF50;Social sciences;0.0008953217184171081;RDF101;Mathematics and statistics;0.18242551386356354;RDF202;Industrial, systems and processes engineering;0.06052938848733902;RDF103;Physical sciences;0.042087726294994354;RDF212;Other engineering and technologies;0.01640303246676922;RDF201;Civil engineering, maritime engineering, transport engineering, and mining engineering;0.006097562611103058
636;Reinforcement Learning in Electricity Markets with Storage Technologies;RDF20-21;Engineering and technology;0.9881620407104492;RDF10;Natural sciences;0.005105006042867899;RDF50;Social sciences;0.004795709624886513;RDF502;Economics and business administration;0.9369805455207825;RDF203;Electrical engineering, computer engineering, and information engineering;0.788257360458374;RDF501;Psychology and cognitive sciences;0.16132023930549622;RDF102;Computer and information sciences;0.1139734610915184;RDF212;Other engineering and technologies;0.0443485863506794
637;Advancing psychobiology of abnormal repetitive behaviours in carnivorous species (Biological Systems and Functions);RDF10;Natural sciences;0.654537558555603;RDF30;Medical, health and life sciences;0.3032015562057495;RDF40;Agricultural and veterinary sciences;0.036071084439754486;RDF106;Biological sciences;0.9909446835517883;RDF501;Psychology and cognitive sciences;0.5815407633781433;RDF402;Animal and dairy sciences;0.5048826336860657;RDF301;Basic medicine and life sciences;0.37439030408859253;RDF303;Health sciences;0.22034244239330292
638;Du politique dans l'usage des archives filmiques : enjeux contemporains de la production documentaire;RDF60;Humanities and the arts;0.9138420224189758;RDF50;Social sciences;0.056622572243213654;RDF20-21;Engineering and technology;0.023788927122950554;RDF508;Media and communications;0.9864678382873535;RDF601;History, archaeology and related studies;0.7708100080490112;RDF506;Political science and policy administration;0.4843800961971283;RDF604;Arts (arts, history of arts, performing arts, music), architecture and design;0.33350321650505066;RDF103;Physical sciences;0.10894504934549332
639;Neuroinflammation as a biomarker for epilepsy and neuropsychiatric comorbidities among people with tuberous sclerosis complex: a prospective, multicentre study;RDF30;Medical, health and life sciences;0.9838413000106812;RDF10;Natural sciences;0.009275737218558788;RDF50;Social sciences;0.003958398941904306;RDF106;Biological sciences;0.9884918332099915;RDF303;Health sciences;0.9868787527084351;RDF302;Clinical medicine;0.948537290096283;RDF304;Medical biotechnology;0.8844391107559204;RDF207;Medical and biomedical engineering;0.8464508056640625
640;Quels sont les dimensions et savoirs spécifiques à la coordination des services et des soins des personnes ayant des besoins complexes? (Multidisciplinary or interdisciplinary social sciences);RDF50;Social sciences;0.9939417839050293;RDF20-21;Engineering and technology;0.003698504762724042;RDF30;Medical, health and life sciences;0.0009648126433603466;RDF504;Sociology and related studies;0.3468177616596222;RDF509;Other social sciences;0.1063188686966896;RDF503;Education;0.10230471193790436;RDF502;Economics and business administration;0.07751765847206116;RDF507;Social and economic geography;0.0384661927819252
641;Determining spatial arrangement, stoichiometry, and substrate specificity of messenger RNA-binding proteins along the gene expression pathway (Genes, Cells and Molecules);RDF30;Medical, health and life sciences;0.5542793869972229;RDF20-21;Engineering and technology;0.2879779040813446;RDF10;Natural sciences;0.14235073328018188;RDF106;Biological sciences;0.9920002222061157;RDF301;Basic medicine and life sciences;0.814643383026123;RDF304;Medical biotechnology;0.7866228222846985;RDF207;Medical and biomedical engineering;0.4877953827381134;RDF104;Chemical sciences;0.35925260186195374
642;Plateformes et usages : cinéma, télévision, jeu vidéo et création numérique;RDF20-21;Engineering and technology;0.9459631443023682;RDF60;Humanities and the arts;0.044243283569812775;RDF50;Social sciences;0.005284106824547052;RDF508;Media and communications;0.9953181743621826;RDF102;Computer and information sciences;0.9319595694541931;RDF203;Electrical engineering, computer engineering, and information engineering;0.6658452749252319;RDF212;Other engineering and technologies;0.3690592348575592;RDF604;Arts (arts, history of arts, performing arts, music), architecture and design;0.11008787900209427
643;Time to investigate human visual shape perception and recognition (Biological Systems and Functions);RDF10;Natural sciences;0.8304716944694519;RDF30;Medical, health and life sciences;0.13168872892856598;RDF20-21;Engineering and technology;0.029780946671962738;RDF106;Biological sciences;0.9856076836585999;RDF501;Psychology and cognitive sciences;0.9121236205101013;RDF207;Medical and biomedical engineering;0.14080816507339478;RDF107;Other natural sciences;0.058776553720235825;RDF301;Basic medicine and life sciences;0.052618954330682755
644;The gamification of online stochastic optimization problems;RDF20-21;Engineering and technology;0.9926377534866333;RDF50;Social sciences;0.00249925022944808;RDF60;Humanities and the arts;0.00182849052362144;RDF102;Computer and information sciences;0.9805806875228882;RDF101;Mathematics and statistics;0.8113772869110107;RDF212;Other engineering and technologies;0.7509182691574097;RDF203;Electrical engineering, computer engineering, and information engineering;0.16238003969192505;RDF501;Psychology and cognitive sciences;0.046378206461668015
645;Effects of an Open Lung protective protective EXTubation strategy compared to a conventional extubation strategy on postoperative pulmonary complications after general anesthesia as part of a comprehensive lung protective ventilation strategy: a multicenter pilot randomized controlled trial (OLEXT-3 study);RDF30;Medical, health and life sciences;0.97978675365448;RDF10;Natural sciences;0.0082160122692585;RDF20-21;Engineering and technology;0.007901261560618877;RDF303;Health sciences;0.9893474578857422;RDF302;Clinical medicine;0.9681411981582642;RDF106;Biological sciences;0.9136765599250793;RDF207;Medical and biomedical engineering;0.4577426314353943;RDF301;Basic medicine and life sciences;0.1710612028837204
646;Additively manufactured composite parts service properties prediction : an essential step to unleash the full potential of additive manufacturing of composites;RDF20-21;Engineering and technology;0.9792362451553345;RDF10;Natural sciences;0.010793676599860191;RDF30;Medical, health and life sciences;0.006007585674524307;RDF206;Materials engineering and resources engineering;0.9671630859375;RDF103;Physical sciences;0.9099070429801941;RDF104;Chemical sciences;0.7676898837089539;RDF202;Industrial, systems and processes engineering;0.5804709792137146;RDF212;Other engineering and technologies;0.2354598194360733
647;Transcriptional regulation by long noncoding RNAs (Genes, Cells and Molecules);RDF10;Natural sciences;0.6336524486541748;RDF30;Medical, health and life sciences;0.3186204731464386;RDF20-21;Engineering and technology;0.04114595428109169;RDF106;Biological sciences;0.9975274205207825;RDF301;Basic medicine and life sciences;0.7577943801879883;RDF304;Medical biotechnology;0.5715274810791016;RDF207;Medical and biomedical engineering;0.07004895806312561;RDF305;Other medical sciences;0.030444348230957985
648;Outils et méthodes de planification des services d'autopartage;RDF20-21;Engineering and technology;0.9532812237739563;RDF50;Social sciences;0.016791073605418205;RDF30;Medical, health and life sciences;0.016660405322909355;RDF102;Computer and information sciences;0.8407825827598572;RDF604;Arts (arts, history of arts, performing arts, music), architecture and design;0.8250265121459961;RDF202;Industrial, systems and processes engineering;0.5009765625;RDF103;Physical sciences;0.25349122285842896;RDF212;Other engineering and technologies;0.199619859457016
649;Sécurité de l'internet des objets dans les villes intelligentes (Computer Science);RDF20-21;Engineering and technology;0.9958246946334839;RDF60;Humanities and the arts;0.0012411908246576786;RDF10;Natural sciences;0.0010783652542158961;RDF102;Computer and information sciences;0.9959926605224609;RDF203;Electrical engineering, computer engineering, and information engineering;0.5529018640518188;RDF604;Arts (arts, history of arts, performing arts, music), architecture and design;0.008187909610569477;RDF212;Other engineering and technologies;0.006903837900608778;RDF508;Media and communications;0.0019267345778644085
650;Understanding the early pathogenesis of necrotic enteritis in chickens (Biological Systems and Functions);RDF10;Natural sciences;0.3626217842102051;RDF40;Agricultural and veterinary sciences;0.3200125992298126;RDF30;Medical, health and life sciences;0.31505125761032104;RDF106;Biological sciences;0.9942250847816467;RDF402;Animal and dairy sciences;0.9924812912940979;RDF303;Health sciences;0.980280876159668;RDF403;Veterinary sciences;0.9775429368019104;RDF301;Basic medicine and life sciences;0.9603611826896667
651;Trajectoire vers la sécurité des femmes en situation de handicap victimes de violence conjugale: une recherche-action intersectorielle en soutien aux droits des femmes;RDF50;Social sciences;0.8465272188186646;RDF30;Medical, health and life sciences;0.09647339582443237;RDF20-21;Engineering and technology;0.0251665897667408;RDF504;Sociology and related studies;0.7498206496238708;RDF506;Political science and policy administration;0.3802410066127777;RDF507;Social and economic geography;0.35756751894950867;RDF303;Health sciences;0.1108556017279625;RDF505;Law and legal practice;0.10557883977890015
652;Regard des travailleuses sociales sur leur pratique professionnelle d'évaluation psychosociale à la suite de l'entrée en vigueur de la Loi visant à mieux protéger les personnes en situation de vulnérabilité : une étude à devis mixte;RDF50;Social sciences;0.5597264170646667;RDF30;Medical, health and life sciences;0.22438998520374298;RDF60;Humanities and the arts;0.19648243486881256;RDF501;Psychology and cognitive sciences;0.945801317691803;RDF504;Sociology and related studies;0.9230391979217529;RDF507;Social and economic geography;0.8910549283027649;RDF502;Economics and business administration;0.8370879888534546;RDF604;Arts (arts, history of arts, performing arts, music), architecture and design;0.6981236934661865
653;La police face à la justice : une analyse des systèmes de gestion des déviances policières au Québec (Law and criminology);RDF50;Social sciences;0.839824378490448;RDF20-21;Engineering and technology;0.09759722650051117;RDF60;Humanities and the arts;0.02246815524995327;RDF506;Political science and policy administration;0.1629120409488678;RDF505;Law and legal practice;0.06903793662786484;RDF509;Other social sciences;0.006903837900608778;RDF605;Other humanities;0.00407013762742281;RDF101;Mathematics and statistics;0.0036499870475381613
654;Soigner et gouverner les corps autochtones: santé et médecine coloniale au Québec, 1855-1904 (History);RDF50;Social sciences;0.6570448279380798;RDF30;Medical, health and life sciences;0.158519446849823;RDF60;Humanities and the arts;0.14775636792182922;RDF601;History, archaeology and related studies;0.9938069581985474;RDF507;Social and economic geography;0.26779094338417053;RDF503;Education;0.22884511947631836;RDF504;Sociology and related studies;0.13706977665424347;RDF506;Political science and policy administration;0.13206614553928375
655;Development of near infrared spectroscopy (NIRS) and electroencephalography (EEG) methods to study neurovascular mechanisms of brain development (Physics);RDF10;Natural sciences;0.9308384656906128;RDF20-21;Engineering and technology;0.05050252377986908;RDF30;Medical, health and life sciences;0.013277698308229446;RDF103;Physical sciences;0.9874720573425293;RDF106;Biological sciences;0.04535257816314697;RDF107;Other natural sciences;0.015663649886846542;RDF207;Medical and biomedical engineering;0.01484241709113121;RDF603;Philosophy;0.004681822378188372
656;Role of vitamin K-dependent gamma-carboxylation in beta cell and diabetes (Diabetes, Obesity, Lipid & Lipoprotein Disorders);RDF30;Medical, health and life sciences;0.8263983726501465;RDF10;Natural sciences;0.14473283290863037;RDF20-21;Engineering and technology;0.024760868400335312;RDF106;Biological sciences;0.9757623672485352;RDF304;Medical biotechnology;0.9688562154769897;RDF303;Health sciences;0.9273633360862732;RDF207;Medical and biomedical engineering;0.8962513208389282;RDF104;Chemical sciences;0.8433797955513
657;Competition in the Canadian Mobile Telecommunications Industry: Weak Signals? (Economics);RDF50;Social sciences;0.5061030983924866;RDF20-21;Engineering and technology;0.2883688509464264;RDF60;Humanities and the arts;0.08392012119293213;RDF502;Economics and business administration;0.980431318283081;RDF508;Media and communications;0.896975576877594;RDF507;Social and economic geography;0.03704717010259628;RDF203;Electrical engineering, computer engineering, and information engineering;0.028007522225379944;RDF102;Computer and information sciences;0.01353214867413044
658;Gut-lung axis in equine asthma (Biological Systems and Functions);RDF30;Medical, health and life sciences;0.676277756690979;RDF10;Natural sciences;0.3194509744644165;RDF20-21;Engineering and technology;0.0020538761746138334;RDF106;Biological sciences;0.9945730566978455;RDF303;Health sciences;0.9890130162239075;RDF207;Medical and biomedical engineering;0.973036527633667;RDF301;Basic medicine and life sciences;0.9477691054344177;RDF304;Medical biotechnology;0.9170058369636536
659;Several aspects of L-functions (Mathematics and Statistics);RDF20-21;Engineering and technology;0.5164130926132202;RDF10;Natural sciences;0.2721305787563324;RDF50;Social sciences;0.0955268144607544;RDF101;Mathematics and statistics;0.9966233372688293;RDF503;Education;0.014728613197803497;RDF212;Other engineering and technologies;0.0013670256594195962;RDF102;Computer and information sciences;0.000656372809316963;RDF604;Arts (arts, history of arts, performing arts, music), architecture and design;0.00037409557262435555
660;Estimating the Effects of Government Spending Along the Supply Chain;RDF50;Social sciences;0.8127283453941345;RDF20-21;Engineering and technology;0.13017165660858154;RDF10;Natural sciences;0.028819192200899124;RDF502;Economics and business administration;0.9944450259208679;RDF101;Mathematics and statistics;0.24908176064491272;RDF202;Industrial, systems and processes engineering;0.17781086266040802;RDF506;Political science and policy administration;0.08064661920070648;RDF509;Other social sciences;0.07107367366552353
661;Using calorespirometry to assemble a complete picture of acute hypoxic metabolic depression in fishes (Biological Systems and Functions);RDF10;Natural sciences;0.5015566945075989;RDF30;Medical, health and life sciences;0.4785887598991394;RDF20-21;Engineering and technology;0.011343605816364288;RDF106;Biological sciences;0.9903663396835327;RDF207;Medical and biomedical engineering;0.9238675236701965;RDF304;Medical biotechnology;0.9155072569847107;RDF301;Basic medicine and life sciences;0.9059897661209106;RDF303;Health sciences;0.696784257888794
662;Electronic structure theory: Merging wave function theory, density functional theory, and machine learning (Chemistry);RDF20-21;Engineering and technology;0.6535555124282837;RDF10;Natural sciences;0.2348601073026657;RDF60;Humanities and the arts;0.034367624670267105;RDF104;Chemical sciences;0.9930961728096008;RDF205;Chemical engineering;0.04922211170196533;RDF101;Mathematics and statistics;0.014842418022453785;RDF103;Physical sciences;0.0013670256594195962;RDF212;Other engineering and technologies;0.0011335689341649413
663;Comprehensive lipidomics to identify novel players involved in the onset of cardiac manifestations of non-alcoholic fatty liver disease;RDF30;Medical, health and life sciences;0.9686049818992615;RDF20-21;Engineering and technology;0.013816406950354576;RDF10;Natural sciences;0.012678648345172405;RDF106;Biological sciences;0.9790357947349548;RDF303;Health sciences;0.9664105176925659;RDF304;Medical biotechnology;0.9252299666404724;RDF302;Clinical medicine;0.921640157699585;RDF207;Medical and biomedical engineering;0.8077640533447266
664;Longitudinal monitoring of visual function during cortical impairment in mice (Systems & Circuits Neurosciences);RDF30;Medical, health and life sciences;0.597812294960022;RDF20-21;Engineering and technology;0.3912898898124695;RDF10;Natural sciences;0.00531546538695693;RDF106;Biological sciences;0.9635062217712402;RDF207;Medical and biomedical engineering;0.9485372304916382;RDF304;Medical biotechnology;0.08093671500682831;RDF301;Basic medicine and life sciences;0.003945406526327133;RDF203;Electrical engineering, computer engineering, and information engineering;0.003765413537621498
665;Gouvernance et acceptabilité sociale des grands projets publics;RDF50;Social sciences;0.9001262784004211;RDF60;Humanities and the arts;0.062462493777275085;RDF10;Natural sciences;0.012990959919989109;RDF502;Economics and business administration;0.9697853922843933;RDF506;Political science and policy administration;0.9623913764953613;RDF504;Sociology and related studies;0.8719117641448975;RDF507;Social and economic geography;0.086941659450531;RDF509;Other social sciences;0.03358950465917587
666;Structural and functional changes in the brain of early and late blind individuals (Behavioural Sciences – Behavioural Studies, Neuroscience and Cognition);RDF30;Medical, health and life sciences;0.9728916883468628;RDF20-21;Engineering and technology;0.016609257087111473;RDF10;Natural sciences;0.005226335022598505;RDF501;Psychology and cognitive sciences;0.6048658490180969;RDF207;Medical and biomedical engineering;0.04501552879810333;RDF303;Health sciences;0.00806199200451374;RDF106;Biological sciences;0.008061991073191166;RDF503;Education;0.0071214293129742146
667;New unsupervised Bayesian and energy-based models dedicated to image processing and computer vision applications (Computer Science);RDF20-21;Engineering and technology;0.9939417839050293;RDF10;Natural sciences;0.0018890113569796085;RDF30;Medical, health and life sciences;0.0012388438917696476;RDF102;Computer and information sciences;0.996726930141449;RDF203;Electrical engineering, computer engineering, and information engineering;0.7446563839912415;RDF212;Other engineering and technologies;0.0017546144081279635;RDF501;Psychology and cognitive sciences;0.0003150386910419911;RDF101;Mathematics and statistics;0.00021654403826687485
668;Phenomenology and The Norms of Perception (Philosophy);RDF60;Humanities and the arts;0.46904775500297546;RDF30;Medical, health and life sciences;0.17942675948143005;RDF10;Natural sciences;0.17121019959449768;RDF603;Philosophy;0.9997131824493408;RDF501;Psychology and cognitive sciences;0.7401743531227112;RDF503;Education;0.6104534864425659;RDF604;Arts (arts, history of arts, performing arts, music), architecture and design;0.007937993854284286;RDF602;Languages and literature;0.007232764270156622
669;Intelligent API Engineering: Systematically Leveraging APIs Through Development Knowledge and Usage Data;RDF20-21;Engineering and technology;0.9966574311256409;RDF30;Medical, health and life sciences;0.0011135266395285726;RDF50;Social sciences;0.0010792670072987676;RDF102;Computer and information sciences;0.9945730566978455;RDF203;Electrical engineering, computer engineering, and information engineering;0.902265727519989;RDF212;Other engineering and technologies;0.13660839200019836;RDF104;Chemical sciences;0.004681822843849659;RDF603;Philosophy;0.0028449094388633966
670;Investigating mechanisms involved in vestibular substitution (Biological Systems and Functions);RDF30;Medical, health and life sciences;0.9463100433349609;RDF10;Natural sciences;0.03770957514643669;RDF20-21;Engineering and technology;0.013083087280392647;RDF106;Biological sciences;0.9890130162239075;RDF207;Medical and biomedical engineering;0.9736446738243103;RDF304;Medical biotechnology;0.7341195344924927;RDF303;Health sciences;0.4564097821712494;RDF301;Basic medicine and life sciences;0.4426364600658417
671;« COVID-19 » Migration en ligne et évaluation des impacts d'un programme de groupes de codéveloppement professionnel dans la fonction publique québécoise;RDF50;Social sciences;0.5106427073478699;RDF30;Medical, health and life sciences;0.3743245601654053;RDF20-21;Engineering and technology;0.08417817950248718;RDF502;Economics and business administration;0.9372107982635498;RDF303;Health sciences;0.11838509142398834;RDF506;Political science and policy administration;0.09401018172502518;RDF102;Computer and information sciences;0.0844927579164505;RDF508;Media and communications;0.06903792917728424
672;Multibody modelling to prototype next generation portable exoskeletons for everyday assistance (Mechanical Engineering);RDF20-21;Engineering and technology;0.9930643439292908;RDF30;Medical, health and life sciences;0.005547212436795235;RDF10;Natural sciences;0.0006223799427971244;RDF204;Mechanical engineering;0.9991832971572876;RDF103;Physical sciences;0.030675802379846573;RDF211;Nano-technology;0.006388320587575436;RDF303;Health sciences;0.004264635033905506;RDF212;Other engineering and technologies;0.0024343819823116064
673;Biomaterials-stimulated tissue regeneration and extracellular vesicles (Genes, Cells and Molecules);RDF30;Medical, health and life sciences;0.44177374243736267;RDF20-21;Engineering and technology;0.415008008480072;RDF10;Natural sciences;0.14230680465698242;RDF207;Medical and biomedical engineering;0.986151397228241;RDF106;Biological sciences;0.9833430051803589;RDF304;Medical biotechnology;0.9801293015480042;RDF301;Basic medicine and life sciences;0.9233161807060242;RDF303;Health sciences;0.7809967398643494
674;Clinical Investigation in Canine and Feline Transfusion Medicine: Novel Blood Groups and their Clinical Significance (Biological Systems and Functions);RDF30;Medical, health and life sciences;0.8550165295600891;RDF40;Agricultural and veterinary sciences;0.13528326153755188;RDF10;Natural sciences;0.007813150994479656;RDF403;Veterinary sciences;0.9958012104034424;RDF303;Health sciences;0.9944880604743958;RDF302;Clinical medicine;0.9908743500709534;RDF106;Biological sciences;0.9826909303665161;RDF207;Medical and biomedical engineering;0.9661559462547302
675;Uauitamutau assi. Terminologie de l'environnement en langue innue (innu-aimun) (Psychology, linguistics and translation);RDF60;Humanities and the arts;0.3151591122150421;RDF20-21;Engineering and technology;0.2552236318588257;RDF10;Natural sciences;0.24737121164798737;RDF208;Environmental engineering and related engineering;0.8969755172729492;RDF602;Languages and literature;0.753648042678833;RDF105;Earth and related environmental sciences;0.4176277220249176;RDF503;Education;0.07290028035640717;RDF605;Other humanities;0.051082734018564224
676;Novel role of exercise timing to improve obesity prevention and treatment (Nutrition, Food & Health);RDF30;Medical, health and life sciences;0.9208999872207642;RDF10;Natural sciences;0.046570923179388046;RDF20-21;Engineering and technology;0.020665721967816353;RDF303;Health sciences;0.9923043847084045;RDF503;Education;0.027376489713788033;RDF301;Basic medicine and life sciences;0.019568676128983498;RDF207;Medical and biomedical engineering;0.017045317217707634;RDF103;Physical sciences;0.015306354500353336
677;Impact of vascular injury derived exosomes on Lupus Nephritis (Genes, Cells and Molecules);RDF30;Medical, health and life sciences;0.9215893149375916;RDF10;Natural sciences;0.06754664331674576;RDF20-21;Engineering and technology;0.008756968192756176;RDF106;Biological sciences;0.9944450259208679;RDF304;Medical biotechnology;0.9905142784118652;RDF303;Health sciences;0.9866748452186584;RDF207;Medical and biomedical engineering;0.9726235270500183;RDF302;Clinical medicine;0.8433798551559448
678;Étude des logiques d'action syndicales dans le domaine de la santé mentale au travail: analyses croisées (Québec-France) dans le secteur de l'aérospatial (Business, management and related fields);RDF50;Social sciences;0.5297014117240906;RDF20-21;Engineering and technology;0.33310118317604065;RDF30;Medical, health and life sciences;0.07367453724145889;RDF502;Economics and business administration;0.9736446142196655;RDF507;Social and economic geography;0.8327813148498535;RDF207;Medical and biomedical engineering;0.4478225111961365;RDF303;Health sciences;0.2929997146129608;RDF501;Psychology and cognitive sciences;0.07004896551370621
679;Linking lifestyle behaviors, microbiota & cardiometabolic health from childhood to early adulthood: The QUALITY Cohort (Social & Developmental Aspects of Children's & Youth's Health);RDF30;Medical, health and life sciences;0.935028076171875;RDF10;Natural sciences;0.03432551771402359;RDF50;Social sciences;0.026011670008301735;RDF303;Health sciences;0.9911526441574097;RDF106;Biological sciences;0.9348724484443665;RDF305;Other medical sciences;0.7588681578636169;RDF501;Psychology and cognitive sciences;0.6165318489074707;RDF301;Basic medicine and life sciences;0.5603729486465454
680;Les syndicats face à la crise climatique : Analyse stratégique des ressources et des moyens d'action à mettre en oeuvre au plan local;RDF50;Social sciences;0.4933680295944214;RDF10;Natural sciences;0.465290367603302;RDF20-21;Engineering and technology;0.029745018109679222;RDF208;Environmental engineering and related engineering;0.9334308505058289;RDF502;Economics and business administration;0.9246877431869507;RDF105;Earth and related environmental sciences;0.7749242186546326;RDF506;Political science and policy administration;0.6427688598632812;RDF504;Sociology and related studies;0.5056149363517761
681;Étude du devenir-écrivaine en régime naturaliste : le cas de Georges de Peyrebrune (1841-1917) (Literature);RDF10;Natural sciences;0.44837480783462524;RDF60;Humanities and the arts;0.42451274394989014;RDF40;Agricultural and veterinary sciences;0.09888037294149399;RDF402;Animal and dairy sciences;0.9136765599250793;RDF601;History, archaeology and related studies;0.9099069833755493;RDF208;Environmental engineering and related engineering;0.9082930684089661;RDF602;Languages and literature;0.8316905498504639;RDF105;Earth and related environmental sciences;0.7905303239822388
682;Neutrophil extracellular traps (NETs) are major actors in heart failure with preserved ejection fraction (Cardiovascular System – Heart and Circulation);RDF30;Medical, health and life sciences;0.9704710841178894;RDF20-21;Engineering and technology;0.015322834253311157;RDF10;Natural sciences;0.013004319742321968;RDF303;Health sciences;0.9908034801483154;RDF106;Biological sciences;0.9515039920806885;RDF207;Medical and biomedical engineering;0.9114953279495239;RDF304;Medical biotechnology;0.8539127707481384;RDF302;Clinical medicine;0.7978719472885132
683;Harnessing Twitter for morphophonological variation (Psychology, linguistics and translation);RDF20-21;Engineering and technology;0.4946364164352417;RDF50;Social sciences;0.32821428775787354;RDF60;Humanities and the arts;0.12360664457082748;RDF508;Media and communications;0.9862576723098755;RDF212;Other engineering and technologies;0.24490438401699066;RDF605;Other humanities;0.23828420042991638;RDF602;Languages and literature;0.09501305222511292;RDF501;Psychology and cognitive sciences;0.030908958986401558
684;Multicarrier energy systems for resilient decarbonized communities;RDF20-21;Engineering and technology;0.9346383810043335;RDF10;Natural sciences;0.034311212599277496;RDF50;Social sciences;0.02097402513027191;RDF202;Industrial, systems and processes engineering;0.9019206762313843;RDF212;Other engineering and technologies;0.49243220686912537;RDF211;Nano-technology;0.34953275322914124;RDF203;Electrical engineering, computer engineering, and information engineering;0.21967211365699768;RDF103;Physical sciences;0.16079242527484894
685;Digital Leigh Hunt (Literature);RDF60;Humanities and the arts;0.9162611365318298;RDF20-21;Engineering and technology;0.08038517087697983;RDF30;Medical, health and life sciences;0.0010728314518928528;RDF503;Education;0.9276260137557983;RDF508;Media and communications;0.9175985455513;RDF602;Languages and literature;0.8158201575279236;RDF203;Electrical engineering, computer engineering, and information engineering;0.8053261637687683;RDF102;Computer and information sciences;0.6010082960128784
686;New disposal techniques for reactive mine wastes to improve stability and facilitate site reclamation upon closure (Civil, Industrial and Systems Engineering);RDF20-21;Engineering and technology;0.9893077611923218;RDF10;Natural sciences;0.009327275678515434;RDF50;Social sciences;0.0006297895452007651;RDF208;Environmental engineering and related engineering;0.2404177337884903;RDF201;Civil engineering, maritime engineering, transport engineering, and mining engineering;0.048136770725250244;RDF104;Chemical sciences;0.022116588428616524;RDF103;Physical sciences;0.010169658809900284;RDF107;Other natural sciences;0.00857748556882143
687;Design and operation of Borehole Thermal Energy Storage systems (Mechanical Engineering);RDF20-21;Engineering and technology;0.9980108737945557;RDF10;Natural sciences;0.0010639774845913053;RDF30;Medical, health and life sciences;0.0002607388887554407;RDF204;Mechanical engineering;0.9986749887466431;RDF103;Physical sciences;0.4576214551925659;RDF211;Nano-technology;0.037892427295446396;RDF206;Materials engineering and resources engineering;0.002182716503739357;RDF202;Industrial, systems and processes engineering;0.000954731716774404
688;Mechanisms and consequences of spatially controlled G protein-coupled receptor signaling (Pharmacology & Toxicology);RDF30;Medical, health and life sciences;0.9841104745864868;RDF10;Natural sciences;0.007169695571064949;RDF20-21;Engineering and technology;0.0069491071626544;RDF303;Health sciences;0.8524448275566101;RDF301;Basic medicine and life sciences;0.6921219825744629;RDF104;Chemical sciences;0.6594188809394836;RDF106;Biological sciences;0.31111282110214233;RDF207;Medical and biomedical engineering;0.028870906680822372
689;L'humain au coeur de la transformation du travail;RDF60;Humanities and the arts;0.3313954472541809;RDF50;Social sciences;0.33010348677635193;RDF10;Natural sciences;0.12851515412330627;RDF604;Arts (arts, history of arts, performing arts, music), architecture and design;0.8807970285415649;RDF603;Philosophy;0.7289412617683411;RDF502;Economics and business administration;0.5911333560943604;RDF501;Psychology and cognitive sciences;0.5348554849624634;RDF507;Social and economic geography;0.37376153469085693
690;Vers une nouvelle constitution du travail? Les libertés et droits fondamentaux des salarié.es comme assise des rapports de travail/Towards a New Constitution of Labour? Workers' Fundamental Rights and Freedoms as the Basis of Labour Relations (Law and criminology);RDF50;Social sciences;0.9513450860977173;RDF10;Natural sciences;0.014962291345000267;RDF60;Humanities and the arts;0.012404175475239754;RDF502;Economics and business administration;0.3871398866176605;RDF506;Political science and policy administration;0.31111282110214233;RDF505;Law and legal practice;0.10856642574071884;RDF202;Industrial, systems and processes engineering;0.05665242671966553;RDF509;Other social sciences;0.05460060015320778
691;Monitoring and Debugging of High Performance Distributed Heterogeneous Cloud Applications;RDF20-21;Engineering and technology;0.9947525262832642;RDF50;Social sciences;0.0017484750133007765;RDF30;Medical, health and life sciences;0.001361713744699955;RDF102;Computer and information sciences;0.9936116337776184;RDF203;Electrical engineering, computer engineering, and information engineering;0.8745065927505493;RDF212;Other engineering and technologies;0.06560484319925308;RDF206;Materials engineering and resources engineering;0.007695646956562996;RDF211;Nano-technology;0.0019267348106950521
692;The role of Parkinson's disease-related proteins in innate and adaptive immunity (Cell Biology – Physiology);RDF30;Medical, health and life sciences;0.8762104511260986;RDF10;Natural sciences;0.10424043238162994;RDF20-21;Engineering and technology;0.010483735240995884;RDF106;Biological sciences;0.9906599521636963;RDF304;Medical biotechnology;0.7487199306488037;RDF301;Basic medicine and life sciences;0.35488006472587585;RDF303;Health sciences;0.2762998044490814;RDF207;Medical and biomedical engineering;0.12940272688865662
693;Étude partenariale sur la médiation de la musique: institutionnalisation, professionnalisation, intervention;RDF60;Humanities and the arts;0.9025015830993652;RDF20-21;Engineering and technology;0.03287361562252045;RDF30;Medical, health and life sciences;0.03136822581291199;RDF508;Media and communications;0.9902161359786987;RDF604;Arts (arts, history of arts, performing arts, music), architecture and design;0.9742394089698792;RDF503;Education;0.7934262156486511;RDF207;Medical and biomedical engineering;0.06371499598026276;RDF212;Other engineering and technologies;0.020332353189587593
694;Planification en temps réel dans les mines souterraines;RDF10;Natural sciences;0.5411167740821838;RDF20-21;Engineering and technology;0.44164666533470154;RDF50;Social sciences;0.009833772666752338;RDF103;Physical sciences;0.8692713379859924;RDF502;Economics and business administration;0.8665847778320312;RDF206;Materials engineering and resources engineering;0.8370879888534546;RDF201;Civil engineering, maritime engineering, transport engineering, and mining engineering;0.8305941224098206;RDF604;Arts (arts, history of arts, performing arts, music), architecture and design;0.40133583545684814
695;Applications of operations research to transportation, logistics, fairness issues, and other topics (Civil, Industrial and Systems Engineering);RDF20-21;Engineering and technology;0.9975686073303223;RDF50;Social sciences;0.0011680327588692307;RDF10;Natural sciences;0.0006974642165005207;RDF202;Industrial, systems and processes engineering;0.2805178165435791;RDF201;Civil engineering, maritime engineering, transport engineering, and mining engineering;0.029986506327986717;RDF212;Other engineering and technologies;0.022457055747509003;RDF509;Other social sciences;0.0022872276604175568;RDF103;Physical sciences;0.0016484828665852547
696;Multiplexed and quantitative immunolabelling for cancer diagnostics using gold-silver alloy nanoprobes;RDF30;Medical, health and life sciences;0.6291136741638184;RDF20-21;Engineering and technology;0.3420431613922119;RDF10;Natural sciences;0.02788533829152584;RDF211;Nano-technology;0.9944450855255127;RDF303;Health sciences;0.9937100410461426;RDF106;Biological sciences;0.9890130758285522;RDF207;Medical and biomedical engineering;0.9881308674812317;RDF304;Medical biotechnology;0.9874721169471741
697;Plasma processing for environment and cell-biology;RDF20-21;Engineering and technology;0.8368434309959412;RDF10;Natural sciences;0.1263444572687149;RDF30;Medical, health and life sciences;0.03598681464791298;RDF104;Chemical sciences;0.9388007521629333;RDF106;Biological sciences;0.8872045874595642;RDF103;Physical sciences;0.4532618522644043;RDF210;Industrial biotechnology;0.3011564612388611;RDF212;Other engineering and technologies;0.2818007171154022
698;Dynamic Games in Management (Civil, Industrial and Systems Engineering);RDF20-21;Engineering and technology;0.9855334162712097;RDF50;Social sciences;0.009661829099059105;RDF60;Humanities and the arts;0.0021224222145974636;RDF202;Industrial, systems and processes engineering;0.14706450700759888;RDF502;Economics and business administration;0.04177388548851013;RDF212;Other engineering and technologies;0.007577241398394108;RDF201;Civil engineering, maritime engineering, transport engineering, and mining engineering;0.0064882696606218815;RDF509;Other social sciences;0.004681822378188372
699;Improved design and operations of building water systems to reduce health risks caused by water & energy conservation and extended shutdowns (Civil, Industrial and Systems Engineering);RDF20-21;Engineering and technology;0.995617687702179;RDF10;Natural sciences;0.002840523375198245;RDF50;Social sciences;0.0005421233363449574;RDF208;Environmental engineering and related engineering;0.02843603305518627;RDF202;Industrial, systems and processes engineering;0.022629201412200928;RDF103;Physical sciences;0.014957086183130741;RDF201;Civil engineering, maritime engineering, transport engineering, and mining engineering;0.008187909610569477;RDF212;Other engineering and technologies;0.005911068990826607
700;Shoulder musculoskeletal modeling: from data-tracking to predictive simulations (Mechanical Engineering);RDF20-21;Engineering and technology;0.9894464612007141;RDF30;Medical, health and life sciences;0.00816837977617979;RDF10;Natural sciences;0.001233240938745439;RDF204;Mechanical engineering;0.9978842735290527;RDF303;Health sciences;0.009268013760447502;RDF305;Other medical sciences;0.005641908850520849;RDF207;Medical and biomedical engineering;0.005301895085722208;RDF301;Basic medicine and life sciences;0.0032730652019381523
701;Sustainable aqueous Sodium-ion batteries (Chemistry);RDF20-21;Engineering and technology;0.9732955694198608;RDF10;Natural sciences;0.017550155520439148;RDF30;Medical, health and life sciences;0.0026914034970104694;RDF104;Chemical sciences;0.9983770251274109;RDF205;Chemical engineering;0.24472381174564362;RDF206;Materials engineering and resources engineering;0.02595735900104046;RDF212;Other engineering and technologies;0.005819959100335836;RDF103;Physical sciences;0.001081715221516788
702;Eigenvectors of Random Matrices (Mathematics and Statistics);RDF20-21;Engineering and technology;0.6162042021751404;RDF10;Natural sciences;0.20162124931812286;RDF50;Social sciences;0.05342430993914604;RDF101;Mathematics and statistics;0.9985895752906799;RDF503;Education;0.0026730059180408716;RDF212;Other engineering and technologies;0.001838665222749114;RDF206;Materials engineering and resources engineering;0.0012843081494793296;RDF203;Electrical engineering, computer engineering, and information engineering;0.0012255674228072166
703;Cellular Reprogramming in Retinal Vascular Development (Genes, Cells and Molecules);RDF30;Medical, health and life sciences;0.7692154049873352;RDF20-21;Engineering and technology;0.15750126540660858;RDF10;Natural sciences;0.0723915621638298;RDF106;Biological sciences;0.9932549595832825;RDF207;Medical and biomedical engineering;0.9845754504203796;RDF304;Medical biotechnology;0.9801293015480042;RDF301;Basic medicine and life sciences;0.8446654081344604;RDF303;Health sciences;0.7959754467010498
704;Creating Virtual Shapes via Intuitive Input (Computer Science);RDF20-21;Engineering and technology;0.9979391098022461;RDF60;Humanities and the arts;0.0007427224772982299;RDF30;Medical, health and life sciences;0.00042319053318351507;RDF102;Computer and information sciences;0.9985220432281494;RDF203;Electrical engineering, computer engineering, and information engineering;0.7585105895996094;RDF212;Other engineering and technologies;0.026963498443365097;RDF211;Nano-technology;0.002757622394710779;RDF604;Arts (arts, history of arts, performing arts, music), architecture and design;0.002019014209508896
705;Data-adaptive causal inference methods for effect modification (Mathematics and Statistics);RDF10;Natural sciences;0.2892674505710602;RDF50;Social sciences;0.2633810043334961;RDF20-21;Engineering and technology;0.22178903222084045;RDF101;Mathematics and statistics;0.9943140745162964;RDF503;Education;0.007232764270156622;RDF509;Other social sciences;0.002981032943353057;RDF107;Other natural sciences;0.002631674287840724;RDF305;Other medical sciences;0.0026316740550100803
706;40 ans de changement linguistique à Montréal et à Welland: le rôle de l'individu et de la communauté (Linguistics and translation);RDF20-21;Engineering and technology;0.36654695868492126;RDF50;Social sciences;0.3337448239326477;RDF60;Humanities and the arts;0.1348450928926468;RDF602;Languages and literature;0.9178933501243591;RDF503;Education;0.3222059905529022;RDF601;History, archaeology and related studies;0.018404889851808548;RDF508;Media and communications;0.009633652865886688;RDF604;Arts (arts, history of arts, performing arts, music), architecture and design;0.004905405454337597
707;Using digital and immersive technologies to understand the contribution of sensory, perceptual, affective, cognitive and physiological factors to Social Information Processing (Biological Systems and Functions);RDF20-21;Engineering and technology;0.9398521780967712;RDF50;Social sciences;0.04499989375472069;RDF10;Natural sciences;0.006741097196936607;RDF102;Computer and information sciences;0.858244001865387;RDF501;Psychology and cognitive sciences;0.8227594494819641;RDF212;Other engineering and technologies;0.796609103679657;RDF203;Electrical engineering, computer engineering, and information engineering;0.438785195350647;RDF106;Biological sciences;0.3713645935058594
708;Climate Change and Human Rights: Responsibility and Reparation;RDF50;Social sciences;0.9073865413665771;RDF10;Natural sciences;0.04661015793681145;RDF60;Humanities and the arts;0.04210876673460007;RDF208;Environmental engineering and related engineering;0.8980534076690674;RDF603;Philosophy;0.7461389899253845;RDF505;Law and legal practice;0.642264187335968;RDF105;Earth and related environmental sciences;0.6417030692100525;RDF504;Sociology and related studies;0.41691532731056213
709;Can journalism's `real utopias' address the crisis of the news media? Exploring journalism cooperatives from an international and comparative perspective (Communications, media studies, gender studies, library and information science, related fields);RDF60;Humanities and the arts;0.4740908741950989;RDF50;Social sciences;0.4559287428855896;RDF10;Natural sciences;0.02200096845626831;RDF508;Media and communications;0.9981613755226135;RDF605;Other humanities;0.06465349346399307;RDF503;Education;0.030675800517201424;RDF509;Other social sciences;0.01640303246676922;RDF603;Philosophy;0.0020507434383034706
710;Improving the integration of novice designers into interdisciplinary collaborative design teams (Multidisciplinary or interdisciplinary humanities);RDF20-21;Engineering and technology;0.8793864250183105;RDF60;Humanities and the arts;0.1137840747833252;RDF50;Social sciences;0.0034292766358703375;RDF604;Arts (arts, history of arts, performing arts, music), architecture and design;0.9572778344154358;RDF212;Other engineering and technologies;0.8003801107406616;RDF102;Computer and information sciences;0.3640989661216736;RDF202;Industrial, systems and processes engineering;0.04603390023112297;RDF508;Media and communications;0.022116590291261673
711;Quel futur professionnel pour les jeunes adultes récemment immigré(e)s à Montréal? Identité, projets professionnels et expériences d'accès aux services (Multidisciplinary or interdisciplinary social sciences);RDF50;Social sciences;0.9947651028633118;RDF20-21;Engineering and technology;0.002838090993463993;RDF60;Humanities and the arts;0.000838938110973686;RDF509;Other social sciences;0.5100084543228149;RDF504;Sociology and related studies;0.23440663516521454;RDF502;Economics and business administration;0.21436230838298798;RDF507;Social and economic geography;0.1766716092824936;RDF503;Education;0.09235980361700058
712;Unravelling regulatory networks of stem cell states using single cell analysis (Cell Biology – Physiology);RDF30;Medical, health and life sciences;0.5384758114814758;RDF10;Natural sciences;0.30741411447525024;RDF20-21;Engineering and technology;0.13482490181922913;RDF106;Biological sciences;0.9975273609161377;RDF304;Medical biotechnology;0.6515488624572754;RDF301;Basic medicine and life sciences;0.1661335527896881;RDF207;Medical and biomedical engineering;0.03138042986392975;RDF305;Other medical sciences;0.02178117260336876
713;Comprendre et soutenir l'entourage des femmes victimes de violence entre partenaires intimes : tissu social, besoins et actions (Mutidisciplinary or interdisciplinary social sciences);RDF50;Social sciences;0.9947054982185364;RDF20-21;Engineering and technology;0.002624647691845894;RDF30;Medical, health and life sciences;0.0016683276044204831;RDF504;Sociology and related studies;0.8740772008895874;RDF509;Other social sciences;0.10484336316585541;RDF503;Education;0.041152890771627426;RDF507;Social and economic geography;0.016657041385769844;RDF206;Materials engineering and resources engineering;0.006003595422953367
714;Development of novel RvD1 analogues for osteoporosis therapy: mechanism of action and structure-activity relationships;RDF30;Medical, health and life sciences;0.6322405338287354;RDF20-21;Engineering and technology;0.23625104129314423;RDF10;Natural sciences;0.12945489585399628;RDF303;Health sciences;0.9911525845527649;RDF304;Medical biotechnology;0.9880388975143433;RDF106;Biological sciences;0.9826909303665161;RDF104;Chemical sciences;0.9763105511665344;RDF207;Medical and biomedical engineering;0.9702399373054504
715;Improving plant biostimulants based on natural products and beneficial microorganisms;RDF10;Natural sciences;0.5215088129043579;RDF30;Medical, health and life sciences;0.3875524699687958;RDF20-21;Engineering and technology;0.053067777305841446;RDF106;Biological sciences;0.9907320141792297;RDF303;Health sciences;0.9700134992599487;RDF301;Basic medicine and life sciences;0.9515039920806885;RDF104;Chemical sciences;0.945801317691803;RDF404;Agricultural biotechnology and food sciences;0.9403530359268188
716;Characterization of the antibacterial activity of some antimicrobial-derived metabolites and their involvement in the development of antimicrobial resistance in bacteria of animal origin (Biological Systems and Functions);RDF10;Natural sciences;0.8160064220428467;RDF30;Medical, health and life sciences;0.16773594915866852;RDF20-21;Engineering and technology;0.008786111138761044;RDF106;Biological sciences;0.9961155652999878;RDF301;Basic medicine and life sciences;0.9102267622947693;RDF104;Chemical sciences;0.28977349400520325;RDF304;Medical biotechnology;0.10706346482038498;RDF303;Health sciences;0.06418264657258987
717;Développement de méthodes rationnelles de maintenance proactive de systèmes industriels (Civil, Industrial and Systems Engineering);RDF20-21;Engineering and technology;0.9978751540184021;RDF50;Social sciences;0.0007426749216392636;RDF10;Natural sciences;0.0006156991585157812;RDF202;Industrial, systems and processes engineering;0.21766991913318634;RDF212;Other engineering and technologies;0.013222821988165379;RDF201;Civil engineering, maritime engineering, transport engineering, and mining engineering;0.00407013762742281;RDF103;Physical sciences;0.0017007222631946206;RDF502;Economics and business administration;0.0010649625910446048
718;Intention Driven Development: Towards a new generation of development platforms;RDF20-21;Engineering and technology;0.9967108964920044;RDF30;Medical, health and life sciences;0.0015951386885717511;RDF60;Humanities and the arts;0.0006649527349509299;RDF102;Computer and information sciences;0.9807288646697998;RDF212;Other engineering and technologies;0.8652240633964539;RDF203;Electrical engineering, computer engineering, and information engineering;0.8201815485954285;RDF508;Media and communications;0.0013670256594195962;RDF604;Arts (arts, history of arts, performing arts, music), architecture and design;0.001048469333909452
719;Decision support systems based on heterogeneous data driven models for a safe and optimal operation of industrial process systems (Materials and Chemical Engineering);RDF20-21;Engineering and technology;0.992681086063385;RDF10;Natural sciences;0.0048935082741081715;RDF50;Social sciences;0.0010098324855789542;RDF202;Industrial, systems and processes engineering;0.9556514620780945;RDF103;Physical sciences;0.2879680097103119;RDF104;Chemical sciences;0.27708157896995544;RDF205;Chemical engineering;0.12421300262212753;RDF206;Materials engineering and resources engineering;0.018124720081686974
720;Untangling heterogeneity in cytomegalovirus infection kinetics and evolution using mathematical modelling;RDF30;Medical, health and life sciences;0.6208797693252563;RDF20-21;Engineering and technology;0.18935763835906982;RDF10;Natural sciences;0.1849711686372757;RDF106;Biological sciences;0.9942697286605835;RDF303;Health sciences;0.9912208318710327;RDF304;Medical biotechnology;0.9871788024902344;RDF207;Medical and biomedical engineering;0.9777138233184814;RDF101;Mathematics and statistics;0.9640516638755798
721;Getting on track for the audit of tomorrow: Auditors' expertise amidst digitalization;RDF20-21;Engineering and technology;0.8039698004722595;RDF50;Social sciences;0.16127586364746094;RDF30;Medical, health and life sciences;0.01837960071861744;RDF502;Economics and business administration;0.9553191661834717;RDF102;Computer and information sciences;0.18242554366588593;RDF212;Other engineering and technologies;0.07423137128353119;RDF203;Electrical engineering, computer engineering, and information engineering;0.057071395218372345;RDF508;Media and communications;0.025760557502508163
722;Immunoproteasome-expressing mesenchymal stromal cells: a new tool for cancer vaccination (Cancer Biology & Therapeutics);RDF30;Medical, health and life sciences;0.900253176689148;RDF20-21;Engineering and technology;0.07805109024047852;RDF10;Natural sciences;0.020681478083133698;RDF304;Medical biotechnology;0.985042929649353;RDF106;Biological sciences;0.9826909303665161;RDF303;Health sciences;0.9289263486862183;RDF207;Medical and biomedical engineering;0.5885049104690552;RDF301;Basic medicine and life sciences;0.0832919254899025
723;Invisibility of disability in Global South and North: Equitable access to health services in the context of climate change;RDF30;Medical, health and life sciences;0.8657110333442688;RDF50;Social sciences;0.10767081379890442;RDF10;Natural sciences;0.014664451591670513;RDF303;Health sciences;0.9233161807060242;RDF507;Social and economic geography;0.7414868474006653;RDF504;Sociology and related studies;0.3622356951236725;RDF605;Other humanities;0.23405630886554718;RDF207;Medical and biomedical engineering;0.13892842829227448
724;A shock-fitting approach for predicting the two-phase transient flows in stormwater systems (SWS) with best management practices (BMP) (Civil, Industrial and Systems Engineering);RDF20-21;Engineering and technology;0.9921331405639648;RDF10;Natural sciences;0.006182559300214052;RDF50;Social sciences;0.000704587553627789;RDF103;Physical sciences;0.1525365114212036;RDF208;Environmental engineering and related engineering;0.08240150660276413;RDF105;Earth and related environmental sciences;0.027376489713788033;RDF101;Mathematics and statistics;0.024237634614109993;RDF201;Civil engineering, maritime engineering, transport engineering, and mining engineering;0.015543647110462189
725;Optimiser la transition des soins entre les différents milieux avec l'apport de la technologie pour favoriser la santé et l'autonomie des personnes âgées fragilisées vivant ou non en régions éloignées;RDF30;Medical, health and life sciences;0.40662163496017456;RDF20-21;Engineering and technology;0.33974510431289673;RDF50;Social sciences;0.18114346265792847;RDF208;Environmental engineering and related engineering;0.9205043315887451;RDF303;Health sciences;0.7803278565406799;RDF507;Social and economic geography;0.5795193910598755;RDF503;Education;0.45060116052627563;RDF604;Arts (arts, history of arts, performing arts, music), architecture and design;0.37493371963500977
726;XIe Conférence du Forum Mondial de Médiation:L´humanité face aux conflits actuels: nouveaux défis pour la médiation;RDF50;Social sciences;0.90374755859375;RDF30;Medical, health and life sciences;0.05777465179562569;RDF10;Natural sciences;0.018610717728734016;RDF506;Political science and policy administration;0.29849135875701904;RDF508;Media and communications;0.11201594769954681;RDF504;Sociology and related studies;0.08913694322109222;RDF604;Arts (arts, history of arts, performing arts, music), architecture and design;0.040237944573163986;RDF509;Other social sciences;0.031618766486644745
727;Optimization of mechanically induced phase transformation at crack tip in metal for improved crack growth resistance (Materials and Chemical Engineering);RDF20-21;Engineering and technology;0.9946192502975464;RDF10;Natural sciences;0.0030682580545544624;RDF30;Medical, health and life sciences;0.0006532698171213269;RDF104;Chemical sciences;0.10052485764026642;RDF103;Physical sciences;0.04535258188843727;RDF206;Materials engineering and resources engineering;0.03358950465917587;RDF205;Chemical engineering;0.024609927088022232;RDF101;Mathematics and statistics;0.013121270574629307
728;Investigating important but overlooked streptococcal agents of disease in production animals (Biological Systems and Functions);RDF10;Natural sciences;0.41396835446357727;RDF30;Medical, health and life sciences;0.29354754090309143;RDF40;Agricultural and veterinary sciences;0.28899648785591125;RDF106;Biological sciences;0.994401752948761;RDF303;Health sciences;0.9788748025894165;RDF301;Basic medicine and life sciences;0.9724146723747253;RDF402;Animal and dairy sciences;0.9645892977714539;RDF210;Industrial biotechnology;0.9566342234611511
729;Adverse Drug Events and Medication Errors in adult Intensive Care Units (Health Services Evaluation & Interventions Research);RDF30;Medical, health and life sciences;0.9954743385314941;RDF10;Natural sciences;0.0020139426924288273;RDF50;Social sciences;0.0013207759475335479;RDF303;Health sciences;0.9948603510856628;RDF302;Clinical medicine;0.9886682629585266;RDF207;Medical and biomedical engineering;0.6323891878128052;RDF305;Other medical sciences;0.4790162444114685;RDF301;Basic medicine and life sciences;0.3640424311161041
730;Entre responsabilité professionnelle et devoir de prendre soin de soi - Mieux comprendre la multiplicité des expériences entourant le processus d'arrêt de travail et de retour à l'emploi chez les travailleuses de la santé et des services sociaux (Sociology, demography and related fields);RDF50;Social sciences;0.8421010971069336;RDF30;Medical, health and life sciences;0.06858593970537186;RDF40;Agricultural and veterinary sciences;0.03421879559755325;RDF504;Sociology and related studies;0.9669139981269836;RDF507;Social and economic geography;0.9053223133087158;RDF502;Economics and business administration;0.894789457321167;RDF605;Other humanities;0.12635335326194763;RDF509;Other social sciences;0.1212688758969307
731;Brain alterations and cognitive decline in obstructive sleep apnea;RDF30;Medical, health and life sciences;0.9712732434272766;RDF10;Natural sciences;0.019768239930272102;RDF20-21;Engineering and technology;0.005425488110631704;RDF303;Health sciences;0.9914886951446533;RDF106;Biological sciences;0.9834704399108887;RDF501;Psychology and cognitive sciences;0.9822877049446106;RDF207;Medical and biomedical engineering;0.9813107252120972;RDF302;Clinical medicine;0.9788748025894165
732;Methods and analytical tools to optimize patient flow (Civil, Industrial and Systems Engineering);RDF20-21;Engineering and technology;0.941904604434967;RDF30;Medical, health and life sciences;0.0567871630191803;RDF10;Natural sciences;0.000520952744409442;RDF303;Health sciences;0.9645892977714539;RDF301;Basic medicine and life sciences;0.8479677438735962;RDF302;Clinical medicine;0.7045668363571167;RDF207;Medical and biomedical engineering;0.376508504152298;RDF305;Other medical sciences;0.3476478159427643
733;Heterogeneity of interprofessional primary care teams and its effect on quality of care and health service use in older adults (Health Services Evaluation & Interventions Research);RDF30;Medical, health and life sciences;0.9916340708732605;RDF50;Social sciences;0.0040525817312300205;RDF10;Natural sciences;0.002699601463973522;RDF303;Health sciences;0.9962927103042603;RDF302;Clinical medicine;0.8947895169258118;RDF301;Basic medicine and life sciences;0.3342633843421936;RDF305;Other medical sciences;0.10970577597618103;RDF207;Medical and biomedical engineering;0.04778007045388222
734;Recul des gains d'espérance de vie au Canada depuis 2010 : la contribution de la mortalité par drogues, par maladies cardiovasculaires et le rôle catalyseur de la pandémie de COVID-19 (Sociology, demography and related fields);RDF50;Social sciences;0.8452903628349304;RDF30;Medical, health and life sciences;0.14264845848083496;RDF10;Natural sciences;0.0055202883668243885;RDF504;Sociology and related studies;0.9651191234588623;RDF507;Social and economic geography;0.8499711751937866;RDF303;Health sciences;0.705987811088562;RDF509;Other social sciences;0.27943506836891174;RDF605;Other humanities;0.057071391493082047
735;Canadian Network on Hepatitis C (CanHepC): From Discovery to Implementation (Hepatitis C Research);RDF30;Medical, health and life sciences;0.9559615850448608;RDF10;Natural sciences;0.030970348045229912;RDF20-21;Engineering and technology;0.006856641266494989;RDF303;Health sciences;0.9945730566978455;RDF508;Media and communications;0.9900636076927185;RDF106;Biological sciences;0.9775429368019104;RDF207;Medical and biomedical engineering;0.929183840751648;RDF304;Medical biotechnology;0.926835298538208
736;Novel numerical simulation tools for the vulnerability assessment and rehabilitation of critical structures against the effects of floods and climate change;RDF20-21;Engineering and technology;0.9638672471046448;RDF10;Natural sciences;0.02639824151992798;RDF50;Social sciences;0.005300645250827074;RDF208;Environmental engineering and related engineering;0.9219218492507935;RDF201;Civil engineering, maritime engineering, transport engineering, and mining engineering;0.8980534672737122;RDF103;Physical sciences;0.891433596611023;RDF101;Mathematics and statistics;0.7424217462539673;RDF105;Earth and related environmental sciences;0.7156227231025696
737;QUEST: Co-développer avec et pour les jeunes des connaissances sur la QUalité de leur Environnement psychoSocial de Travail;RDF50;Social sciences;0.5633845329284668;RDF20-21;Engineering and technology;0.16283728182315826;RDF10;Natural sciences;0.15538041293621063;RDF208;Environmental engineering and related engineering;0.9263037443161011;RDF508;Media and communications;0.8269914388656616;RDF507;Social and economic geography;0.7006900310516357;RDF105;Earth and related environmental sciences;0.6971967220306396;RDF501;Psychology and cognitive sciences;0.6451024413108826
738;The effects of COVID-19 pandemics in sustainability controversies: new shades of green in the battery metals industry in Quebec;RDF10;Natural sciences;0.38308414816856384;RDF50;Social sciences;0.2869167923927307;RDF20-21;Engineering and technology;0.2684825658798218;RDF502;Economics and business administration;0.9362850189208984;RDF206;Materials engineering and resources engineering;0.682573676109314;RDF507;Social and economic geography;0.5384371876716614;RDF103;Physical sciences;0.28616926074028015;RDF202;Industrial, systems and processes engineering;0.270865797996521
739;From birth to adulthood: The role of age of cannabis use onset in the individual and environmental developmental pathways leading to substance use problems (Psychosocial, Sociocultural & Behavioural Determinants of Health);RDF30;Medical, health and life sciences;0.9594622850418091;RDF50;Social sciences;0.02597145363688469;RDF10;Natural sciences;0.009406236931681633;RDF303;Health sciences;0.9385759830474854;RDF501;Psychology and cognitive sciences;0.5141563415527344;RDF301;Basic medicine and life sciences;0.2755194306373596;RDF305;Other medical sciences;0.13939636945724487;RDF207;Medical and biomedical engineering;0.08882029354572296
740;Creative Pedagogies for Ecological Transitions on the Shoreline;RDF10;Natural sciences;0.5448111295700073;RDF20-21;Engineering and technology;0.4343612790107727;RDF60;Humanities and the arts;0.013014500960707664;RDF503;Education;0.9882221817970276;RDF208;Environmental engineering and related engineering;0.9738444089889526;RDF105;Earth and related environmental sciences;0.961533784866333;RDF209;Environmental biotechnology;0.8933094143867493;RDF604;Arts (arts, history of arts, performing arts, music), architecture and design;0.8649961948394775
741;Contribution of the NKG2D pathway to multiple sclerosis (Molecular & Cellular Neurosciences);RDF30;Medical, health and life sciences;0.8877645134925842;RDF20-21;Engineering and technology;0.10117295384407043;RDF10;Natural sciences;0.007680667098611593;RDF106;Biological sciences;0.9759464263916016;RDF304;Medical biotechnology;0.974628746509552;RDF207;Medical and biomedical engineering;0.7130321860313416;RDF301;Basic medicine and life sciences;0.33079537749290466;RDF303;Health sciences;0.13251455128192902
742;Pregnancy and COVID-19 hospitalization in Quebec (Public, Community & Population Health);RDF30;Medical, health and life sciences;0.947045624256134;RDF50;Social sciences;0.045934855937957764;RDF10;Natural sciences;0.006136685144156218;RDF303;Health sciences;0.996292769908905;RDF106;Biological sciences;0.8656789660453796;RDF207;Medical and biomedical engineering;0.6588565707206726;RDF101;Mathematics and statistics;0.2510963976383209;RDF301;Basic medicine and life sciences;0.19528697431087494
743;La musique est-elle une prière? (Fine Arts, Research-Creation);RDF60;Humanities and the arts;0.996032178401947;RDF50;Social sciences;0.0012609994737431407;RDF20-21;Engineering and technology;0.0008941824780777097;RDF508;Media and communications;0.8812065720558167;RDF604;Arts (arts, history of arts, performing arts, music), architecture and design;0.7599387764930725;RDF503;Education;0.12210385501384735;RDF605;Other humanities;0.04336579889059067;RDF603;Philosophy;0.0028009270317852497
744;A multi-site, prospective study of the role of emotional competence in (mal)adaptive functioning among university students exposed to sexual violence (Psychology);RDF30;Medical, health and life sciences;0.6846258044242859;RDF50;Social sciences;0.1358681470155716;RDF20-21;Engineering and technology;0.08370593935251236;RDF501;Psychology and cognitive sciences;0.9777137637138367;RDF503;Education;0.7132318615913391;RDF303;Health sciences;0.0031236486975103617;RDF301;Basic medicine and life sciences;0.0025114635936915874;RDF509;Other social sciences;0.0015978454612195492
745;Effets d'une intervention musicale personnalisée sur les répercussions de la COVID-19 en santé mentale des personnes âgées;RDF30;Medical, health and life sciences;0.5526995062828064;RDF60;Humanities and the arts;0.4139527976512909;RDF50;Social sciences;0.01484446320682764;RDF508;Media and communications;0.9788748025894165;RDF604;Arts (arts, history of arts, performing arts, music), architecture and design;0.9666632413864136;RDF303;Health sciences;0.9473810195922852;RDF207;Medical and biomedical engineering;0.5273165106773376;RDF501;Psychology and cognitive sciences;0.1540575623512268
746;Redox regulation of the antiviral response : role of oxidative post-translational modifications of MAVS (Virology & Viral Pathogenesis);RDF30;Medical, health and life sciences;0.8141149878501892;RDF20-21;Engineering and technology;0.0994408056139946;RDF10;Natural sciences;0.08332967013120651;RDF106;Biological sciences;0.9920620322227478;RDF301;Basic medicine and life sciences;0.8770562410354614;RDF304;Medical biotechnology;0.8349459171295166;RDF104;Chemical sciences;0.7409248948097229;RDF207;Medical and biomedical engineering;0.498779296875
747;The role of UCH family deubiquitinases in T cell biology (Genes, Cells and Molecules);RDF20-21;Engineering and technology;0.4474243223667145;RDF30;Medical, health and life sciences;0.43134212493896484;RDF10;Natural sciences;0.10541982203722;RDF106;Biological sciences;0.9924812912940979;RDF301;Basic medicine and life sciences;0.8034824132919312;RDF304;Medical biotechnology;0.7859664559364319;RDF104;Chemical sciences;0.4265604615211487;RDF207;Medical and biomedical engineering;0.23792988061904907
748;A high temperature upgrade for the twin-screw extruder to process high-performance hybrid PEEK-based formulations and other engineering polymer-based (PEI, PPSU, etc.) systems (Materials and Chemical Engineering);RDF20-21;Engineering and technology;0.9896777272224426;RDF30;Medical, health and life sciences;0.004305440466850996;RDF10;Natural sciences;0.0023776900488883257;RDF205;Chemical engineering;0.8591918349266052;RDF104;Chemical sciences;0.6232049465179443;RDF206;Materials engineering and resources engineering;0.02178117260336876;RDF103;Physical sciences;0.011869121342897415;RDF212;Other engineering and technologies;0.0037654137704521418
749;Single-cell approaches to characterize and target the cellular reservoirs of HIV infection (Virology & Viral Pathogenesis);RDF30;Medical, health and life sciences;0.8965693116188049;RDF20-21;Engineering and technology;0.09749738872051239;RDF10;Natural sciences;0.004854109138250351;RDF106;Biological sciences;0.9951702952384949;RDF304;Medical biotechnology;0.9795114398002625;RDF303;Health sciences;0.894789457321167;RDF301;Basic medicine and life sciences;0.8563324213027954;RDF207;Medical and biomedical engineering;0.8529354929924011
750;Impact of transient neonatal hyperoxia on skeletal muscle development: Relevance for impaired exercise capacity after preterm birth (Clinical Investigation – Reproduction, Maternal, Child and Youth Health);RDF30;Medical, health and life sciences;0.9800763726234436;RDF10;Natural sciences;0.014423813670873642;RDF20-21;Engineering and technology;0.002211963292211294;RDF303;Health sciences;0.9873750805854797;RDF106;Biological sciences;0.9839708805084229;RDF302;Clinical medicine;0.9755768775939941;RDF301;Basic medicine and life sciences;0.36590972542762756;RDF304;Medical biotechnology;0.16132023930549622
751;Le développement de la compétence de collaboration interprofessionnelle : perception des membres d'une équipe de professionnels en exercice de la dynamique de coaction (Education and social work);RDF50;Social sciences;0.8271966576576233;RDF20-21;Engineering and technology;0.05045932158827782;RDF60;Humanities and the arts;0.04814862087368965;RDF503;Education;0.9105453491210938;RDF509;Other social sciences;0.019870713353157043;RDF605;Other humanities;0.01784873940050602;RDF504;Sociology and related studies;0.01332514826208353;RDF603;Philosophy;0.004331502132117748
752;Agreeing to Disagree: Incentives and Innovation in Dynamic Settings (Economics);RDF50;Social sciences;0.41811931133270264;RDF20-21;Engineering and technology;0.39278674125671387;RDF60;Humanities and the arts;0.06214788556098938;RDF502;Economics and business administration;0.9950563311576843;RDF507;Social and economic geography;0.004133968148380518;RDF508;Media and communications;0.0014550627674907446;RDF212;Other engineering and technologies;0.0013885232619941235;RDF203;Electrical engineering, computer engineering, and information engineering;0.0012843081494793296
753;"L'enfance du ""mauvais genre"". Une sociologie de la non-conformité de genre durant l'enfance en France et au Québec (Sociology, demography and related fields)";RDF50;Social sciences;0.9666656255722046;RDF60;Humanities and the arts;0.021692737936973572;RDF40;Agricultural and veterinary sciences;0.00641236174851656;RDF504;Sociology and related studies;0.9890130758285522;RDF507;Social and economic geography;0.6796041131019592;RDF509;Other social sciences;0.08945459872484207;RDF605;Other humanities;0.025760557502508163;RDF601;History, archaeology and related studies;0.018404891714453697
754;Engineering Sustainable and Inclusive Streets for the 30-Min City;RDF20-21;Engineering and technology;0.9451248049736023;RDF50;Social sciences;0.03259404003620148;RDF10;Natural sciences;0.010417680256068707;RDF208;Environmental engineering and related engineering;0.9278877973556519;RDF507;Social and economic geography;0.8596637845039368;RDF604;Arts (arts, history of arts, performing arts, music), architecture and design;0.8065480589866638;RDF103;Physical sciences;0.4644157290458679;RDF502;Economics and business administration;0.16026602685451508
755;Les incidences de l'architecture logicielle des tribunaux en ligne sur l'accès à la justice (Law and criminology);RDF20-21;Engineering and technology;0.8332812786102295;RDF50;Social sciences;0.14423805475234985;RDF10;Natural sciences;0.008201176300644875;RDF505;Law and legal practice;0.2724115252494812;RDF102;Computer and information sciences;0.06754669547080994;RDF101;Mathematics and statistics;0.0290907584130764;RDF203;Electrical engineering, computer engineering, and information engineering;0.02517884038388729;RDF212;Other engineering and technologies;0.014615669846534729
756;Incorporating rich micro-level distributions and dynamics in models with heterogenous firms: method, lessons and applications;RDF50;Social sciences;0.5289908647537231;RDF20-21;Engineering and technology;0.33363035321235657;RDF10;Natural sciences;0.05575522780418396;RDF502;Economics and business administration;0.9838472008705139;RDF101;Mathematics and statistics;0.561455249786377;RDF202;Industrial, systems and processes engineering;0.3310115933418274;RDF212;Other engineering and technologies;0.08756383508443832;RDF509;Other social sciences;0.053799644112586975
757;Inhabiting altered worlds: sensory experiences following traumatic brain injuries (Mutidisciplinary or interdisciplinary social sciences);RDF50;Social sciences;0.6977540254592896;RDF30;Medical, health and life sciences;0.2977648377418518;RDF20-21;Engineering and technology;0.0018125625792890787;RDF509;Other social sciences;0.10970577597618103;RDF501;Psychology and cognitive sciences;0.09704755991697311;RDF504;Sociology and related studies;0.034358687698841095;RDF207;Medical and biomedical engineering;0.027795622125267982;RDF605;Other humanities;0.009412589482963085
758;Microtubule alterations in progressive supranuclear palsy;RDF30;Medical, health and life sciences;0.8963159322738647;RDF20-21;Engineering and technology;0.0669899731874466;RDF10;Natural sciences;0.03461844474077225;RDF106;Biological sciences;0.9871787428855896;RDF207;Medical and biomedical engineering;0.9869795441627502;RDF302;Clinical medicine;0.9818753004074097;RDF304;Medical biotechnology;0.9289263486862183;RDF303;Health sciences;0.916109561920166
759;Improving reproducibility in MRI with vendor-neutral acquisitions and transparent workflows;RDF30;Medical, health and life sciences;0.41505715250968933;RDF20-21;Engineering and technology;0.38991013169288635;RDF10;Natural sciences;0.19002701342105865;RDF207;Medical and biomedical engineering;0.9904406070709229;RDF106;Biological sciences;0.9532750248908997;RDF303;Health sciences;0.9233161807060242;RDF301;Basic medicine and life sciences;0.902609646320343;RDF305;Other medical sciences;0.8969756364822388
760;Investigation of Metal Organic Frameworks for Renewable Energy Electrocatalysis (Chemistry);RDF20-21;Engineering and technology;0.8579522371292114;RDF10;Natural sciences;0.1216835007071495;RDF30;Medical, health and life sciences;0.0058718714863061905;RDF104;Chemical sciences;0.9966755509376526;RDF205;Chemical engineering;0.034618839621543884;RDF206;Materials engineering and resources engineering;0.020332353189587593;RDF211;Nano-technology;0.005384937860071659;RDF212;Other engineering and technologies;0.00307536986656487
761;FLUIDELELASTIC INSTABILITY, VORTEX-INDUCED VIBRATION AND SYMMETRY BREAKING IN HELICAL ARRAYS OF CYLINDERS SUBJECTED TO CROSS-FLOW (Mechanical Engineering);RDF20-21;Engineering and technology;0.9978863000869751;RDF10;Natural sciences;0.0008682846673764288;RDF60;Humanities and the arts;0.00036765486584044993;RDF204;Mechanical engineering;0.9977127909660339;RDF211;Nano-technology;0.10158944129943848;RDF103;Physical sciences;0.029535338282585144;RDF101;Mathematics and statistics;0.009936419315636158;RDF604;Arts (arts, history of arts, performing arts, music), architecture and design;0.00898542907088995
762;4D spheroids identify type I protein arginine methyltransferases as a target in NSCLC (Cancer Biology & Therapeutics);RDF30;Medical, health and life sciences;0.8761724829673767;RDF20-21;Engineering and technology;0.11470456421375275;RDF10;Natural sciences;0.00668965931981802;RDF304;Medical biotechnology;0.9796676635742188;RDF106;Biological sciences;0.9678993225097656;RDF207;Medical and biomedical engineering;0.9334308505058289;RDF211;Nano-technology;0.24113182723522186;RDF103;Physical sciences;0.18952108919620514
763;New perspectives on job search and labour markets;RDF50;Social sciences;0.9620859622955322;RDF60;Humanities and the arts;0.012741763144731522;RDF20-21;Engineering and technology;0.010399524122476578;RDF502;Economics and business administration;0.9477691650390625;RDF509;Other social sciences;0.08570928126573563;RDF507;Social and economic geography;0.04742587357759476;RDF605;Other humanities;0.018124720081686974;RDF205;Chemical engineering;0.010328153148293495
764;Long time evolution of complex materials : algorithmic developments and applications to metals, semiconductors and proteins (Physics);RDF10;Natural sciences;0.952793538570404;RDF20-21;Engineering and technology;0.04219115898013115;RDF50;Social sciences;0.0014779383782297373;RDF103;Physical sciences;0.9759464859962463;RDF206;Materials engineering and resources engineering;0.9184802770614624;RDF107;Other natural sciences;0.03993731737136841;RDF212;Other engineering and technologies;0.0064882696606218815;RDF102;Computer and information sciences;0.005301895085722208
765;L'héritage de Pierre Elliott Trudeau;RDF60;Humanities and the arts;0.6189469695091248;RDF50;Social sciences;0.27979978919029236;RDF10;Natural sciences;0.040348365902900696;RDF601;History, archaeology and related studies;0.9902915358543396;RDF604;Arts (arts, history of arts, performing arts, music), architecture and design;0.8019358515739441;RDF506;Political science and policy administration;0.6908198595046997;RDF503;Education;0.12852513790130615;RDF605;Other humanities;0.037892427295446396
766;A new adaptive-neuroprosthetic treatment to shape post-stroke plasticity and facilitate motor recovery (Biological Systems and Functions);RDF30;Medical, health and life sciences;0.9882275462150574;RDF20-21;Engineering and technology;0.008417290635406971;RDF10;Natural sciences;0.0025273289065808058;RDF303;Health sciences;0.9960545897483826;RDF207;Medical and biomedical engineering;0.9851575493812561;RDF106;Biological sciences;0.9412234425544739;RDF304;Medical biotechnology;0.8665847778320312;RDF301;Basic medicine and life sciences;0.8514593839645386
767;Une scène élargie, délocalisée et asynchrone : les reconfigurations technologiques de la salle de spectacle au temps du confinement;RDF20-21;Engineering and technology;0.9070335030555725;RDF60;Humanities and the arts;0.07153166830539703;RDF50;Social sciences;0.008618658408522606;RDF508;Media and communications;0.9953904747962952;RDF604;Arts (arts, history of arts, performing arts, music), architecture and design;0.9329437017440796;RDF212;Other engineering and technologies;0.9281487464904785;RDF102;Computer and information sciences;0.7348812818527222;RDF202;Industrial, systems and processes engineering;0.21239535510540009
768;Centre de recherches mathématiques (CRM);RDF20-21;Engineering and technology;0.9784395694732666;RDF30;Medical, health and life sciences;0.007017865311354399;RDF50;Social sciences;0.0054655191488564014;RDF101;Mathematics and statistics;0.8921873569488525;RDF212;Other engineering and technologies;0.12721827626228333;RDF503;Education;0.11201595515012741;RDF206;Materials engineering and resources engineering;0.10087862610816956;RDF604;Arts (arts, history of arts, performing arts, music), architecture and design;0.05460060387849808
769;Application of a brief digital screening tool to address parental and adolescent tobacco and electronic cigarette use in pediatric medical care (Health Services Evaluation & Interventions Research);RDF30;Medical, health and life sciences;0.9152957201004028;RDF20-21;Engineering and technology;0.07324841618537903;RDF50;Social sciences;0.005358168855309486;RDF303;Health sciences;0.9922444224357605;RDF301;Basic medicine and life sciences;0.8778961300849915;RDF302;Clinical medicine;0.8216173648834229;RDF207;Medical and biomedical engineering;0.8149381279945374;RDF203;Electrical engineering, computer engineering, and information engineering;0.14128142595291138
770;Hybrid Manufacturing: Digital Machining of Flexible Parts Manufactured with Directed Energy Deposition (DED) Method;RDF20-21;Engineering and technology;0.9946826100349426;RDF30;Medical, health and life sciences;0.0027079004794359207;RDF10;Natural sciences;0.0016945608658716083;RDF202;Industrial, systems and processes engineering;0.9372107982635498;RDF204;Mechanical engineering;0.6322757601737976;RDF203;Electrical engineering, computer engineering, and information engineering;0.287567675113678;RDF206;Materials engineering and resources engineering;0.2859697937965393;RDF103;Physical sciences;0.18862269818782806
771;Design and management of smart last-mile delivery systems;RDF20-21;Engineering and technology;0.9695221781730652;RDF30;Medical, health and life sciences;0.02027960680425167;RDF50;Social sciences;0.005167703609913588;RDF202;Industrial, systems and processes engineering;0.917302668094635;RDF212;Other engineering and technologies;0.6748009920120239;RDF604;Arts (arts, history of arts, performing arts, music), architecture and design;0.525368869304657;RDF102;Computer and information sciences;0.4695202708244324;RDF203;Electrical engineering, computer engineering, and information engineering;0.13072869181632996
772;Food Delocalization in Literary Studies: A Saccharine Aesthetic From the Ruins of Empire (Literature);RDF60;Humanities and the arts;0.9908183217048645;RDF50;Social sciences;0.0034635053016245365;RDF10;Natural sciences;0.002380430232733488;RDF602;Languages and literature;0.9856076836585999;RDF503;Education;0.9828233122825623;RDF605;Other humanities;0.023870836943387985;RDF604;Arts (arts, history of arts, performing arts, music), architecture and design;0.011777843348681927;RDF601;History, archaeology and related studies;0.005641908384859562
773;Optimal Climate Policy Mix for Canada: Insights from a Multi-Model Approach;RDF10;Natural sciences;0.8742137551307678;RDF50;Social sciences;0.10339528322219849;RDF20-21;Engineering and technology;0.01901446469128132;RDF208;Environmental engineering and related engineering;0.9719924926757812;RDF105;Earth and related environmental sciences;0.9664104580879211;RDF502;Economics and business administration;0.9549844861030579;RDF107;Other natural sciences;0.8872045874595642;RDF103;Physical sciences;0.26721692085266113
774;La production de recherche au Canada: facteurs individuels, institutionnels et systémiques (Education and social work);RDF50;Social sciences;0.6799988150596619;RDF60;Humanities and the arts;0.10107280313968658;RDF10;Natural sciences;0.10107280313968658;RDF503;Education;0.6800292134284973;RDF507;Social and economic geography;0.12252321094274521;RDF502;Economics and business administration;0.02161533199250698;RDF509;Other social sciences;0.02080448903143406;RDF504;Sociology and related studies;0.020177319645881653
775;Soutenir la Professionnalisation dans les ORganismes sporTifs (SPORT);RDF20-21;Engineering and technology;0.9070892930030823;RDF50;Social sciences;0.03893148526549339;RDF60;Humanities and the arts;0.01700790785253048;RDF604;Arts (arts, history of arts, performing arts, music), architecture and design;0.9556514620780945;RDF508;Media and communications;0.5486734509468079;RDF212;Other engineering and technologies;0.32670092582702637;RDF502;Economics and business administration;0.291989266872406;RDF202;Industrial, systems and processes engineering;0.2011847198009491
776;Identifying innovative responses to problematic gambling among LGBTQ2S+ communities in Canada - A mixed-methods study (Health Impacts of Gambling and Gaming);RDF30;Medical, health and life sciences;0.7419586777687073;RDF50;Social sciences;0.2352987676858902;RDF10;Natural sciences;0.00986488163471222;RDF303;Health sciences;0.9763105511665344;RDF501;Psychology and cognitive sciences;0.926569938659668;RDF504;Sociology and related studies;0.6667748689651489;RDF509;Other social sciences;0.05665242671966553;RDF301;Basic medicine and life sciences;0.038756195455789566
777;Intensification and control of cell culture processes (Materials and Chemical Engineering);RDF20-21;Engineering and technology;0.9650552272796631;RDF30;Medical, health and life sciences;0.02813541330397129;RDF10;Natural sciences;0.005649462342262268;RDF210;Industrial biotechnology;0.9507778882980347;RDF106;Biological sciences;0.9149008989334106;RDF301;Basic medicine and life sciences;0.7065954804420471;RDF304;Medical biotechnology;0.6712819933891296;RDF205;Chemical engineering;0.35239675641059875
778;Les priorités des citoyens quant aux politiques de santé et à l'État-providence (Political science and public administration);RDF50;Social sciences;0.8312206268310547;RDF10;Natural sciences;0.05070478841662407;RDF30;Medical, health and life sciences;0.042697712779045105;RDF506;Political science and policy administration;0.8436376452445984;RDF507;Social and economic geography;0.008187909610569477;RDF509;Other social sciences;0.002019014209508896;RDF504;Sociology and related studies;0.0014550630003213882;RDF208;Environmental engineering and related engineering;0.0011160143185406923
779;Cyberrange pour soutenir les tests de cybersécurité et de cyberrésilience pour les infrastructures critiques;RDF20-21;Engineering and technology;0.9936133623123169;RDF50;Social sciences;0.002834805054590106;RDF30;Medical, health and life sciences;0.0011101255659013987;RDF102;Computer and information sciences;0.9916841983795166;RDF203;Electrical engineering, computer engineering, and information engineering;0.9036349058151245;RDF212;Other engineering and technologies;0.10856642574071884;RDF202;Industrial, systems and processes engineering;0.06187598779797554;RDF103;Physical sciences;0.013636834919452667
780;New electrochemical materials breakthrough for energy applications (Materials and Chemical Engineering);RDF20-21;Engineering and technology;0.9955754280090332;RDF10;Natural sciences;0.0026683115866035223;RDF30;Medical, health and life sciences;0.0005172757664695382;RDF104;Chemical sciences;0.9704646468162537;RDF205;Chemical engineering;0.6710395812988281;RDF206;Materials engineering and resources engineering;0.028870906680822372;RDF103;Physical sciences;0.010328153148293495;RDF212;Other engineering and technologies;0.002182716503739357
781;Nonequilibrium Group IV Semiconductor Heterostructures;RDF20-21;Engineering and technology;0.9957716464996338;RDF10;Natural sciences;0.0024300040677189827;RDF30;Medical, health and life sciences;0.0007183077977970243;RDF102;Computer and information sciences;0.9569571614265442;RDF103;Physical sciences;0.5782099962234497;RDF203;Electrical engineering, computer engineering, and information engineering;0.4423955976963043;RDF104;Chemical sciences;0.24981309473514557;RDF206;Materials engineering and resources engineering;0.1716158092021942
782;Developmental Trajectories in ARID1B-Related Disorders - a Multi-Method Multi-Site Prospective Natural History Study;RDF30;Medical, health and life sciences;0.8672742247581482;RDF10;Natural sciences;0.12790562212467194;RDF20-21;Engineering and technology;0.003031644271686673;RDF303;Health sciences;0.9891815185546875;RDF106;Biological sciences;0.9755769371986389;RDF207;Medical and biomedical engineering;0.9748212099075317;RDF301;Basic medicine and life sciences;0.9334307909011841;RDF305;Other medical sciences;0.9286679625511169
783;Mechanisms regulating mRNA localization and localized translation (Genes, Cells and Molecules);RDF30;Medical, health and life sciences;0.5554804801940918;RDF20-21;Engineering and technology;0.3177419900894165;RDF10;Natural sciences;0.12083704024553299;RDF106;Biological sciences;0.9953904151916504;RDF301;Basic medicine and life sciences;0.9238675236701965;RDF304;Medical biotechnology;0.7927852869033813;RDF207;Medical and biomedical engineering;0.2114168256521225;RDF305;Other medical sciences;0.04742587357759476
784;Dévoiler les tactiques stratégiques de communication pour le changement social : Une exploration approfondie de l'agentivité des responsables des communications et des publics dans la lutte contre les inégalités raciales;RDF50;Social sciences;0.8055121898651123;RDF20-21;Engineering and technology;0.13726961612701416;RDF60;Humanities and the arts;0.03525375574827194;RDF508;Media and communications;0.9738444089889526;RDF506;Political science and policy administration;0.5779718160629272;RDF504;Sociology and related studies;0.36884605884552;RDF502;Economics and business administration;0.2613309323787689;RDF212;Other engineering and technologies;0.0333368256688118
785;Que font les luttes écologistes à la protestation sociale ? Analyse comparée multi-échelles au Canada, en France et aux Pays-Bas (Political science and public administration);RDF50;Social sciences;0.7943453788757324;RDF60;Humanities and the arts;0.14976409077644348;RDF10;Natural sciences;0.02369612082839012;RDF506;Political science and policy administration;0.9202179312705994;RDF503;Education;0.8305941224098206;RDF507;Social and economic geography;0.3557748794555664;RDF605;Other humanities;0.025371309369802475;RDF509;Other social sciences;0.02280263788998127
786;Maturation of microRNAs targeting alpha-synuclein (Molecular & Cellular Neurosciences);RDF30;Medical, health and life sciences;0.5416054725646973;RDF20-21;Engineering and technology;0.4420454502105713;RDF10;Natural sciences;0.013558827340602875;RDF304;Medical biotechnology;0.9848109483718872;RDF106;Biological sciences;0.9833429455757141;RDF301;Basic medicine and life sciences;0.8269914388656616;RDF207;Medical and biomedical engineering;0.50244140625;RDF211;Nano-technology;0.008445627056062222
787;Privatization, innovation and idiosyncratic volatility: The role of ownership structure and information content;RDF20-21;Engineering and technology;0.5061240196228027;RDF50;Social sciences;0.3957124948501587;RDF10;Natural sciences;0.049336131662130356;RDF502;Economics and business administration;0.968856155872345;RDF507;Social and economic geography;0.8860265612602234;RDF505;Law and legal practice;0.2454465627670288;RDF509;Other social sciences;0.113973468542099;RDF212;Other engineering and technologies;0.11201594769954681
788;Thermodynamic and physical property models for the production of greener aluminum alloys;RDF20-21;Engineering and technology;0.9304537773132324;RDF10;Natural sciences;0.06596921384334564;RDF40;Agricultural and veterinary sciences;0.0010559306247159839;RDF206;Materials engineering and resources engineering;0.9768466353416443;RDF104;Chemical sciences;0.8732147812843323;RDF103;Physical sciences;0.8509646654129028;RDF204;Mechanical engineering;0.344112753868103;RDF107;Other natural sciences;0.2024431973695755
789;Contextual factors predicting feasibility and impact of preventive mental health interventions across Canada;RDF30;Medical, health and life sciences;0.9672673940658569;RDF50;Social sciences;0.025179684162139893;RDF20-21;Engineering and technology;0.003655928187072277;RDF303;Health sciences;0.9914886951446533;RDF301;Basic medicine and life sciences;0.7823300361633301;RDF501;Psychology and cognitive sciences;0.6526842713356018;RDF207;Medical and biomedical engineering;0.5043944120407104;RDF507;Social and economic geography;0.39922595024108887
790;Between precarity and hospitality: The contentious spaces of migration in North America's borderlands (Geography, urban planning and related fields);RDF50;Social sciences;0.8435772657394409;RDF10;Natural sciences;0.06530428677797318;RDF60;Humanities and the arts;0.04023280739784241;RDF507;Social and economic geography;0.949669361114502;RDF605;Other humanities;0.04603390395641327;RDF509;Other social sciences;0.01615283451974392;RDF502;Economics and business administration;0.014615669846534729;RDF107;Other natural sciences;0.002757622627541423
791;Ecological change and the dynamics of zoonotic disease (Biological Systems and Functions);RDF10;Natural sciences;0.8561288714408875;RDF30;Medical, health and life sciences;0.13129161298274994;RDF20-21;Engineering and technology;0.008525365963578224;RDF106;Biological sciences;0.9878528714179993;RDF301;Basic medicine and life sciences;0.5265862345695496;RDF209;Environmental biotechnology;0.4675748646259308;RDF107;Other natural sciences;0.2889702618122101;RDF208;Environmental engineering and related engineering;0.16344544291496277
792;NÉONUM : infrastructure de veille pour la néologie en français québécois (Anthropology, archaeology, linguistics and translation);RDF20-21;Engineering and technology;0.33827945590019226;RDF60;Humanities and the arts;0.3140818476676941;RDF50;Social sciences;0.21840964257717133;RDF602;Languages and literature;0.8303191065788269;RDF605;Other humanities;0.2075357437133789;RDF503;Education;0.086941659450531;RDF601;History, archaeology and related studies;0.05460060387849808;RDF211;Nano-technology;0.048136770725250244
793;Detailed bulk composition analysis of extrasolar objects accreted at the surface of white dwarf stars (Physics);RDF10;Natural sciences;0.6789577603340149;RDF20-21;Engineering and technology;0.2256525456905365;RDF30;Medical, health and life sciences;0.028688501566648483;RDF103;Physical sciences;0.9948603510856628;RDF104;Chemical sciences;0.21304954588413239;RDF206;Materials engineering and resources engineering;0.0011695101857185364;RDF212;Other engineering and technologies;0.0006667023408226669;RDF107;Other natural sciences;0.0005112578510306776
794;Atmospheric measurements and modeling studies to improve understanding of organic and mineral dust aerosols in northern Canada (Chemistry);RDF10;Natural sciences;0.9535664916038513;RDF20-21;Engineering and technology;0.03288516402244568;RDF50;Social sciences;0.0038067339919507504;RDF104;Chemical sciences;0.998351514339447;RDF105;Earth and related environmental sciences;0.9640517234802246;RDF208;Environmental engineering and related engineering;0.034618839621543884;RDF103;Physical sciences;0.027795622125267982;RDF107;Other natural sciences;0.022116590291261673
795;Réfléchir et agir dans l'urgence : l'influence des éléments contextuels sur le processus de jugement et de décision d'infirmier(ère)s (Psychology, linguistics and translation);RDF60;Humanities and the arts;0.31917712092399597;RDF20-21;Engineering and technology;0.2687740921974182;RDF50;Social sciences;0.15434397757053375;RDF403;Veterinary sciences;0.6693127155303955;RDF202;Industrial, systems and processes engineering;0.11436852812767029;RDF207;Medical and biomedical engineering;0.10894504934549332;RDF605;Other humanities;0.0844927504658699;RDF501;Psychology and cognitive sciences;0.06954175233840942
796;Interdisciplinary studies of decision-making and motor planning (Biological Systems and Functions);RDF30;Medical, health and life sciences;0.4875645339488983;RDF10;Natural sciences;0.38569527864456177;RDF20-21;Engineering and technology;0.06198687478899956;RDF106;Biological sciences;0.3405948579311371;RDF501;Psychology and cognitive sciences;0.032344333827495575;RDF207;Medical and biomedical engineering;0.027169233188033104;RDF303;Health sciences;0.024237634614109993;RDF503;Education;0.019419347867369652
797;Data-driven theory : adversarial immunodynamics, modelling and machine learning for engineered lymphocytes in the context of cancer immunotherapy;RDF20-21;Engineering and technology;0.6338624954223633;RDF30;Medical, health and life sciences;0.3583533763885498;RDF10;Natural sciences;0.0055703455582261086;RDF106;Biological sciences;0.9824231266975403;RDF303;Health sciences;0.9780517220497131;RDF304;Medical biotechnology;0.9637799263000488;RDF207;Medical and biomedical engineering;0.9205042719841003;RDF301;Basic medicine and life sciences;0.404272198677063
798;Program for the Development of a Novel Methodology for the Design of Energy Efficient Biorefineries and Industrial Systems (Materials and Chemical Engineering);RDF20-21;Engineering and technology;0.9886908531188965;RDF10;Natural sciences;0.008421236649155617;RDF40;Agricultural and veterinary sciences;0.001037699868902564;RDF104;Chemical sciences;0.8394709229469299;RDF205;Chemical engineering;0.7012017965316772;RDF202;Industrial, systems and processes engineering;0.22884510457515717;RDF206;Materials engineering and resources engineering;0.07055959850549698;RDF210;Industrial biotechnology;0.04240383207798004
799;Underlying neurophysiological mechanisms of non-arthritic chronic painful conditions in cats (Biological Systems and Functions);RDF30;Medical, health and life sciences;0.9140540361404419;RDF40;Agricultural and veterinary sciences;0.04212920740246773;RDF10;Natural sciences;0.03996511176228523;RDF106;Biological sciences;0.9933589100837708;RDF303;Health sciences;0.974821150302887;RDF207;Medical and biomedical engineering;0.9697853326797485;RDF301;Basic medicine and life sciences;0.9515039920806885;RDF403;Veterinary sciences;0.9441768527030945
800;Influence of folded foliations on the mechanical behavior of rock masses and rock engineering structures;RDF10;Natural sciences;0.5267205238342285;RDF20-21;Engineering and technology;0.4721492826938629;RDF50;Social sciences;0.0003459521394688636;RDF103;Physical sciences;0.9782188534736633;RDF206;Materials engineering and resources engineering;0.9697854518890381;RDF204;Mechanical engineering;0.9637799263000488;RDF101;Mathematics and statistics;0.9536218047142029;RDF107;Other natural sciences;0.82332843542099
801;The Th17 Master Regulator RORC2 as a New Target for HIV Immune Therapy and Cure Strategy (Virology & Viral Pathogenesis);RDF30;Medical, health and life sciences;0.975803017616272;RDF10;Natural sciences;0.014816786162555218;RDF20-21;Engineering and technology;0.008311464451253414;RDF106;Biological sciences;0.9950177669525146;RDF303;Health sciences;0.9728308320045471;RDF304;Medical biotechnology;0.9645892977714539;RDF207;Medical and biomedical engineering;0.31986451148986816;RDF301;Basic medicine and life sciences;0.0897732824087143
802;Language Acquisition and Processing in Teen and Adult L1 and L2 (Linguistics and translation);RDF10;Natural sciences;0.5284807085990906;RDF20-21;Engineering and technology;0.2817724943161011;RDF60;Humanities and the arts;0.10285163670778275;RDF503;Education;0.7854731678962708;RDF602;Languages and literature;0.7793218493461609;RDF501;Psychology and cognitive sciences;0.11357959359884262;RDF508;Media and communications;0.018124720081686974;RDF212;Other engineering and technologies;0.006692850962281227
803;COVID-19 Étude des capacités offertes par les nouvelles formes de regroupements et d'associations d'artistes dans la sortie de crise et le redéploiement des arts à Montréal;RDF60;Humanities and the arts;0.9675968885421753;RDF30;Medical, health and life sciences;0.018428126350045204;RDF50;Social sciences;0.006832499988377094;RDF604;Arts (arts, history of arts, performing arts, music), architecture and design;0.9813106656074524;RDF503;Education;0.10017222166061401;RDF507;Social and economic geography;0.05834583938121796;RDF508;Media and communications;0.0443485826253891;RDF504;Sociology and related studies;0.02178117260336876
804;A 15 months, double-Blind, randomized controlled trial comparing 18 weeks of two doses of Omalizumab to placebo to accelerate a symptom-driven Oral immunotherapy schedule in subjects aged 6 to 25 years with Multiple food allergies (BOOM) (Nutrition, Food & Health);RDF30;Medical, health and life sciences;0.9716082215309143;RDF10;Natural sciences;0.025391675531864166;RDF50;Social sciences;0.001192232477478683;RDF303;Health sciences;0.9813106656074524;RDF106;Biological sciences;0.9666632413864136;RDF301;Basic medicine and life sciences;0.8856314420700073;RDF304;Medical biotechnology;0.8736466765403748;RDF302;Clinical medicine;0.6796107888221741
805;Spatial complexity of cardiac cell culture and spatial-temporal bioelectric activity: granularity and mechanical-electrical feedback (Electrical and Computer Engineering);RDF20-21;Engineering and technology;0.9706586003303528;RDF30;Medical, health and life sciences;0.02378346212208271;RDF10;Natural sciences;0.003966860007494688;RDF304;Medical biotechnology;0.8028648495674133;RDF106;Biological sciences;0.4765796363353729;RDF301;Basic medicine and life sciences;0.10706345736980438;RDF303;Health sciences;0.103748619556427;RDF203;Electrical engineering, computer engineering, and information engineering;0.05223085358738899
806;Peer Effects and Program Take-Up: Evidence from employer-employee linked administrative data;RDF50;Social sciences;0.7678645849227905;RDF20-21;Engineering and technology;0.19151028990745544;RDF10;Natural sciences;0.01609291322529316;RDF502;Economics and business administration;0.9724147319793701;RDF102;Computer and information sciences;0.44915100932121277;RDF509;Other social sciences;0.32241928577423096;RDF501;Psychology and cognitive sciences;0.2206781655550003;RDF101;Mathematics and statistics;0.09568694233894348
807;Evaluation of human gait biomechanics in real-world environments (Biological Systems and Functions);RDF10;Natural sciences;0.6152316927909851;RDF30;Medical, health and life sciences;0.33711913228034973;RDF20-21;Engineering and technology;0.04328049346804619;RDF106;Biological sciences;0.9597620964050293;RDF303;Health sciences;0.8341368436813354;RDF207;Medical and biomedical engineering;0.7080106735229492;RDF103;Physical sciences;0.1555909961462021;RDF304;Medical biotechnology;0.09568693488836288
808;Robust and efficient statistical learning algorithms with applications in actuarial science (Mathematics and Statistics);RDF20-21;Engineering and technology;0.9415890574455261;RDF50;Social sciences;0.04473221302032471;RDF10;Natural sciences;0.009674020111560822;RDF101;Mathematics and statistics;0.9943140745162964;RDF102;Computer and information sciences;0.04603390768170357;RDF212;Other engineering and technologies;0.0037654137704521418;RDF203;Electrical engineering, computer engineering, and information engineering;0.001048469333909452;RDF503;Education;0.0010162440594285727
809;HumanitéS-AnimalitéS : discours, pratiques et actions sur le monde animal, du Moyen Âge à l'antispécisme;RDF60;Humanities and the arts;0.6644740104675293;RDF30;Medical, health and life sciences;0.1110447496175766;RDF50;Social sciences;0.09278136491775513;RDF508;Media and communications;0.8175745010375977;RDF503;Education;0.7250649333000183;RDF208;Environmental engineering and related engineering;0.1661335676908493;RDF504;Sociology and related studies;0.09534946084022522;RDF501;Psychology and cognitive sciences;0.08181271702051163
810;Intelligence artificielle appliquée aux soins aigus de l'enfant;RDF30;Medical, health and life sciences;0.6621689200401306;RDF20-21;Engineering and technology;0.15288719534873962;RDF60;Humanities and the arts;0.10056005418300629;RDF303;Health sciences;0.9433475732803345;RDF501;Psychology and cognitive sciences;0.9181873202323914;RDF503;Education;0.8762112855911255;RDF207;Medical and biomedical engineering;0.7876046895980835;RDF210;Industrial biotechnology;0.5621764659881592
811;BUMP: Better Understanding of Model's Performance for more efficient Natural Language Processing (Computer Science);RDF20-21;Engineering and technology;0.9953646659851074;RDF10;Natural sciences;0.0015682873781770468;RDF60;Humanities and the arts;0.0008394437609240413;RDF102;Computer and information sciences;0.9987355470657349;RDF203;Electrical engineering, computer engineering, and information engineering;0.8795611262321472;RDF212;Other engineering and technologies;0.015424552373588085;RDF211;Nano-technology;0.001264421851374209;RDF501;Psychology and cognitive sciences;0.0009697520290501416
812;Application des réseaux de neurones artificiels et de l'inférence bayésienne à la simulation couplée et à la conception des puits à colonne permanente (Civil, Industrial and Systems Engineering);RDF20-21;Engineering and technology;0.9979492425918579;RDF10;Natural sciences;0.0006977303419262171;RDF50;Social sciences;0.0005606420454569161;RDF102;Computer and information sciences;0.5467381477355957;RDF202;Industrial, systems and processes engineering;0.05921025201678276;RDF103;Physical sciences;0.024798160418868065;RDF211;Nano-technology;0.020645931363105774;RDF212;Other engineering and technologies;0.015543648973107338
813;Identification of MYC-dependent vulnerabilities in breast cancer (Molecular & Cellular Biology of Cancer);RDF30;Medical, health and life sciences;0.958510160446167;RDF10;Natural sciences;0.02101145312190056;RDF20-21;Engineering and technology;0.018542543053627014;RDF106;Biological sciences;0.9927109479904175;RDF303;Health sciences;0.9709092378616333;RDF304;Medical biotechnology;0.9522199630737305;RDF207;Medical and biomedical engineering;0.8615382313728333;RDF301;Basic medicine and life sciences;0.2123953402042389
814;Topological quantum optics (Physics);RDF10;Natural sciences;0.9657002091407776;RDF20-21;Engineering and technology;0.032027773559093475;RDF60;Humanities and the arts;0.0008944721193984151;RDF103;Physical sciences;0.9991168975830078;RDF603;Philosophy;0.16132023930549622;RDF101;Mathematics and statistics;0.014728614129126072;RDF212;Other engineering and technologies;0.001838665222749114;RDF211;Nano-technology;0.0016743993619456887
815;Demand Driven - MRP : mode éphèmère ou lien sérieux entres les méthodes flux poussé et flux tiré ? (Civil, Industrial and Systems Engineering);RDF20-21;Engineering and technology;0.9965975284576416;RDF10;Natural sciences;0.0012421540450304747;RDF50;Social sciences;0.00107920216396451;RDF202;Industrial, systems and processes engineering;0.36161547899246216;RDF502;Economics and business administration;0.02048855647444725;RDF201;Civil engineering, maritime engineering, transport engineering, and mining engineering;0.009268013760447502;RDF212;Other engineering and technologies;0.008916127495467663;RDF101;Mathematics and statistics;0.005060332361608744
816;Model atmosphere analysis of white dwarfs in the Sloan Digital Sky Survey footprint of Gaia: the definitive work (Physics);RDF10;Natural sciences;0.9838162064552307;RDF20-21;Engineering and technology;0.011188389733433723;RDF50;Social sciences;0.0015380288241431117;RDF103;Physical sciences;0.996726930141449;RDF105;Earth and related environmental sciences;0.037047166377305984;RDF107;Other natural sciences;0.002934951800853014;RDF101;Mathematics and statistics;0.0023967307060956955;RDF212;Other engineering and technologies;0.000666702282615006
817;Les politiques de différenciation et diversification des parcours vers et dans l'enseignement supérieur au Québec : quels effets sur la justice scolaire et sociale? (Education and social work);RDF50;Social sciences;0.8136355876922607;RDF60;Humanities and the arts;0.07538485527038574;RDF20-21;Engineering and technology;0.04867212101817131;RDF503;Education;0.9458012580871582;RDF507;Social and economic geography;0.3442229628562927;RDF509;Other social sciences;0.05460060387849808;RDF506;Political science and policy administration;0.05223085358738899;RDF504;Sociology and related studies;0.029535338282585144
818;Development of high performance PLA based nanocomposites (Materials and Chemical Engineering);RDF20-21;Engineering and technology;0.9944442510604858;RDF10;Natural sciences;0.003939028363674879;RDF30;Medical, health and life sciences;0.0006232447922229767;RDF211;Nano-technology;0.9492946267127991;RDF104;Chemical sciences;0.1037486270070076;RDF205;Chemical engineering;0.05665242671966553;RDF206;Materials engineering and resources engineering;0.030675800517201424;RDF103;Physical sciences;0.013955710455775261
819;Introducing specificity and sensitivity in imaging mass spectrometry (Chemistry);RDF20-21;Engineering and technology;0.8043717741966248;RDF10;Natural sciences;0.15502357482910156;RDF30;Medical, health and life sciences;0.026110230013728142;RDF104;Chemical sciences;0.9968763589859009;RDF205;Chemical engineering;0.05033063516020775;RDF107;Other natural sciences;0.004609572235494852;RDF212;Other engineering and technologies;0.0035380858462303877;RDF503;Education;0.002182716503739357
820;Is cannabis a useful adjunct in the treatment of symptoms of persons with multiple sclerosis? A formal trial of CBD and THC for the control of spasticity and other symptoms: assessing the clinical effects and the basic mechanisms;RDF30;Medical, health and life sciences;0.9583474397659302;RDF10;Natural sciences;0.03724999353289604;RDF50;Social sciences;0.0015337418299168348;RDF303;Health sciences;0.9782188534736633;RDF302;Clinical medicine;0.9669140577316284;RDF106;Biological sciences;0.8991214036941528;RDF207;Medical and biomedical engineering;0.8745065331459045;RDF304;Medical biotechnology;0.777637779712677
821;Investigation of the antineoplastic effect of miRNA-181a and development a novel pharmaceutical approaches for treating advanced retinoblastoma (Cancer Biology & Therapeutics);RDF30;Medical, health and life sciences;0.9828226566314697;RDF10;Natural sciences;0.01227563340216875;RDF20-21;Engineering and technology;0.0034355558454990387;RDF106;Biological sciences;0.9838472008705139;RDF304;Medical biotechnology;0.9671630263328552;RDF207;Medical and biomedical engineering;0.7403621077537537;RDF303;Health sciences;0.5674572587013245;RDF302;Clinical medicine;0.049958519637584686
822;From spatial community ecology to landscape genetics and genomics (Evolution and Ecology);RDF10;Natural sciences;0.9723256230354309;RDF20-21;Engineering and technology;0.01837407611310482;RDF50;Social sciences;0.003851415356621146;RDF106;Biological sciences;0.9681411385536194;RDF105;Earth and related environmental sciences;0.9326989054679871;RDF208;Environmental engineering and related engineering;0.9149010181427002;RDF209;Environmental biotechnology;0.8053261637687683;RDF107;Other natural sciences;0.3442229628562927
823;Structural Safety Assessment and Strengthening of Concrete Dams and Gated Spillways Subjected to Severe Loading Conditions (Civil, Industrial and Systems Engineering);RDF20-21;Engineering and technology;0.9951547384262085;RDF10;Natural sciences;0.0035334450658410788;RDF50;Social sciences;0.000533470360096544;RDF103;Physical sciences;0.817283034324646;RDF201;Civil engineering, maritime engineering, transport engineering, and mining engineering;0.07055959850549698;RDF206;Materials engineering and resources engineering;0.023509453982114792;RDF202;Industrial, systems and processes engineering;0.006850480102002621;RDF204;Mechanical engineering;0.004755199886858463
824;Voix empruntées. Pratiques de la citation littéraire dans la Première Modernité (1595-1692) (Literature);RDF60;Humanities and the arts;0.9820102453231812;RDF50;Social sciences;0.013158944435417652;RDF10;Natural sciences;0.0019867036025971174;RDF602;Languages and literature;0.9878528714179993;RDF601;History, archaeology and related studies;0.9351099133491516;RDF503;Education;0.21601155400276184;RDF604;Arts (arts, history of arts, performing arts, music), architecture and design;0.10266401618719101;RDF605;Other humanities;0.013222821988165379
825;Brain connectivity-based optimization of non-invasive brain stimulation to improve cognitive symptoms in schizophrenia (Behavioural Sciences – Clinical Behavioural Sciences);RDF30;Medical, health and life sciences;0.9782680869102478;RDF20-21;Engineering and technology;0.019832981750369072;RDF10;Natural sciences;0.0009203822119161487;RDF207;Medical and biomedical engineering;0.9385759234428406;RDF501;Psychology and cognitive sciences;0.86200350522995;RDF303;Health sciences;0.741299569606781;RDF301;Basic medicine and life sciences;0.2024431824684143;RDF304;Medical biotechnology;0.15456733107566833
826;Procedural Creation and Real-time Display of Realistic Complex Scenes (Computer Science);RDF20-21;Engineering and technology;0.9977951049804688;RDF60;Humanities and the arts;0.0005518648540601134;RDF10;Natural sciences;0.0004870190459769219;RDF102;Computer and information sciences;0.9965165853500366;RDF203;Electrical engineering, computer engineering, and information engineering;0.7752646803855896;RDF604;Arts (arts, history of arts, performing arts, music), architecture and design;0.018124720081686974;RDF508;Media and communications;0.01578455977141857;RDF212;Other engineering and technologies;0.006903838366270065
827;Social hierarchies and the non-verbal communication of pain;RDF50;Social sciences;0.6179294586181641;RDF30;Medical, health and life sciences;0.2678526043891907;RDF60;Humanities and the arts;0.07995408028364182;RDF504;Sociology and related studies;0.9777137637138367;RDF501;Psychology and cognitive sciences;0.9777137637138367;RDF603;Philosophy;0.9362849593162537;RDF508;Media and communications;0.6432452201843262;RDF605;Other humanities;0.4431183934211731
828;Next generation immunopeptidomics (Chemistry);RDF20-21;Engineering and technology;0.9617087841033936;RDF30;Medical, health and life sciences;0.021921364590525627;RDF10;Natural sciences;0.013295978307723999;RDF104;Chemical sciences;0.9971551299095154;RDF212;Other engineering and technologies;0.013955710455775261;RDF205;Chemical engineering;0.012821213342249393;RDF303;Health sciences;0.008985428139567375;RDF304;Medical biotechnology;0.007011795416474342
829;Income security in retirement: perceptions, incentives and behaviours;RDF50;Social sciences;0.9454510807991028;RDF30;Medical, health and life sciences;0.027888786047697067;RDF10;Natural sciences;0.012375574558973312;RDF502;Economics and business administration;0.9927109479904175;RDF501;Psychology and cognitive sciences;0.9515039920806885;RDF509;Other social sciences;0.797872006893158;RDF504;Sociology and related studies;0.7329742312431335;RDF603;Philosophy;0.1561049073934555
830;Decision awareness in learning for control;RDF20-21;Engineering and technology;0.33572477102279663;RDF30;Medical, health and life sciences;0.33441588282585144;RDF50;Social sciences;0.18613046407699585;RDF503;Education;0.9941346645355225;RDF501;Psychology and cognitive sciences;0.9838472008705139;RDF506;Political science and policy administration;0.6949241757392883;RDF603;Philosophy;0.34224170446395874;RDF202;Industrial, systems and processes engineering;0.26189687848091125
831;Multimethod UX triangulated approach for multiuser interface evaluation (Civil, Industrial and Systems Engineering);RDF20-21;Engineering and technology;0.9978635907173157;RDF50;Social sciences;0.000625387707259506;RDF10;Natural sciences;0.0005433462793007493;RDF202;Industrial, systems and processes engineering;0.15843459963798523;RDF102;Computer and information sciences;0.12043881416320801;RDF508;Media and communications;0.09203285723924637;RDF201;Civil engineering, maritime engineering, transport engineering, and mining engineering;0.011158030480146408;RDF212;Other engineering and technologies;0.010489091277122498
832;Understanding Drug Exceptional Access Programs (DEAPs) Across Canada: A Question of Equity (Mutidisciplinary or interdisciplinary social sciences);RDF50;Social sciences;0.6064560413360596;RDF30;Medical, health and life sciences;0.3915574550628662;RDF10;Natural sciences;0.0007441648049280047;RDF303;Health sciences;0.24762338399887085;RDF503;Education;0.2240554541349411;RDF504;Sociology and related studies;0.05033063143491745;RDF301;Basic medicine and life sciences;0.03963883966207504;RDF509;Other social sciences;0.027169231325387955
833;Geroscience: A novel interdisciplinary approach for research on aging;RDF30;Medical, health and life sciences;0.7729359269142151;RDF20-21;Engineering and technology;0.20163238048553467;RDF10;Natural sciences;0.02227179706096649;RDF303;Health sciences;0.9835969805717468;RDF207;Medical and biomedical engineering;0.939024806022644;RDF106;Biological sciences;0.6677979230880737;RDF301;Basic medicine and life sciences;0.6634508967399597;RDF305;Other medical sciences;0.25832599401474
834;Advanced computational platform for permafrost geomechanical modeling and climate impact assessment of northern infrastructure;RDF20-21;Engineering and technology;0.617516040802002;RDF10;Natural sciences;0.3804406225681305;RDF50;Social sciences;0.0012299272930249572;RDF105;Earth and related environmental sciences;0.9928231835365295;RDF103;Physical sciences;0.971563994884491;RDF208;Environmental engineering and related engineering;0.6894102096557617;RDF107;Other natural sciences;0.6807724833488464;RDF102;Computer and information sciences;0.25091278553009033
835;Hybrid artificial intelligence methods for combinatorial optimization;RDF20-21;Engineering and technology;0.9948825240135193;RDF50;Social sciences;0.0014051226899027824;RDF10;Natural sciences;0.0012995261931791902;RDF102;Computer and information sciences;0.9862576723098755;RDF212;Other engineering and technologies;0.42990800738334656;RDF203;Electrical engineering, computer engineering, and information engineering;0.19436782598495483;RDF202;Industrial, systems and processes engineering;0.012920473702251911;RDF101;Mathematics and statistics;0.012920472770929337
836;Leveraging high-volume data to characterize age and individual-specific vital signs and to develop novel geriatric vital signs that optimally predict clinical outcomes in older adults;RDF30;Medical, health and life sciences;0.8715096116065979;RDF20-21;Engineering and technology;0.11342756450176239;RDF50;Social sciences;0.005872185807675123;RDF303;Health sciences;0.991355836391449;RDF207;Medical and biomedical engineering;0.9848109483718872;RDF302;Clinical medicine;0.954647421836853;RDF106;Biological sciences;0.9307106137275696;RDF301;Basic medicine and life sciences;0.866584837436676
837;Interactions between cortical stimulation and prefrontal population dynamics (Behavioural Sciences – Behavioural Studies, Neuroscience and Cognition);RDF30;Medical, health and life sciences;0.4109079837799072;RDF20-21;Engineering and technology;0.31016960740089417;RDF50;Social sciences;0.09168596565723419;RDF501;Psychology and cognitive sciences;0.8670356869697571;RDF106;Biological sciences;0.015189049765467644;RDF503;Education;0.009633651934564114;RDF207;Medical and biomedical engineering;0.0011335689341649413;RDF605;Other humanities;0.00030534894904121757
838;Coupled Aquatic Biogeochemical Cycles in the Anthropocene (Evolution and Ecology);RDF10;Natural sciences;0.9957060813903809;RDF20-21;Engineering and technology;0.0022826271597296;RDF50;Social sciences;0.0006853689556010067;RDF105;Earth and related environmental sciences;0.9838471412658691;RDF106;Biological sciences;0.9623913764953613;RDF208;Environmental engineering and related engineering;0.8766343593597412;RDF209;Environmental biotechnology;0.7325918078422546;RDF107;Other natural sciences;0.5903069376945496
839;Electrically and Optically Active Nanostructures and Interfaces (Chemistry);RDF20-21;Engineering and technology;0.9812585711479187;RDF10;Natural sciences;0.01455447543412447;RDF30;Medical, health and life sciences;0.0020164449233561754;RDF211;Nano-technology;0.9954615235328674;RDF104;Chemical sciences;0.9942250847816467;RDF205;Chemical engineering;0.9235923290252686;RDF206;Materials engineering and resources engineering;0.055005285888910294;RDF212;Other engineering and technologies;0.005819960031658411
840;Performance mécanique à long terme des assemblages collés et boulonnés;RDF20-21;Engineering and technology;0.39875704050064087;RDF60;Humanities and the arts;0.3204103112220764;RDF10;Natural sciences;0.26356232166290283;RDF604;Arts (arts, history of arts, performing arts, music), architecture and design;0.9785493016242981;RDF204;Mechanical engineering;0.9785493016242981;RDF104;Chemical sciences;0.9515039920806885;RDF103;Physical sciences;0.9158088564872742;RDF205;Chemical engineering;0.8998277187347412
841;Optimization models and algorithms for complex production planning problems (Civil, Industrial and Systems Engineering);RDF20-21;Engineering and technology;0.9957472085952759;RDF40;Agricultural and veterinary sciences;0.002796849003061652;RDF10;Natural sciences;0.0005954835214652121;RDF202;Industrial, systems and processes engineering;0.12549343705177307;RDF201;Civil engineering, maritime engineering, transport engineering, and mining engineering;0.01678548939526081;RDF101;Mathematics and statistics;0.010489091277122498;RDF405;Other agricultural sciences;0.00985985528677702;RDF212;Other engineering and technologies;0.003429603995755315
842;Development of an accessible integrated computational protein design software suite (Genes, Cells and Molecules);RDF20-21;Engineering and technology;0.9759050011634827;RDF30;Medical, health and life sciences;0.017324388027191162;RDF10;Natural sciences;0.005537207238376141;RDF102;Computer and information sciences;0.9787126183509827;RDF104;Chemical sciences;0.8832359910011292;RDF106;Biological sciences;0.8330531716346741;RDF301;Basic medicine and life sciences;0.7103269696235657;RDF203;Electrical engineering, computer engineering, and information engineering;0.20593422651290894
843;Social economy embedding circular economy: theory, practice and potential;RDF50;Social sciences;0.9663797616958618;RDF20-21;Engineering and technology;0.017021790146827698;RDF60;Humanities and the arts;0.013360557146370411;RDF502;Economics and business administration;0.9813107252120972;RDF504;Sociology and related studies;0.8929365277290344;RDF509;Other social sciences;0.07159120589494705;RDF605;Other humanities;0.05921024829149246;RDF506;Political science and policy administration;0.05834583565592766
844;Complex genetics of hypertrophic cardiomyopathy: Towards an integration of polygenic risk in clinical care (Clinical Investigation – Cardiovascular Systems);RDF30;Medical, health and life sciences;0.9921891689300537;RDF10;Natural sciences;0.004249447025358677;RDF20-21;Engineering and technology;0.0014458013465628028;RDF303;Health sciences;0.9832144975662231;RDF302;Clinical medicine;0.9683811664581299;RDF106;Biological sciences;0.9600626826286316;RDF207;Medical and biomedical engineering;0.4216708838939667;RDF304;Medical biotechnology;0.09268777072429657
845;MERMAIDS: Multichannel ERbium-yeterbiuM AmplIfied high power combiner Devices for Space communications;RDF20-21;Engineering and technology;0.994767427444458;RDF10;Natural sciences;0.002245120005682111;RDF30;Medical, health and life sciences;0.0009213954326696694;RDF508;Media and communications;0.9851576089859009;RDF203;Electrical engineering, computer engineering, and information engineering;0.9056565761566162;RDF103;Physical sciences;0.47244009375572205;RDF104;Chemical sciences;0.12808823585510254;RDF206;Materials engineering and resources engineering;0.07211221009492874
846;Medium Chain Triglycerides and Ketogenesis (Biological Systems and Functions);RDF10;Natural sciences;0.9219352602958679;RDF30;Medical, health and life sciences;0.06212878227233887;RDF20-21;Engineering and technology;0.014219297096133232;RDF106;Biological sciences;0.9872772693634033;RDF301;Basic medicine and life sciences;0.8548846244812012;RDF104;Chemical sciences;0.5636181831359863;RDF210;Industrial biotechnology;0.3938511908054352;RDF303;Health sciences;0.24328269064426422
847;Impact of Vitamin C on the Reduction of Opioid Consumption After an Emergency Department Visit for Acute Musculoskeletal Pain: A Double-Blind Randomized Control Trial;RDF30;Medical, health and life sciences;0.8675498962402344;RDF10;Natural sciences;0.12996114790439606;RDF50;Social sciences;0.0011332028079777956;RDF303;Health sciences;0.9932550191879272;RDF302;Clinical medicine;0.9609517455101013;RDF305;Other medical sciences;0.7762839198112488;RDF207;Medical and biomedical engineering;0.6515558362007141;RDF106;Biological sciences;0.4746311902999878
848;Towards organs-on-paper: building smart paper chips for modern biomedical research;RDF20-21;Engineering and technology;0.8116142153739929;RDF30;Medical, health and life sciences;0.1796863079071045;RDF10;Natural sciences;0.007592417765408754;RDF106;Biological sciences;0.968856155872345;RDF207;Medical and biomedical engineering;0.9532750844955444;RDF212;Other engineering and technologies;0.8984106183052063;RDF102;Computer and information sciences;0.8840392827987671;RDF304;Medical biotechnology;0.8774768114089966
849;Ultrafast Functional Ultrasound Imaging of the Brain (Genes, Cells and Molecules);RDF30;Medical, health and life sciences;0.7661179304122925;RDF20-21;Engineering and technology;0.20944498479366302;RDF10;Natural sciences;0.02330482192337513;RDF207;Medical and biomedical engineering;0.9868786931037903;RDF106;Biological sciences;0.9740426540374756;RDF303;Health sciences;0.9525741338729858;RDF302;Clinical medicine;0.5477060079574585;RDF304;Medical biotechnology;0.5394684672355652
850;Les trajectoires professionnelles des policiers du Québec : phase 2 (Law and criminology);RDF50;Social sciences;0.8458721041679382;RDF10;Natural sciences;0.044134560972452164;RDF20-21;Engineering and technology;0.041460584849119186;RDF505;Law and legal practice;0.2450850009918213;RDF506;Political science and policy administration;0.04778006672859192;RDF507;Social and economic geography;0.017176708206534386;RDF509;Other social sciences;0.0037072531413286924;RDF502;Economics and business administration;0.0010005043586716056
851;Redefining blood pressure: How novel views of the arterial tree can lead to better cardiovascular risk stratification (Clinical Investigation – Cardiovascular Systems);RDF30;Medical, health and life sciences;0.9894168376922607;RDF20-21;Engineering and technology;0.00430430518463254;RDF10;Natural sciences;0.00430430518463254;RDF303;Health sciences;0.9946150779724121;RDF302;Clinical medicine;0.966663122177124;RDF207;Medical and biomedical engineering;0.9543079733848572;RDF106;Biological sciences;0.939470648765564;RDF301;Basic medicine and life sciences;0.06052938476204872
852;Reducing the burden of hypoglycemia for persons living with type 1 diabetes;RDF30;Medical, health and life sciences;0.9802113175392151;RDF50;Social sciences;0.007721574045717716;RDF10;Natural sciences;0.006708620116114616;RDF303;Health sciences;0.9834704399108887;RDF302;Clinical medicine;0.9651190638542175;RDF207;Medical and biomedical engineering;0.9458012580871582;RDF301;Basic medicine and life sciences;0.5414088368415833;RDF305;Other medical sciences;0.5139123797416687
853;The energy-based and feature tracking motion systems and their interactions (Biological Systems and Functions);RDF20-21;Engineering and technology;0.7827543020248413;RDF10;Natural sciences;0.19637112319469452;RDF30;Medical, health and life sciences;0.01756562478840351;RDF107;Other natural sciences;0.2037075161933899;RDF212;Other engineering and technologies;0.14270912110805511;RDF207;Medical and biomedical engineering;0.07807816565036774;RDF210;Industrial biotechnology;0.04401864856481552;RDF202;Industrial, systems and processes engineering;0.043691057711839676
854;Adoptive transfers of in vitro differentiated plasmacytoid dendritic cells to prevent acute lymphoblastic leukemia relapse: mechanisms and biomarkers of sensitivity (Cancer Progression & Therapeutics);RDF30;Medical, health and life sciences;0.9640952348709106;RDF20-21;Engineering and technology;0.02048366330564022;RDF10;Natural sciences;0.013538873754441738;RDF106;Biological sciences;0.991554319858551;RDF304;Medical biotechnology;0.9763104915618896;RDF303;Health sciences;0.8610715270042419;RDF301;Basic medicine and life sciences;0.812867283821106;RDF207;Medical and biomedical engineering;0.7399865388870239
855;Replacement and upgrade of the Optical and Infrared Cameras for Observatoire du Mont-Mégantic (Physics);RDF20-21;Engineering and technology;0.7467976212501526;RDF10;Natural sciences;0.2501458525657654;RDF50;Social sciences;0.0013543128734454513;RDF103;Physical sciences;0.9877587556838989;RDF508;Media and communications;0.8864204287528992;RDF105;Earth and related environmental sciences;0.18068420886993408;RDF212;Other engineering and technologies;0.06903792917728424;RDF603;Philosophy;0.04084571450948715
856;Stochastic Discount Factors, Risk Factors and Performance Evaluation (Economics);RDF50;Social sciences;0.5920655131340027;RDF20-21;Engineering and technology;0.13005954027175903;RDF10;Natural sciences;0.11299768835306168;RDF502;Economics and business administration;0.9925394058227539;RDF101;Mathematics and statistics;0.32068830728530884;RDF507;Social and economic geography;0.001345860306173563;RDF509;Other social sciences;0.0007208380266092718;RDF205;Chemical engineering;0.00033535013790242374
857;Precision digital twin of production machines for sustained high accuracy and traceable part conformity;RDF20-21;Engineering and technology;0.9896067976951599;RDF30;Medical, health and life sciences;0.004511739127337933;RDF40;Agricultural and veterinary sciences;0.0033528399653732777;RDF202;Industrial, systems and processes engineering;0.9005298018455505;RDF103;Physical sciences;0.545285701751709;RDF102;Computer and information sciences;0.32831403613090515;RDF204;Mechanical engineering;0.17328821122646332;RDF206;Materials engineering and resources engineering;0.12678517401218414
858;Non-line-of-sight Imaging for Advanced Automotive Sensing;RDF20-21;Engineering and technology;0.992724597454071;RDF30;Medical, health and life sciences;0.00358032388612628;RDF10;Natural sciences;0.002499468857422471;RDF202;Industrial, systems and processes engineering;0.4440825581550598;RDF103;Physical sciences;0.2706729471683502;RDF212;Other engineering and technologies;0.24617072939872742;RDF204;Mechanical engineering;0.06489011645317078;RDF203;Electrical engineering, computer engineering, and information engineering;0.048496000468730927
859;Le nouvel électeur économique (Political science and public administration);RDF50;Social sciences;0.9281927943229675;RDF10;Natural sciences;0.02547089196741581;RDF60;Humanities and the arts;0.016967274248600006;RDF506;Political science and policy administration;0.9175984859466553;RDF502;Economics and business administration;0.007460643071681261;RDF503;Education;0.003538086311891675;RDF507;Social and economic geography;0.003123648464679718;RDF509;Other social sciences;0.002396730938926339
860;CB1 receptors regulate NMJ denervation and repair (Systems & Circuits Neurosciences);RDF30;Medical, health and life sciences;0.8417834043502808;RDF20-21;Engineering and technology;0.13985425233840942;RDF10;Natural sciences;0.006801636889576912;RDF207;Medical and biomedical engineering;0.6322828531265259;RDF106;Biological sciences;0.16559310257434845;RDF304;Medical biotechnology;0.03622005507349968;RDF301;Basic medicine and life sciences;0.01214717049151659;RDF302;Clinical medicine;0.0014325365191325545
861;Influence of Lipid Matrix on Ion Channel Oligomerization and Function (Chemistry);RDF30;Medical, health and life sciences;0.4683692753314972;RDF20-21;Engineering and technology;0.26375964283943176;RDF10;Natural sciences;0.23459270596504211;RDF104;Chemical sciences;0.9977830052375793;RDF211;Nano-technology;0.04208773002028465;RDF301;Basic medicine and life sciences;0.034618839621543884;RDF304;Medical biotechnology;0.03384403511881828;RDF205;Chemical engineering;0.023153411224484444
862;Composition musicale immersive et développement de trajectoires 3D, basées sur l'analyse perceptive (Fine Arts, Research-Creation);RDF60;Humanities and the arts;0.9819384813308716;RDF20-21;Engineering and technology;0.014678791165351868;RDF50;Social sciences;0.0011862281244248152;RDF604;Arts (arts, history of arts, performing arts, music), architecture and design;0.980280876159668;RDF508;Media and communications;0.9431384205818176;RDF212;Other engineering and technologies;0.0028449096716940403;RDF605;Other humanities;0.0015011823270469904;RDF103;Physical sciences;0.0006667023408226669
863;Valorisation des données d'exécution de projets (Civil, Industrial and Systems Engineering);RDF20-21;Engineering and technology;0.9984300136566162;RDF50;Social sciences;0.0005107163451611996;RDF10;Natural sciences;0.00049500324530527;RDF202;Industrial, systems and processes engineering;0.04778007045388222;RDF101;Mathematics and statistics;0.03488088771700859;RDF212;Other engineering and technologies;0.003027835162356496;RDF201;Civil engineering, maritime engineering, transport engineering, and mining engineering;0.0017274587880820036;RDF103;Physical sciences;0.001597845577634871
864;Innovative Steel Braced Frame Systems for Tall Buildings in Seismic Active Regions (Civil, Industrial and Systems Engineering);RDF20-21;Engineering and technology;0.9977591633796692;RDF10;Natural sciences;0.0011147574987262487;RDF50;Social sciences;0.0005783286178484559;RDF103;Physical sciences;0.9381240010261536;RDF202;Industrial, systems and processes engineering;0.022116590291261673;RDF201;Civil engineering, maritime engineering, transport engineering, and mining engineering;0.014172365888953209;RDF204;Mechanical engineering;0.009340024553239346;RDF212;Other engineering and technologies;0.008124709129333496
865;Multiscale modelling of aircraft and rocket emissions using high-fidelity numerical simulations and machine learning;RDF20-21;Engineering and technology;0.9917116165161133;RDF10;Natural sciences;0.0061799329705536366;RDF60;Humanities and the arts;0.000738087750505656;RDF208;Environmental engineering and related engineering;0.9658995866775513;RDF103;Physical sciences;0.6797901391983032;RDF104;Chemical sciences;0.15974102914333344;RDF212;Other engineering and technologies;0.1276526153087616;RDF205;Chemical engineering;0.029760096222162247
866;Coronavirus Crisis Competence Among Sexual and Gender Minorities (Gender, Sex & Health);RDF30;Medical, health and life sciences;0.599236249923706;RDF50;Social sciences;0.3749924600124359;RDF10;Natural sciences;0.0117748798802495;RDF504;Sociology and related studies;0.8330531120300293;RDF303;Health sciences;0.7839884757995605;RDF501;Psychology and cognitive sciences;0.08913695067167282;RDF508;Media and communications;0.07107367366552353;RDF301;Basic medicine and life sciences;0.05749328061938286
867;From Alterlife to Alterfutures: Contemporary Asian Women's Environmental Moving-Image Arts (Multidisciplinary or interdisciplinary humanities);RDF60;Humanities and the arts;0.9924505352973938;RDF50;Social sciences;0.004184667021036148;RDF10;Natural sciences;0.0014920888934284449;RDF508;Media and communications;0.9795114398002625;RDF503;Education;0.4892594814300537;RDF604;Arts (arts, history of arts, performing arts, music), architecture and design;0.15456733107566833;RDF605;Other humanities;0.04336579889059067;RDF509;Other social sciences;0.0030753700993955135
868;A FOCUS on youth mental health and substance use-related outcomes, inequities and trajectories during COVID-19 and beyond: A mixed-methods study in Canada and France;RDF30;Medical, health and life sciences;0.8039511442184448;RDF50;Social sciences;0.19170249998569489;RDF10;Natural sciences;0.0017863304819911718;RDF303;Health sciences;0.9922444820404053;RDF501;Psychology and cognitive sciences;0.3692013621330261;RDF503;Education;0.13341522216796875;RDF302;Clinical medicine;0.05964694544672966;RDF301;Basic medicine and life sciences;0.055005285888910294
869;Sleep, performance and development (Biological Systems and Functions);RDF30;Medical, health and life sciences;0.7045625448226929;RDF10;Natural sciences;0.2891519069671631;RDF20-21;Engineering and technology;0.0029707876965403557;RDF106;Biological sciences;0.9924228191375732;RDF303;Health sciences;0.9920620322227478;RDF301;Basic medicine and life sciences;0.8255897164344788;RDF207;Medical and biomedical engineering;0.37404727935791016;RDF107;Other natural sciences;0.12168575078248978
870;Molecular insights into the targeting of proteins to the inner nuclear membrane (Genes, Cells and Molecules);RDF20-21;Engineering and technology;0.6008687615394592;RDF30;Medical, health and life sciences;0.35048365592956543;RDF10;Natural sciences;0.04615338519215584;RDF106;Biological sciences;0.9795114398002625;RDF304;Medical biotechnology;0.9294403791427612;RDF301;Basic medicine and life sciences;0.6677979230880737;RDF104;Chemical sciences;0.6677437424659729;RDF207;Medical and biomedical engineering;0.4887714087963104
871;Les pratiques pédagogiques qui favorisent l'inclusion socioculturelle et scolaire d'élèves immigrants nouvellement arrivés au Québec : regards croisés d'enseignants et d'élèves (Education and social work);RDF50;Social sciences;0.7457795143127441;RDF60;Humanities and the arts;0.14012782275676727;RDF20-21;Engineering and technology;0.046936940401792526;RDF503;Education;0.873214840888977;RDF507;Social and economic geography;0.5842711925506592;RDF603;Philosophy;0.21502089500427246;RDF504;Sociology and related studies;0.07585818320512772;RDF506;Political science and policy administration;0.03384403511881828
872;Control of collective dynamics via mean field and and inverse mean field game theory;RDF20-21;Engineering and technology;0.9029340147972107;RDF50;Social sciences;0.0698993057012558;RDF10;Natural sciences;0.018305690959095955;RDF101;Mathematics and statistics;0.9539660811424255;RDF212;Other engineering and technologies;0.17272931337356567;RDF202;Industrial, systems and processes engineering;0.11436852812767029;RDF509;Other social sciences;0.10017221421003342;RDF504;Sociology and related studies;0.06418264657258987
873;#WeFeedYou, and yet...: How are temporary migrant workers' food security, nutrition and health shaped in Quebec's agri-food system - A participatory action research multiple-case study;RDF50;Social sciences;0.7053379416465759;RDF30;Medical, health and life sciences;0.13201238214969635;RDF40;Agricultural and veterinary sciences;0.10443039238452911;RDF401;Agriculture, forestry, and fisheries;0.8856315016746521;RDF507;Social and economic geography;0.7882574200630188;RDF404;Agricultural biotechnology and food sciences;0.7732163667678833;RDF502;Economics and business administration;0.7690802812576294;RDF303;Health sciences;0.5117166042327881
874;Delinquent or victim? Teenage girls' experiences of child protection intervention due to concerns for sexual exploitation (Education and social work);RDF50;Social sciences;0.8909863829612732;RDF30;Medical, health and life sciences;0.05403298884630203;RDF60;Humanities and the arts;0.023976992815732956;RDF503;Education;0.31689751148223877;RDF509;Other social sciences;0.02161533385515213;RDF504;Sociology and related studies;0.018546566367149353;RDF505;Law and legal practice;0.018404891714453697;RDF605;Other humanities;0.015663649886846542
875;Femmes, genre, (im)mobilités et vies précaires : projet de développement partenarial dans une perspective féministe transnationale et décoloniale;RDF50;Social sciences;0.8065189123153687;RDF60;Humanities and the arts;0.11394273489713669;RDF20-21;Engineering and technology;0.052166786044836044;RDF506;Political science and policy administration;0.6239123344421387;RDF502;Economics and business administration;0.4260827600955963;RDF507;Social and economic geography;0.29787829518318176;RDF504;Sociology and related studies;0.08509904146194458;RDF605;Other humanities;0.032344330102205276
876;La cohésion sociale est-elle possible en situation de crises multiples? L'influence des politiques publiques entourant le coronavirus (2019-nCoV) et les préjugés envers les citoyens et citoyennes d'origine chinoise (Canadian 2019 Novel Coronavirus (2019-nCoV) Rapid Research);RDF50;Social sciences;0.6033167243003845;RDF30;Medical, health and life sciences;0.3834914267063141;RDF60;Humanities and the arts;0.005914708599448204;RDF504;Sociology and related studies;0.9005298018455505;RDF303;Health sciences;0.6594599485397339;RDF506;Political science and policy administration;0.4134771227836609;RDF509;Other social sciences;0.28997451066970825;RDF507;Social and economic geography;0.250545859336853
877;Coronary angiocrine control of heart regeneration (Cardiovascular System – Heart and Circulation);RDF30;Medical, health and life sciences;0.8733925819396973;RDF20-21;Engineering and technology;0.09497704356908798;RDF10;Natural sciences;0.03077436424791813;RDF303;Health sciences;0.9951326251029968;RDF304;Medical biotechnology;0.9867771863937378;RDF207;Medical and biomedical engineering;0.9853843450546265;RDF106;Biological sciences;0.982954740524292;RDF302;Clinical medicine;0.8507168889045715
878;Management of public media organizations and society;RDF50;Social sciences;0.920913577079773;RDF60;Humanities and the arts;0.06645067036151886;RDF30;Medical, health and life sciences;0.004739041440188885;RDF508;Media and communications;0.9889278411865234;RDF506;Political science and policy administration;0.26683464646339417;RDF502;Economics and business administration;0.05108273774385452;RDF504;Sociology and related studies;0.020332353189587593;RDF605;Other humanities;0.01798621006309986
879;Voters' Identities in their Own Words (Political science and public administration);RDF50;Social sciences;0.8586539626121521;RDF60;Humanities and the arts;0.05981781706213951;RDF10;Natural sciences;0.035165078938007355;RDF506;Political science and policy administration;0.8674854636192322;RDF508;Media and communications;0.043691061437129974;RDF503;Education;0.02178117260336876;RDF605;Other humanities;0.0024343819823116064;RDF509;Other social sciences;0.0022170129232108593
880;Santé, justice et sécurité au 21e siècle (Philosophy);RDF60;Humanities and the arts;0.6318743228912354;RDF50;Social sciences;0.15976285934448242;RDF30;Medical, health and life sciences;0.1432105004787445;RDF603;Philosophy;0.9988664388656616;RDF604;Arts (arts, history of arts, performing arts, music), architecture and design;0.01233610138297081;RDF605;Other humanities;0.005220125429332256;RDF303;Health sciences;0.00446838466450572;RDF602;Languages and literature;0.003376612439751625
881;Role of ATP-P2X7 axis in pathogenesis of ventilator induced lung injury (Respiratory System);RDF30;Medical, health and life sciences;0.7852568030357361;RDF10;Natural sciences;0.15342292189598083;RDF20-21;Engineering and technology;0.059964049607515335;RDF106;Biological sciences;0.9906599521636963;RDF303;Health sciences;0.9881308674812317;RDF207;Medical and biomedical engineering;0.9674102067947388;RDF304;Medical biotechnology;0.9445871710777283;RDF301;Basic medicine and life sciences;0.7725306153297424
882;Mitochondrial epigenetics and ORFan genes: exploiting the mitochondrial genetic system to fuel phenotypic variation and functional novelties (Genes, Cells and Molecules);RDF30;Medical, health and life sciences;0.4935632646083832;RDF20-21;Engineering and technology;0.3472651243209839;RDF10;Natural sciences;0.13440662622451782;RDF106;Biological sciences;0.9905873537063599;RDF304;Medical biotechnology;0.7981867790222168;RDF207;Medical and biomedical engineering;0.7339288592338562;RDF301;Basic medicine and life sciences;0.30300942063331604;RDF305;Other medical sciences;0.06187598779797554
883;PeerOnCall as a catalyst for a peer support program based on psychological first aid: a feasibility study among the Sûreté du Québec (Crisis/Suicide Line and App-based Support Models for post traum. stress in public safety personnel (PSP));RDF30;Medical, health and life sciences;0.7229251861572266;RDF20-21;Engineering and technology;0.16320784389972687;RDF50;Social sciences;0.10333676636219025;RDF501;Psychology and cognitive sciences;0.9412234425544739;RDF303;Health sciences;0.9181872606277466;RDF212;Other engineering and technologies;0.5156199336051941;RDF301;Basic medicine and life sciences;0.1755380928516388;RDF509;Other social sciences;0.17050801217556
884;Computational approaches for analysis and design of complex multiphase flow systems (Mechanical Engineering);RDF20-21;Engineering and technology;0.9974876046180725;RDF10;Natural sciences;0.0014309874968603253;RDF30;Medical, health and life sciences;0.0003094727289862931;RDF204;Mechanical engineering;0.9981897473335266;RDF103;Physical sciences;0.009196552447974682;RDF101;Mathematics and statistics;0.00407013762742281;RDF202;Industrial, systems and processes engineering;0.001548761036247015;RDF212;Other engineering and technologies;0.000954731774982065
885;Understanding the limits of risk instruments in an era of climate change: An exploration of the institutional geographies of climate services in Europe (Geography, urban planning and related fields);RDF10;Natural sciences;0.45508432388305664;RDF50;Social sciences;0.27068382501602173;RDF20-21;Engineering and technology;0.24839343130588531;RDF105;Earth and related environmental sciences;0.7921428084373474;RDF107;Other natural sciences;0.3977629542350769;RDF103;Physical sciences;0.1830088496208191;RDF208;Environmental engineering and related engineering;0.08850466459989548;RDF502;Economics and business administration;0.01798621006309986
886;Randomized Double-Blind Placebo-Controlled Clinical Trial to Assess the Efficacy of Mycophenolate Mofetil in Subclinical Interstitial Lung Disease Associated with Systemic Sclerosis: a Feasibility Study;RDF30;Medical, health and life sciences;0.9237088561058044;RDF10;Natural sciences;0.07067447155714035;RDF40;Agricultural and veterinary sciences;0.0031788579653948545;RDF302;Clinical medicine;0.9934102296829224;RDF303;Health sciences;0.9913557767868042;RDF106;Biological sciences;0.9890976548194885;RDF104;Chemical sciences;0.9556514024734497;RDF304;Medical biotechnology;0.9469902515411377
887;Novel transition support program for young people with disabilities and their families: Identifying most important outcomes for program key stakeholders;RDF30;Medical, health and life sciences;0.8970405459403992;RDF50;Social sciences;0.08541643619537354;RDF20-21;Engineering and technology;0.013727670535445213;RDF303;Health sciences;0.7384805083274841;RDF503;Education;0.6965779066085815;RDF501;Psychology and cognitive sciences;0.3486451208591461;RDF509;Other social sciences;0.17384852468967438;RDF504;Sociology and related studies;0.11357958614826202
888;Advancing knowledge and developping mechanistic quantitative tools for in vitro-in vivo extrapolations in pharmacokinetics and toxicokinetics (Biological Systems and Functions);RDF30;Medical, health and life sciences;0.5763990879058838;RDF10;Natural sciences;0.3750700354576111;RDF20-21;Engineering and technology;0.04603751003742218;RDF106;Biological sciences;0.9777138233184814;RDF207;Medical and biomedical engineering;0.9539660811424255;RDF301;Basic medicine and life sciences;0.9086179137229919;RDF304;Medical biotechnology;0.8591918349266052;RDF303;Health sciences;0.8155264854431152
889;Modeling and optimization for advanced management of the complex products for the robust circular economy in Canada (Civil, Industrial and Systems Engineering);RDF20-21;Engineering and technology;0.9969025254249573;RDF10;Natural sciences;0.0012425342574715614;RDF50;Social sciences;0.0007655030931346118;RDF202;Industrial, systems and processes engineering;0.3634209632873535;RDF201;Civil engineering, maritime engineering, transport engineering, and mining engineering;0.01243165135383606;RDF104;Chemical sciences;0.0030753700993955135;RDF103;Physical sciences;0.003027835162356496;RDF212;Other engineering and technologies;0.003027834929525852
890;Advanced Manufacturing of Intelligent Structures (Mechanical Engineering);RDF20-21;Engineering and technology;0.9985533356666565;RDF10;Natural sciences;0.00039779540384188294;RDF50;Social sciences;0.0003002717567142099;RDF204;Mechanical engineering;0.9989994764328003;RDF103;Physical sciences;0.009412589482963085;RDF202;Industrial, systems and processes engineering;0.008315778337419033;RDF212;Other engineering and technologies;0.0009110512328334153;RDF206;Materials engineering and resources engineering;0.0004583129193633795
891;Multimodal Sensing Guidewire with Random Optical Gratings by Ultraviolet laser Exposure for Peripheral Vascular Interventions (Medical Physics & Imaging);RDF30;Medical, health and life sciences;0.579807698726654;RDF20-21;Engineering and technology;0.4176197946071625;RDF10;Natural sciences;0.0018454008968546987;RDF303;Health sciences;0.9926541447639465;RDF207;Medical and biomedical engineering;0.9724147319793701;RDF103;Physical sciences;0.25720494985580444;RDF203;Electrical engineering, computer engineering, and information engineering;0.1041124165058136;RDF302;Clinical medicine;0.08064661920070648
892;Intelligent mobility management in emerging vehicular networks (Computer Science);RDF20-21;Engineering and technology;0.998413622379303;RDF10;Natural sciences;0.0004103653773199767;RDF50;Social sciences;0.0003510040696710348;RDF102;Computer and information sciences;0.9968273043632507;RDF203;Electrical engineering, computer engineering, and information engineering;0.6606103777885437;RDF508;Media and communications;0.011158031411468983;RDF212;Other engineering and technologies;0.00912563782185316;RDF202;Industrial, systems and processes engineering;0.0005614787805825472
893;Chemical biology strategies for discovery and profiling of glycan-protein interactions (Chemistry);RDF20-21;Engineering and technology;0.4604465067386627;RDF10;Natural sciences;0.2426382601261139;RDF30;Medical, health and life sciences;0.18031343817710876;RDF104;Chemical sciences;0.9932025074958801;RDF301;Basic medicine and life sciences;0.010986942797899246;RDF106;Biological sciences;0.008187909610569477;RDF205;Chemical engineering;0.0031236489303410053;RDF107;Other natural sciences;0.0018102111062034965
894;Local and global biomechanical properties of the eye as new glaucoma risk factors (Medical Physics & Imaging);RDF30;Medical, health and life sciences;0.6129316091537476;RDF20-21;Engineering and technology;0.3776162266731262;RDF10;Natural sciences;0.0071358284913003445;RDF303;Health sciences;0.9164093136787415;RDF103;Physical sciences;0.914290726184845;RDF207;Medical and biomedical engineering;0.4530198872089386;RDF106;Biological sciences;0.016029147431254387;RDF301;Basic medicine and life sciences;0.01233610138297081
895;L'accessibilité des médias: éduquer pour ouvrir le dialogue;RDF50;Social sciences;0.8464967608451843;RDF60;Humanities and the arts;0.07396606355905533;RDF30;Medical, health and life sciences;0.027855874970555305;RDF508;Media and communications;0.9915543794631958;RDF604;Arts (arts, history of arts, performing arts, music), architecture and design;0.8281064033508301;RDF506;Political science and policy administration;0.817283034324646;RDF504;Sociology and related studies;0.2483518421649933;RDF502;Economics and business administration;0.20465964078903198
896;Free prior and informed consent, social equity and the forest sector: A comparison of the Forest Stewardship Council certification regime in Canada, Sweden and Russia (Geography, urban planning and related fields);RDF10;Natural sciences;0.6747844815254211;RDF50;Social sciences;0.2851642370223999;RDF20-21;Engineering and technology;0.012676932848989964;RDF401;Agriculture, forestry, and fisheries;0.8219034075737;RDF507;Social and economic geography;0.5029296875;RDF105;Earth and related environmental sciences;0.1772405207157135;RDF107;Other natural sciences;0.11476477980613708;RDF502;Economics and business administration;0.060086652636528015
897;Water reuse: innovative monitoring technologies for risk reduction (Civil, Industrial and Systems Engineering);RDF20-21;Engineering and technology;0.992538332939148;RDF10;Natural sciences;0.005948137491941452;RDF50;Social sciences;0.0005156977567821741;RDF208;Environmental engineering and related engineering;0.10087862610816956;RDF202;Industrial, systems and processes engineering;0.04084571450948715;RDF201;Civil engineering, maritime engineering, transport engineering, and mining engineering;0.030444348230957985;RDF103;Physical sciences;0.019419347867369652;RDF212;Other engineering and technologies;0.014615669846534729
898;Difficultés psychosociales, scolaires et milieux de vie différentiels d'enfants issus de la diversité ethnoculturelle recevant, ou non, des services de protection de la jeunesse (Education and social work);RDF50;Social sciences;0.5712043046951294;RDF60;Humanities and the arts;0.3033643364906311;RDF30;Medical, health and life sciences;0.07319004833698273;RDF503;Education;0.7029380798339844;RDF504;Sociology and related studies;0.03760863468050957;RDF605;Other humanities;0.03704717010259628;RDF509;Other social sciences;0.026355352252721786;RDF507;Social and economic geography;0.016914913430809975
899;Participation jeunesse Autochtone dans la prise de décision en milieu scolaire (Education and social work);RDF50;Social sciences;0.7372972965240479;RDF60;Humanities and the arts;0.1463211178779602;RDF10;Natural sciences;0.03817014396190643;RDF503;Education;0.980431318283081;RDF504;Sociology and related studies;0.016657039523124695;RDF509;Other social sciences;0.007345826830714941;RDF605;Other humanities;0.003376612439751625;RDF507;Social and economic geography;0.0027576221618801355
900;Bioinformatics-powered genetic characterization of the impact of biological systems on Alzheimer's disease and neurodegeneration;RDF30;Medical, health and life sciences;0.6271329522132874;RDF20-21;Engineering and technology;0.36580339074134827;RDF10;Natural sciences;0.005258829798549414;RDF303;Health sciences;0.9811668992042542;RDF106;Biological sciences;0.9681411385536194;RDF207;Medical and biomedical engineering;0.9626731276512146;RDF304;Medical biotechnology;0.9566341638565063;RDF305;Other medical sciences;0.942506730556488
901;Identification of functional epigenomic regions in sperm that are environmentally responsive and associate with fertility and embryo development;RDF30;Medical, health and life sciences;0.749114453792572;RDF10;Natural sciences;0.18940579891204834;RDF20-21;Engineering and technology;0.05463789403438568;RDF106;Biological sciences;0.9935116767883301;RDF304;Medical biotechnology;0.9833429455757141;RDF303;Health sciences;0.9734433889389038;RDF207;Medical and biomedical engineering;0.9270997643470764;RDF107;Other natural sciences;0.7732163667678833
902;Le jeu symbolique en classe d'éducation préscolaire 4 ans: Relations entre la pensée sociale, la maturité du jeu et l'acceptation sociale (Education and social work);RDF50;Social sciences;0.6223633885383606;RDF60;Humanities and the arts;0.18182694911956787;RDF20-21;Engineering and technology;0.126935675740242;RDF503;Education;0.9796676635742188;RDF507;Social and economic geography;0.048496004194021225;RDF504;Sociology and related studies;0.024798160418868065;RDF509;Other social sciences;0.01784873940050602;RDF603;Philosophy;0.010986942797899246
903;Evaluation of supervised consumption services in Montreal in the context of COVID-19 (Evaluation of Harm Reduction Approaches to Address the Opioid Crisis);RDF30;Medical, health and life sciences;0.6372660398483276;RDF50;Social sciences;0.3069603145122528;RDF10;Natural sciences;0.02549385093152523;RDF502;Economics and business administration;0.9726235270500183;RDF303;Health sciences;0.949669361114502;RDF507;Social and economic geography;0.7201715111732483;RDF301;Basic medicine and life sciences;0.39805540442466736;RDF504;Sociology and related studies;0.204024538397789
904;Pacing Brain Rhythms (Biological Systems and Functions);RDF30;Medical, health and life sciences;0.5872900485992432;RDF10;Natural sciences;0.3973803222179413;RDF20-21;Engineering and technology;0.012380761094391346;RDF106;Biological sciences;0.9953181743621826;RDF501;Psychology and cognitive sciences;0.989591658115387;RDF303;Health sciences;0.9477691650390625;RDF207;Medical and biomedical engineering;0.8589553833007812;RDF301;Basic medicine and life sciences;0.5170831680297852
905;Representation Learning for Lifelong Learning (Computer Science);RDF20-21;Engineering and technology;0.993945837020874;RDF60;Humanities and the arts;0.001889019156806171;RDF10;Natural sciences;0.001425906433723867;RDF503;Education;0.9986114501953125;RDF102;Computer and information sciences;0.988755464553833;RDF203;Electrical engineering, computer engineering, and information engineering;0.3453260064125061;RDF501;Psychology and cognitive sciences;0.0028449096716940403;RDF212;Other engineering and technologies;0.001573112211190164
906;Inverse Design by Duality;RDF20-21;Engineering and technology;0.6282399892807007;RDF60;Humanities and the arts;0.2265910655260086;RDF30;Medical, health and life sciences;0.06391293555498123;RDF604;Arts (arts, history of arts, performing arts, music), architecture and design;0.9931495189666748;RDF508;Media and communications;0.8883719444274902;RDF212;Other engineering and technologies;0.0897732824087143;RDF203;Electrical engineering, computer engineering, and information engineering;0.046378206461668015;RDF501;Psychology and cognitive sciences;0.027169231325387955
907;How is cell morphogenesis regulated during mitosis? (Genes, Cells and Molecules);RDF30;Medical, health and life sciences;0.5274054408073425;RDF10;Natural sciences;0.43723446130752563;RDF20-21;Engineering and technology;0.033063776791095734;RDF106;Biological sciences;0.9965166449546814;RDF301;Basic medicine and life sciences;0.972204327583313;RDF304;Medical biotechnology;0.9376689791679382;RDF207;Medical and biomedical engineering;0.8568122982978821;RDF305;Other medical sciences;0.4287116527557373
908;Superconducting single photon detectors for quantum optics and spectroscopy up to 2.5 microns (Physics);RDF20-21;Engineering and technology;0.9824506044387817;RDF10;Natural sciences;0.00948228221386671;RDF40;Agricultural and veterinary sciences;0.0028029573149979115;RDF103;Physical sciences;0.9960545897483826;RDF211;Nano-technology;0.9839708805084229;RDF603;Philosophy;0.00912563782185316;RDF206;Materials engineering and resources engineering;0.007937993854284286;RDF212;Other engineering and technologies;0.004264635033905506
909;The effects of neuropsychiatric CNVs on the integrity of brain structure and connectivity (Behavioural Sciences);RDF30;Medical, health and life sciences;0.9930891990661621;RDF20-21;Engineering and technology;0.00405852822586894;RDF10;Natural sciences;0.0013594366610050201;RDF501;Psychology and cognitive sciences;0.8074606657028198;RDF207;Medical and biomedical engineering;0.483648419380188;RDF303;Health sciences;0.267408162355423;RDF304;Medical biotechnology;0.015072626993060112;RDF106;Biological sciences;0.013121271505951881
910;De villes adaptées à la vieillesse aux territoires inclusifs et exempts d'âgisme : vers un changement de perspective sur l'aménagement urbain des municipalités favorisant le vieillissement ?;RDF50;Social sciences;0.4486328661441803;RDF20-21;Engineering and technology;0.2144172042608261;RDF10;Natural sciences;0.18665307760238647;RDF208;Environmental engineering and related engineering;0.9730364680290222;RDF604;Arts (arts, history of arts, performing arts, music), architecture and design;0.9559813141822815;RDF502;Economics and business administration;0.9385759830474854;RDF401;Agriculture, forestry, and fisheries;0.9152045845985413;RDF506;Political science and policy administration;0.8951566219329834
911;Environmental fate of emerging contaminants (Geosciences);RDF10;Natural sciences;0.6822524070739746;RDF20-21;Engineering and technology;0.2635459899902344;RDF30;Medical, health and life sciences;0.021633172407746315;RDF105;Earth and related environmental sciences;0.9766692519187927;RDF208;Environmental engineering and related engineering;0.9500414729118347;RDF107;Other natural sciences;0.21900324523448944;RDF103;Physical sciences;0.0036499870475381613;RDF104;Chemical sciences;0.00214894930832088
912;Du disque à l'oeuvre. Musique, arts visuels, cinéma;RDF60;Humanities and the arts;0.9907875657081604;RDF20-21;Engineering and technology;0.004112886730581522;RDF10;Natural sciences;0.0021006569731980562;RDF508;Media and communications;0.949669361114502;RDF605;Other humanities;0.31426095962524414;RDF604;Arts (arts, history of arts, performing arts, music), architecture and design;0.06928940862417221;RDF103;Physical sciences;0.00857748556882143;RDF206;Materials engineering and resources engineering;0.002251847181469202
913;Decoding the role of DNMT1 in the Inherited Dysregulation of Epigenetic Marks using Embryonic Cells (Genes, Cells and Molecules);RDF30;Medical, health and life sciences;0.877419114112854;RDF10;Natural sciences;0.0698070377111435;RDF20-21;Engineering and technology;0.04234011098742485;RDF106;Biological sciences;0.9910145401954651;RDF304;Medical biotechnology;0.899827778339386;RDF305;Other medical sciences;0.3492136299610138;RDF301;Basic medicine and life sciences;0.18476751446723938;RDF207;Medical and biomedical engineering;0.14175598323345184
914;Computational Methods for Verification and Validation with Applications in Mechanics (Mechanical Engineering);RDF20-21;Engineering and technology;0.9952037334442139;RDF10;Natural sciences;0.002428618259727955;RDF50;Social sciences;0.0008134852396324277;RDF204;Mechanical engineering;0.9798226952552795;RDF103;Physical sciences;0.09568694233894348;RDF102;Computer and information sciences;0.005819959565997124;RDF212;Other engineering and technologies;0.0012255674228072166;RDF206;Materials engineering and resources engineering;0.0007672923966310918
915;Inter-cellular causality in the formation and degradation of the vascular glycocalyx;RDF30;Medical, health and life sciences;0.44959184527397156;RDF20-21;Engineering and technology;0.299492746591568;RDF10;Natural sciences;0.24635601043701172;RDF106;Biological sciences;0.9950177669525146;RDF304;Medical biotechnology;0.9539660811424255;RDF207;Medical and biomedical engineering;0.9314624667167664;RDF104;Chemical sciences;0.8998278379440308;RDF301;Basic medicine and life sciences;0.8449215888977051
916;L'écologie et des paysages combinatoires : vers une collaboration permanente avec la nature (Geography, urban planning and related fields);RDF20-21;Engineering and technology;0.5602276921272278;RDF10;Natural sciences;0.422882080078125;RDF50;Social sciences;0.01118172612041235;RDF105;Earth and related environmental sciences;0.9412234425544739;RDF503;Education;0.5440747141838074;RDF107;Other natural sciences;0.34246155619621277;RDF103;Physical sciences;0.2751297354698181;RDF208;Environmental engineering and related engineering;0.2724114954471588
917;An optimization framework for comparative, multi-species studies of visual systems (Biological Systems and Functions);RDF20-21;Engineering and technology;0.8282661437988281;RDF10;Natural sciences;0.08798329532146454;RDF30;Medical, health and life sciences;0.06960052251815796;RDF106;Biological sciences;0.8587185740470886;RDF501;Psychology and cognitive sciences;0.07107366621494293;RDF207;Medical and biomedical engineering;0.06371499598026276;RDF107;Other natural sciences;0.02843603305518627;RDF604;Arts (arts, history of arts, performing arts, music), architecture and design;0.026155618950724602
918;A novel web-based mental health intervention integrating peer support and clinical moderation to enhance recovery and prevent relapse in adults diagnosed with psychotic disorders: A pragmatic feasibility study of Horyzons-Canada (Health Services Evaluation & Interventions Research);RDF30;Medical, health and life sciences;0.9727241396903992;RDF20-21;Engineering and technology;0.021406492218375206;RDF50;Social sciences;0.0029541929252445698;RDF303;Health sciences;0.9959927201271057;RDF501;Psychology and cognitive sciences;0.7041601538658142;RDF301;Basic medicine and life sciences;0.5630176067352295;RDF203;Electrical engineering, computer engineering, and information engineering;0.0960254892706871;RDF302;Clinical medicine;0.08035746961832047
919;Maternal Diabetes Induces Perinatal Programming of Chronic Kidney Disease: The Role of Hedgehog Interacting Protein (Hhip) (Clinical Investigation – Reproduction, Maternal, Child and Youth Health);RDF30;Medical, health and life sciences;0.987647533416748;RDF10;Natural sciences;0.010147230699658394;RDF50;Social sciences;0.0012309988960623741;RDF302;Clinical medicine;0.9934101700782776;RDF303;Health sciences;0.9890130758285522;RDF106;Biological sciences;0.9814534783363342;RDF304;Medical biotechnology;0.894051730632782;RDF207;Medical and biomedical engineering;0.37199175357818604
920;Urgent Replacement of a Platform for Gaseous Chemistry and Catalysis (Chemistry);RDF20-21;Engineering and technology;0.9702883362770081;RDF10;Natural sciences;0.023360131308436394;RDF40;Agricultural and veterinary sciences;0.0017734125722199678;RDF104;Chemical sciences;0.9966233372688293;RDF205;Chemical engineering;0.963230550289154;RDF103;Physical sciences;0.0017821963410824537;RDF212;Other engineering and technologies;0.0008040859247557819;RDF107;Other natural sciences;0.0003250358277000487
921;CAN OSTEOCLAST BIOMARKERS DETECT EXCESSIVE SUBCHONDRAL BONE RESORPTION IN RACEHORSES? (Genes, Cells and Molecules);RDF20-21;Engineering and technology;0.4820844233036041;RDF30;Medical, health and life sciences;0.22950658202171326;RDF10;Natural sciences;0.1666039228439331;RDF106;Biological sciences;0.985827624797821;RDF402;Animal and dairy sciences;0.9683812260627747;RDF207;Medical and biomedical engineering;0.9492946863174438;RDF301;Basic medicine and life sciences;0.9202179908752441;RDF104;Chemical sciences;0.8283842206001282
922;Agrégateur numérique de paysages urbains;RDF10;Natural sciences;0.4696860909461975;RDF20-21;Engineering and technology;0.4343886375427246;RDF40;Agricultural and veterinary sciences;0.051125895231962204;RDF604;Arts (arts, history of arts, performing arts, music), architecture and design;0.9736446738243103;RDF208;Environmental engineering and related engineering;0.9704647064208984;RDF401;Agriculture, forestry, and fisheries;0.957277774810791;RDF105;Earth and related environmental sciences;0.9326989054679871;RDF103;Physical sciences;0.9043130874633789
923;Study of the effect of sex on drugs dosing, concentrations and pharmacogenomics (Gender, Sex & Health);RDF30;Medical, health and life sciences;0.9591012597084045;RDF10;Natural sciences;0.03456198796629906;RDF50;Social sciences;0.0033526350744068623;RDF303;Health sciences;0.9609517455101013;RDF106;Biological sciences;0.9518632292747498;RDF301;Basic medicine and life sciences;0.8577681183815002;RDF104;Chemical sciences;0.6634781360626221;RDF207;Medical and biomedical engineering;0.5251253247261047
924;Biosecurity 2.0 for the modern Canadian dairy farm (Biological Systems and Functions);RDF20-21;Engineering and technology;0.390652060508728;RDF10;Natural sciences;0.2903079688549042;RDF40;Agricultural and veterinary sciences;0.2813761234283447;RDF401;Agriculture, forestry, and fisheries;0.976669192314148;RDF210;Industrial biotechnology;0.9645892381668091;RDF404;Agricultural biotechnology and food sciences;0.9594592452049255;RDF303;Health sciences;0.8727816939353943;RDF209;Environmental biotechnology;0.8275495767593384
925;Et si on revenait à l'étude des comportements de leadership : le rôle du style parental et de la motivation comme prédicteurs des comportements de partage de ressources d'élèves officiers (Psychology, linguistics and translation);RDF50;Social sciences;0.431755006313324;RDF60;Humanities and the arts;0.20554621517658234;RDF20-21;Engineering and technology;0.1434943825006485;RDF501;Psychology and cognitive sciences;0.07585818320512772;RDF503;Education;0.06656918674707413;RDF508;Media and communications;0.03934250399470329;RDF509;Other social sciences;0.02178117260336876;RDF506;Political science and policy administration;0.020177317783236504
926;Penser le temps de la maladie chronique : l'expertise littéraire à l'appui des pratiques de soin (Literature);RDF60;Humanities and the arts;0.6355016827583313;RDF30;Medical, health and life sciences;0.332279771566391;RDF10;Natural sciences;0.011020170524716377;RDF602;Languages and literature;0.9820137619972229;RDF303;Health sciences;0.929440438747406;RDF503;Education;0.7994422912597656;RDF207;Medical and biomedical engineering;0.7866228222846985;RDF604;Arts (arts, history of arts, performing arts, music), architecture and design;0.6431052088737488
927;Non-releasing alginate hydrogels for analyte sensing and detoxification (Materials and Chemical Engineering);RDF20-21;Engineering and technology;0.9443155527114868;RDF30;Medical, health and life sciences;0.039590347558259964;RDF10;Natural sciences;0.01315790694206953;RDF104;Chemical sciences;0.9559813737869263;RDF205;Chemical engineering;0.9549844861030579;RDF301;Basic medicine and life sciences;0.21667377650737762;RDF303;Health sciences;0.06560483574867249;RDF206;Materials engineering and resources engineering;0.02655657008290291
928;Quantifying Indigenous family disruption and resilience at the beginning of the 20th century through historical census data (Sociology, demography and related fields);RDF50;Social sciences;0.9946435689926147;RDF10;Natural sciences;0.0024272510781884193;RDF60;Humanities and the arts;0.0009069974767044187;RDF504;Sociology and related studies;0.9822877049446106;RDF507;Social and economic geography;0.4834045469760895;RDF509;Other social sciences;0.14366760849952698;RDF101;Mathematics and statistics;0.13117322325706482;RDF601;History, archaeology and related studies;0.08509904146194458
929;The impact of biological sex on the brain language network (Biological Systems and Functions);RDF10;Natural sciences;0.5575451254844666;RDF30;Medical, health and life sciences;0.4175820052623749;RDF20-21;Engineering and technology;0.02111758105456829;RDF106;Biological sciences;0.9931495189666748;RDF501;Psychology and cognitive sciences;0.9244152307510376;RDF207;Medical and biomedical engineering;0.8292155861854553;RDF303;Health sciences;0.6214260458946228;RDF304;Medical biotechnology;0.12043881416320801
930;Tracking the beat of music: Mechanisms underpinning inter-individual differences and effects on rhythm learning (Biological Systems and Functions);RDF10;Natural sciences;0.7287287712097168;RDF20-21;Engineering and technology;0.1168888509273529;RDF30;Medical, health and life sciences;0.10315404832363129;RDF106;Biological sciences;0.9314625263214111;RDF604;Arts (arts, history of arts, performing arts, music), architecture and design;0.7341195344924927;RDF501;Psychology and cognitive sciences;0.32338011264801025;RDF503;Education;0.05877655744552612;RDF107;Other natural sciences;0.014063626527786255
931;The role of rhythm in the development of speech perception and production (Biological Systems and Functions);RDF30;Medical, health and life sciences;0.837807297706604;RDF20-21;Engineering and technology;0.07151095569133759;RDF10;Natural sciences;0.06717832386493683;RDF106;Biological sciences;0.9853843450546265;RDF207;Medical and biomedical engineering;0.7809967398643494;RDF503;Education;0.20898497104644775;RDF501;Psychology and cognitive sciences;0.11676400899887085;RDF303;Health sciences;0.03993731364607811
932;Development of an Intelligent Design Support Tool for Integrated Design of Multidomain Systems (Mechanical Engineering);RDF20-21;Engineering and technology;0.997799277305603;RDF10;Natural sciences;0.0005783518427051604;RDF30;Medical, health and life sciences;0.0004794705309905112;RDF204;Mechanical engineering;0.9971550703048706;RDF202;Industrial, systems and processes engineering;0.16052904725074768;RDF604;Arts (arts, history of arts, performing arts, music), architecture and design;0.13939638435840607;RDF103;Physical sciences;0.003945406526327133;RDF102;Computer and information sciences;0.0025114635936915874
933;Dynamiques socioreligieuses, laïcité et espaces municipaux québécois (Multidisciplinary or interdisciplinary social sciences);RDF50;Social sciences;0.9984262585639954;RDF20-21;Engineering and technology;0.0008552857325412333;RDF60;Humanities and the arts;0.0002955788222607225;RDF504;Sociology and related studies;0.9001793265342712;RDF509;Other social sciences;0.8868131041526794;RDF507;Social and economic geography;0.35220175981521606;RDF503;Education;0.015543648041784763;RDF506;Political science and policy administration;0.009268013760447502
934;Optimization and Planning Models for more Sustainable Agrifood Logistics;RDF40;Agricultural and veterinary sciences;0.3988831341266632;RDF20-21;Engineering and technology;0.3866107761859894;RDF10;Natural sciences;0.20214413106441498;RDF401;Agriculture, forestry, and fisheries;0.9700134992599487;RDF404;Agricultural biotechnology and food sciences;0.8795611262321472;RDF202;Industrial, systems and processes engineering;0.6407483220100403;RDF201;Civil engineering, maritime engineering, transport engineering, and mining engineering;0.4530198574066162;RDF405;Other agricultural sciences;0.44046926498413086
935;Men's migration, social support, and women's health and well-being in three diverse contexts (Sociology, demography and related fields);RDF50;Social sciences;0.9484002590179443;RDF30;Medical, health and life sciences;0.04199662059545517;RDF10;Natural sciences;0.003845732659101486;RDF504;Sociology and related studies;0.7568970322608948;RDF507;Social and economic geography;0.4775541424751282;RDF303;Health sciences;0.227469339966774;RDF509;Other social sciences;0.16451647877693176;RDF605;Other humanities;0.049589019268751144
936;Child maltreatment, emotion regulation and sexual wellbeing over time in women with low sexual desire and their partners (Psychology);RDF30;Medical, health and life sciences;0.9648213982582092;RDF50;Social sciences;0.018664633855223656;RDF10;Natural sciences;0.009835570119321346;RDF501;Psychology and cognitive sciences;0.9914887547492981;RDF303;Health sciences;0.16184942424297333;RDF503;Education;0.006097561214119196;RDF301;Basic medicine and life sciences;0.004198795184493065;RDF107;Other natural sciences;0.0020829709246754646
937;Détresse, formes d'exclusion et héritage migratoire : trajectoire sociale et subjectivité des personnes descendantes de migrants asiatiques (Education and social work);RDF50;Social sciences;0.9658435583114624;RDF60;Humanities and the arts;0.01755237579345703;RDF10;Natural sciences;0.011156969703733921;RDF507;Social and economic geography;0.9600626826286316;RDF503;Education;0.21700546145439148;RDF504;Sociology and related studies;0.1175721287727356;RDF601;History, archaeology and related studies;0.06187598779797554;RDF509;Other social sciences;0.040237944573163986
938;Elucidating the roles of miRNAs and Hippo signaling on lineage specification in the human and mouse embryo (Endocrinology);RDF30;Medical, health and life sciences;0.9639553427696228;RDF10;Natural sciences;0.025890016928315163;RDF20-21;Engineering and technology;0.008471181616187096;RDF106;Biological sciences;0.9899864196777344;RDF303;Health sciences;0.9722043871879578;RDF304;Medical biotechnology;0.8807971477508545;RDF207;Medical and biomedical engineering;0.8770561814308167;RDF301;Basic medicine and life sciences;0.50048828125
939;Enabling Collaborative and Intelligent Service Provisioning in Mobile Edge Networks;RDF20-21;Engineering and technology;0.9835063219070435;RDF50;Social sciences;0.010026047937572002;RDF10;Natural sciences;0.0042122588492929935;RDF102;Computer and information sciences;0.9899086356163025;RDF203;Electrical engineering, computer engineering, and information engineering;0.8766343593597412;RDF508;Media and communications;0.0772387906908989;RDF212;Other engineering and technologies;0.053799644112586975;RDF603;Philosophy;0.0031726828310638666
940;Intelligent Predictive Maintenance 4.0 for Heavy-duty Electrical Bus;RDF20-21;Engineering and technology;0.9966045618057251;RDF10;Natural sciences;0.0014983343426138163;RDF50;Social sciences;0.0005687035736627877;RDF202;Industrial, systems and processes engineering;0.9600626826286316;RDF212;Other engineering and technologies;0.3283678889274597;RDF204;Mechanical engineering;0.1716158092021942;RDF203;Electrical engineering, computer engineering, and information engineering;0.11676400899887085;RDF103;Physical sciences;0.06853749603033066
941;Investigating mitochondrial biogenesis rheostat functions in skin aging: stress sensing and control of immunometabolic landscapes;RDF30;Medical, health and life sciences;0.7087449431419373;RDF20-21;Engineering and technology;0.18416635692119598;RDF10;Natural sciences;0.10052140802145004;RDF106;Biological sciences;0.9881308674812317;RDF303;Health sciences;0.9796676635742188;RDF304;Medical biotechnology;0.9695556163787842;RDF207;Medical and biomedical engineering;0.9407898187637329;RDF301;Basic medicine and life sciences;0.9026095271110535
942;Role of the Calcitonin Receptor System in Cardiac Physiology and Remodeling;RDF30;Medical, health and life sciences;0.6758846044540405;RDF20-21;Engineering and technology;0.26884832978248596;RDF10;Natural sciences;0.05440690740942955;RDF106;Biological sciences;0.989751398563385;RDF303;Health sciences;0.9872773289680481;RDF207;Medical and biomedical engineering;0.9829546809196472;RDF304;Medical biotechnology;0.9416541457176208;RDF302;Clinical medicine;0.9372107982635498
943;Predicting the Progression and Brace Treatment Response in Spinal Deformities with Temporal-based Machine Learning Approaches (Biomedical Engineering);RDF30;Medical, health and life sciences;0.7310144305229187;RDF20-21;Engineering and technology;0.26475587487220764;RDF10;Natural sciences;0.0031801655422896147;RDF207;Medical and biomedical engineering;0.9949396848678589;RDF303;Health sciences;0.9902915358543396;RDF106;Biological sciences;0.9615338444709778;RDF304;Medical biotechnology;0.9353464841842651;RDF302;Clinical medicine;0.24220561981201172
944;Boosting the Productivity of a Graying Workforce;RDF50;Social sciences;0.5172777771949768;RDF20-21;Engineering and technology;0.2683601677417755;RDF30;Medical, health and life sciences;0.09949849545955658;RDF502;Economics and business administration;0.9829546809196472;RDF501;Psychology and cognitive sciences;0.7721872925758362;RDF507;Social and economic geography;0.1629120260477066;RDF212;Other engineering and technologies;0.13660839200019836;RDF504;Sociology and related studies;0.12721827626228333
945;The Biophysics of Cold Plasmas in Cancer Therapy (Physics);RDF30;Medical, health and life sciences;0.9428443908691406;RDF10;Natural sciences;0.037133749574422836;RDF20-21;Engineering and technology;0.016737492755055428;RDF103;Physical sciences;0.9940428733825684;RDF303;Health sciences;0.8405209183692932;RDF302;Clinical medicine;0.23686909675598145;RDF503;Education;0.15869517624378204;RDF304;Medical biotechnology;0.11676400899887085
946;Virage numérique dans le développement de techniques avancées en soins personnalisés (Physics);RDF20-21;Engineering and technology;0.5852562189102173;RDF10;Natural sciences;0.4085747003555298;RDF30;Medical, health and life sciences;0.003647072473540902;RDF103;Physical sciences;0.9895917177200317;RDF503;Education;0.42262378334999084;RDF211;Nano-technology;0.27708157896995544;RDF212;Other engineering and technologies;0.026355352252721786;RDF102;Computer and information sciences;0.02145073004066944
947;Rencontres « droits et résistances numériques en contexte francophone »;RDF50;Social sciences;0.8159046769142151;RDF20-21;Engineering and technology;0.07603932172060013;RDF60;Humanities and the arts;0.05650762841105461;RDF508;Media and communications;0.8137570023536682;RDF102;Computer and information sciences;0.6361271142959595;RDF501;Psychology and cognitive sciences;0.2011847198009491;RDF506;Political science and policy administration;0.10856642574071884;RDF604;Arts (arts, history of arts, performing arts, music), architecture and design;0.10521053522825241
948;Caméra rapide haute résolution pour la mesure de nuages de bulles en écoulement à haute vitesse (Mechanical Engineering);RDF20-21;Engineering and technology;0.9969673156738281;RDF10;Natural sciences;0.0013862370979040861;RDF50;Social sciences;0.0005778695922344923;RDF204;Mechanical engineering;0.9988486170768738;RDF103;Physical sciences;0.02931222878396511;RDF211;Nano-technology;0.020023442804813385;RDF201;Civil engineering, maritime engineering, transport engineering, and mining engineering;0.004755200352519751;RDF604;Arts (arts, history of arts, performing arts, music), architecture and design;0.004538431763648987
949;Predicting duration and rehospitalization of psychiatric emergency patients: The Signature BioBank;RDF30;Medical, health and life sciences;0.9739974141120911;RDF20-21;Engineering and technology;0.015258834697306156;RDF50;Social sciences;0.005791600327938795;RDF303;Health sciences;0.9960546493530273;RDF302;Clinical medicine;0.9844563603401184;RDF304;Medical biotechnology;0.9844563603401184;RDF207;Medical and biomedical engineering;0.9811668395996094;RDF106;Biological sciences;0.9795114398002625
950;Perceptions de justice dans les services : les cas des travailleurs de la restauration et des enseignants universitaires au Québec et en France (Sociology, demography and related fields);RDF50;Social sciences;0.9677643179893494;RDF60;Humanities and the arts;0.0246090330183506;RDF20-21;Engineering and technology;0.0027182509656995535;RDF504;Sociology and related studies;0.9511421918869019;RDF505;Law and legal practice;0.9453994035720825;RDF507;Social and economic geography;0.9238675832748413;RDF509;Other social sciences;0.38202616572380066;RDF503;Education;0.09842540323734283
951;L'impact de la rémunération tangible et intangible sur le roulement volontaire dans le secteur des TIC au Canada : une approche multiniveaux et longitudinale (Business, management and related fields);RDF50;Social sciences;0.32887136936187744;RDF20-21;Engineering and technology;0.264255553483963;RDF10;Natural sciences;0.15534783899784088;RDF502;Economics and business administration;0.9690911173820496;RDF507;Social and economic geography;0.44758105278015137;RDF508;Media and communications;0.004905405919998884;RDF509;Other social sciences;0.0035380858462303877;RDF205;Chemical engineering;0.003027835162356496
952;The Axolotl a model for vertebrate limb regeneration (Genes, Cells and Molecules);RDF10;Natural sciences;0.6097458004951477;RDF30;Medical, health and life sciences;0.23877988755702972;RDF20-21;Engineering and technology;0.1437002718448639;RDF106;Biological sciences;0.9883127808570862;RDF304;Medical biotechnology;0.9671630859375;RDF301;Basic medicine and life sciences;0.9453994035720825;RDF207;Medical and biomedical engineering;0.9164093136787415;RDF402;Animal and dairy sciences;0.9102267026901245
953;Microglial fatty acid signalling as a modulator of diet-induced neuroimmune responses in obesity (Diabetes, Obesity, Lipid & Lipoprotein Disorders);RDF30;Medical, health and life sciences;0.8896802663803101;RDF10;Natural sciences;0.08077453076839447;RDF20-21;Engineering and technology;0.016812322661280632;RDF106;Biological sciences;0.9830850958824158;RDF303;Health sciences;0.9722043871879578;RDF304;Medical biotechnology;0.969555675983429;RDF207;Medical and biomedical engineering;0.8397339582443237;RDF301;Basic medicine and life sciences;0.6098436713218689
954;Diversity and resilience of plant communities in isolated ecosystems (Evolution and Ecology);RDF10;Natural sciences;0.9936294555664062;RDF40;Agricultural and veterinary sciences;0.003583587473258376;RDF30;Medical, health and life sciences;0.0012978893937543035;RDF106;Biological sciences;0.9916195273399353;RDF105;Earth and related environmental sciences;0.9378969073295593;RDF209;Environmental biotechnology;0.791176438331604;RDF208;Environmental engineering and related engineering;0.31100818514823914;RDF107;Other natural sciences;0.21866939961910248
955;Dynamic protein interaction networks to map molecular origins of envronmental and genomic variations (Genes, Cells and Molecules);RDF20-21;Engineering and technology;0.9256957173347473;RDF30;Medical, health and life sciences;0.05826028063893318;RDF10;Natural sciences;0.011836294084787369;RDF106;Biological sciences;0.974821150302887;RDF301;Basic medicine and life sciences;0.6563829779624939;RDF304;Medical biotechnology;0.16238003969192505;RDF207;Medical and biomedical engineering;0.09807932376861572;RDF209;Environmental biotechnology;0.06465349346399307
956;Greening Social Work in Quebec: Exploring the Intersections of Environmental-Ecological Notions in Social Work Theory, Education, and Practice (Education and social work);RDF50;Social sciences;0.8971896171569824;RDF10;Natural sciences;0.0424153134226799;RDF30;Medical, health and life sciences;0.023060806095600128;RDF503;Education;0.13986565172672272;RDF509;Other social sciences;0.01640303246676922;RDF504;Sociology and related studies;0.012920473702251911;RDF603;Philosophy;0.011777843348681927;RDF605;Other humanities;0.01065251138061285
957;L'oeuvre d'art comme «analyseur»: en quête d'une méthodologie (Fine arts, research-creation);RDF60;Humanities and the arts;0.987708330154419;RDF20-21;Engineering and technology;0.00686638243496418;RDF50;Social sciences;0.001936752232722938;RDF604;Arts (arts, history of arts, performing arts, music), architecture and design;0.5796383619308472;RDF508;Media and communications;0.2030746191740036;RDF503;Education;0.032344333827495575;RDF605;Other humanities;0.007460644003003836;RDF507;Social and economic geography;0.006903838366270065
958;Control of bacterial cell shape through cell-wall remodeling (Microbiology & Infectious Diseases);RDF30;Medical, health and life sciences;0.49983102083206177;RDF10;Natural sciences;0.49208182096481323;RDF20-21;Engineering and technology;0.00712970644235611;RDF106;Biological sciences;0.9989012479782104;RDF303;Health sciences;0.9832145571708679;RDF301;Basic medicine and life sciences;0.9095862507820129;RDF304;Medical biotechnology;0.4892594516277313;RDF207;Medical and biomedical engineering;0.053009774535894394
959;Role and therapeutic potential of the atypical MAP kinase ERK3 in basal-like breast cancer progression (Molecular & Cellular Biology of Cancer);RDF30;Medical, health and life sciences;0.9800664782524109;RDF10;Natural sciences;0.014881523326039314;RDF20-21;Engineering and technology;0.0023545988369733095;RDF106;Biological sciences;0.9928785562515259;RDF304;Medical biotechnology;0.9341553449630737;RDF303;Health sciences;0.9149009585380554;RDF207;Medical and biomedical engineering;0.31341975927352905;RDF301;Basic medicine and life sciences;0.12378869205713272
960;Personnalisation en temps réel d'interface en fonction de la charge cognitive des utilisateurs (Civil, Industrial and Systems Engineering);RDF20-21;Engineering and technology;0.9980019927024841;RDF50;Social sciences;0.0007312537636607885;RDF10;Natural sciences;0.0006157774478197098;RDF102;Computer and information sciences;0.19620941579341888;RDF202;Industrial, systems and processes engineering;0.11436852812767029;RDF501;Psychology and cognitive sciences;0.026155618950724602;RDF212;Other engineering and technologies;0.007937993854284286;RDF203;Electrical engineering, computer engineering, and information engineering;0.006797532085329294
961;The I-Care project : Assessing the impact of a multimodal childcare-based intervention to prevent disruptive behaviour problems in children (Psychology);RDF30;Medical, health and life sciences;0.9589585661888123;RDF20-21;Engineering and technology;0.02037452720105648;RDF50;Social sciences;0.01090569794178009;RDF501;Psychology and cognitive sciences;0.9210740923881531;RDF503;Education;0.30507585406303406;RDF303;Health sciences;0.12678517401218414;RDF212;Other engineering and technologies;0.004264635033905506;RDF509;Other social sciences;0.0016484828665852547
962;Inter-individual variability in cognitive aging: Neural mechanisms, reserve processes and malleability of neuroprotective processes (Biological Systems and Functions);RDF30;Medical, health and life sciences;0.9342766404151917;RDF10;Natural sciences;0.04104924947023392;RDF20-21;Engineering and technology;0.013120127841830254;RDF106;Biological sciences;0.9909447431564331;RDF501;Psychology and cognitive sciences;0.9683812856674194;RDF303;Health sciences;0.188323974609375;RDF301;Basic medicine and life sciences;0.18242551386356354;RDF207;Medical and biomedical engineering;0.07751765847206116
963;Maternal immune cells mediated endothelial activation in preeclampsia (Clinical Investigation – Reproduction, Maternal, Child and Youth Health);RDF30;Medical, health and life sciences;0.9747154712677002;RDF10;Natural sciences;0.0231480672955513;RDF50;Social sciences;0.0011960454285144806;RDF302;Clinical medicine;0.9951702952384949;RDF303;Health sciences;0.9932550191879272;RDF106;Biological sciences;0.9854964017868042;RDF304;Medical biotechnology;0.8736466765403748;RDF207;Medical and biomedical engineering;0.11357958614826202
964;Projet 'Parité sciences';RDF20-21;Engineering and technology;0.9491998553276062;RDF50;Social sciences;0.018219536170363426;RDF10;Natural sciences;0.013225963339209557;RDF506;Political science and policy administration;0.8311430215835571;RDF503;Education;0.7496374845504761;RDF212;Other engineering and technologies;0.36829209327697754;RDF604;Arts (arts, history of arts, performing arts, music), architecture and design;0.22918999195098877;RDF507;Social and economic geography;0.07696083933115005
965;A Pragmatic Randomized Clinical Trial on Immersive Virtual Reality Compared to Non-Immersive Distraction Using a Tablet for Pain and Anxiety Management of Children During Bone Pins and Sutures Removal in Orthopedic Clinics (Clinical Investigation – Reproduction, Maternal, Child and Youth Health);RDF30;Medical, health and life sciences;0.976429283618927;RDF20-21;Engineering and technology;0.013982528820633888;RDF10;Natural sciences;0.005671563558280468;RDF302;Clinical medicine;0.9920620322227478;RDF303;Health sciences;0.987375020980835;RDF207;Medical and biomedical engineering;0.9263037443161011;RDF501;Psychology and cognitive sciences;0.10781264305114746;RDF203;Electrical engineering, computer engineering, and information engineering;0.10781263560056686
966;IMAGE-GUIDED INJECTION WITH A HIGH-RESOLUTION ULTRASOUND SYSTEM ADAPTED FOR RODENT USE (Genes, Cells and Molecules);RDF20-21;Engineering and technology;0.723076343536377;RDF30;Medical, health and life sciences;0.24794386327266693;RDF10;Natural sciences;0.023609278723597527;RDF106;Biological sciences;0.9618217945098877;RDF304;Medical biotechnology;0.9224823713302612;RDF207;Medical and biomedical engineering;0.8325092196464539;RDF210;Industrial biotechnology;0.6845276951789856;RDF301;Basic medicine and life sciences;0.6477720737457275
967;Quantum theory and applications (Physics);RDF10;Natural sciences;0.8904222249984741;RDF20-21;Engineering and technology;0.09060773253440857;RDF60;Humanities and the arts;0.0068250661715865135;RDF103;Physical sciences;0.9990746378898621;RDF603;Philosophy;0.05707139894366264;RDF101;Mathematics and statistics;0.0013458604225888848;RDF212;Other engineering and technologies;0.0008426423300988972;RDF107;Other natural sciences;0.000666702282615006
968;Cardioprotective effect of a cyclic azapeptide ligand of CD36 against ischemia-reperfusion damage and dysfunction in mice (Cardiovascular System – Heart and Circulation);RDF30;Medical, health and life sciences;0.9319238662719727;RDF10;Natural sciences;0.041267022490501404;RDF20-21;Engineering and technology;0.02407084032893181;RDF106;Biological sciences;0.9877586960792542;RDF304;Medical biotechnology;0.9832145571708679;RDF303;Health sciences;0.980431318283081;RDF207;Medical and biomedical engineering;0.9108631014823914;RDF301;Basic medicine and life sciences;0.30798205733299255
969;The Mobile health for Kids with Asthma (MoKA) study: predicting exacerbations through multimodal data and machine learning;RDF30;Medical, health and life sciences;0.8124364018440247;RDF20-21;Engineering and technology;0.1716315597295761;RDF10;Natural sciences;0.012530460953712463;RDF303;Health sciences;0.9962927103042603;RDF207;Medical and biomedical engineering;0.9609516859054565;RDF301;Basic medicine and life sciences;0.8820220232009888;RDF106;Biological sciences;0.7708100080490112;RDF212;Other engineering and technologies;0.3176378905773163
970;Towards a multi-trajectory understanding of intimate partner homicide (Psychology, linguistics and translation);RDF30;Medical, health and life sciences;0.6819725632667542;RDF50;Social sciences;0.19011813402175903;RDF60;Humanities and the arts;0.046590451151132584;RDF605;Other humanities;0.07055959850549698;RDF501;Psychology and cognitive sciences;0.04177388176321983;RDF503;Education;0.039048291742801666;RDF602;Languages and literature;0.03594832494854927;RDF509;Other social sciences;0.01678548939526081
971;Predicting future primary psychotic disorders in youth with methamphetamine-psychosis disorder (Methamphetamine and related psychostimulant use);RDF30;Medical, health and life sciences;0.9583856463432312;RDF10;Natural sciences;0.01755344495177269;RDF50;Social sciences;0.01254488155245781;RDF501;Psychology and cognitive sciences;0.9815950989723206;RDF303;Health sciences;0.9515039920806885;RDF302;Clinical medicine;0.915808916091919;RDF106;Biological sciences;0.9102267026901245;RDF301;Basic medicine and life sciences;0.6794446110725403
972;The MYC/MIZ-1 complex in germinal center B cells and B cell lymphomagenesis;RDF30;Medical, health and life sciences;0.6936815977096558;RDF20-21;Engineering and technology;0.22697176039218903;RDF10;Natural sciences;0.07691749185323715;RDF106;Biological sciences;0.9949396252632141;RDF304;Medical biotechnology;0.9842154383659363;RDF207;Medical and biomedical engineering;0.930962085723877;RDF302;Clinical medicine;0.8140528202056885;RDF301;Basic medicine and life sciences;0.7617157697677612
973;Nouvelle méthodologie prenant en compte les hydrogrammes probabilistes de rupture de barrages par temps sec pour déterminer les vraies zones à risque tenant compte du recul des berges et de l'érosion fluviale (Civil, Industrial and Systems Engineering);RDF20-21;Engineering and technology;0.9912611842155457;RDF10;Natural sciences;0.005624336656183004;RDF50;Social sciences;0.0016625507269054651;RDF101;Mathematics and statistics;0.7521946430206299;RDF103;Physical sciences;0.037326887249946594;RDF201;Civil engineering, maritime engineering, transport engineering, and mining engineering;0.03594832122325897;RDF202;Industrial, systems and processes engineering;0.017309095710515976;RDF204;Mechanical engineering;0.014728613197803497
974;Interpretable Decision Processes in Data-Driven Supply Chains;RDF20-21;Engineering and technology;0.9318912029266357;RDF50;Social sciences;0.05340161547064781;RDF30;Medical, health and life sciences;0.006683995947241783;RDF502;Economics and business administration;0.9815950989723206;RDF202;Industrial, systems and processes engineering;0.9529258012771606;RDF212;Other engineering and technologies;0.926569938659668;RDF102;Computer and information sciences;0.49218809604644775;RDF203;Electrical engineering, computer engineering, and information engineering;0.12378869950771332
975;Central control of energy homeostasis by neuronal adipose triglyceride lipase (Diabetes, Obesity, Lipid & Lipoprotein Disorders);RDF30;Medical, health and life sciences;0.8960226774215698;RDF10;Natural sciences;0.08906549215316772;RDF20-21;Engineering and technology;0.01084715873003006;RDF303;Health sciences;0.9862576723098755;RDF304;Medical biotechnology;0.9811668395996094;RDF106;Biological sciences;0.9778833985328674;RDF207;Medical and biomedical engineering;0.9127477407455444;RDF301;Basic medicine and life sciences;0.8071568012237549
976;Les cybryontes et l'anthropocène: Des conditions de possibilité de nouvelles symbioses (Fine Arts, Research-Creation);RDF60;Humanities and the arts;0.914709746837616;RDF10;Natural sciences;0.04413957893848419;RDF20-21;Engineering and technology;0.017973875626921654;RDF604;Arts (arts, history of arts, performing arts, music), architecture and design;0.9331876635551453;RDF106;Biological sciences;0.7067979574203491;RDF102;Computer and information sciences;0.38150754570961;RDF605;Other humanities;0.21436232328414917;RDF209;Environmental biotechnology;0.10856642574071884
977;L'Insécurité au Sahel et ses Effets sur l'Accès des Services de Santé (ISEASS);RDF50;Social sciences;0.49884986877441406;RDF30;Medical, health and life sciences;0.37398630380630493;RDF10;Natural sciences;0.06207360327243805;RDF208;Environmental engineering and related engineering;0.9414392113685608;RDF105;Earth and related environmental sciences;0.5851011276245117;RDF303;Health sciences;0.4843800961971283;RDF502;Economics and business administration;0.3681217133998871;RDF507;Social and economic geography;0.10194651782512665
978;Advanced reagent delivery systems for microfluidics (Materials and Chemical Engineering);RDF20-21;Engineering and technology;0.9948194622993469;RDF10;Natural sciences;0.0029283417388796806;RDF30;Medical, health and life sciences;0.0010772766545414925;RDF205;Chemical engineering;0.9788748025894165;RDF104;Chemical sciences;0.9702399373054504;RDF206;Materials engineering and resources engineering;0.012624949216842651;RDF211;Nano-technology;0.008847355842590332;RDF103;Physical sciences;0.00857748556882143
979;Generative models for 3D textures (Computer Science);RDF20-21;Engineering and technology;0.9966126084327698;RDF10;Natural sciences;0.001113476580940187;RDF30;Medical, health and life sciences;0.000634439813438803;RDF102;Computer and information sciences;0.9981324672698975;RDF203;Electrical engineering, computer engineering, and information engineering;0.2230384200811386;RDF212;Other engineering and technologies;0.004468384198844433;RDF604;Arts (arts, history of arts, performing arts, music), architecture and design;0.001957016997039318;RDF206;Materials engineering and resources engineering;0.0010649627074599266
980;The many paths to ecological network inference: reconciling machine learning, empirical data, and ecological knowledge (Evolution and Ecology);RDF10;Natural sciences;0.9517359137535095;RDF20-21;Engineering and technology;0.03521290421485901;RDF50;Social sciences;0.009330490604043007;RDF105;Earth and related environmental sciences;0.9312127232551575;RDF106;Biological sciences;0.9238675236701965;RDF208;Environmental engineering and related engineering;0.8244619369506836;RDF107;Other natural sciences;0.44794324040412903;RDF203;Electrical engineering, computer engineering, and information engineering;0.09268777072429657
981;Social environment and functioning of adolescents born pre-term (Social & Developmental Aspects of Children's & Youth's Health);RDF30;Medical, health and life sciences;0.815750777721405;RDF50;Social sciences;0.17780214548110962;RDF60;Humanities and the arts;0.0027209576219320297;RDF303;Health sciences;0.9674102067947388;RDF208;Environmental engineering and related engineering;0.7613610625267029;RDF301;Basic medicine and life sciences;0.7300975322723389;RDF504;Sociology and related studies;0.6087685227394104;RDF501;Psychology and cognitive sciences;0.4052574932575226
982;Beyond socioeconomic disadvantages: Deepening our understanding of structural inequalities in disparate child protection involvement (Education and social work);RDF50;Social sciences;0.9784862399101257;RDF30;Medical, health and life sciences;0.0077079846523702145;RDF60;Humanities and the arts;0.0060029844753444195;RDF504;Sociology and related studies;0.6415908336639404;RDF503;Education;0.20212802290916443;RDF507;Social and economic geography;0.12678517401218414;RDF509;Other social sciences;0.08632347732782364;RDF502;Economics and business administration;0.0443485826253891
983;Uncovering tumor specific antigens and vulnerabilities in ETP-acute lymphoblastic leukemia;RDF30;Medical, health and life sciences;0.8949298858642578;RDF20-21;Engineering and technology;0.08340418338775635;RDF10;Natural sciences;0.019014138728380203;RDF106;Biological sciences;0.9937100410461426;RDF304;Medical biotechnology;0.9830850958824158;RDF207;Medical and biomedical engineering;0.9715639352798462;RDF302;Clinical medicine;0.9597620368003845;RDF303;Health sciences;0.9504109621047974
984;Démystifier les mathématiques;RDF20-21;Engineering and technology;0.6677811741828918;RDF60;Humanities and the arts;0.11695310473442078;RDF30;Medical, health and life sciences;0.07433991134166718;RDF101;Mathematics and statistics;0.7375363707542419;RDF206;Materials engineering and resources engineering;0.6460695862770081;RDF604;Arts (arts, history of arts, performing arts, music), architecture and design;0.4239349663257599;RDF503;Education;0.2965523898601532;RDF212;Other engineering and technologies;0.09301680326461792
985;Defining interrelationships between brain region-specific structural plasticity and sleep electrophysiology via the integration of sex and learning (Behavioural Sciences – Neurobiological Basis of Behavioural Processes);RDF30;Medical, health and life sciences;0.6877892017364502;RDF20-21;Engineering and technology;0.14586786925792694;RDF10;Natural sciences;0.10343579947948456;RDF207;Medical and biomedical engineering;0.709522545337677;RDF501;Psychology and cognitive sciences;0.19436779618263245;RDF106;Biological sciences;0.14175598323345184;RDF304;Medical biotechnology;0.022629201412200928;RDF503;Education;0.009485713206231594
986;Becoming an adult in changing times: Struggles and resilience among youth who entered adulthood without a high school diploma (Education and social work);RDF50;Social sciences;0.8107535243034363;RDF60;Humanities and the arts;0.0784158855676651;RDF10;Natural sciences;0.04330536350607872;RDF503;Education;0.9405717253684998;RDF509;Other social sciences;0.018833130598068237;RDF504;Sociology and related studies;0.008577484637498856;RDF605;Other humanities;0.002396730938926339;RDF501;Psychology and cognitive sciences;0.0012644219677895308
987;The just organization (Business, management and related fields);RDF50;Social sciences;0.3643476366996765;RDF30;Medical, health and life sciences;0.20759902894496918;RDF60;Humanities and the arts;0.12591516971588135;RDF502;Economics and business administration;0.9046505689620972;RDF603;Philosophy;0.02822098881006241;RDF507;Social and economic geography;0.0015731120947748423;RDF304;Medical biotechnology;0.0013250223128125072;RDF202;Industrial, systems and processes engineering;0.000626334105618298
988;Exploring the use of temporal cues for the optimization of speech processing, perception, and comprehension (Mechanical Engineering);RDF20-21;Engineering and technology;0.9970316290855408;RDF10;Natural sciences;0.0012821424752473831;RDF60;Humanities and the arts;0.0006248663412407041;RDF204;Mechanical engineering;0.9832144975662231;RDF508;Media and communications;0.03185885399580002;RDF202;Industrial, systems and processes engineering;0.007815889082849026;RDF503;Education;0.002844909904524684;RDF501;Psychology and cognitive sciences;0.0028009270317852497
989;PICO Search for Dark Matter with Bubble Chambers (Subatomic Physics);RDF20-21;Engineering and technology;0.9891393184661865;RDF10;Natural sciences;0.008760672062635422;RDF30;Medical, health and life sciences;0.0007836523000150919;RDF103;Physical sciences;0.9931495189666748;RDF102;Computer and information sciences;0.01578456163406372;RDF212;Other engineering and technologies;0.01186912041157484;RDF101;Mathematics and statistics;0.01057048887014389;RDF211;Nano-technology;0.00985985528677702
990;Is quantitative research in political science credible? (Political science and public administration);RDF50;Social sciences;0.9958675503730774;RDF10;Natural sciences;0.0012412441428750753;RDF20-21;Engineering and technology;0.0009369402541778982;RDF506;Political science and policy administration;0.6978148818016052;RDF101;Mathematics and statistics;0.2670257091522217;RDF503;Education;0.01590639166533947;RDF509;Other social sciences;0.00955939944833517;RDF603;Philosophy;0.004007289186120033
991;The hardening of soft information in financial markets;RDF20-21;Engineering and technology;0.6970734000205994;RDF50;Social sciences;0.254194974899292;RDF10;Natural sciences;0.018703797832131386;RDF502;Economics and business administration;0.9837225675582886;RDF203;Electrical engineering, computer engineering, and information engineering;0.07477004826068878;RDF101;Mathematics and statistics;0.034100428223609924;RDF103;Physical sciences;0.02822098881006241;RDF206;Materials engineering and resources engineering;0.027585281059145927
992;From micro- to macro-reentries in discrete multiscale mathematical models of atrial tissue (Genes, Cells and Molecules);RDF30;Medical, health and life sciences;0.4993591904640198;RDF20-21;Engineering and technology;0.42050260305404663;RDF10;Natural sciences;0.07733071595430374;RDF106;Biological sciences;0.9834704399108887;RDF207;Medical and biomedical engineering;0.9770225882530212;RDF304;Medical biotechnology;0.9643214344978333;RDF101;Mathematics and statistics;0.9396923780441284;RDF305;Other medical sciences;0.882021963596344
993;Mapping scientific consensus in the age of misinformation;RDF10;Natural sciences;0.40600740909576416;RDF30;Medical, health and life sciences;0.3125150799751282;RDF50;Social sciences;0.1414128988981247;RDF107;Other natural sciences;0.38876307010650635;RDF501;Psychology and cognitive sciences;0.06418263912200928;RDF302;Clinical medicine;0.06097517907619476;RDF208;Environmental engineering and related engineering;0.05108273774385452;RDF105;Earth and related environmental sciences;0.038756195455789566
994;The role of RGS9 in pancreatic islet function (Biological Systems and Functions);RDF30;Medical, health and life sciences;0.6835251450538635;RDF10;Natural sciences;0.29169270396232605;RDF20-21;Engineering and technology;0.02214420773088932;RDF106;Biological sciences;0.9920002222061157;RDF303;Health sciences;0.9833429455757141;RDF304;Medical biotechnology;0.9358173608779907;RDF301;Basic medicine and life sciences;0.9312127232551575;RDF207;Medical and biomedical engineering;0.930962085723877
995;La diversité dans les équipes de travail: le rôle des perceptions des membres (Psychology);RDF50;Social sciences;0.37377673387527466;RDF20-21;Engineering and technology;0.18794675171375275;RDF60;Humanities and the arts;0.18216422200202942;RDF501;Psychology and cognitive sciences;0.7397986054420471;RDF604;Arts (arts, history of arts, performing arts, music), architecture and design;0.0384661927819252;RDF504;Sociology and related studies;0.014842418022453785;RDF503;Education;0.011419614776968956;RDF508;Media and communications;0.009412589482963085
996;Real-time Control of Decoded Brain Activity Using Artificial Neural Networks (Biological Systems and Functions);RDF20-21;Engineering and technology;0.5393460988998413;RDF10;Natural sciences;0.3455180823802948;RDF30;Medical, health and life sciences;0.11043421179056168;RDF106;Biological sciences;0.9829546809196472;RDF501;Psychology and cognitive sciences;0.9216402173042297;RDF207;Medical and biomedical engineering;0.7227227687835693;RDF303;Health sciences;0.1540575623512268;RDF304;Medical biotechnology;0.055412791669368744
997;Conférence internationale et publication « Logement : crises partout, justice nulle part ! ». Coconstruire et mutualiser les savoirs;RDF50;Social sciences;0.7474386096000671;RDF60;Humanities and the arts;0.10767874866724014;RDF20-21;Engineering and technology;0.08518089354038239;RDF508;Media and communications;0.9648551940917969;RDF502;Economics and business administration;0.6006569266319275;RDF103;Physical sciences;0.18506188690662384;RDF402;Animal and dairy sciences;0.14608724415302277;RDF206;Materials engineering and resources engineering;0.10932482779026031
998;Verdir les chantiers de construction par l'adoption des comportements écoresponsables : une étude de cas du secteur non résidentiel;RDF20-21;Engineering and technology;0.9273874163627625;RDF50;Social sciences;0.0525243915617466;RDF10;Natural sciences;0.010302344337105751;RDF604;Arts (arts, history of arts, performing arts, music), architecture and design;0.9367495179176331;RDF502;Economics and business administration;0.9309620261192322;RDF103;Physical sciences;0.7959754467010498;RDF212;Other engineering and technologies;0.7545534372329712;RDF507;Social and economic geography;0.6362401247024536
999;Highly Entangled Quantum Matter;RDF20-21;Engineering and technology;0.6047635078430176;RDF10;Natural sciences;0.3904646933078766;RDF30;Medical, health and life sciences;0.003124306909739971;RDF103;Physical sciences;0.9559813141822815;RDF101;Mathematics and statistics;0.9539660811424255;RDF107;Other natural sciences;0.12463856488466263;RDF212;Other engineering and technologies;0.05108274146914482;RDF206;Materials engineering and resources engineering;0.04177388176321983
1000;Usinage intelligent des composants d'aéronefs de haute précision (UICAP);RDF20-21;Engineering and technology;0.980675995349884;RDF10;Natural sciences;0.006016418803483248;RDF40;Agricultural and veterinary sciences;0.0049104574136435986;RDF102;Computer and information sciences;0.985827624797821;RDF203;Electrical engineering, computer engineering, and information engineering;0.5477060079574585;RDF211;Nano-technology;0.4287116527557373;RDF508;Media and communications;0.31247490644454956;RDF212;Other engineering and technologies;0.12635333836078644
1001;Socialness in the Digital Economy: Supporting Meaningful Work through Enterprise Social Media;RDF20-21;Engineering and technology;0.8775792121887207;RDF50;Social sciences;0.11421752721071243;RDF60;Humanities and the arts;0.004394229501485825;RDF508;Media and communications;0.9726235270500183;RDF102;Computer and information sciences;0.2952299118041992;RDF212;Other engineering and technologies;0.24256430566310883;RDF203;Electrical engineering, computer engineering, and information engineering;0.11716747283935547;RDF603;Philosophy;0.09947021305561066
1002;Proactive prescription-based fluid management vs usual care in critically ill patients on Kidney Replacement Therapy;RDF30;Medical, health and life sciences;0.9951749444007874;RDF10;Natural sciences;0.002929388079792261;RDF50;Social sciences;0.0008134616655297577;RDF303;Health sciences;0.9912208914756775;RDF302;Clinical medicine;0.9908743500709534;RDF207;Medical and biomedical engineering;0.9118099808692932;RDF301;Basic medicine and life sciences;0.7786492705345154;RDF106;Biological sciences;0.7442848086357117
1003;Safe and selective anti-parasite therapy targeting ribosome and glycosome function (Pharmaceutical Sciences);RDF30;Medical, health and life sciences;0.9792709350585938;RDF20-21;Engineering and technology;0.016718165948987007;RDF10;Natural sciences;0.0020440504886209965;RDF304;Medical biotechnology;0.5992506146430969;RDF207;Medical and biomedical engineering;0.18126322329044342;RDF301;Basic medicine and life sciences;0.08632347732782364;RDF303;Health sciences;0.049589019268751144;RDF302;Clinical medicine;0.028007520362734795
1004;Rational Integration of Molecular and surface interactions for lubricating, adhesive and high penetration soft materials (Materials and Chemical Engineering);RDF20-21;Engineering and technology;0.9963790774345398;RDF10;Natural sciences;0.0018353823106735945;RDF30;Medical, health and life sciences;0.000624457374215126;RDF104;Chemical sciences;0.5129365921020508;RDF205;Chemical engineering;0.19559408724308014;RDF206;Materials engineering and resources engineering;0.026155618950724602;RDF103;Physical sciences;0.01428193412721157;RDF101;Mathematics and statistics;0.01233609952032566
1005;Comprendre les antécédents et les conséquences d'une gestion algorithmique transparente, juste et habilitante;RDF20-21;Engineering and technology;0.8695945739746094;RDF50;Social sciences;0.059640780091285706;RDF30;Medical, health and life sciences;0.021265575662255287;RDF102;Computer and information sciences;0.9175985455513;RDF502;Economics and business administration;0.484136164188385;RDF202;Industrial, systems and processes engineering;0.4700067639350891;RDF601;History, archaeology and related studies;0.15456733107566833;RDF212;Other engineering and technologies;0.09009299427270889
1006;Sustainable Healthy Cities: The Interplay between Urban Interventions, Gentrification, and Population Health (Public, Community & Population Health);RDF50;Social sciences;0.6564368009567261;RDF30;Medical, health and life sciences;0.24196173250675201;RDF10;Natural sciences;0.0462694875895977;RDF303;Health sciences;0.8584814667701721;RDF504;Sociology and related studies;0.14033626019954681;RDF208;Environmental engineering and related engineering;0.09138210117816925;RDF507;Social and economic geography;0.07585817575454712;RDF509;Other social sciences;0.06325051933526993
1007;Regards croisés sur les conditions de travail, les politiques publiques et la résistance: récits de vie de travailleurs et travailleuses pauvres au Canada, en Inde et au Brésil (Sociology, demography and related fields);RDF50;Social sciences;0.9729428887367249;RDF60;Humanities and the arts;0.018969368189573288;RDF40;Agricultural and veterinary sciences;0.0037941120099276304;RDF504;Sociology and related studies;0.9805806279182434;RDF507;Social and economic geography;0.9381240010261536;RDF605;Other humanities;0.16184943914413452;RDF509;Other social sciences;0.15869517624378204;RDF601;History, archaeology and related studies;0.05108273774385452
1008;Examining the effectiveness of AI-powered health technology to improve self management of mental health and reduce inequities in mental health care;RDF30;Medical, health and life sciences;0.7198000550270081;RDF20-21;Engineering and technology;0.2689696252346039;RDF50;Social sciences;0.00844572950154543;RDF303;Health sciences;0.9810219407081604;RDF212;Other engineering and technologies;0.8524448275566101;RDF501;Psychology and cognitive sciences;0.810478925704956;RDF301;Basic medicine and life sciences;0.7988152503967285;RDF207;Medical and biomedical engineering;0.7195807695388794
1009;Probing the Particle Nature of Dark Matter with Strong Gravitational Lensing (Physics);RDF10;Natural sciences;0.8597759008407593;RDF20-21;Engineering and technology;0.10089633613824844;RDF60;Humanities and the arts;0.011320255696773529;RDF103;Physical sciences;0.99781733751297;RDF603;Philosophy;0.0007096704212017357;RDF107;Other natural sciences;0.0006361912237480283;RDF101;Mathematics and statistics;0.000503335555549711;RDF212;Other engineering and technologies;0.0002694791473913938
1010;Large reductions in arterial CARbon dioxide and development of acute Brain Injury in invasively mechanically ventilated patients with acute respiratory failure (CARBI);RDF30;Medical, health and life sciences;0.950065553188324;RDF20-21;Engineering and technology;0.03472461923956871;RDF10;Natural sciences;0.011912934482097626;RDF303;Health sciences;0.9893474578857422;RDF106;Biological sciences;0.9790357947349548;RDF207;Medical and biomedical engineering;0.9738444089889526;RDF302;Clinical medicine;0.9702399373054504;RDF104;Chemical sciences;0.9556514024734497
1011;Investigating Intercommunications of Glioblastoma with Brain Microenvironment using 3D Organoid (Genes, Cells and Molecules);RDF30;Medical, health and life sciences;0.8485908508300781;RDF20-21;Engineering and technology;0.13961513340473175;RDF10;Natural sciences;0.010193009860813618;RDF106;Biological sciences;0.9905874133110046;RDF304;Medical biotechnology;0.9842154383659363;RDF207;Medical and biomedical engineering;0.9832145571708679;RDF303;Health sciences;0.9516839385032654;RDF302;Clinical medicine;0.9381240010261536
1012;Autonomous Deep Learning for AI (Computer Science);RDF20-21;Engineering and technology;0.9975479245185852;RDF10;Natural sciences;0.0008027597214095294;RDF60;Humanities and the arts;0.000625189917627722;RDF102;Computer and information sciences;0.9986749887466431;RDF203;Electrical engineering, computer engineering, and information engineering;0.8624675273895264;RDF212;Other engineering and technologies;0.003483423963189125;RDF501;Psychology and cognitive sciences;0.0004728544154204428;RDF604;Arts (arts, history of arts, performing arts, music), architecture and design;0.00022341636940836906
1013;Supply Chain Analytics under Disruptive Uncertainty (Civil, Industrial and Systems Engineering);RDF20-21;Engineering and technology;0.9974166750907898;RDF50;Social sciences;0.000854420883115381;RDF10;Natural sciences;0.0007083397940732539;RDF202;Industrial, systems and processes engineering;0.6123096346855164;RDF201;Civil engineering, maritime engineering, transport engineering, and mining engineering;0.010013571009039879;RDF101;Mathematics and statistics;0.004399412777274847;RDF212;Other engineering and technologies;0.0026730061508715153;RDF206;Materials engineering and resources engineering;0.0016743993619456887
1014;Concevoir et développer des outils d'appréciation et de réduction des risques physiques au travail liés aux équipements;RDF20-21;Engineering and technology;0.8529549837112427;RDF10;Natural sciences;0.06178785115480423;RDF50;Social sciences;0.03493168205022812;RDF103;Physical sciences;0.8407825827598572;RDF502;Economics and business administration;0.6625781655311584;RDF208;Environmental engineering and related engineering;0.6565482020378113;RDF202;Industrial, systems and processes engineering;0.42304083704948425;RDF212;Other engineering and technologies;0.33133605122566223
1015;Reaction Mechanisms and Methodology for the Design and Synthesis of Bioactive Agents (Chemistry);RDF10;Natural sciences;0.42793020606040955;RDF30;Medical, health and life sciences;0.4067418873310089;RDF20-21;Engineering and technology;0.15620161592960358;RDF104;Chemical sciences;0.9950177669525146;RDF301;Basic medicine and life sciences;0.2722179591655731;RDF303;Health sciences;0.06608538329601288;RDF304;Medical biotechnology;0.03258974477648735;RDF205;Chemical engineering;0.027169231325387955
1016;Algebraic methods for lattice models of statistical physics (Mathematics and Statistics);RDF20-21;Engineering and technology;0.4638102352619171;RDF10;Natural sciences;0.3905673921108246;RDF50;Social sciences;0.04592343047261238;RDF101;Mathematics and statistics;0.997368335723877;RDF103;Physical sciences;0.11838509887456894;RDF212;Other engineering and technologies;0.0007554056355729699;RDF107;Other natural sciences;0.0005112579092383385;RDF503;Education;0.0003353501087985933
1017;Optimisation et développement de technologies de déphosphatation des eaux usées;RDF20-21;Engineering and technology;0.7329459190368652;RDF10;Natural sciences;0.26133993268013;RDF30;Medical, health and life sciences;0.0023328063543885946;RDF104;Chemical sciences;0.9640516638755798;RDF205;Chemical engineering;0.9597620368003845;RDF103;Physical sciences;0.9522199630737305;RDF208;Environmental engineering and related engineering;0.9449947476387024;RDF604;Arts (arts, history of arts, performing arts, music), architecture and design;0.8732147812843323
1018;The Eastern Canada Preparedness Hub - ECaPH;RDF20-21;Engineering and technology;0.46877676248550415;RDF50;Social sciences;0.265022337436676;RDF10;Natural sciences;0.15702055394649506;RDF507;Social and economic geography;0.3218861520290375;RDF105;Earth and related environmental sciences;0.1535491794347763;RDF502;Economics and business administration;0.13986565172672272;RDF208;Environmental engineering and related engineering;0.053403329104185104;RDF201;Civil engineering, maritime engineering, transport engineering, and mining engineering;0.044680867344141006
1019;On chip optical microresonators for light emission, manipulation & sensing (Electrical and Computer Engineering);RDF20-21;Engineering and technology;0.9981622099876404;RDF10;Natural sciences;0.0006158762844279408;RDF30;Medical, health and life sciences;0.00039763961103744805;RDF211;Nano-technology;0.9492946267127991;RDF102;Computer and information sciences;0.929440438747406;RDF203;Electrical engineering, computer engineering, and information engineering;0.07159119844436646;RDF508;Media and communications;0.002934951800853014;RDF604;Arts (arts, history of arts, performing arts, music), architecture and design;0.0010484692174941301
1020;Kushpitau ! (montons en territoire);RDF60;Humanities and the arts;0.34635668992996216;RDF10;Natural sciences;0.23897892236709595;RDF50;Social sciences;0.2158994823694229;RDF506;Political science and policy administration;0.6362966299057007;RDF604;Arts (arts, history of arts, performing arts, music), architecture and design;0.5834407210350037;RDF508;Media and communications;0.2792384624481201;RDF502;Economics and business administration;0.11201594769954681;RDF105;Earth and related environmental sciences;0.10266400873661041
1021;"Hardware support for reliable networking; from protocols to accelerators (Electrical and Computer Engineering)";RDF20-21;Engineering and technology;0.9978944659233093;RDF50;Social sciences;0.0005433631013147533;RDF10;Natural sciences;0.0004947377601638436;RDF102;Computer and information sciences;0.9830850958824158;RDF203;Electrical engineering, computer engineering, and information engineering;0.14128141105175018;RDF508;Media and communications;0.0792103186249733;RDF212;Other engineering and technologies;0.0014779430348426104;RDF103;Physical sciences;0.00029137005913071334
1022;Documentary Activism by Migrant Filmmakers from Cuba and Venezuela (2013-2023) (Fine arts, research-creation);RDF60;Humanities and the arts;0.9864057898521423;RDF50;Social sciences;0.009822668507695198;RDF10;Natural sciences;0.0014373739250004292;RDF508;Media and communications;0.9963500499725342;RDF605;Other humanities;0.037892427295446396;RDF604;Arts (arts, history of arts, performing arts, music), architecture and design;0.029535340145230293;RDF601;History, archaeology and related studies;0.006003595422953367;RDF507;Social and economic geography;0.0055549247190356255
1023;Investigating the role of notochord defects in the etiopathogenesis of congenital scoliosis;RDF30;Medical, health and life sciences;0.9424193501472473;RDF10;Natural sciences;0.03150079399347305;RDF20-21;Engineering and technology;0.013869612477719784;RDF303;Health sciences;0.9658995866775513;RDF106;Biological sciences;0.964321494102478;RDF207;Medical and biomedical engineering;0.963230550289154;RDF302;Clinical medicine;0.957912266254425;RDF305;Other medical sciences;0.9543079733848572
