single_encoder,code_d,code_g,code_c,code_sc,division,group,class,subclass
RDF10,RDF10,,,,Natural sciences,,,
RDF101,RDF10,RDF101,,,Natural sciences,Mathematics and statistics,,
RDF10101,RDF10,RDF101,RDF10101,,Natural sciences,Mathematics and statistics,Pure mathematics,
RDF1010101,RDF10,RDF101,RDF10101,RDF1010101,Natural sciences,Mathematics and statistics,Pure mathematics,Algebra
RDF1010102,RDF10,RDF101,RDF10101,RDF1010102,Natural sciences,Mathematics and statistics,Pure mathematics,Number theory
RDF1010103,RDF10,RDF101,RDF10101,RDF1010103,Natural sciences,Mathematics and statistics,Pure mathematics,Algebraic and differential geometry
RDF1010104,RDF10,RDF101,RDF10101,RDF1010104,Natural sciences,Mathematics and statistics,Pure mathematics,Metric and fractal geometry
RDF1010105,RDF10,RDF101,RDF10101,RDF1010105,Natural sciences,Mathematics and statistics,Pure mathematics,"Category theory, K theory, homological algebra"
RDF1010106,RDF10,RDF101,RDF10101,RDF1010106,Natural sciences,Mathematics and statistics,Pure mathematics,Combinatorics and discrete mathematics
RDF1010107,RDF10,RDF101,RDF10101,RDF1010107,Natural sciences,Mathematics and statistics,Pure mathematics,Group theory and generalisations
RDF1010108,RDF10,RDF101,RDF10101,RDF1010108,Natural sciences,Mathematics and statistics,Pure mathematics,"Lie groups, harmonic and Fourier analysis"
RDF1010109,RDF10,RDF101,RDF10101,RDF1010109,Natural sciences,Mathematics and statistics,Pure mathematics,"Foundations, logic, and set theory of mathematics"
RDF1010110,RDF10,RDF101,RDF10101,RDF1010110,Natural sciences,Mathematics and statistics,Pure mathematics,Modern analysis in mathematics
RDF1010111,RDF10,RDF101,RDF10101,RDF1010111,Natural sciences,Mathematics and statistics,Pure mathematics,Differential equations and integral equations in pure mathematics
RDF1010112,RDF10,RDF101,RDF10101,RDF1010112,Natural sciences,Mathematics and statistics,Pure mathematics,Classical analysis in pure mathematics
RDF1010113,RDF10,RDF101,RDF10101,RDF1010113,Natural sciences,Mathematics and statistics,Pure mathematics,Topology
RDF1010199,RDF10,RDF101,RDF10101,RDF1010199,Natural sciences,Mathematics and statistics,Pure mathematics,"Pure mathematics, n.e.c."
RDF10102,RDF10,RDF101,RDF10102,,Natural sciences,Mathematics and statistics,Applied mathematics,
RDF1010201,RDF10,RDF101,RDF10102,RDF1010201,Natural sciences,Mathematics and statistics,Applied mathematics,Approximation theory and asymptotic methods
RDF1010202,RDF10,RDF101,RDF10102,RDF1010202,Natural sciences,Mathematics and statistics,Applied mathematics,Integral equations in applied mathematics
RDF1010203,RDF10,RDF101,RDF10102,RDF1010203,Natural sciences,Mathematics and statistics,Applied mathematics,Partial and ordinary differential equations
RDF1010204,RDF10,RDF101,RDF10102,RDF1010204,Natural sciences,Mathematics and statistics,Applied mathematics,Mathematical modelling and simulation
RDF1010205,RDF10,RDF101,RDF10102,RDF1010205,Natural sciences,Mathematics and statistics,Applied mathematics,Computational fluid mechanics
RDF1010206,RDF10,RDF101,RDF10102,RDF1010206,Natural sciences,Mathematics and statistics,Applied mathematics,Mathematical biology
RDF1010207,RDF10,RDF101,RDF10102,RDF1010207,Natural sciences,Mathematics and statistics,Applied mathematics,"Calculus of variations, systems theory and control theory"
RDF1010208,RDF10,RDF101,RDF10102,RDF1010208,Natural sciences,Mathematics and statistics,Applied mathematics,Dynamical systems in applications
RDF1010209,RDF10,RDF101,RDF10102,RDF1010209,Natural sciences,Mathematics and statistics,Applied mathematics,Mathematical operations research
RDF1010210,RDF10,RDF101,RDF10102,RDF1010210,Natural sciences,Mathematics and statistics,Applied mathematics,Theoretical and applied mechanics
RDF1010211,RDF10,RDF101,RDF10102,RDF1010211,Natural sciences,Mathematics and statistics,Applied mathematics,Numerical analysis
RDF1010212,RDF10,RDF101,RDF10102,RDF1010212,Natural sciences,Mathematics and statistics,Applied mathematics,Mathematical optimization
RDF1010213,RDF10,RDF101,RDF10102,RDF1010213,Natural sciences,Mathematics and statistics,Applied mathematics,Mathematical physics
RDF1010299,RDF10,RDF101,RDF10102,RDF1010299,Natural sciences,Mathematics and statistics,Applied mathematics,"Applied mathematics, n.e.c."
RDF10103,RDF10,RDF101,RDF10103,,Natural sciences,Mathematics and statistics,Statistics,
RDF1010301,RDF10,RDF101,RDF10103,RDF1010301,Natural sciences,Mathematics and statistics,Statistics,General statistical methods
RDF1010302,RDF10,RDF101,RDF10103,RDF1010302,Natural sciences,Mathematics and statistics,Statistics,Biostatistical methods
RDF1010303,RDF10,RDF101,RDF10103,RDF1010303,Natural sciences,Mathematics and statistics,Statistics,Statistical theory and modeling
RDF1010304,RDF10,RDF101,RDF10103,RDF1010304,Natural sciences,Mathematics and statistics,Statistics,Statistical inference
RDF1010305,RDF10,RDF101,RDF10103,RDF1010305,Natural sciences,Mathematics and statistics,Statistics,Statistical learning
RDF1010306,RDF10,RDF101,RDF10103,RDF1010306,Natural sciences,Mathematics and statistics,Statistics,High dimensional data analysis
RDF1010307,RDF10,RDF101,RDF10103,RDF1010307,Natural sciences,Mathematics and statistics,Statistics,Computational methods in statistics
RDF1010308,RDF10,RDF101,RDF10103,RDF1010308,Natural sciences,Mathematics and statistics,Statistics,Actuarial science and mathematical finance
RDF1010309,RDF10,RDF101,RDF10103,RDF1010309,Natural sciences,Mathematics and statistics,Statistics,Spatial statistics
RDF1010310,RDF10,RDF101,RDF10103,RDF1010310,Natural sciences,Mathematics and statistics,Statistics,Survey methodology and analysis
RDF1010311,RDF10,RDF101,RDF10103,RDF1010311,Natural sciences,Mathematics and statistics,Statistics,Statistical methods for high throughput data
RDF1010312,RDF10,RDF101,RDF10103,RDF1010312,Natural sciences,Mathematics and statistics,Statistics,Probability theory
RDF1010399,RDF10,RDF101,RDF10103,RDF1010399,Natural sciences,Mathematics and statistics,Statistics,"Statistics, n.e.c."
RDF102,RDF10,RDF102,,,Natural sciences,Computer and information sciences,,
RDF10201,RDF10,RDF102,RDF10201,,Natural sciences,Computer and information sciences,Artificial intelligence (AI),
RDF1020101,RDF10,RDF102,RDF10201,RDF1020101,Natural sciences,Computer and information sciences,Artificial intelligence (AI),Adaptive agents
RDF1020102,RDF10,RDF102,RDF10201,RDF1020102,Natural sciences,Computer and information sciences,Artificial intelligence (AI),Intelligent robotics
RDF1020103,RDF10,RDF102,RDF10201,RDF1020103,Natural sciences,Computer and information sciences,Artificial intelligence (AI),Artificial life
RDF1020104,RDF10,RDF102,RDF10201,RDF1020104,Natural sciences,Computer and information sciences,Artificial intelligence (AI),Machine learning
RDF1020105,RDF10,RDF102,RDF10201,RDF1020105,Natural sciences,Computer and information sciences,Artificial intelligence (AI),Natural language processing
RDF1020106,RDF10,RDF102,RDF10201,RDF1020106,Natural sciences,Computer and information sciences,Artificial intelligence (AI),Knowledge representation
RDF1020107,RDF10,RDF102,RDF10201,RDF1020107,Natural sciences,Computer and information sciences,Artificial intelligence (AI),Planning and scheduling in artificial intelligence
RDF1020108,RDF10,RDF102,RDF10201,RDF1020108,Natural sciences,Computer and information sciences,Artificial intelligence (AI),Search methodologies in artificial intelligence
RDF1020109,RDF10,RDF102,RDF10201,RDF1020109,Natural sciences,Computer and information sciences,Artificial intelligence (AI),Distributed artificial intelligence
RDF1020110,RDF10,RDF102,RDF10201,RDF1020110,Natural sciences,Computer and information sciences,Artificial intelligence (AI),Data mining
RDF1020111,RDF10,RDF102,RDF10201,RDF1020111,Natural sciences,Computer and information sciences,Artificial intelligence (AI),Pattern recognition and artificial vision
RDF1020112,RDF10,RDF102,RDF10201,RDF1020112,Natural sciences,Computer and information sciences,Artificial intelligence (AI),Computer vision in artificial intelligence
RDF1020113,RDF10,RDF102,RDF10201,RDF1020113,Natural sciences,Computer and information sciences,Artificial intelligence (AI),Cognitive computing
RDF1020114,RDF10,RDF102,RDF10201,RDF1020114,Natural sciences,Computer and information sciences,Artificial intelligence (AI),"Computer modelling on perception, memory and attention"
RDF1020115,RDF10,RDF102,RDF10201,RDF1020115,Natural sciences,Computer and information sciences,Artificial intelligence (AI),Logic programming in artificial intelligence
RDF1020116,RDF10,RDF102,RDF10201,RDF1020116,Natural sciences,Computer and information sciences,Artificial intelligence (AI),Expert systems technologies in artificial intelligence
RDF1020199,RDF10,RDF102,RDF10201,RDF1020199,Natural sciences,Computer and information sciences,Artificial intelligence (AI),"Artificial intelligence, n.e.c."
RDF10202,RDF10,RDF102,RDF10202,,Natural sciences,Computer and information sciences,Theoretical computer science and computational mathematics,
RDF1020201,RDF10,RDF102,RDF10202,RDF1020201,Natural sciences,Computer and information sciences,Theoretical computer science and computational mathematics,Analysis of algorithms and complexity
RDF1020202,RDF10,RDF102,RDF10202,RDF1020202,Natural sciences,Computer and information sciences,Theoretical computer science and computational mathematics,Algorithms and data structures
RDF1020203,RDF10,RDF102,RDF10202,RDF1020203,Natural sciences,Computer and information sciences,Theoretical computer science and computational mathematics,Applied discrete mathematics
RDF1020204,RDF10,RDF102,RDF10202,RDF1020204,Natural sciences,Computer and information sciences,Theoretical computer science and computational mathematics,Coding and information theory
RDF1020205,RDF10,RDF102,RDF10202,RDF1020205,Natural sciences,Computer and information sciences,Theoretical computer science and computational mathematics,Computational logic theory
RDF1020206,RDF10,RDF102,RDF10202,RDF1020206,Natural sciences,Computer and information sciences,Theoretical computer science and computational mathematics,Artificial languages
RDF1020207,RDF10,RDF102,RDF10202,RDF1020207,Natural sciences,Computer and information sciences,Theoretical computer science and computational mathematics,Mathematical software
RDF1020208,RDF10,RDF102,RDF10202,RDF1020208,Natural sciences,Computer and information sciences,Theoretical computer science and computational mathematics,Numerical computation
RDF1020209,RDF10,RDF102,RDF10202,RDF1020209,Natural sciences,Computer and information sciences,Theoretical computer science and computational mathematics,Encryption and cryptography
RDF1020210,RDF10,RDF102,RDF10202,RDF1020210,Natural sciences,Computer and information sciences,Theoretical computer science and computational mathematics,Distributed programming languages
RDF1020299,RDF10,RDF102,RDF10202,RDF1020299,Natural sciences,Computer and information sciences,Theoretical computer science and computational mathematics,"Other theoretical computer science and computational mathematics, n.e.c."
RDF10203,RDF10,RDF102,RDF10203,,Natural sciences,Computer and information sciences,Programming languages and software engineering,
RDF1020301,RDF10,RDF102,RDF10203,RDF1020301,Natural sciences,Computer and information sciences,Programming languages and software engineering,Software architecture
RDF1020302,RDF10,RDF102,RDF10203,RDF1020302,Natural sciences,Computer and information sciences,Programming languages and software engineering,Computation models
RDF1020303,RDF10,RDF102,RDF10203,RDF1020303,Natural sciences,Computer and information sciences,Programming languages and software engineering,Software domains (including operating systems and software infrastructure)
RDF1020304,RDF10,RDF102,RDF10203,RDF1020304,Natural sciences,Computer and information sciences,Programming languages and software engineering,Programming languages
RDF1020305,RDF10,RDF102,RDF10203,RDF1020305,Natural sciences,Computer and information sciences,Programming languages and software engineering,Software system models
RDF1020306,RDF10,RDF102,RDF10203,RDF1020306,Natural sciences,Computer and information sciences,Programming languages and software engineering,Distributed systems organizing principles
RDF1020307,RDF10,RDF102,RDF10203,RDF1020307,Natural sciences,Computer and information sciences,Programming languages and software engineering,Real-time software and ultra-large systems
RDF1020308,RDF10,RDF102,RDF10203,RDF1020308,Natural sciences,Computer and information sciences,Programming languages and software engineering,Extra-functional properties
RDF1020309,RDF10,RDF102,RDF10203,RDF1020309,Natural sciences,Computer and information sciences,Programming languages and software engineering,Compilers
RDF1020310,RDF10,RDF102,RDF10203,RDF1020310,Natural sciences,Computer and information sciences,Programming languages and software engineering,Operating systems
RDF1020311,RDF10,RDF102,RDF10203,RDF1020311,Natural sciences,Computer and information sciences,Programming languages and software engineering,Software function properties
RDF1020312,RDF10,RDF102,RDF10203,RDF1020312,Natural sciences,Computer and information sciences,Programming languages and software engineering,Distributed algorithms
RDF1020313,RDF10,RDF102,RDF10203,RDF1020313,Natural sciences,Computer and information sciences,Programming languages and software engineering,Adaptive software engineering
RDF1020399,RDF10,RDF102,RDF10203,RDF1020399,Natural sciences,Computer and information sciences,Programming languages and software engineering,"Programming language and software engineering, n.e.c."
RDF10204,RDF10,RDF102,RDF10204,,Natural sciences,Computer and information sciences,Computing systems,
RDF1020401,RDF10,RDF102,RDF10204,RDF1020401,Natural sciences,Computer and information sciences,Computing systems,Distributed systems
RDF1020402,RDF10,RDF102,RDF10204,RDF1020402,Natural sciences,Computer and information sciences,Computing systems,Networking and communications
RDF1020403,RDF10,RDF102,RDF10204,RDF1020403,Natural sciences,Computer and information sciences,Computing systems,Parallel systems
RDF1020404,RDF10,RDF102,RDF10204,RDF1020404,Natural sciences,Computer and information sciences,Computing systems,Quantum computing
RDF1020499,RDF10,RDF102,RDF10204,RDF1020499,Natural sciences,Computer and information sciences,Computing systems,"Computing systems, n.e.c."
RDF10205,RDF10,RDF102,RDF10205,,Natural sciences,Computer and information sciences,Human-centered computing,
RDF1020501,RDF10,RDF102,RDF10205,RDF1020501,Natural sciences,Computer and information sciences,Human-centered computing,Human computer interaction
RDF1020502,RDF10,RDF102,RDF10205,RDF1020502,Natural sciences,Computer and information sciences,Human-centered computing,Interaction design for human-centered computing
RDF1020503,RDF10,RDF102,RDF10205,RDF1020503,Natural sciences,Computer and information sciences,Human-centered computing,User-adaptive and personalized systems
RDF1020504,RDF10,RDF102,RDF10205,RDF1020504,Natural sciences,Computer and information sciences,Human-centered computing,Collaborative and social computing
RDF1020505,RDF10,RDF102,RDF10205,RDF1020505,Natural sciences,Computer and information sciences,Human-centered computing,Ubiquitous and mobile computing
RDF1020506,RDF10,RDF102,RDF10205,RDF1020506,Natural sciences,Computer and information sciences,Human-centered computing,Accessibility in human-centered computing
RDF1020507,RDF10,RDF102,RDF10205,RDF1020507,Natural sciences,Computer and information sciences,Human-centered computing,Computer graphics
RDF1020508,RDF10,RDF102,RDF10205,RDF1020508,Natural sciences,Computer and information sciences,Human-centered computing,Data visualization
RDF1020509,RDF10,RDF102,RDF10205,RDF1020509,Natural sciences,Computer and information sciences,Human-centered computing,"Virtual and augmented reality, and related simulations"
RDF1020599,RDF10,RDF102,RDF10205,RDF1020599,Natural sciences,Computer and information sciences,Human-centered computing,"Human-centered computing, n.e.c."
RDF10206,RDF10,RDF102,RDF10206,,Natural sciences,Computer and information sciences,Information Systems,
RDF1020601,RDF10,RDF102,RDF10206,RDF1020601,Natural sciences,Computer and information sciences,Information Systems,Information system security
RDF1020602,RDF10,RDF102,RDF10206,RDF1020602,Natural sciences,Computer and information sciences,Information Systems,Modelling and simulation in information systems
RDF1020603,RDF10,RDF102,RDF10206,RDF1020603,Natural sciences,Computer and information sciences,Information Systems,Web technologies (except Web search)
RDF1020604,RDF10,RDF102,RDF10206,RDF1020604,Natural sciences,Computer and information sciences,Information Systems,Conceptual modelling in information systems
RDF1020605,RDF10,RDF102,RDF10206,RDF1020605,Natural sciences,Computer and information sciences,Information Systems,Database management
RDF1020606,RDF10,RDF102,RDF10206,RDF1020606,Natural sciences,Computer and information sciences,Information Systems,Decision support systems
RDF1020607,RDF10,RDF102,RDF10206,RDF1020607,Natural sciences,Computer and information sciences,Information Systems,Spatial-temporal data systems
RDF1020608,RDF10,RDF102,RDF10206,RDF1020608,Natural sciences,Computer and information sciences,Information Systems,Information systems development methodologies
RDF1020609,RDF10,RDF102,RDF10206,RDF1020609,Natural sciences,Computer and information sciences,Information Systems,Information retrieval
RDF1020610,RDF10,RDF102,RDF10206,RDF1020610,Natural sciences,Computer and information sciences,Information Systems,Information privacy
RDF1020611,RDF10,RDF102,RDF10206,RDF1020611,Natural sciences,Computer and information sciences,Information Systems,Privacy-enhancing technologies
RDF1020612,RDF10,RDF102,RDF10206,RDF1020612,Natural sciences,Computer and information sciences,Information Systems,Digital forensics
RDF1020699,RDF10,RDF102,RDF10206,RDF1020699,Natural sciences,Computer and information sciences,Information Systems,"Information systems, n.e.c."
RDF10207,RDF10,RDF102,RDF10207,,Natural sciences,Computer and information sciences,Library science and information studies,
RDF1020701,RDF10,RDF102,RDF10207,RDF1020701,Natural sciences,Computer and information sciences,Library science and information studies,Library science (librarianship)
RDF1020702,RDF10,RDF102,RDF10207,RDF1020702,Natural sciences,Computer and information sciences,Library science and information studies,Human information behaviour (including human information retrieval)
RDF1020703,RDF10,RDF102,RDF10207,RDF1020703,Natural sciences,Computer and information sciences,Library science and information studies,Web search
RDF1020704,RDF10,RDF102,RDF10207,RDF1020704,Natural sciences,Computer and information sciences,Library science and information studies,"Scientometrics, bibliometrics, webometrics and other quantitative aspects of information (Informetrics)"
RDF1020705,RDF10,RDF102,RDF10207,RDF1020705,Natural sciences,Computer and information sciences,Library science and information studies,Organization of information and knowledge resources
RDF1020706,RDF10,RDF102,RDF10207,RDF1020706,Natural sciences,Computer and information sciences,Library science and information studies,Records and information management (except business records and information management)
RDF1020707,RDF10,RDF102,RDF10207,RDF1020707,Natural sciences,Computer and information sciences,Library science and information studies,"Archival, repository and related studies"
RDF1020708,RDF10,RDF102,RDF10207,RDF1020708,Natural sciences,Computer and information sciences,Library science and information studies,Information literacy
RDF1020799,RDF10,RDF102,RDF10207,RDF1020799,Natural sciences,Computer and information sciences,Library science and information studies,"Information studies, n.e.c."
RDF10208,RDF10,RDF102,RDF10208,,Natural sciences,Computer and information sciences,Bioinformatics,
RDF1020801,RDF10,RDF102,RDF10208,RDF1020801,Natural sciences,Computer and information sciences,Bioinformatics,Algorithms and computational genomics
RDF1020802,RDF10,RDF102,RDF10208,RDF1020802,Natural sciences,Computer and information sciences,Bioinformatics,Computational biomodelling
RDF1020803,RDF10,RDF102,RDF10208,RDF1020803,Natural sciences,Computer and information sciences,Bioinformatics,Computational neurosciences
RDF1020804,RDF10,RDF102,RDF10208,RDF1020804,Natural sciences,Computer and information sciences,Bioinformatics,DNA computing
RDF1020805,RDF10,RDF102,RDF10208,RDF1020805,Natural sciences,Computer and information sciences,Bioinformatics,Molecular and atomic computing
RDF1020806,RDF10,RDF102,RDF10208,RDF1020806,Natural sciences,Computer and information sciences,Bioinformatics,Evolutionary computation
RDF1020807,RDF10,RDF102,RDF10208,RDF1020807,Natural sciences,Computer and information sciences,Bioinformatics,Genetic algorithms
RDF1020808,RDF10,RDF102,RDF10208,RDF1020808,Natural sciences,Computer and information sciences,Bioinformatics,Genetic programming
RDF1020899,RDF10,RDF102,RDF10208,RDF1020899,Natural sciences,Computer and information sciences,Bioinformatics,"Bioinformatics, n.e.c."
RDF10299,RDF10,RDF102,RDF10299,,Natural sciences,Computer and information sciences,Other computer and information sciences,
RDF1029999,RDF10,RDF102,RDF10299,RDF1029999,Natural sciences,Computer and information sciences,Other computer and information sciences,Other computer and information sciences
RDF103,RDF10,RDF103,,,Natural sciences,Physical sciences,,
RDF10301,RDF10,RDF103,RDF10301,,Natural sciences,Physical sciences,Astronomical and space sciences,
RDF1030101,RDF10,RDF103,RDF10301,RDF1030101,Natural sciences,Physical sciences,Astronomical and space sciences,Astrobiology
RDF1030102,RDF10,RDF103,RDF10301,RDF1030102,Natural sciences,Physical sciences,Astronomical and space sciences,Celestial mechanics
RDF1030103,RDF10,RDF103,RDF10301,RDF1030103,Natural sciences,Physical sciences,Astronomical and space sciences,Astronomical and space instrumentation (including atmospheric observation)
RDF1030104,RDF10,RDF103,RDF10301,RDF1030104,Natural sciences,Physical sciences,Astronomical and space sciences,Cosmology and extragalactic astronomy
RDF1030105,RDF10,RDF103,RDF10301,RDF1030105,Natural sciences,Physical sciences,Astronomical and space sciences,Galactic astronomy
RDF1030106,RDF10,RDF103,RDF10301,RDF1030106,Natural sciences,Physical sciences,Astronomical and space sciences,General relativity and gravitational waves in astronomical and space sciences
RDF1030107,RDF10,RDF103,RDF10301,RDF1030107,Natural sciences,Physical sciences,Astronomical and space sciences,"Mesospheric, ionospheric and magnetospheric physics"
RDF1030108,RDF10,RDF103,RDF10301,RDF1030108,Natural sciences,Physical sciences,Astronomical and space sciences,Planetary science (except planetary geology)
RDF1030109,RDF10,RDF103,RDF10301,RDF1030109,Natural sciences,Physical sciences,Astronomical and space sciences,Space and solar physics
RDF1030110,RDF10,RDF103,RDF10301,RDF1030110,Natural sciences,Physical sciences,Astronomical and space sciences,Stellar astronomy and planetary systems
RDF1030111,RDF10,RDF103,RDF10301,RDF1030111,Natural sciences,Physical sciences,Astronomical and space sciences,Astrochemistry
RDF1030112,RDF10,RDF103,RDF10301,RDF1030112,Natural sciences,Physical sciences,Astronomical and space sciences,Dark energy
RDF1030113,RDF10,RDF103,RDF10301,RDF1030113,Natural sciences,Physical sciences,Astronomical and space sciences,Theoretical and computational astrophysics
RDF1030199,RDF10,RDF103,RDF10301,RDF1030199,Natural sciences,Physical sciences,Astronomical and space sciences,"Astronomical and space sciences, n.e.c."
RDF10302,RDF10,RDF103,RDF10302,,Natural sciences,Physical sciences,Subatomic physics,
RDF1030201,RDF10,RDF103,RDF10302,RDF1030201,Natural sciences,Physical sciences,Subatomic physics,"Nuclear physics, experimental"
RDF1030202,RDF10,RDF103,RDF10302,RDF1030202,Natural sciences,Physical sciences,Subatomic physics,"Particle physics, experimental"
RDF1030203,RDF10,RDF103,RDF10302,RDF1030203,Natural sciences,Physical sciences,Subatomic physics,Astroparticle physics
RDF1030204,RDF10,RDF103,RDF10302,RDF1030204,Natural sciences,Physical sciences,Subatomic physics,Subatomic physics instrumentation
RDF1030205,RDF10,RDF103,RDF10302,RDF1030205,Natural sciences,Physical sciences,Subatomic physics,Accelerator for nuclear and particle physics (including synchrotons)
RDF1030206,RDF10,RDF103,RDF10302,RDF1030206,Natural sciences,Physical sciences,Subatomic physics,Nuclear physics theory
RDF1030207,RDF10,RDF103,RDF10302,RDF1030207,Natural sciences,Physical sciences,Subatomic physics,Particle physics theory (including aspects of field theory and string theory)
RDF1030208,RDF10,RDF103,RDF10302,RDF1030208,Natural sciences,Physical sciences,Subatomic physics,High-energy astrophysics and cosmic rays
RDF1030209,RDF10,RDF103,RDF10302,RDF1030209,Natural sciences,Physical sciences,Subatomic physics,Weak interactions of elementary particles
RDF1030210,RDF10,RDF103,RDF10302,RDF1030210,Natural sciences,Physical sciences,Subatomic physics,Intermediate subatomic energy reactions
RDF1030299,RDF10,RDF103,RDF10302,RDF1030299,Natural sciences,Physical sciences,Subatomic physics,"Subatomic physics, n.e.c."
RDF10303,RDF10,RDF103,RDF10303,,Natural sciences,Physical sciences,"Atomic, molecular, and optical physics",
RDF1030301,RDF10,RDF103,RDF10303,RDF1030301,Natural sciences,Physical sciences,"Atomic, molecular, and optical physics",Atomic and molecular physics
RDF1030302,RDF10,RDF103,RDF10303,RDF1030302,Natural sciences,Physical sciences,"Atomic, molecular, and optical physics",Classical and physical optics
RDF1030303,RDF10,RDF103,RDF10303,RDF1030303,Natural sciences,Physical sciences,"Atomic, molecular, and optical physics",Lasers and quantum electronics
RDF1030304,RDF10,RDF103,RDF10303,RDF1030304,Natural sciences,Physical sciences,"Atomic, molecular, and optical physics",Nonlinear optics and spectroscopy
RDF1030305,RDF10,RDF103,RDF10303,RDF1030305,Natural sciences,Physical sciences,"Atomic, molecular, and optical physics",Atomic and molecular spectroscopy
RDF1030306,RDF10,RDF103,RDF10303,RDF1030306,Natural sciences,Physical sciences,"Atomic, molecular, and optical physics","Photonics, optoelectronics and optical communications"
RDF1030307,RDF10,RDF103,RDF10303,RDF1030307,Natural sciences,Physical sciences,"Atomic, molecular, and optical physics","Plasma physics, fusion plasmas, and electrical discharges"
RDF1030308,RDF10,RDF103,RDF10303,RDF1030308,Natural sciences,Physical sciences,"Atomic, molecular, and optical physics",Quantum optics
RDF1030399,RDF10,RDF103,RDF10303,RDF1030399,Natural sciences,Physical sciences,"Atomic, molecular, and optical physics","Atomic, molecular, and optical physics, n.e.c."
RDF10304,RDF10,RDF103,RDF10304,,Natural sciences,Physical sciences,Classical physics,
RDF1030401,RDF10,RDF103,RDF10304,RDF1030401,Natural sciences,Physical sciences,Classical physics,Acoustics and acoustical devices and waves
RDF1030402,RDF10,RDF103,RDF10304,RDF1030402,Natural sciences,Physical sciences,Classical physics,Electrostatics and electrodynamics
RDF1030403,RDF10,RDF103,RDF10304,RDF1030403,Natural sciences,Physical sciences,Classical physics,Fluid physics
RDF1030404,RDF10,RDF103,RDF10304,RDF1030404,Natural sciences,Physical sciences,Classical physics,Thermodynamics and statistical physics
RDF1030499,RDF10,RDF103,RDF10304,RDF1030499,Natural sciences,Physical sciences,Classical physics,"Classical physics, n.e.c."
RDF10305,RDF10,RDF103,RDF10305,,Natural sciences,Physical sciences,Condensed matter physics,
RDF1030501,RDF10,RDF103,RDF10305,RDF1030501,Natural sciences,Physical sciences,Condensed matter physics,Condensed matter characterization technique development
RDF1030502,RDF10,RDF103,RDF10305,RDF1030502,Natural sciences,Physical sciences,Condensed matter physics,Condensed matter experiments
RDF1030503,RDF10,RDF103,RDF10305,RDF1030503,Natural sciences,Physical sciences,Condensed matter physics,Condensed matter modelling and density functional theory
RDF1030504,RDF10,RDF103,RDF10305,RDF1030504,Natural sciences,Physical sciences,Condensed matter physics,Electronic and magnetic properties of condensed matter and supraconductivity
RDF1030505,RDF10,RDF103,RDF10305,RDF1030505,Natural sciences,Physical sciences,Condensed matter physics,Soft condensed matter
RDF1030506,RDF10,RDF103,RDF10305,RDF1030506,Natural sciences,Physical sciences,Condensed matter physics,Surfaces and structural properties of condensed matter
RDF1030507,RDF10,RDF103,RDF10305,RDF1030507,Natural sciences,Physical sciences,Condensed matter physics,Superconductivity
RDF1030508,RDF10,RDF103,RDF10305,RDF1030508,Natural sciences,Physical sciences,Condensed matter physics,Semiconductors
RDF1030509,RDF10,RDF103,RDF10305,RDF1030509,Natural sciences,Physical sciences,Condensed matter physics,Low-temperature physics
RDF1030510,RDF10,RDF103,RDF10305,RDF1030510,Natural sciences,Physical sciences,Condensed matter physics,Mesoscopic physics
RDF1030599,RDF10,RDF103,RDF10305,RDF1030599,Natural sciences,Physical sciences,Condensed matter physics,"Condensed matter physics, n.e.c."
RDF10306,RDF10,RDF103,RDF10306,,Natural sciences,Physical sciences,Quantum physics,
RDF1030601,RDF10,RDF103,RDF10306,RDF1030601,Natural sciences,Physical sciences,Quantum physics,Degenerate quantum gases
RDF1030602,RDF10,RDF103,RDF10306,RDF1030602,Natural sciences,Physical sciences,Quantum physics,Matter waves
RDF1030603,RDF10,RDF103,RDF10306,RDF1030603,Natural sciences,Physical sciences,Quantum physics,General relativity and gravitational waves in quantum physics
RDF1030604,RDF10,RDF103,RDF10306,RDF1030604,Natural sciences,Physical sciences,Quantum physics,"Quantum information, computation and communication"
RDF1030605,RDF10,RDF103,RDF10306,RDF1030605,Natural sciences,Physical sciences,Quantum physics,Foundation of quantum physics
RDF1030606,RDF10,RDF103,RDF10306,RDF1030606,Natural sciences,Physical sciences,Quantum physics,Quantum technologies
RDF1030607,RDF10,RDF103,RDF10306,RDF1030607,Natural sciences,Physical sciences,Quantum physics,Statistical mechanics in quantum physics
RDF1030699,RDF10,RDF103,RDF10306,RDF1030699,Natural sciences,Physical sciences,Quantum physics,"Quantum physics, n.e.c."
RDF10399,RDF10,RDF103,RDF10399,,Natural sciences,Physical sciences,Other physical sciences,
RDF1039901,RDF10,RDF103,RDF10399,RDF1039901,Natural sciences,Physical sciences,Other physical sciences,Complex physical systems
RDF1039902,RDF10,RDF103,RDF10399,RDF1039902,Natural sciences,Physical sciences,Other physical sciences,Medical physics
RDF1039903,RDF10,RDF103,RDF10399,RDF1039903,Natural sciences,Physical sciences,Other physical sciences,Instrumentation in physics
RDF1039999,RDF10,RDF103,RDF10399,RDF1039999,Natural sciences,Physical sciences,Other physical sciences,"Other physical sciences, n.e.c."
RDF104,RDF10,RDF104,,,Natural sciences,Chemical sciences,,
RDF10401,RDF10,RDF104,RDF10401,,Natural sciences,Chemical sciences,Analytical chemistry,
RDF1040101,RDF10,RDF104,RDF10401,RDF1040101,Natural sciences,Chemical sciences,Analytical chemistry,Analytical spectrometry
RDF1040102,RDF10,RDF104,RDF10401,RDF1040102,Natural sciences,Chemical sciences,Analytical chemistry,Electroanalytical chemistry
RDF1040103,RDF10,RDF104,RDF10401,RDF1040103,Natural sciences,Chemical sciences,Analytical chemistry,Flow analysis in chemistry
RDF1040104,RDF10,RDF104,RDF10401,RDF1040104,Natural sciences,Chemical sciences,Analytical chemistry,Immunological and bioassay methods
RDF1040105,RDF10,RDF104,RDF10401,RDF1040105,Natural sciences,Chemical sciences,Analytical chemistry,Instrumental methods (except immunological and bioassay methods)
RDF1040106,RDF10,RDF104,RDF10401,RDF1040106,Natural sciences,Chemical sciences,Analytical chemistry,Sensor technology (chemical aspects)
RDF1040107,RDF10,RDF104,RDF10401,RDF1040107,Natural sciences,Chemical sciences,Analytical chemistry,Separation science
RDF1040108,RDF10,RDF104,RDF10401,RDF1040108,Natural sciences,Chemical sciences,Analytical chemistry,Environmental chemistry (except atmospheric chemistry)
RDF1040199,RDF10,RDF104,RDF10401,RDF1040199,Natural sciences,Chemical sciences,Analytical chemistry,"Analytical chemistry, n.e.c."
RDF10402,RDF10,RDF104,RDF10402,,Natural sciences,Chemical sciences,Inorganic chemistry,
RDF1040201,RDF10,RDF104,RDF10402,RDF1040201,Natural sciences,Chemical sciences,Inorganic chemistry,Bioinorganic chemistry
RDF1040202,RDF10,RDF104,RDF10402,RDF1040202,Natural sciences,Chemical sciences,Inorganic chemistry,F-Block chemistry
RDF1040203,RDF10,RDF104,RDF10402,RDF1040203,Natural sciences,Chemical sciences,Inorganic chemistry,Inorganic green chemistry
RDF1040204,RDF10,RDF104,RDF10402,RDF1040204,Natural sciences,Chemical sciences,Inorganic chemistry,Main group metal chemistry
RDF1040205,RDF10,RDF104,RDF10402,RDF1040205,Natural sciences,Chemical sciences,Inorganic chemistry,Solid state chemistry
RDF1040206,RDF10,RDF104,RDF10402,RDF1040206,Natural sciences,Chemical sciences,Inorganic chemistry,Transition metal chemistry
RDF1040207,RDF10,RDF104,RDF10402,RDF1040207,Natural sciences,Chemical sciences,Inorganic chemistry,Organometallic chemistry
RDF1040208,RDF10,RDF104,RDF10402,RDF1040208,Natural sciences,Chemical sciences,Inorganic chemistry,Inorganic materials
RDF1040209,RDF10,RDF104,RDF10402,RDF1040209,Natural sciences,Chemical sciences,Inorganic chemistry,Coordination chemistry
RDF1040210,RDF10,RDF104,RDF10402,RDF1040210,Natural sciences,Chemical sciences,Inorganic chemistry,Supramolecular inorganic chemistry
RDF1040211,RDF10,RDF104,RDF10402,RDF1040211,Natural sciences,Chemical sciences,Inorganic chemistry,Physical inorganic chemistry
RDF1040212,RDF10,RDF104,RDF10402,RDF1040212,Natural sciences,Chemical sciences,Inorganic chemistry,Metal-mediated catalysis
RDF1040213,RDF10,RDF104,RDF10402,RDF1040213,Natural sciences,Chemical sciences,Inorganic chemistry,Inorganic catalysis and reaction mechanisms
RDF1040214,RDF10,RDF104,RDF10402,RDF1040214,Natural sciences,Chemical sciences,Inorganic chemistry,Inorganic photochemistry
RDF1040215,RDF10,RDF104,RDF10402,RDF1040215,Natural sciences,Chemical sciences,Inorganic chemistry,Medicinal inorganic chemistry
RDF1040299,RDF10,RDF104,RDF10402,RDF1040299,Natural sciences,Chemical sciences,Inorganic chemistry,"Inorganic chemistry, n.e.c."
RDF10403,RDF10,RDF104,RDF10403,,Natural sciences,Chemical sciences,Organic chemistry,
RDF1040301,RDF10,RDF104,RDF10403,RDF1040301,Natural sciences,Chemical sciences,Organic chemistry,Free radical chemistry
RDF1040302,RDF10,RDF104,RDF10403,RDF1040302,Natural sciences,Chemical sciences,Organic chemistry,Natural products chemistry
RDF1040303,RDF10,RDF104,RDF10403,RDF1040303,Natural sciences,Chemical sciences,Organic chemistry,Organic chemical synthesis
RDF1040304,RDF10,RDF104,RDF10403,RDF1040304,Natural sciences,Chemical sciences,Organic chemistry,Organic green chemistry
RDF1040305,RDF10,RDF104,RDF10403,RDF1040305,Natural sciences,Chemical sciences,Organic chemistry,Physical organic chemistry
RDF1040306,RDF10,RDF104,RDF10403,RDF1040306,Natural sciences,Chemical sciences,Organic chemistry,Combinatorial chemistry
RDF1040307,RDF10,RDF104,RDF10403,RDF1040307,Natural sciences,Chemical sciences,Organic chemistry,Organic catalysis and mechanisms of reactions
RDF1040308,RDF10,RDF104,RDF10403,RDF1040308,Natural sciences,Chemical sciences,Organic chemistry,"Quality assurance, chemometrics, traceability and metrological chemistry"
RDF1040309,RDF10,RDF104,RDF10403,RDF1040309,Natural sciences,Chemical sciences,Organic chemistry,Organic photochemistry
RDF1040310,RDF10,RDF104,RDF10403,RDF1040310,Natural sciences,Chemical sciences,Organic chemistry,Supramolecular organic chemistry
RDF1040399,RDF10,RDF104,RDF10403,RDF1040399,Natural sciences,Chemical sciences,Organic chemistry,"Organic chemistry, n.e.c."
RDF10404,RDF10,RDF104,RDF10404,,Natural sciences,Chemical sciences,Macromolecular and materials chemistry,
RDF1040401,RDF10,RDF104,RDF10404,RDF1040401,Natural sciences,Chemical sciences,Macromolecular and materials chemistry,Characterization of materials
RDF1040402,RDF10,RDF104,RDF10404,RDF1040402,Natural sciences,Chemical sciences,Macromolecular and materials chemistry,Nanochemistry
RDF1040403,RDF10,RDF104,RDF10404,RDF1040403,Natural sciences,Chemical sciences,Macromolecular and materials chemistry,Polymerization mechanisms
RDF1040404,RDF10,RDF104,RDF10404,RDF1040404,Natural sciences,Chemical sciences,Macromolecular and materials chemistry,Synthesis of materials
RDF1040405,RDF10,RDF104,RDF10404,RDF1040405,Natural sciences,Chemical sciences,Macromolecular and materials chemistry,Theory and design of materials
RDF1040406,RDF10,RDF104,RDF10404,RDF1040406,Natural sciences,Chemical sciences,Macromolecular and materials chemistry,Functional materials in materials chemistry sciences
RDF1040499,RDF10,RDF104,RDF10404,RDF1040499,Natural sciences,Chemical sciences,Macromolecular and materials chemistry,"Macromolecular and materials chemistry, n.e.c."
RDF10405,RDF10,RDF104,RDF10405,,Natural sciences,Chemical sciences,Biomolecular and medicinal chemistry,
RDF1040501,RDF10,RDF104,RDF10405,RDF1040501,Natural sciences,Chemical sciences,Biomolecular and medicinal chemistry,Biologically active molecules
RDF1040502,RDF10,RDF104,RDF10405,RDF1040502,Natural sciences,Chemical sciences,Biomolecular and medicinal chemistry,Molecular modelling and design
RDF1040503,RDF10,RDF104,RDF10405,RDF1040503,Natural sciences,Chemical sciences,Biomolecular and medicinal chemistry,Characterization of biological macromolecules and biological systems
RDF1040504,RDF10,RDF104,RDF10405,RDF1040504,Natural sciences,Chemical sciences,Biomolecular and medicinal chemistry,Cheminformatics and quantitative structure-activity relationships
RDF1040505,RDF10,RDF104,RDF10405,RDF1040505,Natural sciences,Chemical sciences,Biomolecular and medicinal chemistry,Medicinal chemistry
RDF1040506,RDF10,RDF104,RDF10405,RDF1040506,Natural sciences,Chemical sciences,Biomolecular and medicinal chemistry,Proteins and peptides
RDF1040507,RDF10,RDF104,RDF10405,RDF1040507,Natural sciences,Chemical sciences,Biomolecular and medicinal chemistry,Glycochemistry
RDF1040508,RDF10,RDF104,RDF10405,RDF1040508,Natural sciences,Chemical sciences,Biomolecular and medicinal chemistry,Chemical biology
RDF1040599,RDF10,RDF104,RDF10405,RDF1040599,Natural sciences,Chemical sciences,Biomolecular and medicinal chemistry,"Biomolecular and medicinal chemistry, n.e.c."
RDF10406,RDF10,RDF104,RDF10406,,Natural sciences,Chemical sciences,Physical chemistry (including structural),
RDF1040601,RDF10,RDF104,RDF10406,RDF1040601,Natural sciences,Chemical sciences,Physical chemistry (including structural),Colloid and surface chemistry
RDF1040602,RDF10,RDF104,RDF10406,RDF1040602,Natural sciences,Chemical sciences,Physical chemistry (including structural),Electrochemistry
RDF1040603,RDF10,RDF104,RDF10406,RDF1040603,Natural sciences,Chemical sciences,Physical chemistry (including structural),Solution chemistry
RDF1040604,RDF10,RDF104,RDF10406,RDF1040604,Natural sciences,Chemical sciences,Physical chemistry (including structural),Nuclear chemistry
RDF1040605,RDF10,RDF104,RDF10406,RDF1040605,Natural sciences,Chemical sciences,Physical chemistry (including structural),Structural determination
RDF1040606,RDF10,RDF104,RDF10406,RDF1040606,Natural sciences,Chemical sciences,Physical chemistry (including structural),Optical properties of materials
RDF1040607,RDF10,RDF104,RDF10406,RDF1040607,Natural sciences,Chemical sciences,Physical chemistry (including structural),Physical chemistry of materials
RDF1040608,RDF10,RDF104,RDF10406,RDF1040608,Natural sciences,Chemical sciences,Physical chemistry (including structural),Development and applications of spectroscopic and structural techniques
RDF1040609,RDF10,RDF104,RDF10406,RDF1040609,Natural sciences,Chemical sciences,Physical chemistry (including structural),Physical chemistry applications of photonics
RDF1040610,RDF10,RDF104,RDF10406,RDF1040610,Natural sciences,Chemical sciences,Physical chemistry (including structural),Photochemical reactivity and dynamics
RDF1040611,RDF10,RDF104,RDF10406,RDF1040611,Natural sciences,Chemical sciences,Physical chemistry (including structural),Biophysical chemistry
RDF1040612,RDF10,RDF104,RDF10406,RDF1040612,Natural sciences,Chemical sciences,Physical chemistry (including structural),Chemical applications of crystallography
RDF1040699,RDF10,RDF104,RDF10406,RDF1040699,Natural sciences,Chemical sciences,Physical chemistry (including structural),"Physical chemistry, n.e.c."
RDF10407,RDF10,RDF104,RDF10407,,Natural sciences,Chemical sciences,Computational and theoretical chemistry,
RDF1040701,RDF10,RDF104,RDF10407,RDF1040701,Natural sciences,Chemical sciences,Computational and theoretical chemistry,Computational chemistry
RDF1040702,RDF10,RDF104,RDF10407,RDF1040702,Natural sciences,Chemical sciences,Computational and theoretical chemistry,Quantum chemistry
RDF1040703,RDF10,RDF104,RDF10407,RDF1040703,Natural sciences,Chemical sciences,Computational and theoretical chemistry,Reaction kinetics and dynamics
RDF1040704,RDF10,RDF104,RDF10407,RDF1040704,Natural sciences,Chemical sciences,Computational and theoretical chemistry,Statistical mechanics in chemistry
RDF1040705,RDF10,RDF104,RDF10407,RDF1040705,Natural sciences,Chemical sciences,Computational and theoretical chemistry,Chemical thermodynamics and energetics
RDF1040706,RDF10,RDF104,RDF10407,RDF1040706,Natural sciences,Chemical sciences,Computational and theoretical chemistry,Transport properties and non-equilibrium processes
RDF1040799,RDF10,RDF104,RDF10407,RDF1040799,Natural sciences,Chemical sciences,Computational and theoretical chemistry,"Theoretical chemistry, n.e.c."
RDF10499,RDF10,RDF104,RDF10499,,Natural sciences,Chemical sciences,Other chemical sciences,
RDF1049901,RDF10,RDF104,RDF10499,RDF1049901,Natural sciences,Chemical sciences,Other chemical sciences,Forensic chemistry
RDF1049902,RDF10,RDF104,RDF10499,RDF1049902,Natural sciences,Chemical sciences,Other chemical sciences,Industrial chemistry
RDF1049903,RDF10,RDF104,RDF10499,RDF1049903,Natural sciences,Chemical sciences,Other chemical sciences,Combustion and forest fuel chemistry
RDF1049999,RDF10,RDF104,RDF10499,RDF1049999,Natural sciences,Chemical sciences,Other chemical sciences,"Other chemical sciences, n.e.c."
RDF105,RDF10,RDF105,,,Natural sciences,Earth and related environmental sciences,,
RDF10501,RDF10,RDF105,RDF10501,,Natural sciences,Earth and related environmental sciences,Atmospheric sciences,
RDF1050101,RDF10,RDF105,RDF10501,RDF1050101,Natural sciences,Earth and related environmental sciences,Atmospheric sciences,Atmospheric chemistry
RDF1050102,RDF10,RDF105,RDF10501,RDF1050102,Natural sciences,Earth and related environmental sciences,Atmospheric sciences,Atmospheric dynamics and thermodynamics
RDF1050103,RDF10,RDF105,RDF10501,RDF1050103,Natural sciences,Earth and related environmental sciences,Atmospheric sciences,Atmospheric radiation and radiative transfer
RDF1050104,RDF10,RDF105,RDF10501,RDF1050104,Natural sciences,Earth and related environmental sciences,Atmospheric sciences,Cloud physics
RDF1050105,RDF10,RDF105,RDF10501,RDF1050105,Natural sciences,Earth and related environmental sciences,Atmospheric sciences,Meteorology and weather
RDF1050106,RDF10,RDF105,RDF10501,RDF1050106,Natural sciences,Earth and related environmental sciences,Atmospheric sciences,Tropospheric and stratospheric sciences
RDF1050107,RDF10,RDF105,RDF10501,RDF1050107,Natural sciences,Earth and related environmental sciences,Atmospheric sciences,Atmospheric measurement techniques
RDF1050108,RDF10,RDF105,RDF10501,RDF1050108,Natural sciences,Earth and related environmental sciences,Atmospheric sciences,Climate change impacts and adaptation
RDF1050109,RDF10,RDF105,RDF10501,RDF1050109,Natural sciences,Earth and related environmental sciences,Atmospheric sciences,Atmospheric pollution and air quality
RDF1050110,RDF10,RDF105,RDF10501,RDF1050110,Natural sciences,Earth and related environmental sciences,Atmospheric sciences,Boundary layer meteorology
RDF1050111,RDF10,RDF105,RDF10501,RDF1050111,Natural sciences,Earth and related environmental sciences,Atmospheric sciences,Stratosphere and upper atmosphere studies
RDF1050112,RDF10,RDF105,RDF10501,RDF1050112,Natural sciences,Earth and related environmental sciences,Atmospheric sciences,Climate modelling
RDF1050113,RDF10,RDF105,RDF10501,RDF1050113,Natural sciences,Earth and related environmental sciences,Atmospheric sciences,Planetary atmospheres studies
RDF1050114,RDF10,RDF105,RDF10501,RDF1050114,Natural sciences,Earth and related environmental sciences,Atmospheric sciences,Synoptic climatology
RDF1050115,RDF10,RDF105,RDF10501,RDF1050115,Natural sciences,Earth and related environmental sciences,Atmospheric sciences,Statistical climatology
RDF1050199,RDF10,RDF105,RDF10501,RDF1050199,Natural sciences,Earth and related environmental sciences,Atmospheric sciences,"Atmospheric sciences, n.e.c."
RDF10502,RDF10,RDF105,RDF10502,,Natural sciences,Earth and related environmental sciences,Geochemistry,
RDF1050201,RDF10,RDF105,RDF10502,RDF1050201,Natural sciences,Earth and related environmental sciences,Geochemistry,Exploration geochemistry
RDF1050202,RDF10,RDF105,RDF10502,RDF1050202,Natural sciences,Earth and related environmental sciences,Geochemistry,Inorganic geochemistry
RDF1050203,RDF10,RDF105,RDF10502,RDF1050203,Natural sciences,Earth and related environmental sciences,Geochemistry,Isotope geochemistry
RDF1050204,RDF10,RDF105,RDF10502,RDF1050204,Natural sciences,Earth and related environmental sciences,Geochemistry,Organic geochemistry
RDF1050205,RDF10,RDF105,RDF10502,RDF1050205,Natural sciences,Earth and related environmental sciences,Geochemistry,Geochronology
RDF1050206,RDF10,RDF105,RDF10502,RDF1050206,Natural sciences,Earth and related environmental sciences,Geochemistry,Hydrogeochemistry
RDF1050207,RDF10,RDF105,RDF10502,RDF1050207,Natural sciences,Earth and related environmental sciences,Geochemistry,Biogeochemistry
RDF1050208,RDF10,RDF105,RDF10502,RDF1050208,Natural sciences,Earth and related environmental sciences,Geochemistry,Environmental geochemistry
RDF1050299,RDF10,RDF105,RDF10502,RDF1050299,Natural sciences,Earth and related environmental sciences,Geochemistry,"Geochemistry, n.e.c."
RDF10503,RDF10,RDF105,RDF10503,,Natural sciences,Earth and related environmental sciences,Geology,
RDF1050301,RDF10,RDF105,RDF10503,RDF1050301,Natural sciences,Earth and related environmental sciences,Geology,Basin analysis
RDF1050302,RDF10,RDF105,RDF10503,RDF1050302,Natural sciences,Earth and related environmental sciences,Geology,Planetary geology
RDF1050303,RDF10,RDF105,RDF10503,RDF1050303,Natural sciences,Earth and related environmental sciences,Geology,Igneous petrology
RDF1050304,RDF10,RDF105,RDF10503,RDF1050304,Natural sciences,Earth and related environmental sciences,Geology,Metamorphic petrology
RDF1050305,RDF10,RDF105,RDF10503,RDF1050305,Natural sciences,Earth and related environmental sciences,Geology,Ore deposit petrology
RDF1050306,RDF10,RDF105,RDF10503,RDF1050306,Natural sciences,Earth and related environmental sciences,Geology,"Petroleum, gas and coal geology"
RDF1050307,RDF10,RDF105,RDF10503,RDF1050307,Natural sciences,Earth and related environmental sciences,Geology,Mineralogy and crystallography (except soil mineralogy and chemicals aspects of crystallography)
RDF1050308,RDF10,RDF105,RDF10503,RDF1050308,Natural sciences,Earth and related environmental sciences,Geology,Sedimentology
RDF1050309,RDF10,RDF105,RDF10503,RDF1050309,Natural sciences,Earth and related environmental sciences,Geology,Stratigraphy (including biostratigraphy and sequence stratigraphy)
RDF1050310,RDF10,RDF105,RDF10503,RDF1050310,Natural sciences,Earth and related environmental sciences,Geology,Structural geology
RDF1050311,RDF10,RDF105,RDF10503,RDF1050311,Natural sciences,Earth and related environmental sciences,Geology,Tectonics
RDF1050312,RDF10,RDF105,RDF10503,RDF1050312,Natural sciences,Earth and related environmental sciences,Geology,Volcanology
RDF1050313,RDF10,RDF105,RDF10503,RDF1050313,Natural sciences,Earth and related environmental sciences,Geology,Economic geology
RDF1050314,RDF10,RDF105,RDF10503,RDF1050314,Natural sciences,Earth and related environmental sciences,Geology,Geomicrobiology
RDF1050315,RDF10,RDF105,RDF10503,RDF1050315,Natural sciences,Earth and related environmental sciences,Geology,Paleobiology
RDF1050316,RDF10,RDF105,RDF10503,RDF1050316,Natural sciences,Earth and related environmental sciences,Geology,Paleontology (including palynology)
RDF1050399,RDF10,RDF105,RDF10503,RDF1050399,Natural sciences,Earth and related environmental sciences,Geology,"Geology, n.e.c."
RDF10504,RDF10,RDF105,RDF10504,,Natural sciences,Earth and related environmental sciences,Geophysics,
RDF1050401,RDF10,RDF105,RDF10504,RDF1050401,Natural sciences,Earth and related environmental sciences,Geophysics,Geoelectrics and geoelectromagnetics
RDF1050402,RDF10,RDF105,RDF10504,RDF1050402,Natural sciences,Earth and related environmental sciences,Geophysics,Geodynamics
RDF1050403,RDF10,RDF105,RDF10504,RDF1050403,Natural sciences,Earth and related environmental sciences,Geophysics,Geophysical fluid dynamics
RDF1050404,RDF10,RDF105,RDF10504,RDF1050404,Natural sciences,Earth and related environmental sciences,Geophysics,Geothermics and radiometrics
RDF1050405,RDF10,RDF105,RDF10504,RDF1050405,Natural sciences,Earth and related environmental sciences,Geophysics,Gravimetry
RDF1050406,RDF10,RDF105,RDF10504,RDF1050406,Natural sciences,Earth and related environmental sciences,Geophysics,Magnetism and paleomagnetism
RDF1050407,RDF10,RDF105,RDF10504,RDF1050407,Natural sciences,Earth and related environmental sciences,Geophysics,Seismology
RDF1050408,RDF10,RDF105,RDF10504,RDF1050408,Natural sciences,Earth and related environmental sciences,Geophysics,Geodesy
RDF1050409,RDF10,RDF105,RDF10504,RDF1050409,Natural sciences,Earth and related environmental sciences,Geophysics,Rock and mineral physics
RDF1050499,RDF10,RDF105,RDF10504,RDF1050499,Natural sciences,Earth and related environmental sciences,Geophysics,"Geophysics, n.e.c."
RDF10505,RDF10,RDF105,RDF10505,,Natural sciences,Earth and related environmental sciences,Oceanography,
RDF1050501,RDF10,RDF105,RDF10505,RDF1050501,Natural sciences,Earth and related environmental sciences,Oceanography,Biological oceanography
RDF1050502,RDF10,RDF105,RDF10505,RDF1050502,Natural sciences,Earth and related environmental sciences,Oceanography,Chemical oceanography
RDF1050503,RDF10,RDF105,RDF10505,RDF1050503,Natural sciences,Earth and related environmental sciences,Oceanography,Physical oceanography
RDF1050504,RDF10,RDF105,RDF10505,RDF1050504,Natural sciences,Earth and related environmental sciences,Oceanography,Marine geology
RDF1050505,RDF10,RDF105,RDF10505,RDF1050505,Natural sciences,Earth and related environmental sciences,Oceanography,Ocean biogeochemistry
RDF1050506,RDF10,RDF105,RDF10505,RDF1050506,Natural sciences,Earth and related environmental sciences,Oceanography,Sea ice sciences
RDF1050507,RDF10,RDF105,RDF10505,RDF1050507,Natural sciences,Earth and related environmental sciences,Oceanography,Paleoceanography
RDF1050508,RDF10,RDF105,RDF10505,RDF1050508,Natural sciences,Earth and related environmental sciences,Oceanography,Estuarine oceanography
RDF1050509,RDF10,RDF105,RDF10505,RDF1050509,Natural sciences,Earth and related environmental sciences,Oceanography,Nearshore processes and coastal oceanography
RDF1050510,RDF10,RDF105,RDF10505,RDF1050510,Natural sciences,Earth and related environmental sciences,Oceanography,Large-scale ocean circulation
RDF1050511,RDF10,RDF105,RDF10505,RDF1050511,Natural sciences,Earth and related environmental sciences,Oceanography,Ocean-atmospheric interactions
RDF1050599,RDF10,RDF105,RDF10505,RDF1050599,Natural sciences,Earth and related environmental sciences,Oceanography,"Oceanography, n.e.c."
RDF10506,RDF10,RDF105,RDF10506,,Natural sciences,Earth and related environmental sciences,Environmental geoscience,
RDF1050601,RDF10,RDF105,RDF10506,RDF1050601,Natural sciences,Earth and related environmental sciences,Environmental geoscience,Geomorphology
RDF1050602,RDF10,RDF105,RDF10506,RDF1050602,Natural sciences,Earth and related environmental sciences,Environmental geoscience,Landscape evolution
RDF1050603,RDF10,RDF105,RDF10506,RDF1050603,Natural sciences,Earth and related environmental sciences,Environmental geoscience,Natural hazards
RDF1050604,RDF10,RDF105,RDF10506,RDF1050604,Natural sciences,Earth and related environmental sciences,Environmental geoscience,Paleo-environmental sciences
RDF1050605,RDF10,RDF105,RDF10506,RDF1050605,Natural sciences,Earth and related environmental sciences,Environmental geoscience,Surface processes
RDF1050606,RDF10,RDF105,RDF10506,RDF1050606,Natural sciences,Earth and related environmental sciences,Environmental geoscience,Environmental monitoring
RDF1050607,RDF10,RDF105,RDF10506,RDF1050607,Natural sciences,Earth and related environmental sciences,Environmental geoscience,Geomatics sciences (except geomatic engineering)
RDF1050699,RDF10,RDF105,RDF10506,RDF1050699,Natural sciences,Earth and related environmental sciences,Environmental geoscience,"Environmental geoscience, n.e.c."
RDF10507,RDF10,RDF105,RDF10507,,Natural sciences,Earth and related environmental sciences,Hydrology,
RDF1050701,RDF10,RDF105,RDF10507,RDF1050701,Natural sciences,Earth and related environmental sciences,Hydrology,Hydrometeorology
RDF1050702,RDF10,RDF105,RDF10507,RDF1050702,Natural sciences,Earth and related environmental sciences,Hydrology,Physical and catchment hydrology
RDF1050703,RDF10,RDF105,RDF10507,RDF1050703,Natural sciences,Earth and related environmental sciences,Hydrology,Surface water hydrology
RDF1050704,RDF10,RDF105,RDF10507,RDF1050704,Natural sciences,Earth and related environmental sciences,Hydrology,Soil hydrology
RDF1050705,RDF10,RDF105,RDF10507,RDF1050705,Natural sciences,Earth and related environmental sciences,Hydrology,Hydrogeology
RDF1050706,RDF10,RDF105,RDF10507,RDF1050706,Natural sciences,Earth and related environmental sciences,Hydrology,Water quality
RDF1050707,RDF10,RDF105,RDF10507,RDF1050707,Natural sciences,Earth and related environmental sciences,Hydrology,Limnology
RDF1050799,RDF10,RDF105,RDF10507,RDF1050799,Natural sciences,Earth and related environmental sciences,Hydrology,"Hydrology, n.e.c."
RDF10508,RDF10,RDF105,RDF10508,,Natural sciences,Earth and related environmental sciences,Cryosphere processes,
RDF1050801,RDF10,RDF105,RDF10508,RDF1050801,Natural sciences,Earth and related environmental sciences,Cryosphere processes,Physics of snow and ice
RDF1050802,RDF10,RDF105,RDF10508,RDF1050802,Natural sciences,Earth and related environmental sciences,Cryosphere processes,Glaciology
RDF1050803,RDF10,RDF105,RDF10508,RDF1050803,Natural sciences,Earth and related environmental sciences,Cryosphere processes,Permafrost
RDF1050899,RDF10,RDF105,RDF10508,RDF1050899,Natural sciences,Earth and related environmental sciences,Cryosphere processes,"Cryosphere processes, n.e.c."
RDF10509,RDF10,RDF105,RDF10509,,Natural sciences,Earth and related environmental sciences,Geomatics and earth systems observations,
RDF1050901,RDF10,RDF105,RDF10509,RDF1050901,Natural sciences,Earth and related environmental sciences,Geomatics and earth systems observations,Geographic information system (GIS and GPS) applications
RDF1050902,RDF10,RDF105,RDF10509,RDF1050902,Natural sciences,Earth and related environmental sciences,Geomatics and earth systems observations,Remote sensing applications (except remote sensing in geomatics and photogrammetry)
RDF1050999,RDF10,RDF105,RDF10509,RDF1050999,Natural sciences,Earth and related environmental sciences,Geomatics and earth systems observations,"Geomatics and earth systems observations, n.e.c."
RDF10510,RDF10,RDF105,RDF10510,,Natural sciences,Earth and related environmental sciences,Natural environment sciences,
RDF1051001,RDF10,RDF105,RDF10510,RDF1051001,Natural sciences,Earth and related environmental sciences,Natural environment sciences,Indigenous peoples environmental knowledge
RDF1051002,RDF10,RDF105,RDF10510,RDF1051002,Natural sciences,Earth and related environmental sciences,Natural environment sciences,Biodiversity
RDF1051003,RDF10,RDF105,RDF10510,RDF1051003,Natural sciences,Earth and related environmental sciences,Natural environment sciences,Environmental impact assessment
RDF1051004,RDF10,RDF105,RDF10510,RDF1051004,Natural sciences,Earth and related environmental sciences,Natural environment sciences,Natural (biophysical) environment management
RDF1051005,RDF10,RDF105,RDF10510,RDF1051005,Natural sciences,Earth and related environmental sciences,Natural environment sciences,Natural environment sustainability studies
RDF1051006,RDF10,RDF105,RDF10510,RDF1051006,Natural sciences,Earth and related environmental sciences,Natural environment sciences,Ecological restoration (except bioremediation)
RDF1051007,RDF10,RDF105,RDF10510,RDF1051007,Natural sciences,Earth and related environmental sciences,Natural environment sciences,Natural resource management
RDF1051008,RDF10,RDF105,RDF10510,RDF1051008,Natural sciences,Earth and related environmental sciences,Natural environment sciences,Wildlife and habitat management
RDF1051009,RDF10,RDF105,RDF10510,RDF1051009,Natural sciences,Earth and related environmental sciences,Natural environment sciences,Quantitative methods for environmental sciences
RDF1051010,RDF10,RDF105,RDF10510,RDF1051010,Natural sciences,Earth and related environmental sciences,Natural environment sciences,Ecotoxicology
RDF1051099,RDF10,RDF105,RDF10510,RDF1051099,Natural sciences,Earth and related environmental sciences,Natural environment sciences,"Natural environment sciences, n.e.c."
RDF10511,RDF10,RDF105,RDF10511,,Natural sciences,Earth and related environmental sciences,Soil sciences,
RDF1051101,RDF10,RDF105,RDF10511,RDF1051101,Natural sciences,Earth and related environmental sciences,Soil sciences,Soil physics
RDF1051102,RDF10,RDF105,RDF10511,RDF1051102,Natural sciences,Earth and related environmental sciences,Soil sciences,Soil chemistry (except carbon sequestration science)
RDF1051103,RDF10,RDF105,RDF10511,RDF1051103,Natural sciences,Earth and related environmental sciences,Soil sciences,Soil biology
RDF1051104,RDF10,RDF105,RDF10511,RDF1051104,Natural sciences,Earth and related environmental sciences,Soil sciences,Soil fertility
RDF1051105,RDF10,RDF105,RDF10511,RDF1051105,Natural sciences,Earth and related environmental sciences,Soil sciences,Soil degradation
RDF1051106,RDF10,RDF105,RDF10511,RDF1051106,Natural sciences,Earth and related environmental sciences,Soil sciences,Soil biogeochemistry and microbiology
RDF1051107,RDF10,RDF105,RDF10511,RDF1051107,Natural sciences,Earth and related environmental sciences,Soil sciences,Soil-root interactions
RDF1051108,RDF10,RDF105,RDF10511,RDF1051108,Natural sciences,Earth and related environmental sciences,Soil sciences,Carbon sequestration science
RDF1051109,RDF10,RDF105,RDF10511,RDF1051109,Natural sciences,Earth and related environmental sciences,Soil sciences,Soil mineralogy and micromorphology
RDF1051199,RDF10,RDF105,RDF10511,RDF1051199,Natural sciences,Earth and related environmental sciences,Soil sciences,"Soil sciences, n.e.c."
RDF10599,RDF10,RDF105,RDF10599,,Natural sciences,Earth and related environmental sciences,Other earth and related environmental sciences,
RDF1059901,RDF10,RDF105,RDF10599,RDF1059901,Natural sciences,Earth and related environmental sciences,Other earth and related environmental sciences,Earth system sciences
RDF1059999,RDF10,RDF105,RDF10599,RDF1059999,Natural sciences,Earth and related environmental sciences,Other earth and related environmental sciences,"Other earth and related environmental sciences, n.e.c."
RDF106,RDF10,RDF106,,,Natural sciences,Biological sciences,,
RDF10601,RDF10,RDF106,RDF10601,,Natural sciences,Biological sciences,Biochemistry,
RDF1060101,RDF10,RDF106,RDF10601,RDF1060101,Natural sciences,Biological sciences,Biochemistry,Analytical biochemistry
RDF1060102,RDF10,RDF106,RDF10601,RDF1060102,Natural sciences,Biological sciences,Biochemistry,"Enzymes (including kinetics and mechanisms, and biocatalyst)"
RDF1060103,RDF10,RDF106,RDF10601,RDF1060103,Natural sciences,Biological sciences,Biochemistry,Proteomics
RDF1060104,RDF10,RDF106,RDF10601,RDF1060104,Natural sciences,Biological sciences,Biochemistry,Intramolecular interactions
RDF1060105,RDF10,RDF106,RDF10601,RDF1060105,Natural sciences,Biological sciences,Biochemistry,Metabolomics
RDF1060106,RDF10,RDF106,RDF10601,RDF1060106,Natural sciences,Biological sciences,Biochemistry,Nucleic acids studies
RDF1060107,RDF10,RDF106,RDF10601,RDF1060107,Natural sciences,Biological sciences,Biochemistry,Lipid biology (including lipidomics)
RDF1060108,RDF10,RDF106,RDF10601,RDF1060108,Natural sciences,Biological sciences,Biochemistry,Glycomics and glycobiology
RDF1060109,RDF10,RDF106,RDF10601,RDF1060109,Natural sciences,Biological sciences,Biochemistry,Chemical genetics
RDF1060110,RDF10,RDF106,RDF10601,RDF1060110,Natural sciences,Biological sciences,Biochemistry,Protein and gene networks
RDF1060111,RDF10,RDF106,RDF10601,RDF1060111,Natural sciences,Biological sciences,Biochemistry,Synthetic biology
RDF1060112,RDF10,RDF106,RDF10601,RDF1060112,Natural sciences,Biological sciences,Biochemistry,Systems biology
RDF1060113,RDF10,RDF106,RDF10601,RDF1060113,Natural sciences,Biological sciences,Biochemistry,Forensic biology
RDF1060199,RDF10,RDF106,RDF10601,RDF1060199,Natural sciences,Biological sciences,Biochemistry,"Biochemistry, n.e.c."
RDF10602,RDF10,RDF106,RDF10602,,Natural sciences,Biological sciences,Cell biology,
RDF1060201,RDF10,RDF106,RDF10602,RDF1060201,Natural sciences,Biological sciences,Cell biology,"Cell differentiation, proliferation and death"
RDF1060202,RDF10,RDF106,RDF10602,RDF1060202,Natural sciences,Biological sciences,Cell biology,Cell metabolism
RDF1060203,RDF10,RDF106,RDF10602,RDF1060203,Natural sciences,Biological sciences,Cell biology,"Cellular interactions (including adhesion, matrix and cell wall)"
RDF1060204,RDF10,RDF106,RDF10602,RDF1060204,Natural sciences,Biological sciences,Cell biology,Protein trafficking in cell biology
RDF1060205,RDF10,RDF106,RDF10602,RDF1060205,Natural sciences,Biological sciences,Cell biology,Cell and nuclear division
RDF1060206,RDF10,RDF106,RDF10602,RDF1060206,Natural sciences,Biological sciences,Cell biology,"Intracellular signaling, signal transduction, receptor and membrane biology"
RDF1060207,RDF10,RDF106,RDF10602,RDF1060207,Natural sciences,Biological sciences,Cell biology,Structural biology (including macromolecular modelling)
RDF1060208,RDF10,RDF106,RDF10602,RDF1060208,Natural sciences,Biological sciences,Cell biology,Computational cell biology
RDF1060209,RDF10,RDF106,RDF10602,RDF1060209,Natural sciences,Biological sciences,Cell biology,Human biophysics
RDF1060210,RDF10,RDF106,RDF10602,RDF1060210,Natural sciences,Biological sciences,Cell biology,Cytoskeleton studies
RDF1060211,RDF10,RDF106,RDF10602,RDF1060211,Natural sciences,Biological sciences,Cell biology,Organelle function
RDF1060299,RDF10,RDF106,RDF10602,RDF1060299,Natural sciences,Biological sciences,Cell biology,"Cell biology, n.e.c."
RDF10603,RDF10,RDF106,RDF10603,,Natural sciences,Biological sciences,Ecology (except applications),
RDF1060301,RDF10,RDF106,RDF10603,RDF1060301,Natural sciences,Biological sciences,Ecology (except applications),Behavioural ecology
RDF1060302,RDF10,RDF106,RDF10603,RDF1060302,Natural sciences,Biological sciences,Ecology (except applications),Community ecology (except invasive species ecology)
RDF1060303,RDF10,RDF106,RDF10603,RDF1060303,Natural sciences,Biological sciences,Ecology (except applications),Ecological physiology (except plant ecology)
RDF1060304,RDF10,RDF106,RDF10603,RDF1060304,Natural sciences,Biological sciences,Ecology (except applications),Estuarine and freshwater ecology
RDF1060305,RDF10,RDF106,RDF10603,RDF1060305,Natural sciences,Biological sciences,Ecology (except applications),Marine ecology (including marine ichthyology)
RDF1060306,RDF10,RDF106,RDF10603,RDF1060306,Natural sciences,Biological sciences,Ecology (except applications),Paleoecology
RDF1060307,RDF10,RDF106,RDF10603,RDF1060307,Natural sciences,Biological sciences,Ecology (except applications),Population ecology
RDF1060308,RDF10,RDF106,RDF10603,RDF1060308,Natural sciences,Biological sciences,Ecology (except applications),Terrestrial ecology
RDF1060309,RDF10,RDF106,RDF10603,RDF1060309,Natural sciences,Biological sciences,Ecology (except applications),Plant physiological ecology
RDF1060310,RDF10,RDF106,RDF10603,RDF1060310,Natural sciences,Biological sciences,Ecology (except applications),Evolutionary ecology
RDF1060311,RDF10,RDF106,RDF10603,RDF1060311,Natural sciences,Biological sciences,Ecology (except applications),Ecological mathematical and statistical models
RDF1060312,RDF10,RDF106,RDF10603,RDF1060312,Natural sciences,Biological sciences,Ecology (except applications),Environmental metagenomics
RDF1060313,RDF10,RDF106,RDF10603,RDF1060313,Natural sciences,Biological sciences,Ecology (except applications),Plant-animal interactions
RDF1060399,RDF10,RDF106,RDF10603,RDF1060399,Natural sciences,Biological sciences,Ecology (except applications),"Ecology, n.e.c."
RDF10604,RDF10,RDF106,RDF10604,,Natural sciences,Biological sciences,Ecological applications,
RDF1060401,RDF10,RDF106,RDF10604,RDF1060401,Natural sciences,Biological sciences,Ecological applications,Ecological impacts of climate change
RDF1060402,RDF10,RDF106,RDF10604,RDF1060402,Natural sciences,Biological sciences,Ecological applications,Ecosystem function
RDF1060403,RDF10,RDF106,RDF10604,RDF1060403,Natural sciences,Biological sciences,Ecological applications,Invasive species ecology
RDF1060404,RDF10,RDF106,RDF10604,RDF1060404,Natural sciences,Biological sciences,Ecological applications,Landscape ecology
RDF1060405,RDF10,RDF106,RDF10604,RDF1060405,Natural sciences,Biological sciences,Ecological applications,Global change biology
RDF1060499,RDF10,RDF106,RDF10604,RDF1060499,Natural sciences,Biological sciences,Ecological applications,"Ecological applications, n.e.c."
RDF10605,RDF10,RDF106,RDF10605,,Natural sciences,Biological sciences,Biological evolution,
RDF1060501,RDF10,RDF106,RDF10605,RDF1060501,Natural sciences,Biological sciences,Biological evolution,Systematics and taxonomy (except speciation)
RDF1060502,RDF10,RDF106,RDF10605,RDF1060502,Natural sciences,Biological sciences,Biological evolution,Biogeography and phylogeography
RDF1060503,RDF10,RDF106,RDF10605,RDF1060503,Natural sciences,Biological sciences,Biological evolution,Biological adaptation
RDF1060504,RDF10,RDF106,RDF10605,RDF1060504,Natural sciences,Biological sciences,Biological evolution,Ethology and sociobiology
RDF1060505,RDF10,RDF106,RDF10605,RDF1060505,Natural sciences,Biological sciences,Biological evolution,Evolution of developmental systems
RDF1060506,RDF10,RDF106,RDF10605,RDF1060506,Natural sciences,Biological sciences,Biological evolution,Evolutionary impacts of climate change
RDF1060507,RDF10,RDF106,RDF10605,RDF1060507,Natural sciences,Biological sciences,Biological evolution,Life histories
RDF1060508,RDF10,RDF106,RDF10605,RDF1060508,Natural sciences,Biological sciences,Biological evolution,Phylogeny and comparative analysis
RDF1060509,RDF10,RDF106,RDF10605,RDF1060509,Natural sciences,Biological sciences,Biological evolution,Speciation (evolutionary processes)
RDF1060510,RDF10,RDF106,RDF10605,RDF1060510,Natural sciences,Biological sciences,Biological evolution,Natural selection and sexual selection
RDF1060511,RDF10,RDF106,RDF10605,RDF1060511,Natural sciences,Biological sciences,Biological evolution,Evolutionary mathematical and statistical models
RDF1060512,RDF10,RDF106,RDF10605,RDF1060512,Natural sciences,Biological sciences,Biological evolution,Macroevolution
RDF1060599,RDF10,RDF106,RDF10605,RDF1060599,Natural sciences,Biological sciences,Biological evolution,"Biological evolution, n.e.c"
RDF10606,RDF10,RDF106,RDF10606,,Natural sciences,Biological sciences,Genetics,
RDF1060601,RDF10,RDF106,RDF10606,RDF1060601,Natural sciences,Biological sciences,Genetics,Anthropological genetics
RDF1060602,RDF10,RDF106,RDF10606,RDF1060602,Natural sciences,Biological sciences,Genetics,Developmental genetics (including sex determination)
RDF1060603,RDF10,RDF106,RDF10606,RDF1060603,Natural sciences,Biological sciences,Genetics,Conservation genetics
RDF1060604,RDF10,RDF106,RDF10606,RDF1060604,Natural sciences,Biological sciences,Genetics,Molecular evolution
RDF1060605,RDF10,RDF106,RDF10606,RDF1060605,Natural sciences,Biological sciences,Genetics,Epigenetics and epigenomics
RDF1060606,RDF10,RDF106,RDF10606,RDF1060606,Natural sciences,Biological sciences,Genetics,Transcriptomics
RDF1060607,RDF10,RDF106,RDF10606,RDF1060607,Natural sciences,Biological sciences,Genetics,Gene regulation and expression
RDF1060608,RDF10,RDF106,RDF10606,RDF1060608,Natural sciences,Biological sciences,Genetics,Genome structure and stability
RDF1060609,RDF10,RDF106,RDF10606,RDF1060609,Natural sciences,Biological sciences,Genetics,Genomics
RDF1060610,RDF10,RDF106,RDF10606,RDF1060610,Natural sciences,Biological sciences,Genetics,Somatic mutations
RDF1060611,RDF10,RDF106,RDF10606,RDF1060611,Natural sciences,Biological sciences,Genetics,"Population, ecological and evolutionary genetics"
RDF1060612,RDF10,RDF106,RDF10606,RDF1060612,Natural sciences,Biological sciences,Genetics,Quantitative genetics (including disease and trait mapping genetics)
RDF1060613,RDF10,RDF106,RDF10606,RDF1060613,Natural sciences,Biological sciences,Genetics,Statistical genetics
RDF1060614,RDF10,RDF106,RDF10606,RDF1060614,Natural sciences,Biological sciences,Genetics,Molecular genetics
RDF1060615,RDF10,RDF106,RDF10606,RDF1060615,Natural sciences,Biological sciences,Genetics,Paleogenomics
RDF1060616,RDF10,RDF106,RDF10606,RDF1060616,Natural sciences,Biological sciences,Genetics,Genetics engineering
RDF1060699,RDF10,RDF106,RDF10606,RDF1060699,Natural sciences,Biological sciences,Genetics,"Genetics, n.e.c."
RDF10607,RDF10,RDF106,RDF10607,,Natural sciences,Biological sciences,Microbiology,
RDF1060701,RDF10,RDF106,RDF10607,RDF1060701,Natural sciences,Biological sciences,Microbiology,Parasitology
RDF1060702,RDF10,RDF106,RDF10607,RDF1060702,Natural sciences,Biological sciences,Microbiology,Bacteriology
RDF1060703,RDF10,RDF106,RDF10607,RDF1060703,Natural sciences,Biological sciences,Microbiology,Microbial genetics
RDF1060704,RDF10,RDF106,RDF10607,RDF1060704,Natural sciences,Biological sciences,Microbiology,Microbial ecology and evolution
RDF1060705,RDF10,RDF106,RDF10607,RDF1060705,Natural sciences,Biological sciences,Microbiology,Microbial physiology
RDF1060706,RDF10,RDF106,RDF10607,RDF1060706,Natural sciences,Biological sciences,Microbiology,Mycology
RDF1060707,RDF10,RDF106,RDF10607,RDF1060707,Natural sciences,Biological sciences,Microbiology,Virology
RDF1060708,RDF10,RDF106,RDF10607,RDF1060708,Natural sciences,Biological sciences,Microbiology,Microbiome
RDF1060709,RDF10,RDF106,RDF10607,RDF1060709,Natural sciences,Biological sciences,Microbiology,Environmental microbiology (including air microbiology)
RDF1060799,RDF10,RDF106,RDF10607,RDF1060799,Natural sciences,Biological sciences,Microbiology,"Microbiology, n.e.c."
RDF10608,RDF10,RDF106,RDF10608,,Natural sciences,Biological sciences,Animal physiology,
RDF1060801,RDF10,RDF106,RDF10608,RDF1060801,Natural sciences,Biological sciences,Animal physiology,"Animal physiology, biophysics"
RDF1060802,RDF10,RDF106,RDF10608,RDF1060802,Natural sciences,Biological sciences,Animal physiology,"Animal physiology, endocrinology"
RDF1060803,RDF10,RDF106,RDF10608,RDF1060803,Natural sciences,Biological sciences,Animal physiology,"Animal physiology, metabolism"
RDF1060804,RDF10,RDF106,RDF10608,RDF1060804,Natural sciences,Biological sciences,Animal physiology,"Animal physiology, circulation"
RDF1060805,RDF10,RDF106,RDF10608,RDF1060805,Natural sciences,Biological sciences,Animal physiology,"Animal physiology, respiration"
RDF1060806,RDF10,RDF106,RDF10608,RDF1060806,Natural sciences,Biological sciences,Animal physiology,"Animal physiology, environmental stress"
RDF1060807,RDF10,RDF106,RDF10608,RDF1060807,Natural sciences,Biological sciences,Animal physiology,"Animal physiology, digestion"
RDF1060808,RDF10,RDF106,RDF10608,RDF1060808,Natural sciences,Biological sciences,Animal physiology,"Animal physiology, exercise"
RDF1060809,RDF10,RDF106,RDF10608,RDF1060809,Natural sciences,Biological sciences,Animal physiology,"Animal physiology, thermoregulation"
RDF1060810,RDF10,RDF106,RDF10608,RDF1060810,Natural sciences,Biological sciences,Animal physiology,"Animal physiology, osmoregulation"
RDF1060811,RDF10,RDF106,RDF10608,RDF1060811,Natural sciences,Biological sciences,Animal physiology,"Animal physiology, toxicology"
RDF1060899,RDF10,RDF106,RDF10608,RDF1060899,Natural sciences,Biological sciences,Animal physiology,"Animal physiology, n.e.c."
RDF10609,RDF10,RDF106,RDF10609,,Natural sciences,Biological sciences,Plant biology,
RDF1060901,RDF10,RDF106,RDF10609,RDF1060901,Natural sciences,Biological sciences,Plant biology,Phycology (including marine grasses)
RDF1060902,RDF10,RDF106,RDF10609,RDF1060902,Natural sciences,Biological sciences,Plant biology,Plant cell and molecular biology
RDF1060903,RDF10,RDF106,RDF10609,RDF1060903,Natural sciences,Biological sciences,Plant biology,Plant developmental and reproductive biology
RDF1060904,RDF10,RDF106,RDF10609,RDF1060904,Natural sciences,Biological sciences,Plant biology,Plant pathology
RDF1060905,RDF10,RDF106,RDF10609,RDF1060905,Natural sciences,Biological sciences,Plant biology,Plant physiology
RDF1060906,RDF10,RDF106,RDF10609,RDF1060906,Natural sciences,Biological sciences,Plant biology,Plant microbiota
RDF1060907,RDF10,RDF106,RDF10609,RDF1060907,Natural sciences,Biological sciences,Plant biology,Molecular plant and microbe interactions (including host pathogen interactions)
RDF1060908,RDF10,RDF106,RDF10609,RDF1060908,Natural sciences,Biological sciences,Plant biology,Plant stress biology
RDF1060909,RDF10,RDF106,RDF10609,RDF1060909,Natural sciences,Biological sciences,Plant biology,Plant hormone biology
RDF1060910,RDF10,RDF106,RDF10609,RDF1060910,Natural sciences,Biological sciences,Plant biology,Plant nutrition and metabolism
RDF1060911,RDF10,RDF106,RDF10609,RDF1060911,Natural sciences,Biological sciences,Plant biology,Seed biology
RDF1060912,RDF10,RDF106,RDF10609,RDF1060912,Natural sciences,Biological sciences,Plant biology,Plant genetics (phytogenetics)
RDF1060999,RDF10,RDF106,RDF10609,RDF1060999,Natural sciences,Biological sciences,Plant biology,"Plant biology, n.e.c."
RDF10610,RDF10,RDF106,RDF10610,,Natural sciences,Biological sciences,Zoology,
RDF1061001,RDF10,RDF106,RDF10610,RDF1061001,Natural sciences,Biological sciences,Zoology,Animal behaviour
RDF1061002,RDF10,RDF106,RDF10610,RDF1061002,Natural sciences,Biological sciences,Zoology,Animal cell and molecular biology
RDF1061003,RDF10,RDF106,RDF10610,RDF1061003,Natural sciences,Biological sciences,Zoology,Animal developmental and reproductive biology
RDF1061004,RDF10,RDF106,RDF10610,RDF1061004,Natural sciences,Biological sciences,Zoology,Animal immunology
RDF1061005,RDF10,RDF106,RDF10610,RDF1061005,Natural sciences,Biological sciences,Zoology,Animal physiological ecology
RDF1061006,RDF10,RDF106,RDF10610,RDF1061006,Natural sciences,Biological sciences,Zoology,Animal structures and functions
RDF1061007,RDF10,RDF106,RDF10610,RDF1061007,Natural sciences,Biological sciences,Zoology,Invertebrate biology (except insect biology)
RDF1061008,RDF10,RDF106,RDF10610,RDF1061008,Natural sciences,Biological sciences,Zoology,Insect biology
RDF1061009,RDF10,RDF106,RDF10610,RDF1061009,Natural sciences,Biological sciences,Zoology,Mammalogy
RDF1061010,RDF10,RDF106,RDF10610,RDF1061010,Natural sciences,Biological sciences,Zoology,Fish biology
RDF1061011,RDF10,RDF106,RDF10610,RDF1061011,Natural sciences,Biological sciences,Zoology,Bird biology
RDF1061012,RDF10,RDF106,RDF10610,RDF1061012,Natural sciences,Biological sciences,Zoology,Amphibian and reptile biology
RDF1061013,RDF10,RDF106,RDF10610,RDF1061013,Natural sciences,Biological sciences,Zoology,Comparative biomechanics
RDF1061099,RDF10,RDF106,RDF10610,RDF1061099,Natural sciences,Biological sciences,Zoology,"Zoology, n.e.c."
RDF10611,RDF10,RDF106,RDF10611,,Natural sciences,Biological sciences,"Neurosciences, biological and chemical aspects",
RDF1061101,RDF10,RDF106,RDF10611,RDF1061101,Natural sciences,Biological sciences,"Neurosciences, biological and chemical aspects",Molecular neuroscience
RDF1061102,RDF10,RDF106,RDF10611,RDF1061102,Natural sciences,Biological sciences,"Neurosciences, biological and chemical aspects",Cellular neuroscience
RDF1061103,RDF10,RDF106,RDF10611,RDF1061103,Natural sciences,Biological sciences,"Neurosciences, biological and chemical aspects",Neurogenetics
RDF1061104,RDF10,RDF106,RDF10611,RDF1061104,Natural sciences,Biological sciences,"Neurosciences, biological and chemical aspects",Animal neurobiology
RDF1061105,RDF10,RDF106,RDF10611,RDF1061105,Natural sciences,Biological sciences,"Neurosciences, biological and chemical aspects",Behavioural neuroscience of learning and memory
RDF1061106,RDF10,RDF106,RDF10611,RDF1061106,Natural sciences,Biological sciences,"Neurosciences, biological and chemical aspects",Behavioural neuroscience of reward and motivation
RDF1061107,RDF10,RDF106,RDF10611,RDF1061107,Natural sciences,Biological sciences,"Neurosciences, biological and chemical aspects",Neurocognitive patterns and neural networks
RDF1061108,RDF10,RDF106,RDF10611,RDF1061108,Natural sciences,Biological sciences,"Neurosciences, biological and chemical aspects",Neurophysiology
RDF1061199,RDF10,RDF106,RDF10611,RDF1061199,Natural sciences,Biological sciences,"Neurosciences, biological and chemical aspects","Neurosciences, biological and chemical aspects, n.e.c"
RDF10699,RDF10,RDF106,RDF10699,,Natural sciences,Biological sciences,Other biological sciences,
RDF1069999,RDF10,RDF106,RDF10699,RDF1069999,Natural sciences,Biological sciences,Other biological sciences,Other biological sciences
RDF107,RDF10,RDF107,,,Natural sciences,Other natural sciences,,
RDF10799,RDF10,RDF107,RDF10799,,Natural sciences,Other natural sciences,Other natural sciences,
RDF1079999,RDF10,RDF107,RDF10799,RDF1079999,Natural sciences,Other natural sciences,Other natural sciences,"Other natural sciences, n.e.c."
RDF20-21,RDF20-21,,,,Engineering and technology,,,
RDF201,RDF20-21,RDF201,,,Engineering and technology,"Civil engineering, maritime engineering, transport engineering, and mining engineering",,
RDF20101,RDF20-21,RDF201,RDF20101,,Engineering and technology,"Civil engineering, maritime engineering, transport engineering, and mining engineering",Civil engineering,
RDF2010101,RDF20-21,RDF201,RDF20101,RDF2010101,Engineering and technology,"Civil engineering, maritime engineering, transport engineering, and mining engineering",Civil engineering,Geotechnical engineering
RDF2010102,RDF20-21,RDF201,RDF20101,RDF2010102,Engineering and technology,"Civil engineering, maritime engineering, transport engineering, and mining engineering",Civil engineering,Building construction engineering
RDF2010103,RDF20-21,RDF201,RDF20101,RDF2010103,Engineering and technology,"Civil engineering, maritime engineering, transport engineering, and mining engineering",Civil engineering,"Concrete, cementitious materials and other architectural and construction materials"
RDF2010104,RDF20-21,RDF201,RDF20101,RDF2010104,Engineering and technology,"Civil engineering, maritime engineering, transport engineering, and mining engineering",Civil engineering,Earthquake engineering
RDF2010105,RDF20-21,RDF201,RDF20101,RDF2010105,Engineering and technology,"Civil engineering, maritime engineering, transport engineering, and mining engineering",Civil engineering,Infrastructure engineering
RDF2010106,RDF20-21,RDF201,RDF20101,RDF2010106,Engineering and technology,"Civil engineering, maritime engineering, transport engineering, and mining engineering",Civil engineering,Structural engineering
RDF2010107,RDF20-21,RDF201,RDF20101,RDF2010107,Engineering and technology,"Civil engineering, maritime engineering, transport engineering, and mining engineering",Civil engineering,Water resources infrastructure engineering
RDF2010108,RDF20-21,RDF201,RDF20101,RDF2010108,Engineering and technology,"Civil engineering, maritime engineering, transport engineering, and mining engineering",Civil engineering,Hydraulic engineering
RDF2010109,RDF20-21,RDF201,RDF20101,RDF2010109,Engineering and technology,"Civil engineering, maritime engineering, transport engineering, and mining engineering",Civil engineering,Geomechanics
RDF2010199,RDF20-21,RDF201,RDF20101,RDF2010199,Engineering and technology,"Civil engineering, maritime engineering, transport engineering, and mining engineering",Civil engineering,"Civil engineering, n.e.c."
RDF20102,RDF20-21,RDF201,RDF20102,,Engineering and technology,"Civil engineering, maritime engineering, transport engineering, and mining engineering",Marine engineering,
RDF2010201,RDF20-21,RDF201,RDF20102,RDF2010201,Engineering and technology,"Civil engineering, maritime engineering, transport engineering, and mining engineering",Marine engineering,Naval architecture
RDF2010202,RDF20-21,RDF201,RDF20102,RDF2010202,Engineering and technology,"Civil engineering, maritime engineering, transport engineering, and mining engineering",Marine engineering,Ocean engineering
RDF2010203,RDF20-21,RDF201,RDF20102,RDF2010203,Engineering and technology,"Civil engineering, maritime engineering, transport engineering, and mining engineering",Marine engineering,Ship hydrodynamics
RDF2010204,RDF20-21,RDF201,RDF20102,RDF2010204,Engineering and technology,"Civil engineering, maritime engineering, transport engineering, and mining engineering",Marine engineering,Marine platform hydrodynamics engineering
RDF2010205,RDF20-21,RDF201,RDF20102,RDF2010205,Engineering and technology,"Civil engineering, maritime engineering, transport engineering, and mining engineering",Marine engineering,Offshore engineering (including marine platform structures)
RDF2010206,RDF20-21,RDF201,RDF20102,RDF2010206,Engineering and technology,"Civil engineering, maritime engineering, transport engineering, and mining engineering",Marine engineering,Special marine vehicles engineering
RDF2010299,RDF20-21,RDF201,RDF20102,RDF2010299,Engineering and technology,"Civil engineering, maritime engineering, transport engineering, and mining engineering",Marine engineering,"Marine engineering, n.e.c."
RDF20103,RDF20-21,RDF201,RDF20103,,Engineering and technology,"Civil engineering, maritime engineering, transport engineering, and mining engineering",Land transportation systems engineering,
RDF2010301,RDF20-21,RDF201,RDF20103,RDF2010301,Engineering and technology,"Civil engineering, maritime engineering, transport engineering, and mining engineering",Land transportation systems engineering,Traffic and highway engineering
RDF2010302,RDF20-21,RDF201,RDF20103,RDF2010302,Engineering and technology,"Civil engineering, maritime engineering, transport engineering, and mining engineering",Land transportation systems engineering,Railway and airport engineering
RDF2010303,RDF20-21,RDF201,RDF20103,RDF2010303,Engineering and technology,"Civil engineering, maritime engineering, transport engineering, and mining engineering",Land transportation systems engineering,Public transportation engineering
RDF2010304,RDF20-21,RDF201,RDF20103,RDF2010304,Engineering and technology,"Civil engineering, maritime engineering, transport engineering, and mining engineering",Land transportation systems engineering,Road safety engineering
RDF2010305,RDF20-21,RDF201,RDF20103,RDF2010305,Engineering and technology,"Civil engineering, maritime engineering, transport engineering, and mining engineering",Land transportation systems engineering,Transportation demand modelling
RDF2010306,RDF20-21,RDF201,RDF20103,RDF2010306,Engineering and technology,"Civil engineering, maritime engineering, transport engineering, and mining engineering",Land transportation systems engineering,Pavement materials and structure
RDF2010307,RDF20-21,RDF201,RDF20103,RDF2010307,Engineering and technology,"Civil engineering, maritime engineering, transport engineering, and mining engineering",Land transportation systems engineering,Transportation systems infrastructure engineering for autonomous vehicles
RDF2010399,RDF20-21,RDF201,RDF20103,RDF2010399,Engineering and technology,"Civil engineering, maritime engineering, transport engineering, and mining engineering",Land transportation systems engineering,"Land transportation systems engineering, n.e.c."
RDF20104,RDF20-21,RDF201,RDF20104,,Engineering and technology,"Civil engineering, maritime engineering, transport engineering, and mining engineering",Mining engineering,
RDF2010499,RDF20-21,RDF201,RDF20104,RDF2010499,Engineering and technology,"Civil engineering, maritime engineering, transport engineering, and mining engineering",Mining engineering,Mining engineering
RDF202,RDF20-21,RDF202,,,Engineering and technology,"Industrial, systems and processes engineering",,
RDF20201,RDF20-21,RDF202,RDF20201,,Engineering and technology,"Industrial, systems and processes engineering",Human factor engineering,
RDF2020101,RDF20-21,RDF202,RDF20201,RDF2020101,Engineering and technology,"Industrial, systems and processes engineering",Human factor engineering,Brain-computer interface
RDF2020102,RDF20-21,RDF202,RDF20201,RDF2020102,Engineering and technology,"Industrial, systems and processes engineering",Human factor engineering,"Physical, environmental and cognitive ergonomics"
RDF2020103,RDF20-21,RDF202,RDF20201,RDF2020103,Engineering and technology,"Industrial, systems and processes engineering",Human factor engineering,Control design
RDF2020104,RDF20-21,RDF202,RDF20201,RDF2020104,Engineering and technology,"Industrial, systems and processes engineering",Human factor engineering,Human-computer systems and interface
RDF2020105,RDF20-21,RDF202,RDF20201,RDF2020105,Engineering and technology,"Industrial, systems and processes engineering",Human factor engineering,Assistive technologies
RDF2020199,RDF20-21,RDF202,RDF20201,RDF2020199,Engineering and technology,"Industrial, systems and processes engineering",Human factor engineering,"Human factor engineering, n.e.c."
RDF20202,RDF20-21,RDF202,RDF20202,,Engineering and technology,"Industrial, systems and processes engineering",Systems engineering,
RDF2020201,RDF20-21,RDF202,RDF20202,RDF2020201,Engineering and technology,"Industrial, systems and processes engineering",Systems engineering,Design and analysis of systems
RDF2020202,RDF20-21,RDF202,RDF20202,RDF2020202,Engineering and technology,"Industrial, systems and processes engineering",Systems engineering,Modelling and applications of systems
RDF2020203,RDF20-21,RDF202,RDF20202,RDF2020203,Engineering and technology,"Industrial, systems and processes engineering",Systems engineering,Intelligent renewable energy systems
RDF2020204,RDF20-21,RDF202,RDF20202,RDF2020204,Engineering and technology,"Industrial, systems and processes engineering",Systems engineering,Intelligent transport systems
RDF2020205,RDF20-21,RDF202,RDF20202,RDF2020205,Engineering and technology,"Industrial, systems and processes engineering",Systems engineering,Production systems engineering
RDF2020299,RDF20-21,RDF202,RDF20202,RDF2020299,Engineering and technology,"Industrial, systems and processes engineering",Systems engineering,"Systems engineering, n.e.c."
RDF20203,RDF20-21,RDF202,RDF20203,,Engineering and technology,"Industrial, systems and processes engineering",Operational research,
RDF2020301,RDF20-21,RDF202,RDF20203,RDF2020301,Engineering and technology,"Industrial, systems and processes engineering",Operational research,Programming in operational research (including linear and nonlinear programming)
RDF2020302,RDF20-21,RDF202,RDF20203,RDF2020302,Engineering and technology,"Industrial, systems and processes engineering",Operational research,Combinatorial and network optimization (including programming and metaheuristics)
RDF2020303,RDF20-21,RDF202,RDF20203,RDF2020303,Engineering and technology,"Industrial, systems and processes engineering",Operational research,Optimization under uncertainty (including stochastic and robust optimization)
RDF2020304,RDF20-21,RDF202,RDF20203,RDF2020304,Engineering and technology,"Industrial, systems and processes engineering",Operational research,Bilevel optimization and game theory
RDF2020305,RDF20-21,RDF202,RDF20203,RDF2020305,Engineering and technology,"Industrial, systems and processes engineering",Operational research,Stochastic models (including queueing and simulation)
RDF2020306,RDF20-21,RDF202,RDF20203,RDF2020306,Engineering and technology,"Industrial, systems and processes engineering",Operational research,Decisions and risk analysis
RDF2020307,RDF20-21,RDF202,RDF20203,RDF2020307,Engineering and technology,"Industrial, systems and processes engineering",Operational research,Quality systems engineering
RDF2020399,RDF20-21,RDF202,RDF20203,RDF2020399,Engineering and technology,"Industrial, systems and processes engineering",Operational research,"Operational research, n.e.c."
RDF20204,RDF20-21,RDF202,RDF20204,,Engineering and technology,"Industrial, systems and processes engineering",Biosystems and agricultural engineering,
RDF2020401,RDF20-21,RDF202,RDF20204,RDF2020401,Engineering and technology,"Industrial, systems and processes engineering",Biosystems and agricultural engineering,Irrigation
RDF2020402,RDF20-21,RDF202,RDF20204,RDF2020402,Engineering and technology,"Industrial, systems and processes engineering",Biosystems and agricultural engineering,Agricultural power machinery
RDF2020403,RDF20-21,RDF202,RDF20204,RDF2020403,Engineering and technology,"Industrial, systems and processes engineering",Biosystems and agricultural engineering,Crop management technologies
RDF2020404,RDF20-21,RDF202,RDF20204,RDF2020404,Engineering and technology,"Industrial, systems and processes engineering",Biosystems and agricultural engineering,Pesticides and pesticides applications
RDF2020499,RDF20-21,RDF202,RDF20204,RDF2020499,Engineering and technology,"Industrial, systems and processes engineering",Biosystems and agricultural engineering,"Biosystems and agricultural engineering, n.e.c."
RDF20299,RDF20-21,RDF202,RDF20299,,Engineering and technology,"Industrial, systems and processes engineering","Other industrial, systems and processes engineering",
RDF2029999,RDF20-21,RDF202,RDF20299,RDF2029999,Engineering and technology,"Industrial, systems and processes engineering","Other industrial, systems and processes engineering","Other industrial, systems and processes engineering"
RDF203,RDF20-21,RDF203,,,Engineering and technology,"Electrical engineering, computer engineering, and information engineering",,
RDF20301,RDF20-21,RDF203,RDF20301,,Engineering and technology,"Electrical engineering, computer engineering, and information engineering",Computer engineering,
RDF2030101,RDF20-21,RDF203,RDF20301,RDF2030101,Engineering and technology,"Electrical engineering, computer engineering, and information engineering",Computer engineering,Systems software
RDF2030102,RDF20-21,RDF203,RDF20301,RDF2030102,Engineering and technology,"Electrical engineering, computer engineering, and information engineering",Computer engineering,Computational languages (including domain-specific languages)
RDF2030103,RDF20-21,RDF203,RDF20301,RDF2030103,Engineering and technology,"Electrical engineering, computer engineering, and information engineering",Computer engineering,Middleware systems
RDF2030104,RDF20-21,RDF203,RDF20301,RDF2030104,Engineering and technology,"Electrical engineering, computer engineering, and information engineering",Computer engineering,Computer systems engineering
RDF2030105,RDF20-21,RDF203,RDF20301,RDF2030105,Engineering and technology,"Electrical engineering, computer engineering, and information engineering",Computer engineering,Computer architecture
RDF2030106,RDF20-21,RDF203,RDF20301,RDF2030106,Engineering and technology,"Electrical engineering, computer engineering, and information engineering",Computer engineering,Computer memory systems and storage
RDF2030107,RDF20-21,RDF203,RDF20301,RDF2030107,Engineering and technology,"Electrical engineering, computer engineering, and information engineering",Computer engineering,Digital hardware and technologies
RDF2030108,RDF20-21,RDF203,RDF20301,RDF2030108,Engineering and technology,"Electrical engineering, computer engineering, and information engineering",Computer engineering,Computer configurable hardware
RDF2030109,RDF20-21,RDF203,RDF20301,RDF2030109,Engineering and technology,"Electrical engineering, computer engineering, and information engineering",Computer engineering,Computer-aided design
RDF2030110,RDF20-21,RDF203,RDF20301,RDF2030110,Engineering and technology,"Electrical engineering, computer engineering, and information engineering",Computer engineering,Hardware and software for computer security
RDF2030111,RDF20-21,RDF203,RDF20301,RDF2030111,Engineering and technology,"Electrical engineering, computer engineering, and information engineering",Computer engineering,Machine learning systems
RDF2030199,RDF20-21,RDF203,RDF20301,RDF2030199,Engineering and technology,"Electrical engineering, computer engineering, and information engineering",Computer engineering,"Computer engineering, n.e.c."
RDF20302,RDF20-21,RDF203,RDF20302,,Engineering and technology,"Electrical engineering, computer engineering, and information engineering",Communications and networks technologies,
RDF2030201,RDF20-21,RDF203,RDF20302,RDF2030201,Engineering and technology,"Electrical engineering, computer engineering, and information engineering",Communications and networks technologies,Wireless communication systems
RDF2030202,RDF20-21,RDF203,RDF20302,RDF2030202,Engineering and technology,"Electrical engineering, computer engineering, and information engineering",Communications and networks technologies,Coding and information theory applied to communications and networks technologies
RDF2030203,RDF20-21,RDF203,RDF20302,RDF2030203,Engineering and technology,"Electrical engineering, computer engineering, and information engineering",Communications and networks technologies,Digital communications
RDF2030204,RDF20-21,RDF203,RDF20302,RDF2030204,Engineering and technology,"Electrical engineering, computer engineering, and information engineering",Communications and networks technologies,Internet of Things
RDF2030205,RDF20-21,RDF203,RDF20302,RDF2030205,Engineering and technology,"Electrical engineering, computer engineering, and information engineering",Communications and networks technologies,Software-defined network (SDN)
RDF2030206,RDF20-21,RDF203,RDF20302,RDF2030206,Engineering and technology,"Electrical engineering, computer engineering, and information engineering",Communications and networks technologies,Cloud computing systems
RDF2030207,RDF20-21,RDF203,RDF20302,RDF2030207,Engineering and technology,"Electrical engineering, computer engineering, and information engineering",Communications and networks technologies,Service network management systems
RDF2030208,RDF20-21,RDF203,RDF20302,RDF2030208,Engineering and technology,"Electrical engineering, computer engineering, and information engineering",Communications and networks technologies,Network protocols and architectures
RDF2030209,RDF20-21,RDF203,RDF20302,RDF2030209,Engineering and technology,"Electrical engineering, computer engineering, and information engineering",Communications and networks technologies,Network science and engineering
RDF2030210,RDF20-21,RDF203,RDF20302,RDF2030210,Engineering and technology,"Electrical engineering, computer engineering, and information engineering",Communications and networks technologies,Spectrum sharing and management
RDF2030211,RDF20-21,RDF203,RDF20302,RDF2030211,Engineering and technology,"Electrical engineering, computer engineering, and information engineering",Communications and networks technologies,Multimedia communication and networking
RDF2030212,RDF20-21,RDF203,RDF20302,RDF2030212,Engineering and technology,"Electrical engineering, computer engineering, and information engineering",Communications and networks technologies,Cyber-physical systems
RDF2030213,RDF20-21,RDF203,RDF20302,RDF2030213,Engineering and technology,"Electrical engineering, computer engineering, and information engineering",Communications and networks technologies,Cybersecurity and privacy technologies
RDF2030214,RDF20-21,RDF203,RDF20302,RDF2030214,Engineering and technology,"Electrical engineering, computer engineering, and information engineering",Communications and networks technologies,Fibre-optic communications technologies
RDF2030215,RDF20-21,RDF203,RDF20302,RDF2030215,Engineering and technology,"Electrical engineering, computer engineering, and information engineering",Communications and networks technologies,Optical networks
RDF2030216,RDF20-21,RDF203,RDF20302,RDF2030216,Engineering and technology,"Electrical engineering, computer engineering, and information engineering",Communications and networks technologies,Communications and network control systems
RDF2030217,RDF20-21,RDF203,RDF20302,RDF2030217,Engineering and technology,"Electrical engineering, computer engineering, and information engineering",Communications and networks technologies,Networked robotics and automation
RDF2030299,RDF20-21,RDF203,RDF20302,RDF2030299,Engineering and technology,"Electrical engineering, computer engineering, and information engineering",Communications and networks technologies,"Communications and networks technologies, n.e.c."
RDF20303,RDF20-21,RDF203,RDF20303,,Engineering and technology,"Electrical engineering, computer engineering, and information engineering",Data analytics and signal processing,
RDF2030301,RDF20-21,RDF203,RDF20303,RDF2030301,Engineering and technology,"Electrical engineering, computer engineering, and information engineering",Data analytics and signal processing,Learning and adaptive systems
RDF2030302,RDF20-21,RDF203,RDF20303,RDF2030302,Engineering and technology,"Electrical engineering, computer engineering, and information engineering",Data analytics and signal processing,Artificial intelligence engineering
RDF2030303,RDF20-21,RDF203,RDF20303,RDF2030303,Engineering and technology,"Electrical engineering, computer engineering, and information engineering",Data analytics and signal processing,Optimization and data analytics algorithms and systems
RDF2030304,RDF20-21,RDF203,RDF20303,RDF2030304,Engineering and technology,"Electrical engineering, computer engineering, and information engineering",Data analytics and signal processing,Distributed computation and signal processing
RDF2030305,RDF20-21,RDF203,RDF20303,RDF2030305,Engineering and technology,"Electrical engineering, computer engineering, and information engineering",Data analytics and signal processing,Image and video processing and analysis
RDF2030306,RDF20-21,RDF203,RDF20303,RDF2030306,Engineering and technology,"Electrical engineering, computer engineering, and information engineering",Data analytics and signal processing,Acoustic signal processing
RDF2030307,RDF20-21,RDF203,RDF20303,RDF2030307,Engineering and technology,"Electrical engineering, computer engineering, and information engineering",Data analytics and signal processing,Computer vision in data analytics and signal processing
RDF2030308,RDF20-21,RDF203,RDF20303,RDF2030308,Engineering and technology,"Electrical engineering, computer engineering, and information engineering",Data analytics and signal processing,Cognition and cognitive dynamic systems
RDF2030309,RDF20-21,RDF203,RDF20303,RDF2030309,Engineering and technology,"Electrical engineering, computer engineering, and information engineering",Data analytics and signal processing,Bio-signal processing and analysis
RDF2030310,RDF20-21,RDF203,RDF20303,RDF2030310,Engineering and technology,"Electrical engineering, computer engineering, and information engineering",Data analytics and signal processing,Signal processing for security and privacy
RDF2030311,RDF20-21,RDF203,RDF20303,RDF2030311,Engineering and technology,"Electrical engineering, computer engineering, and information engineering",Data analytics and signal processing,Radar and sonar signal processing
RDF2030312,RDF20-21,RDF203,RDF20303,RDF2030312,Engineering and technology,"Electrical engineering, computer engineering, and information engineering",Data analytics and signal processing,Remote sensing of signal processing
RDF2030313,RDF20-21,RDF203,RDF20303,RDF2030313,Engineering and technology,"Electrical engineering, computer engineering, and information engineering",Data analytics and signal processing,Signal processing modelling and simulation systems
RDF2030314,RDF20-21,RDF203,RDF20303,RDF2030314,Engineering and technology,"Electrical engineering, computer engineering, and information engineering",Data analytics and signal processing,Signal processing theory
RDF2030399,RDF20-21,RDF203,RDF20303,RDF2030399,Engineering and technology,"Electrical engineering, computer engineering, and information engineering",Data analytics and signal processing,"Data analytics and signal processing, n.e.c."
RDF20304,RDF20-21,RDF203,RDF20304,,Engineering and technology,"Electrical engineering, computer engineering, and information engineering",Electrical energy systems,
RDF2030401,RDF20-21,RDF203,RDF20304,RDF2030401,Engineering and technology,"Electrical engineering, computer engineering, and information engineering",Electrical energy systems,Power dynamics and control systems
RDF2030402,RDF20-21,RDF203,RDF20304,RDF2030402,Engineering and technology,"Electrical engineering, computer engineering, and information engineering",Electrical energy systems,Power electronics
RDF2030403,RDF20-21,RDF203,RDF20304,RDF2030403,Engineering and technology,"Electrical engineering, computer engineering, and information engineering",Electrical energy systems,Renewable energy systems (except smart systems engineering)
RDF2030404,RDF20-21,RDF203,RDF20304,RDF2030404,Engineering and technology,"Electrical engineering, computer engineering, and information engineering",Electrical energy systems,Power quality
RDF2030405,RDF20-21,RDF203,RDF20304,RDF2030405,Engineering and technology,"Electrical engineering, computer engineering, and information engineering",Electrical energy systems,Energy storage
RDF2030406,RDF20-21,RDF203,RDF20304,RDF2030406,Engineering and technology,"Electrical engineering, computer engineering, and information engineering",Electrical energy systems,Smart power grids
RDF2030407,RDF20-21,RDF203,RDF20304,RDF2030407,Engineering and technology,"Electrical engineering, computer engineering, and information engineering",Electrical energy systems,Power system operation
RDF2030408,RDF20-21,RDF203,RDF20304,RDF2030408,Engineering and technology,"Electrical engineering, computer engineering, and information engineering",Electrical energy systems,Power system protection
RDF2030409,RDF20-21,RDF203,RDF20304,RDF2030409,Engineering and technology,"Electrical engineering, computer engineering, and information engineering",Electrical energy systems,Electric machines and drive systems
RDF2030410,RDF20-21,RDF203,RDF20304,RDF2030410,Engineering and technology,"Electrical engineering, computer engineering, and information engineering",Electrical energy systems,High-Voltage DC (HVDC) systems
RDF2030411,RDF20-21,RDF203,RDF20304,RDF2030411,Engineering and technology,"Electrical engineering, computer engineering, and information engineering",Electrical energy systems,Power distribution systems
RDF2030499,RDF20-21,RDF203,RDF20304,RDF2030499,Engineering and technology,"Electrical engineering, computer engineering, and information engineering",Electrical energy systems,"Electrical energy systems, n.e.c."
RDF20305,RDF20-21,RDF203,RDF20305,,Engineering and technology,"Electrical engineering, computer engineering, and information engineering","Electromagnetics, photonics and optics",
RDF2030501,RDF20-21,RDF203,RDF20305,RDF2030501,Engineering and technology,"Electrical engineering, computer engineering, and information engineering","Electromagnetics, photonics and optics",Electricity and magnetism theory
RDF2030502,RDF20-21,RDF203,RDF20305,RDF2030502,Engineering and technology,"Electrical engineering, computer engineering, and information engineering","Electromagnetics, photonics and optics",Applied electromagnetics
RDF2030503,RDF20-21,RDF203,RDF20305,RDF2030503,Engineering and technology,"Electrical engineering, computer engineering, and information engineering","Electromagnetics, photonics and optics",Numerical methods in electromagnetics
RDF2030504,RDF20-21,RDF203,RDF20305,RDF2030504,Engineering and technology,"Electrical engineering, computer engineering, and information engineering","Electromagnetics, photonics and optics",Microwave theory and techniques
RDF2030505,RDF20-21,RDF203,RDF20305,RDF2030505,Engineering and technology,"Electrical engineering, computer engineering, and information engineering","Electromagnetics, photonics and optics",Instruments and circuits for RF microwave and millimeter wave
RDF2030506,RDF20-21,RDF203,RDF20305,RDF2030506,Engineering and technology,"Electrical engineering, computer engineering, and information engineering","Electromagnetics, photonics and optics",Terahertz studies
RDF2030507,RDF20-21,RDF203,RDF20305,RDF2030507,Engineering and technology,"Electrical engineering, computer engineering, and information engineering","Electromagnetics, photonics and optics",Antennas and propagation
RDF2030508,RDF20-21,RDF203,RDF20305,RDF2030508,Engineering and technology,"Electrical engineering, computer engineering, and information engineering","Electromagnetics, photonics and optics",Radar theory and applications
RDF2030509,RDF20-21,RDF203,RDF20305,RDF2030509,Engineering and technology,"Electrical engineering, computer engineering, and information engineering","Electromagnetics, photonics and optics",Metamaterials and metasurfaces sciences
RDF2030510,RDF20-21,RDF203,RDF20305,RDF2030510,Engineering and technology,"Electrical engineering, computer engineering, and information engineering","Electromagnetics, photonics and optics",Photonics and electro-optical engineering
RDF2030511,RDF20-21,RDF203,RDF20305,RDF2030511,Engineering and technology,"Electrical engineering, computer engineering, and information engineering","Electromagnetics, photonics and optics",Optoelectronics
RDF2030512,RDF20-21,RDF203,RDF20305,RDF2030512,Engineering and technology,"Electrical engineering, computer engineering, and information engineering","Electromagnetics, photonics and optics",Integrated optics
RDF2030513,RDF20-21,RDF203,RDF20305,RDF2030513,Engineering and technology,"Electrical engineering, computer engineering, and information engineering","Electromagnetics, photonics and optics",Applied optics
RDF2030514,RDF20-21,RDF203,RDF20305,RDF2030514,Engineering and technology,"Electrical engineering, computer engineering, and information engineering","Electromagnetics, photonics and optics",Optical spectroscopy
RDF2030515,RDF20-21,RDF203,RDF20305,RDF2030515,Engineering and technology,"Electrical engineering, computer engineering, and information engineering","Electromagnetics, photonics and optics",Semiconductor devices
RDF2030516,RDF20-21,RDF203,RDF20305,RDF2030516,Engineering and technology,"Electrical engineering, computer engineering, and information engineering","Electromagnetics, photonics and optics",Optical instrumentation (including sensing and metrology)
RDF2030517,RDF20-21,RDF203,RDF20305,RDF2030517,Engineering and technology,"Electrical engineering, computer engineering, and information engineering","Electromagnetics, photonics and optics",Optical signal processing
RDF2030518,RDF20-21,RDF203,RDF20305,RDF2030518,Engineering and technology,"Electrical engineering, computer engineering, and information engineering","Electromagnetics, photonics and optics",Quantum photonics
RDF2030519,RDF20-21,RDF203,RDF20305,RDF2030519,Engineering and technology,"Electrical engineering, computer engineering, and information engineering","Electromagnetics, photonics and optics",Optical and data communications
RDF2030520,RDF20-21,RDF203,RDF20305,RDF2030520,Engineering and technology,"Electrical engineering, computer engineering, and information engineering","Electromagnetics, photonics and optics",Fiber optics
RDF2030521,RDF20-21,RDF203,RDF20305,RDF2030521,Engineering and technology,"Electrical engineering, computer engineering, and information engineering","Electromagnetics, photonics and optics",Nonlinear optics
RDF2030522,RDF20-21,RDF203,RDF20305,RDF2030522,Engineering and technology,"Electrical engineering, computer engineering, and information engineering","Electromagnetics, photonics and optics",Ultrafast optics
RDF2030599,RDF20-21,RDF203,RDF20305,RDF2030599,Engineering and technology,"Electrical engineering, computer engineering, and information engineering","Electromagnetics, photonics and optics","Electromagnetics, photonics and optics, n.e.c."
RDF20306,RDF20-21,RDF203,RDF20306,,Engineering and technology,"Electrical engineering, computer engineering, and information engineering",Electronics,
RDF2030601,RDF20-21,RDF203,RDF20306,RDF2030601,Engineering and technology,"Electrical engineering, computer engineering, and information engineering",Electronics,Electrical circuits
RDF2030602,RDF20-21,RDF203,RDF20306,RDF2030602,Engineering and technology,"Electrical engineering, computer engineering, and information engineering",Electronics,Microelectronic devices
RDF2030603,RDF20-21,RDF203,RDF20306,RDF2030603,Engineering and technology,"Electrical engineering, computer engineering, and information engineering",Electronics,Circuits and systems
RDF2030604,RDF20-21,RDF203,RDF20306,RDF2030604,Engineering and technology,"Electrical engineering, computer engineering, and information engineering",Electronics,Mixed-signal integrated circuits
RDF2030605,RDF20-21,RDF203,RDF20306,RDF2030605,Engineering and technology,"Electrical engineering, computer engineering, and information engineering",Electronics,Very large-scale integrated circuits
RDF2030606,RDF20-21,RDF203,RDF20306,RDF2030606,Engineering and technology,"Electrical engineering, computer engineering, and information engineering",Electronics,Modeling techniques in electronics
RDF2030607,RDF20-21,RDF203,RDF20306,RDF2030607,Engineering and technology,"Electrical engineering, computer engineering, and information engineering",Electronics,Microelectronics and integrated circuits
RDF2030608,RDF20-21,RDF203,RDF20306,RDF2030608,Engineering and technology,"Electrical engineering, computer engineering, and information engineering",Electronics,Industrial electronics
RDF2030609,RDF20-21,RDF203,RDF20306,RDF2030609,Engineering and technology,"Electrical engineering, computer engineering, and information engineering",Electronics,Microfabrication techniques in electronics
RDF2030610,RDF20-21,RDF203,RDF20306,RDF2030610,Engineering and technology,"Electrical engineering, computer engineering, and information engineering",Electronics,Thin films
RDF2030611,RDF20-21,RDF203,RDF20306,RDF2030611,Engineering and technology,"Electrical engineering, computer engineering, and information engineering",Electronics,Lab-on-a-chip (LOC) technologies
RDF2030612,RDF20-21,RDF203,RDF20306,RDF2030612,Engineering and technology,"Electrical engineering, computer engineering, and information engineering",Electronics,Microelectrical mechanical systems and microsystems design
RDF2030613,RDF20-21,RDF203,RDF20306,RDF2030613,Engineering and technology,"Electrical engineering, computer engineering, and information engineering",Electronics,Quantum electronics
RDF2030614,RDF20-21,RDF203,RDF20306,RDF2030614,Engineering and technology,"Electrical engineering, computer engineering, and information engineering",Electronics,Biomedical electronics
RDF2030615,RDF20-21,RDF203,RDF20306,RDF2030615,Engineering and technology,"Electrical engineering, computer engineering, and information engineering",Electronics,Sensory electronics
RDF2030616,RDF20-21,RDF203,RDF20306,RDF2030616,Engineering and technology,"Electrical engineering, computer engineering, and information engineering",Electronics,Power semiconductor devices and packaging
RDF2030617,RDF20-21,RDF203,RDF20306,RDF2030617,Engineering and technology,"Electrical engineering, computer engineering, and information engineering",Electronics,Semiconductor and atomic-scale electronic devices
RDF2030618,RDF20-21,RDF203,RDF20306,RDF2030618,Engineering and technology,"Electrical engineering, computer engineering, and information engineering",Electronics,Semiconductor and superconducting qubits
RDF2030619,RDF20-21,RDF203,RDF20306,RDF2030619,Engineering and technology,"Electrical engineering, computer engineering, and information engineering",Electronics,Power management integrated circuits
RDF2030620,RDF20-21,RDF203,RDF20306,RDF2030620,Engineering and technology,"Electrical engineering, computer engineering, and information engineering",Electronics,Analog and mixed-signal VLSI computing
RDF2030621,RDF20-21,RDF203,RDF20306,RDF2030621,Engineering and technology,"Electrical engineering, computer engineering, and information engineering",Electronics,Machine learning accelerators
RDF2030622,RDF20-21,RDF203,RDF20306,RDF2030622,Engineering and technology,"Electrical engineering, computer engineering, and information engineering",Electronics,Electro-optic integrated circuits
RDF2030623,RDF20-21,RDF203,RDF20306,RDF2030623,Engineering and technology,"Electrical engineering, computer engineering, and information engineering",Electronics,"Radio, radar, and mm-wave sensor integrated circuits"
RDF2030624,RDF20-21,RDF203,RDF20306,RDF2030624,Engineering and technology,"Electrical engineering, computer engineering, and information engineering",Electronics,Cryogenic control electronics for quantum processors
RDF2030699,RDF20-21,RDF203,RDF20306,RDF2030699,Engineering and technology,"Electrical engineering, computer engineering, and information engineering",Electronics,"Electronics, n.e.c."
RDF20307,RDF20-21,RDF203,RDF20307,,Engineering and technology,"Electrical engineering, computer engineering, and information engineering",Systems control and automation,
RDF2030701,RDF20-21,RDF203,RDF20307,RDF2030701,Engineering and technology,"Electrical engineering, computer engineering, and information engineering",Systems control and automation,Nonlinear and hybrid control systems
RDF2030702,RDF20-21,RDF203,RDF20307,RDF2030702,Engineering and technology,"Electrical engineering, computer engineering, and information engineering",Systems control and automation,Game theory and optimal control
RDF2030703,RDF20-21,RDF203,RDF20307,RDF2030703,Engineering and technology,"Electrical engineering, computer engineering, and information engineering",Systems control and automation,Discrete-event systems
RDF2030704,RDF20-21,RDF203,RDF20307,RDF2030704,Engineering and technology,"Electrical engineering, computer engineering, and information engineering",Systems control and automation,Systems biology and control
RDF2030705,RDF20-21,RDF203,RDF20307,RDF2030705,Engineering and technology,"Electrical engineering, computer engineering, and information engineering",Systems control and automation,Control with complex specifications
RDF2030706,RDF20-21,RDF203,RDF20307,RDF2030706,Engineering and technology,"Electrical engineering, computer engineering, and information engineering",Systems control and automation,Motion control of robots
RDF2030707,RDF20-21,RDF203,RDF20307,RDF2030707,Engineering and technology,"Electrical engineering, computer engineering, and information engineering",Systems control and automation,Distributed control and estimation
RDF2030708,RDF20-21,RDF203,RDF20307,RDF2030708,Engineering and technology,"Electrical engineering, computer engineering, and information engineering",Systems control and automation,Networked control systems
RDF2030709,RDF20-21,RDF203,RDF20307,RDF2030709,Engineering and technology,"Electrical engineering, computer engineering, and information engineering",Systems control and automation,"Data-driven estimation, optimization, and control"
RDF2030710,RDF20-21,RDF203,RDF20307,RDF2030710,Engineering and technology,"Electrical engineering, computer engineering, and information engineering",Systems control and automation,Fault-tolerant control
RDF2030799,RDF20-21,RDF203,RDF20307,RDF2030799,Engineering and technology,"Electrical engineering, computer engineering, and information engineering",Systems control and automation,"Systems controls and automation, n.e.c."
RDF204,RDF20-21,RDF204,,,Engineering and technology,Mechanical engineering,,
RDF20401,RDF20-21,RDF204,RDF20401,,Engineering and technology,Mechanical engineering,Aerospace engineering,
RDF2040101,RDF20-21,RDF204,RDF20401,RDF2040101,Engineering and technology,Mechanical engineering,Aerospace engineering,Aerodynamics (except hypersonic aerodynamics)
RDF2040102,RDF20-21,RDF204,RDF20401,RDF2040102,Engineering and technology,Mechanical engineering,Aerospace engineering,Aerospace materials
RDF2040103,RDF20-21,RDF204,RDF20401,RDF2040103,Engineering and technology,Mechanical engineering,Aerospace engineering,Aerospace structures
RDF2040104,RDF20-21,RDF204,RDF20401,RDF2040104,Engineering and technology,Mechanical engineering,Aerospace engineering,Aircraft performance and flight control systems
RDF2040105,RDF20-21,RDF204,RDF20401,RDF2040105,Engineering and technology,Mechanical engineering,Aerospace engineering,Avionics
RDF2040106,RDF20-21,RDF204,RDF20401,RDF2040106,Engineering and technology,Mechanical engineering,Aerospace engineering,Flight dynamics
RDF2040107,RDF20-21,RDF204,RDF20401,RDF2040107,Engineering and technology,Mechanical engineering,Aerospace engineering,Hypersonic propulsion and hypersonic aerodynamics
RDF2040108,RDF20-21,RDF204,RDF20401,RDF2040108,Engineering and technology,Mechanical engineering,Aerospace engineering,"Satellites, space vehicles and missiles design and testing"
RDF2040109,RDF20-21,RDF204,RDF20401,RDF2040109,Engineering and technology,Mechanical engineering,Aerospace engineering,Aerospace systems design
RDF2040199,RDF20-21,RDF204,RDF20401,RDF2040199,Engineering and technology,Mechanical engineering,Aerospace engineering,"Aerospace engineering, n.e.c."
RDF20402,RDF20-21,RDF204,RDF20402,,Engineering and technology,Mechanical engineering,Automotive engineering,
RDF2040201,RDF20-21,RDF204,RDF20402,RDF2040201,Engineering and technology,Mechanical engineering,Automotive engineering,Automotive combustion and fuel engineering (including alternative and renewable fuels)
RDF2040202,RDF20-21,RDF204,RDF20402,RDF2040202,Engineering and technology,Mechanical engineering,Automotive engineering,Automotive engineering materials
RDF2040203,RDF20-21,RDF204,RDF20402,RDF2040203,Engineering and technology,Mechanical engineering,Automotive engineering,Automotive mechatronics
RDF2040204,RDF20-21,RDF204,RDF20402,RDF2040204,Engineering and technology,Mechanical engineering,Automotive engineering,Automotive safety engineering
RDF2040205,RDF20-21,RDF204,RDF20402,RDF2040205,Engineering and technology,Mechanical engineering,Automotive engineering,Hybrid vehicles and powertrains
RDF2040206,RDF20-21,RDF204,RDF20402,RDF2040206,Engineering and technology,Mechanical engineering,Automotive engineering,Autonomous vehicles (except systems infrastructures)
RDF2040299,RDF20-21,RDF204,RDF20402,RDF2040299,Engineering and technology,Mechanical engineering,Automotive engineering,"Automotive engineering, n.e.c."
RDF20403,RDF20-21,RDF204,RDF20403,,Engineering and technology,Mechanical engineering,Manufacturing engineering,
RDF2040301,RDF20-21,RDF204,RDF20403,RDF2040301,Engineering and technology,Mechanical engineering,Manufacturing engineering,Computer-aided design (CAD) and computer-aided manufacturing (CAM) systems
RDF2040302,RDF20-21,RDF204,RDF20403,RDF2040302,Engineering and technology,Mechanical engineering,Manufacturing engineering,Flexible manufacturing systems
RDF2040303,RDF20-21,RDF204,RDF20403,RDF2040303,Engineering and technology,Mechanical engineering,Manufacturing engineering,Machine tools
RDF2040304,RDF20-21,RDF204,RDF20403,RDF2040304,Engineering and technology,Mechanical engineering,Manufacturing engineering,Machining
RDF2040305,RDF20-21,RDF204,RDF20403,RDF2040305,Engineering and technology,Mechanical engineering,Manufacturing engineering,Manufacturing management
RDF2040306,RDF20-21,RDF204,RDF20403,RDF2040306,Engineering and technology,Mechanical engineering,Manufacturing engineering,Manufacturing processes and technologies (except textiles)
RDF2040307,RDF20-21,RDF204,RDF20403,RDF2040307,Engineering and technology,Mechanical engineering,Manufacturing engineering,Mechatronics (except automotive mechatronics)
RDF2040308,RDF20-21,RDF204,RDF20403,RDF2040308,Engineering and technology,Mechanical engineering,Manufacturing engineering,Manufacturing safety and quality
RDF2040309,RDF20-21,RDF204,RDF20403,RDF2040309,Engineering and technology,Mechanical engineering,Manufacturing engineering,Microtechnology
RDF2040310,RDF20-21,RDF204,RDF20403,RDF2040310,Engineering and technology,Mechanical engineering,Manufacturing engineering,"Packaging, storage and transportation (except food and agricultural products)"
RDF2040311,RDF20-21,RDF204,RDF20403,RDF2040311,Engineering and technology,Mechanical engineering,Manufacturing engineering,Precision engineering
RDF2040312,RDF20-21,RDF204,RDF20403,RDF2040312,Engineering and technology,Mechanical engineering,Manufacturing engineering,Textile manufacturing processes and technologies
RDF2040313,RDF20-21,RDF204,RDF20403,RDF2040313,Engineering and technology,Mechanical engineering,Manufacturing engineering,Industrial design in manufacturing engineering
RDF2040399,RDF20-21,RDF204,RDF20403,RDF2040399,Engineering and technology,Mechanical engineering,Manufacturing engineering,"Manufacturing engineering, n.e.c."
RDF20499,RDF20-21,RDF204,RDF20499,,Engineering and technology,Mechanical engineering,Other mechanical engineering,
RDF2049901,RDF20-21,RDF204,RDF20499,RDF2049901,Engineering and technology,Mechanical engineering,Other mechanical engineering,Acoustics and noise control (except architectural acoustics)
RDF2049902,RDF20-21,RDF204,RDF20499,RDF2049902,Engineering and technology,Mechanical engineering,Other mechanical engineering,Automation and control engineering
RDF2049903,RDF20-21,RDF204,RDF20499,RDF2049903,Engineering and technology,Mechanical engineering,Other mechanical engineering,"Dynamics, vibration and vibration control"
RDF2049904,RDF20-21,RDF204,RDF20499,RDF2049904,Engineering and technology,Mechanical engineering,Other mechanical engineering,Microelectromechanical systems (MEMS)
RDF2049905,RDF20-21,RDF204,RDF20499,RDF2049905,Engineering and technology,Mechanical engineering,Other mechanical engineering,Numerical modelling and mechanical characterisation
RDF2049906,RDF20-21,RDF204,RDF20499,RDF2049906,Engineering and technology,Mechanical engineering,Other mechanical engineering,Solid mechanics
RDF2049907,RDF20-21,RDF204,RDF20499,RDF2049907,Engineering and technology,Mechanical engineering,Other mechanical engineering,Tribology
RDF2049908,RDF20-21,RDF204,RDF20499,RDF2049908,Engineering and technology,Mechanical engineering,Other mechanical engineering,Fluidization and fluid mechanics
RDF2049909,RDF20-21,RDF204,RDF20499,RDF2049909,Engineering and technology,Mechanical engineering,Other mechanical engineering,Heat and mass transfer operations
RDF2049910,RDF20-21,RDF204,RDF20499,RDF2049910,Engineering and technology,Mechanical engineering,Other mechanical engineering,Fluid-structure interaction
RDF2049911,RDF20-21,RDF204,RDF20499,RDF2049911,Engineering and technology,Mechanical engineering,Other mechanical engineering,"Mechanical characterization (including modeling, testing, and monitoring)"
RDF2049999,RDF20-21,RDF204,RDF20499,RDF2049999,Engineering and technology,Mechanical engineering,Other mechanical engineering,"Other mechanical engineering, n.e.c."
RDF205,RDF20-21,RDF205,,,Engineering and technology,Chemical engineering,,
RDF20501,RDF20-21,RDF205,RDF20501,,Engineering and technology,Chemical engineering,Chemical engineering,
RDF2050101,RDF20-21,RDF205,RDF20501,RDF2050101,Engineering and technology,Chemical engineering,Chemical engineering,Carbon capture engineering
RDF2050102,RDF20-21,RDF205,RDF20501,RDF2050102,Engineering and technology,Chemical engineering,Chemical engineering,Catalytic process engineering
RDF2050103,RDF20-21,RDF205,RDF20501,RDF2050103,Engineering and technology,Chemical engineering,Chemical engineering,Chemical engineering design
RDF2050104,RDF20-21,RDF205,RDF20501,RDF2050104,Engineering and technology,Chemical engineering,Chemical engineering,Membrane and other separation technologies
RDF2050105,RDF20-21,RDF205,RDF20501,RDF2050105,Engineering and technology,Chemical engineering,Chemical engineering,Non-automotive combustion engineering (including alternative and renewable fuels)
RDF2050106,RDF20-21,RDF205,RDF20501,RDF2050106,Engineering and technology,Chemical engineering,Chemical engineering,Fuel engineering (including renewable)
RDF2050107,RDF20-21,RDF205,RDF20501,RDF2050107,Engineering and technology,Chemical engineering,Chemical engineering,Powder and particle technology
RDF2050108,RDF20-21,RDF205,RDF20501,RDF2050108,Engineering and technology,Chemical engineering,Chemical engineering,Process control and simulation in chemical engineering
RDF2050109,RDF20-21,RDF205,RDF20501,RDF2050109,Engineering and technology,Chemical engineering,Chemical engineering,Rheology
RDF2050110,RDF20-21,RDF205,RDF20501,RDF2050110,Engineering and technology,Chemical engineering,Chemical engineering,Petroleum and reservoir engineering
RDF2050111,RDF20-21,RDF205,RDF20501,RDF2050111,Engineering and technology,Chemical engineering,Chemical engineering,Biochemical engineering
RDF2050112,RDF20-21,RDF205,RDF20501,RDF2050112,Engineering and technology,Chemical engineering,Chemical engineering,Reaction fundamentals and reactor design
RDF2050199,RDF20-21,RDF205,RDF20501,RDF2050199,Engineering and technology,Chemical engineering,Chemical engineering,"Chemical engineering, n.e.c."
RDF206,RDF20-21,RDF206,,,Engineering and technology,Materials engineering and resources engineering,,
RDF20601,RDF20-21,RDF206,RDF20601,,Engineering and technology,Materials engineering and resources engineering,Materials engineering,
RDF2060101,RDF20-21,RDF206,RDF20601,RDF2060101,Engineering and technology,Materials engineering and resources engineering,Materials engineering,Ceramics engineering
RDF2060102,RDF20-21,RDF206,RDF20601,RDF2060102,Engineering and technology,Materials engineering and resources engineering,Materials engineering,Composite and hybrid materials
RDF2060103,RDF20-21,RDF206,RDF20601,RDF2060103,Engineering and technology,Materials engineering and resources engineering,Materials engineering,Compound semiconductors
RDF2060104,RDF20-21,RDF206,RDF20601,RDF2060104,Engineering and technology,Materials engineering and resources engineering,Materials engineering,Elemental semiconductors
RDF2060105,RDF20-21,RDF206,RDF20601,RDF2060105,Engineering and technology,Materials engineering and resources engineering,Materials engineering,Functional materials in materials engineering sciences
RDF2060106,RDF20-21,RDF206,RDF20601,RDF2060106,Engineering and technology,Materials engineering and resources engineering,Materials engineering,Glass engineering
RDF2060107,RDF20-21,RDF206,RDF20601,RDF2060107,Engineering and technology,Materials engineering and resources engineering,Materials engineering,Metals and alloy materials engineering
RDF2060108,RDF20-21,RDF206,RDF20601,RDF2060108,Engineering and technology,Materials engineering and resources engineering,Materials engineering,Organic semiconductors
RDF2060109,RDF20-21,RDF206,RDF20601,RDF2060109,Engineering and technology,Materials engineering and resources engineering,Materials engineering,Polymers and plastics engineering
RDF2060110,RDF20-21,RDF206,RDF20601,RDF2060110,Engineering and technology,Materials engineering and resources engineering,Materials engineering,"Timber, pulp and paper engineering"
RDF2060111,RDF20-21,RDF206,RDF20601,RDF2060111,Engineering and technology,Materials engineering and resources engineering,Materials engineering,Methods of synthesis and growth of materials
RDF2060112,RDF20-21,RDF206,RDF20601,RDF2060112,Engineering and technology,Materials engineering and resources engineering,Materials engineering,Elaboration and characterizations of thin and ultrathin layers
RDF2060113,RDF20-21,RDF206,RDF20601,RDF2060113,Engineering and technology,Materials engineering and resources engineering,Materials engineering,Relation micro-nanostructure and properties
RDF2060114,RDF20-21,RDF206,RDF20601,RDF2060114,Engineering and technology,Materials engineering and resources engineering,Materials engineering,Structure property relationships modelling of thin layers
RDF2060115,RDF20-21,RDF206,RDF20601,RDF2060115,Engineering and technology,Materials engineering and resources engineering,Materials engineering,"Nanoparticle synthesis, properties and applications"
RDF2060116,RDF20-21,RDF206,RDF20601,RDF2060116,Engineering and technology,Materials engineering and resources engineering,Materials engineering,"Electrical, optical, catalytic and magnetic properties of thin layers"
RDF2060199,RDF20-21,RDF206,RDF20601,RDF2060199,Engineering and technology,Materials engineering and resources engineering,Materials engineering,"Materials engineering, n.e.c."
RDF20602,RDF20-21,RDF206,RDF20602,,Engineering and technology,Materials engineering and resources engineering,Resources engineering and extractive metallurgy,
RDF2060201,RDF20-21,RDF206,RDF20602,RDF2060201,Engineering and technology,Materials engineering and resources engineering,Resources engineering and extractive metallurgy,Electrometallurgy
RDF2060202,RDF20-21,RDF206,RDF20602,RDF2060202,Engineering and technology,Materials engineering and resources engineering,Resources engineering and extractive metallurgy,Hydrometallurgy
RDF2060203,RDF20-21,RDF206,RDF20602,RDF2060203,Engineering and technology,Materials engineering and resources engineering,Resources engineering and extractive metallurgy,Mineral processing and beneficiation
RDF2060204,RDF20-21,RDF206,RDF20602,RDF2060204,Engineering and technology,Materials engineering and resources engineering,Resources engineering and extractive metallurgy,Pyrometallurgy
RDF2060299,RDF20-21,RDF206,RDF20602,RDF2060299,Engineering and technology,Materials engineering and resources engineering,Resources engineering and extractive metallurgy,"Resources engineering and extractive metallurgy, n.e.c."
RDF207,RDF20-21,RDF207,,,Engineering and technology,Medical and biomedical engineering,,
RDF20701,RDF20-21,RDF207,RDF20701,,Engineering and technology,Medical and biomedical engineering,Medical and biomedical engineering,
RDF2070101,RDF20-21,RDF207,RDF20701,RDF2070101,Engineering and technology,Medical and biomedical engineering,Medical and biomedical engineering,Biomedical materials
RDF2070102,RDF20-21,RDF207,RDF20701,RDF2070102,Engineering and technology,Medical and biomedical engineering,Medical and biomedical engineering,Biomechanical engineering
RDF2070103,RDF20-21,RDF207,RDF20701,RDF2070103,Engineering and technology,Medical and biomedical engineering,Medical and biomedical engineering,Biomedical instrumentation (including diagnostics)
RDF2070104,RDF20-21,RDF207,RDF20701,RDF2070104,Engineering and technology,Medical and biomedical engineering,Medical and biomedical engineering,Medical devices
RDF2070105,RDF20-21,RDF207,RDF20701,RDF2070105,Engineering and technology,Medical and biomedical engineering,Medical and biomedical engineering,Rehabilitation engineering (except assistive technologies)
RDF2070106,RDF20-21,RDF207,RDF20701,RDF2070106,Engineering and technology,Medical and biomedical engineering,Medical and biomedical engineering,Artificial tissues engineering
RDF2070107,RDF20-21,RDF207,RDF20701,RDF2070107,Engineering and technology,Medical and biomedical engineering,Medical and biomedical engineering,Biomedical signal processing
RDF2070108,RDF20-21,RDF207,RDF20701,RDF2070108,Engineering and technology,Medical and biomedical engineering,Medical and biomedical engineering,Biomedical robotics
RDF2070109,RDF20-21,RDF207,RDF20701,RDF2070109,Engineering and technology,Medical and biomedical engineering,Medical and biomedical engineering,Image guided surgery systems
RDF2070199,RDF20-21,RDF207,RDF20701,RDF2070199,Engineering and technology,Medical and biomedical engineering,Medical and biomedical engineering,"Medical and biomedical engineering, n.e.c."
RDF208,RDF20-21,RDF208,,,Engineering and technology,Environmental engineering and related engineering,,
RDF20801,RDF20-21,RDF208,RDF20801,,Engineering and technology,Environmental engineering and related engineering,Environmental engineering,
RDF2080101,RDF20-21,RDF208,RDF20801,RDF2080101,Engineering and technology,Environmental engineering and related engineering,Environmental engineering,Residual materials management
RDF2080102,RDF20-21,RDF208,RDF20801,RDF2080102,Engineering and technology,Environmental engineering and related engineering,Environmental engineering,Product life cycle
RDF2080103,RDF20-21,RDF208,RDF20801,RDF2080103,Engineering and technology,Environmental engineering and related engineering,Environmental engineering,Environmental impacts
RDF2080104,RDF20-21,RDF208,RDF20801,RDF2080104,Engineering and technology,Environmental engineering and related engineering,Environmental engineering,Bioremediation and soil restoration
RDF2080105,RDF20-21,RDF208,RDF20801,RDF2080105,Engineering and technology,Environmental engineering and related engineering,Environmental engineering,Wastewater treatment (including water treatment processes)
RDF2080106,RDF20-21,RDF208,RDF20801,RDF2080106,Engineering and technology,Environmental engineering and related engineering,Environmental engineering,Water quality engineering
RDF2080107,RDF20-21,RDF208,RDF20801,RDF2080107,Engineering and technology,Environmental engineering and related engineering,Environmental engineering,Waste management (including agricultural waste)
RDF2080199,RDF20-21,RDF208,RDF20801,RDF2080199,Engineering and technology,Environmental engineering and related engineering,Environmental engineering,"Environmental engineering, n.e.c."
RDF20802,RDF20-21,RDF208,RDF20802,,Engineering and technology,Environmental engineering and related engineering,Geomatics engineering,
RDF2080201,RDF20-21,RDF208,RDF20802,RDF2080201,Engineering and technology,Environmental engineering and related engineering,Geomatics engineering,Cartography
RDF2080202,RDF20-21,RDF208,RDF20802,RDF2080202,Engineering and technology,Environmental engineering and related engineering,Geomatics engineering,Geospatial information systems
RDF2080203,RDF20-21,RDF208,RDF20802,RDF2080203,Engineering and technology,Environmental engineering and related engineering,Geomatics engineering,Navigation and position fixing
RDF2080204,RDF20-21,RDF208,RDF20802,RDF2080204,Engineering and technology,Environmental engineering and related engineering,Geomatics engineering,Remote sensing in geomatics and photogrammetry
RDF2080205,RDF20-21,RDF208,RDF20802,RDF2080205,Engineering and technology,Environmental engineering and related engineering,Geomatics engineering,Geomatic surveying (including hydrographic surveying)
RDF2080299,RDF20-21,RDF208,RDF20802,RDF2080299,Engineering and technology,Environmental engineering and related engineering,Geomatics engineering,"Geomatics engineering, n.e.c."
RDF20899,RDF20-21,RDF208,RDF20899,,Engineering and technology,Environmental engineering and related engineering,Other environmental engineering and related engineering,
RDF2089999,RDF20-21,RDF208,RDF20899,RDF2089999,Engineering and technology,Environmental engineering and related engineering,Other environmental engineering and related engineering,Other environmental engineering and related engineering
RDF209,RDF20-21,RDF209,,,Engineering and technology,Environmental biotechnology,,
RDF20901,RDF20-21,RDF209,RDF20901,,Engineering and technology,Environmental biotechnology,Environmental biotechnology,
RDF2090101,RDF20-21,RDF209,RDF20901,RDF2090101,Engineering and technology,Environmental biotechnology,Environmental biotechnology,Biodiscovery
RDF2090102,RDF20-21,RDF209,RDF20901,RDF2090102,Engineering and technology,Environmental biotechnology,Environmental biotechnology,Biological control
RDF2090103,RDF20-21,RDF209,RDF20901,RDF2090103,Engineering and technology,Environmental biotechnology,Environmental biotechnology,Bioremediation
RDF2090104,RDF20-21,RDF209,RDF20901,RDF2090104,Engineering and technology,Environmental biotechnology,Environmental biotechnology,Environmental biotechnology diagnostics (including biosensors)
RDF2090105,RDF20-21,RDF209,RDF20901,RDF2090105,Engineering and technology,Environmental biotechnology,Environmental biotechnology,Environmental marine biotechnology
RDF2090106,RDF20-21,RDF209,RDF20901,RDF2090106,Engineering and technology,Environmental biotechnology,Environmental biotechnology,Environmental molecular engineering of nucleic acids and proteins
RDF2090199,RDF20-21,RDF209,RDF20901,RDF2090199,Engineering and technology,Environmental biotechnology,Environmental biotechnology,"Environmental biotechnology, n.e.c."
RDF210,RDF20-21,RDF210,,,Engineering and technology,Industrial biotechnology,,
RDF21001,RDF20-21,RDF210,RDF21001,,Engineering and technology,Industrial biotechnology,Industrial biotechnology,
RDF2100101,RDF20-21,RDF210,RDF21001,RDF2100101,Engineering and technology,Industrial biotechnology,Industrial biotechnology,Biocatalysis and enzyme technology
RDF2100102,RDF20-21,RDF210,RDF21001,RDF2100102,Engineering and technology,Industrial biotechnology,Industrial biotechnology,"Bioprocessing, bioproduction and bioproducts"
RDF2100103,RDF20-21,RDF210,RDF21001,RDF2100103,Engineering and technology,Industrial biotechnology,Industrial biotechnology,Fermentation biotechnology
RDF2100104,RDF20-21,RDF210,RDF21001,RDF2100104,Engineering and technology,Industrial biotechnology,Industrial biotechnology,Industrial biotechnology diagnostics (including biosensors)
RDF2100105,RDF20-21,RDF210,RDF21001,RDF2100105,Engineering and technology,Industrial biotechnology,Industrial biotechnology,Industrial microbiology (including biofeedstocks)
RDF2100106,RDF20-21,RDF210,RDF21001,RDF2100106,Engineering and technology,Industrial biotechnology,Industrial biotechnology,Industrial molecular engineering of nucleic acids and proteins
RDF2100199,RDF20-21,RDF210,RDF21001,RDF2100199,Engineering and technology,Industrial biotechnology,Industrial biotechnology,"Industrial biotechnology, n.e.c."
RDF211,RDF20-21,RDF211,,,Engineering and technology,Nano-technology,,
RDF21101,RDF20-21,RDF211,RDF21101,,Engineering and technology,Nano-technology,Nano-technology,
RDF2110101,RDF20-21,RDF211,RDF21101,RDF2110101,Engineering and technology,Nano-technology,Nano-technology,Environmental nanotechnology
RDF2110102,RDF20-21,RDF211,RDF21101,RDF2110102,Engineering and technology,Nano-technology,Nano-technology,Nanobiotechnology
RDF2110103,RDF20-21,RDF211,RDF21101,RDF2110103,Engineering and technology,Nano-technology,Nano-technology,Nanoelectromechanical systems
RDF2110104,RDF20-21,RDF211,RDF21101,RDF2110104,Engineering and technology,Nano-technology,Nano-technology,Nanoelectronics
RDF2110105,RDF20-21,RDF211,RDF21101,RDF2110105,Engineering and technology,Nano-technology,Nano-technology,"Nanofabrication, growth and self-assembly"
RDF2110106,RDF20-21,RDF211,RDF21101,RDF2110106,Engineering and technology,Nano-technology,Nano-technology,Nanomanufacturing
RDF2110107,RDF20-21,RDF211,RDF21101,RDF2110107,Engineering and technology,Nano-technology,Nano-technology,Nanomaterials
RDF2110108,RDF20-21,RDF211,RDF21101,RDF2110108,Engineering and technology,Nano-technology,Nano-technology,Nanomedicine
RDF2110109,RDF20-21,RDF211,RDF21101,RDF2110109,Engineering and technology,Nano-technology,Nano-technology,Nanometrology
RDF2110110,RDF20-21,RDF211,RDF21101,RDF2110110,Engineering and technology,Nano-technology,Nano-technology,Nanophotonics
RDF2110111,RDF20-21,RDF211,RDF21101,RDF2110111,Engineering and technology,Nano-technology,Nano-technology,Nanoscale characterisation
RDF2110112,RDF20-21,RDF211,RDF21101,RDF2110112,Engineering and technology,Nano-technology,Nano-technology,"Nanotoxicology, health and safety"
RDF2110113,RDF20-21,RDF211,RDF21101,RDF2110113,Engineering and technology,Nano-technology,Nano-technology,Molecular and organic electronics
RDF2110199,RDF20-21,RDF211,RDF21101,RDF2110199,Engineering and technology,Nano-technology,Nano-technology,"Nanotechnology, n.e.c."
RDF212,RDF20-21,RDF212,,,Engineering and technology,Other engineering and technologies,,
RDF21201,RDF20-21,RDF212,RDF21201,,Engineering and technology,Other engineering and technologies,Engineering design,
RDF2120101,RDF20-21,RDF212,RDF21201,RDF2120101,Engineering and technology,Other engineering and technologies,Engineering design,Engineering design empirical studies
RDF2120102,RDF20-21,RDF212,RDF21201,RDF2120102,Engineering and technology,Other engineering and technologies,Engineering design,Engineering design knowledge
RDF2120103,RDF20-21,RDF212,RDF21201,RDF2120103,Engineering and technology,Other engineering and technologies,Engineering design,Engineering design methods
RDF2120104,RDF20-21,RDF212,RDF21201,RDF2120104,Engineering and technology,Other engineering and technologies,Engineering design,Engineering systems design
RDF2120105,RDF20-21,RDF212,RDF21201,RDF2120105,Engineering and technology,Other engineering and technologies,Engineering design,Models of engineering design
RDF2120106,RDF20-21,RDF212,RDF21201,RDF2120106,Engineering and technology,Other engineering and technologies,Engineering design,"Engineering design, n.e.c."
RDF2120107,RDF20-21,RDF212,RDF21201,RDF2120107,Engineering and technology,Other engineering and technologies,Engineering design,Nuclear engineering (including fuel enrichment and nuclear waste processing and storage)
RDF2120199,RDF20-21,RDF212,RDF21201,RDF2120199,Engineering and technology,Other engineering and technologies,Engineering design,"Other engineering and technologies, n.e.c."
RDF30,RDF30,,,,"Medical, health and life sciences",,,
RDF301,RDF30,RDF301,,,"Medical, health and life sciences",Basic medicine and life sciences,,
RDF30101,RDF30,RDF301,RDF30101,,"Medical, health and life sciences",Basic medicine and life sciences,Immunology,
RDF3010101,RDF30,RDF301,RDF30101,RDF3010101,"Medical, health and life sciences",Basic medicine and life sciences,Immunology,Allergy
RDF3010102,RDF30,RDF301,RDF30101,RDF3010102,"Medical, health and life sciences",Basic medicine and life sciences,Immunology,"Applied immunology (including antibody engineering, xenotransplantation and t-cell therapies)"
RDF3010103,RDF30,RDF301,RDF30101,RDF3010103,"Medical, health and life sciences",Basic medicine and life sciences,Immunology,Autoimmunity
RDF3010104,RDF30,RDF301,RDF30101,RDF3010104,"Medical, health and life sciences",Basic medicine and life sciences,Immunology,Cellular immunology
RDF3010105,RDF30,RDF301,RDF30101,RDF3010105,"Medical, health and life sciences",Basic medicine and life sciences,Immunology,Humoural immunology and immunochemistry
RDF3010106,RDF30,RDF301,RDF30101,RDF3010106,"Medical, health and life sciences",Basic medicine and life sciences,Immunology,Immunogenetics (including genetic immunology)
RDF3010107,RDF30,RDF301,RDF30101,RDF3010107,"Medical, health and life sciences",Basic medicine and life sciences,Immunology,Innate immunity
RDF3010108,RDF30,RDF301,RDF30101,RDF3010108,"Medical, health and life sciences",Basic medicine and life sciences,Immunology,Adaptive immunity
RDF3010109,RDF30,RDF301,RDF30101,RDF3010109,"Medical, health and life sciences",Basic medicine and life sciences,Immunology,Transplantation immunology
RDF3010110,RDF30,RDF301,RDF30101,RDF3010110,"Medical, health and life sciences",Basic medicine and life sciences,Immunology,Tumour immunology
RDF3010111,RDF30,RDF301,RDF30101,RDF3010111,"Medical, health and life sciences",Basic medicine and life sciences,Immunology,Immune tolerance
RDF3010112,RDF30,RDF301,RDF30101,RDF3010112,"Medical, health and life sciences",Basic medicine and life sciences,Immunology,Immune deficiency
RDF3010113,RDF30,RDF301,RDF30101,RDF3010113,"Medical, health and life sciences",Basic medicine and life sciences,Immunology,Immune diseases
RDF3010199,RDF30,RDF301,RDF30101,RDF3010199,"Medical, health and life sciences",Basic medicine and life sciences,Immunology,"Immunology, n.e.c."
RDF30102,RDF30,RDF301,RDF30102,,"Medical, health and life sciences",Basic medicine and life sciences,Cancer,
RDF3010201,RDF30,RDF301,RDF30102,RDF3010201,"Medical, health and life sciences",Basic medicine and life sciences,Cancer,Cancer progression and metastasis
RDF3010202,RDF30,RDF301,RDF30102,RDF3010202,"Medical, health and life sciences",Basic medicine and life sciences,Cancer,Mechanisms of carcinogenesis
RDF3010203,RDF30,RDF301,RDF30102,RDF3010203,"Medical, health and life sciences",Basic medicine and life sciences,Cancer,Cancer drug development and therapeutics
RDF3010204,RDF30,RDF301,RDF30102,RDF3010204,"Medical, health and life sciences",Basic medicine and life sciences,Cancer,Cancer diagnosis
RDF3010205,RDF30,RDF301,RDF30102,RDF3010205,"Medical, health and life sciences",Basic medicine and life sciences,Cancer,Cancer genetics
RDF3010206,RDF30,RDF301,RDF30102,RDF3010206,"Medical, health and life sciences",Basic medicine and life sciences,Cancer,Hematological tumours
RDF3010207,RDF30,RDF301,RDF30102,RDF3010207,"Medical, health and life sciences",Basic medicine and life sciences,Cancer,Cancer molecular targets
RDF3010208,RDF30,RDF301,RDF30102,RDF3010208,"Medical, health and life sciences",Basic medicine and life sciences,Cancer,Solid cancer tumours
RDF3010209,RDF30,RDF301,RDF30102,RDF3010209,"Medical, health and life sciences",Basic medicine and life sciences,Cancer,Pediatric cancer
RDF3010210,RDF30,RDF301,RDF30102,RDF3010210,"Medical, health and life sciences",Basic medicine and life sciences,Cancer,Premalignant disease (precursors)
RDF3010299,RDF30,RDF301,RDF30102,RDF3010299,"Medical, health and life sciences",Basic medicine and life sciences,Cancer,"Cancer, n.e.c."
RDF30103,RDF30,RDF301,RDF30103,,"Medical, health and life sciences",Basic medicine and life sciences,Medical microbiology,
RDF3010301,RDF30,RDF301,RDF30103,RDF3010301,"Medical, health and life sciences",Basic medicine and life sciences,Medical microbiology,Medical bacteriology
RDF3010302,RDF30,RDF301,RDF30103,RDF3010302,"Medical, health and life sciences",Basic medicine and life sciences,Medical microbiology,Medical infection agents (including prions)
RDF3010303,RDF30,RDF301,RDF30103,RDF3010303,"Medical, health and life sciences",Basic medicine and life sciences,Medical microbiology,Medical parasitology
RDF3010304,RDF30,RDF301,RDF30103,RDF3010304,"Medical, health and life sciences",Basic medicine and life sciences,Medical microbiology,Medical virology
RDF3010305,RDF30,RDF301,RDF30103,RDF3010305,"Medical, health and life sciences",Basic medicine and life sciences,Medical microbiology,Antimicrobial resistance
RDF3010306,RDF30,RDF301,RDF30103,RDF3010306,"Medical, health and life sciences",Basic medicine and life sciences,Medical microbiology,Antiviral resistance
RDF3010307,RDF30,RDF301,RDF30103,RDF3010307,"Medical, health and life sciences",Basic medicine and life sciences,Medical microbiology,Vaccines
RDF3010308,RDF30,RDF301,RDF30103,RDF3010308,"Medical, health and life sciences",Basic medicine and life sciences,Medical microbiology,Human microbiota
RDF3010309,RDF30,RDF301,RDF30103,RDF3010309,"Medical, health and life sciences",Basic medicine and life sciences,Medical microbiology,Pathogenesis
RDF3010399,RDF30,RDF301,RDF30103,RDF3010399,"Medical, health and life sciences",Basic medicine and life sciences,Medical microbiology,"Medical microbiology, n.e.c."
RDF30104,RDF30,RDF301,RDF30104,,"Medical, health and life sciences",Basic medicine and life sciences,"Neurosciences, medical and physiological and health aspects",
RDF3010401,RDF30,RDF301,RDF30104,RDF3010401,"Medical, health and life sciences",Basic medicine and life sciences,"Neurosciences, medical and physiological and health aspects",Autonomic nervous system
RDF3010402,RDF30,RDF301,RDF30104,RDF3010402,"Medical, health and life sciences",Basic medicine and life sciences,"Neurosciences, medical and physiological and health aspects",Central nervous system
RDF3010403,RDF30,RDF301,RDF30104,RDF3010403,"Medical, health and life sciences",Basic medicine and life sciences,"Neurosciences, medical and physiological and health aspects",Motor systems
RDF3010404,RDF30,RDF301,RDF30104,RDF3010404,"Medical, health and life sciences",Basic medicine and life sciences,"Neurosciences, medical and physiological and health aspects",Neuromuscular diseases
RDF3010405,RDF30,RDF301,RDF30104,RDF3010405,"Medical, health and life sciences",Basic medicine and life sciences,"Neurosciences, medical and physiological and health aspects",Peripheral nervous system
RDF3010406,RDF30,RDF301,RDF30104,RDF3010406,"Medical, health and life sciences",Basic medicine and life sciences,"Neurosciences, medical and physiological and health aspects","Sensory systems, visual"
RDF3010407,RDF30,RDF301,RDF30104,RDF3010407,"Medical, health and life sciences",Basic medicine and life sciences,"Neurosciences, medical and physiological and health aspects","Sensory systems, auditory"
RDF3010408,RDF30,RDF301,RDF30104,RDF3010408,"Medical, health and life sciences",Basic medicine and life sciences,"Neurosciences, medical and physiological and health aspects","Sensory systems, pain"
RDF3010409,RDF30,RDF301,RDF30104,RDF3010409,"Medical, health and life sciences",Basic medicine and life sciences,"Neurosciences, medical and physiological and health aspects","Sensory systems, vestibular"
RDF3010410,RDF30,RDF301,RDF30104,RDF3010410,"Medical, health and life sciences",Basic medicine and life sciences,"Neurosciences, medical and physiological and health aspects","Sensory systems, somatosensory"
RDF3010411,RDF30,RDF301,RDF30104,RDF3010411,"Medical, health and life sciences",Basic medicine and life sciences,"Neurosciences, medical and physiological and health aspects","Sensory systems, olfactory"
RDF3010412,RDF30,RDF301,RDF30104,RDF3010412,"Medical, health and life sciences",Basic medicine and life sciences,"Neurosciences, medical and physiological and health aspects",Sensorimotor neuroscience
RDF3010413,RDF30,RDF301,RDF30104,RDF3010413,"Medical, health and life sciences",Basic medicine and life sciences,"Neurosciences, medical and physiological and health aspects",Neural excitability and synapses
RDF3010414,RDF30,RDF301,RDF30104,RDF3010414,"Medical, health and life sciences",Basic medicine and life sciences,"Neurosciences, medical and physiological and health aspects",Neurodegeneration
RDF3010415,RDF30,RDF301,RDF30104,RDF3010415,"Medical, health and life sciences",Basic medicine and life sciences,"Neurosciences, medical and physiological and health aspects",Neurodevelopment
RDF3010416,RDF30,RDF301,RDF30104,RDF3010416,"Medical, health and life sciences",Basic medicine and life sciences,"Neurosciences, medical and physiological and health aspects",Neuroinflammation
RDF3010417,RDF30,RDF301,RDF30104,RDF3010417,"Medical, health and life sciences",Basic medicine and life sciences,"Neurosciences, medical and physiological and health aspects","Neurogenesis and plasticity, medical and health aspects"
RDF3010418,RDF30,RDF301,RDF30104,RDF3010418,"Medical, health and life sciences",Basic medicine and life sciences,"Neurosciences, medical and physiological and health aspects",Glial cell studies
RDF3010419,RDF30,RDF301,RDF30104,RDF3010419,"Medical, health and life sciences",Basic medicine and life sciences,"Neurosciences, medical and physiological and health aspects",Neurological disorders (except neuromuscular diseases)
RDF3010420,RDF30,RDF301,RDF30104,RDF3010420,"Medical, health and life sciences",Basic medicine and life sciences,"Neurosciences, medical and physiological and health aspects",Neurorobotics
RDF3010421,RDF30,RDF301,RDF30104,RDF3010421,"Medical, health and life sciences",Basic medicine and life sciences,"Neurosciences, medical and physiological and health aspects",Neuroethology
RDF3010422,RDF30,RDF301,RDF30104,RDF3010422,"Medical, health and life sciences",Basic medicine and life sciences,"Neurosciences, medical and physiological and health aspects",Neuropsychology
RDF3010423,RDF30,RDF301,RDF30104,RDF3010423,"Medical, health and life sciences",Basic medicine and life sciences,"Neurosciences, medical and physiological and health aspects",Applied behavioural neurology and neuropsychiatry
RDF3010424,RDF30,RDF301,RDF30104,RDF3010424,"Medical, health and life sciences",Basic medicine and life sciences,"Neurosciences, medical and physiological and health aspects",Biology of addiction
RDF3010499,RDF30,RDF301,RDF30104,RDF3010499,"Medical, health and life sciences",Basic medicine and life sciences,"Neurosciences, medical and physiological and health aspects","Neurosciences, medical and health and physiological aspects, n.e.c."
RDF30105,RDF30,RDF301,RDF30105,,"Medical, health and life sciences",Basic medicine and life sciences,Pharmacology and pharmaceutical sciences (except clinical aspects),
RDF3010501,RDF30,RDF301,RDF30105,RDF3010501,"Medical, health and life sciences",Basic medicine and life sciences,Pharmacology and pharmaceutical sciences (except clinical aspects),Basic pharmacology
RDF3010502,RDF30,RDF301,RDF30105,RDF3010502,"Medical, health and life sciences",Basic medicine and life sciences,Pharmacology and pharmaceutical sciences (except clinical aspects),Pharmacogenomics
RDF3010503,RDF30,RDF301,RDF30105,RDF3010503,"Medical, health and life sciences",Basic medicine and life sciences,Pharmacology and pharmaceutical sciences (except clinical aspects),Toxicology (except clinical toxicology)
RDF3010504,RDF30,RDF301,RDF30105,RDF3010504,"Medical, health and life sciences",Basic medicine and life sciences,Pharmacology and pharmaceutical sciences (except clinical aspects),"Drug discovery, design and delivery"
RDF3010505,RDF30,RDF301,RDF30105,RDF3010505,"Medical, health and life sciences",Basic medicine and life sciences,Pharmacology and pharmaceutical sciences (except clinical aspects),Psychopharmacology
RDF3010599,RDF30,RDF301,RDF30105,RDF3010599,"Medical, health and life sciences",Basic medicine and life sciences,Pharmacology and pharmaceutical sciences (except clinical aspects),"Pharmacology and pharmaceutical sciences, n.e.c."
RDF30106,RDF30,RDF301,RDF30106,,"Medical, health and life sciences",Basic medicine and life sciences,Human physiology,
RDF3010601,RDF30,RDF301,RDF30106,RDF3010601,"Medical, health and life sciences",Basic medicine and life sciences,Human physiology,Systems physiology
RDF3010602,RDF30,RDF301,RDF30106,RDF3010602,"Medical, health and life sciences",Basic medicine and life sciences,Human physiology,Sensorimotor physiology
RDF3010603,RDF30,RDF301,RDF30106,RDF3010603,"Medical, health and life sciences",Basic medicine and life sciences,Human physiology,Computational physiology
RDF3010604,RDF30,RDF301,RDF30106,RDF3010604,"Medical, health and life sciences",Basic medicine and life sciences,Human physiology,"Sex differences in cells, tissues and animal"
RDF3010605,RDF30,RDF301,RDF30106,RDF3010605,"Medical, health and life sciences",Basic medicine and life sciences,Human physiology,Human development and organogenesis
RDF3010606,RDF30,RDF301,RDF30106,RDF3010606,"Medical, health and life sciences",Basic medicine and life sciences,Human physiology,Electrophysiology
RDF3010699,RDF30,RDF301,RDF30106,RDF3010699,"Medical, health and life sciences",Basic medicine and life sciences,Human physiology,"Human physiology, n.e.c."
RDF30107,RDF30,RDF301,RDF30107,,"Medical, health and life sciences",Basic medicine and life sciences,Musculoskeletal health and human movement,
RDF3010701,RDF30,RDF301,RDF30107,RDF3010701,"Medical, health and life sciences",Basic medicine and life sciences,Musculoskeletal health and human movement,"Bone, skin and cartilage science"
RDF3010702,RDF30,RDF301,RDF30107,RDF3010702,"Medical, health and life sciences",Basic medicine and life sciences,Musculoskeletal health and human movement,Musculoskeletal biology and physiology
RDF3010703,RDF30,RDF301,RDF30107,RDF3010703,"Medical, health and life sciences",Basic medicine and life sciences,Musculoskeletal health and human movement,Human biomechanics
RDF3010704,RDF30,RDF301,RDF30107,RDF3010704,"Medical, health and life sciences",Basic medicine and life sciences,Musculoskeletal health and human movement,Exercise physiology
RDF3010705,RDF30,RDF301,RDF30107,RDF3010705,"Medical, health and life sciences",Basic medicine and life sciences,Musculoskeletal health and human movement,Sensorimotor control
RDF3010706,RDF30,RDF301,RDF30107,RDF3010706,"Medical, health and life sciences",Basic medicine and life sciences,Musculoskeletal health and human movement,"Balance, gait, and locomotion"
RDF3010799,RDF30,RDF301,RDF30107,RDF3010799,"Medical, health and life sciences",Basic medicine and life sciences,Musculoskeletal health and human movement,"Other musculoskeletal health and human movement, n.e.c."
RDF30199,RDF30,RDF301,RDF30199,,"Medical, health and life sciences",Basic medicine and life sciences,Other basic medicine and life sciences,
RDF3019999,RDF30,RDF301,RDF30199,RDF3019999,"Medical, health and life sciences",Basic medicine and life sciences,Other basic medicine and life sciences,Other basic medicine and life sciences
RDF302,RDF30,RDF302,,,"Medical, health and life sciences",Clinical medicine,,
RDF30201,RDF30,RDF302,RDF30201,,"Medical, health and life sciences",Clinical medicine,Cardiorespiratory medicine and hematology,
RDF3020101,RDF30,RDF302,RDF30201,RDF3020101,"Medical, health and life sciences",Clinical medicine,Cardiorespiratory medicine and hematology,Cardiology and circulatory sciences (including cardiovascular disease)
RDF3020102,RDF30,RDF302,RDF30201,RDF3020102,"Medical, health and life sciences",Clinical medicine,Cardiorespiratory medicine and hematology,Hematology
RDF3020103,RDF30,RDF302,RDF30201,RDF3020103,"Medical, health and life sciences",Clinical medicine,Cardiorespiratory medicine and hematology,Respiratory diseases
RDF3020104,RDF30,RDF302,RDF30201,RDF3020104,"Medical, health and life sciences",Clinical medicine,Cardiorespiratory medicine and hematology,Cerebrovascular sciences (including stroke)
RDF3020105,RDF30,RDF302,RDF30201,RDF3020105,"Medical, health and life sciences",Clinical medicine,Cardiorespiratory medicine and hematology,Respiratory sciences
RDF3020106,RDF30,RDF302,RDF30201,RDF3020106,"Medical, health and life sciences",Clinical medicine,Cardiorespiratory medicine and hematology,Respiratory system pathologies and clinical interventions
RDF3020107,RDF30,RDF302,RDF30201,RDF3020107,"Medical, health and life sciences",Clinical medicine,Cardiorespiratory medicine and hematology,Vascular and endothelial biology
RDF3020199,RDF30,RDF302,RDF30201,RDF3020199,"Medical, health and life sciences",Clinical medicine,Cardiorespiratory medicine and hematology,"Cardiorespiratory medicine and hematology, n.e.c."
RDF30202,RDF30,RDF302,RDF30202,,"Medical, health and life sciences",Clinical medicine,Clinical sciences,
RDF3020201,RDF30,RDF302,RDF30202,RDF3020201,"Medical, health and life sciences",Clinical medicine,Clinical sciences,Anesthesiology
RDF3020202,RDF30,RDF302,RDF30202,RDF3020202,"Medical, health and life sciences",Clinical medicine,Clinical sciences,Clinical microbiology
RDF3020203,RDF30,RDF302,RDF30202,RDF3020203,"Medical, health and life sciences",Clinical medicine,Clinical sciences,Dermatology
RDF3020204,RDF30,RDF302,RDF30202,RDF3020204,"Medical, health and life sciences",Clinical medicine,Clinical sciences,Sexually transmitted diseases and infections
RDF3020205,RDF30,RDF302,RDF30202,RDF3020205,"Medical, health and life sciences",Clinical medicine,Clinical sciences,Critical care medicine and emergency medicine
RDF3020206,RDF30,RDF302,RDF30202,RDF3020206,"Medical, health and life sciences",Clinical medicine,Clinical sciences,Human endocrinology (except diabetes and obesity)
RDF3020207,RDF30,RDF302,RDF30202,RDF3020207,"Medical, health and life sciences",Clinical medicine,Clinical sciences,Human metabolism and diseases (except diabetes and obesity)
RDF3020208,RDF30,RDF302,RDF30202,RDF3020208,"Medical, health and life sciences",Clinical medicine,Clinical sciences,Clinical sciences on diabetes
RDF3020209,RDF30,RDF302,RDF30202,RDF3020209,"Medical, health and life sciences",Clinical medicine,Clinical sciences,Clinical sciences on obesity
RDF3020210,RDF30,RDF302,RDF30202,RDF3020210,"Medical, health and life sciences",Clinical medicine,Clinical sciences,Gastroenterology
RDF3020211,RDF30,RDF302,RDF30202,RDF3020211,"Medical, health and life sciences",Clinical medicine,Clinical sciences,Hepatology
RDF3020212,RDF30,RDF302,RDF30202,RDF3020212,"Medical, health and life sciences",Clinical medicine,Clinical sciences,Geriatrics and gerontology
RDF3020213,RDF30,RDF302,RDF30202,RDF3020213,"Medical, health and life sciences",Clinical medicine,Clinical sciences,Infectious diseases
RDF3020214,RDF30,RDF302,RDF30202,RDF3020214,"Medical, health and life sciences",Clinical medicine,Clinical sciences,Clinical genetics (except cancer genetics)
RDF3020215,RDF30,RDF302,RDF30202,RDF3020215,"Medical, health and life sciences",Clinical medicine,Clinical sciences,Nephrology
RDF3020216,RDF30,RDF302,RDF30202,RDF3020216,"Medical, health and life sciences",Clinical medicine,Clinical sciences,Urology
RDF3020217,RDF30,RDF302,RDF30202,RDF3020217,"Medical, health and life sciences",Clinical medicine,Clinical sciences,Clinical and translational cardiovascular sciences
RDF3020218,RDF30,RDF302,RDF30202,RDF3020218,"Medical, health and life sciences",Clinical medicine,Clinical sciences,"Radiology, nuclear medicine and medical imaging"
RDF3020219,RDF30,RDF302,RDF30202,RDF3020219,"Medical, health and life sciences",Clinical medicine,Clinical sciences,Orthopedics
RDF3020220,RDF30,RDF302,RDF30202,RDF3020220,"Medical, health and life sciences",Clinical medicine,Clinical sciences,Otorhinolaryngology
RDF3020221,RDF30,RDF302,RDF30202,RDF3020221,"Medical, health and life sciences",Clinical medicine,Clinical sciences,Pathology (except oral pathology)
RDF3020222,RDF30,RDF302,RDF30202,RDF3020222,"Medical, health and life sciences",Clinical medicine,Clinical sciences,Podiatry
RDF3020223,RDF30,RDF302,RDF30202,RDF3020223,"Medical, health and life sciences",Clinical medicine,Clinical sciences,Psychiatry (including psychotherapy)
RDF3020224,RDF30,RDF302,RDF30202,RDF3020224,"Medical, health and life sciences",Clinical medicine,Clinical sciences,Rheumatology
RDF3020225,RDF30,RDF302,RDF30202,RDF3020225,"Medical, health and life sciences",Clinical medicine,Clinical sciences,Surgery
RDF3020226,RDF30,RDF302,RDF30202,RDF3020226,"Medical, health and life sciences",Clinical medicine,Clinical sciences,Clinical oncology
RDF3020227,RDF30,RDF302,RDF30202,RDF3020227,"Medical, health and life sciences",Clinical medicine,Clinical sciences,Neurology
RDF3020228,RDF30,RDF302,RDF30202,RDF3020228,"Medical, health and life sciences",Clinical medicine,Clinical sciences,Ophthalmology
RDF3020229,RDF30,RDF302,RDF30202,RDF3020229,"Medical, health and life sciences",Clinical medicine,Clinical sciences,Rare diseases
RDF3020230,RDF30,RDF302,RDF30202,RDF3020230,"Medical, health and life sciences",Clinical medicine,Clinical sciences,Clinical sexology
RDF3020231,RDF30,RDF302,RDF30202,RDF3020231,"Medical, health and life sciences",Clinical medicine,Clinical sciences,"Translational and clinical pharmacology, and therapeutics"
RDF3020232,RDF30,RDF302,RDF30202,RDF3020232,"Medical, health and life sciences",Clinical medicine,Clinical sciences,Clinical pharmacy and pharmacy practice
RDF3020233,RDF30,RDF302,RDF30202,RDF3020233,"Medical, health and life sciences",Clinical medicine,Clinical sciences,Clinical toxicology
RDF3020299,RDF30,RDF302,RDF30202,RDF3020299,"Medical, health and life sciences",Clinical medicine,Clinical sciences,"Clinical sciences, n.e.c"
RDF30203,RDF30,RDF302,RDF30203,,"Medical, health and life sciences",Clinical medicine,Complementary and alternative medicine,
RDF3020301,RDF30,RDF302,RDF30203,RDF3020301,"Medical, health and life sciences",Clinical medicine,Complementary and alternative medicine,Chiropractic
RDF3020302,RDF30,RDF302,RDF30203,RDF3020302,"Medical, health and life sciences",Clinical medicine,Complementary and alternative medicine,Naturopathy
RDF3020303,RDF30,RDF302,RDF30203,RDF3020303,"Medical, health and life sciences",Clinical medicine,Complementary and alternative medicine,Traditional Indigenous medicine and treatments
RDF3020304,RDF30,RDF302,RDF30203,RDF3020304,"Medical, health and life sciences",Clinical medicine,Complementary and alternative medicine,Traditional Chinese medicine and treatments
RDF3020399,RDF30,RDF302,RDF30203,RDF3020399,"Medical, health and life sciences",Clinical medicine,Complementary and alternative medicine,"Complementary and alternative medicine, n.e.c."
RDF30204,RDF30,RDF302,RDF30204,,"Medical, health and life sciences",Clinical medicine,Dentistry and oral health,
RDF3020401,RDF30,RDF302,RDF30204,RDF3020401,"Medical, health and life sciences",Clinical medicine,Dentistry and oral health,Dental materials and equipment
RDF3020402,RDF30,RDF302,RDF30204,RDF3020402,"Medical, health and life sciences",Clinical medicine,Dentistry and oral health,"Dental therapeutics, pharmacology and toxicology"
RDF3020403,RDF30,RDF302,RDF30204,RDF3020403,"Medical, health and life sciences",Clinical medicine,Dentistry and oral health,Endodontics
RDF3020404,RDF30,RDF302,RDF30204,RDF3020404,"Medical, health and life sciences",Clinical medicine,Dentistry and oral health,Oral and maxillofacial surgery
RDF3020405,RDF30,RDF302,RDF30204,RDF3020405,"Medical, health and life sciences",Clinical medicine,Dentistry and oral health,Oral medicine and pathology
RDF3020406,RDF30,RDF302,RDF30204,RDF3020406,"Medical, health and life sciences",Clinical medicine,Dentistry and oral health,Orthodontics and dentofacial orthopedics
RDF3020407,RDF30,RDF302,RDF30204,RDF3020407,"Medical, health and life sciences",Clinical medicine,Dentistry and oral health,Pedodontics
RDF3020408,RDF30,RDF302,RDF30204,RDF3020408,"Medical, health and life sciences",Clinical medicine,Dentistry and oral health,Periodontics
RDF3020409,RDF30,RDF302,RDF30204,RDF3020409,"Medical, health and life sciences",Clinical medicine,Dentistry and oral health,Special needs dentistry
RDF3020499,RDF30,RDF302,RDF30204,RDF3020499,"Medical, health and life sciences",Clinical medicine,Dentistry and oral health,"Dentistry and oral health, n.e.c."
RDF30205,RDF30,RDF302,RDF30205,,"Medical, health and life sciences",Clinical medicine,Pediatrics and reproductive medicine,
RDF3020501,RDF30,RDF302,RDF30205,RDF3020501,"Medical, health and life sciences",Clinical medicine,Pediatrics and reproductive medicine,Fetal development and medicine
RDF3020502,RDF30,RDF302,RDF30205,RDF3020502,"Medical, health and life sciences",Clinical medicine,Pediatrics and reproductive medicine,Obstetrics and gynecology
RDF3020503,RDF30,RDF302,RDF30205,RDF3020503,"Medical, health and life sciences",Clinical medicine,Pediatrics and reproductive medicine,Pediatrics
RDF3020504,RDF30,RDF302,RDF30205,RDF3020504,"Medical, health and life sciences",Clinical medicine,Pediatrics and reproductive medicine,Human reproduction and development sciences
RDF3020505,RDF30,RDF302,RDF30205,RDF3020505,"Medical, health and life sciences",Clinical medicine,Pediatrics and reproductive medicine,Neonatology
RDF3020506,RDF30,RDF302,RDF30205,RDF3020506,"Medical, health and life sciences",Clinical medicine,Pediatrics and reproductive medicine,Embryology
RDF3020507,RDF30,RDF302,RDF30205,RDF3020507,"Medical, health and life sciences",Clinical medicine,Pediatrics and reproductive medicine,Fertility and maternal health
RDF3020508,RDF30,RDF302,RDF30205,RDF3020508,"Medical, health and life sciences",Clinical medicine,Pediatrics and reproductive medicine,Assisted reproductive technologies
RDF3020599,RDF30,RDF302,RDF30205,RDF3020599,"Medical, health and life sciences",Clinical medicine,Pediatrics and reproductive medicine,"Pediatrics and reproductive medicine, n.e.c."
RDF30299,RDF30,RDF302,RDF30299,,"Medical, health and life sciences",Clinical medicine,Other clinical medicine,
RDF3029999,RDF30,RDF302,RDF30299,RDF3029999,"Medical, health and life sciences",Clinical medicine,Other clinical medicine,Other clinical medicine
RDF303,RDF30,RDF303,,,"Medical, health and life sciences",Health sciences,,
RDF30301,RDF30,RDF303,RDF30301,,"Medical, health and life sciences",Health sciences,Human nutrition and dietetics,
RDF3030101,RDF30,RDF303,RDF30301,RDF3030101,"Medical, health and life sciences",Health sciences,Human nutrition and dietetics,Clinical nutrition
RDF3030102,RDF30,RDF303,RDF30301,RDF3030102,"Medical, health and life sciences",Health sciences,Human nutrition and dietetics,Sports nutrition
RDF3030103,RDF30,RDF303,RDF30301,RDF3030103,"Medical, health and life sciences",Health sciences,Human nutrition and dietetics,Dietetics and nutrigenomics
RDF3030104,RDF30,RDF303,RDF30301,RDF3030104,"Medical, health and life sciences",Health sciences,Human nutrition and dietetics,Nutritional physiology
RDF3030105,RDF30,RDF303,RDF30301,RDF3030105,"Medical, health and life sciences",Health sciences,Human nutrition and dietetics,Public health nutrition policy
RDF3030106,RDF30,RDF303,RDF30301,RDF3030106,"Medical, health and life sciences",Health sciences,Human nutrition and dietetics,Human nutrition and metabolism
RDF3030199,RDF30,RDF303,RDF30301,RDF3030199,"Medical, health and life sciences",Health sciences,Human nutrition and dietetics,"Human nutrition and dietetics, n.e.c."
RDF30302,RDF30,RDF303,RDF30302,,"Medical, health and life sciences",Health sciences,Public and population health,
RDF3030201,RDF30,RDF303,RDF30302,RDF3030201,"Medical, health and life sciences",Health sciences,Public and population health,Indigenous health
RDF3030202,RDF30,RDF303,RDF30302,RDF3030202,"Medical, health and life sciences",Health sciences,Public and population health,Population health interventions
RDF3030203,RDF30,RDF303,RDF30302,RDF3030203,"Medical, health and life sciences",Health sciences,Public and population health,"Environmental, developmental and social factors of youth health"
RDF3030204,RDF30,RDF303,RDF30302,RDF3030204,"Medical, health and life sciences",Health sciences,Public and population health,"Prevention, treatment and support of youth health"
RDF3030205,RDF30,RDF303,RDF30302,RDF3030205,"Medical, health and life sciences",Health sciences,Public and population health,"Psychosocial, sociocultural and behavioural determinants of health"
RDF3030206,RDF30,RDF303,RDF30302,RDF3030206,"Medical, health and life sciences",Health sciences,Public and population health,Environmental determinants of health (including environment-gene interactions)
RDF3030207,RDF30,RDF303,RDF30302,RDF3030207,"Medical, health and life sciences",Health sciences,Public and population health,"Ethical, legal, and social issues in health, health systems and health research"
RDF3030208,RDF30,RDF303,RDF30302,RDF3030208,"Medical, health and life sciences",Health sciences,Public and population health,Aging process
RDF3030209,RDF30,RDF303,RDF30302,RDF3030209,"Medical, health and life sciences",Health sciences,Public and population health,Social and biological determinants of aging
RDF3030210,RDF30,RDF303,RDF30302,RDF3030210,"Medical, health and life sciences",Health sciences,Public and population health,Environmental and occupational health and safety
RDF3030211,RDF30,RDF303,RDF30302,RDF3030211,"Medical, health and life sciences",Health sciences,Public and population health,Epidemiology (except nutritional and veterinary epidemiology)
RDF3030212,RDF30,RDF303,RDF30302,RDF3030212,"Medical, health and life sciences",Health sciences,Public and population health,Health promotion and disease prevention
RDF3030213,RDF30,RDF303,RDF30302,RDF3030213,"Medical, health and life sciences",Health sciences,Public and population health,Food security
RDF3030214,RDF30,RDF303,RDF30302,RDF3030214,"Medical, health and life sciences",Health sciences,Public and population health,Health equity
RDF3030215,RDF30,RDF303,RDF30302,RDF3030215,"Medical, health and life sciences",Health sciences,Public and population health,Sex and gender-based analysis
RDF3030216,RDF30,RDF303,RDF30302,RDF3030216,"Medical, health and life sciences",Health sciences,Public and population health,Gender and health relationship
RDF3030217,RDF30,RDF303,RDF30302,RDF3030217,"Medical, health and life sciences",Health sciences,Public and population health,Global health
RDF3030218,RDF30,RDF303,RDF30302,RDF3030218,"Medical, health and life sciences",Health sciences,Public and population health,Health and gender based violence
RDF3030219,RDF30,RDF303,RDF30302,RDF3030219,"Medical, health and life sciences",Health sciences,Public and population health,Military and veterans’ health
RDF3030220,RDF30,RDF303,RDF30302,RDF3030220,"Medical, health and life sciences",Health sciences,Public and population health,Etiology of disease and conditions
RDF3030221,RDF30,RDF303,RDF30302,RDF3030221,"Medical, health and life sciences",Health sciences,Public and population health,Nutritional epidemiology
RDF3030222,RDF30,RDF303,RDF30302,RDF3030222,"Medical, health and life sciences",Health sciences,Public and population health,One Health approach
RDF3030299,RDF30,RDF303,RDF30302,RDF3030299,"Medical, health and life sciences",Health sciences,Public and population health,"Public and population health, n.e.c."
RDF30303,RDF30,RDF303,RDF30303,,"Medical, health and life sciences",Health sciences,Rehabilitation medicine,
RDF3030301,RDF30,RDF303,RDF30303,RDF3030301,"Medical, health and life sciences",Health sciences,Rehabilitation medicine,Kinesiology
RDF3030302,RDF30,RDF303,RDF30303,RDF3030302,"Medical, health and life sciences",Health sciences,Rehabilitation medicine,Physical therapy
RDF3030303,RDF30,RDF303,RDF30303,RDF3030303,"Medical, health and life sciences",Health sciences,Rehabilitation medicine,Occupational therapy
RDF3030304,RDF30,RDF303,RDF30303,RDF3030304,"Medical, health and life sciences",Health sciences,Rehabilitation medicine,Speech pathology
RDF3030305,RDF30,RDF303,RDF30303,RDF3030305,"Medical, health and life sciences",Health sciences,Rehabilitation medicine,Mental health rehabilitation
RDF3030306,RDF30,RDF303,RDF30303,RDF3030306,"Medical, health and life sciences",Health sciences,Rehabilitation medicine,Addiction rehabilitation
RDF3030307,RDF30,RDF303,RDF30303,RDF3030307,"Medical, health and life sciences",Health sciences,Rehabilitation medicine,Sports medicine
RDF3030308,RDF30,RDF303,RDF30303,RDF3030308,"Medical, health and life sciences",Health sciences,Rehabilitation medicine,Audiology
RDF3030399,RDF30,RDF303,RDF30303,RDF3030399,"Medical, health and life sciences",Health sciences,Rehabilitation medicine,"Rehabilitation medicine, n.e.c."
RDF30304,RDF30,RDF303,RDF30304,,"Medical, health and life sciences",Health sciences,Health services and systems,
RDF3030401,RDF30,RDF303,RDF30304,RDF3030401,"Medical, health and life sciences",Health sciences,Health services and systems,Health and community services
RDF3030402,RDF30,RDF303,RDF30304,RDF3030402,"Medical, health and life sciences",Health sciences,Health services and systems,Health care administration
RDF3030403,RDF30,RDF303,RDF30304,RDF3030403,"Medical, health and life sciences",Health sciences,Health services and systems,Health information systems (including surveillance)
RDF3030404,RDF30,RDF303,RDF30304,RDF3030404,"Medical, health and life sciences",Health sciences,Health services and systems,Health counselling
RDF3030405,RDF30,RDF303,RDF30304,RDF3030405,"Medical, health and life sciences",Health sciences,Health services and systems,Community child health
RDF3030406,RDF30,RDF303,RDF30304,RDF3030406,"Medical, health and life sciences",Health sciences,Health services and systems,Health care effectiveness and outcomes
RDF3030407,RDF30,RDF303,RDF30304,RDF3030407,"Medical, health and life sciences",Health sciences,Health services and systems,Health care safety and quality improvement
RDF3030408,RDF30,RDF303,RDF30304,RDF3030408,"Medical, health and life sciences",Health sciences,Health services and systems,Knowledge translation and implementation science in health
RDF3030409,RDF30,RDF303,RDF30304,RDF3030409,"Medical, health and life sciences",Health sciences,Health services and systems,Patient and citizen engagement research
RDF3030410,RDF30,RDF303,RDF30304,RDF3030410,"Medical, health and life sciences",Health sciences,Health services and systems,Electronic health (e-Health)
RDF3030411,RDF30,RDF303,RDF30304,RDF3030411,"Medical, health and life sciences",Health sciences,Health services and systems,Mobile health (mHealth)
RDF3030499,RDF30,RDF303,RDF30304,RDF3030499,"Medical, health and life sciences",Health sciences,Health services and systems,"Health services and systems, n.e.c."
RDF30305,RDF30,RDF303,RDF30305,,"Medical, health and life sciences",Health sciences,Care,
RDF3030501,RDF30,RDF303,RDF30305,RDF3030501,"Medical, health and life sciences",Health sciences,Care,Family care
RDF3030502,RDF30,RDF303,RDF30305,RDF3030502,"Medical, health and life sciences",Health sciences,Care,Primary health care
RDF3030503,RDF30,RDF303,RDF30305,RDF3030503,"Medical, health and life sciences",Health sciences,Care,Residential client care
RDF3030504,RDF30,RDF303,RDF30305,RDF3030504,"Medical, health and life sciences",Health sciences,Care,Aged health care services (except nursing)
RDF3030505,RDF30,RDF303,RDF30305,RDF3030505,"Medical, health and life sciences",Health sciences,Care,Services for persons with disabilities
RDF3030506,RDF30,RDF303,RDF30305,RDF3030506,"Medical, health and life sciences",Health sciences,Care,Emergency care and critical care
RDF3030507,RDF30,RDF303,RDF30305,RDF3030507,"Medical, health and life sciences",Health sciences,Care,Personalized medicine
RDF3030508,RDF30,RDF303,RDF30305,RDF3030508,"Medical, health and life sciences",Health sciences,Care,Genetic medicine
RDF3030509,RDF30,RDF303,RDF30305,RDF3030509,"Medical, health and life sciences",Health sciences,Care,Coordinated and integrated care
RDF3030510,RDF30,RDF303,RDF30305,RDF3030510,"Medical, health and life sciences",Health sciences,Care,Hospital and specialist care
RDF3030511,RDF30,RDF303,RDF30305,RDF3030511,"Medical, health and life sciences",Health sciences,Care,Patient-centered care
RDF3030512,RDF30,RDF303,RDF30305,RDF3030512,"Medical, health and life sciences",Health sciences,Care,Palliation and end-of-life care
RDF3030513,RDF30,RDF303,RDF30305,RDF3030513,"Medical, health and life sciences",Health sciences,Care,Maternal and newborn care
RDF3030514,RDF30,RDF303,RDF30305,RDF3030514,"Medical, health and life sciences",Health sciences,Care,"Health care access, privilege or marginalization"
RDF3030515,RDF30,RDF303,RDF30305,RDF3030515,"Medical, health and life sciences",Health sciences,Care,Home health care
RDF3030516,RDF30,RDF303,RDF30305,RDF3030516,"Medical, health and life sciences",Health sciences,Care,Traumatology
RDF3030517,RDF30,RDF303,RDF30305,RDF3030517,"Medical, health and life sciences",Health sciences,Care,Internal medicine
RDF3030518,RDF30,RDF303,RDF30305,RDF3030518,"Medical, health and life sciences",Health sciences,Care,Midwifery
RDF3030599,RDF30,RDF303,RDF30305,RDF3030599,"Medical, health and life sciences",Health sciences,Care,"Care, n.e.c."
RDF30306,RDF30,RDF303,RDF30306,,"Medical, health and life sciences",Health sciences,Nursing,
RDF3030601,RDF30,RDF303,RDF30306,RDF3030601,"Medical, health and life sciences",Health sciences,Nursing,Geriatric nursing
RDF3030602,RDF30,RDF303,RDF30306,RDF3030602,"Medical, health and life sciences",Health sciences,Nursing,"Clinical nursing, primary (preventive care)"
RDF3030603,RDF30,RDF303,RDF30306,RDF3030603,"Medical, health and life sciences",Health sciences,Nursing,"Clinical nursing, secondary (acute care)"
RDF3030604,RDF30,RDF303,RDF30306,RDF3030604,"Medical, health and life sciences",Health sciences,Nursing,"Clinical nursing, tertiary (rehabilitative care)"
RDF3030605,RDF30,RDF303,RDF30306,RDF3030605,"Medical, health and life sciences",Health sciences,Nursing,Mental health nursing
RDF3030699,RDF30,RDF303,RDF30306,RDF3030699,"Medical, health and life sciences",Health sciences,Nursing,"Nursing, n.e.c."
RDF30399,RDF30,RDF303,RDF30399,,"Medical, health and life sciences",Health sciences,Other health sciences,
RDF3039999,RDF30,RDF303,RDF30399,RDF3039999,"Medical, health and life sciences",Health sciences,Other health sciences,"Other health sciences, n.e.c."
RDF304,RDF30,RDF304,,,"Medical, health and life sciences",Medical biotechnology,,
RDF30401,RDF30,RDF304,RDF30401,,"Medical, health and life sciences",Medical biotechnology,Medical biotechnology,
RDF3040101,RDF30,RDF304,RDF30401,RDF3040101,"Medical, health and life sciences",Medical biotechnology,Medical biotechnology,Gene and molecular therapy
RDF3040102,RDF30,RDF304,RDF30401,RDF3040102,"Medical, health and life sciences",Medical biotechnology,Medical biotechnology,Medical biotechnology diagnostics (including biosensors)
RDF3040103,RDF30,RDF304,RDF30401,RDF3040103,"Medical, health and life sciences",Medical biotechnology,Medical biotechnology,Medical molecular engineering of nucleic acids and proteins
RDF3040104,RDF30,RDF304,RDF30401,RDF3040104,"Medical, health and life sciences",Medical biotechnology,Medical biotechnology,Regenerative medicine (including stem cells and tissue engineering)
RDF3040199,RDF30,RDF304,RDF30401,RDF3040199,"Medical, health and life sciences",Medical biotechnology,Medical biotechnology,"Medical biotechnology, n.e.c."
RDF305,RDF30,RDF305,,,"Medical, health and life sciences",Other medical sciences,,
RDF30599,RDF30,RDF305,RDF30599,,"Medical, health and life sciences",Other medical sciences,Other medical sciences,
RDF3059999,RDF30,RDF305,RDF30599,RDF3059999,"Medical, health and life sciences",Other medical sciences,Other medical sciences,Other medical sciences
RDF40,RDF40,,,,Agricultural and veterinary sciences,,,
RDF401,RDF40,RDF401,,,Agricultural and veterinary sciences,"Agriculture, forestry, and fisheries",,
RDF40101,RDF40,RDF401,RDF40101,,Agricultural and veterinary sciences,"Agriculture, forestry, and fisheries","Agriculture, land and farm management",
RDF4010101,RDF40,RDF401,RDF40101,RDF4010101,Agricultural and veterinary sciences,"Agriculture, forestry, and fisheries","Agriculture, land and farm management",Agricultural land management
RDF4010102,RDF40,RDF401,RDF40101,RDF4010102,Agricultural and veterinary sciences,"Agriculture, forestry, and fisheries","Agriculture, land and farm management",Agricultural land planning
RDF4010103,RDF40,RDF401,RDF40101,RDF4010103,Agricultural and veterinary sciences,"Agriculture, forestry, and fisheries","Agriculture, land and farm management",Agricultural ecology
RDF4010104,RDF40,RDF401,RDF40101,RDF4010104,Agricultural and veterinary sciences,"Agriculture, forestry, and fisheries","Agriculture, land and farm management",Agricultural production systems simulation
RDF4010105,RDF40,RDF401,RDF40101,RDF4010105,Agricultural and veterinary sciences,"Agriculture, forestry, and fisheries","Agriculture, land and farm management",Agricultural spatial analysis and modelling
RDF4010106,RDF40,RDF401,RDF40101,RDF4010106,Agricultural and veterinary sciences,"Agriculture, forestry, and fisheries","Agriculture, land and farm management",Agricultural production systems analysis and modelling
RDF4010107,RDF40,RDF401,RDF40101,RDF4010107,Agricultural and veterinary sciences,"Agriculture, forestry, and fisheries","Agriculture, land and farm management","Farm management, rural management and agribusiness"
RDF4010108,RDF40,RDF401,RDF40101,RDF4010108,Agricultural and veterinary sciences,"Agriculture, forestry, and fisheries","Agriculture, land and farm management",Farming systems research
RDF4010109,RDF40,RDF401,RDF40101,RDF4010109,Agricultural and veterinary sciences,"Agriculture, forestry, and fisheries","Agriculture, land and farm management",Indigenous food system
RDF4010110,RDF40,RDF401,RDF40101,RDF4010110,Agricultural and veterinary sciences,"Agriculture, forestry, and fisheries","Agriculture, land and farm management",Sustainable agricultural development
RDF4010199,RDF40,RDF401,RDF40101,RDF4010199,Agricultural and veterinary sciences,"Agriculture, forestry, and fisheries","Agriculture, land and farm management","Agriculture, land and farm management, n.e.c."
RDF40102,RDF40,RDF401,RDF40102,,Agricultural and veterinary sciences,"Agriculture, forestry, and fisheries",Crop and pasture production,
RDF4010201,RDF40,RDF401,RDF40102,RDF4010201,Agricultural and veterinary sciences,"Agriculture, forestry, and fisheries",Crop and pasture production,Agro-ecosystem function and prediction
RDF4010202,RDF40,RDF401,RDF40102,RDF4010202,Agricultural and veterinary sciences,"Agriculture, forestry, and fisheries",Crop and pasture production,Agronomy
RDF4010203,RDF40,RDF401,RDF40102,RDF4010203,Agricultural and veterinary sciences,"Agriculture, forestry, and fisheries",Crop and pasture production,Crop and pasture biochemistry and physiology
RDF4010204,RDF40,RDF401,RDF40102,RDF4010204,Agricultural and veterinary sciences,"Agriculture, forestry, and fisheries",Crop and pasture production,Crop and pasture biomass and bioproducts
RDF4010205,RDF40,RDF401,RDF40102,RDF4010205,Agricultural and veterinary sciences,"Agriculture, forestry, and fisheries",Crop and pasture production,Crop and pasture improvement (selection and breeding)
RDF4010206,RDF40,RDF401,RDF40102,RDF4010206,Agricultural and veterinary sciences,"Agriculture, forestry, and fisheries",Crop and pasture production,Crop and pasture nutrition
RDF4010207,RDF40,RDF401,RDF40102,RDF4010207,Agricultural and veterinary sciences,"Agriculture, forestry, and fisheries",Crop and pasture production,Crop and pasture post harvest technologies (including transportation and storage)
RDF4010208,RDF40,RDF401,RDF40102,RDF4010208,Agricultural and veterinary sciences,"Agriculture, forestry, and fisheries",Crop and pasture production,"Crop and pasture protection (pests, diseases and weeds)"
RDF4010299,RDF40,RDF401,RDF40102,RDF4010299,Agricultural and veterinary sciences,"Agriculture, forestry, and fisheries",Crop and pasture production,"Crop and pasture production, n.e.c."
RDF40103,RDF40,RDF401,RDF40103,,Agricultural and veterinary sciences,"Agriculture, forestry, and fisheries",Horticultural production,
RDF4010301,RDF40,RDF401,RDF40103,RDF4010301,Agricultural and veterinary sciences,"Agriculture, forestry, and fisheries",Horticultural production,Horticultural crop growth and development
RDF4010302,RDF40,RDF401,RDF40103,RDF4010302,Agricultural and veterinary sciences,"Agriculture, forestry, and fisheries",Horticultural production,Horticultural crop improvement (selection and breeding)
RDF4010303,RDF40,RDF401,RDF40103,RDF4010303,Agricultural and veterinary sciences,"Agriculture, forestry, and fisheries",Horticultural production,"Horticultural crop protection (pests, diseases and weeds)"
RDF4010304,RDF40,RDF401,RDF40103,RDF4010304,Agricultural and veterinary sciences,"Agriculture, forestry, and fisheries",Horticultural production,Enology and viticulture
RDF4010305,RDF40,RDF401,RDF40103,RDF4010305,Agricultural and veterinary sciences,"Agriculture, forestry, and fisheries",Horticultural production,Post harvest horticultural technologies (including transportation and storage)
RDF4010399,RDF40,RDF401,RDF40103,RDF4010399,Agricultural and veterinary sciences,"Agriculture, forestry, and fisheries",Horticultural production,"Horticultural production, n.e.c."
RDF40104,RDF40,RDF401,RDF40104,,Agricultural and veterinary sciences,"Agriculture, forestry, and fisheries",Forestry sciences,
RDF4010401,RDF40,RDF401,RDF40104,RDF4010401,Agricultural and veterinary sciences,"Agriculture, forestry, and fisheries",Forestry sciences,Agroforestry
RDF4010402,RDF40,RDF401,RDF40104,RDF4010402,Agricultural and veterinary sciences,"Agriculture, forestry, and fisheries",Forestry sciences,Forestry biomass and bioproducts
RDF4010403,RDF40,RDF401,RDF40104,RDF4010403,Agricultural and veterinary sciences,"Agriculture, forestry, and fisheries",Forestry sciences,Forestry fire management
RDF4010404,RDF40,RDF401,RDF40104,RDF4010404,Agricultural and veterinary sciences,"Agriculture, forestry, and fisheries",Forestry sciences,Forestry management and environment
RDF4010405,RDF40,RDF401,RDF40104,RDF4010405,Agricultural and veterinary sciences,"Agriculture, forestry, and fisheries",Forestry sciences,Forest ecology
RDF4010406,RDF40,RDF401,RDF40104,RDF4010406,Agricultural and veterinary sciences,"Agriculture, forestry, and fisheries",Forestry sciences,"Forestry pests, health and diseases"
RDF4010407,RDF40,RDF401,RDF40104,RDF4010407,Agricultural and veterinary sciences,"Agriculture, forestry, and fisheries",Forestry sciences,Forestry product quality assessment
RDF4010408,RDF40,RDF401,RDF40104,RDF4010408,Agricultural and veterinary sciences,"Agriculture, forestry, and fisheries",Forestry sciences,Tree improvement (selection and breeding)
RDF4010409,RDF40,RDF401,RDF40104,RDF4010409,Agricultural and veterinary sciences,"Agriculture, forestry, and fisheries",Forestry sciences,Tree nutrition and physiology
RDF4010410,RDF40,RDF401,RDF40104,RDF4010410,Agricultural and veterinary sciences,"Agriculture, forestry, and fisheries",Forestry sciences,Wood and wood fibre processing
RDF4010411,RDF40,RDF401,RDF40104,RDF4010411,Agricultural and veterinary sciences,"Agriculture, forestry, and fisheries",Forestry sciences,Forest dynamics (including stand dynamics)
RDF4010412,RDF40,RDF401,RDF40104,RDF4010412,Agricultural and veterinary sciences,"Agriculture, forestry, and fisheries",Forestry sciences,Forest operations
RDF4010413,RDF40,RDF401,RDF40104,RDF4010413,Agricultural and veterinary sciences,"Agriculture, forestry, and fisheries",Forestry sciences,Forest engineering
RDF4010414,RDF40,RDF401,RDF40104,RDF4010414,Agricultural and veterinary sciences,"Agriculture, forestry, and fisheries",Forestry sciences,Quantitative methods in forestry
RDF4010499,RDF40,RDF401,RDF40104,RDF4010499,Agricultural and veterinary sciences,"Agriculture, forestry, and fisheries",Forestry sciences,"Forestry sciences, n.e.c."
RDF40105,RDF40,RDF401,RDF40105,,Agricultural and veterinary sciences,"Agriculture, forestry, and fisheries",Fisheries sciences,
RDF4010501,RDF40,RDF401,RDF40105,RDF4010501,Agricultural and veterinary sciences,"Agriculture, forestry, and fisheries",Fisheries sciences,Aquaculture
RDF4010502,RDF40,RDF401,RDF40105,RDF4010502,Agricultural and veterinary sciences,"Agriculture, forestry, and fisheries",Fisheries sciences,Aquatic ecosystem studies and stock assessment
RDF4010503,RDF40,RDF401,RDF40105,RDF4010503,Agricultural and veterinary sciences,"Agriculture, forestry, and fisheries",Fisheries sciences,Fisheries management
RDF4010504,RDF40,RDF401,RDF40105,RDF4010504,Agricultural and veterinary sciences,"Agriculture, forestry, and fisheries",Fisheries sciences,Fish pests and diseases
RDF4010505,RDF40,RDF401,RDF40105,RDF4010505,Agricultural and veterinary sciences,"Agriculture, forestry, and fisheries",Fisheries sciences,Fish physiology and genetics
RDF4010506,RDF40,RDF401,RDF40105,RDF4010506,Agricultural and veterinary sciences,"Agriculture, forestry, and fisheries",Fisheries sciences,Post-harvest fisheries technologies (including transportation)
RDF4010599,RDF40,RDF401,RDF40105,RDF4010599,Agricultural and veterinary sciences,"Agriculture, forestry, and fisheries",Fisheries sciences,"Fisheries sciences, n.e.c."
RDF402,RDF40,RDF402,,,Agricultural and veterinary sciences,Animal and dairy sciences,,
RDF40201,RDF40,RDF402,RDF40201,,Agricultural and veterinary sciences,Animal and dairy sciences,Animal production,
RDF4020101,RDF40,RDF402,RDF40201,RDF4020101,Agricultural and veterinary sciences,Animal and dairy sciences,Animal production,Animal breeding
RDF4020102,RDF40,RDF402,RDF40201,RDF4020102,Agricultural and veterinary sciences,Animal and dairy sciences,Animal production,Animal growth and development
RDF4020103,RDF40,RDF402,RDF40201,RDF4020103,Agricultural and veterinary sciences,Animal and dairy sciences,Animal production,Animal management
RDF4020104,RDF40,RDF402,RDF40201,RDF4020104,Agricultural and veterinary sciences,Animal and dairy sciences,Animal production,Animal nutrition and metabolism
RDF4020105,RDF40,RDF402,RDF40201,RDF4020105,Agricultural and veterinary sciences,Animal and dairy sciences,Animal production,Animal protection (pests and pathogens)
RDF4020106,RDF40,RDF402,RDF40201,RDF4020106,Agricultural and veterinary sciences,Animal and dairy sciences,Animal production,Animal reproduction
RDF4020107,RDF40,RDF402,RDF40201,RDF4020107,Agricultural and veterinary sciences,Animal and dairy sciences,Animal production,Humane animal treatment
RDF4020199,RDF40,RDF402,RDF40201,RDF4020199,Agricultural and veterinary sciences,Animal and dairy sciences,Animal production,"Animal production, n.e.c."
RDF403,RDF40,RDF403,,,Agricultural and veterinary sciences,Veterinary sciences,,
RDF40301,RDF40,RDF403,RDF40301,,Agricultural and veterinary sciences,Veterinary sciences,Veterinary sciences,
RDF4030101,RDF40,RDF403,RDF40301,RDF4030101,Agricultural and veterinary sciences,Veterinary sciences,Veterinary sciences,Veterinary anesthesiology and intensive care
RDF4030102,RDF40,RDF403,RDF40301,RDF4030102,Agricultural and veterinary sciences,Veterinary sciences,Veterinary sciences,Veterinary diagnosis and diagnostics
RDF4030103,RDF40,RDF403,RDF40301,RDF4030103,Agricultural and veterinary sciences,Veterinary sciences,Veterinary sciences,Veterinary epidemiology
RDF4030104,RDF40,RDF403,RDF40301,RDF4030104,Agricultural and veterinary sciences,Veterinary sciences,Veterinary sciences,Veterinary immunology
RDF4030105,RDF40,RDF403,RDF40301,RDF4030105,Agricultural and veterinary sciences,Veterinary sciences,Veterinary sciences,Veterinary medicine
RDF4030106,RDF40,RDF403,RDF40301,RDF4030106,Agricultural and veterinary sciences,Veterinary sciences,Veterinary sciences,Veterinary microbiology (except virology)
RDF4030107,RDF40,RDF403,RDF40301,RDF4030107,Agricultural and veterinary sciences,Veterinary sciences,Veterinary sciences,Veterinary parasitology
RDF4030108,RDF40,RDF403,RDF40301,RDF4030108,Agricultural and veterinary sciences,Veterinary sciences,Veterinary sciences,Veterinary pathology
RDF4030109,RDF40,RDF403,RDF40301,RDF4030109,Agricultural and veterinary sciences,Veterinary sciences,Veterinary sciences,Veterinary pharmacology
RDF4030110,RDF40,RDF403,RDF40301,RDF4030110,Agricultural and veterinary sciences,Veterinary sciences,Veterinary sciences,Veterinary surgery
RDF4030111,RDF40,RDF403,RDF40301,RDF4030111,Agricultural and veterinary sciences,Veterinary sciences,Veterinary sciences,Veterinary virology
RDF4030112,RDF40,RDF403,RDF40301,RDF4030112,Agricultural and veterinary sciences,Veterinary sciences,Veterinary sciences,Veterinary opthalmology
RDF4030113,RDF40,RDF403,RDF40301,RDF4030113,Agricultural and veterinary sciences,Veterinary sciences,Veterinary sciences,Veterinary dentistry
RDF4030199,RDF40,RDF403,RDF40301,RDF4030199,Agricultural and veterinary sciences,Veterinary sciences,Veterinary sciences,"Veterinary sciences, n.e.c."
RDF404,RDF40,RDF404,,,Agricultural and veterinary sciences,Agricultural biotechnology and food sciences,,
RDF40401,RDF40,RDF404,RDF40401,,Agricultural and veterinary sciences,Agricultural biotechnology and food sciences,Agricultural biotechnology,
RDF4040101,RDF40,RDF404,RDF40401,RDF4040101,Agricultural and veterinary sciences,Agricultural biotechnology and food sciences,Agricultural biotechnology,Agricultural marine biotechnology
RDF4040102,RDF40,RDF404,RDF40401,RDF4040102,Agricultural and veterinary sciences,Agricultural biotechnology and food sciences,Agricultural biotechnology,Agricultural biotechnology diagnostics (including biosensors)
RDF4040103,RDF40,RDF404,RDF40401,RDF4040103,Agricultural and veterinary sciences,Agricultural biotechnology and food sciences,Agricultural biotechnology,Genetically modified field crops and pastures
RDF4040104,RDF40,RDF404,RDF40401,RDF4040104,Agricultural and veterinary sciences,Agricultural biotechnology and food sciences,Agricultural biotechnology,Genetically modified horticulture plants
RDF4040105,RDF40,RDF404,RDF40401,RDF4040105,Agricultural and veterinary sciences,Agricultural biotechnology and food sciences,Agricultural biotechnology,Genetically modified trees
RDF4040106,RDF40,RDF404,RDF40401,RDF4040106,Agricultural and veterinary sciences,Agricultural biotechnology and food sciences,Agricultural biotechnology,Genetically modified animals
RDF4040107,RDF40,RDF404,RDF40401,RDF4040107,Agricultural and veterinary sciences,Agricultural biotechnology and food sciences,Agricultural biotechnology,Livestock cloning
RDF4040108,RDF40,RDF404,RDF40401,RDF4040108,Agricultural and veterinary sciences,Agricultural biotechnology and food sciences,Agricultural biotechnology,Biomass feedstock production technologies
RDF4040109,RDF40,RDF404,RDF40401,RDF4040109,Agricultural and veterinary sciences,Agricultural biotechnology and food sciences,Agricultural biotechnology,Biopharming
RDF4040110,RDF40,RDF404,RDF40401,RDF4040110,Agricultural and veterinary sciences,Agricultural biotechnology and food sciences,Agricultural biotechnology,Agricultural biotechnology ethics
RDF4040111,RDF40,RDF404,RDF40401,RDF4040111,Agricultural and veterinary sciences,Agricultural biotechnology and food sciences,Agricultural biotechnology,Agricultural hydrology
RDF4040112,RDF40,RDF404,RDF40401,RDF4040112,Agricultural and veterinary sciences,Agricultural biotechnology and food sciences,Agricultural biotechnology,Fertilizers and agrochemicals (including their application)
RDF4040113,RDF40,RDF404,RDF40401,RDF4040113,Agricultural and veterinary sciences,Agricultural biotechnology and food sciences,Agricultural biotechnology,Transgenesis
RDF4040199,RDF40,RDF404,RDF40401,RDF4040199,Agricultural and veterinary sciences,Agricultural biotechnology and food sciences,Agricultural biotechnology,"Agricultural biotechnology, n.e.c."
RDF40402,RDF40,RDF404,RDF40402,,Agricultural and veterinary sciences,Agricultural biotechnology and food sciences,Food sciences (including food engineering),
RDF4040201,RDF40,RDF404,RDF40402,RDF4040201,Agricultural and veterinary sciences,Agricultural biotechnology and food sciences,Food sciences (including food engineering),Food chemistry (including fermentation)
RDF4040202,RDF40,RDF404,RDF40402,RDF4040202,Agricultural and veterinary sciences,Agricultural biotechnology and food sciences,Food sciences (including food engineering),Food microbiology
RDF4040203,RDF40,RDF404,RDF40402,RDF4040203,Agricultural and veterinary sciences,Agricultural biotechnology and food sciences,Food sciences (including food engineering),Food safety
RDF4040204,RDF40,RDF404,RDF40402,RDF4040204,Agricultural and veterinary sciences,Agricultural biotechnology and food sciences,Food sciences (including food engineering),"Food and beverage processing (including packaging, additives, transportation and preservation)"
RDF4040205,RDF40,RDF404,RDF40402,RDF4040205,Agricultural and veterinary sciences,Agricultural biotechnology and food sciences,Food sciences (including food engineering),"Nutraceuticals, functional foods and bioactive"
RDF4040206,RDF40,RDF404,RDF40402,RDF4040206,Agricultural and veterinary sciences,Agricultural biotechnology and food sciences,Food sciences (including food engineering),"Food rheology, food texture and sensory evaluation"
RDF4040207,RDF40,RDF404,RDF40402,RDF4040207,Agricultural and veterinary sciences,Agricultural biotechnology and food sciences,Food sciences (including food engineering),"Food colloids, gels, foam and emulsions"
RDF4040208,RDF40,RDF404,RDF40402,RDF4040208,Agricultural and veterinary sciences,Agricultural biotechnology and food sciences,Food sciences (including food engineering),Food engineering
RDF4040299,RDF40,RDF404,RDF40402,RDF4040299,Agricultural and veterinary sciences,Agricultural biotechnology and food sciences,Food sciences (including food engineering),"Food sciences, n.e.c."
RDF405,RDF40,RDF405,,,Agricultural and veterinary sciences,Other agricultural sciences,,
RDF40599,RDF40,RDF405,RDF40599,,Agricultural and veterinary sciences,Other agricultural sciences,Other agricultural sciences,
RDF4059999,RDF40,RDF405,RDF40599,RDF4059999,Agricultural and veterinary sciences,Other agricultural sciences,Other agricultural sciences,Other agricultural sciences
RDF50,RDF50,,,,Social sciences,,,
RDF501,RDF50,RDF501,,,Social sciences,Psychology and cognitive sciences,,
RDF50101,RDF50,RDF501,RDF50101,,Social sciences,Psychology and cognitive sciences,"Psychology, social and behavioural aspects",
RDF5010101,RDF50,RDF501,RDF50101,RDF5010101,Social sciences,Psychology and cognitive sciences,"Psychology, social and behavioural aspects",Psychology of addiction
RDF5010102,RDF50,RDF501,RDF50101,RDF5010102,Social sciences,Psychology and cognitive sciences,"Psychology, social and behavioural aspects",Developmental psychology
RDF5010103,RDF50,RDF501,RDF50101,RDF5010103,Social sciences,Psychology and cognitive sciences,"Psychology, social and behavioural aspects",Educational psychology
RDF5010104,RDF50,RDF501,RDF50101,RDF5010104,Social sciences,Psychology and cognitive sciences,"Psychology, social and behavioural aspects",Evolutionary psychology
RDF5010105,RDF50,RDF501,RDF50101,RDF5010105,Social sciences,Psychology and cognitive sciences,"Psychology, social and behavioural aspects",Forensic psychology
RDF5010106,RDF50,RDF501,RDF50101,RDF5010106,Social sciences,Psychology and cognitive sciences,"Psychology, social and behavioural aspects",Gender psychology
RDF5010107,RDF50,RDF501,RDF50101,RDF5010107,Social sciences,Psychology and cognitive sciences,"Psychology, social and behavioural aspects","Sexual identity, sexual attraction and sexual behaviour"
RDF5010108,RDF50,RDF501,RDF50101,RDF5010108,Social sciences,Psychology and cognitive sciences,"Psychology, social and behavioural aspects",Health psychology
RDF5010109,RDF50,RDF501,RDF50101,RDF5010109,Social sciences,Psychology and cognitive sciences,"Psychology, social and behavioural aspects",Clinical psychology
RDF5010110,RDF50,RDF501,RDF50101,RDF5010110,Social sciences,Psychology and cognitive sciences,"Psychology, social and behavioural aspects",Counselling psychology
RDF5010111,RDF50,RDF501,RDF50101,RDF5010111,Social sciences,Psychology and cognitive sciences,"Psychology, social and behavioural aspects",Psychological trauma and related clinical interventions
RDF5010112,RDF50,RDF501,RDF50101,RDF5010112,Social sciences,Psychology and cognitive sciences,"Psychology, social and behavioural aspects",Clinical child psychology
RDF5010113,RDF50,RDF501,RDF50101,RDF5010113,Social sciences,Psychology and cognitive sciences,"Psychology, social and behavioural aspects",Psychopathology
RDF5010114,RDF50,RDF501,RDF50101,RDF5010114,Social sciences,Psychology and cognitive sciences,"Psychology, social and behavioural aspects",Industrial and organizational psychology
RDF5010115,RDF50,RDF501,RDF50101,RDF5010115,Social sciences,Psychology and cognitive sciences,"Psychology, social and behavioural aspects",Cultural psychology
RDF5010116,RDF50,RDF501,RDF50101,RDF5010116,Social sciences,Psychology and cognitive sciences,"Psychology, social and behavioural aspects","Psychological methodology design and analysis, and psychometrics"
RDF5010117,RDF50,RDF501,RDF50101,RDF5010117,Social sciences,Psychology and cognitive sciences,"Psychology, social and behavioural aspects",Social psychology
RDF5010118,RDF50,RDF501,RDF50101,RDF5010118,Social sciences,Psychology and cognitive sciences,"Psychology, social and behavioural aspects",Community psychology
RDF5010119,RDF50,RDF501,RDF50101,RDF5010119,Social sciences,Psychology and cognitive sciences,"Psychology, social and behavioural aspects",Sport and exercise psychology
RDF5010120,RDF50,RDF501,RDF50101,RDF5010120,Social sciences,Psychology and cognitive sciences,"Psychology, social and behavioural aspects",Positive psychology
RDF5010121,RDF50,RDF501,RDF50101,RDF5010121,Social sciences,Psychology and cognitive sciences,"Psychology, social and behavioural aspects",Mental health and wellbeing
RDF5010122,RDF50,RDF501,RDF50101,RDF5010122,Social sciences,Psychology and cognitive sciences,"Psychology, social and behavioural aspects",Ecopsychology
RDF5010123,RDF50,RDF501,RDF50101,RDF5010123,Social sciences,Psychology and cognitive sciences,"Psychology, social and behavioural aspects",Personality psychology
RDF5010124,RDF50,RDF501,RDF50101,RDF5010124,Social sciences,Psychology and cognitive sciences,"Psychology, social and behavioural aspects",Social cognition
RDF5010199,RDF50,RDF501,RDF50101,RDF5010199,Social sciences,Psychology and cognitive sciences,"Psychology, social and behavioural aspects","Psychology, social and behavioural aspects, n.e.c."
RDF50102,RDF50,RDF501,RDF50102,,Social sciences,Psychology and cognitive sciences,Cognitive sciences,
RDF5010201,RDF50,RDF501,RDF50102,RDF5010201,Social sciences,Psychology and cognitive sciences,Cognitive sciences,"Sensory processes, perception and performance"
RDF5010202,RDF50,RDF501,RDF50102,RDF5010202,Social sciences,Psychology and cognitive sciences,Cognitive sciences,Judgement and decision making
RDF5010203,RDF50,RDF501,RDF50102,RDF5010203,Social sciences,Psychology and cognitive sciences,Cognitive sciences,Speech production
RDF5010204,RDF50,RDF501,RDF50102,RDF5010204,Social sciences,Psychology and cognitive sciences,Cognitive sciences,Speech comprehension
RDF5010205,RDF50,RDF501,RDF50102,RDF5010205,Social sciences,Psychology and cognitive sciences,Cognitive sciences,Cognitive understanding
RDF5010206,RDF50,RDF501,RDF50102,RDF5010206,Social sciences,Psychology and cognitive sciences,Cognitive sciences,Supplementary languages
RDF5010207,RDF50,RDF501,RDF50102,RDF5010207,Social sciences,Psychology and cognitive sciences,Cognitive sciences,Cognitive development
RDF5010208,RDF50,RDF501,RDF50102,RDF5010208,Social sciences,Psychology and cognitive sciences,Cognitive sciences,Cognitive behaviour
RDF5010209,RDF50,RDF501,RDF50102,RDF5010209,Social sciences,Psychology and cognitive sciences,Cognitive sciences,Sleep (including sleep behaviour and development)
RDF5010210,RDF50,RDF501,RDF50102,RDF5010210,Social sciences,Psychology and cognitive sciences,Cognitive sciences,"Memory (including episodic and semantic memory, and working memory)"
RDF5010299,RDF50,RDF501,RDF50102,RDF5010299,Social sciences,Psychology and cognitive sciences,Cognitive sciences,"Cognitive sciences, n.e.c."
RDF502,RDF50,RDF502,,,Social sciences,Economics and business administration,,
RDF50201,RDF50,RDF502,RDF50201,,Social sciences,Economics and business administration,Economics,
RDF5020101,RDF50,RDF502,RDF50201,RDF5020101,Social sciences,Economics and business administration,Economics,Economic history and heterodox economics
RDF5020102,RDF50,RDF502,RDF50201,RDF5020102,Social sciences,Economics and business administration,Economics,Macroeconomics (including monetary and fiscal theory)
RDF5020103,RDF50,RDF502,RDF50201,RDF5020103,Social sciences,Economics and business administration,Economics,Microeconomics
RDF5020104,RDF50,RDF502,RDF50201,RDF5020104,Social sciences,Economics and business administration,Economics,Comparative economic systems
RDF5020105,RDF50,RDF502,RDF50201,RDF5020105,Social sciences,Economics and business administration,Economics,Econometrics
RDF5020106,RDF50,RDF502,RDF50201,RDF5020106,Social sciences,Economics and business administration,Economics,Agricultural economics
RDF5020107,RDF50,RDF502,RDF50201,RDF5020107,Social sciences,Economics and business administration,Economics,Economics of development and growth
RDF5020108,RDF50,RDF502,RDF50201,RDF5020108,Social sciences,Economics and business administration,Economics,Economics of innovation and technical change
RDF5020109,RDF50,RDF502,RDF50201,RDF5020109,Social sciences,Economics and business administration,Economics,Economics of education
RDF5020110,RDF50,RDF502,RDF50201,RDF5020110,Social sciences,Economics and business administration,Economics,Economics of health care
RDF5020111,RDF50,RDF502,RDF50201,RDF5020111,Social sciences,Economics and business administration,Economics,Environment and natural resources economics
RDF5020112,RDF50,RDF502,RDF50201,RDF5020112,Social sciences,Economics and business administration,Economics,Financial economics
RDF5020113,RDF50,RDF502,RDF50201,RDF5020113,Social sciences,Economics and business administration,Economics,Industry economics and industrial organization
RDF5020114,RDF50,RDF502,RDF50201,RDF5020114,Social sciences,Economics and business administration,Economics,International economics and international finance
RDF5020115,RDF50,RDF502,RDF50201,RDF5020115,Social sciences,Economics and business administration,Economics,Indigenous economics
RDF5020116,RDF50,RDF502,RDF50201,RDF5020116,Social sciences,Economics and business administration,Economics,Labour and demographic economics
RDF5020117,RDF50,RDF502,RDF50201,RDF5020117,Social sciences,Economics and business administration,Economics,Public economics
RDF5020118,RDF50,RDF502,RDF50201,RDF5020118,Social sciences,Economics and business administration,Economics,Transport economics
RDF5020119,RDF50,RDF502,RDF50201,RDF5020119,Social sciences,Economics and business administration,Economics,"Urban, rural and regional economics"
RDF5020120,RDF50,RDF502,RDF50201,RDF5020120,Social sciences,Economics and business administration,Economics,Economics of international development
RDF5020121,RDF50,RDF502,RDF50201,RDF5020121,Social sciences,Economics and business administration,Economics,Welfare economics
RDF5020122,RDF50,RDF502,RDF50201,RDF5020122,Social sciences,Economics and business administration,Economics,Economic systems
RDF5020123,RDF50,RDF502,RDF50201,RDF5020123,Social sciences,Economics and business administration,Economics,Circular economy
RDF5020124,RDF50,RDF502,RDF50201,RDF5020124,Social sciences,Economics and business administration,Economics,Social and solidarity economics
RDF5020125,RDF50,RDF502,RDF50201,RDF5020125,Social sciences,Economics and business administration,Economics,Collaborative economy and sharing economy
RDF5020126,RDF50,RDF502,RDF50201,RDF5020126,Social sciences,Economics and business administration,Economics,Real estate economics
RDF5020127,RDF50,RDF502,RDF50201,RDF5020127,Social sciences,Economics and business administration,Economics,Experimental economics
RDF5020199,RDF50,RDF502,RDF50201,RDF5020199,Social sciences,Economics and business administration,Economics,"Economics, n.e.c."
RDF50202,RDF50,RDF502,RDF50202,,Social sciences,Economics and business administration,Industrial relations and work relations,
RDF5020201,RDF50,RDF502,RDF50202,RDF5020201,Social sciences,Economics and business administration,Industrial relations and work relations,"Labour laws, policies and standards applications in the workplace"
RDF5020202,RDF50,RDF502,RDF50202,RDF5020202,Social sciences,Economics and business administration,Industrial relations and work relations,Unionism
RDF5020203,RDF50,RDF502,RDF50202,RDF5020203,Social sciences,Economics and business administration,Industrial relations and work relations,"Occupational health, safety and wellness management"
RDF5020204,RDF50,RDF502,RDF50202,RDF5020204,Social sciences,Economics and business administration,Industrial relations and work relations,Human resources management
RDF5020205,RDF50,RDF502,RDF50202,RDF5020205,Social sciences,Economics and business administration,Industrial relations and work relations,Interpersonal communication in the workplace studies
RDF5020299,RDF50,RDF502,RDF50202,RDF5020299,Social sciences,Economics and business administration,Industrial relations and work relations,"Industrial relations and work relations, n.e.c."
RDF50203,RDF50,RDF502,RDF50203,,Social sciences,Economics and business administration,Marketing,
RDF5020301,RDF50,RDF502,RDF50203,RDF5020301,Social sciences,Economics and business administration,Marketing,Distribution and start-ups
RDF5020302,RDF50,RDF502,RDF50203,RDF5020302,Social sciences,Economics and business administration,Marketing,Market studies
RDF5020303,RDF50,RDF502,RDF50203,RDF5020303,Social sciences,Economics and business administration,Marketing,Advertising and promotion
RDF5020304,RDF50,RDF502,RDF50203,RDF5020304,Social sciences,Economics and business administration,Marketing,Sales and marketing
RDF5020399,RDF50,RDF502,RDF50203,RDF5020399,Social sciences,Economics and business administration,Marketing,"Marketing, n.e.c."
RDF50204,RDF50,RDF502,RDF50204,,Social sciences,Economics and business administration,Finance,
RDF5020401,RDF50,RDF502,RDF50204,RDF5020401,Social sciences,Economics and business administration,Finance,Accounting
RDF5020402,RDF50,RDF502,RDF50204,RDF5020402,Social sciences,Economics and business administration,Finance,Financial management
RDF5020403,RDF50,RDF502,RDF50204,RDF5020403,Social sciences,Economics and business administration,Finance,Insurances
RDF5020404,RDF50,RDF502,RDF50204,RDF5020404,Social sciences,Economics and business administration,Finance,Financial systems and banking
RDF5020405,RDF50,RDF502,RDF50204,RDF5020405,Social sciences,Economics and business administration,Finance,Monetary systems and policies
RDF5020406,RDF50,RDF502,RDF50204,RDF5020406,Social sciences,Economics and business administration,Finance,Taxation and tax systems
RDF5020407,RDF50,RDF502,RDF50204,RDF5020407,Social sciences,Economics and business administration,Finance,Stock markets
RDF5020499,RDF50,RDF502,RDF50204,RDF5020499,Social sciences,Economics and business administration,Finance,"Finance, n.e.c."
RDF50205,RDF50,RDF502,RDF50205,,Social sciences,Economics and business administration,Management and trade,
RDF5020501,RDF50,RDF502,RDF50205,RDF5020501,Social sciences,Economics and business administration,Management and trade,Management information systems
RDF5020502,RDF50,RDF502,RDF50205,RDF5020502,Social sciences,Economics and business administration,Management and trade,Entrepreneurship
RDF5020503,RDF50,RDF502,RDF50205,RDF5020503,Social sciences,Economics and business administration,Management and trade,International trade
RDF5020504,RDF50,RDF502,RDF50205,RDF5020504,Social sciences,Economics and business administration,Management and trade,Operations and supply chain management
RDF5020505,RDF50,RDF502,RDF50205,RDF5020505,Social sciences,Economics and business administration,Management and trade,Facilities management
RDF5020506,RDF50,RDF502,RDF50205,RDF5020506,Social sciences,Economics and business administration,Management and trade,Inventory and distribution logistics
RDF5020507,RDF50,RDF502,RDF50205,RDF5020507,Social sciences,Economics and business administration,Management and trade,Business policy
RDF5020508,RDF50,RDF502,RDF50205,RDF5020508,Social sciences,Economics and business administration,Management and trade,Organizational behaviour
RDF5020509,RDF50,RDF502,RDF50205,RDF5020509,Social sciences,Economics and business administration,Management and trade,Management theory
RDF5020510,RDF50,RDF502,RDF50205,RDF5020510,Social sciences,Economics and business administration,Management and trade,Public sector and government management
RDF5020511,RDF50,RDF502,RDF50205,RDF5020511,Social sciences,Economics and business administration,Management and trade,Sustainability management
RDF5020512,RDF50,RDF502,RDF50205,RDF5020512,Social sciences,Economics and business administration,Management and trade,Sustainable development and policy
RDF5020513,RDF50,RDF502,RDF50205,RDF5020513,Social sciences,Economics and business administration,Management and trade,Competitiveness and innovation
RDF5020514,RDF50,RDF502,RDF50205,RDF5020514,Social sciences,Economics and business administration,Management and trade,Crisis management
RDF5020515,RDF50,RDF502,RDF50205,RDF5020515,Social sciences,Economics and business administration,Management and trade,Environmental management (except in natural environment)
RDF5020516,RDF50,RDF502,RDF50205,RDF5020516,Social sciences,Economics and business administration,Management and trade,Assessment and optimization in management
RDF5020517,RDF50,RDF502,RDF50205,RDF5020517,Social sciences,Economics and business administration,Management and trade,Change management
RDF5020518,RDF50,RDF502,RDF50205,RDF5020518,Social sciences,Economics and business administration,Management and trade,Social innovation management
RDF5020599,RDF50,RDF502,RDF50205,RDF5020599,Social sciences,Economics and business administration,Management and trade,"Management and trade, n.e.c."
RDF503,RDF50,RDF503,,,Social sciences,Education,,
RDF50301,RDF50,RDF503,RDF50301,,Social sciences,Education,Education systems,
RDF5030101,RDF50,RDF503,RDF50301,RDF5030101,Social sciences,Education,Education systems,Early childhood education
RDF5030102,RDF50,RDF503,RDF50301,RDF5030102,Social sciences,Education,Education systems,Primary education
RDF5030103,RDF50,RDF503,RDF50301,RDF5030103,Social sciences,Education,Education systems,Secondary education
RDF5030104,RDF50,RDF503,RDF50301,RDF5030104,Social sciences,Education,Education systems,Higher education
RDF5030105,RDF50,RDF503,RDF50301,RDF5030105,Social sciences,Education,Education systems,"Adult and continuing education, and community education"
RDF5030106,RDF50,RDF503,RDF50301,RDF5030106,Social sciences,Education,Education systems,Indigenous education system
RDF5030107,RDF50,RDF503,RDF50301,RDF5030107,Social sciences,Education,Education systems,"Technical, continuing and workplace education"
RDF5030108,RDF50,RDF503,RDF50301,RDF5030108,Social sciences,Education,Education systems,Open education
RDF5030109,RDF50,RDF503,RDF50301,RDF5030109,Social sciences,Education,Education systems,Distance learning
RDF5030199,RDF50,RDF503,RDF50301,RDF5030199,Social sciences,Education,Education systems,"Education systems, n.e.c."
RDF50302,RDF50,RDF503,RDF50302,,Social sciences,Education,"Curriculum, pedagogy and didactics",
RDF5030201,RDF50,RDF503,RDF50302,RDF5030201,Social sciences,Education,"Curriculum, pedagogy and didactics","Creative arts, media and communication curriculum, and pedagogy and didactics"
RDF5030202,RDF50,RDF503,RDF50302,RDF5030202,Social sciences,Education,"Curriculum, pedagogy and didactics",Curriculum and pedagogy theory and development
RDF5030203,RDF50,RDF503,RDF50302,RDF5030203,Social sciences,Education,"Curriculum, pedagogy and didactics","Economics, business and management curriculum, pedagogy and didactics"
RDF5030204,RDF50,RDF503,RDF50302,RDF5030204,Social sciences,Education,"Curriculum, pedagogy and didactics","English language and literacy curriculum, pedagogy and didactics (except ESL, TESOL,LOTE and sign language)"
RDF5030205,RDF50,RDF503,RDF50302,RDF5030205,Social sciences,Education,"Curriculum, pedagogy and didactics","French language and literacy curriculum, pedagogy and didactics (except sign language)"
RDF5030206,RDF50,RDF503,RDF50302,RDF5030206,Social sciences,Education,"Curriculum, pedagogy and didactics","ESL, TESOL, LOTE and sign language curriculum, pedagogy and didactics"
RDF5030207,RDF50,RDF503,RDF50302,RDF5030207,Social sciences,Education,"Curriculum, pedagogy and didactics","Humanities and social sciences curriculum, pedagogy and didactics (except economics, business and management)"
RDF5030208,RDF50,RDF503,RDF50302,RDF5030208,Social sciences,Education,"Curriculum, pedagogy and didactics","Mathematics and numeracy curriculum, pedagogy and didactics"
RDF5030209,RDF50,RDF503,RDF50302,RDF5030209,Social sciences,Education,"Curriculum, pedagogy and didactics","Medicine, nursing and health curriculum, pedagogy and didactics"
RDF5030210,RDF50,RDF503,RDF50302,RDF5030210,Social sciences,Education,"Curriculum, pedagogy and didactics","Physical education and development curriculum, pedagogy and didactics"
RDF5030211,RDF50,RDF503,RDF50302,RDF5030211,Social sciences,Education,"Curriculum, pedagogy and didactics","Science, technology and engineering curriculum, pedagogy and didactics"
RDF5030212,RDF50,RDF503,RDF50302,RDF5030212,Social sciences,Education,"Curriculum, pedagogy and didactics","Vocational education and training curriculum, pedagogy and didactics"
RDF5030213,RDF50,RDF503,RDF50302,RDF5030213,Social sciences,Education,"Curriculum, pedagogy and didactics",Teaching approaches
RDF5030214,RDF50,RDF503,RDF50302,RDF5030214,Social sciences,Education,"Curriculum, pedagogy and didactics",Open pedagogy
RDF5030299,RDF50,RDF503,RDF50302,RDF5030299,Social sciences,Education,"Curriculum, pedagogy and didactics","Curriculum, pedagogy and didactics, n.e.c."
RDF50303,RDF50,RDF503,RDF50303,,Social sciences,Education,Specialized studies in education,
RDF5030301,RDF50,RDF503,RDF50303,RDF5030301,Social sciences,Education,Specialized studies in education,Specialized studies in Indigenous education
RDF5030302,RDF50,RDF503,RDF50303,RDF5030302,Social sciences,Education,Specialized studies in education,Comparative and cross-cultural education
RDF5030303,RDF50,RDF503,RDF50303,RDF5030303,Social sciences,Education,Specialized studies in education,Educational assessment and evaluation
RDF5030304,RDF50,RDF503,RDF50303,RDF5030304,Social sciences,Education,Specialized studies in education,"Educational administration, management and leadership"
RDF5030305,RDF50,RDF503,RDF50303,RDF5030305,Social sciences,Education,Specialized studies in education,Educational counselling
RDF5030306,RDF50,RDF503,RDF50303,RDF5030306,Social sciences,Education,Specialized studies in education,Educational technology and computing
RDF5030307,RDF50,RDF503,RDF50303,RDF5030307,Social sciences,Education,Specialized studies in education,Ethnic education (except Indigenous education)
RDF5030308,RDF50,RDF503,RDF50303,RDF5030308,Social sciences,Education,Specialized studies in education,"Gender, sexuality and education"
RDF5030309,RDF50,RDF503,RDF50303,RDF5030309,Social sciences,Education,Specialized studies in education,Learning sciences
RDF5030310,RDF50,RDF503,RDF50303,RDF5030310,Social sciences,Education,Specialized studies in education,Special education and disability
RDF5030311,RDF50,RDF503,RDF50303,RDF5030311,Social sciences,Education,Specialized studies in education,Teacher education and professional development of educators
RDF5030312,RDF50,RDF503,RDF50303,RDF5030312,Social sciences,Education,Specialized studies in education,"Inter-disciplinary, trans-disciplinary learning and education"
RDF5030399,RDF50,RDF503,RDF50303,RDF5030399,Social sciences,Education,Specialized studies in education,"Specialist studies in education, n.e.c."
RDF50399,RDF50,RDF503,RDF50399,,Social sciences,Education,Other education,
RDF5039901,RDF50,RDF503,RDF50399,RDF5039901,Social sciences,Education,Other education,Disciplinary education
RDF5039902,RDF50,RDF503,RDF50399,RDF5039902,Social sciences,Education,Other education,Environmental education and extension
RDF5039903,RDF50,RDF503,RDF50399,RDF5039903,Social sciences,Education,Other education,Orthopedagogy
RDF5039904,RDF50,RDF503,RDF50399,RDF5039904,Social sciences,Education,Other education,Psychopedagogy
RDF5039905,RDF50,RDF503,RDF50399,RDF5039905,Social sciences,Education,Other education,Psychoeducation
RDF5039999,RDF50,RDF503,RDF50399,RDF5039999,Social sciences,Education,Other education,"Other education, n.e.c."
RDF504,RDF50,RDF504,,,Social sciences,Sociology and related studies,,
RDF50401,RDF50,RDF504,RDF50401,,Social sciences,Sociology and related studies,Sociology,
RDF5040101,RDF50,RDF504,RDF50401,RDF5040101,Social sciences,Sociology and related studies,Sociology,"Applied sociology, program evaluation and social impact assessment"
RDF5040102,RDF50,RDF504,RDF50401,RDF5040102,Social sciences,Sociology and related studies,Sociology,Environmental sociology
RDF5040103,RDF50,RDF504,RDF50401,RDF5040103,Social sciences,Sociology and related studies,Sociology,Race and ethnic relations
RDF5040104,RDF50,RDF504,RDF50401,RDF5040104,Social sciences,Sociology and related studies,Sociology,Rural sociology
RDF5040105,RDF50,RDF504,RDF50401,RDF5040105,Social sciences,Sociology and related studies,Sociology,Social change
RDF5040106,RDF50,RDF504,RDF50401,RDF5040106,Social sciences,Sociology and related studies,Sociology,Social theory
RDF5040107,RDF50,RDF504,RDF50401,RDF5040107,Social sciences,Sociology and related studies,Sociology,Sociological methodology and research methods
RDF5040108,RDF50,RDF504,RDF50401,RDF5040108,Social sciences,Sociology and related studies,Sociology,Sociology and social studies of science and technology
RDF5040109,RDF50,RDF504,RDF50401,RDF5040109,Social sciences,Sociology and related studies,Sociology,Sociology of education
RDF5040110,RDF50,RDF504,RDF50401,RDF5040110,Social sciences,Sociology and related studies,Sociology,Sociology of work
RDF5040111,RDF50,RDF504,RDF50401,RDF5040111,Social sciences,Sociology and related studies,Sociology,Urban sociology and community studies
RDF5040112,RDF50,RDF504,RDF50401,RDF5040112,Social sciences,Sociology and related studies,Sociology,"Sociology and social studies of health, health systems and health care"
RDF5040113,RDF50,RDF504,RDF50401,RDF5040113,Social sciences,Sociology and related studies,Sociology,Social impacts of artificial intelligence
RDF5040199,RDF50,RDF504,RDF50401,RDF5040199,Social sciences,Sociology and related studies,Sociology,"Sociology, n.e.c."
RDF50499,RDF50,RDF504,RDF50499,,Social sciences,Sociology and related studies,Other studies in human society,
RDF5049901,RDF50,RDF504,RDF50499,RDF5049901,Social sciences,Sociology and related studies,Other studies in human society,Studies of Indigenous societies
RDF5049902,RDF50,RDF504,RDF50499,RDF5049902,Social sciences,Sociology and related studies,Other studies in human society,Studies of Canadian society
RDF5049903,RDF50,RDF504,RDF50499,RDF5049903,Social sciences,Sociology and related studies,Other studies in human society,Social relations
RDF5049904,RDF50,RDF504,RDF50499,RDF5049904,Social sciences,Sociology and related studies,Other studies in human society,Social institutions
RDF5049905,RDF50,RDF504,RDF50499,RDF5049905,Social sciences,Sociology and related studies,Other studies in human society,Social oppression and marginalization
RDF5049906,RDF50,RDF504,RDF50499,RDF5049906,Social sciences,Sociology and related studies,Other studies in human society,Social structures
RDF5049907,RDF50,RDF504,RDF50499,RDF5049907,Social sciences,Sociology and related studies,Other studies in human society,Postcolonial systems and colonialism studies
RDF5049999,RDF50,RDF504,RDF50499,RDF5049999,Social sciences,Sociology and related studies,Other studies in human society,"Other studies in human society, n.e.c."
RDF505,RDF50,RDF505,,,Social sciences,Law and legal practice,,
RDF50501,RDF50,RDF505,RDF50501,,Social sciences,Law and legal practice,Law (except legal practice and international law),
RDF5050101,RDF50,RDF505,RDF50501,RDF5050101,Social sciences,Law and legal practice,Law (except legal practice and international law),Indigenous law
RDF5050102,RDF50,RDF505,RDF50501,RDF5050102,Social sciences,Law and legal practice,Law (except legal practice and international law),Aboriginal law
RDF5050103,RDF50,RDF505,RDF50501,RDF5050103,Social sciences,Law and legal practice,Law (except legal practice and international law),Private law
RDF5050104,RDF50,RDF505,RDF50501,RDF5050104,Social sciences,Law and legal practice,Law (except legal practice and international law),Administrative law
RDF5050105,RDF50,RDF505,RDF50501,RDF5050105,Social sciences,Law and legal practice,Law (except legal practice and international law),Civil law
RDF5050106,RDF50,RDF505,RDF50501,RDF5050106,Social sciences,Law and legal practice,Law (except legal practice and international law),Common law
RDF5050107,RDF50,RDF505,RDF50501,RDF5050107,Social sciences,Law and legal practice,Law (except legal practice and international law),"Business, commercial and corporate law"
RDF5050108,RDF50,RDF505,RDF50501,RDF5050108,Social sciences,Law and legal practice,Law (except legal practice and international law),Comparative law
RDF5050109,RDF50,RDF505,RDF50501,RDF5050109,Social sciences,Law and legal practice,Law (except legal practice and international law),Constitutional law
RDF5050110,RDF50,RDF505,RDF50501,RDF5050110,Social sciences,Law and legal practice,Law (except legal practice and international law),Criminal law and procedure
RDF5050111,RDF50,RDF505,RDF50501,RDF5050111,Social sciences,Law and legal practice,Law (except legal practice and international law),Environmental and natural resources law
RDF5050112,RDF50,RDF505,RDF50501,RDF5050112,Social sciences,Law and legal practice,Law (except legal practice and international law),Equity and trusts law
RDF5050113,RDF50,RDF505,RDF50501,RDF5050113,Social sciences,Law and legal practice,Law (except legal practice and international law),"Family law, children’s law and elder law"
RDF5050114,RDF50,RDF505,RDF50501,RDF5050114,Social sciences,Law and legal practice,Law (except legal practice and international law),Human rights
RDF5050115,RDF50,RDF505,RDF50501,RDF5050115,Social sciences,Law and legal practice,Law (except legal practice and international law),Intellectual property law
RDF5050116,RDF50,RDF505,RDF50501,RDF5050116,Social sciences,Law and legal practice,Law (except legal practice and international law),Tax law
RDF5050117,RDF50,RDF505,RDF50501,RDF5050117,Social sciences,Law and legal practice,Law (except legal practice and international law),"Torts, private obligations and product liability law"
RDF5050118,RDF50,RDF505,RDF50501,RDF5050118,Social sciences,Law and legal practice,Law (except legal practice and international law),"Labour, employment, compensation and pension law"
RDF5050119,RDF50,RDF505,RDF50501,RDF5050119,Social sciences,Law and legal practice,Law (except legal practice and international law),Property law (except intellectual property law)
RDF5050120,RDF50,RDF505,RDF50501,RDF5050120,Social sciences,Law and legal practice,Law (except legal practice and international law),Consumer law
RDF5050121,RDF50,RDF505,RDF50501,RDF5050121,Social sciences,Law and legal practice,Law (except legal practice and international law),Health law
RDF5050122,RDF50,RDF505,RDF50501,RDF5050122,Social sciences,Law and legal practice,Law (except legal practice and international law),Law and technology
RDF5050123,RDF50,RDF505,RDF50501,RDF5050123,Social sciences,Law and legal practice,Law (except legal practice and international law),Law and society
RDF5050124,RDF50,RDF505,RDF50501,RDF5050124,Social sciences,Law and legal practice,Law (except legal practice and international law),Cyberlaw and cyberjustice
RDF5050125,RDF50,RDF505,RDF50501,RDF5050125,Social sciences,Law and legal practice,Law (except legal practice and international law),Outer space law and policy
RDF5050199,RDF50,RDF505,RDF50501,RDF5050199,Social sciences,Law and legal practice,Law (except legal practice and international law),"Law (except legal practice and international law), n.e.c."
RDF50502,RDF50,RDF505,RDF50502,,Social sciences,Law and legal practice,Legal practice,
RDF5050201,RDF50,RDF505,RDF50502,RDF5050201,Social sciences,Law and legal practice,Legal practice,Legal institutions (including courts and justice systems)
RDF5050202,RDF50,RDF505,RDF50502,RDF5050202,Social sciences,Law and legal practice,Legal practice,Lawyering and the legal profession
RDF5050203,RDF50,RDF505,RDF50502,RDF5050203,Social sciences,Law and legal practice,Legal practice,"Legal theory, jurisprudence and legal interpretation"
RDF5050204,RDF50,RDF505,RDF50502,RDF5050204,Social sciences,Law and legal practice,Legal practice,"Litigation, adjudication and dispute resolution"
RDF5050205,RDF50,RDF505,RDF50502,RDF5050205,Social sciences,Law and legal practice,Legal practice,Access to justice
RDF5050299,RDF50,RDF505,RDF50502,RDF5050299,Social sciences,Law and legal practice,Legal practice,"Legal practice, n.e.c."
RDF50503,RDF50,RDF505,RDF50503,,Social sciences,Law and legal practice,International law,
RDF5050301,RDF50,RDF505,RDF50503,RDF5050301,Social sciences,Law and legal practice,International law,Public international law (except international trade law)
RDF5050302,RDF50,RDF505,RDF50503,RDF5050302,Social sciences,Law and legal practice,International law,International trade law
RDF5050303,RDF50,RDF505,RDF50503,RDF5050303,Social sciences,Law and legal practice,International law,Private international law
RDF5050399,RDF50,RDF505,RDF50503,RDF5050399,Social sciences,Law and legal practice,International law,"International law, n.e.c."
RDF506,RDF50,RDF506,,,Social sciences,Political science and policy administration,,
RDF50601,RDF50,RDF506,RDF50601,,Social sciences,Political science and policy administration,Political science,
RDF5060101,RDF50,RDF506,RDF50601,RDF5060101,Social sciences,Political science and policy administration,Political science,Canadian politics and government
RDF5060102,RDF50,RDF506,RDF50601,RDF5060102,Social sciences,Political science and policy administration,Political science,Indigenous politics
RDF5060103,RDF50,RDF506,RDF50601,RDF5060103,Social sciences,Political science and policy administration,Political science,Political theory
RDF5060104,RDF50,RDF506,RDF50601,RDF5060104,Social sciences,Political science and policy administration,Political science,Comparative politics
RDF5060105,RDF50,RDF506,RDF50601,RDF5060105,Social sciences,Political science and policy administration,Political science,International relations
RDF5060106,RDF50,RDF506,RDF50601,RDF5060106,Social sciences,Political science and policy administration,Political science,Political methodology
RDF5060107,RDF50,RDF506,RDF50601,RDF5060107,Social sciences,Political science and policy administration,Political science,Political areas studies
RDF5060108,RDF50,RDF506,RDF50601,RDF5060108,Social sciences,Political science and policy administration,Political science,Specialized politics
RDF5060109,RDF50,RDF506,RDF50601,RDF5060109,Social sciences,Political science and policy administration,Political science,Political behaviour and election studies
RDF5060110,RDF50,RDF506,RDF50601,RDF5060110,Social sciences,Political science and policy administration,Political science,Social movements and democracy
RDF5060111,RDF50,RDF506,RDF50601,RDF5060111,Social sciences,Political science and policy administration,Political science,Politics of outer space
RDF5060199,RDF50,RDF506,RDF50601,RDF5060199,Social sciences,Political science and policy administration,Political science,"Political science, n.e.c."
RDF50602,RDF50,RDF506,RDF50602,,Social sciences,Political science and policy administration,Policy and policy administration,
RDF5060201,RDF50,RDF506,RDF50602,RDF5060201,Social sciences,Political science and policy administration,Policy and policy administration,Indigenous policy and policy administration
RDF5060202,RDF50,RDF506,RDF50602,RDF5060202,Social sciences,Political science and policy administration,Policy and policy administration,Studies related to the Truth and Reconciliation Commission of Canada
RDF5060203,RDF50,RDF506,RDF50602,RDF5060203,Social sciences,Political science and policy administration,Policy and policy administration,Arts and cultural policy
RDF5060204,RDF50,RDF506,RDF50602,RDF5060204,Social sciences,Political science and policy administration,Policy and policy administration,Communication and media policy
RDF5060205,RDF50,RDF506,RDF50602,RDF5060205,Social sciences,Political science and policy administration,Policy and policy administration,Crime policy
RDF5060206,RDF50,RDF506,RDF50602,RDF5060206,Social sciences,Political science and policy administration,Policy and policy administration,Public security policy
RDF5060207,RDF50,RDF506,RDF50602,RDF5060207,Social sciences,Political science and policy administration,Policy and policy administration,Cybersecurity policy
RDF5060208,RDF50,RDF506,RDF50602,RDF5060208,Social sciences,Political science and policy administration,Policy and policy administration,Economic development policy
RDF5060209,RDF50,RDF506,RDF50602,RDF5060209,Social sciences,Political science and policy administration,Policy and policy administration,International cooperation and development policies
RDF5060210,RDF50,RDF506,RDF50602,RDF5060210,Social sciences,Political science and policy administration,Policy and policy administration,Ecological policy
RDF5060211,RDF50,RDF506,RDF50602,RDF5060211,Social sciences,Political science and policy administration,Policy and policy administration,Educational policy
RDF5060212,RDF50,RDF506,RDF50602,RDF5060212,Social sciences,Political science and policy administration,Policy and policy administration,Environmental policy
RDF5060213,RDF50,RDF506,RDF50602,RDF5060213,Social sciences,Political science and policy administration,Policy and policy administration,Health policy
RDF5060214,RDF50,RDF506,RDF50602,RDF5060214,Social sciences,Political science and policy administration,Policy and policy administration,Public administration
RDF5060215,RDF50,RDF506,RDF50602,RDF5060215,Social sciences,Political science and policy administration,Policy and policy administration,Public policy
RDF5060216,RDF50,RDF506,RDF50602,RDF5060216,Social sciences,Political science and policy administration,Policy and policy administration,"Research, science and technology policy"
RDF5060217,RDF50,RDF506,RDF50602,RDF5060217,Social sciences,Political science and policy administration,Policy and policy administration,Social policy
RDF5060218,RDF50,RDF506,RDF50602,RDF5060218,Social sciences,Political science and policy administration,Policy and policy administration,Tourism policy
RDF5060219,RDF50,RDF506,RDF50602,RDF5060219,Social sciences,Political science and policy administration,Policy and policy administration,Urban policy
RDF5060220,RDF50,RDF506,RDF50602,RDF5060220,Social sciences,Political science and policy administration,Policy and policy administration,Employment policy
RDF5060299,RDF50,RDF506,RDF50602,RDF5060299,Social sciences,Political science and policy administration,Policy and policy administration,"Policy and policy administration, n.e.c."
RDF507,RDF50,RDF507,,,Social sciences,Social and economic geography,,
RDF50701,RDF50,RDF507,RDF50701,,Social sciences,Social and economic geography,Human geography,
RDF5070101,RDF50,RDF507,RDF50701,RDF5070101,Social sciences,Social and economic geography,Human geography,Economic geography
RDF5070102,RDF50,RDF507,RDF50701,RDF5070102,Social sciences,Social and economic geography,Human geography,Development geography
RDF5070103,RDF50,RDF507,RDF50701,RDF5070103,Social sciences,Social and economic geography,Human geography,"Recreation, leisure and tourism geography"
RDF5070104,RDF50,RDF507,RDF50701,RDF5070104,Social sciences,Social and economic geography,Human geography,Social and cultural geography
RDF5070105,RDF50,RDF507,RDF50701,RDF5070105,Social sciences,Social and economic geography,Human geography,Population geography
RDF5070106,RDF50,RDF507,RDF50701,RDF5070106,Social sciences,Social and economic geography,Human geography,Health geography
RDF5070107,RDF50,RDF507,RDF50701,RDF5070107,Social sciences,Social and economic geography,Human geography,Political geography
RDF5070108,RDF50,RDF507,RDF50701,RDF5070108,Social sciences,Social and economic geography,Human geography,Transportation geography
RDF5070109,RDF50,RDF507,RDF50701,RDF5070109,Social sciences,Social and economic geography,Human geography,Regional geography
RDF5070110,RDF50,RDF507,RDF50701,RDF5070110,Social sciences,Social and economic geography,Human geography,Historical geography
RDF5070111,RDF50,RDF507,RDF50701,RDF5070111,Social sciences,Social and economic geography,Human geography,Environmental geography
RDF5070112,RDF50,RDF507,RDF50701,RDF5070112,Social sciences,Social and economic geography,Human geography,Behavioural geography
RDF5070199,RDF50,RDF507,RDF50701,RDF5070199,Social sciences,Social and economic geography,Human geography,"Human geography, n.e.c."
RDF50702,RDF50,RDF507,RDF50702,,Social sciences,Social and economic geography,Urban and regional planning,
RDF5070201,RDF50,RDF507,RDF50702,RDF5070201,Social sciences,Social and economic geography,Urban and regional planning,Community planning
RDF5070202,RDF50,RDF507,RDF50702,RDF5070202,Social sciences,Social and economic geography,Urban and regional planning,History and theory of the built environment (except architecture)
RDF5070203,RDF50,RDF507,RDF50702,RDF5070203,Social sciences,Social and economic geography,Urban and regional planning,Housing market development and management
RDF5070204,RDF50,RDF507,RDF50702,RDF5070204,Social sciences,Social and economic geography,Urban and regional planning,Land use and environmental planning
RDF5070205,RDF50,RDF507,RDF50702,RDF5070205,Social sciences,Social and economic geography,Urban and regional planning,Regional analysis and development
RDF5070206,RDF50,RDF507,RDF50702,RDF5070206,Social sciences,Social and economic geography,Urban and regional planning,Transport planning
RDF5070207,RDF50,RDF507,RDF50702,RDF5070207,Social sciences,Social and economic geography,Urban and regional planning,Urban analysis and development
RDF5070208,RDF50,RDF507,RDF50702,RDF5070208,Social sciences,Social and economic geography,Urban and regional planning,Urban design and studies
RDF5070209,RDF50,RDF507,RDF50702,RDF5070209,Social sciences,Social and economic geography,Urban and regional planning,Landscape studies (except architecture)
RDF5070210,RDF50,RDF507,RDF50702,RDF5070210,Social sciences,Social and economic geography,Urban and regional planning,Smart city design and development and related analysis
RDF5070299,RDF50,RDF507,RDF50702,RDF5070299,Social sciences,Social and economic geography,Urban and regional planning,"Urban and regional planning, n.e.c."
RDF50799,RDF50,RDF507,RDF50799,,Social sciences,Social and economic geography,Other social and human geography,
RDF5079999,RDF50,RDF507,RDF50799,RDF5079999,Social sciences,Social and economic geography,Other social and human geography,Other social and human geography
RDF508,RDF50,RDF508,,,Social sciences,Media and communications,,
RDF50801,RDF50,RDF508,RDF50801,,Social sciences,Media and communications,Communication and media studies,
RDF5080101,RDF50,RDF508,RDF50801,RDF5080101,Social sciences,Media and communications,Communication and media studies,General communication studies
RDF5080102,RDF50,RDF508,RDF50801,RDF5080102,Social sciences,Media and communications,Communication and media studies,Communication technology and digital media studies
RDF5080103,RDF50,RDF508,RDF50801,RDF5080103,Social sciences,Media and communications,Communication and media studies,International and development communication
RDF5080104,RDF50,RDF508,RDF50801,RDF5080104,Social sciences,Media and communications,Communication and media studies,Media studies (except social media and digital media)
RDF5080105,RDF50,RDF508,RDF50801,RDF5080105,Social sciences,Media and communications,Communication and media studies,"Organizational, interpersonal and intercultural communication"
RDF5080106,RDF50,RDF508,RDF50801,RDF5080106,Social sciences,Media and communications,Communication and media studies,Social media studies
RDF5080107,RDF50,RDF508,RDF50801,RDF5080107,Social sciences,Media and communications,Communication and media studies,Public relations studies
RDF5080108,RDF50,RDF508,RDF50801,RDF5080108,Social sciences,Media and communications,Communication and media studies,Political communication studies
RDF5080199,RDF50,RDF508,RDF50801,RDF5080199,Social sciences,Media and communications,Communication and media studies,"Communication and media studies, n.e.c."
RDF50802,RDF50,RDF508,RDF50802,,Social sciences,Media and communications,"Film, television and digital media",
RDF5080201,RDF50,RDF508,RDF50802,RDF5080201,Social sciences,Media and communications,"Film, television and digital media",Cinema studies
RDF5080202,RDF50,RDF508,RDF50802,RDF5080202,Social sciences,Media and communications,"Film, television and digital media",Television studies
RDF5080203,RDF50,RDF508,RDF50802,RDF5080203,Social sciences,Media and communications,"Film, television and digital media",Interactive media studies
RDF5080204,RDF50,RDF508,RDF50802,RDF5080204,Social sciences,Media and communications,"Film, television and digital media",Computer gaming and animation studies
RDF5080299,RDF50,RDF508,RDF50802,RDF5080299,Social sciences,Media and communications,"Film, television and digital media","Film, television and digital media, n.e.c."
RDF50803,RDF50,RDF508,RDF50803,,Social sciences,Media and communications,Journalism and professional writing,
RDF5080301,RDF50,RDF508,RDF50803,RDF5080301,Social sciences,Media and communications,Journalism and professional writing,Journalism studies
RDF5080302,RDF50,RDF508,RDF50803,RDF5080302,Social sciences,Media and communications,Journalism and professional writing,Rhetoric and writing studies
RDF5080303,RDF50,RDF508,RDF50803,RDF5080303,Social sciences,Media and communications,Journalism and professional writing,Professional writing
RDF5080304,RDF50,RDF508,RDF50803,RDF5080304,Social sciences,Media and communications,Journalism and professional writing,Technical writing
RDF5080399,RDF50,RDF508,RDF50803,RDF5080399,Social sciences,Media and communications,Journalism and professional writing,"Journalism and professional writing, n.e.c."
RDF50899,RDF50,RDF508,RDF50899,,Social sciences,Media and communications,Other media and communication,
RDF5089999,RDF50,RDF508,RDF50899,RDF5089999,Social sciences,Media and communications,Other media and communication,Other media and communication
RDF509,RDF50,RDF509,,,Social sciences,Other social sciences,,
RDF50901,RDF50,RDF509,RDF50901,,Social sciences,Other social sciences,Anthropology,
RDF5090101,RDF50,RDF509,RDF50901,RDF5090101,Social sciences,Other social sciences,Anthropology,Developmental anthropology
RDF5090102,RDF50,RDF509,RDF50901,RDF5090102,Social sciences,Other social sciences,Anthropology,Biological (physical) anthropology
RDF5090103,RDF50,RDF509,RDF50901,RDF5090103,Social sciences,Other social sciences,Anthropology,Linguistic anthropology
RDF5090104,RDF50,RDF509,RDF50901,RDF5090104,Social sciences,Other social sciences,Anthropology,Social and cultural anthropology
RDF5090105,RDF50,RDF509,RDF50901,RDF5090105,Social sciences,Other social sciences,Anthropology,Medical anthropology
RDF5090106,RDF50,RDF509,RDF50901,RDF5090106,Social sciences,Other social sciences,Anthropology,Anthropology of sex and gender
RDF5090199,RDF50,RDF509,RDF50901,RDF5090199,Social sciences,Other social sciences,Anthropology,"Anthropology, n.e.c."
RDF50902,RDF50,RDF509,RDF50902,,Social sciences,Other social sciences,Criminology,
RDF5090201,RDF50,RDF509,RDF50902,RDF5090201,Social sciences,Other social sciences,Criminology,Causes and prevention of crime
RDF5090202,RDF50,RDF509,RDF50902,RDF5090202,Social sciences,Other social sciences,Criminology,"Correctional theory, offender treatment and rehabilitation"
RDF5090203,RDF50,RDF509,RDF50902,RDF5090203,Social sciences,Other social sciences,Criminology,Courts and sentencing
RDF5090204,RDF50,RDF509,RDF50902,RDF5090204,Social sciences,Other social sciences,Criminology,Criminological theories
RDF5090205,RDF50,RDF509,RDF50902,RDF5090205,Social sciences,Other social sciences,Criminology,"Police administration, procedures and practice"
RDF5090206,RDF50,RDF509,RDF50902,RDF5090206,Social sciences,Other social sciences,Criminology,Private policing and security services
RDF5090207,RDF50,RDF509,RDF50902,RDF5090207,Social sciences,Other social sciences,Criminology,Juvenile delinquency
RDF5090208,RDF50,RDF509,RDF50902,RDF5090208,Social sciences,Other social sciences,Criminology,Cybercrime
RDF5090299,RDF50,RDF509,RDF50902,RDF5090299,Social sciences,Other social sciences,Criminology,"Criminology, n.e.c"
RDF50903,RDF50,RDF509,RDF50903,,Social sciences,Other social sciences,Demography,
RDF5090301,RDF50,RDF509,RDF50903,RDF5090301,Social sciences,Other social sciences,Demography,Family and household demographic studies
RDF5090302,RDF50,RDF509,RDF50903,RDF5090302,Social sciences,Other social sciences,Demography,Fertility
RDF5090303,RDF50,RDF509,RDF50903,RDF5090303,Social sciences,Other social sciences,Demography,Migration
RDF5090304,RDF50,RDF509,RDF50903,RDF5090304,Social sciences,Other social sciences,Demography,Mortality
RDF5090305,RDF50,RDF509,RDF50903,RDF5090305,Social sciences,Other social sciences,Demography,Population trends and policies
RDF5090399,RDF50,RDF509,RDF50903,RDF5090399,Social sciences,Other social sciences,Demography,"Demography, n.e.c."
RDF50904,RDF50,RDF509,RDF50904,,Social sciences,Other social sciences,Social work,
RDF5090401,RDF50,RDF509,RDF50904,RDF5090401,Social sciences,Other social sciences,Social work,Clinical social work practice
RDF5090402,RDF50,RDF509,RDF50904,RDF5090402,Social sciences,Other social sciences,Social work,"Counselling, welfare and community services"
RDF5090499,RDF50,RDF509,RDF50904,RDF5090499,Social sciences,Other social sciences,Social work,"Social work, n.e.c."
RDF50999,RDF50,RDF509,RDF50999,,Social sciences,Other social sciences,"Other social sciences, n.e.c.",
RDF5099901,RDF50,RDF509,RDF50999,RDF5099901,Social sciences,Other social sciences,"Other social sciences, n.e.c.",Sexology
RDF5099902,RDF50,RDF509,RDF50999,RDF5099902,Social sciences,Other social sciences,"Other social sciences, n.e.c.",Disability studies
RDF5099903,RDF50,RDF509,RDF50999,RDF5099903,Social sciences,Other social sciences,"Other social sciences, n.e.c.",Gender studies
RDF5099904,RDF50,RDF509,RDF50999,RDF5099904,Social sciences,Other social sciences,"Other social sciences, n.e.c.",Family social studies (except demographic aspects)
RDF5099999,RDF50,RDF509,RDF50999,RDF5099999,Social sciences,Other social sciences,"Other social sciences, n.e.c.","All other social sciences, n.e.c."
RDF60,RDF60,,,,Humanities and the arts,,,
RDF601,RDF60,RDF601,,,Humanities and the arts,"History, archaeology and related studies",,
RDF60101,RDF60,RDF601,RDF60101,,Humanities and the arts,"History, archaeology and related studies",Historical studies,
RDF6010101,RDF60,RDF601,RDF60101,RDF6010101,Humanities and the arts,"History, archaeology and related studies",Historical studies,Indigenous history
RDF6010102,RDF60,RDF601,RDF60101,RDF6010102,Humanities and the arts,"History, archaeology and related studies",Historical studies,Asian history
RDF6010103,RDF60,RDF601,RDF60101,RDF6010103,Humanities and the arts,"History, archaeology and related studies",Historical studies,Classical Greek and Ancient Rome history
RDF6010104,RDF60,RDF601,RDF60101,RDF6010104,Humanities and the arts,"History, archaeology and related studies",Historical studies,British history
RDF6010105,RDF60,RDF601,RDF60101,RDF6010105,Humanities and the arts,"History, archaeology and related studies",Historical studies,"European history (except British, classical Greek and Roman)"
RDF6010106,RDF60,RDF601,RDF60101,RDF6010106,Humanities and the arts,"History, archaeology and related studies",Historical studies,Latin American history
RDF6010107,RDF60,RDF601,RDF60101,RDF6010107,Humanities and the arts,"History, archaeology and related studies",Historical studies,Middle Eastern history
RDF6010108,RDF60,RDF601,RDF60101,RDF6010108,Humanities and the arts,"History, archaeology and related studies",Historical studies,African history
RDF6010109,RDF60,RDF601,RDF60101,RDF6010109,Humanities and the arts,"History, archaeology and related studies",Historical studies,American history
RDF6010110,RDF60,RDF601,RDF60101,RDF6010110,Humanities and the arts,"History, archaeology and related studies",Historical studies,Canadian history
RDF6010111,RDF60,RDF601,RDF60101,RDF6010111,Humanities and the arts,"History, archaeology and related studies",Historical studies,Medieval history
RDF6010112,RDF60,RDF601,RDF60101,RDF6010112,Humanities and the arts,"History, archaeology and related studies",Historical studies,History of medicine and health care
RDF6010113,RDF60,RDF601,RDF60101,RDF6010113,Humanities and the arts,"History, archaeology and related studies",Historical studies,History of sciences and technology (except medicine and health care)
RDF6010114,RDF60,RDF601,RDF60101,RDF6010114,Humanities and the arts,"History, archaeology and related studies",Historical studies,Book history (including print culture)
RDF6010199,RDF60,RDF601,RDF60101,RDF6010199,Humanities and the arts,"History, archaeology and related studies",Historical studies,"Historical studies, n.e.c."
RDF60102,RDF60,RDF601,RDF60102,,Humanities and the arts,"History, archaeology and related studies",Archaeology,
RDF6010201,RDF60,RDF601,RDF60102,RDF6010201,Humanities and the arts,"History, archaeology and related studies",Archaeology,Archaeometry
RDF6010202,RDF60,RDF601,RDF60102,RDF6010202,Humanities and the arts,"History, archaeology and related studies",Archaeology,Historical archaeology (including industrial archaeology)
RDF6010203,RDF60,RDF601,RDF60102,RDF6010203,Humanities and the arts,"History, archaeology and related studies",Archaeology,Prehistoric archaeology
RDF6010204,RDF60,RDF601,RDF60102,RDF6010204,Humanities and the arts,"History, archaeology and related studies",Archaeology,Underwater archaeology
RDF6010205,RDF60,RDF601,RDF60102,RDF6010205,Humanities and the arts,"History, archaeology and related studies",Archaeology,Classical archaeology
RDF6010206,RDF60,RDF601,RDF60102,RDF6010206,Humanities and the arts,"History, archaeology and related studies",Archaeology,Ethno-archaeology
RDF6010207,RDF60,RDF601,RDF60102,RDF6010207,Humanities and the arts,"History, archaeology and related studies",Archaeology,Bioarchaeology
RDF6010208,RDF60,RDF601,RDF60102,RDF6010208,Humanities and the arts,"History, archaeology and related studies",Archaeology,Archaeology of pre-literate societies
RDF6010209,RDF60,RDF601,RDF60102,RDF6010209,Humanities and the arts,"History, archaeology and related studies",Archaeology,Archaeological theory
RDF6010210,RDF60,RDF601,RDF60102,RDF6010210,Humanities and the arts,"History, archaeology and related studies",Archaeology,Paleolithic archaeology
RDF6010211,RDF60,RDF601,RDF60102,RDF6010211,Humanities and the arts,"History, archaeology and related studies",Archaeology,Mortuary archaeology
RDF6010299,RDF60,RDF601,RDF60102,RDF6010299,Humanities and the arts,"History, archaeology and related studies",Archaeology,"Archaeology, n.e.c."
RDF60103,RDF60,RDF601,RDF60103,,Humanities and the arts,"History, archaeology and related studies",Religion and religious studies,
RDF6010301,RDF60,RDF601,RDF60103,RDF6010301,Humanities and the arts,"History, archaeology and related studies",Religion and religious studies,Christianity studies (including biblical studies and church history)
RDF6010302,RDF60,RDF601,RDF60103,RDF6010302,Humanities and the arts,"History, archaeology and related studies",Religion and religious studies,Comparative religious studies
RDF6010303,RDF60,RDF601,RDF60103,RDF6010303,Humanities and the arts,"History, archaeology and related studies",Religion and religious studies,Religion and spirituality of Indigenous peoples
RDF6010304,RDF60,RDF601,RDF60103,RDF6010304,Humanities and the arts,"History, archaeology and related studies",Religion and religious studies,Islamic studies
RDF6010305,RDF60,RDF601,RDF60103,RDF6010305,Humanities and the arts,"History, archaeology and related studies",Religion and religious studies,Jewish studies
RDF6010306,RDF60,RDF601,RDF60103,RDF6010306,Humanities and the arts,"History, archaeology and related studies",Religion and religious studies,Religion and society
RDF6010307,RDF60,RDF601,RDF60103,RDF6010307,Humanities and the arts,"History, archaeology and related studies",Religion and religious studies,Eastern religions
RDF6010308,RDF60,RDF601,RDF60103,RDF6010308,Humanities and the arts,"History, archaeology and related studies",Religion and religious studies,Classical religion
RDF6010399,RDF60,RDF601,RDF60103,RDF6010399,Humanities and the arts,"History, archaeology and related studies",Religion and religious studies,"Religion and religious studies, n.e.c."
RDF60199,RDF60,RDF601,RDF60199,,Humanities and the arts,"History, archaeology and related studies",Other studies related to history and archaeology,
RDF6019999,RDF60,RDF601,RDF60199,RDF6019999,Humanities and the arts,"History, archaeology and related studies",Other studies related to history and archaeology,Other studies related to history and archaeology
RDF602,RDF60,RDF602,,,Humanities and the arts,Languages and literature,,
RDF60201,RDF60,RDF602,RDF60201,,Humanities and the arts,Languages and literature,Languages,
RDF6020101,RDF60,RDF602,RDF60201,RDF6020101,Humanities and the arts,Languages and literature,Languages,English language
RDF6020102,RDF60,RDF602,RDF60201,RDF6020102,Humanities and the arts,Languages and literature,Languages,French language
RDF6020103,RDF60,RDF602,RDF60201,RDF6020103,Humanities and the arts,Languages and literature,Languages,Spanish language
RDF6020104,RDF60,RDF602,RDF60201,RDF6020104,Humanities and the arts,Languages and literature,Languages,Chinese language
RDF6020105,RDF60,RDF602,RDF60201,RDF6020105,Humanities and the arts,Languages and literature,Languages,Arabic language
RDF6020106,RDF60,RDF602,RDF60201,RDF6020106,Humanities and the arts,Languages and literature,Languages,African languages
RDF6020107,RDF60,RDF602,RDF60201,RDF6020107,Humanities and the arts,Languages and literature,Languages,Oceania and Pacific island languages
RDF6020108,RDF60,RDF602,RDF60201,RDF6020108,Humanities and the arts,Languages and literature,Languages,North American Indigenous languages
RDF6020109,RDF60,RDF602,RDF60201,RDF6020109,Humanities and the arts,Languages and literature,Languages,Asian languages (except chinese language)
RDF6020110,RDF60,RDF602,RDF60201,RDF6020110,Humanities and the arts,Languages and literature,Languages,Other South and Central American languages
RDF6020111,RDF60,RDF602,RDF60201,RDF6020111,Humanities and the arts,Languages and literature,Languages,Other European languages
RDF6020112,RDF60,RDF602,RDF60201,RDF6020112,Humanities and the arts,Languages and literature,Languages,Comparative language studies
RDF6020113,RDF60,RDF602,RDF60201,RDF6020113,Humanities and the arts,Languages and literature,Languages,Bilingualism and second language learning
RDF6020199,RDF60,RDF602,RDF60201,RDF6020199,Humanities and the arts,Languages and literature,Languages,"Languages, n.e.c."
RDF60202,RDF60,RDF602,RDF60202,,Humanities and the arts,Languages and literature,Linguistics,
RDF6020201,RDF60,RDF602,RDF60202,RDF6020201,Humanities and the arts,Languages and literature,Linguistics,Classical linguistics
RDF6020202,RDF60,RDF602,RDF60202,RDF6020202,Humanities and the arts,Languages and literature,Linguistics,Computational linguistics
RDF6020203,RDF60,RDF602,RDF60202,RDF6020203,Humanities and the arts,Languages and literature,Linguistics,Discourse and pragmatics
RDF6020204,RDF60,RDF602,RDF60202,RDF6020204,Humanities and the arts,Languages and literature,Linguistics,Phonetics and speech sciences
RDF6020205,RDF60,RDF602,RDF60202,RDF6020205,Humanities and the arts,Languages and literature,Linguistics,Sociolinguistics
RDF6020206,RDF60,RDF602,RDF60202,RDF6020206,Humanities and the arts,Languages and literature,Linguistics,"Historical linguistics, diachronics, and dialectology"
RDF6020207,RDF60,RDF602,RDF60202,RDF6020207,Humanities and the arts,Languages and literature,Linguistics,Lexicography
RDF6020208,RDF60,RDF602,RDF60202,RDF6020208,Humanities and the arts,Languages and literature,Linguistics,"Linguistic structures (including grammar, phonology, lexicon and semantics)"
RDF6020209,RDF60,RDF602,RDF60202,RDF6020209,Humanities and the arts,Languages and literature,Linguistics,Lexicology (including onomastics)
RDF6020210,RDF60,RDF602,RDF60202,RDF6020210,Humanities and the arts,Languages and literature,Linguistics,Comparative linguistics
RDF6020299,RDF60,RDF602,RDF60202,RDF6020299,Humanities and the arts,Languages and literature,Linguistics,"Linguistics, n.e.c."
RDF60203,RDF60,RDF602,RDF60203,,Humanities and the arts,Languages and literature,Literature and literary studies,
RDF6020301,RDF60,RDF602,RDF60203,RDF6020301,Humanities and the arts,Languages and literature,Literature and literary studies,Canadian literatures in English
RDF6020302,RDF60,RDF602,RDF60203,RDF6020302,Humanities and the arts,Languages and literature,Literature and literary studies,Quebec literatures
RDF6020303,RDF60,RDF602,RDF60203,RDF6020303,Humanities and the arts,Languages and literature,Literature and literary studies,Indigenous literatures
RDF6020304,RDF60,RDF602,RDF60203,RDF6020304,Humanities and the arts,Languages and literature,Literature and literary studies,Literatures in French outside Quebec
RDF6020305,RDF60,RDF602,RDF60203,RDF6020305,Humanities and the arts,Languages and literature,Literature and literary studies,British literatures
RDF6020306,RDF60,RDF602,RDF60203,RDF6020306,Humanities and the arts,Languages and literature,Literature and literary studies,Greek and roman literatures
RDF6020307,RDF60,RDF602,RDF60203,RDF6020307,Humanities and the arts,Languages and literature,Literature and literary studies,Chinese literatures
RDF6020308,RDF60,RDF602,RDF60203,RDF6020308,Humanities and the arts,Languages and literature,Literature and literary studies,Arabic literatures
RDF6020309,RDF60,RDF602,RDF60203,RDF6020309,Humanities and the arts,Languages and literature,Literature and literary studies,African literatures
RDF6020310,RDF60,RDF602,RDF60203,RDF6020310,Humanities and the arts,Languages and literature,Literature and literary studies,Old English literatures
RDF6020311,RDF60,RDF602,RDF60203,RDF6020311,Humanities and the arts,Languages and literature,Literature and literary studies,Medieval Literatures
RDF6020312,RDF60,RDF602,RDF60203,RDF6020312,Humanities and the arts,Languages and literature,Literature and literary studies,Victorian literatures
RDF6020313,RDF60,RDF602,RDF60203,RDF6020313,Humanities and the arts,Languages and literature,Literature and literary studies,Twentieth-century British literatures
RDF6020314,RDF60,RDF602,RDF60203,RDF6020314,Humanities and the arts,Languages and literature,Literature and literary studies,Contemporary British literatures
RDF6020315,RDF60,RDF602,RDF60203,RDF6020315,Humanities and the arts,Languages and literature,Literature and literary studies,Irish literatures
RDF6020316,RDF60,RDF602,RDF60203,RDF6020316,Humanities and the arts,Languages and literature,Literature and literary studies,American literatures
RDF6020317,RDF60,RDF602,RDF60203,RDF6020317,Humanities and the arts,Languages and literature,Literature and literary studies,Latin American literatures
RDF6020318,RDF60,RDF602,RDF60203,RDF6020318,Humanities and the arts,Languages and literature,Literature and literary studies,Caribbean literatures
RDF6020319,RDF60,RDF602,RDF60203,RDF6020319,Humanities and the arts,Languages and literature,Literature and literary studies,South Asian literatures
RDF6020320,RDF60,RDF602,RDF60203,RDF6020320,Humanities and the arts,Languages and literature,Literature and literary studies,"Australia, New Zealand, and New South Wales literatures"
RDF6020321,RDF60,RDF602,RDF60203,RDF6020321,Humanities and the arts,Languages and literature,Literature and literary studies,Postcolonial literatures
RDF6020322,RDF60,RDF602,RDF60203,RDF6020322,Humanities and the arts,Languages and literature,Literature and literary studies,Renaissance literatures
RDF6020323,RDF60,RDF602,RDF60203,RDF6020323,Humanities and the arts,Languages and literature,Literature and literary studies,Classical literatures
RDF6020324,RDF60,RDF602,RDF60203,RDF6020324,Humanities and the arts,Languages and literature,Literature and literary studies,Contemporary literatures
RDF6020325,RDF60,RDF602,RDF60203,RDF6020325,Humanities and the arts,Languages and literature,Literature and literary studies,Science fiction and fantasy literatures
RDF6020326,RDF60,RDF602,RDF60203,RDF6020326,Humanities and the arts,Languages and literature,Literature and literary studies,Children’s literatures
RDF6020327,RDF60,RDF602,RDF60203,RDF6020327,Humanities and the arts,Languages and literature,Literature and literary studies,Literature and critical theory
RDF6020328,RDF60,RDF602,RDF60203,RDF6020328,Humanities and the arts,Languages and literature,Literature and literary studies,Intellectual history in literary studies
RDF6020329,RDF60,RDF602,RDF60203,RDF6020329,Humanities and the arts,Languages and literature,Literature and literary studies,Comparative literatures
RDF6020330,RDF60,RDF602,RDF60203,RDF6020330,Humanities and the arts,Languages and literature,Literature and literary studies,Electronic literatures
RDF6020399,RDF60,RDF602,RDF60203,RDF6020399,Humanities and the arts,Languages and literature,Literature and literary studies,"Literature and literary studies, n.e.c."
RDF60299,RDF60,RDF602,RDF60299,,Humanities and the arts,Languages and literature,Other languages and literature,
RDF6029999,RDF60,RDF602,RDF60299,RDF6029999,Humanities and the arts,Languages and literature,Other languages and literature,Other languages and literature
RDF603,RDF60,RDF603,,,Humanities and the arts,Philosophy,,
RDF60301,RDF60,RDF603,RDF60301,,Humanities and the arts,Philosophy,Philosophy (except philosophy of specific fields),
RDF6030101,RDF60,RDF603,RDF60301,RDF6030101,Humanities and the arts,Philosophy,Philosophy (except philosophy of specific fields),Aesthetics
RDF6030102,RDF60,RDF603,RDF60301,RDF6030102,Humanities and the arts,Philosophy,Philosophy (except philosophy of specific fields),Environmental philosophy
RDF6030103,RDF60,RDF603,RDF60301,RDF6030103,Humanities and the arts,Philosophy,Philosophy (except philosophy of specific fields),Epistemology
RDF6030104,RDF60,RDF603,RDF60301,RDF6030104,Humanities and the arts,Philosophy,Philosophy (except philosophy of specific fields),Feminist philosophy
RDF6030105,RDF60,RDF603,RDF60301,RDF6030105,Humanities and the arts,Philosophy,Philosophy (except philosophy of specific fields),Philosophy of sexuality
RDF6030106,RDF60,RDF603,RDF60301,RDF6030106,Humanities and the arts,Philosophy,Philosophy (except philosophy of specific fields),Logic
RDF6030107,RDF60,RDF603,RDF60301,RDF6030107,Humanities and the arts,Philosophy,Philosophy (except philosophy of specific fields),Metaphysics
RDF6030108,RDF60,RDF603,RDF60301,RDF6030108,Humanities and the arts,Philosophy,Philosophy (except philosophy of specific fields),Phenomenology
RDF6030109,RDF60,RDF603,RDF60301,RDF6030109,Humanities and the arts,Philosophy,Philosophy (except philosophy of specific fields),Philosophical psychology (including moral psychology and philosophy of action)
RDF6030110,RDF60,RDF603,RDF60301,RDF6030110,Humanities and the arts,Philosophy,Philosophy (except philosophy of specific fields),Philosophy of cognition
RDF6030111,RDF60,RDF603,RDF60301,RDF6030111,Humanities and the arts,Philosophy,Philosophy (except philosophy of specific fields),Philosophy of language
RDF6030112,RDF60,RDF603,RDF60301,RDF6030112,Humanities and the arts,Philosophy,Philosophy (except philosophy of specific fields),Philosophy of mind (except cognition)
RDF6030113,RDF60,RDF603,RDF60301,RDF6030113,Humanities and the arts,Philosophy,Philosophy (except philosophy of specific fields),Philosophy of religion
RDF6030114,RDF60,RDF603,RDF60301,RDF6030114,Humanities and the arts,Philosophy,Philosophy (except philosophy of specific fields),Philosophy of specific cultures (including comparative philosophy)
RDF6030115,RDF60,RDF603,RDF60301,RDF6030115,Humanities and the arts,Philosophy,Philosophy (except philosophy of specific fields),Philosophy of law
RDF6030116,RDF60,RDF603,RDF60301,RDF6030116,Humanities and the arts,Philosophy,Philosophy (except philosophy of specific fields),Social philosophy
RDF6030117,RDF60,RDF603,RDF60301,RDF6030117,Humanities and the arts,Philosophy,Philosophy (except philosophy of specific fields),Postcolonial philosophy
RDF6030118,RDF60,RDF603,RDF60301,RDF6030118,Humanities and the arts,Philosophy,Philosophy (except philosophy of specific fields),Political philosophy
RDF6030119,RDF60,RDF603,RDF60301,RDF6030119,Humanities and the arts,Philosophy,Philosophy (except philosophy of specific fields),Critical theory in philosophy
RDF6030120,RDF60,RDF603,RDF60301,RDF6030120,Humanities and the arts,Philosophy,Philosophy (except philosophy of specific fields),Contemporary philosophy
RDF6030121,RDF60,RDF603,RDF60301,RDF6030121,Humanities and the arts,Philosophy,Philosophy (except philosophy of specific fields),Metaethics and ethical theory
RDF6030122,RDF60,RDF603,RDF60301,RDF6030122,Humanities and the arts,Philosophy,Philosophy (except philosophy of specific fields),"Classical philosophy (Greek, Latin, Medieval)"
RDF6030123,RDF60,RDF603,RDF60301,RDF6030123,Humanities and the arts,Philosophy,Philosophy (except philosophy of specific fields),History of philosophy
RDF6030124,RDF60,RDF603,RDF60301,RDF6030124,Humanities and the arts,Philosophy,Philosophy (except philosophy of specific fields),Ontology
RDF6030125,RDF60,RDF603,RDF60301,RDF6030125,Humanities and the arts,Philosophy,Philosophy (except philosophy of specific fields),Philosophy of sciences and technologies
RDF6030199,RDF60,RDF603,RDF60301,RDF6030199,Humanities and the arts,Philosophy,Philosophy (except philosophy of specific fields),"Philosophy, n.e.c."
RDF60302,RDF60,RDF603,RDF60302,,Humanities and the arts,Philosophy,Applied ethics,
RDF6030201,RDF60,RDF603,RDF60302,RDF6030201,Humanities and the arts,Philosophy,Applied ethics,Bioethics (humans and animals)
RDF6030202,RDF60,RDF603,RDF60302,RDF6030202,Humanities and the arts,Philosophy,Applied ethics,Business ethics
RDF6030203,RDF60,RDF603,RDF60302,RDF6030203,Humanities and the arts,Philosophy,Applied ethics,"Ethics in technology (e.g., digital, artificial intelligence)"
RDF6030204,RDF60,RDF603,RDF60302,RDF6030204,Humanities and the arts,Philosophy,Applied ethics,"Human rights, justice, and ethical issues"
RDF6030205,RDF60,RDF603,RDF60302,RDF6030205,Humanities and the arts,Philosophy,Applied ethics,Legal ethics
RDF6030206,RDF60,RDF603,RDF60302,RDF6030206,Humanities and the arts,Philosophy,Applied ethics,Medical ethics
RDF6030207,RDF60,RDF603,RDF60302,RDF6030207,Humanities and the arts,Philosophy,Applied ethics,Professional ethics
RDF6030208,RDF60,RDF603,RDF60302,RDF6030208,Humanities and the arts,Philosophy,Applied ethics,Research ethics
RDF6030209,RDF60,RDF603,RDF60302,RDF6030209,Humanities and the arts,Philosophy,Applied ethics,Animal ethics
RDF6030210,RDF60,RDF603,RDF60302,RDF6030210,Humanities and the arts,Philosophy,Applied ethics,Reproductive health ethics
RDF6030211,RDF60,RDF603,RDF60302,RDF6030211,Humanities and the arts,Philosophy,Applied ethics,Ethics and management of personal data
RDF6030299,RDF60,RDF603,RDF60302,RDF6030299,Humanities and the arts,Philosophy,Applied ethics,"Applied ethics, n.e.c."
RDF60303,RDF60,RDF603,RDF60303,,Humanities and the arts,Philosophy,History and philosophy of specific fields,
RDF6030301,RDF60,RDF603,RDF60303,RDF6030301,Humanities and the arts,Philosophy,History and philosophy of specific fields,Business and labour history
RDF6030302,RDF60,RDF603,RDF60303,RDF6030302,Humanities and the arts,Philosophy,History and philosophy of specific fields,History and philosophy of education
RDF6030303,RDF60,RDF603,RDF60303,RDF6030303,Humanities and the arts,Philosophy,History and philosophy of specific fields,History and philosophy of economics
RDF6030304,RDF60,RDF603,RDF60303,RDF6030304,Humanities and the arts,Philosophy,History and philosophy of specific fields,History and philosophy of engineering and technology
RDF6030305,RDF60,RDF603,RDF60303,RDF6030305,Humanities and the arts,Philosophy,History and philosophy of specific fields,History and philosophy of law and justice
RDF6030306,RDF60,RDF603,RDF60303,RDF6030306,Humanities and the arts,Philosophy,History and philosophy of specific fields,History and philosophy of medicine
RDF6030307,RDF60,RDF603,RDF60303,RDF6030307,Humanities and the arts,Philosophy,History and philosophy of specific fields,History and philosophy of science (including non-historical philosophy of science)
RDF6030308,RDF60,RDF603,RDF60303,RDF6030308,Humanities and the arts,Philosophy,History and philosophy of specific fields,History and philosophy of the humanities
RDF6030309,RDF60,RDF603,RDF60303,RDF6030309,Humanities and the arts,Philosophy,History and philosophy of specific fields,History and philosophy of the social sciences
RDF6030310,RDF60,RDF603,RDF60303,RDF6030310,Humanities and the arts,Philosophy,History and philosophy of specific fields,Intellectual history (except in literary studies)
RDF6030311,RDF60,RDF603,RDF60303,RDF6030311,Humanities and the arts,Philosophy,History and philosophy of specific fields,History of ideas
RDF6030399,RDF60,RDF603,RDF60303,RDF6030399,Humanities and the arts,Philosophy,History and philosophy of specific fields,"History and philosophy of specific fields, n.e.c."
RDF604,RDF60,RDF604,,,Humanities and the arts,"Arts (arts, history of arts, performing arts, music), architecture and design",,
RDF60401,RDF60,RDF604,RDF60401,,Humanities and the arts,"Arts (arts, history of arts, performing arts, music), architecture and design",Art history and theory,
RDF6040101,RDF60,RDF604,RDF60401,RDF6040101,Humanities and the arts,"Arts (arts, history of arts, performing arts, music), architecture and design",Art history and theory,History of art and architecture
RDF6040102,RDF60,RDF604,RDF60401,RDF6040102,Humanities and the arts,"Arts (arts, history of arts, performing arts, music), architecture and design",Art history and theory,Art theory and analysis
RDF6040103,RDF60,RDF604,RDF60401,RDF6040103,Humanities and the arts,"Arts (arts, history of arts, performing arts, music), architecture and design",Art history and theory,"Visual theory, visual culture and visual literacy"
RDF6040199,RDF60,RDF604,RDF60401,RDF6040199,Humanities and the arts,"Arts (arts, history of arts, performing arts, music), architecture and design",Art history and theory,"Art theory and criticism, n.e.c."
RDF60402,RDF60,RDF604,RDF60402,,Humanities and the arts,"Arts (arts, history of arts, performing arts, music), architecture and design",Architecture,
RDF6040201,RDF60,RDF604,RDF60402,RDF6040201,Humanities and the arts,"Arts (arts, history of arts, performing arts, music), architecture and design",Architecture,Architectural design
RDF6040202,RDF60,RDF604,RDF60402,RDF6040202,Humanities and the arts,"Arts (arts, history of arts, performing arts, music), architecture and design",Architecture,Architectural history and theory
RDF6040203,RDF60,RDF604,RDF60402,RDF6040203,Humanities and the arts,"Arts (arts, history of arts, performing arts, music), architecture and design",Architecture,Architectural science and technology (including architectural acoustics)
RDF6040204,RDF60,RDF604,RDF60402,RDF6040204,Humanities and the arts,"Arts (arts, history of arts, performing arts, music), architecture and design",Architecture,Architecture management
RDF6040205,RDF60,RDF604,RDF60402,RDF6040205,Humanities and the arts,"Arts (arts, history of arts, performing arts, music), architecture and design",Architecture,Interior design
RDF6040206,RDF60,RDF604,RDF60402,RDF6040206,Humanities and the arts,"Arts (arts, history of arts, performing arts, music), architecture and design",Architecture,Landscape architecture
RDF6040299,RDF60,RDF604,RDF60402,RDF6040299,Humanities and the arts,"Arts (arts, history of arts, performing arts, music), architecture and design",Architecture,"Architecture, n.e.c."
RDF60403,RDF60,RDF604,RDF60403,,Humanities and the arts,"Arts (arts, history of arts, performing arts, music), architecture and design",Design practice and management,
RDF6040301,RDF60,RDF604,RDF60403,RDF6040301,Humanities and the arts,"Arts (arts, history of arts, performing arts, music), architecture and design",Design practice and management,Design history and theory
RDF6040302,RDF60,RDF604,RDF60403,RDF6040302,Humanities and the arts,"Arts (arts, history of arts, performing arts, music), architecture and design",Design practice and management,Design innovation
RDF6040303,RDF60,RDF604,RDF60403,RDF6040303,Humanities and the arts,"Arts (arts, history of arts, performing arts, music), architecture and design",Design practice and management,Digital and interaction design
RDF6040304,RDF60,RDF604,RDF60403,RDF6040304,Humanities and the arts,"Arts (arts, history of arts, performing arts, music), architecture and design",Design practice and management,Textile and fashion design
RDF6040305,RDF60,RDF604,RDF60403,RDF6040305,Humanities and the arts,"Arts (arts, history of arts, performing arts, music), architecture and design",Design practice and management,Visual communication design (except computer graphics)
RDF6040306,RDF60,RDF604,RDF60403,RDF6040306,Humanities and the arts,"Arts (arts, history of arts, performing arts, music), architecture and design",Design practice and management,Industrial design
RDF6040399,RDF60,RDF604,RDF60403,RDF6040399,Humanities and the arts,"Arts (arts, history of arts, performing arts, music), architecture and design",Design practice and management,"Design practice and management, n.e.c."
RDF60404,RDF60,RDF604,RDF60404,,Humanities and the arts,"Arts (arts, history of arts, performing arts, music), architecture and design",Creative writing,
RDF6040401,RDF60,RDF604,RDF60404,RDF6040401,Humanities and the arts,"Arts (arts, history of arts, performing arts, music), architecture and design",Creative writing,"Novels, stories and news"
RDF6040402,RDF60,RDF604,RDF60404,RDF6040402,Humanities and the arts,"Arts (arts, history of arts, performing arts, music), architecture and design",Creative writing,Script development
RDF6040403,RDF60,RDF604,RDF60404,RDF6040403,Humanities and the arts,"Arts (arts, history of arts, performing arts, music), architecture and design",Creative writing,"Poetry, essays and songs"
RDF6040499,RDF60,RDF604,RDF60404,RDF6040499,Humanities and the arts,"Arts (arts, history of arts, performing arts, music), architecture and design",Creative writing,"Creative writing, n.e.c."
RDF60405,RDF60,RDF604,RDF60405,,Humanities and the arts,"Arts (arts, history of arts, performing arts, music), architecture and design",Music,
RDF6040501,RDF60,RDF604,RDF60405,RDF6040501,Humanities and the arts,"Arts (arts, history of arts, performing arts, music), architecture and design",Music,Opera
RDF6040502,RDF60,RDF604,RDF60405,RDF6040502,Humanities and the arts,"Arts (arts, history of arts, performing arts, music), architecture and design",Music,Sound creation
RDF6040503,RDF60,RDF604,RDF60405,RDF6040503,Humanities and the arts,"Arts (arts, history of arts, performing arts, music), architecture and design",Music,Organology
RDF6040504,RDF60,RDF604,RDF60405,RDF6040504,Humanities and the arts,"Arts (arts, history of arts, performing arts, music), architecture and design",Music,Music composition
RDF6040505,RDF60,RDF604,RDF60405,RDF6040505,Humanities and the arts,"Arts (arts, history of arts, performing arts, music), architecture and design",Music,Music interpretation
RDF6040599,RDF60,RDF604,RDF60405,RDF6040599,Humanities and the arts,"Arts (arts, history of arts, performing arts, music), architecture and design",Music,"Music, n.e.c."
RDF60406,RDF60,RDF604,RDF60406,,Humanities and the arts,"Arts (arts, history of arts, performing arts, music), architecture and design",Performing arts,
RDF6040601,RDF60,RDF604,RDF60406,RDF6040601,Humanities and the arts,"Arts (arts, history of arts, performing arts, music), architecture and design",Performing arts,Indigenous performing arts
RDF6040602,RDF60,RDF604,RDF60406,RDF6040602,Humanities and the arts,"Arts (arts, history of arts, performing arts, music), architecture and design",Performing arts,Music therapy
RDF6040603,RDF60,RDF604,RDF60406,RDF6040603,Humanities and the arts,"Arts (arts, history of arts, performing arts, music), architecture and design",Performing arts,Musicology and ethnomusicology
RDF6040604,RDF60,RDF604,RDF60406,RDF6040604,Humanities and the arts,"Arts (arts, history of arts, performing arts, music), architecture and design",Performing arts,Interpretive dance
RDF6040605,RDF60,RDF604,RDF60406,RDF6040605,Humanities and the arts,"Arts (arts, history of arts, performing arts, music), architecture and design",Performing arts,Choreography
RDF6040606,RDF60,RDF604,RDF60406,RDF6040606,Humanities and the arts,"Arts (arts, history of arts, performing arts, music), architecture and design",Performing arts,Theater Interpretation
RDF6040607,RDF60,RDF604,RDF60406,RDF6040607,Humanities and the arts,"Arts (arts, history of arts, performing arts, music), architecture and design",Performing arts,Art therapy
RDF6040699,RDF60,RDF604,RDF60406,RDF6040699,Humanities and the arts,"Arts (arts, history of arts, performing arts, music), architecture and design",Performing arts,"Performing arts, n.e.c."
RDF60407,RDF60,RDF604,RDF60407,,Humanities and the arts,"Arts (arts, history of arts, performing arts, music), architecture and design",Visual arts and media arts,
RDF6040701,RDF60,RDF604,RDF60407,RDF6040701,Humanities and the arts,"Arts (arts, history of arts, performing arts, music), architecture and design",Visual arts and media arts,Sculpture and painting
RDF6040702,RDF60,RDF604,RDF60407,RDF6040702,Humanities and the arts,"Arts (arts, history of arts, performing arts, music), architecture and design",Visual arts and media arts,Crafts
RDF6040703,RDF60,RDF604,RDF60407,RDF6040703,Humanities and the arts,"Arts (arts, history of arts, performing arts, music), architecture and design",Visual arts and media arts,Photography
RDF6040704,RDF60,RDF604,RDF60407,RDF6040704,Humanities and the arts,"Arts (arts, history of arts, performing arts, music), architecture and design",Visual arts and media arts,Performance and installation art
RDF6040705,RDF60,RDF604,RDF60407,RDF6040705,Humanities and the arts,"Arts (arts, history of arts, performing arts, music), architecture and design",Visual arts and media arts,Media arts
RDF6040706,RDF60,RDF604,RDF60407,RDF6040706,Humanities and the arts,"Arts (arts, history of arts, performing arts, music), architecture and design",Visual arts and media arts,Digital arts
RDF6040799,RDF60,RDF604,RDF60407,RDF6040799,Humanities and the arts,"Arts (arts, history of arts, performing arts, music), architecture and design",Visual arts and media arts,"Visual arts and media arts, n.e.c."
RDF60408,RDF60,RDF604,RDF60408,,Humanities and the arts,"Arts (arts, history of arts, performing arts, music), architecture and design",Curatorial and related studies,
RDF6040801,RDF60,RDF604,RDF60408,RDF6040801,Humanities and the arts,"Arts (arts, history of arts, performing arts, music), architecture and design",Curatorial and related studies,Cultural property conservation
RDF6040802,RDF60,RDF604,RDF60408,RDF6040802,Humanities and the arts,"Arts (arts, history of arts, performing arts, music), architecture and design",Curatorial and related studies,Materials conservation
RDF6040803,RDF60,RDF604,RDF60408,RDF6040803,Humanities and the arts,"Arts (arts, history of arts, performing arts, music), architecture and design",Curatorial and related studies,Museum studies (Museology)
RDF6040804,RDF60,RDF604,RDF60408,RDF6040804,Humanities and the arts,"Arts (arts, history of arts, performing arts, music), architecture and design",Curatorial and related studies,Heritage management
RDF6040805,RDF60,RDF604,RDF60408,RDF6040805,Humanities and the arts,"Arts (arts, history of arts, performing arts, music), architecture and design",Curatorial and related studies,Architectural heritage conservation
RDF6040899,RDF60,RDF604,RDF60408,RDF6040899,Humanities and the arts,"Arts (arts, history of arts, performing arts, music), architecture and design",Curatorial and related studies,"Curatorial artworks and related studies, n.e.c."
RDF60499,RDF60,RDF604,RDF60499,,Humanities and the arts,"Arts (arts, history of arts, performing arts, music), architecture and design",Other Arts,
RDF6049999,RDF60,RDF604,RDF60499,RDF6049999,Humanities and the arts,"Arts (arts, history of arts, performing arts, music), architecture and design",Other Arts,Other Arts
RDF605,RDF60,RDF605,,,Humanities and the arts,Other humanities,,
RDF60501,RDF60,RDF605,RDF60501,,Humanities and the arts,Other humanities,Cultural studies,
RDF6050101,RDF60,RDF605,RDF60501,RDF6050101,Humanities and the arts,Other humanities,Cultural studies,"Critical identity, ethnic and race studies"
RDF6050102,RDF60,RDF605,RDF60501,RDF6050102,Humanities and the arts,Other humanities,Cultural studies,"Environment, space and place"
RDF6050103,RDF60,RDF605,RDF60501,RDF6050103,Humanities and the arts,Other humanities,Cultural studies,Critical film studies
RDF6050104,RDF60,RDF605,RDF60501,RDF6050104,Humanities and the arts,Other humanities,Cultural studies,"Media, visual and digital culture"
RDF6050105,RDF60,RDF605,RDF60501,RDF6050105,Humanities and the arts,Other humanities,Cultural studies,Critical studies of technology
RDF6050106,RDF60,RDF605,RDF60501,RDF6050106,Humanities and the arts,Other humanities,Cultural studies,Theories of cultural studies
RDF6050107,RDF60,RDF605,RDF60501,RDF6050107,Humanities and the arts,Other humanities,Cultural studies,Globalization and culture
RDF6050108,RDF60,RDF605,RDF60501,RDF6050108,Humanities and the arts,Other humanities,Cultural studies,Critical studies of literature
RDF6050199,RDF60,RDF605,RDF60501,RDF6050199,Humanities and the arts,Other humanities,Cultural studies,"Other cultural studies, n.e.c."
RDF60599,RDF60,RDF605,RDF60599,,Humanities and the arts,Other humanities,"All other humanities, n.e.c.",
RDF6059901,RDF60,RDF605,RDF60599,RDF6059901,Humanities and the arts,Other humanities,"All other humanities, n.e.c.",Digital humanities
RDF6059999,RDF60,RDF605,RDF60599,RDF6059999,Humanities and the arts,Other humanities,"All other humanities, n.e.c.","All other humanities, n.e.c"
