P0001;Education and social work;Éducation et travail social;Quelles sont les mathématiques utilisées par les ingénieurs au quotidien? Une étude sur les pratiques des ingénieurs pour déterminer leurs besoins mathématiques
P0002;Communications, media studies, gender studies, library and information science, related fields;Communications, études médiatiques, études de genre, bibliothéconomie et sciences de l'information, domaines connexes;High-tech paper: Security printing and the aesthetics of trust
P0003;Systems & Circuits Neurosciences;Systèmes et circuits en neurosciences;Integrin Alpha8 is a novel mediator of T lymphocyte migration across the CNS barriers
P0004;Social & Developmental Aspects of Children's & Youth's Health;Aspects sociaux et développementaux de la santé de l'enfant et de l'adolescent;Growing up trans: A qualitative, international, and longitudinal investigation of trans youth access to gender affirming medical care, gender affirmation and well-being
P0005;Chemistry;Chimie;Programmable DNA-based switches and nanomachines for sensing and drug delivery applications
P0006;Biological Systems and Functions;Systèmes et fonctions biologiques;Interactions between attention, perception and reaching movements
P0007;Computer Science;Sciences informatiques;Design and Management of Fog Networks
P0008;Materials and Chemical Engineering;Génie chimique et des matériaux;Polymer Porous Fibrous Structures with Antiviral Properties
P0009;Multidisciplinary or interdisciplinary humanities;Sciences humaines multi- ou interdisciplinaires;L'art Noir: cartographies for an emerging field
P0010;;;System Identification of Human Postural Control: A Multimodal Sensory Stimulation Approach for Diagnosing Balance Disorders
P0011;;;Transitioning patients with advanced chronic kidney disease to home or facility dialysis: understanding the experience and quality of life for patients and their caregivers (TRANSIT-CARE)
P0012;Philosophy, medieval studies, classics, religious;Philosophie, études classiques, religieuses et médiévales;Tenrikyo and the Rise and Fall of New Religions in Japan
P0013;Genes, Cells and Molecules;Gènes, cellules et molécules;Systems biology of size control in eukaryotes
P0014;Genes, Cells and Molecules;Gènes, cellules et molécules;Drop-based microfluidics (DBM) for single cell studies and ultrahigh-throughput phenotypic screens and lab evolution
P0015;Cell Biology – Disease;Biologie cellulaire – Maladie;Neural repair in glaucoma: the role of insulin signaling
P0016;;;Impacts des mesures de protection contre la COVID-19 sur la communication des personnes malentendantes
P0017;Education and social work;Éducation et travail social;Mixité sociale et scolaire en classe : perception des exigences professionnelles des étudiant·e·s en formation à l'enseignement au Québec et en Suisse
P0018;Physics;Physique;Discharges at/near gas-liquid and liquid-liquid interfaces: fundamental investigation and application in liquid processing and nanomaterial synthesis
P0019;;;Fully-Lagrangian three-dimensional modelling of river ice jam initiation
P0020;Political science and public administration;Science politique et administration publique;Juger l'homosexualité, attribuer l'asile: le traitement des demandes d'asile OSIG au Canada
P0021;Multidisciplinary or interdisciplinary social sciences;Sciences sociales multi- ou interdisciplinaires;Intentions or affect: Which is a key driver of physical activity? Using ecological momentary assessment to understand the intention-behaviour gap in schizophrenia spectrum disorders
P0022;;;Biophysical and genetic control of root growth
P0023;;;Open-source numerical strategy for the analysis and redesign of turbomachine blades accounting for nonlinear structural interactions
P0024;Physics;Physique;Application of Boltzmann Transport Equation solutions to nuclear reactor physics and radiotherapy applications
P0025;;;La théorie des graphes : analyse structurelle, algorithmique et applications dans les sciences de l'ingénieur
P0026;;;Interdisciplinary Canadian Collaborative ME Research Network
P0027;Political science and public administration;Science politique et administration publique;La nouvelle politique de la redistribution
P0028;Cardiovascular System – Vascular System;Système cardiovasculaire - Système vasculaire;Extracellular vesicles and their miR cargo to enhance ischemia-induced neovascularization in peripheral artery disease
P0029;;;Low-Dimensional Organic Materials for Energy, Electronic and Environment Applications
P0030;Genes, Cells and Molecules;Gènes, cellules et molécules;Histone protein supply and demand: life on a knife's edge
P0031;Mathematics and Statistics;Mathématiques et statistique;Bayesian deep-learning prediction with sparse graphs
P0032;History;Histoire;At the Edge of Soft Power: French Saint-Simonians and Nineteenth-Century Visions of Development
P0033;Mathematics and Statistics;Mathématiques et statistique;Random walks on random graphs in high dimensions
P0034;Biological Systems and Functions;Systèmes et fonctions biologiques;Roles, mechanisms of action and regulation of Hippo signaling in the testis
P0035;Biological Systems and Functions;Systèmes et fonctions biologiques;The role of the TGFB-SOX9 signaling pathway in brain angiogenesis
P0036;;;A randomized controlled trial comparing Virtual Reality Therapy to Supportive Therapy to reduce cannabis use in patients with psychotic disorders
P0037;Education and social work;Éducation et travail social;Le contrat didactique en sciences humaines au primaire : mieux comprendre les pratiques enseignantes et leurs effets sur l'apprentissage
P0038;;;Impact of insects by-products and phytogenics on the piglet's intestinal health
P0039;Geosciences;Géosciences;Response of the continental water cycle to greenhouse warming: evaluating, understanding and constraining Earth System Model projections
P0040;;;Why Do Green Products Suffer from Low Consumer Preference? An Explanation Based on Ease of Benefit Visualization and Price Fairness Perceptions
P0041;Geography, urban planning and related fields;Géographie, urbanisme et domaines connexes;Architecture comme tissu spatial et social: perspectives japonaises pour promouvoir les relations multi échelles
P0042;;;Femmes mémorialistes sous l'Ancien Régime (XVIe-XVIIIe siècles)
P0043;;;Répit Une Heure pour Moi : Ethnographie ciblée d'un programme de soutien familial à domicile pour les familles dont un enfant a des problèmes de santé mentale
P0044;;;The ethical challenges of Artificial Intelligence for start-ups
P0045;Civil, Industrial and Systems Engineering;Génie civil, industriel et des systèmes;Integrating impacts from marine plastics in Life Cycle Assessment
P0046;;;A Semantic Parsing Approach to Open-world Knowledge Graph Question Answering
P0047;Indigenous research;Études autochtones;Appropriation et déploiement d'une approche pédagogique antiraciste chez des formateurs en sciences de la santé
P0048;;;Pathways for the digital economy: Adolescent digital literacies and InstaPoetry
P0049;Multidisciplinary or interdisciplinary social sciences;Sciences sociales multi- ou interdisciplinaires;Les discours en matière de pauvreté dans les revues scientifiques francophones du travail social : ce qu'ils nous disent du travail social et de ses rapports à la science et à la théorie
P0050;Biological Systems and Functions;Systèmes et fonctions biologiques;Bilingualism and attentional processes in the age and language proficiency continuum
P0051;;;Arts de la scène, innovations technologiques et clowns pour le renouvellement de l'opéra
P0052;Fine Arts, Research-Creation;Beaux-arts, recherche-création;"""Domestic art galleries"" in Cuba, Russia, and China after 1989: a(n) (imagined) trans-socialist network"
P0053;Biological Systems and Functions;Systèmes et fonctions biologiques;Advancing the understanding of fundamental principles of motor control
P0054;;;Impact Award: Insight
P0055;Chemistry;Chimie;New Methods for the Stereoselective Synthesis of Organic Compounds
P0056;Fine Arts, Research-Creation;Beaux-arts, recherche-création;Capturer le rythme de la vie moderne : le montage rapide comme symptôme et modèle pour les sociétés du début du XXe siècle jusqu'à aujourd'hui
P0057;Fine Arts, Research-Creation;Beaux-arts, recherche-création;Environnement, médias, archives : une anatomie contemporaine de la mélancolie et de la nostalgie
P0058;Genes, Cells and Molecules;Gènes, cellules et molécules;Multimode determination of gene transcription and metabolic labeling
P0059;;;SLAMF7 in innate immune cells and anti-cancer immunotherapy
P0060;Literature;Études littéraires;À votre service : figures ambivalentes du care dans le Roman français de 1870 à 1945
P0061;;;Using a point-of-care electrophysiological method to study the impact of neuro-sacral function on recovery after acute spinal cord injury
P0062;Education;Éducation;Local intersectoral networks and institutional transformations: how can local actors promote social innovations?
P0063;;;Plasma biomarkers of Alzheimer's disease in insomnia before and after cognitive behavioral therapy for insomnia
P0064;Civil, Industrial and Systems Engineering;Génie civil, industriel et des systèmes;Developing algorithm aided fabrication methods for polyhedral structures
P0065;Virology & Viral Pathogenesis;Virologie et pathogenèse virale;SARS-CoV-2 Spike conformation: impact on Fc-mediated effector functions
P0066;Mathematics and Statistics;Mathématiques et statistique;Questions in number theory
P0067;Gender, Sex & Health;Genre, sexe et santé;The mammalian target of rapamycin provides the female rodent heart sex-dependent resistance to ischemic damage
P0068;Health Research Training Platform;Plateforme de recherche de formation en santé;The CAnadian Mother-ChIld COLlaborative Training Platform - The CAMCCO-L Training Platform
P0069;Gender, Sex & Health;Genre, sexe et santé;Life course body fatness and physical activity, and ovarian cancer etiology
P0070;Behavioural Sciences – Neurobiological Basis of Behavioural Processes;Sciences comportementales - Fondements neurologiques des processus comportementaux;Modeling cue-triggered relapse to cocaine use in rats
P0071;;;Exploring emotional underpinnings of audit work amidst the rise of the digital age
P0072;;;Moving towards culturally safe services for Indigenous people in forensic mental health: A Partnership Development Programme
P0073;Physics;Physique;Development of functional language brain networks: a multimodal neuroimaging approach
P0074;Philosophy, medieval studies, classics, religious;Philosophie, études classiques, religieuses et médiévales;Une deuxième peau à vif: vêtement, genre et violence dans la Bible hébraïque
P0075;Social Innovation;Innovation sociale;Social Innovation through Participatory Art and Design with Youth at the Margins - Solutions for Engaging and Empowering Youth with Trans-Atlantic Mirroring
P0076;Clinical Investigation – Reproduction, Maternal, Child and Youth Health;Études cliniques - Reproduction, santé des jeunes, de la mère et de l'enfant;Assessment of renal function in adults born preterm: The HAPI-Kidney study
P0077;;;Unveiling the Role of Cellular Aging in Postmenopausal Syndrome: Rationale for Senolytic-Based Strategies to Enhance Women's Health
P0078;;;Optimizing the Ageing Brain? Situating Ethical Aspects of Dementia Prevention (BEAD)
P0079;;;Multicommunicating during team meetings and its effect on team functioning
P0080;Psychology;Psychologie;Transitioning from late adolescence into emerging adulthood: The role of past and current parenting
P0081;Mechanical Engineering;Génie mécanique;Plateforme intégrée de caractérisation expérimentale/numérique pour la conception de matériaux poreux innovants
P0082;;;How Peers in Healthcare Teams Transform Homelessness Prevention and Care Practices: A Participatory Multiple Case Study
P0083;Civil, Industrial and Systems Engineering;Génie civil, industriel et des systèmes;Online stochastic optimization for dynamic operations management systems
P0084;Computer Science;Sciences informatiques;Assessing latent-structure models in natural language processing with artificial datasets
P0085;Chemistry;Chimie;Electroactive Self-Assembled Monolayers: Putting Surface-Confined Redox Reactions to Work
P0086;Clinical Investigation – Arthritis, Bone, Skin and Cartilage;Études cliniques - Arthrite, os, peau et cartilages;Role of SCPPPQ1, a junctional epithelium protein, in maintaining periodontal integrity and health
P0087;Multidisciplinary or interdisciplinary social sciences;Sciences sociales multi- ou interdisciplinaires;What dreams may come: How cinema shapes the language, experience, and images of dreaming
P0088;Chemistry;Chimie;Supramolecular strategies to target cellular membranes
P0089;;;Geopolitics, bargaining, and firm selection along the Belt and Road
P0090;Movement & Exercise;Mouvement et exercice;Role of neuron-glia interactions in sensori-motor integration in mastication
P0091;Physics;Physique;Dual-Energy Cone-Beam CT as an online quantitative imaging modality for adaptive radiotherapy
P0092;Philosophy, medieval studies, classics, religious;Philosophie, études classiques, religieuses et médiévales;"Le ""patient expert"": enjeux épistémiques et normatifs"
P0093;;;Les données numériques en santé: peut-on bâtir la confiance
P0094;;;Role of ARF1 as a key GTPAse regulating immune surveillance in breast cancer
P0095;Chemistry;Chimie;Critical Replacement of Thermogravimetric Analyzer to Leverage Materials Discovery and Innovation
P0096;;;Partnering with Canadian Youth to Co-Design a Toolkit to Support Youth who Experience Climate-Related Distress
P0097;;;Family Acculturation: Identity, Legitimacy, and the Marketplace
P0098;Computer Science;Sciences informatiques;Low-Resource Text Understanding
P0099;Sociology, demography and related fields;Sociologie, démographie et domaines connexes;Privilège des minoritaires et inégalités épistémiques: une perspective féministe et décoloniale sur la reconnaissance des savoirs expérientiels dans la lutte contre la pauvreté au Québec et en Belgique francophone
P0100;Sociology, demography and related fields;Sociologie, démographie et domaines connexes;L'esthétique moyenne ou la coupe régulière
P0101;Multidisciplinary or interdisciplinary social sciences;Sciences sociales multi- ou interdisciplinaires;Deepening understanding on infant and child mortality disparities in low- and middle-income countries: untangling the direct and indirect effects of gender inequality
P0102;Behavioural Sciences – Neurobiological Basis of Behavioural Processes;Sciences comportementales - Fondements neurologiques des processus comportementaux;Isolating the role of the raphe-ventral hippocampus serotonergic pathway in anxiety
P0103;Biological Systems and Functions;Systèmes et fonctions biologiques;Facing pain is effortful: a multidisciplinary approach to investigate the effects of pain on perception of effort and performance
P0104;Civil, Industrial and Systems Engineering;Génie civil, industriel et des systèmes;Enjeux émergents liés à la présence de manganèse dans les eaux potables
P0105;;;Élaboration d'un procédé de stockage de CO2 par minéralisation visant à réduire les émissions des Gaz à Effet de Serre du secteur agricole
P0106;Economics;Sciences économiques;Factor models for forecasting and macroeconomic applications
P0107;Literature;Études littéraires;Une histoire écrite avec des si. Les devenirs romanesques des idéaux libertaires (1898-1940)
P0108;;;Jean-Marc Vallée : de Montréal à Hollywood
P0109;Cancer Progression & Therapeutics;Progression du cancer et thérapeutique;Prebiotics to modify the gut microbiome and enhance immune checkpoint blockers
P0110;Public, Community & Population Health;Santé publique, santé communautaire et santé des populations;Words Matter, Numbers Matter, Ways Matter: Establishing a Data and Resource Platform to Guide Equitable Healthcare for Women Living with Female Genital Mutilation/Cutting in Canada
P0111;Anthropology and archaeology;Anthropologie et archéologie;"Dynamiques de cohabitation à l'ère de la ""super-diversité"""
P0112;Mathematics and Statistics;Mathématiques et statistique;Dependence Modelling for Arbitrary Distributions
P0113;Anthropology and archaeology;Anthropologie et archéologie;CONTACT BY SEA: : Basques et Autochtones dans le golfe Saint-Laurent, XVIe-XVIIIe siècle
P0114;Genes, Cells and Molecules;Gènes, cellules et molécules;The impact of genetic variation on genome biology and function
P0115;Clinical Investigation – Reproduction, Maternal, Child and Youth Health;Études cliniques - Reproduction, santé des jeunes, de la mère et de l'enfant;Orphan Nuclear Receptor Regulation of Fertility
P0116;Cardiovascular System – Heart and Circulation;Système cardiovasculaire - Cœur et circulation;Identifying the roles of atypical MAP kinases ERK3 and ERK4 in cardiac remodelling
P0117;Civil, Industrial and Systems Engineering;Génie civil, industriel et des systèmes;Valorisation des données industrielles
P0118;Materials and Chemical Engineering;Génie chimique et des matériaux;Multiphysics and multiscale modeling for the intensification of chemical engineering processes
P0119;Cancer Progression & Therapeutics;Progression du cancer et thérapeutique;Targeting BMP signaling in the tumor endothelium to improve cancer immunotherapy
P0120;;;The Impact of Job Transformations on Frontline Employees' Burnout and Performance: Examining the Roles of Manager Support and Empathy
P0121;;;Structural design and rehabilitation of bridge superstructure and foundation elements utilizing fibre reinforced concrete and ultra-high performance fibre reinforced concrete with conventional reinforcement
P0122;Education and social work;Éducation et travail social;Des dispositifs de développement professionnels transformateurs pour les enseignants du postsecondaire
P0123;Mechanical Engineering;Génie mécanique;High-fidelity simulations of turbulent combustion relevant to gas turbines and compression ignition engines
P0124;;;Responsible Conduct in Research: From Norms to Practice
P0125;Genes, Cells and Molecules;Gènes, cellules et molécules;Integrity of the cellular transformation barriers in reprogrammed cell
P0126;Evolution and Ecology;Évolution et écologie;Deuterostome extracellular matrix structures (ossicles and tubes): Evolution, composition, function and development
P0127;Chemistry;Chimie;Finding Order in Chaos: Vibrational Spectroscopy Study of Oriented Soft Materials
P0128;;;COVID-19 seroepidemiology in children Using Retrieved POPCORN site Leftover Samples (CURNLS)
P0129;;;COVIH study: COVID-19 burden in HIV infected individuals
P0130;Genes, Cells and Molecules;Gènes, cellules et molécules;Unravelling the physiological function of a highly conserved HNRNPA1 splice variant
P0131;;;Valorisation des données de production manufacturière pour une prise de décision personnalisée et décentralisée
P0132;;;Uncovering causal complexities and trade-offs in the acceptance of mobile apps used to protect communities: the case of emergency response and contact tracing technologies
P0133;Biological Systems and Functions;Systèmes et fonctions biologiques;Acquisition of an ultracentrifuge to support research in the field of veterinary infectious diseases
P0134;Multidisciplinary or interdisciplinary humanities;Sciences humaines multi- ou interdisciplinaires;Penser et agir pour la paix au Québec
P0135;Fine Arts, Research-Creation;Beaux-arts, recherche-création;Towards a visualization-assisted international history of videogame culture
P0136;;;Modélisation et optimisation biomécanique d'orthèses et d'instrumentation de modulation de croissance pour le traitement de la scoliose pédiatrique
P0137;Clinical Investigation – Arthritis, Bone, Skin and Cartilage;Études cliniques - Arthrite, os, peau et cartilages;Randomized controlled trial to evaluate the effect of a postural re-education intervention compared to standard care on scoliosis progression in adolescent
P0138;Multidisciplinary or interdisciplinary social sciences;Sciences sociales multi- ou interdisciplinaires;Sommeil après une commotion cérébrale : impact sur le bien-être et le fonctionnement familial
P0139;;;Few-Mode Optical Coherence Tomography (FM-OCT)
P0140;;;(IN)VISIBILISATION : Le design au prisme de l'itinérance
P0141;Hematology, Digestive Disease & Kidney;Hématologie, maladies digestives et rein;Targeting SMOC2-induced epithelial-to-mesenchymal transition inhibits senescence in mouse models of kidney fibrosis
P0142;Law and criminology;Droit et criminologie;Modèle explicatif des liens drogues-crimes des jeunes femmes adultes: une nouvelle perspective
P0143;;;Mégadonnées et techniques avancées démystifiées
P0144;Electrical and Computer Engineering;Génie électrique et de l'informatique;Developing neurocomputational tools for the prediction and modulation of consciousness
P0145;Education and social work;Éducation et travail social;Description et analyse des interactions orales entre adulte (enseignante/parent) et enfant en lien avec les habiletés narratives lors de la lecture d'albums plurilingues dans une perspective de collaboration école-famille en milieu pluriethnique
P0146;Education and social work;Éducation et travail social;Contribuer au développement d'écoles plus justes et inclusives du personnel scolaire de groupes racisés : quels cadres de référence éthique pour les directions d'établissement d'enseignement?
P0147;Systems & Circuits Neurosciences;Systèmes et circuits en neurosciences;Manipulating methionine metabolism to shape immune responses and modify disease progression in both sexes in MS
P0148;Clinical Investigation – Cardiovascular Systems;Études cliniques - Systèmes cardiovasculaires;Lymphatic vessel function in atherosclerosis
P0149;Literature;Études littéraires;Théorie de l'improvisation comme pratique de vulnérabilité en recherche-création
P0150;Law and criminology;Droit et criminologie;Potentialiser le leadership normatif de l'Organisation mondiale de la santé: une étude internationale
P0151;;;PARCS en Santé: Contrôler les agents pathogènes transmis par les tiques tout en protégeant la biodiversité des parcs nature péri-urbains
P0152;Sociology, demography and related fields;Sociologie, démographie et domaines connexes;Appréhender la colère sociale : une enquête comparative auprès des jeunes NEET au Québec et en Ontario
P0153;Education and social work;Éducation et travail social;La professionnalisation des enseignants d'éducation physique et à la santé à l'école primaire et secondaire : l'enjeu stratégique du savoir professionnel au Québec et en Ontario
P0154;Mechanical Engineering;Génie mécanique;Two-phase flow numerical model development based on experimental characterization
P0155;;;Idea vitality and group idea elaboration
P0156;;;La réorganisation des services institutionnels et communautaires auprès des personnes en situation d'itinérance et les besoins des personnes en situation d'itinérance pour faire face à la pandémie de COVID-19
P0157;Cardiovascular System – Cells and Tissues;Système cardiovasculaire - Cellules et tissus;Contribution of 17beta-estradiol in pregnancy-related cardiac arrhythmias
P0158;Mutidisciplinary or interdisciplinary social sciences;Sciences sociales multi- ou interdisciplinaires;Le vivant à l'aune de l'Anthropocène. Étude des enjeux matériels, sociaux, culturels, éthiques et épistémologiques des représentations du vivant et des imaginaires sociotechniques des biotechnologies
P0159;Electrical and Computer Engineering;Génie électrique et de l'informatique;Connectivité intelligente des véhicules urbains dans un réseau hétérogène d'ondes millimétriques
P0160;Communications, media studies, gender studies, library and information science, related fields;Communications, études médiatiques, études de genre, bibliothéconomie et sciences de l'information, domaines connexes;How spokespersons stand for, act for, and speak for a collective: Understanding the communicative inner workings of political representation and its organizing effects
P0161;;;Coconstruire un modèle théorique de l'objection de conscience : approfondir sa compréhension afin de mieux l'intégrer à la formation et la pratique infirmière
P0162;;;Acceptability, user experience and effect of a new mobile app, 'OUPS!', a FemTech solution designed for the treatment of urinary incontinence in menopausal women: a mixed method study
P0163;;;Traduction et journalisme/Translation and Journalism/Traducción y periodismo
P0164;Education and social work;Éducation et travail social;Réponse différentielle à l'évaluation formelle en protection de la jeunesse en contexte de diversité ethnoculturelle: portrait de la situation et perspectives des familles et des intervenants
P0165;Civil, Industrial and Systems Engineering;Génie civil, industriel et des systèmes;Grey box optimization
P0166;Materials and Chemical Engineering;Génie chimique et des matériaux;Polymers for realizing energetic materials with tailored performance
P0167;;;How does the interplay between mandatory and voluntary regulation shape industry practice change for the better?
P0168;;;Unité de liaison pour la recherche internationale sur le conseil scientifique
P0169;Philosophy;Philosophie;La téléologie naturelle au 18e siècle
P0170;Philosophy;Philosophie;Mouvements sociaux, droits sociaux et démocratie. Une théorie normative
P0171;Materials and Chemical Engineering;Génie chimique et des matériaux;Modeling the thermodynamic and physical properties of Deep Eutectic Solvents
P0172;;;La qualité des relations employé-superviseur : Un modèle processuel des antécédents, conséquences, et modérateurs des évaluations comparatives
P0173;Literature;Études littéraires;Mathésis, mimésis, sémiosis : la littérarité des genres populaires dans les littératures francophones d'Afrique subsaharienne, du Maghreb et des Caraïbes
P0174;Anthropology and archaeology;Anthropologie et archéologie;Regime Change and Resilience of Maya peoples at the end of the Classic period (ca. 800-1000 CE)
P0175;Crisis/Suicide Line and App-based Support Models for post traum. stress in public safety personnel (PSP);Lignes d'écoutes et modèles applicatifs de support pour le stress post-traumatique chez les premiers répondants;Recommendations for culturally sensitive and intersectional practice in suicide prevention intervention for public safety personnel : a qualitative approach
P0176;Philosophy;Philosophie;Varieties of Valuings
P0177;Civil, Industrial and Systems Engineering;Génie civil, industriel et des systèmes;Pilotage en temps réel des systèmes à l'ère de l'industrie 4.0
P0178;;;Understanding Esophageal Atresia using Induced Pluripotent Stem Cells
P0179;Microbiology & Infectious Diseases;Microbiologie et maladies infectieuses;Discovery and characterization of novel genetic-exchange and drug-resistance mechanisms in Leishmania parasites
P0180;Computer Science;Sciences informatiques;From Perception and Learning to Understanding and Action
P0181;Biological Systems and Functions;Systèmes et fonctions biologiques;Novel mechanisms of theca cell growth in the ovarian follicle of cattle
P0182;;;An OCT-controlled system for precise and reproducible subretinal drug injection in mice
P0183;Genes, Cells and Molecules;Gènes, cellules et molécules;Bioenergetic role of astrocytes in neuronal plasticity and behaviour
P0184;Sociology, demography and related fields;Sociologie, démographie et domaines connexes;In Democracy we trust, do we?
P0185;Biological Systems and Functions;Systèmes et fonctions biologiques;Minimally-invasive monitoring of renal health in reptiles
P0186;;;Le réenchantement à contretemps ? Irrationalité et postmodernité littéraire
P0187;;;Structure-functional property-device performance relationships in electronic and energy materials and devices
P0188;;;AI augmented pilot
P0189;;;Transfert, appropriation et rétention des pratiques associées à l'approvisionnement valorisant l'innovation dans le réseau québécois de la santé : le cas de l'approche fonctionnelle
P0190;;;Le patrimoine des groupes ethnoculturels de Montréal: le cas de Montréal-Nord
P0191;Anthropology and archaeology;Anthropologie et archéologie;Documenting forager adaptations to dramatic climate change at the Pleistocene-Holocene transition in Liguria (Italy)
P0192;;;Abordabilité intégrée: état des connaissances sur les interactions entre coûts d'habitation et de transport
P0193;Environmental Sciences;Sciences de l'environnement;High definition digital microscope for accelerating Québec entomological research
P0194;Civil, Industrial and Systems Engineering;Génie civil, industriel et des systèmes;Envisioning and Enacting UX Evaluation of Augmented Reality: A Multimethod Approach
P0195;Mechanical Engineering;Génie mécanique;Kinematic-specific proprioceptive stimulations to better understand sensory control of gait movements
P0196;Biological Systems and Functions;Systèmes et fonctions biologiques;Attentional processes in the human insula
P0197;Mechanical Engineering;Génie mécanique;Towards More Autonomous and Safer Unmanned Aerial Vehicle Systems
P0198;Geosciences;Géosciences;Subsea and terrestrial permafrost of the central and eastern Canadian Arctic Archipelago
P0199;;;Global Centers Track 2: Heat Adaptation
P0200;Virology & Viral Pathogenesis;Virologie et pathogenèse virale;Immunovirological determinants of breakthrough COVID-19 disease in vaccinated or previously infected individuals
P0201;;;Hormonal control of stamen filament growth
P0202;Biochemistry & Molecular Biology;Biochimie et biologie moléculaire;Investigate features and dynamics of intron RNP biology and its role in modulating RNA metabolism
P0203;;;CircRNAome in childhood TCF3-PBX1 ALL: Biomaker potential and mechanisms of circRNA dysregulation and function
P0204;;;Additive manufacturing technologies for high-performance and high-productivity of multifunctional composite structures and their sustainability for aerospace applications
P0205;;;Computational methods and frameworks for unsupervised machine learning
P0206;;;Au coeur du cosmos TRYSPACES: Colloque, exposition et bibliothèque numérique
P0207;;;Understanding Attitudes toward Artists with a Physical Disability
P0208;Materials and Chemical Engineering;Génie chimique et des matériaux;Non-target analysis of radicals in sonochemical and advanced oxidation processes (AOPs)
P0209;;;La cyberviolence dans les relations amoureuses des jeunes : identifier les facteurs de risque et de protection ainsi que leurs impacts différenciés selon le genre
P0210;;;"""Sentometrics"": Econometrics of textual sentiment with applications in economics and finance"
P0211;;;Clean Energy transition, Market Design and Industry Dynamics
P0212;;;Conférence de l'International Society for the Study of Drug Policy
P0213;Genes, Cells and Molecules;Gènes, cellules et molécules;Methods development for the measurement of single-cell molecular state
P0214;;;Multifunctional Engineering Structures via Embodied Intelligence
P0215;Physics;Physique;Spin waves in ferromagnetic metallic wires
P0216;Genes, Cells and Molecules;Gènes, cellules et molécules;Molecular Chronobiology and regulation of gene expression in dinoflagellates
P0217;;;Combiner l’hypnose, la réalité virtuelle, la neurophysiologie et l’intelligence artificielle dans la gestion non-pharmacologique et personnalisée de la douleur chronique
P0218;Philosophy;Philosophie;Les théories inédites de la foi des penseurs dominicains des années 1250-1350
P0219;;;Computationally efficient multiphysics and multiscale modeling approaches applied to porous materials engineering
P0220;Economics;Sciences économiques;Marriage, Sorting, and Segregation Across U.S. Cities
P0221;Materials and Chemical Engineering;Génie chimique et des matériaux;Highly versatile benchtop Flow Cytometry Analyzer
P0222;;;Analysis of Extreme Values
P0223;History;Histoire;Frontlines to Headlines: The Politics of Memory, War and the Press in interwar Germany
P0224;Chemistry;Chimie;Mechanistic Investigations of Nickel-Promoted C-Heteroatom Bond Making Reactions
P0225;;;Manipulated Procurement
P0226;;;Functionalized Bilayer Graphene Devices: Achieving Selectivity and Sensitivity
P0227;;;Le rôle de la résilience sur la santé et le bien-être des équipes interprofessionnelles: validation d'une démarche managériale participative
P0228;Law and criminology;Droit et criminologie;Les jeunes en difficulté et faisant l'objet d'une double prise en charge judiciaire : parcours de vie, trajectoires dans les services et pratiques professionnelles
P0229;Fine Arts, Research-Creation;Beaux-arts, recherche-création;"Before the ""Great Divide"": The Shared Language(s) of Art and Science in the Early Modern Period"
P0230;;;MID-INFRARED QUANTUM TECHNOLOGY FOR SENSING (MIRAQLS)
P0231;Cancer Progression & Therapeutics;Progression du cancer et thérapeutique;Exploiting minor histocompatibility antigens for personalized cancer immunotherapy
P0232;Economics;Sciences économiques;Investment incentives in matching markets: on the foundations of competitive models
P0233;Computer Science;Sciences informatiques;Advancing Machine Learning with Causal Models
P0234;Medieval, classics, religious studies;Études classiques, religieuses et médiévales;The Brahma Kumari Tradition in Canada and the United States
P0235;Education and social work;Éducation et travail social;Social polarization in high schools during COVID-19: A mixed-method Positive Youth Development research to inform how to promote well-being and reduce violence among adolescents
P0236;;;Assessing the community needs of Canadians with limb loss: Building the foundation for community action
P0237;;;Addition of high dose Stimulant and engagement-focused Contingency management, alone and in combination, to treatment as usual for the management of MEthamphetamine use disorder (ASCME): a pan-Canadian multisite randomized controlled trial
P0238;;;Écrire / Traduire / Visualiser les humanités numériques
P0239;Chemistry;Chimie;Smart Electrolytes for a New Perspective on Electrochemical Energy Storage
P0240;History;Histoire;Femmes et pouvoirs dans le bailliage de Montréal (1644-1693)
P0241;Psychology;Psychologie;Entre pressions socioculturelles et insatisfaction à l'égard de l'image corporelle : le rôle médiateur de caractéristiques personnelles chez les adolescents et jeunes hommes.
P0242;Computer Science;Sciences informatiques;Multi-Precision Optimization and Methods with Inaccurate Functions and Derivatives
P0243;Mechanical Engineering;Génie mécanique;Adaptive FEM for Analysis, Design, and Control of Complex Flows
P0244;Cancer Progression & Therapeutics;Progression du cancer et thérapeutique;Diagnosis of Aggressive Prostate Cancer Using Key Features of Raman Spectroscopy
P0245;Biological Systems and Functions;Systèmes et fonctions biologiques;Maintaining balance in an unstable environment: A central role for the vestibular system
P0246;Biological Systems and Functions;Systèmes et fonctions biologiques;Multifarious roles of the smallest Arabidopsis thaliana MAPKKKs clade (MAPKKK19, 20 and 21) as an integrative hub for plant pathogen interactions, growth, development and reproduction
P0247;Civil, Industrial and Systems Engineering;Génie civil, industriel et des systèmes;Occurrence et contrôle des bactéries opportunistes et bioaérosols issus des systèmes de traitement des eaux usées
P0248;Political science and public administration;Science politique et administration publique;Le confinement : étude comparée du choix d'un instrument de politique publique extrême
P0249;;;Valorisation des noirs de carbone recyclés de pneus usagés
P0250;;;"""Managing AI in Health Ecosystems"" Masterclass"
P0251;Cell Biology – Molecular/Fundamental;Biologie cellulaire – moléculaire/fondamentale;Novel regulatory mechanisms of the mammalian nuclear proteasome through liquid-liquid phase separation
P0252;;;Integrating early neuromonitoring biomarkers to better define eligibility for therapeutic hypothermia after perinatal hypoxia-ischemia
P0253;;;Metasurface and Metamaterial-Inspired Devices for 5G, IoT, Sensing and Space Applications
P0254;;;Cross-frequency coupling and machine learning for electrophysiological signal analysis
P0255;Genes, Cells and Molecules;Gènes, cellules et molécules;Uncovering a New Cytotoxic Mechanism of Natural Killer Cells
P0256;;;Actualisation de la formation sur les pratiques d'affiliation dans les Auberges du coeur du Québec
P0257;;;Evidence for Impact: The Quebec Experience of Designing Evidence-Based Public Policy Solutions to Reform Home Care
P0258;;;Replicative stress as a primary determinant of chemotherapeutic outcome in ovarian cancer
P0259;Civil, Industrial and Systems Engineering;Génie civil, industriel et des systèmes;Improved representation, impact assessment, and adaptive management of water resource systems under changing natural and anthropogenic conditions
P0260;Education and social work;Éducation et travail social;Le travail ensemble comme stratégie de réponse aux besoins complexes des jeunes en difficulté : comprendre les processus d'émergence de la collaboration
P0261;Genetics;Génétique;Interneuronopathies and neurodevelopmental disorders
P0262;Pharmacology & Toxicology;Pharmacologie et toxicologie;Prevention / treatment of the choroidal neovascularization by kinin receptors antagonists
P0263;Fine Arts, Research-Creation;Beaux-arts, recherche-création;Entre vie et mort: images de médiation
P0264;;;Identification of microbial factors to modulate immune dysregulation and treat post-COVID-19 syndrome
P0265;Business, management and related fields;Affaires, gestion et domaines connexes;Les effets de la pandémie de COVID-19 sur les conditions de travail et les trajectoires d'emploi des femmes au Québec: recul, maintien ou avancée?
P0266;Civil, Industrial and Systems Engineering;Génie civil, industriel et des systèmes;Data-driven Optimization of Transport Systems
P0267;Fine Arts, Research-Creation;Beaux-arts, recherche-création;Le tournant éclectique en architecture à travers les procès-verbaux du Conseil des Bâtiments civils (projet pilote)
P0268;;;Évolution de l'organisation du travail des directions d'établissements d'enseignement du Québec dans le contexte de la transformation des commissions scolaires en centres de services
P0269;;;Integrating interdisciplinary perspectives on circular economy
P0270;Genes, Cells and Molecules;Gènes, cellules et molécules;Homeostasis of the respiratory epithelial tissue: regulatory mechanisms by ion channels
P0271;Clinical Investigation – Cardiovascular Systems;Études cliniques - Systèmes cardiovasculaires;Vascular events in patients undergoing same-day noncardiac surgery (VALIANCE) - a prospective cohort and nested biobank study
P0272;Education and social work;Éducation et travail social;Mental health Recovery from Youth Right-based Perspectives
P0273;Evolution and Ecology;Évolution et écologie;Ecosystem functioning in the landscape: a meta-ecosystem perspective
P0274;;;Multi-Fidelity Zonal Approaches to Multi-Disciplinary Aerodynamic Analysis of Transonic Aircraft
P0275;;;Defining the functions and mechanisms of centrosomal RNA localization
P0276;Mutidisciplinary or interdisciplinary social sciences;Sciences sociales multi- ou interdisciplinaires;Collaborative improvement of moral deliberation methods: An exercise in living ethics
P0277;Genes, Cells and Molecules;Gènes, cellules et molécules;The role of GABA signaling in nervous system formation and homeostasis
P0278;Biological and Clinical Aspects of Aging;Aspects biologiques et cliniques du vieillissement;Elimination of senescent endothelial cells to prevent vascular dementia in aging atherosclerotic mice
P0279;Biological Systems and Functions;Systèmes et fonctions biologiques;Understanding and treating osteoarthritic pain in pet animals: An approach based on neurogenomics and neuropeptidomics manipulation
P0280;;;Optimizing risk averse decisions in data-driven problems
P0281;Genes, Cells and Molecules;Gènes, cellules et molécules;Understanding the genesis of the spliced immunopeptidome
P0282;Evolution and Ecology;Évolution et écologie;Fundamental drivers of plant spectral diversity
P0283;Evolution and Ecology;Évolution et écologie;Systematics, biogeography and evolution of northern floras
P0284;Materials and Chemical Engineering;Génie chimique et des matériaux;Development of Additive Manufacturing Superalloys with high ?' volume fraction
P0285;Psychosocial, Sociocultural & Behavioural Determinants of Health;Déterminants psychosociaux, socioculturels et comportementaux de la santé;Judiciarisation des personnes souffrant de troubles mentaux : une recherche en théorisation ancrée sur la perception des patients judiciarisés et le personnel soignant
P0286;;;Methods of initiation and mitigation of thermal runaway in lithium-ion batteries
P0287;;;Automated AI-supported methane plume detection from satellite and aircraft images
P0288;Computer Science;Sciences informatiques;From domain-specific languages to domain-specific environments
P0289;;;Magnetic Field Characterization and Mapping for Artifact Mitigation in MRI
P0290;Political science and public administration;Science politique et administration publique;La médiatisation de l'opinion publique au Canada
P0291;Communications, media studies, gender studies, library and information science, related fields;Communications, études médiatiques, études de genre, bibliothéconomie et sciences de l'information, domaines connexes;Entrepreneuring as Relational Process: Tracing the Trajectories of Entrepreneurial Projects
P0292;Clinical Investigation – Arthritis, Bone, Skin and Cartilage;Études cliniques - Arthrite, os, peau et cartilages;Physiotherapy care in Emergency Departments for Patients with Musculoskeletal Disorders: A Pragmatic Cluster Randomized Controlled Trial and Cost Analysis
P0293;;;Le numérique et les études médiévales : enjeux pédagogiques et formation par la recherche
P0294;;;High power density motors for aeronautics manufactured by cold spraying
P0295;Systems & Circuits Neurosciences;Systèmes et circuits en neurosciences;Cholesterol metabolism and regulation of the senescence-associated secretory phenotype in retinopathy
P0296;Civil, Industrial and Systems Engineering;Génie civil, industriel et des systèmes;Second-order Hessian-free methods for statistical learning and stochastic optimization
P0297;;;Ecosystemic thinking: integrating ecosystem assessment to the strategic thinking process
P0298;Biological Systems and Functions;Systèmes et fonctions biologiques;Brain-body interactions during bipedalism
P0299;Materials and Chemical Engineering;Génie chimique et des matériaux;Multiaxial electro-mechanical tensile tester for stretchable electronics
P0300;Mathematics and Statistics;Mathématiques et statistique;Development and Update of Quantitative Pharmacology Concepts and Computational Models for a Better Understanding of Drug Fate and Action
P0301;Education and social work;Éducation et travail social;Frontières vécues dans les institutions éducatives québécoises. Discours des cégépiennes musulmanes issues de l'immigration à Montréal
P0302;Electrical and Computer Engineering;Génie électrique et de l'informatique;Non-invasive 4D thoracic imaging infrastructure to support decision-making in the management of lung diseases in intensive care units (ICU)
P0303;Education and social work;Éducation et travail social;La participation à la société québécoise : exploration de la perception des jeunes issus de l'immigration, de première et de deuxième génération (JIPDG), élèves et étudiants au secondaire et au cegep francophones
P0304;;;Reshaping the urban water management paradigm: towards a new decision-support framework for the sustainable design of hybrid systems
P0305;Multidisciplinary or interdisciplinary humanities;Sciences humaines multi- ou interdisciplinaires;L'activité musculaire des pianistes au service de la production sonore et de l'expression musicale
P0306;;;Extraction, migration et mise en place de granite-pegmatite orogénique: construire les vecteurs d'exploration de métaux critiques
P0307;;;Mon genou pourrait aller mieux
P0308;Biological Systems and Functions;Systèmes et fonctions biologiques;Learning sensorimotor maps through curiosity
P0309;Computer Science;Sciences informatiques;Improving the Quality Assurance of Machine-Learning Software Applications
P0310;;;Mobilizing evidence into the effective treatment of sexual offenders: A feasibility study
P0311;;;Simulation of large scale MaaS
P0312;;;PRevention of COVID-19 with high dose Oral Vitamin D supplemental Therapy in Essential healthCare Teams (PROTECT)
P0313;Genes, Cells and Molecules;Gènes, cellules et molécules;Decrypting nociceptive signaling pathways in Caenorhabditis elegans using behavioral analysis and mass spectrometry-based proteomics
P0314;Law and criminology;Droit et criminologie;Suivre les affaires et les auteurs de violence conjugale : vers une meilleure compréhension du cheminement pénal et de la récidive
P0315;Genes, Cells and Molecules;Gènes, cellules et molécules;Dissection of non-canonical DNA damage response mechanisms controlling the senescence program
P0316;;;Comment habiter le territoire québécois de façon sobre et résiliente dans un contexte de transition écologique?
P0317;Behavioural Sciences – Behavioural Studies, Neuroscience and Cognition;Sciences comportementales - Études du comportement, des neurosciences et de la cognition;Deafness Induced Brain Reorganization: a research program to examine how deafness modifies cortical functions and affects compensatory vision and auditory performance following cochlear implantation
P0318;Materials and Chemical Engineering;Génie chimique et des matériaux;Multiscale modeling of multiphase flows in chemical engineering processes
P0319;;;Soutien à la mobilisation des milieux scolaires pour la mise en oeuvre de mesures intégrées et structurées favorisant la socialisation des élèves, leur bien-être psychologique, ainsi que la prévention de la violence
P0320;Fine Arts, Research-Creation;Beaux-arts, recherche-création;La Trajectoire du mouvement debussyste (1895-1923) : Style, réception, implantation institutionnelle
P0321;Mechanical Engineering;Génie mécanique;High-order Geometry, Mesh and Adaptivity for Fluid-Structure Interaction Simulations
P0322;Genes, Cells and Molecules;Gènes, cellules et molécules;Computational analysis and modeling of ribonucleic acid structure, function, and dynamics
P0323;;;Stratégies d'épargne transfusionnelle et de prévention de la pénurie de produits sanguins labiles : de l'utilisation clinique appropriée à l'élargissement du pool de donneurs
P0324;Physics;Physique;Relaxation, friction interne et ondes gravitationnelles
P0325;Political science and public administration;Science politique et administration publique;Penser la citoyenneté vécue des femmes dans les pratiques participatives du care au quotidien en Amérique latine : Le cas des cuisines communautaires de la ville de Mexico
P0326;Evolution and Ecology;Évolution et écologie;Statistical analysis of microbiome longitudinal data with multiplex networks
P0327;Chemistry;Chimie;Reaction mechanisms of catalytic reactions using earth-abundant metals
P0328;;;Investigation of a novel tumor suppressor mechanism in medulloblastoma
P0329;Computer Science;Sciences informatiques;Autonomous security for complex systems
P0330;Fine arts, research-creation;Beaux-arts, recherche-création;Résonance et altération audiovisuelles: pour une pensée sonore de la vidéo et du cinéma expérimental
P0331;Computer Science;Sciences informatiques;Concentration of measure on quantum states
P0332;Biological Systems and Functions;Systèmes et fonctions biologiques;The use of facial information from developmental prosopagnosics to super-recognizers
P0333;;;Raman spectroscopy platform integrating highly sensitive photonic devices, nanostructured surfaces and machine learning for on-site detection of multiple diseases
P0334;Cardiovascular System – Vascular System;Système cardiovasculaire - Système vasculaire;Capillary stalling and hypoxic micropockets: two sides of the same phenomena?
P0335;Law and criminology;Droit et criminologie;Crime sans châtiment : compétences et réussite criminelle
P0336;Biological Systems and Functions;Systèmes et fonctions biologiques;Crop rhizosphere response to environmental stress
P0337;;;Towards remission and full recovery from obsessive-compulsive disorder: Investigating the efficacy of Inference-Based Cognitive-Behavioral Therapy when standard treatment has failed
P0338;;;Soft coral flexibility: its impact on hydrodynamic loads, feeding and a way to measure flow velocity
P0339;Evolution and Ecology;Évolution et écologie;Sexual selection and the evolution of cognition
P0340;Genes, Cells and Molecules;Gènes, cellules et molécules;Characterization of lincRNA-miRNA networks
P0341;Education and social work;Éducation et travail social;Rétroaction corrective écrite : à quel moment et pour qui?
P0342;Electrical and Computer Engineering;Génie électrique et de l'informatique;EDITH: Efficient Design for Intelligent devices exploiting emerging TecHnologies
P0343;Psychosocial, Sociocultural & Behavioural Determinants of Health;Déterminants psychosociaux, socioculturels et comportementaux de la santé;When Pain Drives you N. U. T. S.: A mixed methods approach to investigating triggers of the stress response and multidimensional pain outcomes in a sample of individuals suffering from chronic low back pain
P0344;;;Preclinical development of highly potent and orally bioavailable PCSK9 inhibitors for patients at high cardiovascular risk
P0345;Diabetes, Obesity, Lipid & Lipoprotein Disorders;Diabète, obésité, troubles lipidiques et lipoprotéiques;Targeting 14-3-3zeta to promote human pancreatic beta-cell proliferation
P0346;;;Colloque scientifique annuel de l'Équipe de recherche interdisciplinaire sur les familles réfugiées et demandeuses d'asile
P0347;Computer Science;Sciences informatiques;Machine Learning in the Presence of Model-Dependent Data
P0348;Civil, Industrial and Systems Engineering;Génie civil, industriel et des systèmes;Sustainable mobility in Canadian cities: Towards an integrated measurement and understanding of the performance of land use and transport systems and their impacts on travel behavior
P0349;Education and social work;Éducation et travail social;L'enseignement de l'écriture par les enseignants de littérature et de philosophie du collégial
P0350;Cancer Progression & Therapeutics;Progression du cancer et thérapeutique;Investigating the metabolic determinants of triple-negative breast cancer progression through chromatin dependencies
P0351;Mathematics and Statistics;Mathématiques et statistique;Modélisation et mesure des risques financiers
P0352;Evolution and Ecology;Évolution et écologie;Ecological and evolutionary drivers of host-symbiont associations in the phyllosphere
P0353;;;Comment nourrir en santé toujours plus d'humains sans épuiser les ressources terrestres dans un contexte de changements climatiques ?
P0354;;;Applications of machine learning in finance and economics
P0355;Civil, Industrial and Systems Engineering;Génie civil, industriel et des systèmes;Dynamic Games: Theory, Algorithms and Applications
P0356;;;In-vitro Oral, Inhalation, and Dermal Bioaccessibility and Bioavailability of Metal(loid)s from Polluted Soils and Mine Tailings
P0357;Materials and Chemical Engineering;Génie chimique et des matériaux;Electrochemical biosensors for point-of-care diagnostics
P0358;Communications, media studies, gender studies, library and information science, related fields;Communications, études médiatiques, études de genre, bibliothéconomie et sciences de l'information, domaines connexes;Look Up!: The Media Logics of Aerial Communication
P0359;;;Expectation Formation, Excess Currency Returns, and Foreign Exchange Interventions
P0360;Genes, Cells and Molecules;Gènes, cellules et molécules;Études génétiques et moléculaires de la fonction des Polycomb dans la formation et le maintien de la stabilité de l'hétérochromatine
P0361;Computer Science;Sciences informatiques;Bringing the quantum revolution to fruition
P0362;Civil, Industrial and Systems Engineering;Génie civil, industriel et des systèmes;Apprentissage automatique et optimisation pour les graphes et réseaux
P0363;;;Thanatographies: (re)penser la mort en littérature
P0364;Genes, Cells and Molecules;Gènes, cellules et molécules;Mechanisms of assembly and function of the septin cytoskeleton in Drosophila
P0365;;;Propagating Marginal Probability Mass Functions in Constraint Programming Solvers: Challenges and Opportunities
P0366;Medical Physics & Imaging;Physique médicale et imagerie;Magnetic resonance navigation of drug eluting beads for liver cancer therapy: in-vitro optimization and preclinical safety efficacy study
P0367;Electrical and Computer Engineering;Génie électrique et de l'informatique;Robotic Perception in Extreme Environments
P0368;Computer Science;Sciences informatiques;Modular and Lifelong Learning for Developing General Purpose Robotic Agents
P0369;Computer Science;Sciences informatiques;Algorithmic Fairness in Black-box Machine Learning Models
P0370;Genes, Cells and Molecules;Gènes, cellules et molécules;Sex- and hormone-dependent recruitment of inhibitory neurons in rodent sensory cortex
P0371;Developmental Biology;Biologie du développement;Investigating the Adamts19-dependent mechanisms that regulate valve maturation
P0372;Social Innovation;Innovation sociale;Social Innovation Processes in and around Multinational Companies: The Role of Social Activists and their Transnational Networks
P0373;Cell and Developmental Physiology;Cellules et physiologie du développement;Regulation of collective cell migration by the kinase Misshapen
P0374;;;COHESION Study 2.0: COvid-19, HEalth and Social InteractiOn in Neighbourhoods
P0375;;;Breaking silos: Integrating software development and operations activities in organizations
P0376;Biological Systems and Functions;Systèmes et fonctions biologiques;Differential impact of stress on risk-taking behaviour in individuals using hippocampus versus caudate nucleus-dependent virtual navigation strategies
P0377;Materials and Chemical Engineering;Génie chimique et des matériaux;Gas phase activation of monosaccharides and 5-hydroxymethylfurfural to 2,5 diformylfuran a PEF monomer
P0378;Philosophy, medieval studies, classics, religious;Philosophie, études classiques, religieuses et médiévales;Critical Edition, Translation and Study of Isaac ibn Latif's Commentary on Ecclesiastes (ca. 1240)
P0379;Communications, media studies, gender studies, library and information science, related fields;Communications, études médiatiques, études de genre, bibliothéconomie et sciences de l'information, domaines connexes;Sound Art Documentation : Spatial Audio and Significant Knowledge
P0380;Biological Systems and Functions;Systèmes et fonctions biologiques;Inter-Brain Synchronization: from Measurements to Mechanisms
P0381;Genetics;Génétique;Endothelial cell genetics and blood pressure regulation
P0382;;;ImproviNg rEnal outcomes following coronary angiograPhy and/or percuTaneoUs coroNary intErventions: a pragmatic, adaptive, patient-oriented randomized controlled trial
P0383;Computer Science;Sciences informatiques;Machine Learning with Tensor Networks
P0384;Biological Systems and Functions;Systèmes et fonctions biologiques;Elucidation of novel intracellular signaling mechanisms underlying uterine function and disease in cows
P0385;Computer Science;Sciences informatiques;Data extraction from videos for the analysis of behaviors in urban scenes
P0386;Medical Physics & Imaging;Physique médicale et imagerie;Inflammatory phenotype, senescence, and viscoelasticity imaging of macrophages in HIV
P0387;;;Optimization algorithms for rich vehicle routing problems
P0388;;;Investigating the Innovation Process in Long-Term Care Facilities: A Research Project on the Adoption, Implementation and Assimilation of Health IT
P0389;Genetics;Génétique;KBTBD4 determines key epigenetic marks that govern human hematopoietic stem cell self-renewal
P0390;Computer Science;Sciences informatiques;Representation learning and exploration of data geometries
P0391;;;Vitamin K1 supplementation to improve cognition of patients with coronary heart disease: a randomized controlled pilot study
P0392;Physics;Physique;Simulation of physical processes with Monte Carlo methods in the keV and MeV energy range
P0393;Clinical Investigation – Arthritis, Bone, Skin and Cartilage;Études cliniques - Arthrite, os, peau et cartilages;Characterizing and targeting lipocalin-type prostaglandin D2 synthase in osteoarthritis
P0394;Materials and Chemical Engineering;Génie chimique et des matériaux;3D Bioprinting of Cardiac Tissues
P0395;;;Fiscal Policy Spillovers and Inter-Sectoral Linkages: Theory and Evidence
P0396;Electrical and Computer Engineering;Génie électrique et de l'informatique;Advanced Distributed Decision-making framework for Smart grid aggregators
P0397;Law and criminology;Droit et criminologie;Constitutional Legacies of the Judicial Committee of the Privy Council
P0398;Geography, urban planning and related fields;Géographie, urbanisme et domaines connexes;Developing frameworks for climate positive design: Case Study of extraction and processing industries in Nova Scotia and Quebec
P0399;Literature;Études littéraires;Re-Imagining Illness: The British Woman Writer's Medical Knowledge, 1660-1820
P0400;Immunology & Transplantation;Immunologie et transplantation;Regulation of thymic selection thresholds and their role in establishing T cell function
P0401;Literature;Études littéraires;Viral Conjunctures: Pandemics and Planetary Health Narratives
P0402;History;Histoire;Companies and States: The Compagnie des Indes occidentales and the Reconfiguration of Authority in the French Atlantic, 1664-1674
P0403;Public, Community & Population Health;Santé publique, santé communautaire et santé des populations;Produits sanguins provenant de don de sang d'hommes ayant des relations sexuelles avec d'autres hommes (Étude PS-HARSAH)
P0404;Immunology & Transplantation;Immunologie et transplantation;Manipulating cytokine pathways to increase T cell stemness during chronic antigen exposure
P0405;Cardiovascular System – Vascular System;Système cardiovasculaire - Système vasculaire;Sexual dimorphism and menopause in the interaction between immune cells and neurovascular coupling
P0406;Chemistry;Chimie;Novel Synthetic Methodologies Exploiting Nitrogen-Containing Molecules
P0407;Computer Science;Sciences informatiques;Towards Systematic and Cost-Effective Monitoring of Large-Scale Software Systems
P0408;Computer Science;Sciences informatiques;From examples to knowledge to software engineering support and automation
P0409;Immunology & Transplantation;Immunologie et transplantation;B cell intrinsic mechanisms of the germinal centre reaction
P0410;Genes, Cells and Molecules;Gènes, cellules et molécules;Modifications of newly synthesized histones and the cellular response to DNA replication stress
P0411;;;Innovative Compressor/Fan Technologies for Reduction of Fossil Fuel Consumption
P0412;Multidisciplinary or interdisciplinary humanities;Sciences humaines multi- ou interdisciplinaires;Exploring ancestry in Montréal's Notre-Dame Cemetery (1691-1797), using 3D morphometrics and ancient DNA
P0413;Biological Systems and Functions;Systèmes et fonctions biologiques;Individual differences in natural scene semantics investigated with machine learning and neuroimaging
P0414;;;The Climate Crisis and the Future of Work
P0415;;;Grid Transition: New Generation Methodologies and Tools for Reliable Protection
P0416;;;Art-thérapie et réadaptation: une perspective transdisciplinaire
P0417;Computer Science;Sciences informatiques;Optimization and game dynamics in machine learning
P0418;Education and social work;Éducation et travail social;Développement et validation d'un outil sur le climat de genre tel que perçu par les élèves des écoles secondaires
P0419;Clinical Investigation – Reproduction, Maternal, Child and Youth Health;Études cliniques - Reproduction, santé des jeunes, de la mère et de l'enfant;CMV Dynamics and Transmission in Pregnancy: Comparison Between Women Living with and without HIV
P0420;;;Solidarité et entraide dans le contexte de l'autisme et du vieillissement
P0421;Psychology;Psychologie;Children with sexual behaviour problems: Do specialized services influence their trajectory within child protection services?
P0422;;;Évaluer les pratiques préventives du Centre de prévention et d'intervention pour victimes d'agression sexuelle (CPIVAS) : projet pilote pour le programme de prévention « Clique sur toi! -- primaire »
P0423;Multidisciplinary or interdisciplinary social sciences;Sciences sociales multi- ou interdisciplinaires;Understanding what they want and what works: social support and well-being among men experiencing cancer
P0424;Social & Developmental Aspects of Children's & Youth's Health;Aspects sociaux et développementaux de la santé de l'enfant et de l'adolescent;The Burden of Harsh Parenting on Socioemotional and Behavioral Problems: the Role of Chronic Cortisol secretion in the Preschool Years
P0425;Biological Systems and Functions;Systèmes et fonctions biologiques;From amusia to dyslexia: the role of feedback
P0426;Fine Arts, Research-Creation;Beaux-arts, recherche-création;Raconter-Cartographier. La scénarisation transmédiale
P0427;;;Stratégies d'actions de communication innovantes visant une sensibilisation résiliente de la population face aux risques liés aux inondations
P0428;Sociology, demography and related fields;Sociologie, démographie et domaines connexes;Chez soi jusqu'à la fin? Entre désirs et possibilités de mourir à domicile
P0429;Mechanical Engineering;Génie mécanique;A combined in vivo/ex vivo experimental platform for the thorough 3D investigation of bone fatigue related microdamage
P0430;Education and social work;Éducation et travail social;Élaboration et mise à l'essai d'un dispositif d'accompagnement avec, par et pour des conseillers pédagogiques: soutenir le développement professionnel continu des enseignants débutants au regard de l'articulation croyances-pratiques
P0431;;;Environmental Footprint of Mutual Funds and Pension Plans
P0432;;;An Ecology of Wood Cultures in Canada (2003-2020): comparing constructive cultures through awarded architectural designs
P0433;;;Improving allocation and supporting clinical decision-making for deceased donor kidney offers
P0434;Physics;Physique;The many facets of black hole feedback in galaxies
P0435;;;Tics et syndrome de la Tourette: Bilan et Défis! Avancées des connaissances et discussion des enjeux liés à l'intervention
P0436;Molecular & Cellular Biology of Cancer;Biologie cellulaire et moléculaire du cancer;Targeting the SMARCD1-E2A-p53 Molecular Axis in B-Cell Lymphoma
P0437;Geosciences;Géosciences;The biogeochemical heterogeneity of peatlands
P0438;Economics;Sciences économiques;The role of referral networks on job outcomes
P0439;;;Investigating neuroprotective strategies in genetic models of neurodegeneration
P0440;Evolution and Ecology;Évolution et écologie;Plant diversity and ecosystem services in wetlands
P0441;;;How do pioneer factor open chromatin?
P0442;Biological Systems and Functions;Systèmes et fonctions biologiques;Integrative physiology of ovarian follicular development and ovulation
P0443;Genes, Cells and Molecules;Gènes, cellules et molécules;Intracellular transport of proteins containing di-arginine endoplasmic reticulum-retention motifs
P0444;Materials and Chemical Engineering;Génie chimique et des matériaux;Plastic Waste Upgrading by Coupling Microwave Heating with Catalytic Pyrolysis
P0445;Chemistry;Chimie;Controlling Molecular Organization in Materials
P0446;;;Développement de méthodes d'apprentissage automatique pour la détection d'anomalies à l'échelle d'un ensemble de barrages
P0447;Molecular & Cellular Neurosciences;Neuroscience cellulaire et moléculaire;Investigation of the heterogeneity of mitochondrial dysfunction in idiopathic Parkinson's disease using induced neurons derived from patients
P0448;Molecular & Cellular Neurosciences;Neuroscience cellulaire et moléculaire;The amyloid precursor protein intracellular domain is an effector molecule of metaplasticity - implications for the regulation of synaptic plasticity in Alzheimer disease
P0449;Genes, Cells and Molecules;Gènes, cellules et molécules;Regulation of neutrophil antimicrobial defense through the pleiotropic receptor FPR2/ALX
P0450;Biological Systems and Functions;Systèmes et fonctions biologiques;The neural mechanisms underlying the promotion of motor learning by acute exercise
P0451;Materials and Chemical Engineering;Génie chimique et des matériaux;Scalable, versatile surface engineering through photo-initiated chemical vapour deposition
P0452;Cell Biology - Molecular/Fundamental;Biologie cellulaire – moléculaire/fondamentale;Regulation of cytokinesis by the novel and conserved flavin-dependent monooxygenase enzymes OSGN-1/OSGIN
P0453;Nutrition, Food & Health;Nutrition, aliments et santé;Enabling monitoring of ultra-processed food consumption among Canadians: Development and validation of a screener
P0454;Psychology;Psychologie;Les cognitions sociales implicites et les tendances comportementales associées aux émotions hostiles
P0455;Philosophy;Philosophie;Heidegger et Gadamer. Correspondance et bilan
P0456;Electrical and Computer Engineering;Génie électrique et de l'informatique;Generic AC-DC load-flow solution method with controllable AC-DC converters
P0457;Education and social work;Éducation et travail social;Étude sur l'apport de l'expérience de l'émotion de la tristesse vécue et exprimée par des enfants endeuillés face à la réalité du processus de deuil tel que vécu au Québec
P0458;Electrical and Computer Engineering;Génie électrique et de l'informatique;Intelligent video surveillance to detect mobility problems of older adults at home: from fall detection to fall prevention
P0459;Medical Physics & Imaging;Physique médicale et imagerie;Dynamic Ultrasound Localization Pulsatility Imaging
P0460;Biological Systems and Functions;Systèmes et fonctions biologiques;Metabolic control of plant non-photosynthetic metabolism
P0461;;;COLCOT-T2D : Colchicine for Primary Prevention of Cardiovascular Events in Patients with Type 2 Diabetes
P0462;;;Major Resource Support at the Université de Montréal for Canada's Subatomic Physics Program
P0463;Biological Systems and Functions;Systèmes et fonctions biologiques;Plateforme d'imagerie macroscopique ultra sensible pour l'étude des neurotransmetteurs et des neuromodulateurs in vivo
P0464;Physics;Physique;Algorithmes de calcul de dose basé sur des modèles pour des applications avancées en physique médicale
P0465;Civil, Industrial and Systems Engineering;Génie civil, industriel et des systèmes;Logistics and transportation
P0466;Cell Biology – Molecular/Fundamental;Biologie cellulaire – moléculaire/fondamentale;Systematic mapping of the global ARF network interactome by BioID coupled to functional studies to reveal novel biological functions
P0467;Political science and public administration;Science politique et administration publique;Measuring Partisan Conflicts on Social Media
P0468;;;The emergence of problem clarity in teams and its influence innovation project success
P0469;;;The release of carbon and pollutants from eastern canadian watersheds in response to atmospheric deposition and climate change
P0470;Electrical and Computer Engineering;Génie électrique et de l'informatique;Récepteur radiofréquence pour système de caractérisation d'antennes en micro-ondes et ondes millimétriques
P0471;;;Advanced Simulation Tools for the Design and Operation of Circular Economy Strategies
P0472;Fine Arts, Research-Creation;Beaux-arts, recherche-création;Révélations daoustiennes : nouvelles perspectives sur le théâtre francophone du Québec 1895-1940
P0473;;;Dormir sans pression: un concept intégrateur pour les patients tétraplégiques et les aidants pour minimiser les plaies de pression, améliorer le sommeil et favoriser la résilience face à la lésion de la moelle épinière
P0474;Civil, Industrial and Systems Engineering;Génie civil, industriel et des systèmes;Assessment of mechanical and durability performances of NSC to self-healing FRC structural components under combined mechanical and environemental loadings
P0475;Cardiovascular System – Vascular System;Système cardiovasculaire - Système vasculaire;eNOS regulates endothelial cell polarity and angiogenic sprouting in vascular pathologies
P0476;;;Comparative Effectiveness of Repetitive Versus Deep Transcranial Magnetic Stimulation for Major Depression: A Randomized Controlled Trial
P0477;;;Planning and developing Canadian intersectoral partnerships and knowledge sharing for sustainable LD risk mitigation in peri-domestic high-risk areas
P0478;Electrical and Computer Engineering;Génie électrique et de l'informatique;Du réseau de neurones au circuit logique et réciproquement : le meilleur des deux mondes
P0479;Psychology;Psychologie;Faire du virtuel une réalité : l'exploration de l'utilité d'agents virtuels autonomes en contexte de formation à l'évaluation des jeunes contrevenants
P0480;;;Global Corporate Minimum Tax in Canada? Politics, Policy and Practice
P0481;;;Briser les silos de recherche : pour l'amélioration des interactions entre les milieux universitaire et professionnel en sciences de l'information
P0482;;;Simulation numérique des écoulements multi-composants à trois phases par l'approche de Boltzmann sur réseau
P0483;Psychology, linguistics and translation;Psychologie, linguistique et traduction;Developing an initial understanding of the factors involved in psychological readiness to return to sport following a concussion
P0484;Cell Biology – Disease;Biologie cellulaire – Maladie;Roles for mitochondrial adaptation in fatty liver disease and associated liver cancer
P0485;Mechanical Engineering;Génie mécanique;Lagrangian analyzes of complex and turbulent flows for advanced flow diagnostics
P0486;;;Energy and spectrum opportunistic relaying for sustainable wireless networks
P0487;Chemistry;Chimie;Plasmonic optophysiology
P0488;;;A statistical perspective for some challenges in data science
P0489;Genes, Cells and Molecules;Gènes, cellules et molécules;Structural and functional characterization of protein-metal interactions
P0490;;;To study the pathogenesis and its underlying mechanisms of an abnormally large Pol II pool size caused by a defective novel ARMC5-containing POLR2A-specific ubiquitin ligase
P0491;Fine arts, research-creation;Beaux-arts, recherche-création;Perspectives compositionnelles sur la sémiotique musicale, à partir de l'intégration théorique et pratique de la sémiotique deleuzienne du cinéma
P0492;Immunology & Transplantation;Immunologie et transplantation;Regulation of germinal center B cell function during antibody responses
P0493;;;Victims, Law and Justice: A Partnership approach to Transformative Justice
P0494;Biological Systems and Functions;Systèmes et fonctions biologiques;Dynamic scene processing in humans
P0495;;;Planning for mercury-related vision rehabilitation services for Grassy Narrows First Nation community
P0496;;;L'intégration des PFÉ dans les stages d'actualisation et de requalification de l'Université de Montréal
P0497;Communications, media studies, gender studies, library and information science, related fields;Communications, études médiatiques, études de genre, bibliothéconomie et sciences de l'information, domaines connexes;Cartographie des sensibilités queer dans la culture audiovisuelle populaire
P0498;Sociology, demography and related fields;Sociologie, démographie et domaines connexes;De l'innovation à la nouvelle conformité : les usages complexes des smart drugs
P0499;;;Favoriser la participation sociale des aînés présentant des problèmes de mobilité : partenariat pour le codéveloppement d'un service innovant offert en contexte communautaire
P0500;Behavioural Sciences;Sciences comportementales;Chemosensation in Parkinson's disease: Trigeminal sensitivity as a potential marker
P0501;Diabetes, Obesity, Lipid & Lipoprotein Disorders;Diabète, obésité, troubles lipidiques et lipoprotéiques;Nuclear Factor Erythroid 2-Related Factor 2 (NRF2) and Regulation of Sodium-Glucose Co-Transporter 2 (SGLT2) Expression in Type 2 Diabetes
P0502;Genetics;Génétique;Identifying and functionally validating IBD genes and variants impacting intestinal epithelial barrier integrity
P0503;Biochemistry & Molecular Biology;Biochimie et biologie moléculaire;Structural and functional characterization of type IV secretion system pili
P0504;;;Targeting the extracellular adenosine pathway in pancreatic and liver cancers
P0505;Biological and Clinical Aspects of Aging;Aspects biologiques et cliniques du vieillissement;The impact of amyloid-induced neurodegeneration on sleep features and memory processes
P0506;Physics;Physique;Disentangling the Kinematics of the Solar Neighborhood to Calibrate the Ages of Stars and Exoplanets
P0507;Fine Arts, Research-Creation;Beaux-arts, recherche-création;Towards a Transcultural History and Theory of Heterophony
P0508;Philosophy, medieval studies, classics, religious;Philosophie, études classiques, religieuses et médiévales;What Do Deep Learning Systems Understand?
P0509;;;Improving endurance performance using maple syrup
P0510;Evolution and Ecology;Évolution et écologie;Multi-Omic Primate Adaptation to Local Environments
P0511;Economics;Sciences économiques;The Role of the State for Long-run Economic Development in Europe
P0512;;;Éditions critiques numériques et multilinguisme
P0513;Clinical Investigation – Reproduction, Maternal, Child and Youth Health;Études cliniques - Reproduction, santé des jeunes, de la mère et de l'enfant;Metabolic control of vascular regeneration in retinopathy of prematurity
P0514;Geosciences;Géosciences;Mechanics and dynamics of mineral dust production within cold climates
P0515;Biological Systems and Functions;Systèmes et fonctions biologiques;Biosecurity in Canadian dairy farms: Unraveling the epidemiology of bovine infectious diseases and refining diagnostic strategies to improve their detection, prevention and control
P0516;Linguistics and translation;Linguistique et traduction;Mobilité urbaine et ressources langagières à Santiago du Chili
P0517;;;Pays perdus, terres promises : deux imaginaires du territoire de l'Antiquité à nos jours
P0518;;;Supraionic engineering of liquid electrolytes for electrochemistry and ionometallurgy
P0519;;;Pricing and Profitability in Non-Life Insurance
P0520;Genes, Cells and Molecules;Gènes, cellules et molécules;Regulation of glycolysis in T cell metabolic reprogramming
P0521;Communications, media studies, gender studies, library and information science, related fields;Communications, études médiatiques, études de genre, bibliothéconomie et sciences de l'information, domaines connexes;After-images and urban spaces: lesbian, gay and queer visible presence in Montreal (1950-1990)
P0522;Genes, Cells and Molecules;Gènes, cellules et molécules;Heterochromatin Protein 1 (HP1) in maternal infertility and embryonic development
P0523;Behavioural Sciences – Clinical Behavioural Sciences;Sciences comportementales - Aspect clinique;Chronic non-cancer pain, substance use, and related harms: Towards an optimal treatment pathway for people who inject drugs in the context of the opioid crisis
P0524;;;Simulation stochastique à haute résolution spatiale pour les études des risques d'inondation en milieu urbain
P0525;;;Innovative mobile health treatment modality to treat sleep difficulties in healthcare workers working on atypical work schedules
P0526;Genes, Cells and Molecules;Gènes, cellules et molécules;Interpretable Machine Learning Approaches Applied to Omics Datasets
P0527;Cardiovascular System – Heart and Circulation;Système cardiovasculaire - Cœur et circulation;Prevention and treatment of preeclampsia using exercise training and Angiotensin-(1-7): determining the mechanisms and clinical potential
P0528;Physics;Physique;Connecting MRI physics and artificial intelligence to advance novel acquisition and analyses technologies for neuroimaging applications
P0529;;;The Paperology Symposium
P0530;;;Mechanisms affecting follicular development and ovulation in the Bovine model
P0531;Biological Systems and Functions;Systèmes et fonctions biologiques;Measuring and modeling large-scale electrophysiological brain dynamics: From neural mechanisms to cognitive processes
P0532;;;Apprentissage des jeunes adultes touchés par un cancer du sang : création de solutions à l'aide du co-design
P0533;Psychology, linguistics and translation;Psychologie, linguistique et traduction;Mentalisation parentale non verbale sous la loupe : Valeur ajoutée à la relation parent-enfant et complémentarité avec la mentalisation parentale verbale
P0534;Mutidisciplinary or interdisciplinary social sciences;Sciences sociales multi- ou interdisciplinaires;A multifactorial and integrative approach to investigate spoken discourse in Canadian French
P0535;;;Opening the blackbox on the relation between participation in hackathons and the development of longer-term collaborative capabilities
P0536;Canadian 2019 Novel Coronavirus (2019-nCoV) Rapid Research;Intervention de recherche rapide contre le nouveau coronavirus de 2019 (COVID-19);A multi-country comparison of COVID-19 response: Planning, implementation, and health system resilience
P0537;Multidisciplinary or interdisciplinary humanities;Sciences humaines multi- ou interdisciplinaires;Participatory Democracy and the Canadian Genetic Non-Discrimination Act
P0538;Public, Community & Population Health;Santé publique, santé communautaire et santé des populations;Levelling the Playing Fields: Creating the conditions for free-play to emerge in cities
P0539;Psychology;Psychologie;Using prospective and observational designs to study support processes and sexual well-being in long-term couples
P0540;Genes, Cells and Molecules;Gènes, cellules et molécules;Molecular dissection of mitotic kinase functions using chemogenomics
P0541;Communications, media studies, gender studies, library and information science, related fields;Communications, études médiatiques, études de genre, bibliothéconomie et sciences de l'information, domaines connexes;Compassion and Collective Care in Long-Term Care Settings: A Communicative Perspective
P0542;Geosciences;Géosciences;Towards a better understanding of contaminant bioavailability- urgent replacement of photosynthetic incubators
P0543;Fine arts, research-creation;Beaux-arts, recherche-création;Marking Monastic Space: The Spatial Iconography of Inscribed Capitals, 1080-1160
P0544;Philosophy, medieval studies, classics, religious;Philosophie, études classiques, religieuses et médiévales;Dans l'intérêt du patient : la relation thérapeutique au sein de la Collection hippocratique
P0545;Electrical and Computer Engineering;Génie électrique et de l'informatique;Advanced methods for depth-based human pose estimation and motion analysis: application to vital signs monitoring in the intensive care unit
P0546;Health Policy & Systems Management Research;Recherche sur la gestion des systèmes et la politique de la santé;RÉAC ! Réactivité de la prise en charge des nouveaux arrivants face à la pandémie de COVID-19 à Montréal, Sherbrooke et Toronto : une recherche mixte participative
P0547;Economics;Sciences économiques;Public School Choice and Refugee Assignment: (Dynamic) Minimal Instability for Non-Unit Capacities and for Lotteries and Weak Priorities
P0548;Genes, Cells and Molecules;Gènes, cellules et molécules;Metabolic and translational dependencies of activated T cells
P0549;;;Transformer des espaces conventionnels et dysfonctionnels de participation : scénarios pour accroître la participation des citoyens aux comités consultatifs
P0550;;;CITE-sequencing analysis revealed immune cell diversity in colonic mesenteric lymph nodes from IBD patients
P0551;;;The neglected place of financial information and accountants in Canadian tech startups
P0552;History;Histoire;Reinventing the Rash: A Global History of Measles in the Vaccine Era
P0553;Physics;Physique;A New, Data-Driven Era for Precision Cosmology: Measuring the Expansion Rate of the Universe with Machine Learning
P0554;;;Créer-Entreprendre ! Trajectoires croisées : arts numériques et école nationale de cirque. Une exploration des reconfigurations des projets créatifs et des modèles de valeur post-Covid
P0555;Genes, Cells and Molecules;Gènes, cellules et molécules;Factors that control translational fidelity in mammalian cells
P0556;Molecular & Cellular Biology of Cancer;Biologie cellulaire et moléculaire du cancer;Exploiting the synthetic-lethal vulnerabilities of stem cells and cancer cells with eroded telomeres
P0557;;;Physicochemical characterization of pre-clinical samples of a bacteriophage therapy spray-on patch for the treatment of COVID-19-related pressure injury resistant infections
P0558;;;Dumping of waste rocks (WR) in mine stopes being filled with paste backfill (PB): Experimental and numerical investigations on the natural mixing behavior between WR and PB
P0559;;;Deep neural network uncertainty estimation for safe integration into autonomous driving autonomy systems
P0560;;;Adaptive Mechanical Systems for Physical Embodied Intelligence Robotics
P0561;Evolving Narratives of Cultures and Histories;Récits évolutifs des cultures et de l'histoire;Transnational families and midwifery care: Expectations, challenges and practices during pregnancy, childbirth and postpartum
P0562;Communications, media studies, gender studies, library and information science, related fields;Communications, études médiatiques, études de genre, bibliothéconomie et sciences de l'information, domaines connexes;Constructing participatory performance: the ecologies and architectures of audience engagement
P0563;Biological Systems and Functions;Systèmes et fonctions biologiques;Development and implementation of a standardized methodology aiming to optimize the efficacy and reproducibility of findings using non-invasive brain stimulation techniques in the context of motor training
P0564;Materials and Chemical Engineering;Génie chimique et des matériaux;Putting interfaces at work
P0565;Political science and public administration;Science politique et administration publique;Les outils de l'intersectorialité au niveau régional, comment sont-ils produits et comment opèrent-ils?
P0566;Molecular & Cellular Neurosciences;Neuroscience cellulaire et moléculaire;Cell biology and function of dopamine neuron connectivity in health and disease
P0567;Civil, Industrial and Systems Engineering;Génie civil, industriel et des systèmes;Exploiting Graphical Optimization Models to Solve Discrete Decision Problems in Healthcare and Supply Chain Logistics
P0568;;;Alliance de recherche et d'action Alternatives inclusives en Santé mentale
P0569;Communications, media studies, gender studies, library and information science, related fields;Communications, études médiatiques, études de genre, bibliothéconomie et sciences de l'information, domaines connexes;The development of a quality benchmark that identifies and addresses the determinants of online information reliability to inform information-seeking by a diverse population
P0570;Genes, Cells and Molecules;Gènes, cellules et molécules;Staufen2 and DNA damage
P0571;Physics;Physique;Ultra-high-resolution emission and absorption spectroscopy of non-equilibrium and highly-reactive plasmas applied to complex materials processing
P0572;;;Symmetries: Algebra and Physics
P0573;;;Mobilizing Women's Entrepreneurship for empowerment and local economic development
P0574;Genes, Cells and Molecules;Gènes, cellules et molécules;Calmodulation of ion channels
P0575;;;A multidimensional approach to study the biophysics of bioadhesin interaction with advanced nanomaterials
P0576;Physics;Physique;Smart nanostructured optical coatings prepared by pulsed plasma-based techniques
P0577;Materials and Chemical Engineering;Génie chimique et des matériaux;Développement de vêtements de protection chimique intelligents à haute performance de filtration
P0578;;;Context and Culture: Linguistic Anthropology and the Legacy of Michael Silverstein
P0579;Geosciences;Géosciences;Ultra-trace laboratory for legacy and emerging contaminants
P0580;;;Improving vulnerable preschoolers' mental health: A superiority trial assessing the How-to Parenting Program
P0581;Materials and Chemical Engineering;Génie chimique et des matériaux;Polymeric Nanoparticles for Delivery of Ribonucleic Acids: Overcoming the Endosomal Barrier and Going Beyond the Liver
P0582;Law and criminology;Droit et criminologie;Crime in the Decentralized Finance Industry
P0583;;;Gravitation, quantum mechanics and quantum field theory
P0584;Mathematics and Statistics;Mathématiques et statistique;Improving hedging effectiveness in actuarial and financial applications
P0585;;;Closing the Comorbidity Gap for People Living with HIV : a Randomized Controlled Trial of Fostemsavir to Reduce Inflammaging
P0586;Political science and public administration;Science politique et administration publique;Autonomie des acteurs dans les relations asymétriques: États de facto et leur patron entre l'Europe et la Russie
P0587;Electrical and Computer Engineering;Génie électrique et de l'informatique;Replacement of the femtosecond laser in the THz spectroscopic microscopy laboratory
P0588;;;Bringing nutrition to life among vulnerable populations: experiences from Latin America and Canada
P0589;Genes, Cells and Molecules;Gènes, cellules et molécules;Long non-coding RNAs in growth factor signaling
P0590;;;Plan d'action pour la gestion de la douleur chronique du Ministère de la Santé et des Services sociaux du Québec: Évaluation de la mise en œuvre et des impacts des projets initiaux en vue d'une généralisation progressive à l'ensemble du Québec
P0591;;;INNOV Phase I: Leverage artificial intelligence to improve Environmental, Social, and Governance (ESG) data
P0592;Nutrition, Food & Health;Nutrition, aliments et santé;Prevention of anastomotic leak in colorectal surgery through microbiome mediation of intestinal healing
P0593;;;Development of a tailored approach to move towards a sustainable circular economy business model in the plastic film sector: the case of Balcan
P0594;Education and social work;Éducation et travail social;Enseignement de l'histoire et jeux vidéos
P0595;Genes, Cells and Molecules;Gènes, cellules et molécules;Functions of bacterial type IA topoisomerases in the prevention of R-loop-dependent and -independent genomic instability
P0596;Computer Science;Sciences informatiques;High-Performance Dynamic Language Implementation
P0597;;;Methodological improvements for the statistical analysis of neurophysiological data with applications in user experience
P0598;;;Glycerol 3-phosphate phosphatase and the glycerol shunt in senescence and healthy aging
P0599;Virology & Viral Pathogenesis;Virologie et pathogenèse virale;Regulation of innate antiviral defenses through Interleukin-17 receptor D (IL-17RD)
P0600;;;Biological modeling to bridge in vitro and epidemiological studies: A new approach for animal-free chemical risk assessment
P0601;Literature;Études littéraires;IAL (Intelligence Artificielle Littéraire) : expérimentation d'algorithmes d'apprentissage automatique pour définir et identifier les variations dans l'Anthologie grecque
P0602;Biological Systems and Functions;Systèmes et fonctions biologiques;Studies on the pathogenesis of the infections caused by streptococcus suis
P0603;;;Autonomous learning agents for intelligent neurostimulation
P0604;Developmental Biology;Biologie du développement;Hox genes in development and evolution of distal limbs
P0605;Law and criminology;Droit et criminologie;Defence Lawyers and the Relevance of Social Problems in Lower Criminal Courts: A Comparative Analysis
P0606;Education and social work;Éducation et travail social;Les pratiques extrascolaires de littératie d'adolescents ayant une déficience intellectuelle
P0607;;;Brain-Derived Neurotrophic Factor in hemostasis and thrombosis
P0608;Communications, media studies, gender studies, library and information science, related fields;Communications, études médiatiques, études de genre, bibliothéconomie et sciences de l'information, domaines connexes;Engagement des bibliothèques publiques et scolaires en faveur du développement des compétences en littératie pour les élèves du troisième cycle du primaire et du secondaire : portrait et stratégie de transfert
P0609;Education and social work;Éducation et travail social;Mieux comprendre les défis et conditions de pratiques des parents d'accueil dans le contexte actuel de professionnalisation de l'accueil familial
P0610;Health Policy & Systems Management Research;Recherche sur la gestion des systèmes et la politique de la santé;A mixed methods study of stakeholders' perspectives on ethical and logistical issues related to advanced living donation in kidney transplantation in Canada, and a proposal for guidelines in a Canadian context
P0611;Cancer Biology & Therapeutics;Biologie du cancer et thérapeutique;To uncover, understand and exploit the estrogen-oncolytic virus crosstalk to improve therapy
P0612;Materials and Chemical Engineering;Génie chimique et des matériaux;Structure and rheology of mixed hydrocolloid gels as model systems for food 3D printing
P0613;Business, management and related fields;Affaires, gestion et domaines connexes;« Une bonne relation avec mon chef ! » : anatomie des relations entre gestionnaires et employés en contexte de travail à distance
P0614;;;Priorisation des soins intensifs en contexte extrême de pandémie : 1) modélisation/simulation de différentes stratégies de priorisation de l'accès aux soins intensifs et 2) délibérations démocratiques des parties prenantes sur les valeurs qui sous-tendent les modèles et leurs impacts sanitaires
P0615;Psychology;Psychologie;Understanding cyber abuse in context: The interplay of distal and situational correlates of daily cyber abuse in young adult couples
P0616;;;Humanitarian Supply Chain Design and Management
P0617;Education and social work;Éducation et travail social;La transformation sémantique et syntaxique des données de situations professionnelles pour l'apprentissage du raisonnement clinique
P0618;Social & Developmental Aspects of Children's & Youth's Health;Aspects sociaux et développementaux de la santé de l'enfant et de l'adolescent;Intergenerational transmission of vulnerability to PTSD : When children learn fear from their parent
P0619;Fine Arts, Research-Creation;Beaux-arts, recherche-création;La musique au service du pouvoir, entre propagande et diplomatie : Du Troisième Reich à la fin de la Guerre froide 
P0620;Mutidisciplinary or interdisciplinary social sciences;Sciences sociales multi- ou interdisciplinaires;Mesures de contrôle en santé mentale : un environnement contraignant?
P0621;;;R3AI: Shifting Paradigms for a Robust, Reasoning, and Responsible Artificial Intelligence and its Adoption - CFREF (CIHR Contribution)
P0622;;;À la rencontre des réalités virtuelle et concrète : la place de la scénographie dans la cocréation opératique
P0623;Psychology;Psychologie;Parenting dimensions' influence on the psychosocial adaptation of preschoolers with language deficits
P0624;Genes, Cells and Molecules;Gènes, cellules et molécules;The structure-function relationships between capsular polysaccharides and the immune system during Streptococcus suis infections
P0625;Biological Systems and Functions;Systèmes et fonctions biologiques;Études des mécanismes de colonisation de Clostridium perfringens en productions animales
P0626;;;Formation interactive en ligne: une solution à la formation des employés dans un contexte de roulement de personnel
P0627;Education and social work;Éducation et travail social;Mise en ouvre des politiques EDI en enseignement supérieur au Québec : construction de sens et types de réponses aux mesures destinées aux parcours étudiants
P0628;;;Continuum PAROLE-Onco : Vers le développement de compétences en auto-soins pour améliorer l'expérience de la vie après les traitements aigus de cancer du sein
P0629;;;CAN-DO (CANnabis research DevelOpment): A cells-to-society research program on cannabis and mental health in younger adults
P0630;;;Effets d'une intervention de proximité mère-prématuré et de calme (NeuroN-QI) sur le neurodéveloppement de nouveau-nés prématurés : un essai clinique randomisé
P0631;Movement & Exercise;Mouvement et exercice;Corticospinal mechanisms of locomotor recovery after spinal cord injury
P0632;;;Innover pour enseigner le management : cadres théoriques, mise en oeuvre et mesure d'impact
P0633;Mathematics and Statistics;Mathématiques et statistique;Advances in functional linear regression
P0634;Civil, Industrial and Systems Engineering;Génie civil, industriel et des systèmes;Modélisation et choix du mode de réalisation dans les projets de construction
P0635;Materials and Chemical Engineering;Génie chimique et des matériaux;An in silico platform simulating cell metabolic behavior
P0636;Civil, Industrial and Systems Engineering;Génie civil, industriel et des systèmes;Commande optimale stochastique avec applications en épidémiologie et en fiabilité
P0637;;;Reinforcement Learning in Electricity Markets with Storage Technologies
P0638;Biological Systems and Functions;Systèmes et fonctions biologiques;Advancing psychobiology of abnormal repetitive behaviours in carnivorous species
P0639;;;Du politique dans l'usage des archives filmiques : enjeux contemporains de la production documentaire
P0640;;;Neuroinflammation as a biomarker for epilepsy and neuropsychiatric comorbidities among people with tuberous sclerosis complex: a prospective, multicentre study
P0641;Multidisciplinary or interdisciplinary social sciences;Sciences sociales multi- ou interdisciplinaires;Quels sont les dimensions et savoirs spécifiques à la coordination des services et des soins des personnes ayant des besoins complexes?
P0642;Genes, Cells and Molecules;Gènes, cellules et molécules;Determining spatial arrangement, stoichiometry, and substrate specificity of messenger RNA-binding proteins along the gene expression pathway
P0643;;;Plateformes et usages : cinéma, télévision, jeu vidéo et création numérique
P0644;Biological Systems and Functions;Systèmes et fonctions biologiques;Time to investigate human visual shape perception and recognition
P0645;;;The gamification of online stochastic optimization problems
P0646;;;Effects of an Open Lung protective protective EXTubation strategy compared to a conventional extubation strategy on postoperative pulmonary complications after general anesthesia as part of a comprehensive lung protective ventilation strategy: a multicenter pilot randomized controlled trial (OLEXT-3 study)
P0647;;;Additively manufactured composite parts service properties prediction : an essential step to unleash the full potential of additive manufacturing of composites
P0648;Genes, Cells and Molecules;Gènes, cellules et molécules;Transcriptional regulation by long noncoding RNAs
P0649;;;Outils et méthodes de planification des services d'autopartage
P0650;Computer Science;Sciences informatiques;Sécurité de l'internet des objets dans les villes intelligentes
P0651;Biological Systems and Functions;Systèmes et fonctions biologiques;Understanding the early pathogenesis of necrotic enteritis in chickens
P0652;;;Trajectoire vers la sécurité des femmes en situation de handicap victimes de violence conjugale: une recherche-action intersectorielle en soutien aux droits des femmes
P0653;;;Regard des travailleuses sociales sur leur pratique professionnelle d'évaluation psychosociale à la suite de l'entrée en vigueur de la Loi visant à mieux protéger les personnes en situation de vulnérabilité : une étude à devis mixte
P0654;Law and criminology;Droit et criminologie;La police face à la justice : une analyse des systèmes de gestion des déviances policières au Québec
P0655;History;Histoire;Soigner et gouverner les corps autochtones: santé et médecine coloniale au Québec, 1855-1904
P0656;Physics;Physique;Development of near infrared spectroscopy (NIRS) and electroencephalography (EEG) methods to study neurovascular mechanisms of brain development
P0657;Diabetes, Obesity, Lipid & Lipoprotein Disorders;Diabète, obésité, troubles lipidiques et lipoprotéiques;Role of vitamin K-dependent gamma-carboxylation in beta cell and diabetes
P0658;Economics;Sciences économiques;Competition in the Canadian Mobile Telecommunications Industry: Weak Signals?
P0659;Biological Systems and Functions;Systèmes et fonctions biologiques;Gut-lung axis in equine asthma
P0660;Mathematics and Statistics;Mathématiques et statistique;Several aspects of L-functions
P0661;;;Estimating the Effects of Government Spending Along the Supply Chain
P0662;Biological Systems and Functions;Systèmes et fonctions biologiques;Using calorespirometry to assemble a complete picture of acute hypoxic metabolic depression in fishes
P0663;Chemistry;Chimie;Electronic structure theory: Merging wave function theory, density functional theory, and machine learning
P0664;;;Comprehensive lipidomics to identify novel players involved in the onset of cardiac manifestations of non-alcoholic fatty liver disease
P0665;Systems & Circuits Neurosciences;Systèmes et circuits en neurosciences;Longitudinal monitoring of visual function during cortical impairment in mice
P0666;;;Gouvernance et acceptabilité sociale des grands projets publics
P0667;Behavioural Sciences – Behavioural Studies, Neuroscience and Cognition;Sciences comportementales - Études du comportement, des neurosciences et de la cognition;Structural and functional changes in the brain of early and late blind individuals
P0668;Computer Science;Sciences informatiques;New unsupervised Bayesian and energy-based models dedicated to image processing and computer vision applications
P0669;Philosophy;Philosophie;Phenomenology and The Norms of Perception
P0670;;;Intelligent API Engineering: Systematically Leveraging APIs Through Development Knowledge and Usage Data
P0671;Biological Systems and Functions;Systèmes et fonctions biologiques;Investigating mechanisms involved in vestibular substitution
P0672;;;« COVID-19 » Migration en ligne et évaluation des impacts d'un programme de groupes de codéveloppement professionnel dans la fonction publique québécoise
P0673;Mechanical Engineering;Génie mécanique;Multibody modelling to prototype next generation portable exoskeletons for everyday assistance
P0674;Genes, Cells and Molecules;Gènes, cellules et molécules;Biomaterials-stimulated tissue regeneration and extracellular vesicles
P0675;Biological Systems and Functions;Systèmes et fonctions biologiques;Clinical Investigation in Canine and Feline Transfusion Medicine: Novel Blood Groups and their Clinical Significance
P0676;Psychology, linguistics and translation;Psychologie, linguistique et traduction;Uauitamutau assi. Terminologie de l'environnement en langue innue (innu-aimun)
P0677;Nutrition, Food & Health;Nutrition, aliments et santé;Novel role of exercise timing to improve obesity prevention and treatment
P0678;Genes, Cells and Molecules;Gènes, cellules et molécules;Impact of vascular injury derived exosomes on Lupus Nephritis
P0679;Business, management and related fields;Affaires, gestion et domaines connexes;Étude des logiques d'action syndicales dans le domaine de la santé mentale au travail: analyses croisées (Québec-France) dans le secteur de l'aérospatial
P0680;Social & Developmental Aspects of Children's & Youth's Health;Aspects sociaux et développementaux de la santé de l'enfant et de l'adolescent;Linking lifestyle behaviors, microbiota & cardiometabolic health from childhood to early adulthood: The QUALITY Cohort
P0681;;;Les syndicats face à la crise climatique : Analyse stratégique des ressources et des moyens d'action à mettre en oeuvre au plan local
P0682;Literature;Études littéraires;Étude du devenir-écrivaine en régime naturaliste : le cas de Georges de Peyrebrune (1841-1917)
P0683;Cardiovascular System – Heart and Circulation;Système cardiovasculaire - Cœur et circulation;Neutrophil extracellular traps (NETs) are major actors in heart failure with preserved ejection fraction
P0684;Psychology, linguistics and translation;Psychologie, linguistique et traduction;Harnessing Twitter for morphophonological variation
P0685;;;Multicarrier energy systems for resilient decarbonized communities
P0686;Literature;Études littéraires;Digital Leigh Hunt
P0687;Civil, Industrial and Systems Engineering;Génie civil, industriel et des systèmes;New disposal techniques for reactive mine wastes to improve stability and facilitate site reclamation upon closure
P0688;Mechanical Engineering;Génie mécanique;Design and operation of Borehole Thermal Energy Storage systems
P0689;Pharmacology & Toxicology;Pharmacologie et toxicologie;Mechanisms and consequences of spatially controlled G protein-coupled receptor signaling
P0690;;;L'humain au coeur de la transformation du travail
P0691;Law and criminology;Droit et criminologie;Vers une nouvelle constitution du travail? Les libertés et droits fondamentaux des salarié.es comme assise des rapports de travail/Towards a New Constitution of Labour? Workers' Fundamental Rights and Freedoms as the Basis of Labour Relations
P0692;;;Monitoring and Debugging of High Performance Distributed Heterogeneous Cloud Applications
P0693;Cell Biology – Physiology;Biologie cellulaire – Physiologie;The role of Parkinson's disease-related proteins in innate and adaptive immunity
P0694;;;Étude partenariale sur la médiation de la musique: institutionnalisation, professionnalisation, intervention
P0695;;;Planification en temps réel dans les mines souterraines
P0696;Civil, Industrial and Systems Engineering;Génie civil, industriel et des systèmes;Applications of operations research to transportation, logistics, fairness issues, and other topics
P0697;;;Multiplexed and quantitative immunolabelling for cancer diagnostics using gold-silver alloy nanoprobes
P0698;;;Plasma processing for environment and cell-biology
P0699;Civil, Industrial and Systems Engineering;Génie civil, industriel et des systèmes;Dynamic Games in Management
P0700;Civil, Industrial and Systems Engineering;Génie civil, industriel et des systèmes;Improved design and operations of building water systems to reduce health risks caused by water & energy conservation and extended shutdowns
P0701;Mechanical Engineering;Génie mécanique;Shoulder musculoskeletal modeling: from data-tracking to predictive simulations
P0702;Chemistry;Chimie;Sustainable aqueous Sodium-ion batteries
P0703;Mathematics and Statistics;Mathématiques et statistique;Eigenvectors of Random Matrices
P0704;Genes, Cells and Molecules;Gènes, cellules et molécules;Cellular Reprogramming in Retinal Vascular Development
P0705;Computer Science;Sciences informatiques;Creating Virtual Shapes via Intuitive Input
P0706;Mathematics and Statistics;Mathématiques et statistique;Data-adaptive causal inference methods for effect modification
P0707;Linguistics and translation;Linguistique et traduction;40 ans de changement linguistique à Montréal et à Welland: le rôle de l'individu et de la communauté
P0708;Biological Systems and Functions;Systèmes et fonctions biologiques;Using digital and immersive technologies to understand the contribution of sensory, perceptual, affective, cognitive and physiological factors to Social Information Processing
P0709;;;Climate Change and Human Rights: Responsibility and Reparation
P0710;Communications, media studies, gender studies, library and information science, related fields;Communications, études médiatiques, études de genre, bibliothéconomie et sciences de l'information, domaines connexes;Can journalism's `real utopias' address the crisis of the news media? Exploring journalism cooperatives from an international and comparative perspective
P0711;Multidisciplinary or interdisciplinary humanities;Sciences humaines multi- ou interdisciplinaires;Improving the integration of novice designers into interdisciplinary collaborative design teams
P0712;Multidisciplinary or interdisciplinary social sciences;Sciences sociales multi- ou interdisciplinaires;Quel futur professionnel pour les jeunes adultes récemment immigré(e)s à Montréal? Identité, projets professionnels et expériences d'accès aux services
P0713;Cell Biology – Physiology;Biologie cellulaire – Physiologie;Unravelling regulatory networks of stem cell states using single cell analysis
P0714;Mutidisciplinary or interdisciplinary social sciences;Sciences sociales multi- ou interdisciplinaires;Comprendre et soutenir l'entourage des femmes victimes de violence entre partenaires intimes : tissu social, besoins et actions
P0715;;;Development of novel RvD1 analogues for osteoporosis therapy: mechanism of action and structure-activity relationships
P0716;;;Improving plant biostimulants based on natural products and beneficial microorganisms
P0717;Biological Systems and Functions;Systèmes et fonctions biologiques;Characterization of the antibacterial activity of some antimicrobial-derived metabolites and their involvement in the development of antimicrobial resistance in bacteria of animal origin
P0718;Civil, Industrial and Systems Engineering;Génie civil, industriel et des systèmes;Développement de méthodes rationnelles de maintenance proactive de systèmes industriels
P0719;;;Intention Driven Development: Towards a new generation of development platforms
P0720;Materials and Chemical Engineering;Génie chimique et des matériaux;Decision support systems based on heterogeneous data driven models for a safe and optimal operation of industrial process systems
P0721;;;Untangling heterogeneity in cytomegalovirus infection kinetics and evolution using mathematical modelling
P0722;;;Getting on track for the audit of tomorrow: Auditors' expertise amidst digitalization
P0723;Cancer Biology & Therapeutics;Biologie du cancer et thérapeutique;Immunoproteasome-expressing mesenchymal stromal cells: a new tool for cancer vaccination
P0724;;;Invisibility of disability in Global South and North: Equitable access to health services in the context of climate change
P0725;Civil, Industrial and Systems Engineering;Génie civil, industriel et des systèmes;A shock-fitting approach for predicting the two-phase transient flows in stormwater systems (SWS) with best management practices (BMP)
P0726;;;Optimiser la transition des soins entre les différents milieux avec l'apport de la technologie pour favoriser la santé et l'autonomie des personnes âgées fragilisées vivant ou non en régions éloignées
P0727;;;XIe Conférence du Forum Mondial de Médiation:L´humanité face aux conflits actuels: nouveaux défis pour la médiation
P0728;Materials and Chemical Engineering;Génie chimique et des matériaux;Optimization of mechanically induced phase transformation at crack tip in metal for improved crack growth resistance
P0729;Biological Systems and Functions;Systèmes et fonctions biologiques;Investigating important but overlooked streptococcal agents of disease in production animals
P0730;Health Services Evaluation & Interventions Research;Recherche en interventions et en évaluation dans les services de santé;Adverse Drug Events and Medication Errors in adult Intensive Care Units
P0731;Sociology, demography and related fields;Sociologie, démographie et domaines connexes;Entre responsabilité professionnelle et devoir de prendre soin de soi - Mieux comprendre la multiplicité des expériences entourant le processus d'arrêt de travail et de retour à l'emploi chez les travailleuses de la santé et des services sociaux
P0732;;;Brain alterations and cognitive decline in obstructive sleep apnea
P0733;Civil, Industrial and Systems Engineering;Génie civil, industriel et des systèmes;Methods and analytical tools to optimize patient flow
P0734;Health Services Evaluation & Interventions Research;Recherche en interventions et en évaluation dans les services de santé;Heterogeneity of interprofessional primary care teams and its effect on quality of care and health service use in older adults
P0735;Sociology, demography and related fields;Sociologie, démographie et domaines connexes;Recul des gains d'espérance de vie au Canada depuis 2010 : la contribution de la mortalité par drogues, par maladies cardiovasculaires et le rôle catalyseur de la pandémie de COVID-19
P0736;Hepatitis C Research;Recherche sur l’hépatite C;Canadian Network on Hepatitis C (CanHepC): From Discovery to Implementation
P0737;;;Novel numerical simulation tools for the vulnerability assessment and rehabilitation of critical structures against the effects of floods and climate change
P0738;;;QUEST: Co-développer avec et pour les jeunes des connaissances sur la QUalité de leur Environnement psychoSocial de Travail
P0739;;;The effects of COVID-19 pandemics in sustainability controversies: new shades of green in the battery metals industry in Quebec
P0740;Psychosocial, Sociocultural & Behavioural Determinants of Health;Déterminants psychosociaux, socioculturels et comportementaux de la santé;From birth to adulthood: The role of age of cannabis use onset in the individual and environmental developmental pathways leading to substance use problems
P0741;;;Creative Pedagogies for Ecological Transitions on the Shoreline
P0742;Molecular & Cellular Neurosciences;Neuroscience cellulaire et moléculaire;Contribution of the NKG2D pathway to multiple sclerosis
P0743;Public, Community & Population Health;Santé publique, santé communautaire et santé des populations;Pregnancy and COVID-19 hospitalization in Quebec
P0744;Fine Arts, Research-Creation;Beaux-arts, recherche-création;La musique est-elle une prière?
P0745;Psychology;Psychologie;A multi-site, prospective study of the role of emotional competence in (mal)adaptive functioning among university students exposed to sexual violence
P0746;;;Effets d'une intervention musicale personnalisée sur les répercussions de la COVID-19 en santé mentale des personnes âgées
P0747;Virology & Viral Pathogenesis;Virologie et pathogenèse virale;Redox regulation of the antiviral response : role of oxidative post-translational modifications of MAVS
P0748;Genes, Cells and Molecules;Gènes, cellules et molécules;The role of UCH family deubiquitinases in T cell biology
P0749;Materials and Chemical Engineering;Génie chimique et des matériaux;A high temperature upgrade for the twin-screw extruder to process high-performance hybrid PEEK-based formulations and other engineering polymer-based (PEI, PPSU, etc.) systems
P0750;Virology & Viral Pathogenesis;Virologie et pathogenèse virale;Single-cell approaches to characterize and target the cellular reservoirs of HIV infection
P0751;Clinical Investigation – Reproduction, Maternal, Child and Youth Health;Études cliniques - Reproduction, santé des jeunes, de la mère et de l'enfant;Impact of transient neonatal hyperoxia on skeletal muscle development: Relevance for impaired exercise capacity after preterm birth
P0752;Education and social work;Éducation et travail social;Le développement de la compétence de collaboration interprofessionnelle : perception des membres d'une équipe de professionnels en exercice de la dynamique de coaction
P0753;Economics;Sciences économiques;Agreeing to Disagree: Incentives and Innovation in Dynamic Settings
P0754;Sociology, demography and related fields;Sociologie, démographie et domaines connexes;"L'enfance du ""mauvais genre"". Une sociologie de la non-conformité de genre durant l'enfance en France et au Québec"
P0755;;;Engineering Sustainable and Inclusive Streets for the 30-Min City
P0756;Law and criminology;Droit et criminologie;Les incidences de l'architecture logicielle des tribunaux en ligne sur l'accès à la justice
P0757;;;Incorporating rich micro-level distributions and dynamics in models with heterogenous firms: method, lessons and applications
P0758;Mutidisciplinary or interdisciplinary social sciences;Sciences sociales multi- ou interdisciplinaires;Inhabiting altered worlds: sensory experiences following traumatic brain injuries
P0759;;;Microtubule alterations in progressive supranuclear palsy
P0760;;;Improving reproducibility in MRI with vendor-neutral acquisitions and transparent workflows
P0761;Chemistry;Chimie;Investigation of Metal Organic Frameworks for Renewable Energy Electrocatalysis
P0762;Mechanical Engineering;Génie mécanique;FLUIDELELASTIC INSTABILITY, VORTEX-INDUCED VIBRATION AND SYMMETRY BREAKING IN HELICAL ARRAYS OF CYLINDERS SUBJECTED TO CROSS-FLOW
P0763;Cancer Biology & Therapeutics;Biologie du cancer et thérapeutique;4D spheroids identify type I protein arginine methyltransferases as a target in NSCLC
P0764;;;New perspectives on job search and labour markets
P0765;Physics;Physique;Long time evolution of complex materials : algorithmic developments and applications to metals, semiconductors and proteins
P0766;;;L'héritage de Pierre Elliott Trudeau
P0767;Biological Systems and Functions;Systèmes et fonctions biologiques;A new adaptive-neuroprosthetic treatment to shape post-stroke plasticity and facilitate motor recovery
P0768;;;Une scène élargie, délocalisée et asynchrone : les reconfigurations technologiques de la salle de spectacle au temps du confinement
P0769;;;Centre de recherches mathématiques (CRM)
P0770;Health Services Evaluation & Interventions Research;Recherche en interventions et en évaluation dans les services de santé;Application of a brief digital screening tool to address parental and adolescent tobacco and electronic cigarette use in pediatric medical care
P0771;;;Hybrid Manufacturing: Digital Machining of Flexible Parts Manufactured with Directed Energy Deposition (DED) Method
P0772;;;Design and management of smart last-mile delivery systems
P0773;Literature;Études littéraires;Food Delocalization in Literary Studies: A Saccharine Aesthetic From the Ruins of Empire
P0774;;;Optimal Climate Policy Mix for Canada: Insights from a Multi-Model Approach
P0775;Education and social work;Éducation et travail social;La production de recherche au Canada: facteurs individuels, institutionnels et systémiques
P0776;;;Soutenir la Professionnalisation dans les ORganismes sporTifs (SPORT)
P0777;Health Impacts of Gambling and Gaming;Impacts du jeu sur la santé;Identifying innovative responses to problematic gambling among LGBTQ2S+ communities in Canada - A mixed-methods study
P0778;Materials and Chemical Engineering;Génie chimique et des matériaux;Intensification and control of cell culture processes
P0779;Political science and public administration;Science politique et administration publique;Les priorités des citoyens quant aux politiques de santé et à l'État-providence
P0780;;;Cyberrange pour soutenir les tests de cybersécurité et de cyberrésilience pour les infrastructures critiques
P0781;Materials and Chemical Engineering;Génie chimique et des matériaux;New electrochemical materials breakthrough for energy applications
P0782;;;Nonequilibrium Group IV Semiconductor Heterostructures
P0783;;;Developmental Trajectories in ARID1B-Related Disorders - a Multi-Method Multi-Site Prospective Natural History Study
P0784;Genes, Cells and Molecules;Gènes, cellules et molécules;Mechanisms regulating mRNA localization and localized translation
P0785;;;Dévoiler les tactiques stratégiques de communication pour le changement social : Une exploration approfondie de l'agentivité des responsables des communications et des publics dans la lutte contre les inégalités raciales
P0786;Political science and public administration;Science politique et administration publique;Que font les luttes écologistes à la protestation sociale ? Analyse comparée multi-échelles au Canada, en France et aux Pays-Bas
P0787;Molecular & Cellular Neurosciences;Neuroscience cellulaire et moléculaire;Maturation of microRNAs targeting alpha-synuclein
P0788;;;Privatization, innovation and idiosyncratic volatility: The role of ownership structure and information content
P0789;;;Thermodynamic and physical property models for the production of greener aluminum alloys
P0790;;;Contextual factors predicting feasibility and impact of preventive mental health interventions across Canada
P0791;Geography, urban planning and related fields;Géographie, urbanisme et domaines connexes;Between precarity and hospitality: The contentious spaces of migration in North America's borderlands
P0792;Biological Systems and Functions;Systèmes et fonctions biologiques;Ecological change and the dynamics of zoonotic disease
P0793;Anthropology, archaeology, linguistics and translation;Anthropologie, archéologie, linguistique et traduction;NÉONUM : infrastructure de veille pour la néologie en français québécois
P0794;Physics;Physique;Detailed bulk composition analysis of extrasolar objects accreted at the surface of white dwarf stars
P0795;Chemistry;Chimie;Atmospheric measurements and modeling studies to improve understanding of organic and mineral dust aerosols in northern Canada
P0796;Psychology, linguistics and translation;Psychologie, linguistique et traduction;Réfléchir et agir dans l'urgence : l'influence des éléments contextuels sur le processus de jugement et de décision d'infirmier(ère)s
P0797;Biological Systems and Functions;Systèmes et fonctions biologiques;Interdisciplinary studies of decision-making and motor planning
P0798;;;Data-driven theory : adversarial immunodynamics, modelling and machine learning for engineered lymphocytes in the context of cancer immunotherapy
P0799;Materials and Chemical Engineering;Génie chimique et des matériaux;Program for the Development of a Novel Methodology for the Design of Energy Efficient Biorefineries and Industrial Systems
P0800;Biological Systems and Functions;Systèmes et fonctions biologiques;Underlying neurophysiological mechanisms of non-arthritic chronic painful conditions in cats
P0801;;;Influence of folded foliations on the mechanical behavior of rock masses and rock engineering structures
P0802;Virology & Viral Pathogenesis;Virologie et pathogenèse virale;The Th17 Master Regulator RORC2 as a New Target for HIV Immune Therapy and Cure Strategy
P0803;Linguistics and translation;Linguistique et traduction;Language Acquisition and Processing in Teen and Adult L1 and L2
P0804;;;COVID-19 Étude des capacités offertes par les nouvelles formes de regroupements et d'associations d'artistes dans la sortie de crise et le redéploiement des arts à Montréal
P0805;Nutrition, Food & Health;Nutrition, aliments et santé;A 15 months, double-Blind, randomized controlled trial comparing 18 weeks of two doses of Omalizumab to placebo to accelerate a symptom-driven Oral immunotherapy schedule in subjects aged 6 to 25 years with Multiple food allergies (BOOM)
P0806;Electrical and Computer Engineering;Génie électrique et de l'informatique;Spatial complexity of cardiac cell culture and spatial-temporal bioelectric activity: granularity and mechanical-electrical feedback
P0807;;;Peer Effects and Program Take-Up: Evidence from employer-employee linked administrative data
P0808;Biological Systems and Functions;Systèmes et fonctions biologiques;Evaluation of human gait biomechanics in real-world environments
P0809;Mathematics and Statistics;Mathématiques et statistique;Robust and efficient statistical learning algorithms with applications in actuarial science
P0810;;;HumanitéS-AnimalitéS : discours, pratiques et actions sur le monde animal, du Moyen Âge à l'antispécisme
P0811;;;Intelligence artificielle appliquée aux soins aigus de l'enfant
P0812;Computer Science;Sciences informatiques;BUMP: Better Understanding of Model's Performance for more efficient Natural Language Processing
P0813;Civil, Industrial and Systems Engineering;Génie civil, industriel et des systèmes;Application des réseaux de neurones artificiels et de l'inférence bayésienne à la simulation couplée et à la conception des puits à colonne permanente
P0814;Molecular & Cellular Biology of Cancer;Biologie cellulaire et moléculaire du cancer;Identification of MYC-dependent vulnerabilities in breast cancer
P0815;Physics;Physique;Topological quantum optics
P0816;Civil, Industrial and Systems Engineering;Génie civil, industriel et des systèmes;Demand Driven - MRP : mode éphèmère ou lien sérieux entres les méthodes flux poussé et flux tiré ?
P0817;Physics;Physique;Model atmosphere analysis of white dwarfs in the Sloan Digital Sky Survey footprint of Gaia: the definitive work
P0818;Education and social work;Éducation et travail social;Les politiques de différenciation et diversification des parcours vers et dans l'enseignement supérieur au Québec : quels effets sur la justice scolaire et sociale?
P0819;Materials and Chemical Engineering;Génie chimique et des matériaux;Development of high performance PLA based nanocomposites
P0820;Chemistry;Chimie;Introducing specificity and sensitivity in imaging mass spectrometry
P0821;;;Is cannabis a useful adjunct in the treatment of symptoms of persons with multiple sclerosis? A formal trial of CBD and THC for the control of spasticity and other symptoms: assessing the clinical effects and the basic mechanisms
P0822;Cancer Biology & Therapeutics;Biologie du cancer et thérapeutique;Investigation of the antineoplastic effect of miRNA-181a and development a novel pharmaceutical approaches for treating advanced retinoblastoma
P0823;Evolution and Ecology;Évolution et écologie;From spatial community ecology to landscape genetics and genomics
P0824;Civil, Industrial and Systems Engineering;Génie civil, industriel et des systèmes;Structural Safety Assessment and Strengthening of Concrete Dams and Gated Spillways Subjected to Severe Loading Conditions
P0825;Literature;Études littéraires;Voix empruntées. Pratiques de la citation littéraire dans la Première Modernité (1595-1692)
P0826;Behavioural Sciences – Clinical Behavioural Sciences;Sciences comportementales - Aspect clinique;Brain connectivity-based optimization of non-invasive brain stimulation to improve cognitive symptoms in schizophrenia
P0827;Computer Science;Sciences informatiques;Procedural Creation and Real-time Display of Realistic Complex Scenes
P0828;;;Social hierarchies and the non-verbal communication of pain
P0829;Chemistry;Chimie;Next generation immunopeptidomics
P0830;;;Income security in retirement: perceptions, incentives and behaviours
P0831;;;Decision awareness in learning for control
P0832;Civil, Industrial and Systems Engineering;Génie civil, industriel et des systèmes;Multimethod UX triangulated approach for multiuser interface evaluation
P0833;Mutidisciplinary or interdisciplinary social sciences;Sciences sociales multi- ou interdisciplinaires;Understanding Drug Exceptional Access Programs (DEAPs) Across Canada: A Question of Equity
P0834;;;Geroscience: A novel interdisciplinary approach for research on aging
P0835;;;Advanced computational platform for permafrost geomechanical modeling and climate impact assessment of northern infrastructure
P0836;;;Hybrid artificial intelligence methods for combinatorial optimization
P0837;;;Leveraging high-volume data to characterize age and individual-specific vital signs and to develop novel geriatric vital signs that optimally predict clinical outcomes in older adults
P0838;Behavioural Sciences – Behavioural Studies, Neuroscience and Cognition;Sciences comportementales - Études du comportement, des neurosciences et de la cognition;Interactions between cortical stimulation and prefrontal population dynamics
P0839;Evolution and Ecology;Évolution et écologie;Coupled Aquatic Biogeochemical Cycles in the Anthropocene
P0840;Chemistry;Chimie;Electrically and Optically Active Nanostructures and Interfaces
P0841;;;Performance mécanique à long terme des assemblages collés et boulonnés
P0842;Civil, Industrial and Systems Engineering;Génie civil, industriel et des systèmes;Optimization models and algorithms for complex production planning problems
P0843;Genes, Cells and Molecules;Gènes, cellules et molécules;Development of an accessible integrated computational protein design software suite
P0844;;;Social economy embedding circular economy: theory, practice and potential
P0845;Clinical Investigation – Cardiovascular Systems;Études cliniques - Systèmes cardiovasculaires;Complex genetics of hypertrophic cardiomyopathy: Towards an integration of polygenic risk in clinical care
P0846;;;MERMAIDS: Multichannel ERbium-yeterbiuM AmplIfied high power combiner Devices for Space communications
P0847;Biological Systems and Functions;Systèmes et fonctions biologiques;Medium Chain Triglycerides and Ketogenesis
P0848;;;Impact of Vitamin C on the Reduction of Opioid Consumption After an Emergency Department Visit for Acute Musculoskeletal Pain: A Double-Blind Randomized Control Trial
P0849;;;Towards organs-on-paper: building smart paper chips for modern biomedical research
P0850;Genes, Cells and Molecules;Gènes, cellules et molécules;Ultrafast Functional Ultrasound Imaging of the Brain
P0851;Law and criminology;Droit et criminologie;Les trajectoires professionnelles des policiers du Québec : phase 2
P0852;Clinical Investigation – Cardiovascular Systems;Études cliniques - Systèmes cardiovasculaires;Redefining blood pressure: How novel views of the arterial tree can lead to better cardiovascular risk stratification
P0853;;;Reducing the burden of hypoglycemia for persons living with type 1 diabetes
P0854;Biological Systems and Functions;Systèmes et fonctions biologiques;The energy-based and feature tracking motion systems and their interactions
P0855;Cancer Progression & Therapeutics;Progression du cancer et thérapeutique;Adoptive transfers of in vitro differentiated plasmacytoid dendritic cells to prevent acute lymphoblastic leukemia relapse: mechanisms and biomarkers of sensitivity
P0856;Physics;Physique;Replacement and upgrade of the Optical and Infrared Cameras for Observatoire du Mont-Mégantic
P0857;Economics;Sciences économiques;Stochastic Discount Factors, Risk Factors and Performance Evaluation
P0858;;;Precision digital twin of production machines for sustained high accuracy and traceable part conformity
P0859;;;Non-line-of-sight Imaging for Advanced Automotive Sensing
P0860;Political science and public administration;Science politique et administration publique;Le nouvel électeur économique
P0861;Systems & Circuits Neurosciences;Systèmes et circuits en neurosciences;CB1 receptors regulate NMJ denervation and repair
P0862;Chemistry;Chimie;Influence of Lipid Matrix on Ion Channel Oligomerization and Function
P0863;Fine Arts, Research-Creation;Beaux-arts, recherche-création;Composition musicale immersive et développement de trajectoires 3D, basées sur l'analyse perceptive
P0864;Civil, Industrial and Systems Engineering;Génie civil, industriel et des systèmes;Valorisation des données d'exécution de projets
P0865;Civil, Industrial and Systems Engineering;Génie civil, industriel et des systèmes;Innovative Steel Braced Frame Systems for Tall Buildings in Seismic Active Regions
P0866;;;Multiscale modelling of aircraft and rocket emissions using high-fidelity numerical simulations and machine learning
P0867;Gender, Sex & Health;Genre, sexe et santé;Coronavirus Crisis Competence Among Sexual and Gender Minorities
P0868;Multidisciplinary or interdisciplinary humanities;Sciences humaines multi- ou interdisciplinaires;From Alterlife to Alterfutures: Contemporary Asian Women's Environmental Moving-Image Arts
P0869;;;A FOCUS on youth mental health and substance use-related outcomes, inequities and trajectories during COVID-19 and beyond: A mixed-methods study in Canada and France
P0870;Biological Systems and Functions;Systèmes et fonctions biologiques;Sleep, performance and development
P0871;Genes, Cells and Molecules;Gènes, cellules et molécules;Molecular insights into the targeting of proteins to the inner nuclear membrane
P0872;Education and social work;Éducation et travail social;Les pratiques pédagogiques qui favorisent l'inclusion socioculturelle et scolaire d'élèves immigrants nouvellement arrivés au Québec : regards croisés d'enseignants et d'élèves
P0873;;;Control of collective dynamics via mean field and and inverse mean field game theory
P0874;;;#WeFeedYou, and yet...: How are temporary migrant workers' food security, nutrition and health shaped in Quebec's agri-food system - A participatory action research multiple-case study
P0875;Education and social work;Éducation et travail social;Delinquent or victim? Teenage girls' experiences of child protection intervention due to concerns for sexual exploitation
P0876;;;Femmes, genre, (im)mobilités et vies précaires : projet de développement partenarial dans une perspective féministe transnationale et décoloniale
P0877;Canadian 2019 Novel Coronavirus (2019-nCoV) Rapid Research;Intervention de recherche rapide contre le nouveau coronavirus de 2019 (COVID-19);La cohésion sociale est-elle possible en situation de crises multiples? L'influence des politiques publiques entourant le coronavirus (2019-nCoV) et les préjugés envers les citoyens et citoyennes d'origine chinoise
P0878;Cardiovascular System – Heart and Circulation;Système cardiovasculaire - Cœur et circulation;Coronary angiocrine control of heart regeneration
P0879;;;Management of public media organizations and society
P0880;Political science and public administration;Science politique et administration publique;Voters' Identities in their Own Words
P0881;Philosophy;Philosophie;Santé, justice et sécurité au 21e siècle
P0882;Respiratory System;Appareil respiratoire;Role of ATP-P2X7 axis in pathogenesis of ventilator induced lung injury
P0883;Genes, Cells and Molecules;Gènes, cellules et molécules;Mitochondrial epigenetics and ORFan genes: exploiting the mitochondrial genetic system to fuel phenotypic variation and functional novelties
P0884;Crisis/Suicide Line and App-based Support Models for post traum. stress in public safety personnel (PSP);Lignes d'écoutes et modèles applicatifs de support pour le stress post-traumatique chez les premiers répondants;PeerOnCall as a catalyst for a peer support program based on psychological first aid: a feasibility study among the Sûreté du Québec
P0885;Mechanical Engineering;Génie mécanique;Computational approaches for analysis and design of complex multiphase flow systems
P0886;Geography, urban planning and related fields;Géographie, urbanisme et domaines connexes;Understanding the limits of risk instruments in an era of climate change: An exploration of the institutional geographies of climate services in Europe
P0887;;;Randomized Double-Blind Placebo-Controlled Clinical Trial to Assess the Efficacy of Mycophenolate Mofetil in Subclinical Interstitial Lung Disease Associated with Systemic Sclerosis: a Feasibility Study
P0888;;;Novel transition support program for young people with disabilities and their families: Identifying most important outcomes for program key stakeholders
P0889;Biological Systems and Functions;Systèmes et fonctions biologiques;Advancing knowledge and developping mechanistic quantitative tools for in vitro-in vivo extrapolations in pharmacokinetics and toxicokinetics
P0890;Civil, Industrial and Systems Engineering;Génie civil, industriel et des systèmes;Modeling and optimization for advanced management of the complex products for the robust circular economy in Canada
P0891;Mechanical Engineering;Génie mécanique;Advanced Manufacturing of Intelligent Structures
P0892;Medical Physics & Imaging;Physique médicale et imagerie;Multimodal Sensing Guidewire with Random Optical Gratings by Ultraviolet laser Exposure for Peripheral Vascular Interventions
P0893;Computer Science;Sciences informatiques;Intelligent mobility management in emerging vehicular networks
P0894;Chemistry;Chimie;Chemical biology strategies for discovery and profiling of glycan-protein interactions
P0895;Medical Physics & Imaging;Physique médicale et imagerie;Local and global biomechanical properties of the eye as new glaucoma risk factors
P0896;;;L'accessibilité des médias: éduquer pour ouvrir le dialogue
P0897;Geography, urban planning and related fields;Géographie, urbanisme et domaines connexes;Free prior and informed consent, social equity and the forest sector: A comparison of the Forest Stewardship Council certification regime in Canada, Sweden and Russia
P0898;Civil, Industrial and Systems Engineering;Génie civil, industriel et des systèmes;Water reuse: innovative monitoring technologies for risk reduction
P0899;Education and social work;Éducation et travail social;Difficultés psychosociales, scolaires et milieux de vie différentiels d'enfants issus de la diversité ethnoculturelle recevant, ou non, des services de protection de la jeunesse
P0900;Education and social work;Éducation et travail social;Participation jeunesse Autochtone dans la prise de décision en milieu scolaire
P0901;;;Bioinformatics-powered genetic characterization of the impact of biological systems on Alzheimer's disease and neurodegeneration
P0902;;;Identification of functional epigenomic regions in sperm that are environmentally responsive and associate with fertility and embryo development
P0903;Education and social work;Éducation et travail social;Le jeu symbolique en classe d'éducation préscolaire 4 ans: Relations entre la pensée sociale, la maturité du jeu et l'acceptation sociale
P0904;Evaluation of Harm Reduction Approaches to Address the Opioid Crisis;Évaluation d'approches de réduction des risques face à la crise des opioides;Evaluation of supervised consumption services in Montreal in the context of COVID-19
P0905;Biological Systems and Functions;Systèmes et fonctions biologiques;Pacing Brain Rhythms
P0906;Computer Science;Sciences informatiques;Representation Learning for Lifelong Learning
P0907;;;Inverse Design by Duality
P0908;Genes, Cells and Molecules;Gènes, cellules et molécules;How is cell morphogenesis regulated during mitosis?
P0909;Physics;Physique;Superconducting single photon detectors for quantum optics and spectroscopy up to 2.5 microns
P0910;Behavioural Sciences;Sciences comportementales;The effects of neuropsychiatric CNVs on the integrity of brain structure and connectivity
P0911;;;De villes adaptées à la vieillesse aux territoires inclusifs et exempts d'âgisme : vers un changement de perspective sur l'aménagement urbain des municipalités favorisant le vieillissement ?
P0912;Geosciences;Géosciences;Environmental fate of emerging contaminants
P0913;;;Du disque à l'oeuvre. Musique, arts visuels, cinéma
P0914;Genes, Cells and Molecules;Gènes, cellules et molécules;Decoding the role of DNMT1 in the Inherited Dysregulation of Epigenetic Marks using Embryonic Cells
P0915;Mechanical Engineering;Génie mécanique;Computational Methods for Verification and Validation with Applications in Mechanics
P0916;;;Inter-cellular causality in the formation and degradation of the vascular glycocalyx
P0917;Geography, urban planning and related fields;Géographie, urbanisme et domaines connexes;L'écologie et des paysages combinatoires : vers une collaboration permanente avec la nature
P0918;Biological Systems and Functions;Systèmes et fonctions biologiques;An optimization framework for comparative, multi-species studies of visual systems
P0919;Health Services Evaluation & Interventions Research;Recherche en interventions et en évaluation dans les services de santé;A novel web-based mental health intervention integrating peer support and clinical moderation to enhance recovery and prevent relapse in adults diagnosed with psychotic disorders: A pragmatic feasibility study of Horyzons-Canada
P0920;Clinical Investigation – Reproduction, Maternal, Child and Youth Health;Études cliniques - Reproduction, santé des jeunes, de la mère et de l'enfant;Maternal Diabetes Induces Perinatal Programming of Chronic Kidney Disease: The Role of Hedgehog Interacting Protein (Hhip)
P0921;Chemistry;Chimie;Urgent Replacement of a Platform for Gaseous Chemistry and Catalysis
P0922;Genes, Cells and Molecules;Gènes, cellules et molécules;CAN OSTEOCLAST BIOMARKERS DETECT EXCESSIVE SUBCHONDRAL BONE RESORPTION IN RACEHORSES?
P0923;;;Agrégateur numérique de paysages urbains
P0924;Gender, Sex & Health;Genre, sexe et santé;Study of the effect of sex on drugs dosing, concentrations and pharmacogenomics
P0925;Biological Systems and Functions;Systèmes et fonctions biologiques;Biosecurity 2.0 for the modern Canadian dairy farm
P0926;Psychology, linguistics and translation;Psychologie, linguistique et traduction;Et si on revenait à l'étude des comportements de leadership : le rôle du style parental et de la motivation comme prédicteurs des comportements de partage de ressources d'élèves officiers
P0927;Literature;Études littéraires;Penser le temps de la maladie chronique : l'expertise littéraire à l'appui des pratiques de soin
P0928;Materials and Chemical Engineering;Génie chimique et des matériaux;Non-releasing alginate hydrogels for analyte sensing and detoxification
P0929;Sociology, demography and related fields;Sociologie, démographie et domaines connexes;Quantifying Indigenous family disruption and resilience at the beginning of the 20th century through historical census data
P0930;Biological Systems and Functions;Systèmes et fonctions biologiques;The impact of biological sex on the brain language network
P0931;Biological Systems and Functions;Systèmes et fonctions biologiques;Tracking the beat of music: Mechanisms underpinning inter-individual differences and effects on rhythm learning
P0932;Biological Systems and Functions;Systèmes et fonctions biologiques;The role of rhythm in the development of speech perception and production
P0933;Mechanical Engineering;Génie mécanique;Development of an Intelligent Design Support Tool for Integrated Design of Multidomain Systems
P0934;Multidisciplinary or interdisciplinary social sciences;Sciences sociales multi- ou interdisciplinaires;Dynamiques socioreligieuses, laïcité et espaces municipaux québécois
P0935;;;Optimization and Planning Models for more Sustainable Agrifood Logistics
P0936;Sociology, demography and related fields;Sociologie, démographie et domaines connexes;Men's migration, social support, and women's health and well-being in three diverse contexts
P0937;Psychology;Psychologie;Child maltreatment, emotion regulation and sexual wellbeing over time in women with low sexual desire and their partners
P0938;Education and social work;Éducation et travail social;Détresse, formes d'exclusion et héritage migratoire : trajectoire sociale et subjectivité des personnes descendantes de migrants asiatiques
P0939;Endocrinology;Endocrinologie;Elucidating the roles of miRNAs and Hippo signaling on lineage specification in the human and mouse embryo
P0940;;;Enabling Collaborative and Intelligent Service Provisioning in Mobile Edge Networks
P0941;;;Intelligent Predictive Maintenance 4.0 for Heavy-duty Electrical Bus
P0942;;;Investigating mitochondrial biogenesis rheostat functions in skin aging: stress sensing and control of immunometabolic landscapes
P0943;;;Role of the Calcitonin Receptor System in Cardiac Physiology and Remodeling
P0944;Biomedical Engineering;Génie biomédical;Predicting the Progression and Brace Treatment Response in Spinal Deformities with Temporal-based Machine Learning Approaches
P0945;;;Boosting the Productivity of a Graying Workforce
P0946;Physics;Physique;The Biophysics of Cold Plasmas in Cancer Therapy
P0947;Physics;Physique;Virage numérique dans le développement de techniques avancées en soins personnalisés
P0948;;;Rencontres « droits et résistances numériques en contexte francophone »
P0949;Mechanical Engineering;Génie mécanique;Caméra rapide haute résolution pour la mesure de nuages de bulles en écoulement à haute vitesse
P0950;;;Predicting duration and rehospitalization of psychiatric emergency patients: The Signature BioBank
P0951;Sociology, demography and related fields;Sociologie, démographie et domaines connexes;Perceptions de justice dans les services : les cas des travailleurs de la restauration et des enseignants universitaires au Québec et en France
P0952;Business, management and related fields;Affaires, gestion et domaines connexes;L'impact de la rémunération tangible et intangible sur le roulement volontaire dans le secteur des TIC au Canada : une approche multiniveaux et longitudinale
P0953;Genes, Cells and Molecules;Gènes, cellules et molécules;The Axolotl a model for vertebrate limb regeneration
P0954;Diabetes, Obesity, Lipid & Lipoprotein Disorders;Diabète, obésité, troubles lipidiques et lipoprotéiques;Microglial fatty acid signalling as a modulator of diet-induced neuroimmune responses in obesity
P0955;Evolution and Ecology;Évolution et écologie;Diversity and resilience of plant communities in isolated ecosystems
P0956;Genes, Cells and Molecules;Gènes, cellules et molécules;Dynamic protein interaction networks to map molecular origins of envronmental and genomic variations
P0957;Education and social work;Éducation et travail social;Greening Social Work in Quebec: Exploring the Intersections of Environmental-Ecological Notions in Social Work Theory, Education, and Practice
P0958;Fine arts, research-creation;Beaux-arts, recherche-création;L'oeuvre d'art comme «analyseur»: en quête d'une méthodologie
P0959;Microbiology & Infectious Diseases;Microbiologie et maladies infectieuses;Control of bacterial cell shape through cell-wall remodeling
P0960;Molecular & Cellular Biology of Cancer;Biologie cellulaire et moléculaire du cancer;Role and therapeutic potential of the atypical MAP kinase ERK3 in basal-like breast cancer progression
P0961;Civil, Industrial and Systems Engineering;Génie civil, industriel et des systèmes;Personnalisation en temps réel d'interface en fonction de la charge cognitive des utilisateurs
P0962;Psychology;Psychologie;The I-Care project : Assessing the impact of a multimodal childcare-based intervention to prevent disruptive behaviour problems in children
P0963;Biological Systems and Functions;Systèmes et fonctions biologiques;Inter-individual variability in cognitive aging: Neural mechanisms, reserve processes and malleability of neuroprotective processes
P0964;Clinical Investigation – Reproduction, Maternal, Child and Youth Health;Études cliniques - Reproduction, santé des jeunes, de la mère et de l'enfant;Maternal immune cells mediated endothelial activation in preeclampsia
P0965;;;Projet 'Parité sciences'
P0966;Clinical Investigation – Reproduction, Maternal, Child and Youth Health;Études cliniques - Reproduction, santé des jeunes, de la mère et de l'enfant;A Pragmatic Randomized Clinical Trial on Immersive Virtual Reality Compared to Non-Immersive Distraction Using a Tablet for Pain and Anxiety Management of Children During Bone Pins and Sutures Removal in Orthopedic Clinics
P0967;Genes, Cells and Molecules;Gènes, cellules et molécules;IMAGE-GUIDED INJECTION WITH A HIGH-RESOLUTION ULTRASOUND SYSTEM ADAPTED FOR RODENT USE
P0968;Physics;Physique;Quantum theory and applications
P0969;Cardiovascular System – Heart and Circulation;Système cardiovasculaire - Cœur et circulation;Cardioprotective effect of a cyclic azapeptide ligand of CD36 against ischemia-reperfusion damage and dysfunction in mice
P0970;;;The Mobile health for Kids with Asthma (MoKA) study: predicting exacerbations through multimodal data and machine learning
P0971;Psychology, linguistics and translation;Psychologie, linguistique et traduction;Towards a multi-trajectory understanding of intimate partner homicide
P0972;Methamphetamine and related psychostimulant use;Consommation de méthamphétamine et d’autres psychostimulants;Predicting future primary psychotic disorders in youth with methamphetamine-psychosis disorder
P0973;;;The MYC/MIZ-1 complex in germinal center B cells and B cell lymphomagenesis
P0974;Civil, Industrial and Systems Engineering;Génie civil, industriel et des systèmes;Nouvelle méthodologie prenant en compte les hydrogrammes probabilistes de rupture de barrages par temps sec pour déterminer les vraies zones à risque tenant compte du recul des berges et de l'érosion fluviale
P0975;;;Interpretable Decision Processes in Data-Driven Supply Chains
P0976;Diabetes, Obesity, Lipid & Lipoprotein Disorders;Diabète, obésité, troubles lipidiques et lipoprotéiques;Central control of energy homeostasis by neuronal adipose triglyceride lipase
P0977;Fine Arts, Research-Creation;Beaux-arts, recherche-création;Les cybryontes et l'anthropocène: Des conditions de possibilité de nouvelles symbioses
P0978;;;L'Insécurité au Sahel et ses Effets sur l'Accès des Services de Santé (ISEASS)
P0979;Materials and Chemical Engineering;Génie chimique et des matériaux;Advanced reagent delivery systems for microfluidics
P0980;Computer Science;Sciences informatiques;Generative models for 3D textures
P0981;Evolution and Ecology;Évolution et écologie;The many paths to ecological network inference: reconciling machine learning, empirical data, and ecological knowledge
P0982;Social & Developmental Aspects of Children's & Youth's Health;Aspects sociaux et développementaux de la santé de l'enfant et de l'adolescent;Social environment and functioning of adolescents born pre-term
P0983;Education and social work;Éducation et travail social;Beyond socioeconomic disadvantages: Deepening our understanding of structural inequalities in disparate child protection involvement
P0984;;;Uncovering tumor specific antigens and vulnerabilities in ETP-acute lymphoblastic leukemia
P0985;;;Démystifier les mathématiques
P0986;Behavioural Sciences – Neurobiological Basis of Behavioural Processes;Sciences comportementales - Fondements neurologiques des processus comportementaux;Defining interrelationships between brain region-specific structural plasticity and sleep electrophysiology via the integration of sex and learning
P0987;Education and social work;Éducation et travail social;Becoming an adult in changing times: Struggles and resilience among youth who entered adulthood without a high school diploma
P0988;Business, management and related fields;Affaires, gestion et domaines connexes;The just organization
P0989;Mechanical Engineering;Génie mécanique;Exploring the use of temporal cues for the optimization of speech processing, perception, and comprehension
P0990;Subatomic Physics;Physique subatomique;PICO Search for Dark Matter with Bubble Chambers
P0991;Political science and public administration;Science politique et administration publique;Is quantitative research in political science credible?
P0992;;;The hardening of soft information in financial markets
P0993;Genes, Cells and Molecules;Gènes, cellules et molécules;From micro- to macro-reentries in discrete multiscale mathematical models of atrial tissue
P0994;;;Mapping scientific consensus in the age of misinformation
P0995;Biological Systems and Functions;Systèmes et fonctions biologiques;The role of RGS9 in pancreatic islet function
P0996;Psychology;Psychologie;La diversité dans les équipes de travail: le rôle des perceptions des membres
P0997;Biological Systems and Functions;Systèmes et fonctions biologiques;Real-time Control of Decoded Brain Activity Using Artificial Neural Networks
P0998;;;Conférence internationale et publication « Logement : crises partout, justice nulle part ! ». Coconstruire et mutualiser les savoirs
P0999;;;Verdir les chantiers de construction par l'adoption des comportements écoresponsables : une étude de cas du secteur non résidentiel
P1000;;;Highly Entangled Quantum Matter
P1001;;;Usinage intelligent des composants d'aéronefs de haute précision (UICAP)
P1002;;;Socialness in the Digital Economy: Supporting Meaningful Work through Enterprise Social Media
P1003;;;Proactive prescription-based fluid management vs usual care in critically ill patients on Kidney Replacement Therapy
P1004;Pharmaceutical Sciences;Sciences pharmaceutiques;Safe and selective anti-parasite therapy targeting ribosome and glycosome function
P1005;Materials and Chemical Engineering;Génie chimique et des matériaux;Rational Integration of Molecular and surface interactions for lubricating, adhesive and high penetration soft materials
P1006;;;Comprendre les antécédents et les conséquences d'une gestion algorithmique transparente, juste et habilitante
P1007;Public, Community & Population Health;Santé publique, santé communautaire et santé des populations;Sustainable Healthy Cities: The Interplay between Urban Interventions, Gentrification, and Population Health
P1008;Sociology, demography and related fields;Sociologie, démographie et domaines connexes;Regards croisés sur les conditions de travail, les politiques publiques et la résistance: récits de vie de travailleurs et travailleuses pauvres au Canada, en Inde et au Brésil
P1009;;;Examining the effectiveness of AI-powered health technology to improve self management of mental health and reduce inequities in mental health care
P1010;Physics;Physique;Probing the Particle Nature of Dark Matter with Strong Gravitational Lensing
P1011;;;Large reductions in arterial CARbon dioxide and development of acute Brain Injury in invasively mechanically ventilated patients with acute respiratory failure (CARBI)
P1012;Genes, Cells and Molecules;Gènes, cellules et molécules;Investigating Intercommunications of Glioblastoma with Brain Microenvironment using 3D Organoid
P1013;Computer Science;Sciences informatiques;Autonomous Deep Learning for AI
P1014;Civil, Industrial and Systems Engineering;Génie civil, industriel et des systèmes;Supply Chain Analytics under Disruptive Uncertainty
P1015;;;Concevoir et développer des outils d'appréciation et de réduction des risques physiques au travail liés aux équipements
P1016;Chemistry;Chimie;Reaction Mechanisms and Methodology for the Design and Synthesis of Bioactive Agents
P1017;Mathematics and Statistics;Mathématiques et statistique;Algebraic methods for lattice models of statistical physics
P1018;;;Optimisation et développement de technologies de déphosphatation des eaux usées
P1019;;;The Eastern Canada Preparedness Hub - ECaPH
P1020;Electrical and Computer Engineering;Génie électrique et de l'informatique;On chip optical microresonators for light emission, manipulation & sensing
P1021;;;Kushpitau ! (montons en territoire)
P1022;Electrical and Computer Engineering;Génie électrique et de l'informatique;"Hardware support for reliable networking; from protocols to accelerators"
P1023;Fine arts, research-creation;Beaux-arts, recherche-création;Documentary Activism by Migrant Filmmakers from Cuba and Venezuela (2013-2023)
P1024;;;Investigating the role of notochord defects in the etiopathogenesis of congenital scoliosis
